# Generated from the Unity FBX import by robot-human-interface
o elbow_lh.obj
v 0.0146999955 0.261609554 0.9256085
v 0.0146994265 0.25892964 0.928786159
v 0.0147047834 0.256158441 0.9213757
v 0.0146994265 0.25892964 0.928786159
v 0.0146999955 0.253634781 0.923579931
v 0.0147047834 0.256158441 0.9213757
v 0.0189 0.258415639 1.05012894
v 0.0147001939 0.2585939 1.05003333
v 0.0189 0.2564766 1.05220819
v 0.0147001939 0.2585939 1.05003333
v 0.0147046838 0.253995657 1.05542922
v 0.0189 0.2564766 1.05220819
v 0.02870003 0.2567336 1.04911172
v 0.0234500021 0.2566954 1.04916131
v 0.018900061 0.254748285 1.04837525
v 0.0234500021 0.2566954 1.04916131
v 0.0189 0.258415639 1.05012894
v 0.018900061 0.254748285 1.04837525
v 0.0234500021 0.2566954 1.04916131
v 0.0234502684 0.261421829 1.05282819
v 0.0189 0.258415639 1.05012894
v 0.0234502684 0.261421829 1.05282819
v 0.0147001939 0.2585939 1.05003333
v 0.0189 0.258415639 1.05012894
v 0.018900061 0.254748285 1.04837525
v 0.0287000556 0.2530513 1.04818082
v 0.02870003 0.2567336 1.04911172
v 0.0234502684 0.261421829 1.05282819
v 0.0234500021 0.263303369 1.05824721
v 0.0188989975 0.261850834 1.05340171
v 0.0234500021 0.263303369 1.05824721
v 0.0188250169 0.263516933 1.06944168
v 0.0188989975 0.261850834 1.05340171
v 0.0234500021 0.263303369 1.05824721
v 0.0286999661 0.2633325 1.05823827
v 0.0188250169 0.263516933 1.06944168
v 0.0234500021 0.258110672 1.048132
v 0.0234502684 0.261421829 1.05282819
v 0.0234500021 0.2566954 1.04916131
v 0.0234500021 0.272662371 1.03218722
v 0.0234500021 0.2541149 1.03256345
v 0.0234500021 0.2572135 1.016792
v 0.0234500021 0.276405632 1.02056885
v 0.0234500021 0.2668024 1.00389254
v 0.0234500021 0.277260631 1.04349446
v 0.0234502684 0.261421829 1.05282819
v 0.0234500021 0.264718622 1.05721784
v 0.0234500021 0.263303369 1.05824721
v 0.0234500021 0.269802 1.06154919
v 0.0234500021 0.276429981 1.06144691
v 0.0234500021 0.276429981 1.06509256
v 0.0234500021 0.288036734 1.04900336
v 0.0234500021 0.30456996 1.06144691
v 0.0234500021 0.292976 1.0490005
v 0.0234500021 0.303739369 1.04349446
v 0.0234500021 0.310499758 1.06201875
v 0.0234500021 0.30456996 1.06509256
v 0.0234500021 0.316281348 1.05721784
v 0.0234502684 0.319578171 1.05282819
v 0.0234500021 0.317696631 1.05824721
v 0.0234500021 0.3228893 1.048132
v 0.0234500021 0.324304581 1.04916131
v 0.0234500021 0.3083376 1.03218722
v 0.0234500021 0.326885074 1.03256345
v 0.0234500021 0.323786467 1.016792
v 0.0234500021 0.304594368 1.02056885
v 0.0234500021 0.3141976 1.00389254
v 0.0286999978 0.2705002 1.06201875
v 0.0286999978 0.276429981 1.06509256
v 0.0283850338 0.276429981 1.07058191
v 0.0286998414 0.32473883 1.04869628
v 0.0286999978 0.3228893 1.048132
v 0.0286999978 0.326885074 1.03256345
v 0.0283850338 0.304570019 1.07058191
v 0.0286999978 0.30456996 1.06509256
v 0.0286999978 0.311197966 1.06154931
v 0.0188250169 0.263516933 1.06944168
v 0.0286999661 0.2633325 1.05823827
v 0.028577514 0.2635325 1.07021451
v 0.017149996 0.264425 1.07089686
v 0.0188250169 0.263516933 1.06944168
v 0.028577514 0.2635325 1.07021451
v -0.07875 0.247625 1.07089686
v -0.05252896 0.2586832 1.07061017
v -0.0548428968 0.260030031 1.07067549
v -0.07875 0.247625 1.07089686
v -0.0498959534 0.25907442 1.07067549
v -0.05252896 0.2586832 1.07061017
v -0.0524204224 0.266335934 1.07061017
v -0.04975214 0.2658954 1.07076538
v -0.07105 0.289625 1.07089686
v -0.07105 0.289625 1.07089686
v -0.04945047 0.314658821 1.07088292
v -0.07105 0.291374981 1.07068682
v -0.04945047 0.314658821 1.07088292
v -0.05332769 0.314818054 1.070707
v -0.07105 0.291374981 1.07068682
v -0.05332769 0.314818054 1.070707
v -0.05509873 0.316429764 1.070613
v -0.07875 0.316575 1.07089686
v -0.0540599 0.321778536 1.07061732
v -0.0517942645 0.3224828 1.0707041
v -0.07875 0.333374977 1.07089686
v -0.0517942645 0.3224828 1.0707041
v 0.017149996 0.333374977 1.07089686
v -0.07875 0.333374977 1.07089686
v -0.0557534434 0.319166571 1.07064843
v -0.0540599 0.321778536 1.07061732
v -0.07875 0.316575 1.07089686
v -0.05509873 0.316429764 1.070613
v -0.05332769 0.314818054 1.070707
v -0.07105 0.291374981 1.07068682
v -0.0899850354 0.291374981 1.07058191
v -0.0517942645 0.3224828 1.0707041
v -0.0495578 0.321679652 1.07061088
v 0.017149996 0.333374977 1.07089686
v -0.0477820449 0.3192699 1.07073438
v -0.04945047 0.314658821 1.07088292
v 0.0160999987 0.30456996 1.07089686
v -0.0495578 0.321679652 1.07061088
v 0.017149996 0.333374977 1.07089686
v 0.017149996 0.316575 1.07089686
v 0.0160999987 0.30456996 1.07089686
v 0.017149996 0.316575 1.07089686
v 0.0283850338 0.304570019 1.07058191
v 0.028577514 0.3174675 1.07021451
v -0.04945047 0.314658821 1.07088292
v -0.04975214 0.2658954 1.07076538
v 0.0160999987 0.276429981 1.07089686
v -0.07105 0.289625 1.07089686
v -0.07875 0.264425 1.07089686
v -0.0547608472 0.265067756 1.07067549
v -0.07875 0.247625 1.07089686
v -0.0548428968 0.260030031 1.07067549
v -0.0498959534 0.25907442 1.07067549
v 0.017149996 0.247625 1.07089686
v -0.0547608472 0.265067756 1.07067549
v -0.0524204224 0.266335934 1.07061017
v -0.07875 0.264425 1.07089686
v -0.0556853972 0.262555122 1.07061017
v -0.07875 0.264425 1.07089686
v -0.0899850354 0.289625 1.07058191
v -0.09017752 0.2635325 1.07021451
v -0.0481394827 0.261099756 1.07067549
v 0.017149996 0.264425 1.07089686
v -0.0480958261 0.2637803 1.07067549
v 0.0283850338 0.276429981 1.07058191
v 0.017149996 0.264425 1.07089686
v 0.028577514 0.2635325 1.07021451
v -0.07875 0.316575 1.07089686
v -0.09017751 0.3174675 1.07021451
v -0.0899850354 0.291374981 1.07058191
v -0.04975214 0.2658954 1.07076538
v -0.0480958261 0.2637803 1.07067549
v 0.0160999987 0.276429981 1.07089686
v -0.0481394827 0.261099756 1.07067549
v -0.0498959534 0.25907442 1.07067549
v 0.017149996 0.247625 1.07089686
v -0.07875 0.264425 1.07089686
v -0.0548428968 0.260030031 1.07067549
v -0.0556853972 0.262555122 1.07061017
v -0.04847194 0.3166149 1.07018912
v -0.04945047 0.314658821 1.07088292
v -0.0477820449 0.3192699 1.07073438
v -0.04847194 0.3166149 1.07018912
v -0.05108304 0.31489563 1.070197
v -0.04945047 0.314658821 1.07088292
v -0.05108304 0.31489563 1.070197
v -0.05332769 0.314818054 1.070707
v -0.04945047 0.314658821 1.07088292
v -0.0540599 0.321778536 1.07061732
v -0.0504658036 0.3221449 1.056896
v -0.0517942645 0.3224828 1.0707041
v -0.0504658036 0.3221449 1.056896
v -0.0495578 0.321679652 1.07061088
v -0.0517942645 0.3224828 1.0707041
v -0.0504658036 0.3221449 1.056896
v -0.0477820449 0.3192699 1.07073438
v -0.0495578 0.321679652 1.07061088
v -0.0504658036 0.3221449 1.056896
v -0.0480211973 0.317816943 1.056896
v -0.0477820449 0.3192699 1.07073438
v -0.0480211973 0.317816943 1.056896
v -0.04847194 0.3166149 1.07018912
v -0.0477820449 0.3192699 1.07073438
v -0.0480211973 0.317816943 1.056896
v -0.0519106239 0.314598858 1.05689681
v -0.04847194 0.3166149 1.07018912
v -0.0519106239 0.314598858 1.05689681
v -0.05108304 0.31489563 1.070197
v -0.04847194 0.3166149 1.07018912
v -0.0519106239 0.314598858 1.05689681
v -0.05332769 0.314818054 1.070707
v -0.0555650257 0.317908019 1.05689633
v -0.0557534434 0.319166571 1.07064843
v -0.05509873 0.316429764 1.070613
v -0.0519106239 0.314598858 1.05689681
v -0.05509873 0.316429764 1.070613
v -0.05332769 0.314818054 1.070707
v -0.0555650257 0.317908019 1.05689633
v -0.0541622452 0.3213152 1.05689692
v -0.0557534434 0.319166571 1.07064843
v -0.0541622452 0.3213152 1.05689692
v -0.0540599 0.321778536 1.07061732
v -0.0557534434 0.319166571 1.07064843
v -0.0541622452 0.3213152 1.05689692
v -0.0504658036 0.3221449 1.056896
v -0.0540599 0.321778536 1.07061732
v -0.05505941 0.264560878 1.05689645
v -0.0549826436 0.2606625 1.05689692
v -0.0519550741 0.258646846 1.05689657
v -0.0556853972 0.262555122 1.07061017
v -0.0549826436 0.2606625 1.05689692
v -0.05505941 0.264560878 1.05689645
v -0.0548428968 0.260030031 1.07067549
v -0.0519550741 0.258646846 1.05689657
v -0.0549826436 0.2606625 1.05689692
v -0.04975214 0.2658954 1.07076538
v -0.0524204224 0.266335934 1.07061017
v -0.0503364429 0.266067773 1.05689657
v -0.0524204224 0.266335934 1.07061017
v -0.05505941 0.264560878 1.05689645
v -0.0503364429 0.266067773 1.05689657
v -0.0524204224 0.266335934 1.07061017
v -0.0547608472 0.265067756 1.07067549
v -0.05505941 0.264560878 1.05689645
v -0.0556853972 0.262555122 1.07061017
v -0.05505941 0.264560878 1.05689645
v -0.0548428968 0.260030031 1.07067549
v -0.0549826436 0.2606625 1.05689692
v -0.05252896 0.2586832 1.07061017
v -0.0519550741 0.258646846 1.05689657
v -0.0498959534 0.25907442 1.07067549
v -0.0519550741 0.258646846 1.05689657
v -0.0498959534 0.25907442 1.07067549
v -0.0480323024 0.261678159 1.05689621
v -0.0481394827 0.261099756 1.07067549
v -0.0480958261 0.2637803 1.07067549
v -0.0480323024 0.261678159 1.05689621
v -0.0480958261 0.2637803 1.07067549
v -0.0503364429 0.266067773 1.05689657
v -0.04975214 0.2658954 1.07076538
v -0.0805 0.248349875 1.06914687
v -0.07875 0.247625 1.07089686
v -0.0804125 0.263287485 1.06940961
v -0.07875 0.247625 1.07089686
v -0.07875 0.264425 1.07089686
v -0.0804125 0.263287485 1.06940961
v -0.0805 0.2564766 1.05220819
v -0.0805 0.258415639 1.05012894
v -0.0805000439 0.254702121 1.04836988
v -0.0805 0.248349875 1.06914687
v -0.08046387 0.25170067 1.06840241
v -0.08049399 0.244502753 1.06402791
v -0.0805 0.242375 1.0631721
v -0.08049399 0.244502753 1.06402791
v -0.0805 0.243709132 1.05733275
v -0.0805 0.248349875 1.06914687
v -0.0804125 0.263287485 1.06940961
v -0.08046387 0.25170067 1.06840241
v -0.0805 0.260553181 1.06013346
v -0.0805 0.25860247 1.0649935
v -0.0805 0.263374984 1.05952191
v -0.080499 0.261850834 1.05340171
v -0.0804125 0.263287485 1.06940961
v -0.0805 0.25860247 1.0649935
v -0.08046387 0.25170067 1.06840241
v -0.0805 0.2593137 1.05504537
v -0.0805 0.260553181 1.06013346
v -0.080499 0.261850834 1.05340171
v -0.08041251 0.263287485 0.9096345
v -0.0805 0.248349875 0.9098969
v -0.0804649144 0.251576275 0.9106503
v -0.0805 0.258506984 0.913937151
v -0.0805 0.260534436 0.9186891
v -0.08050029 0.263287157 0.9211593
v -0.0805 0.2594639 0.9237434
v -0.08050303 0.261708349 0.9255857
v -0.08041251 0.263287485 0.9096345
v -0.0804649144 0.251576275 0.9106503
v -0.0805 0.258506984 0.913937151
v -0.0805 0.242375 0.915871859
v -0.0805 0.243728727 0.921783864
v -0.08049301 0.244485646 0.9150266
v -0.0805 0.248349875 0.9098969
v -0.08049301 0.244485646 0.9150266
v -0.0804649144 0.251576275 0.9106503
v -0.08049855 0.254876882 0.930637538
v -0.0805 0.251614183 0.9280883
v -0.0805 0.2466453 0.9262195
v -0.0805 0.2587421 0.9286835
v -0.0805 0.256730884 0.9266738
v -0.08049855 0.254876882 0.930637538
v -0.0805 0.256730884 0.9266738
v -0.0805 0.251614183 0.9280883
v -0.0803879946 0.242095008 0.930812955
v -0.0805 0.2466453 0.9262195
v -0.0805 0.243728727 0.921783864
v -0.0805 0.242375 0.915871859
v -0.0805 0.332650125 0.9098969
v -0.08046492 0.329423726 0.9106503
v -0.08049301 0.336514324 0.915026546
v -0.0805 0.338624984 0.915871859
v -0.08049301 0.336514324 0.915026546
v -0.0805 0.337271243 0.921783864
v -0.0805 0.332650125 0.9098969
v -0.0804125 0.3177125 0.9096345
v -0.08046492 0.329423726 0.9106503
v -0.0804124847 0.3177125 1.06940961
v -0.0805 0.332650125 1.06914687
v -0.08046388 0.329299271 1.06840229
v -0.0805 0.32239753 1.0649935
v -0.0805 0.320446819 1.06013346
v -0.0805 0.317625 1.05952191
v -0.080499 0.319149166 1.05340171
v -0.0804124847 0.3177125 1.06940961
v -0.08046388 0.329299271 1.06840229
v -0.0805 0.32239753 1.0649935
v -0.0805 0.320446819 1.06013346
v -0.0805 0.321686268 1.05504537
v -0.080499 0.319149166 1.05340171
v -0.0805 0.338624984 1.0631721
v -0.0805 0.337290823 1.05733275
v -0.08049399 0.336497277 1.06402779
v -0.0805 0.332650125 1.06914687
v -0.08049399 0.336497277 1.06402779
v -0.08046388 0.329299271 1.06840229
v -0.0805 0.322584331 1.05012894
v -0.0805 0.32452336 1.05220819
v -0.08050007 0.326251715 1.04837525
v -0.07875 0.240625 1.047097
v -0.07875 0.240625 1.06389689
v -0.0804125 0.242112488 1.04823434
v -0.07875 0.240625 1.06389689
v -0.0805 0.242375 1.0631721
v -0.0804125 0.242112488 1.04823434
v -0.07875 0.240625 1.047097
v -0.054849308 0.240904048 1.01995158
v -0.05259502 0.2408395 1.02137411
v -0.07875 0.240625 1.06389689
v -0.0499303862 0.240799233 1.02100718
v -0.07875 0.240625 1.047097
v -0.0557317622 0.2408395 1.01740777
v -0.054849308 0.240904048 1.01995158
v -0.07875 0.240625 1.06389689
v -0.05259502 0.2408395 1.02137411
v -0.0499303862 0.240799233 1.02100718
v -0.0106169349 0.240771681 1.02140665
v 0.017149996 0.240625 1.06389689
v 0.017149996 0.240625 1.047097
v -0.007936779 0.240904 1.02094686
v -0.00614435133 0.2408395 1.018974
v 0.00699999835 0.240625 1.00037193
v -0.00614435133 0.2408395 1.018974
v -0.006103603 0.240904048 1.016282
v 0.017149996 0.240625 1.047097
v 0.0284666661 0.240974993 1.00037193
v 0.0285341945 0.241288126 1.047981
v -0.0103648091 0.240799233 1.0136075
v 0.00699999835 0.240625 0.9639719
v -0.0106080351 0.240799233 0.937393546
v -0.0127558876 0.240771681 1.01487207
v -0.012922911 0.2407717 0.9359727
v -0.049716536 0.240799233 1.01416028
v -0.0499303862 0.240799233 0.9370072
v -0.0523704328 0.240839511 1.01363027
v -0.05259502 0.2408395 0.9373742
v -0.0137317618 0.2408395 1.01740777
v -0.0480663627 0.240839511 1.01628447
v -0.007936779 0.240904 0.9369469
v -0.00614435133 0.2408395 0.9349739
v 0.017149996 0.240625 0.931947
v 0.0283849929 0.24094 0.9639721
v 0.017149996 0.240625 0.931947
v 0.028443614 0.2412477 0.931080043
v -0.0523704328 0.240839511 1.01363027
v -0.05476097 0.240751654 1.0148617
v -0.0548851825 0.240839511 0.9359619
v -0.07875 0.240625 0.931947
v -0.05473864 0.2408395 0.930907369
v -0.055697646 0.240904 0.933423
v -0.07875 0.240625 0.915146947
v -0.0103648091 0.240799233 0.92960757
v -0.049716536 0.240799233 0.9301603
v 0.017149996 0.240625 0.915146947
v -0.006066363 0.240839511 0.932284534
v -0.00614435133 0.2408395 0.9349739
v -0.00776556553 0.240904048 0.930196
v 0.017149996 0.240625 0.915146947
v -0.0106169349 0.240771681 1.02140665
v -0.007936779 0.240904 1.02094686
v 0.017149996 0.240625 1.047097
v -0.006103603 0.240904048 1.016282
v -0.00776556553 0.240904048 1.014196
v 0.00699999835 0.240625 1.00037193
v -0.00776556553 0.240904048 1.014196
v -0.0103648091 0.240799233 1.0136075
v 0.00699999835 0.240625 1.00037193
v -0.0106080351 0.240799233 0.937393546
v -0.007936779 0.240904 0.9369469
v 0.00699999835 0.240625 0.9639719
v -0.00776556553 0.240904048 0.930196
v -0.0103648091 0.240799233 0.92960757
v 0.017149996 0.240625 0.915146947
v -0.049716536 0.240799233 0.9301603
v -0.05237943 0.240904048 0.92966646
v -0.07875 0.240625 0.915146947
v -0.05237943 0.240904048 0.92966646
v -0.05473864 0.2408395 0.930907369
v -0.07875 0.240625 0.915146947
v -0.055697646 0.240904 0.933423
v -0.0548851825 0.240839511 0.9359619
v -0.07875 0.240625 0.931947
v -0.05476097 0.240751654 1.0148617
v -0.0557317622 0.2408395 1.01740777
v -0.09015493 0.241046354 1.04787755
v -0.0557317622 0.2408395 1.01740777
v -0.07875 0.240625 1.047097
v -0.09015493 0.241046354 1.04787755
v -0.012738646 0.2408395 0.930907369
v -0.0137317618 0.2408395 0.9334078
v -0.0480663627 0.240839511 0.932284534
v -0.0137317618 0.2408395 0.9334078
v -0.04814435 0.2408395 0.9349739
v -0.0480663627 0.240839511 0.932284534
v -0.0137317618 0.2408395 0.9334078
v -0.012922911 0.2407717 0.9359727
v -0.04814435 0.2408395 0.9349739
v -0.012922911 0.2407717 0.9359727
v -0.0499303862 0.240799233 0.9370072
v -0.04814435 0.2408395 0.9349739
v -0.0480663627 0.240839511 0.932284534
v -0.049716536 0.240799233 0.9301603
v -0.012738646 0.2408395 0.930907369
v -0.049716536 0.240799233 0.9301603
v -0.0103648091 0.240799233 0.92960757
v -0.012738646 0.2408395 0.930907369
v -0.049716536 0.240799233 1.01416028
v -0.0127558876 0.240771681 1.01487207
v -0.0480663627 0.240839511 1.01628447
v -0.0137317618 0.2408395 1.01740777
v -0.04814435 0.2408395 1.018974
v -0.0480663627 0.240839511 1.01628447
v -0.0137317618 0.2408395 1.01740777
v -0.0128851887 0.240839511 1.019962
v -0.04814435 0.2408395 1.018974
v -0.0128851887 0.240839511 1.019962
v -0.0499303862 0.240799233 1.02100718
v -0.04814435 0.2408395 1.018974
v -0.0128851887 0.240839511 1.019962
v -0.0106169349 0.240771681 1.02140665
v -0.0499303862 0.240799233 1.02100718
v -0.05529068 0.254625 0.9319584
v -0.055697646 0.240904 0.933423
v -0.05473864 0.2408395 0.930907369
v -0.05529068 0.254625 0.9319584
v -0.0539458767 0.254625 0.9366881
v -0.055697646 0.240904 0.933423
v -0.0539458767 0.254625 0.9366881
v -0.0548851825 0.240839511 0.9359619
v -0.055697646 0.240904 0.933423
v -0.0539458767 0.254625 0.9366881
v -0.05259502 0.2408395 0.9373742
v -0.049054563 0.254625 0.936185062
v -0.04814435 0.2408395 0.9349739
v -0.0499303862 0.240799233 0.9370072
v -0.04834663 0.254625 0.932265043
v -0.0480663627 0.240839511 0.932284534
v -0.0508663952 0.254625 0.929812849
v -0.049716536 0.240799233 0.9301603
v -0.049054563 0.254625 0.936185062
v -0.04834663 0.254625 0.932265043
v -0.04814435 0.2408395 0.9349739
v -0.04834663 0.254625 0.932265043
v -0.0508663952 0.254625 0.929812849
v -0.0480663627 0.240839511 0.932284534
v -0.0508663952 0.254625 0.929812849
v -0.05237943 0.240904048 0.92966646
v -0.049716536 0.240799233 0.9301603
v -0.0132906819 0.254625 0.9319584
v -0.0137317618 0.2408395 0.9334078
v -0.012738646 0.2408395 0.930907369
v -0.0132906819 0.254625 0.9319584
v -0.0119458828 0.254625 0.9366881
v -0.0137317618 0.2408395 0.9334078
v -0.0119458828 0.254625 0.9366881
v -0.012922911 0.2407717 0.9359727
v -0.0137317618 0.2408395 0.9334078
v -0.0119458828 0.254625 0.9366881
v -0.0106080351 0.240799233 0.937393546
v -0.012922911 0.2407717 0.9359727
v -0.007054562 0.254625 0.936185062
v -0.007936779 0.240904 0.9369469
v -0.0119458828 0.254625 0.9366881
v -0.007054562 0.254625 0.936185062
v -0.0106080351 0.240799233 0.937393546
v -0.007054562 0.254625 0.936185062
v -0.00614435133 0.2408395 0.9349739
v -0.007936779 0.240904 0.9369469
v -0.006346631 0.254625 0.932265043
v -0.006066363 0.240839511 0.932284534
v -0.008866392 0.254625 0.929812849
v -0.00776556553 0.240904048 0.930196
v -0.007054562 0.254625 0.936185062
v -0.006346631 0.254625 0.932265043
v -0.00614435133 0.2408395 0.9349739
v -0.006346631 0.254625 0.932265043
v -0.008866392 0.254625 0.929812849
v -0.006066363 0.240839511 0.932284534
v -0.008866392 0.254625 0.929812849
v -0.0103648091 0.240799233 0.92960757
v -0.00776556553 0.240904048 0.930196
v -0.0132906819 0.254625 0.9319584
v -0.0103648091 0.240799233 0.92960757
v -0.0132906819 0.254625 0.9319584
v -0.012738646 0.2408395 0.930907369
v -0.0103648091 0.240799233 0.92960757
v -0.05529068 0.254625 1.01595843
v -0.0557317622 0.2408395 1.01740777
v -0.05476097 0.240751654 1.0148617
v -0.05529068 0.254625 1.01595843
v -0.0539458767 0.254625 1.020688
v -0.0557317622 0.2408395 1.01740777
v -0.0539458767 0.254625 1.020688
v -0.054849308 0.240904048 1.01995158
v -0.0557317622 0.2408395 1.01740777
v -0.0539458767 0.254625 1.020688
v -0.05259502 0.2408395 1.02137411
v -0.054849308 0.240904048 1.01995158
v -0.049054563 0.254625 1.020185
v -0.05259502 0.2408395 1.02137411
v -0.0499303862 0.240799233 1.02100718
v -0.049054563 0.254625 1.020185
v -0.04814435 0.2408395 1.018974
v -0.0499303862 0.240799233 1.02100718
v -0.04834663 0.254625 1.016265
v -0.0480663627 0.240839511 1.01628447
v -0.0508663952 0.254625 1.01381278
v -0.049716536 0.240799233 1.01416028
v -0.049054563 0.254625 1.020185
v -0.04834663 0.254625 1.016265
v -0.04814435 0.2408395 1.018974
v -0.04834663 0.254625 1.016265
v -0.0508663952 0.254625 1.01381278
v -0.0480663627 0.240839511 1.01628447
v -0.0508663952 0.254625 1.01381278
v -0.0523704328 0.240839511 1.01363027
v -0.049716536 0.240799233 1.01416028
v -0.0132906819 0.254625 1.01595843
v -0.0137317618 0.2408395 1.01740777
v -0.0127558876 0.240771681 1.01487207
v -0.0132906819 0.254625 1.01595843
v -0.0119458828 0.254625 1.020688
v -0.0137317618 0.2408395 1.01740777
v -0.0119458828 0.254625 1.020688
v -0.0128851887 0.240839511 1.019962
v -0.0137317618 0.2408395 1.01740777
v -0.0119458828 0.254625 1.020688
v -0.0106169349 0.240771681 1.02140665
v -0.007054562 0.254625 1.020185
v -0.0106169349 0.240771681 1.02140665
v -0.007054562 0.254625 1.020185
v -0.007936779 0.240904 1.02094686
v -0.0106169349 0.240771681 1.02140665
v -0.007054562 0.254625 1.020185
v -0.00614435133 0.2408395 1.018974
v -0.007936779 0.240904 1.02094686
v -0.006346631 0.254625 1.016265
v -0.006103603 0.240904048 1.016282
v -0.008866392 0.254625 1.01381278
v -0.00776556553 0.240904048 1.014196
v -0.008866392 0.254625 1.01381278
v -0.0103648091 0.240799233 1.0136075
v -0.0132906819 0.254625 1.01595843
v -0.0103648091 0.240799233 1.0136075
v -0.0127558876 0.240771681 1.01487207
v -0.007054562 0.254625 1.020185
v -0.006346631 0.254625 1.016265
v -0.00614435133 0.2408395 1.018974
v -0.006346631 0.254625 1.016265
v -0.008866392 0.254625 1.01381278
v -0.006103603 0.240904048 1.016282
v -0.07875 0.240625 1.047097
v -0.0804125 0.242112488 1.04823434
v -0.09015493 0.241046354 1.04787755
v -0.09030002 0.2567137 1.04910815
v -0.0805000439 0.254702121 1.04836988
v -0.0850499943 0.2566954 1.04916131
v -0.09030006 0.2530513 1.04818082
v -0.0805000439 0.254702121 1.04836988
v -0.0805000439 0.254702121 1.04836988
v -0.0805 0.258415639 1.05012894
v -0.0850499943 0.2566954 1.04916131
v -0.0805 0.258415639 1.05012894
v -0.08505027 0.261421829 1.05282819
v -0.0850499943 0.2566954 1.04916131
v -0.0805 0.258415639 1.05012894
v -0.0763002038 0.2585939 1.05003333
v -0.08505027 0.261421829 1.05282819
v -0.080499 0.261850834 1.05340171
v -0.0850499943 0.263303369 1.05824721
v -0.08505027 0.261421829 1.05282819
v -0.0805 0.263374984 1.05952191
v -0.0903000161 0.263333261 1.05823159
v -0.080499 0.261850834 1.05340171
v -0.0805 0.263374984 1.05952191
v -0.0850499943 0.263303369 1.05824721
v -0.0899850354 0.289625 1.07058191
v -0.08939644 0.28962937 1.067946
v -0.09030423 0.276043981 1.06523514
v -0.09005703 0.248707443 1.0057981
v -0.0901071951 0.2480172 1.0035162
v -0.09015493 0.241046354 1.04787755
v -0.0901071951 0.2480172 1.0035162
v -0.09015494 0.241143122 0.931124866
v -0.09015493 0.241046354 1.04787755
v -0.0902999938 0.2542746 1.02796054
v -0.09005703 0.248707443 1.0057981
v -0.09030006 0.2530513 1.04818082
v -0.09030002 0.2567137 1.04910815
v -0.0902999938 0.2542746 1.02796054
v -0.0902999938 0.258110672 1.048132
v -0.09001532 0.251336426 1.00745678
v -0.09005703 0.248707443 1.0057981
v -0.09008116 0.2540747 1.00685859
v -0.09001532 0.251336426 1.00745678
v -0.0902999938 0.261965424 1.00892234
v -0.0902860239 0.255841166 1.00117242
v -0.0902999938 0.278735876 0.9970754
v -0.0903 0.268345535 0.940866649
v -0.0902999938 0.299249619 0.9961892
v -0.09002 0.3126615 0.9408402
v -0.09011971 0.3256229 1.00149214
v -0.0902999938 0.316979259 1.00654578
v -0.0901071951 0.2480172 1.0035162
v -0.09001394 0.24882032 1.00127983
v -0.09015494 0.241143122 0.931124866
v -0.09015635 0.251234949 0.999490142
v -0.0903 0.268345535 0.940866649
v -0.0903 0.2664174 0.938893139
v -0.0903 0.266355246 0.9155675
v -0.09017917 0.2635994 0.9086734
v -0.0902999938 0.263374984 0.919521868
v -0.0903 0.266355246 0.9155675
v -0.0899888948 0.268338531 0.913603663
v -0.09017917 0.2635994 0.9086734
v -0.08991111 0.312661469 0.913603663
v -0.0903 0.3145826 0.915551
v -0.09023129 0.3174778 0.9088535
v -0.0901197344 0.330412537 0.999843657
v -0.09001327 0.3323924 1.001627
v -0.09017919 0.339848548 0.9311213
v -0.0902999938 0.33775 1.03152192
v -0.09012637 0.339961618 1.04787409
v -0.09001327 0.3323924 1.001627
v -0.09011971 0.332867742 1.00427437
v -0.09017919 0.339848548 0.9311213
v -0.09011971 0.332867742 1.00427437
v -0.0902999938 0.33775 1.03152192
v -0.09017919 0.339848548 0.9311213
v -0.0901197344 0.330412537 0.999843657
v -0.0902999938 0.329 0.9308969
v -0.0903 0.314644724 0.93887645
v -0.0901197344 0.327717662 0.999796331
v -0.0902999938 0.3233125 0.929372966
v -0.0902999938 0.319148958 0.9252094
v -0.0902999938 0.317625 0.919521868
v -0.0903 0.3145826 0.915551
v -0.09023129 0.3174778 0.9088535
v -0.0899888948 0.268338531 0.913603663
v -0.09017917 0.2635994 0.9086734
v -0.08991111 0.312661469 0.913603663
v -0.0902999938 0.3328721 1.03751862
v -0.09029982 0.3270071 1.03677464
v -0.09030003 0.32794866 1.04818082
v -0.09011971 0.332867742 1.00427437
v -0.0900786147 0.331469983 1.00656486
v -0.0902999938 0.336376518 1.02765691
v -0.0900786147 0.331469983 1.00656486
v -0.0901197344 0.328930616 1.00746167
v -0.0902999938 0.3328721 1.02552533
v -0.09001327 0.32516405 1.0041424
v -0.09011971 0.3256229 1.00149214
v -0.0902999938 0.316979259 1.00654578
v -0.0902860239 0.255841166 1.00117242
v -0.08992218 0.2558675 1.00418854
v -0.0902999938 0.261965424 1.00892234
v -0.08992218 0.2558675 1.00418854
v -0.09008116 0.2540747 1.00685859
v -0.0902999938 0.261965424 1.00892234
v -0.0903 0.268345535 0.940866649
v -0.09015635 0.251234949 0.999490142
v -0.0902860239 0.255841166 1.00117242
v -0.09001394 0.24882032 1.00127983
v -0.09015494 0.241143122 0.931124866
v -0.0902999938 0.251999974 0.9308969
v -0.09015635 0.251234949 0.999490142
v -0.0903 0.2664174 0.938893139
v -0.0902999938 0.257687479 0.929372966
v -0.0902999938 0.261851043 0.9252094
v -0.0902999938 0.263374984 0.919521868
v -0.0903 0.266355246 0.9155675
v -0.0903 0.314644724 0.93887645
v -0.09002 0.3126615 0.9408402
v -0.0901197344 0.327717662 0.999796331
v -0.09002 0.3126615 0.9408402
v -0.09011971 0.3256229 1.00149214
v -0.0901197344 0.327717662 0.999796331
v -0.09030423 0.304956019 1.06523514
v -0.08976268 0.291370958 1.06794608
v -0.0899850354 0.291374981 1.07058191
v -0.08959225 0.25388512 1.00019383
v -0.0902860239 0.255841166 1.00117242
v -0.09015635 0.251234949 0.999490142
v -0.08959225 0.25388512 1.00019383
v -0.08992218 0.2558675 1.00418854
v -0.0902860239 0.255841166 1.00117242
v -0.09005703 0.248707443 1.0057981
v -0.076299116 0.24835512 1.00218773
v -0.0901071951 0.2480172 1.0035162
v -0.076299116 0.24835512 1.00218773
v -0.09001394 0.24882032 1.00127983
v -0.0901071951 0.2480172 1.0035162
v -0.076299116 0.24835512 1.00218773
v -0.09015635 0.251234949 0.999490142
v -0.09001394 0.24882032 1.00127983
v -0.076299116 0.24835512 1.00218773
v -0.0762991458 0.252683133 0.9997432
v -0.09015635 0.251234949 0.999490142
v -0.0762991458 0.252683133 0.9997432
v -0.08959225 0.25388512 1.00019383
v -0.09015635 0.251234949 0.999490142
v -0.0762991458 0.252683133 0.9997432
v -0.0762999 0.255901128 1.00363266
v -0.08959225 0.25388512 1.00019383
v -0.0762999 0.255901128 1.00363266
v -0.08992218 0.2558675 1.00418854
v -0.0762999 0.255901128 1.00363266
v -0.09008116 0.2540747 1.00685859
v -0.08992218 0.2558675 1.00418854
v -0.0762999 0.255901128 1.00363266
v -0.07629942 0.252591938 1.007287
v -0.09008116 0.2540747 1.00685859
v -0.07629942 0.252591938 1.007287
v -0.09001532 0.251336426 1.00745678
v -0.09008116 0.2540747 1.00685859
v -0.07629942 0.252591938 1.007287
v -0.0763 0.249184787 1.00588417
v -0.09001532 0.251336426 1.00745678
v -0.0763 0.249184787 1.00588417
v -0.09005703 0.248707443 1.0057981
v -0.09001532 0.251336426 1.00745678
v -0.0763 0.249184787 1.00588417
v -0.076299116 0.24835512 1.00218773
v -0.09005703 0.248707443 1.0057981
v -0.09011971 0.332867742 1.00427437
v -0.07629964 0.332051367 1.001164
v -0.07629964 0.331852049 1.00611734
v -0.0900786147 0.331469983 1.00656486
v -0.09011971 0.332867742 1.00427437
v -0.09001327 0.3323924 1.001627
v -0.07629964 0.332051367 1.001164
v -0.0901197344 0.330412537 0.999843657
v -0.07629964 0.332051367 1.001164
v -0.0901197344 0.328930616 1.00746167
v -0.07629964 0.331852049 1.00611734
v -0.07629954 0.326939166 1.00678134
v -0.0900786147 0.3264323 1.00648284
v -0.0901197344 0.328930616 1.00746167
v -0.09001327 0.32516405 1.0041424
v -0.07629954 0.326939166 1.00678134
v -0.0901197344 0.330412537 0.999843657
v -0.07629954 0.3272077 1.00010753
v -0.0901197344 0.327717662 0.999796331
v -0.09011971 0.3256229 1.00149214
v -0.07629954 0.3272077 1.00010753
v -0.09001327 0.32516405 1.0041424
v -0.0763 0.325324982 1.00352192
v -0.09011971 0.3256229 1.00149214
v -0.0763 0.325324982 1.00352192
v -0.07629954 0.3272077 1.00010753
v -0.09001327 0.32516405 1.0041424
v -0.07629954 0.326939166 1.00678134
v -0.0763 0.325324982 1.00352192
v -0.0903 0.2664174 0.938893139
v -0.0896 0.266355276 0.93887645
v -0.0903 0.266355246 0.9155675
v -0.0896 0.266355276 0.93887645
v -0.0896 0.266417384 0.915551
v -0.0903 0.266355246 0.9155675
v -0.0903 0.2664174 0.938893139
v -0.0903 0.268345535 0.940866649
v -0.0896 0.266355276 0.93887645
v -0.0903 0.268345535 0.940866649
v -0.0896 0.268328965 0.94080466
v -0.0896 0.266355276 0.93887645
v -0.0896 0.268328965 0.94080466
v -0.0903 0.268345535 0.940866649
v -0.09002 0.3126615 0.9408402
v -0.0903 0.314644724 0.93887645
v -0.0896 0.314582556 0.938893139
v -0.09002 0.3126615 0.9408402
v -0.0903 0.3145826 0.915551
v -0.0896 0.314644724 0.9155675
v -0.0903 0.314644724 0.93887645
v -0.0896 0.314644724 0.9155675
v -0.0896 0.314582556 0.938893139
v -0.0903 0.314644724 0.93887645
v -0.0903 0.3145826 0.915551
v -0.08991111 0.312661469 0.913603663
v -0.0896 0.314644724 0.9155675
v -0.0903 0.266355246 0.9155675
v -0.0896 0.266417384 0.915551
v -0.0899888948 0.268338531 0.913603663
v -0.0805 0.263374984 1.05952191
v -0.0804125 0.263287485 1.06940961
v -0.0903000161 0.263333261 1.05823159
v -0.0804125 0.263287485 1.06940961
v -0.09017752 0.2635325 1.07021451
v -0.0903000161 0.263333261 1.05823159
v -0.0804125 0.263287485 1.06940961
v -0.07875 0.264425 1.07089686
v -0.09017752 0.2635325 1.07021451
v -0.07875 0.316575 1.07089686
v -0.0804124847 0.3177125 1.06940961
v -0.09017751 0.3174675 1.07021451
v -0.07875 0.316575 1.07089686
v -0.07875 0.333374977 1.07089686
v -0.0804124847 0.3177125 1.06940961
v -0.07875 0.333374977 1.07089686
v -0.0805 0.332650125 1.06914687
v -0.0804124847 0.3177125 1.06940961
v 0.0188250169 0.263516933 1.06944168
v 0.0189 0.248349875 1.06914687
v 0.0188638717 0.25170067 1.06840241
v 0.0189 0.25860247 1.0649935
v 0.0189 0.260553181 1.06013346
v 0.0188989975 0.261850834 1.05340171
v 0.0188250169 0.263516933 1.06944168
v 0.0188638717 0.25170067 1.06840241
v 0.0189 0.25860247 1.0649935
v 0.0189 0.260553181 1.06013346
v 0.0189 0.2593137 1.05504537
v 0.0188989975 0.261850834 1.05340171
v 0.0189 0.258415639 1.05012894
v 0.0189 0.2564766 1.05220819
v 0.018900061 0.254748285 1.04837525
v 0.0189 0.248349875 0.9098969
v 0.0188125 0.263287485 0.9096345
v 0.0188649148 0.251576275 0.9106503
v 0.0189 0.260534436 0.9186891
v 0.0189 0.258506984 0.913937151
v 0.0189002864 0.263287157 0.9211593
v 0.0189 0.2594639 0.9237434
v 0.0189030282 0.261708349 0.9255857
v 0.0188125 0.263287485 0.9096345
v 0.0189 0.258506984 0.913937151
v 0.0188649148 0.251576275 0.9106503
v 0.0189 0.2466453 0.9262195
v 0.0189 0.251614183 0.9280883
v 0.018898543 0.254876763 0.930637538
v 0.0189 0.256730884 0.9266738
v 0.0189 0.2587421 0.9286835
v 0.0189 0.251614183 0.9280883
v 0.0189 0.256730884 0.9266738
v 0.018898543 0.254876763 0.930637538
v 0.0189 0.2466453 0.9262195
v 0.0187880024 0.242095008 0.930812955
v 0.0189 0.243728727 0.921783864
v 0.0189 0.242375 0.915871859
v 0.0188125 0.3177125 0.9096345
v 0.0189 0.332650125 0.9098969
v 0.0188649148 0.329423726 0.9106503
v 0.0189 0.321536064 0.9237434
v 0.0189 0.319390416 0.9256085
v 0.0188984182 0.317827076 0.9220612
v 0.0188706629 0.320756167 0.916091442
v 0.0188984182 0.317827076 0.9220612
v 0.0188125 0.3177125 0.9096345
v 0.0188649148 0.329423726 0.9106503
v 0.0189 0.332650125 1.06914687
v 0.0188124888 0.3177125 1.06940961
v 0.0188638717 0.329299271 1.06840229
v 0.0189 0.320446819 1.06013346
v 0.0189 0.32239753 1.0649935
v 0.0189 0.317625 1.05952191
v 0.0188989975 0.319149166 1.05340171
v 0.0188124888 0.3177125 1.06940961
v 0.0189 0.32239753 1.0649935
v 0.0188638717 0.329299271 1.06840229
v 0.0189 0.32452336 1.05220819
v 0.0189 0.322584331 1.05012894
v 0.018900061 0.326251715 1.04837525
v 0.0189 0.321686268 1.05504537
v 0.0189 0.320446819 1.06013346
v 0.0188989975 0.319149166 1.05340171
v 0.0189 0.242375 1.0631721
v 0.017149996 0.240625 1.06389689
v 0.0188124944 0.242112488 1.04823434
v 0.017149996 0.240625 1.06389689
v 0.017149996 0.240625 1.047097
v 0.0188124944 0.242112488 1.04823434
v 0.017149996 0.264425 1.07089686
v 0.017149996 0.247625 1.07089686
v 0.0188250169 0.263516933 1.06944168
v 0.017149996 0.247625 1.07089686
v 0.0189 0.248349875 1.06914687
v 0.0188250169 0.263516933 1.06944168
v 0.0188124944 0.242112488 1.04823434
v 0.017149996 0.240625 1.047097
v 0.0285341945 0.241288126 1.047981
v 0.0286999978 0.316225 1.00037193
v 0.0130241495 0.316512764 1.00027227
v 0.010850003 0.319724977 1.00037193
v 0.02846667 0.340024978 1.00037193
v 0.0286999978 0.316225 1.00037193
v 0.00699999835 0.334425 1.00037193
v 0.00699999835 0.340374976 1.00037193
v -0.0143500008 0.319724977 1.00037193
v -0.0143500008 0.334425 1.00037193
v 0.010850003 0.261275 1.00037193
v 0.0130241495 0.264487267 1.00027227
v 0.0286999978 0.264775 1.00037193
v 0.0286999978 0.264775 1.00037193
v 0.0284666661 0.240974993 1.00037193
v 0.00699999835 0.246574983 1.00037193
v 0.00699999835 0.240625 1.00037193
v -0.0143500008 0.261275 1.00037193
v -0.0143500008 0.246574983 1.00037193
v -0.07875 0.340374976 0.931947
v -0.0556976534 0.340095967 0.9336208
v -0.054885257 0.3401605 0.9310821
v -0.05257418 0.340095967 0.9297007
v -0.07875 0.340374976 0.915146947
v -0.07875 0.340374976 0.931947
v -0.0547488257 0.340200752 0.9361576
v -0.0556976534 0.340095967 0.9336208
v -0.07875 0.340374976 0.915146947
v -0.05257418 0.340095967 0.9297007
v -0.0499304831 0.340200752 0.9300369
v 0.017149996 0.340374976 0.915146947
v -0.007936876 0.340095967 0.9300971
v -0.00614435645 0.340160459 0.932070136
v 0.017149996 0.340374976 0.915146947
v -0.0106080426 0.340200752 0.9296504
v -0.007936876 0.340095967 0.9300971
v -0.00776555762 0.340095967 0.936848044
v -0.010370424 0.340160459 0.9374138
v 0.00699999835 0.340374976 0.9639719
v -0.09012637 0.339961618 1.04787409
v -0.05573177 0.340160459 1.017636
v -0.0549229719 0.340228319 1.01507115
v -0.09012637 0.339961618 1.04787409
v -0.07875 0.340374976 1.047097
v -0.05573177 0.340160459 1.017636
v -0.07875 0.340374976 1.047097
v -0.0547221936 0.340095937 1.0201031
v -0.05573177 0.340160459 1.017636
v -0.07875 0.340374976 1.06389689
v -0.0523704253 0.340160459 1.0214138
v -0.0103609627 0.3402283 1.021452
v -0.04971653 0.340200752 1.02088368
v 0.017149996 0.340374976 1.06389689
v 0.017149996 0.340374976 1.047097
v -0.00606635 0.3401605 1.01875961
v 0.00699999835 0.340374976 1.00037193
v 0.00699999835 0.340374976 1.00037193
v 0.02846667 0.340024978 1.00037193
v -0.007936876 0.340095967 1.01409709
v -0.006171234 0.340095967 1.01609612
v 0.017149996 0.340374976 1.047097
v 0.0285342 0.339711875 1.047981
v -0.006171234 0.340095967 1.01609612
v -0.00606635 0.3401605 1.01875961
v -0.00776555762 0.340095967 1.020848
v 0.017149996 0.340374976 1.047097
v 0.00699999835 0.340374976 0.9639719
v -0.0106169432 0.340228319 1.0136373
v -0.010370424 0.340160459 0.9374138
v -0.0127558354 0.3402283 0.9361719
v -0.012922979 0.340228319 1.01507115
v -0.04971653 0.340200752 0.9368837
v -0.0499304831 0.340200752 1.01403689
v -0.0523704253 0.340160459 0.9374138
v -0.0525950268 0.3401605 1.01366985
v -0.0547488257 0.340200752 0.9361576
v -0.0549229719 0.340228319 1.01507115
v -0.07875 0.340374976 0.931947
v -0.01373177 0.3401605 0.933636
v -0.0480663478 0.3401605 0.9347596
v -0.07875 0.340374976 0.915146947
v -0.054885257 0.3401605 0.9310821
v -0.0499304831 0.340200752 0.9300369
v -0.0106080426 0.340200752 0.9296504
v 0.017149996 0.340374976 0.915146947
v 0.017149996 0.340374976 0.931947
v -0.00614435645 0.340160459 0.932070136
v -0.00606635 0.3401605 0.9347596
v -0.00776555762 0.340095967 0.936848044
v 0.017149996 0.340374976 0.931947
v 0.0283850078 0.34006 0.9639721
v 0.0284436177 0.339752316 0.931080043
v -0.07875 0.340374976 1.047097
v -0.0523704253 0.340160459 1.0214138
v -0.0547221936 0.340095937 1.0201031
v -0.07875 0.340374976 1.06389689
v -0.04971653 0.340200752 1.02088368
v -0.0106169432 0.340228319 1.0136373
v -0.007936876 0.340095967 1.01409709
v 0.00699999835 0.340374976 1.00037193
v -0.00776555762 0.340095967 1.020848
v -0.0103609627 0.3402283 1.021452
v 0.017149996 0.340374976 1.047097
v -0.0103609627 0.3402283 1.021452
v -0.0127385966 0.340160459 1.02013659
v -0.04971653 0.340200752 1.02088368
v -0.0127385966 0.340160459 1.02013659
v -0.0480663478 0.3401605 1.01875961
v -0.04971653 0.340200752 1.02088368
v -0.0127385966 0.340160459 1.02013659
v -0.01373177 0.3401605 1.017636
v -0.0480663478 0.3401605 1.01875961
v -0.01373177 0.3401605 1.017636
v -0.04814436 0.340160459 1.01607013
v -0.0480663478 0.3401605 1.01875961
v -0.01373177 0.3401605 1.017636
v -0.012922979 0.340228319 1.01507115
v -0.04814436 0.340160459 1.01607013
v -0.012922979 0.340228319 1.01507115
v -0.0499304831 0.340200752 1.01403689
v -0.04814436 0.340160459 1.01607013
v -0.01373177 0.3401605 0.933636
v -0.04814436 0.340160459 0.932070136
v -0.0480663478 0.3401605 0.9347596
v -0.01373177 0.3401605 0.933636
v -0.0128852613 0.3401605 0.9310821
v -0.04814436 0.340160459 0.932070136
v -0.0128852613 0.3401605 0.9310821
v -0.0499304831 0.340200752 0.9300369
v -0.04814436 0.340160459 0.932070136
v -0.0128852613 0.3401605 0.9310821
v -0.0106080426 0.340200752 0.9296504
v -0.0499304831 0.340200752 0.9300369
v -0.04971653 0.340200752 0.9368837
v -0.0127558354 0.3402283 0.9361719
v -0.0480663478 0.3401605 0.9347596
v -0.054885257 0.3401605 0.9310821
v -0.0556976534 0.340095967 0.9336208
v -0.0554790236 0.326375 0.932475865
v -0.054885257 0.3401605 0.9310821
v -0.05140869 0.326375 0.9297173
v -0.0556976534 0.340095967 0.9336208
v -0.0547488257 0.340200752 0.9361576
v -0.0554790236 0.326375 0.932475865
v -0.0547488257 0.340200752 0.9361576
v -0.0534689277 0.326375 0.936963439
v -0.0554790236 0.326375 0.932475865
v -0.0547488257 0.340200752 0.9361576
v -0.0523704253 0.340160459 0.9374138
v -0.0523704253 0.340160459 0.9374138
v -0.04971653 0.340200752 0.9368837
v -0.0534689277 0.326375 0.936963439
v -0.04971653 0.340200752 0.9368837
v -0.0487005934 0.326375 0.93576324
v -0.0534689277 0.326375 0.936963439
v -0.04971653 0.340200752 0.9368837
v -0.0480663478 0.3401605 0.9347596
v -0.0480663478 0.3401605 0.9347596
v -0.04814436 0.340160459 0.932070136
v -0.0487005934 0.326375 0.93576324
v -0.0499304831 0.340200752 0.9300369
v -0.04834663 0.326375 0.932265043
v -0.05257418 0.340095967 0.9297007
v -0.05140869 0.326375 0.9297173
v -0.04814436 0.340160459 0.932070136
v -0.04834663 0.326375 0.932265043
v -0.0487005934 0.326375 0.93576324
v -0.0499304831 0.340200752 0.9300369
v -0.05140869 0.326375 0.9297173
v -0.04834663 0.326375 0.932265043
v -0.05257418 0.340095967 0.9297007
v -0.054885257 0.3401605 0.9310821
v -0.05140869 0.326375 0.9297173
v -0.0128852613 0.3401605 0.9310821
v -0.01373177 0.3401605 0.933636
v -0.013479026 0.326375 0.932475865
v -0.01373177 0.3401605 0.933636
v -0.0127558354 0.3402283 0.9361719
v -0.013479026 0.326375 0.932475865
v -0.0127558354 0.3402283 0.9361719
v -0.0114689339 0.326375 0.936963439
v -0.013479026 0.326375 0.932475865
v -0.0127558354 0.3402283 0.9361719
v -0.010370424 0.340160459 0.9374138
v -0.00776555762 0.340095967 0.936848044
v -0.0114689339 0.326375 0.936963439
v -0.00670059258 0.326375 0.93576324
v -0.00776555762 0.340095967 0.936848044
v -0.00606635 0.3401605 0.9347596
v -0.00670059258 0.326375 0.93576324
v -0.00606635 0.3401605 0.9347596
v -0.00614435645 0.340160459 0.932070136
v -0.00670059258 0.326375 0.93576324
v -0.007936876 0.340095967 0.9300971
v -0.006346631 0.326375 0.932265043
v -0.0106080426 0.340200752 0.9296504
v -0.009408687 0.326375 0.9297173
v -0.00614435645 0.340160459 0.932070136
v -0.006346631 0.326375 0.932265043
v -0.00670059258 0.326375 0.93576324
v -0.007936876 0.340095967 0.9300971
v -0.009408687 0.326375 0.9297173
v -0.006346631 0.326375 0.932265043
v -0.0549229719 0.340228319 1.01507115
v -0.05573177 0.340160459 1.017636
v -0.0554790236 0.326375 1.0164758
v -0.0549229719 0.340228319 1.01507115
v -0.05140869 0.326375 1.01371729
v -0.0547221936 0.340095937 1.0201031
v -0.0523704253 0.340160459 1.0214138
v -0.0534689277 0.326375 1.02096343
v -0.0523704253 0.340160459 1.0214138
v -0.04971653 0.340200752 1.02088368
v -0.0534689277 0.326375 1.02096343
v -0.04971653 0.340200752 1.02088368
v -0.0487005934 0.326375 1.01976323
v -0.0534689277 0.326375 1.02096343
v -0.04971653 0.340200752 1.02088368
v -0.0480663478 0.3401605 1.01875961
v -0.0480663478 0.3401605 1.01875961
v -0.04814436 0.340160459 1.01607013
v -0.0487005934 0.326375 1.01976323
v -0.0499304831 0.340200752 1.01403689
v -0.04834663 0.326375 1.016265
v -0.0525950268 0.3401605 1.01366985
v -0.05140869 0.326375 1.01371729
v -0.04814436 0.340160459 1.01607013
v -0.04834663 0.326375 1.016265
v -0.0487005934 0.326375 1.01976323
v -0.0499304831 0.340200752 1.01403689
v -0.05140869 0.326375 1.01371729
v -0.04834663 0.326375 1.016265
v -0.0525950268 0.3401605 1.01366985
v -0.0549229719 0.340228319 1.01507115
v -0.05140869 0.326375 1.01371729
v -0.012922979 0.340228319 1.01507115
v -0.01373177 0.3401605 1.017636
v -0.013479026 0.326375 1.0164758
v -0.012922979 0.340228319 1.01507115
v -0.009408687 0.326375 1.01371729
v -0.0106169432 0.340228319 1.0136373
v -0.009408687 0.326375 1.01371729
v -0.01373177 0.3401605 1.017636
v -0.0127385966 0.340160459 1.02013659
v -0.013479026 0.326375 1.0164758
v -0.0127385966 0.340160459 1.02013659
v -0.0114689339 0.326375 1.02096343
v -0.013479026 0.326375 1.0164758
v -0.0127385966 0.340160459 1.02013659
v -0.0103609627 0.3402283 1.021452
v -0.0114689339 0.326375 1.02096343
v -0.00776555762 0.340095967 1.020848
v -0.00606635 0.3401605 1.01875961
v -0.00670059258 0.326375 1.01976323
v -0.00606635 0.3401605 1.01875961
v -0.006171234 0.340095967 1.01609612
v -0.00670059258 0.326375 1.01976323
v -0.007936876 0.340095967 1.01409709
v -0.006346631 0.326375 1.016265
v -0.0106169432 0.340228319 1.0136373
v -0.009408687 0.326375 1.01371729
v -0.006171234 0.340095967 1.01609612
v -0.006346631 0.326375 1.016265
v -0.00670059258 0.326375 1.01976323
v -0.007936876 0.340095967 1.01409709
v -0.009408687 0.326375 1.01371729
v -0.006346631 0.326375 1.016265
v -0.07875 0.340374976 0.931947
v -0.07875 0.340374976 0.915146947
v -0.080388 0.338904977 0.930812955
v -0.07875 0.340374976 0.915146947
v -0.0805 0.338624984 0.915871859
v -0.080388 0.338904977 0.930812955
v 0.017149996 0.316575 0.908146858
v 0.017149996 0.333374977 0.908146858
v 0.0188125 0.3177125 0.9096345
v 0.017149996 0.333374977 0.908146858
v 0.0189 0.332650125 0.9098969
v 0.0188125 0.3177125 0.9096345
v -0.07875 0.247625 0.908146858
v -0.0540598966 0.259221375 0.908426464
v -0.0517938063 0.2584944 0.908302248
v 0.017149996 0.247625 0.908146858
v -0.007557797 0.259320319 0.9084329
v -0.005383515 0.262065023 0.90816313
v 0.017149996 0.247625 0.908146858
v -0.01029994 0.258406639 0.9082768
v -0.007557797 0.259320319 0.9084329
v -0.0517938063 0.2584944 0.908302248
v -0.04952618 0.259300739 0.908367634
v -0.007506318 0.315288454 0.9083267
v -0.005387601 0.3180654 0.908167064
v 0.017149996 0.316575 0.908146858
v -0.005387601 0.3180654 0.908167064
v -0.00700021768 0.321236223 0.908372164
v 0.017149996 0.316575 0.908146858
v -0.00700021768 0.321236223 0.908372164
v 0.017149996 0.333374977 0.908146858
v 0.017149996 0.316575 0.908146858
v -0.0113365753 0.322202832 0.908299744
v -0.0494505055 0.3223412 0.908160865
v -0.07875 0.333374977 0.908146858
v -0.0556955636 0.3199513 0.9083313
v -0.07875 0.316575 0.908146858
v -0.0523051843 0.314396054 0.908260942
v -0.07875 0.264425 0.908146858
v -0.0533365756 0.266202837 0.908299744
v -0.049449563 0.266342759 0.9081592
v -0.0495063178 0.315288454 0.9083267
v -0.0103051793 0.314396054 0.908260942
v -0.00972427148 0.266561747 0.9082804
v -0.007506318 0.315288454 0.9083267
v 0.017149996 0.264425 0.908146858
v 0.017149996 0.316575 0.908146858
v -0.012520384 0.315488279 0.908397138
v -0.0477682538 0.3177349 0.908290565
v 0.017149996 0.247625 0.908146858
v -0.005383515 0.262065023 0.90816313
v 0.017149996 0.264425 0.908146858
v 0.0283355135 0.317364633 0.908589363
v 0.0285341945 0.263540775 0.9088101
v -0.01029994 0.258406639 0.9082768
v -0.0517938063 0.2584944 0.908302248
v -0.07875 0.247625 0.908146858
v -0.0540598966 0.259221375 0.908426464
v -0.0557534881 0.2618334 0.90839535
v -0.05509876 0.264570236 0.9084308
v -0.00700021768 0.321236223 0.908372164
v -0.008960796 0.322295725 0.9084348
v 0.017149996 0.333374977 0.908146858
v -0.008960796 0.322295725 0.9084348
v -0.0113365753 0.322202832 0.908299744
v 0.017149996 0.333374977 0.908146858
v -0.0494505055 0.3223412 0.908160865
v -0.0524665341 0.3223675 0.9085247
v -0.07875 0.333374977 0.908146858
v -0.0524665341 0.3223675 0.9085247
v -0.0556955636 0.3199513 0.9083313
v -0.07875 0.333374977 0.908146858
v -0.0556955636 0.3199513 0.9083313
v -0.054492645 0.315494925 0.9084358
v -0.07875 0.316575 0.908146858
v -0.054492645 0.315494925 0.9084358
v -0.0523051843 0.314396054 0.908260942
v -0.07875 0.316575 0.908146858
v -0.0533365756 0.266202837 0.908299744
v -0.05509876 0.264570236 0.9084308
v -0.07875 0.264425 0.908146858
v -0.0137154795 0.319947243 0.9083066
v -0.012520384 0.315488279 0.908397138
v -0.0477682538 0.3177349 0.908290565
v -0.012520384 0.315488279 0.908397138
v -0.0103051793 0.314396054 0.908260942
v -0.0495063178 0.315288454 0.9083267
v -0.00972427148 0.266561747 0.9082804
v -0.0140912952 0.2639913 0.9081635
v -0.049449563 0.266342759 0.9081592
v -0.0140912952 0.2639913 0.9081635
v -0.0477682538 0.2617349 0.908290565
v -0.049449563 0.266342759 0.9081592
v -0.0140912952 0.2639913 0.9081635
v -0.0125203785 0.259488285 0.908397138
v -0.0477682538 0.2617349 0.908290565
v -0.0125203785 0.259488285 0.908397138
v -0.04952618 0.259300739 0.908367634
v -0.0477682538 0.2617349 0.908290565
v -0.0125203785 0.259488285 0.908397138
v -0.01029994 0.258406639 0.9082768
v -0.04952618 0.259300739 0.908367634
v -0.00972427148 0.266561747 0.9082804
v 0.017149996 0.264425 0.908146858
v -0.00702810427 0.265217125 0.9084379
v 0.017149996 0.264425 0.908146858
v -0.005383515 0.262065023 0.90816313
v -0.00702810427 0.265217125 0.9084379
v -0.0484719463 0.2643851 0.9088547
v -0.049449563 0.266342759 0.9081592
v -0.0477682538 0.2617349 0.908290565
v -0.0484719463 0.2643851 0.9088547
v -0.05108304 0.26610437 0.908847
v -0.049449563 0.266342759 0.9081592
v -0.05108304 0.26610437 0.908847
v -0.0533365756 0.266202837 0.908299744
v -0.049449563 0.266342759 0.9081592
v -0.0540598966 0.259221375 0.908426464
v -0.0504658148 0.2588551 0.922147751
v -0.0517938063 0.2584944 0.908302248
v -0.0504658148 0.2588551 0.922147751
v -0.04952618 0.259300739 0.908367634
v -0.0517938063 0.2584944 0.908302248
v -0.0504658148 0.2588551 0.922147751
v -0.0477682538 0.2617349 0.908290565
v -0.04952618 0.259300739 0.908367634
v -0.0504658148 0.2588551 0.922147751
v -0.04802119 0.263183057 0.922147751
v -0.0477682538 0.2617349 0.908290565
v -0.04802119 0.263183057 0.922147751
v -0.0484719463 0.2643851 0.9088547
v -0.0477682538 0.2617349 0.908290565
v -0.04802119 0.263183057 0.922147751
v -0.05191063 0.266401142 0.922147036
v -0.0484719463 0.2643851 0.9088547
v -0.05191063 0.266401142 0.922147036
v -0.05108304 0.26610437 0.908847
v -0.0484719463 0.2643851 0.9088547
v -0.05191063 0.266401142 0.922147036
v -0.0533365756 0.266202837 0.908299744
v -0.05108304 0.26610437 0.908847
v -0.0555650331 0.263091981 0.922147453
v -0.0557534881 0.2618334 0.90839535
v -0.05509876 0.264570236 0.9084308
v -0.05191063 0.266401142 0.922147036
v -0.05509876 0.264570236 0.9084308
v -0.0533365756 0.266202837 0.908299744
v -0.0555650331 0.263091981 0.922147453
v -0.0541622452 0.259684771 0.9221469
v -0.0557534881 0.2618334 0.90839535
v -0.0541622452 0.259684771 0.9221469
v -0.0540598966 0.259221375 0.908426464
v -0.0557534881 0.2618334 0.90839535
v -0.0541622452 0.259684771 0.9221469
v -0.0504658148 0.2588551 0.922147751
v -0.0540598966 0.259221375 0.908426464
v -0.054492645 0.315494925 0.9084358
v -0.0556955636 0.3199513 0.9083313
v -0.05553254 0.31786412 0.9088501
v -0.0484719463 0.3203851 0.9088547
v -0.0494505055 0.3223412 0.908160865
v -0.0477682538 0.3177349 0.908290565
v -0.0484719463 0.3203851 0.9088547
v -0.0524665341 0.3223675 0.9085247
v -0.0494505055 0.3223412 0.908160865
v -0.054492645 0.315494925 0.9084358
v -0.0504658036 0.3148551 0.922147751
v -0.0523051843 0.314396054 0.908260942
v -0.0504658036 0.3148551 0.922147751
v -0.0495063178 0.315288454 0.9083267
v -0.0523051843 0.314396054 0.908260942
v -0.0504658036 0.3148551 0.922147751
v -0.0477682538 0.3177349 0.908290565
v -0.0495063178 0.315288454 0.9083267
v -0.0504658036 0.3148551 0.922147751
v -0.04802119 0.319183081 0.922147751
v -0.0477682538 0.3177349 0.908290565
v -0.04802119 0.319183081 0.922147751
v -0.0484719463 0.3203851 0.9088547
v -0.0477682538 0.3177349 0.908290565
v -0.04802119 0.319183081 0.922147751
v -0.0519106239 0.322401136 0.922147036
v -0.0484719463 0.3203851 0.9088547
v -0.0519106239 0.322401136 0.922147036
v -0.0524665341 0.3223675 0.9085247
v -0.0519106239 0.322401136 0.922147036
v -0.0556955636 0.3199513 0.9083313
v -0.0524665341 0.3223675 0.9085247
v -0.0519106239 0.322401136 0.922147036
v -0.05556503 0.319092 0.922147453
v -0.0556955636 0.3199513 0.9083313
v -0.05556503 0.319092 0.922147453
v -0.05553254 0.31786412 0.9088501
v -0.0556955636 0.3199513 0.9083313
v -0.0541622452 0.3156848 0.9221469
v -0.0504658036 0.3148551 0.922147751
v -0.054492645 0.315494925 0.9084358
v -0.0125203785 0.259488285 0.908397138
v -0.0140912952 0.2639913 0.9081635
v -0.0135325454 0.261864126 0.9088501
v -0.0140912952 0.2639913 0.9081635
v -0.0121647995 0.265385151 0.90888387
v -0.0135325454 0.261864126 0.9088501
v -0.00600274 0.2620801 0.908915043
v -0.005383515 0.262065023 0.90816313
v -0.007557797 0.259320319 0.9084329
v -0.00600274 0.2620801 0.908915043
v -0.00702810427 0.265217125 0.9084379
v -0.005383515 0.262065023 0.90816313
v -0.0121647995 0.265385151 0.90888387
v -0.0140912952 0.2639913 0.9081635
v -0.00972427148 0.266561747 0.9082804
v -0.0125203785 0.259488285 0.908397138
v -0.008465814 0.2588551 0.922147751
v -0.01029994 0.258406639 0.9082768
v -0.008465814 0.2588551 0.922147751
v -0.007557797 0.259320319 0.9084329
v -0.01029994 0.258406639 0.9082768
v -0.008465814 0.2588551 0.922147751
v -0.00600274 0.2620801 0.908915043
v -0.007557797 0.259320319 0.9084329
v -0.008465814 0.2588551 0.922147751
v -0.0060211895 0.263183057 0.922147751
v -0.00600274 0.2620801 0.908915043
v -0.0060211895 0.263183057 0.922147751
v -0.00702810427 0.265217125 0.9084379
v -0.00600274 0.2620801 0.908915043
v -0.0060211895 0.263183057 0.922147751
v -0.009910634 0.266401142 0.922147036
v -0.00702810427 0.265217125 0.9084379
v -0.009910634 0.266401142 0.922147036
v -0.00972427148 0.266561747 0.9082804
v -0.00702810427 0.265217125 0.9084379
v -0.009910634 0.266401142 0.922147036
v -0.0121647995 0.265385151 0.90888387
v -0.00972427148 0.266561747 0.9082804
v -0.009910634 0.266401142 0.922147036
v -0.0135650309 0.263091981 0.922147453
v -0.0121647995 0.265385151 0.90888387
v -0.0135650309 0.263091981 0.922147453
v -0.0135325454 0.261864126 0.9088501
v -0.0121647995 0.265385151 0.90888387
v -0.0135650309 0.263091981 0.922147453
v -0.0121622439 0.259684771 0.9221469
v -0.0135325454 0.261864126 0.9088501
v -0.0121622439 0.259684771 0.9221469
v -0.0125203785 0.259488285 0.908397138
v -0.0135325454 0.261864126 0.9088501
v -0.0121622439 0.259684771 0.9221469
v -0.008465814 0.2588551 0.922147751
v -0.0125203785 0.259488285 0.908397138
v -0.012520384 0.315488279 0.908397138
v -0.0137154795 0.319947243 0.9083066
v -0.0135325445 0.31786412 0.9088501
v -0.00600274 0.3180801 0.908915043
v -0.005387601 0.3180654 0.908167064
v -0.007506318 0.315288454 0.9083267
v -0.00600274 0.3180801 0.908915043
v -0.00700021768 0.321236223 0.908372164
v -0.005387601 0.3180654 0.908167064
v -0.012520384 0.315488279 0.908397138
v -0.008465807 0.3148551 0.922147751
v -0.0103051793 0.314396054 0.908260942
v -0.008465807 0.3148551 0.922147751
v -0.007506318 0.315288454 0.9083267
v -0.0103051793 0.314396054 0.908260942
v -0.008465807 0.3148551 0.922147751
v -0.00600274 0.3180801 0.908915043
v -0.007506318 0.315288454 0.9083267
v -0.008465807 0.3148551 0.922147751
v -0.0060211895 0.319183081 0.922147751
v -0.00600274 0.3180801 0.908915043
v -0.0060211895 0.319183081 0.922147751
v -0.00700021768 0.321236223 0.908372164
v -0.00600274 0.3180801 0.908915043
v -0.009910625 0.322401136 0.922147036
v -0.0113365753 0.322202832 0.908299744
v -0.008960796 0.322295725 0.9084348
v -0.009910625 0.322401136 0.922147036
v -0.0137154795 0.319947243 0.9083066
v -0.0113365753 0.322202832 0.908299744
v -0.009910625 0.322401136 0.922147036
v -0.01356503 0.319092 0.922147453
v -0.0137154795 0.319947243 0.9083066
v -0.01356503 0.319092 0.922147453
v -0.0135325445 0.31786412 0.9088501
v -0.0137154795 0.319947243 0.9083066
v -0.01356503 0.319092 0.922147453
v -0.0121622439 0.3156848 0.9221469
v -0.0135325445 0.31786412 0.9088501
v -0.0121622439 0.3156848 0.9221469
v -0.012520384 0.315488279 0.908397138
v -0.0135325445 0.31786412 0.9088501
v -0.0121622439 0.3156848 0.9221469
v -0.008465807 0.3148551 0.922147751
v -0.012520384 0.315488279 0.908397138
v -0.07875 0.264425 0.908146858
v -0.07875 0.247625 0.908146858
v -0.08041251 0.263287485 0.9096345
v -0.07875 0.247625 0.908146858
v -0.0805 0.248349875 0.9098969
v -0.08041251 0.263287485 0.9096345
v 0.017149996 0.240625 0.931947
v 0.017149996 0.240625 0.915146947
v 0.0187880024 0.242095008 0.930812955
v 0.017149996 0.240625 0.915146947
v 0.0189 0.242375 0.915871859
v 0.0187880024 0.242095008 0.930812955
v 0.017149996 0.240625 0.931947
v 0.0187880024 0.242095008 0.930812955
v 0.028443614 0.2412477 0.931080043
v 0.018898543 0.254876763 0.930637538
v 0.0189 0.2587421 0.9286835
v 0.0286999978 0.257687479 0.929372966
v 0.0286999978 0.257687479 0.929372966
v 0.0286999978 0.251999974 0.9308969
v 0.018898543 0.254876763 0.930637538
v 0.0189 0.2587421 0.9286835
v 0.0286999978 0.261851043 0.9252094
v 0.0286999978 0.263374984 0.919521868
v 0.0189002864 0.263287157 0.9211593
v 0.0286999978 0.261851043 0.9252094
v 0.0189030282 0.261708349 0.9255857
v 0.0189002864 0.263287157 0.9211593
v 0.0189 0.2587421 0.9286835
v 0.0146994265 0.25892964 0.928786159
v 0.0189030282 0.261708349 0.9255857
v 0.0146999955 0.261609554 0.9256085
v 0.0189 0.256730884 0.9266738
v 0.0189 0.251614183 0.9280883
v 0.0146999955 0.253634781 0.923579931
v 0.0189 0.251614183 0.9280883
v 0.0146999955 0.2507356 0.9237103
v 0.0146999955 0.253634781 0.923579931
v 0.0189 0.251614183 0.9280883
v 0.0189 0.2466453 0.9262195
v 0.0146999955 0.2507356 0.9237103
v 0.0189 0.2466453 0.9262195
v 0.0146999955 0.248392776 0.921997547
v 0.0146999955 0.2507356 0.9237103
v 0.0189 0.2466453 0.9262195
v 0.0189 0.243728727 0.921783864
v 0.0146999955 0.248392776 0.921997547
v 0.0189 0.243728727 0.921783864
v 0.0146999955 0.2476372 0.919195533
v 0.0146999955 0.248392776 0.921997547
v 0.0189 0.243728727 0.921783864
v 0.01889301 0.244485646 0.9150266
v 0.0146999955 0.2476372 0.919195533
v 0.01889301 0.244485646 0.9150266
v 0.0146999955 0.248801321 0.916537166
v 0.0146999955 0.2476372 0.919195533
v 0.01889301 0.244485646 0.9150266
v 0.0188649148 0.251576275 0.9106503
v 0.0146999955 0.248801321 0.916537166
v 0.0188649148 0.251576275 0.9106503
v 0.0146999955 0.251372933 0.915192068
v 0.0146999955 0.248801321 0.916537166
v 0.0188649148 0.251576275 0.9106503
v 0.0146999955 0.254220426 0.915752351
v 0.0146999955 0.251372933 0.915192068
v 0.0188649148 0.251576275 0.9106503
v 0.0189 0.258506984 0.913937151
v 0.0146999955 0.254220426 0.915752351
v 0.0189 0.258506984 0.913937151
v 0.0146999955 0.256090939 0.9179712
v 0.0146999955 0.254220426 0.915752351
v 0.0189 0.258506984 0.913937151
v 0.0189 0.260534436 0.9186891
v 0.0146999955 0.256090939 0.9179712
v 0.0189 0.260534436 0.9186891
v 0.0147047834 0.256158441 0.9213757
v 0.0146999955 0.256090939 0.9179712
v 0.0189 0.260534436 0.9186891
v 0.0189 0.2594639 0.9237434
v 0.0147047834 0.256158441 0.9213757
v -0.07630459 0.2541369 0.9235425
v 0.0147047834 0.256158441 0.9213757
v 0.0146999955 0.253634781 0.923579931
v -0.0763 0.2561613 0.92087245
v 0.0147047834 0.256158441 0.9213757
v -0.07630459 0.2541369 0.9235425
v -0.0805 0.256730884 0.9266738
v -0.07630459 0.2541369 0.9235425
v -0.0805 0.251614183 0.9280883
v -0.07630459 0.2541369 0.9235425
v -0.0763 0.2507356 0.9237103
v -0.0805 0.251614183 0.9280883
v -0.0763 0.2507356 0.9237103
v -0.0805 0.2466453 0.9262195
v -0.0805 0.251614183 0.9280883
v -0.0763 0.2507356 0.9237103
v -0.0763 0.248392776 0.921997547
v -0.0805 0.2466453 0.9262195
v -0.0763 0.248392776 0.921997547
v -0.0805 0.243728727 0.921783864
v -0.0805 0.2466453 0.9262195
v -0.0763 0.248392776 0.921997547
v -0.0763 0.2476372 0.919195533
v -0.0805 0.243728727 0.921783864
v -0.0763 0.2476372 0.919195533
v -0.08049301 0.244485646 0.9150266
v -0.0805 0.243728727 0.921783864
v -0.0763 0.2476372 0.919195533
v -0.0763 0.248801321 0.916537166
v -0.08049301 0.244485646 0.9150266
v -0.0763 0.248801321 0.916537166
v -0.0804649144 0.251576275 0.9106503
v -0.08049301 0.244485646 0.9150266
v -0.0763 0.248801321 0.916537166
v -0.0763 0.251372933 0.915192068
v -0.0804649144 0.251576275 0.9106503
v -0.0763 0.251372933 0.915192068
v -0.0763 0.254220426 0.915752351
v -0.0804649144 0.251576275 0.9106503
v -0.0763 0.254220426 0.915752351
v -0.0805 0.258506984 0.913937151
v -0.0804649144 0.251576275 0.9106503
v -0.0763 0.254220426 0.915752351
v -0.0763 0.256090939 0.9179712
v -0.0805 0.258506984 0.913937151
v -0.0763 0.256090939 0.9179712
v -0.0805 0.260534436 0.9186891
v -0.0805 0.258506984 0.913937151
v -0.0763 0.256090939 0.9179712
v -0.0763 0.2561613 0.92087245
v -0.0805 0.260534436 0.9186891
v -0.0763 0.2561613 0.92087245
v -0.0805 0.2594639 0.9237434
v -0.0805 0.260534436 0.9186891
v -0.0805 0.2587421 0.9286835
v -0.07629943 0.25892964 0.928786159
v -0.0805 0.256730884 0.9266738
v -0.07629943 0.25892964 0.928786159
v -0.07630459 0.2541369 0.9235425
v -0.0805 0.256730884 0.9266738
v -0.08050303 0.261708349 0.9255857
v -0.0902999938 0.261851043 0.9252094
v -0.08050029 0.263287157 0.9211593
v -0.07629943 0.25892964 0.928786159
v -0.0805 0.2587421 0.9286835
v -0.08050303 0.261708349 0.9255857
v -0.0763 0.261609554 0.9256085
v -0.0902999938 0.261851043 0.9252094
v -0.0902999938 0.263374984 0.919521868
v -0.08050029 0.263287157 0.9211593
v -0.0805 0.2587421 0.9286835
v -0.0902999938 0.257687479 0.929372966
v -0.08049855 0.254876882 0.930637538
v -0.0902999938 0.251999974 0.9308969
v -0.0805 0.2587421 0.9286835
v -0.08049855 0.254876882 0.930637538
v -0.0902999938 0.257687479 0.929372966
v -0.0763 0.26139307 1.05310631
v -0.0763002038 0.2585939 1.05003333
v -0.07630468 0.2560926 1.05752635
v -0.0763002038 0.2585939 1.05003333
v -0.0763 0.253491729 1.05540907
v -0.07630468 0.2560926 1.05752635
v 0.0146999955 0.3273652 0.923579931
v 0.01470507 0.324838728 0.9213733
v -0.0763048753 0.326865256 0.9235455
v 0.01470507 0.324838728 0.9213733
v -0.0763 0.324838668 0.92087245
v -0.0763048753 0.326865256 0.9235455
v 0.0189 0.321536064 0.9237434
v 0.0188706629 0.320756167 0.916091442
v 0.01470507 0.324838728 0.9213733
v 0.0188706629 0.320756167 0.916091442
v 0.0146999955 0.324909031 0.9179712
v 0.01470507 0.324838728 0.9213733
v 0.0188706629 0.320756167 0.916091442
v 0.0146999955 0.326779544 0.915752351
v 0.0188706629 0.320756167 0.916091442
v 0.0188649148 0.329423726 0.9106503
v 0.0146999955 0.326779544 0.915752351
v 0.0188649148 0.329423726 0.9106503
v 0.0146999955 0.329627067 0.915192068
v 0.0146999955 0.326779544 0.915752351
v 0.0188649148 0.329423726 0.9106503
v 0.0146999955 0.332198679 0.916537166
v 0.0146999955 0.329627067 0.915192068
v 0.0188649148 0.329423726 0.9106503
v 0.01889301 0.336514324 0.915026546
v 0.0146999955 0.332198679 0.916537166
v 0.01889301 0.336514324 0.915026546
v 0.0146999955 0.3333628 0.919195533
v 0.0146999955 0.332198679 0.916537166
v 0.01889301 0.336514324 0.915026546
v 0.0189 0.337271243 0.921783864
v 0.0146999955 0.3333628 0.919195533
v 0.0189 0.337271243 0.921783864
v 0.0146999955 0.3326072 0.921997547
v 0.0146999955 0.3333628 0.919195533
v 0.0189 0.337271243 0.921783864
v 0.0189 0.334354669 0.9262195
v 0.0146999955 0.3326072 0.921997547
v 0.0189 0.334354669 0.9262195
v 0.0146999955 0.3302644 0.9237103
v 0.0146999955 0.3326072 0.921997547
v 0.0189 0.334354669 0.9262195
v 0.0189 0.329385817 0.9280883
v 0.0146999955 0.3302644 0.9237103
v 0.0189 0.329385817 0.9280883
v 0.0146999955 0.3273652 0.923579931
v 0.0146999955 0.3302644 0.9237103
v 0.0189 0.329385817 0.9280883
v 0.0189 0.3242691 0.9266738
v 0.0146999955 0.3273652 0.923579931
v -0.0805 0.321536064 0.9237434
v -0.0763 0.324838668 0.92087245
v -0.08047067 0.320756167 0.916091442
v -0.0763 0.324838668 0.92087245
v -0.0763 0.324909031 0.9179712
v -0.08047067 0.320756167 0.916091442
v -0.0763 0.326779544 0.915752351
v -0.08047067 0.320756167 0.916091442
v -0.0763 0.326779544 0.915752351
v -0.08046492 0.329423726 0.9106503
v -0.08047067 0.320756167 0.916091442
v -0.0763 0.326779544 0.915752351
v -0.0763 0.329627067 0.915192068
v -0.08046492 0.329423726 0.9106503
v -0.0763 0.329627067 0.915192068
v -0.0763 0.332198679 0.916537166
v -0.08046492 0.329423726 0.9106503
v -0.0763 0.332198679 0.916537166
v -0.08049301 0.336514324 0.915026546
v -0.08046492 0.329423726 0.9106503
v -0.0763 0.332198679 0.916537166
v -0.0763 0.3333628 0.919195533
v -0.08049301 0.336514324 0.915026546
v -0.0763 0.3333628 0.919195533
v -0.0805 0.337271243 0.921783864
v -0.08049301 0.336514324 0.915026546
v -0.0763 0.3333628 0.919195533
v -0.0763 0.3326072 0.921997547
v -0.0805 0.337271243 0.921783864
v -0.0763 0.3326072 0.921997547
v -0.0805 0.334354669 0.9262195
v -0.0805 0.337271243 0.921783864
v -0.0763 0.3326072 0.921997547
v -0.0763 0.3302644 0.9237103
v -0.0805 0.334354669 0.9262195
v -0.0763 0.3302644 0.9237103
v -0.0805 0.329385817 0.9280883
v -0.0805 0.334354669 0.9262195
v -0.0763 0.3302644 0.9237103
v -0.0763048753 0.326865256 0.9235455
v -0.0805 0.329385817 0.9280883
v -0.0763048753 0.326865256 0.9235455
v -0.0805 0.3242691 0.9266738
v -0.0805 0.329385817 0.9280883
v -0.0805021748 0.3222895 0.9288163
v -0.0902999938 0.3233125 0.929372966
v -0.08050021 0.327199668 0.930788457
v -0.0805021748 0.3222895 0.9288163
v -0.07630002 0.319277465 0.925768256
v -0.0763 0.3222579 0.9286835
v -0.0805 0.319390416 0.9256085
v -0.0902999938 0.3233125 0.929372966
v -0.0902999938 0.329 0.9308969
v -0.08050021 0.327199668 0.930788457
v -0.0805 0.319390416 0.9256085
v -0.0902999938 0.319148958 0.9252094
v -0.08049842 0.317827076 0.9220612
v -0.0902999938 0.317625 0.919521868
v -0.0805 0.319390416 0.9256085
v -0.08049842 0.317827076 0.9220612
v -0.0902999938 0.319148958 0.9252094
v -0.0805 0.332650125 0.9098969
v -0.07875 0.333374977 0.908146858
v -0.0804125 0.3177125 0.9096345
v -0.07875 0.333374977 0.908146858
v -0.07875 0.316575 0.908146858
v -0.0804125 0.3177125 0.9096345
v -0.0804125 0.3177125 0.9096345
v -0.07875 0.316575 0.908146858
v -0.09023129 0.3174778 0.9088535
v -0.07875 0.264425 0.908146858
v -0.08041251 0.263287485 0.9096345
v -0.09017917 0.2635994 0.9086734
v -0.07875 0.340374976 0.931947
v -0.080388 0.338904977 0.930812955
v -0.09017919 0.339848548 0.9311213
v -0.0804125 0.3388875 1.04823434
v -0.07875 0.340374976 1.047097
v -0.09012637 0.339961618 1.04787409
v -0.0805 0.338624984 1.0631721
v -0.07875 0.340374976 1.06389689
v -0.0804125 0.3388875 1.04823434
v -0.07875 0.340374976 1.06389689
v -0.07875 0.340374976 1.047097
v -0.0804125 0.3388875 1.04823434
v -0.0903000161 0.317666441 1.05823755
v -0.0805 0.317625 1.05952191
v -0.0850499943 0.317696631 1.05824721
v -0.080499 0.319149166 1.05340171
v -0.08505027 0.319578171 1.05282819
v -0.0805 0.317625 1.05952191
v -0.080499 0.319149166 1.05340171
v -0.0850499943 0.317696631 1.05824721
v -0.0763002038 0.3224061 1.05003333
v -0.0805 0.322584331 1.05012894
v -0.08505027 0.319578171 1.05282819
v -0.08505027 0.319578171 1.05282819
v -0.0805 0.322584331 1.05012894
v -0.0850499943 0.324304581 1.04916131
v -0.0805 0.322584331 1.05012894
v -0.08050007 0.326251715 1.04837525
v -0.0850499943 0.324304581 1.04916131
v -0.08050007 0.326251715 1.04837525
v -0.09030003 0.324266374 1.04911172
v -0.0850499943 0.324304581 1.04916131
v -0.08050007 0.326251715 1.04837525
v -0.09030003 0.32794866 1.04818082
v -0.09030003 0.324266374 1.04911172
v -0.08505016 0.327407122 1.02648
v -0.0850499943 0.316979259 1.00654578
v -0.08505107 0.325592428 1.02986538
v -0.0850499943 0.326392055 1.034705
v -0.08505107 0.325592428 1.02986538
v -0.08505 0.3267977 1.037364
v -0.0850499943 0.326392055 1.034705
v -0.08505 0.3267977 1.037364
v -0.0850495249 0.3283042 1.03675234
v -0.08505107 0.325592428 1.02986538
v -0.08505027 0.319578171 1.05282819
v -0.0850499943 0.3228893 1.048132
v -0.08505027 0.319578171 1.05282819
v -0.08505107 0.325592428 1.02986538
v -0.0850499943 0.316281348 1.05721784
v -0.0850499943 0.326392055 1.034705
v -0.0850495249 0.3283042 1.03675234
v -0.07875 0.326932967 1.03545892
v -0.0850495249 0.3283042 1.03675234
v -0.09029982 0.3270071 1.03677464
v -0.07875 0.33056137 1.03755391
v -0.09029982 0.3270071 1.03677464
v -0.0902999938 0.3328721 1.03751862
v -0.07875 0.33056137 1.03755391
v -0.0850495249 0.3283042 1.03675234
v -0.07875 0.326932967 1.03545892
v -0.0850499943 0.326392055 1.034705
v -0.07875 0.3255 1.03152192
v -0.0902999938 0.3328721 1.02552533
v -0.09029998 0.327207655 1.0262953
v -0.07875 0.33056137 1.02549
v -0.09029998 0.327207655 1.0262953
v -0.08505016 0.327407122 1.02648
v -0.07875 0.33056137 1.02549
v -0.08505016 0.327407122 1.02648
v -0.07875 0.326932967 1.02758479
v -0.07875 0.33056137 1.02549
v -0.08505016 0.327407122 1.02648
v -0.08505107 0.325592428 1.02986538
v -0.07875 0.326932967 1.02758479
v -0.08505107 0.325592428 1.02986538
v -0.07875 0.3255 1.03152192
v -0.07875 0.326932967 1.02758479
v -0.08505107 0.325592428 1.02986538
v -0.0850499943 0.326392055 1.034705
v -0.07875 0.3255 1.03152192
v -0.0850495249 0.3283042 1.03675234
v -0.08505 0.3267977 1.037364
v -0.09029982 0.3270071 1.03677464
v -0.0850499943 0.299940437 1.06667638
v -0.08939644 0.28962937 1.067946
v -0.08976268 0.291370958 1.06794608
v -0.0850499943 0.299940437 1.06667638
v -0.09030423 0.304956019 1.06523514
v -0.0850499943 0.299940437 1.06667638
v -0.0850499943 0.281059533 1.06667638
v -0.08939644 0.28962937 1.067946
v -0.08939644 0.28962937 1.067946
v -0.0850499943 0.281059533 1.06667638
v -0.09030423 0.276043981 1.06523514
v -0.0850499943 0.281059533 1.06667638
v -0.0850499943 0.264718622 1.05721784
v -0.09030423 0.276043981 1.06523514
v -0.0850499943 0.264718622 1.05721784
v -0.0902999938 0.264718622 1.05721784
v -0.0850499943 0.316281348 1.05721784
v -0.0850499943 0.299940437 1.06667638
v -0.09030423 0.304956019 1.06523514
v -0.0850499943 0.316281348 1.05721784
v -0.0902999938 0.316281348 1.05721784
v -0.08505 0.3267977 1.037364
v -0.0903 0.323184222 1.04815292
v -0.09029982 0.3270071 1.03677464
v -0.08505 0.3267977 1.037364
v -0.0850499943 0.3228893 1.048132
v -0.0903 0.323184222 1.04815292
v -0.09029998 0.327207655 1.0262953
v -0.0902999938 0.316979259 1.00654578
v -0.08505016 0.327407122 1.02648
v -0.0902999938 0.316979259 1.00654578
v -0.0850499943 0.316979259 1.00654578
v -0.0902999938 0.299249619 0.9961892
v -0.0850499943 0.299249619 0.9961892
v -0.0902999938 0.278735876 0.9970754
v -0.0850499943 0.278735876 0.9970754
v -0.0902999938 0.261965424 1.00892234
v -0.0850499943 0.261965424 1.00892234
v -0.0902999938 0.2542746 1.02796054
v -0.0850499943 0.2542746 1.02796054
v -0.0902999938 0.258110672 1.048132
v -0.0850499943 0.258110672 1.048132
v -0.08976268 0.291370958 1.06794608
v -0.08939644 0.28962937 1.067946
v -0.08925 0.291374981 1.06984687
v -0.08939644 0.28962937 1.067946
v -0.08925 0.289625 1.06984687
v -0.08925 0.291374981 1.06984687
v -0.08925 0.289625 1.06984687
v -0.07105 0.289625 1.06984687
v -0.08925 0.291374981 1.06984687
v -0.07105 0.289625 1.06984687
v -0.07105 0.291374981 1.07068682
v -0.08925 0.291374981 1.06984687
v -0.07105 0.289625 1.07089686
v -0.08925 0.289625 1.06984687
v -0.0899850354 0.289625 1.07058191
v -0.08925 0.289625 1.06984687
v -0.08939644 0.28962937 1.067946
v -0.0899850354 0.289625 1.07058191
v -0.07105 0.289625 1.07089686
v -0.07105 0.289625 1.06984687
v -0.07105 0.291374981 1.07068682
v -0.07105 0.289625 1.06984687
v -0.07105 0.289625 1.07089686
v -0.08976268 0.291370958 1.06794608
v -0.08925 0.291374981 1.06984687
v -0.0899850354 0.291374981 1.07058191
v -0.08925 0.291374981 1.06984687
v -0.07105 0.291374981 1.07068682
v -0.0899850354 0.291374981 1.07058191
v -0.0903 0.323184222 1.04815292
v -0.0850499943 0.3228893 1.048132
v -0.09030003 0.324266374 1.04911172
v -0.0850499943 0.3228893 1.048132
v -0.0850499943 0.324304581 1.04916131
v -0.09030003 0.324266374 1.04911172
v -0.080499 0.319149166 1.05340171
v -0.0805 0.321686268 1.05504537
v -0.0763 0.3196069 1.05310631
v -0.0805 0.321686268 1.05504537
v -0.0763 0.324887156 1.05803013
v -0.0763 0.3196069 1.05310631
v -0.0805 0.32452336 1.05220819
v -0.07630469 0.327004373 1.05542922
v -0.0805 0.3296115 1.05096877
v -0.07630469 0.327004373 1.05542922
v -0.0763 0.330409765 1.05538023
v -0.0805 0.3296115 1.05096877
v -0.0763 0.330409765 1.05538023
v -0.0805 0.334471554 1.05291939
v -0.0805 0.3296115 1.05096877
v -0.0763 0.330409765 1.05538023
v -0.0763 0.332691133 1.05717325
v -0.0805 0.334471554 1.05291939
v -0.0763 0.332691133 1.05717325
v -0.0805 0.337290823 1.05733275
v -0.0805 0.334471554 1.05291939
v -0.0763 0.332691133 1.05717325
v -0.0763 0.33334884 1.05999947
v -0.0805 0.337290823 1.05733275
v -0.0763 0.33334884 1.05999947
v -0.08049399 0.336497277 1.06402779
v -0.0805 0.337290823 1.05733275
v -0.0763 0.33334884 1.05999947
v -0.0763 0.332093567 1.06261551
v -0.08049399 0.336497277 1.06402779
v -0.0763 0.332093567 1.06261551
v -0.08046388 0.329299271 1.06840229
v -0.08049399 0.336497277 1.06402779
v -0.0763 0.332093567 1.06261551
v -0.0763 0.3294775 1.06387079
v -0.08046388 0.329299271 1.06840229
v -0.0763 0.326651365 1.06321311
v -0.08046388 0.329299271 1.06840229
v -0.0763 0.326651365 1.06321311
v -0.0805 0.32239753 1.0649935
v -0.08046388 0.329299271 1.06840229
v -0.0763 0.326651365 1.06321311
v -0.0763 0.324858338 1.06093168
v -0.0805 0.32239753 1.0649935
v -0.0763 0.324858338 1.06093168
v -0.0805 0.320446819 1.06013346
v -0.0805 0.32239753 1.0649935
v -0.0763 0.324858338 1.06093168
v -0.0763 0.324887156 1.05803013
v -0.0805 0.320446819 1.06013346
v -0.0763 0.324887156 1.05803013
v -0.0805 0.321686268 1.05504537
v -0.0805 0.320446819 1.06013346
v -0.0805 0.322584331 1.05012894
v -0.0763002038 0.3224061 1.05003333
v -0.0805 0.32452336 1.05220819
v -0.0763002038 0.3224061 1.05003333
v -0.07630469 0.327004373 1.05542922
v -0.0805 0.32452336 1.05220819
v 0.0146999955 0.324887156 1.05803013
v 0.0147044752 0.326859623 1.05544925
v -0.0763 0.324887156 1.05803013
v 0.0147044752 0.326859623 1.05544925
v -0.07630469 0.327004373 1.05542922
v -0.0763 0.324887156 1.05803013
v 0.0189 0.32452336 1.05220819
v 0.0189 0.3296115 1.05096877
v 0.0147044752 0.326859623 1.05544925
v 0.0189 0.3296115 1.05096877
v 0.0146999955 0.330409765 1.05538023
v 0.0147044752 0.326859623 1.05544925
v 0.0189 0.3296115 1.05096877
v 0.0189 0.334471554 1.05291939
v 0.0146999955 0.330409765 1.05538023
v 0.0189 0.334471554 1.05291939
v 0.0146999955 0.332691133 1.05717325
v 0.0146999955 0.330409765 1.05538023
v 0.0189 0.334471554 1.05291939
v 0.0189 0.337290823 1.05733275
v 0.0146999955 0.332691133 1.05717325
v 0.0189 0.337290823 1.05733275
v 0.0146999955 0.33334884 1.05999947
v 0.0146999955 0.332691133 1.05717325
v 0.0189 0.337290823 1.05733275
v 0.0188939851 0.336497277 1.06402779
v 0.0146999955 0.33334884 1.05999947
v 0.0188939851 0.336497277 1.06402779
v 0.0146999955 0.332093567 1.06261551
v 0.0146999955 0.33334884 1.05999947
v 0.0188939851 0.336497277 1.06402779
v 0.0188638717 0.329299271 1.06840229
v 0.0146999955 0.332093567 1.06261551
v 0.0188638717 0.329299271 1.06840229
v 0.0146999955 0.3294775 1.06387079
v 0.0146999955 0.332093567 1.06261551
v 0.0188638717 0.329299271 1.06840229
v 0.0146999955 0.326651365 1.06321311
v 0.0188638717 0.329299271 1.06840229
v 0.0189 0.32239753 1.0649935
v 0.0146999955 0.326651365 1.06321311
v 0.0189 0.32239753 1.0649935
v 0.0146999955 0.324858338 1.06093168
v 0.0146999955 0.326651365 1.06321311
v 0.0189 0.32239753 1.0649935
v 0.0189 0.320446819 1.06013346
v 0.0146999955 0.324858338 1.06093168
v 0.0189 0.320446819 1.06013346
v 0.0146999955 0.324887156 1.05803013
v 0.0146999955 0.324858338 1.06093168
v 0.0189 0.320446819 1.06013346
v 0.0189 0.321686268 1.05504537
v 0.0146999955 0.324887156 1.05803013
v 0.0147044752 0.326859623 1.05544925
v 0.0147001939 0.322406054 1.05003333
v 0.0189 0.32452336 1.05220819
v 0.0147001939 0.322406054 1.05003333
v 0.0189 0.322584331 1.05012894
v 0.0189 0.32452336 1.05220819
v 0.0234500021 0.317696631 1.05824721
v 0.0189 0.317625 1.05952191
v 0.0287000127 0.3176667 1.05823159
v 0.0234502684 0.319578171 1.05282819
v 0.0188989975 0.319149166 1.05340171
v 0.0189 0.317625 1.05952191
v 0.0234500021 0.317696631 1.05824721
v 0.0188989975 0.319149166 1.05340171
v 0.0234502684 0.319578171 1.05282819
v 0.0189 0.322584331 1.05012894
v 0.0147001939 0.322406054 1.05003333
v 0.0234502684 0.319578171 1.05282819
v 0.0234500021 0.324304581 1.04916131
v 0.0189 0.322584331 1.05012894
v 0.0234500021 0.324304581 1.04916131
v 0.018900061 0.326251715 1.04837525
v 0.0189 0.322584331 1.05012894
v 0.0234500021 0.324304581 1.04916131
v 0.0286998414 0.32473883 1.04869628
v 0.018900061 0.326251715 1.04837525
v 0.0234500021 0.3228893 1.048132
v 0.0286999978 0.3228893 1.048132
v 0.0234500021 0.324304581 1.04916131
v 0.0286999978 0.3228893 1.048132
v 0.0286998414 0.32473883 1.04869628
v 0.0234500021 0.324304581 1.04916131
v 0.0188124944 0.3388875 1.04823434
v 0.0286998414 0.32473883 1.04869628
v 0.0285342 0.339711875 1.047981
v 0.0188124944 0.3388875 1.04823434
v 0.018900061 0.326251715 1.04837525
v 0.0286998414 0.32473883 1.04869628
v 0.017149996 0.340374976 1.047097
v 0.0188124944 0.3388875 1.04823434
v 0.0285342 0.339711875 1.047981
v 0.017149996 0.340374976 1.047097
v 0.017149996 0.340374976 1.06389689
v 0.0188124944 0.3388875 1.04823434
v 0.017149996 0.340374976 1.06389689
v 0.0189 0.338624984 1.0631721
v 0.0188124944 0.3388875 1.04823434
v 0.0146999955 0.324887156 1.05803013
v 0.0189 0.321686268 1.05504537
v 0.0146999955 0.3196069 1.05310631
v 0.0189 0.321686268 1.05504537
v 0.0188989975 0.319149166 1.05340171
v 0.0146999955 0.3196069 1.05310631
v 0.0189 0.332650125 1.06914687
v 0.017149996 0.333374977 1.07089686
v 0.0188124888 0.3177125 1.06940961
v 0.017149996 0.333374977 1.07089686
v 0.017149996 0.316575 1.07089686
v 0.0188124888 0.3177125 1.06940961
v 0.0188124888 0.3177125 1.06940961
v 0.017149996 0.316575 1.07089686
v 0.028577514 0.3174675 1.07021451
v 0.01470507 0.324838728 0.9213733
v 0.0147000114 0.319277465 0.925768256
v 0.0189 0.321536064 0.9237434
v 0.0147000114 0.319277465 0.925768256
v 0.0189 0.319390416 0.9256085
v 0.0189 0.321536064 0.9237434
v 0.0188984182 0.317827076 0.9220612
v 0.0189 0.319390416 0.9256085
v 0.0286999978 0.319148958 0.9252094
v 0.0286999978 0.319148958 0.9252094
v 0.0286999978 0.317625 0.919521868
v 0.0188984182 0.317827076 0.9220612
v 0.0189 0.319390416 0.9256085
v 0.0286999978 0.3233125 0.929372966
v 0.0286999978 0.329 0.9308969
v 0.0189002119 0.327199548 0.930788457
v 0.0189 0.319390416 0.9256085
v 0.0147000114 0.319277465 0.925768256
v 0.0146999955 0.3222579 0.9286835
v 0.0189021733 0.322289526 0.9288164
v 0.0286999978 0.3233125 0.929372966
v 0.0189021733 0.322289526 0.9288164
v 0.0189002119 0.327199548 0.930788457
v 0.0146999955 0.3273652 0.923579931
v 0.0189 0.3242691 0.9266738
v 0.0146999955 0.3222579 0.9286835
v 0.0189 0.3242691 0.9266738
v 0.0189021733 0.322289526 0.9288164
v 0.0146999955 0.3222579 0.9286835
v 0.0189 0.338624984 0.915871859
v 0.017149996 0.340374976 0.915146947
v 0.0187879931 0.338905 0.930812955
v 0.017149996 0.340374976 0.915146947
v 0.017149996 0.340374976 0.931947
v 0.0187879931 0.338905 0.930812955
v 0.0187879931 0.338905 0.930812955
v 0.017149996 0.340374976 0.931947
v 0.0284436177 0.339752316 0.931080043
v 0.017149996 0.316575 0.908146858
v 0.0188125 0.3177125 0.9096345
v 0.0283355135 0.317364633 0.908589363
v 0.0188125 0.263287485 0.9096345
v 0.017149996 0.264425 0.908146858
v 0.0285341945 0.263540775 0.9088101
v 0.0189 0.248349875 0.9098969
v 0.017149996 0.247625 0.908146858
v 0.0188125 0.263287485 0.9096345
v 0.017149996 0.247625 0.908146858
v 0.017149996 0.264425 0.908146858
v 0.0188125 0.263287485 0.9096345
v -0.07630468 0.2560926 1.05752635
v 0.0147046838 0.253995657 1.05542922
v 0.0146999955 0.2561128 1.05803013
v -0.0763 0.253491729 1.05540907
v 0.0147046838 0.253995657 1.05542922
v -0.07630468 0.2560926 1.05752635
v 0.0189 0.2593137 1.05504537
v 0.0189 0.260553181 1.06013346
v 0.0146999955 0.2561128 1.05803013
v 0.0189 0.260553181 1.06013346
v 0.0146999955 0.256141633 1.06093168
v 0.0146999955 0.2561128 1.05803013
v 0.0189 0.260553181 1.06013346
v 0.0189 0.25860247 1.0649935
v 0.0146999955 0.256141633 1.06093168
v 0.0189 0.25860247 1.0649935
v 0.0146999955 0.2543486 1.06321311
v 0.0146999955 0.256141633 1.06093168
v 0.0189 0.25860247 1.0649935
v 0.0188638717 0.25170067 1.06840241
v 0.0146999955 0.2543486 1.06321311
v 0.0188638717 0.25170067 1.06840241
v 0.0146999955 0.251522481 1.06387079
v 0.0146999955 0.2543486 1.06321311
v 0.0188638717 0.25170067 1.06840241
v 0.0146999955 0.248906419 1.06261551
v 0.0188638717 0.25170067 1.06840241
v 0.0188939851 0.244502753 1.06402791
v 0.0146999955 0.248906419 1.06261551
v 0.0188939851 0.244502753 1.06402791
v 0.0146999955 0.24765113 1.05999947
v 0.0146999955 0.248906419 1.06261551
v 0.0188939851 0.244502753 1.06402791
v 0.0189 0.243709132 1.05733275
v 0.0146999955 0.24765113 1.05999947
v 0.0189 0.243709132 1.05733275
v 0.0146999955 0.248308852 1.05717325
v 0.0146999955 0.24765113 1.05999947
v 0.0189 0.243709132 1.05733275
v 0.0189 0.246528417 1.05291939
v 0.0146999955 0.248308852 1.05717325
v 0.0189 0.246528417 1.05291939
v 0.0146999955 0.2505902 1.05538023
v 0.0146999955 0.248308852 1.05717325
v 0.0189 0.246528417 1.05291939
v 0.0189 0.25138846 1.05096877
v 0.0146999955 0.2505902 1.05538023
v 0.0189 0.25138846 1.05096877
v 0.0147046838 0.253995657 1.05542922
v 0.0146999955 0.2505902 1.05538023
v 0.0189 0.25138846 1.05096877
v 0.0189 0.2564766 1.05220819
v 0.0147046838 0.253995657 1.05542922
v -0.0805 0.2593137 1.05504537
v -0.07630468 0.2560926 1.05752635
v -0.0805 0.260553181 1.06013346
v -0.07630468 0.2560926 1.05752635
v -0.0763 0.256141633 1.06093168
v -0.0805 0.260553181 1.06013346
v -0.0763 0.256141633 1.06093168
v -0.0805 0.25860247 1.0649935
v -0.0805 0.260553181 1.06013346
v -0.0763 0.256141633 1.06093168
v -0.0763 0.2543486 1.06321311
v -0.0805 0.25860247 1.0649935
v -0.0763 0.2543486 1.06321311
v -0.08046387 0.25170067 1.06840241
v -0.0805 0.25860247 1.0649935
v -0.0763 0.2543486 1.06321311
v -0.0763 0.251522481 1.06387079
v -0.08046387 0.25170067 1.06840241
v -0.0763 0.248906419 1.06261551
v -0.08046387 0.25170067 1.06840241
v -0.0763 0.248906419 1.06261551
v -0.08049399 0.244502753 1.06402791
v -0.08046387 0.25170067 1.06840241
v -0.0763 0.248906419 1.06261551
v -0.0763 0.24765113 1.05999947
v -0.08049399 0.244502753 1.06402791
v -0.0763 0.24765113 1.05999947
v -0.0805 0.243709132 1.05733275
v -0.08049399 0.244502753 1.06402791
v -0.0763 0.24765113 1.05999947
v -0.0763 0.248308852 1.05717325
v -0.0805 0.243709132 1.05733275
v -0.0763 0.248308852 1.05717325
v -0.0805 0.246528417 1.05291939
v -0.0805 0.243709132 1.05733275
v -0.0763 0.248308852 1.05717325
v -0.0763 0.2505902 1.05538023
v -0.0805 0.246528417 1.05291939
v -0.0763 0.2505902 1.05538023
v -0.0805 0.25138846 1.05096877
v -0.0805 0.246528417 1.05291939
v -0.0763 0.2505902 1.05538023
v -0.0763 0.253491729 1.05540907
v -0.0805 0.25138846 1.05096877
v -0.0763 0.253491729 1.05540907
v -0.0805 0.2564766 1.05220819
v -0.0805 0.25138846 1.05096877
v -0.080499 0.261850834 1.05340171
v -0.0763 0.26139307 1.05310631
v -0.0805 0.2593137 1.05504537
v -0.0763 0.26139307 1.05310631
v -0.07630468 0.2560926 1.05752635
v -0.0805 0.2593137 1.05504537
v 0.0188989975 0.261850834 1.05340171
v 0.0189 0.2593137 1.05504537
v 0.0146999955 0.26139307 1.05310631
v 0.0189 0.2593137 1.05504537
v 0.0146999955 0.2561128 1.05803013
v 0.0146999955 0.26139307 1.05310631
v -0.0805 0.242375 0.915871859
v -0.07875 0.240625 0.915146947
v -0.0803879946 0.242095008 0.930812955
v -0.07875 0.240625 0.915146947
v -0.07875 0.240625 0.931947
v -0.0803879946 0.242095008 0.930812955
v -0.0803879946 0.242095008 0.930812955
v -0.07875 0.240625 0.931947
v -0.09015494 0.241143122 0.931124866
v 0.010850003 0.319724977 0.96922195
v 0.010850003 0.319724977 1.00037193
v 0.0129499976 0.317625 0.97132194
v 0.010850003 0.319724977 1.00037193
v 0.0130241495 0.316512764 1.00027227
v 0.0129499976 0.317625 0.97132194
v 0.0209999979 0.301638335 1.02504742
v 0.0129499976 0.301713854 1.02508032
v 0.0209999979 0.304594368 1.02056885
v 0.0240423065 0.292949975 1.04260683
v 0.02485 0.292949975 1.048853
v 0.0244461652 0.28805 1.04301071
v 0.02485 0.292949975 1.048853
v 0.02485 0.28805 1.048853
v 0.0244461652 0.28805 1.04301071
v 0.0209999979 0.292949975 1.049203
v 0.0209999979 0.303739369 1.04349446
v 0.0234500021 0.292976 1.0490005
v 0.0234500021 0.288036734 1.04900336
v 0.0234500021 0.277260631 1.04349446
v 0.0209999979 0.28805 1.049203
v 0.0209999979 0.279443234 1.0251385
v 0.0209999979 0.276405632 1.02056885
v 0.0129499976 0.279191017 1.02496266
v 0.0129499976 0.279191017 1.02496266
v 0.0129499976 0.281963527 1.02557862
v 0.0209999979 0.279443234 1.0251385
v 0.0129499976 0.281963527 1.02557862
v 0.0209999979 0.281996936 1.02557719
v 0.0209999979 0.279443234 1.0251385
v 0.0244461652 0.28805 1.04301071
v 0.0209999979 0.28805 1.04220307
v 0.0240423065 0.292949975 1.04260683
v 0.0209999979 0.28805 1.04220307
v 0.0209999979 0.292949975 1.04220307
v 0.0240423065 0.292949975 1.04260683
v 0.010850003 0.261275 0.96922195
v 0.0129499976 0.263374984 0.97132194
v 0.010850003 0.261275 1.00037193
v 0.0129499976 0.263374984 0.97132194
v 0.0130241495 0.264487267 1.00027227
v 0.010850003 0.261275 1.00037193
v 0.0146999955 0.253634781 0.923579931
v 0.0146994265 0.25892964 0.928786159
v 0.0189 0.256730884 0.9266738
v 0.0189 0.2587421 0.9286835
v 0.0147001939 0.2585939 1.05003333
v 0.0146999955 0.26139307 1.05310631
v 0.0147046838 0.253995657 1.05542922
v 0.0146999955 0.2561128 1.05803013
v 0.0146999955 0.324887156 1.05803013
v 0.0146999955 0.3196069 1.05310631
v 0.0147044752 0.326859623 1.05544925
v 0.0147001939 0.322406054 1.05003333
v 0.0146999955 0.3273652 0.923579931
v 0.0146999955 0.3222579 0.9286835
v 0.01470507 0.324838728 0.9213733
v 0.0147000114 0.319277465 0.925768256
v 0.0146999955 0.26139307 1.05310631
v 0.0147001939 0.2585939 1.05003333
v 0.0188989975 0.261850834 1.05340171
v 0.0234502684 0.261421829 1.05282819
v 0.0234500021 0.2566954 1.04916131
v 0.02870003 0.2567336 1.04911172
v 0.0234500021 0.258110672 1.048132
v 0.0286999978 0.258110672 1.048132
v 0.0286999978 0.258110672 1.048132
v 0.0286999978 0.2541149 1.03256345
v 0.0234500021 0.258110672 1.048132
v 0.0234500021 0.2541149 1.03256345
v 0.0286999978 0.2572135 1.016792
v 0.0234500021 0.2572135 1.016792
v 0.0286999978 0.2668024 1.00389254
v 0.0234500021 0.2668024 1.00389254
v 0.0234500021 0.264718622 1.05721784
v 0.0234500021 0.269802 1.06154919
v 0.0286999978 0.264718622 1.05721784
v 0.0286999978 0.2705002 1.06201875
v 0.0234500021 0.269802 1.06154919
v 0.0234500021 0.276429981 1.06509256
v 0.0286999978 0.2705002 1.06201875
v 0.0286999978 0.276429981 1.06509256
v 0.0286999978 0.316281348 1.05721784
v 0.0286999978 0.311197966 1.06154931
v 0.0234500021 0.316281348 1.05721784
v 0.0234500021 0.310499758 1.06201875
v 0.0286999978 0.311197966 1.06154931
v 0.0286999978 0.30456996 1.06509256
v 0.0234500021 0.310499758 1.06201875
v 0.0234500021 0.30456996 1.06509256
v 0.0234500021 0.3228893 1.048132
v 0.0234500021 0.326885074 1.03256345
v 0.0286999978 0.3228893 1.048132
v 0.0286999978 0.326885074 1.03256345
v 0.0234500021 0.323786467 1.016792
v 0.0286999978 0.323786467 1.016792
v 0.0234500021 0.3141976 1.00389254
v 0.0286999978 0.3141976 1.00389254
v 0.0286999661 0.2633325 1.05823827
v 0.0286999978 0.264718622 1.05721784
v 0.0286999978 0.2705002 1.06201875
v 0.028577514 0.2635325 1.07021451
v 0.0283850338 0.276429981 1.07058191
v 0.0286999978 0.2541149 1.03256345
v 0.0286999978 0.258110672 1.048132
v 0.02870003 0.2567336 1.04911172
v 0.0287000556 0.2530513 1.04818082
v 0.0285341945 0.241288126 1.047981
v 0.0284666661 0.240974993 1.00037193
v 0.0286999978 0.2572135 1.016792
v 0.0286999978 0.264775 1.00037193
v 0.0286999978 0.2668024 1.00389254
v 0.028443614 0.2412477 0.931080043
v 0.0286999978 0.251999974 0.9308969
v 0.0283849929 0.24094 0.9639721
v 0.0286999978 0.261275 0.9639719
v 0.0286999978 0.257687479 0.929372966
v 0.0286999978 0.319724977 0.9639719
v 0.0286999978 0.3233125 0.929372966
v 0.0286999978 0.261851043 0.9252094
v 0.0286999978 0.319148958 0.9252094
v 0.0286999978 0.263374984 0.919521868
v 0.0286999978 0.317625 0.919521868
v 0.0285341945 0.263540775 0.9088101
v 0.0283355135 0.317364633 0.908589363
v 0.0286999978 0.329 0.9308969
v 0.0283850078 0.34006 0.9639721
v 0.0284436177 0.339752316 0.931080043
v 0.0286999978 0.310975 0.977972
v 0.0286999978 0.319724977 0.96922195
v 0.0286999978 0.270024985 0.977972
v 0.0286999978 0.261275 0.96922195
v 0.0286999978 0.326885074 1.03256345
v 0.0285342 0.339711875 1.047981
v 0.0286998414 0.32473883 1.04869628
v 0.02846667 0.340024978 1.00037193
v 0.0286999978 0.323786467 1.016792
v 0.0286999978 0.316225 1.00037193
v 0.0286999978 0.3141976 1.00389254
v 0.028577514 0.3174675 1.07021451
v 0.0283850338 0.304570019 1.07058191
v 0.0286999978 0.311197966 1.06154931
v 0.0287000127 0.3176667 1.05823159
v 0.0286999978 0.316281348 1.05721784
v -0.0541622452 0.3213152 1.05689692
v -0.0555650257 0.317908019 1.05689633
v -0.0519106239 0.314598858 1.05689681
v -0.0504658036 0.3221449 1.056896
v -0.0480211973 0.317816943 1.056896
v -0.0503364429 0.266067773 1.05689657
v -0.05505941 0.264560878 1.05689645
v -0.0519550741 0.258646846 1.05689657
v -0.0480323024 0.261678159 1.05689621
v -0.0804125 0.242112488 1.04823434
v -0.0805 0.242375 1.0631721
v -0.0805 0.243709132 1.05733275
v -0.0805 0.246528417 1.05291939
v -0.0805 0.25138846 1.05096877
v -0.0805000439 0.254702121 1.04836988
v -0.0805 0.2564766 1.05220819
v -0.080388 0.338904977 0.930812955
v -0.0805 0.338624984 0.915871859
v -0.0805 0.337271243 0.921783864
v -0.0805 0.334354669 0.9262195
v -0.08050021 0.327199668 0.930788457
v -0.0805 0.329385817 0.9280883
v -0.0805 0.3242691 0.9266738
v -0.0805021748 0.3222895 0.9288163
v -0.0804125 0.3177125 0.9096345
v -0.08047067 0.320756167 0.916091442
v -0.08046492 0.329423726 0.9106503
v -0.08049842 0.317827076 0.9220612
v -0.0805 0.321536064 0.9237434
v -0.0805 0.319390416 0.9256085
v -0.0805 0.338624984 1.0631721
v -0.0804125 0.3388875 1.04823434
v -0.0805 0.337290823 1.05733275
v -0.0805 0.334471554 1.05291939
v -0.0805 0.3296115 1.05096877
v -0.08050007 0.326251715 1.04837525
v -0.0805 0.32452336 1.05220819
v -0.07875 0.240625 0.931947
v -0.05476097 0.240751654 1.0148617
v -0.09015494 0.241143122 0.931124866
v -0.09015493 0.241046354 1.04787755
v -0.0539458767 0.254625 0.9366881
v -0.049054563 0.254625 0.936185062
v -0.05259502 0.2408395 0.9373742
v -0.0499303862 0.240799233 0.9370072
v -0.0508663952 0.254625 0.929812849
v -0.05529068 0.254625 0.9319584
v -0.05237943 0.240904048 0.92966646
v -0.05473864 0.2408395 0.930907369
v -0.0539458767 0.254625 0.9366881
v -0.05529068 0.254625 0.9319584
v -0.049054563 0.254625 0.936185062
v -0.04834663 0.254625 0.932265043
v -0.0508663952 0.254625 0.929812849
v -0.0119458828 0.254625 0.9366881
v -0.0132906819 0.254625 0.9319584
v -0.007054562 0.254625 0.936185062
v -0.006346631 0.254625 0.932265043
v -0.008866392 0.254625 0.929812849
v -0.0508663952 0.254625 1.01381278
v -0.05529068 0.254625 1.01595843
v -0.0523704328 0.240839511 1.01363027
v -0.05476097 0.240751654 1.0148617
v -0.0539458767 0.254625 1.020688
v -0.05529068 0.254625 1.01595843
v -0.049054563 0.254625 1.020185
v -0.04834663 0.254625 1.016265
v -0.0508663952 0.254625 1.01381278
v -0.0119458828 0.254625 1.020688
v -0.0132906819 0.254625 1.01595843
v -0.007054562 0.254625 1.020185
v -0.006346631 0.254625 1.016265
v -0.008866392 0.254625 1.01381278
v -0.0804125 0.242112488 1.04823434
v -0.09030006 0.2530513 1.04818082
v -0.09015493 0.241046354 1.04787755
v -0.0805000439 0.254702121 1.04836988
v -0.0763002038 0.2585939 1.05003333
v -0.080499 0.261850834 1.05340171
v -0.08505027 0.261421829 1.05282819
v -0.0763 0.26139307 1.05310631
v -0.09030002 0.2567137 1.04910815
v -0.0850499943 0.2566954 1.04916131
v -0.0902999938 0.258110672 1.048132
v -0.0850499943 0.258110672 1.048132
v -0.09017752 0.2635325 1.07021451
v -0.0899850354 0.289625 1.07058191
v -0.09030423 0.276043981 1.06523514
v -0.0903000161 0.263333261 1.05823159
v -0.0902999938 0.264718622 1.05721784
v -0.09011971 0.332867742 1.00427437
v -0.0902999938 0.336376518 1.02765691
v -0.0902999938 0.33775 1.03152192
v -0.0900786147 0.331469983 1.00656486
v -0.0902999938 0.3328721 1.02552533
v -0.0902999938 0.336376518 1.035387
v -0.09012637 0.339961618 1.04787409
v -0.0902999938 0.3328721 1.03751862
v -0.09030003 0.32794866 1.04818082
v -0.09029982 0.3270071 1.03677464
v -0.0903 0.323184222 1.04815292
v -0.09030003 0.324266374 1.04911172
v -0.0901197344 0.328930616 1.00746167
v -0.09029998 0.327207655 1.0262953
v -0.0900786147 0.3264323 1.00648284
v -0.0902999938 0.316979259 1.00654578
v -0.09001327 0.32516405 1.0041424
v -0.09030423 0.304956019 1.06523514
v -0.0899850354 0.291374981 1.07058191
v -0.09017751 0.3174675 1.07021451
v -0.0903000161 0.317666441 1.05823755
v -0.0902999938 0.316281348 1.05721784
v -0.07629954 0.3272077 1.00010753
v -0.0763 0.325324982 1.00352192
v -0.07629964 0.332051367 1.001164
v -0.07629964 0.331852049 1.00611734
v -0.07629954 0.326939166 1.00678134
v -0.0763 0.249184787 1.00588417
v -0.07629942 0.252591938 1.007287
v -0.0762999 0.255901128 1.00363266
v -0.076299116 0.24835512 1.00218773
v -0.0762991458 0.252683133 0.9997432
v -0.07875 0.340374976 1.06389689
v -0.0805 0.338624984 1.0631721
v -0.07875 0.333374977 1.07089686
v -0.0805 0.332650125 1.06914687
v -0.07875 0.333374977 1.07089686
v 0.017149996 0.333374977 1.07089686
v -0.07875 0.340374976 1.06389689
v 0.017149996 0.340374976 1.06389689
v 0.0189 0.338624984 1.0631721
v 0.017149996 0.340374976 1.06389689
v 0.0189 0.332650125 1.06914687
v 0.017149996 0.333374977 1.07089686
v 0.0189 0.242375 1.0631721
v 0.0188124944 0.242112488 1.04823434
v 0.0189 0.243709132 1.05733275
v 0.0189 0.246528417 1.05291939
v 0.0189 0.25138846 1.05096877
v 0.018900061 0.254748285 1.04837525
v 0.0189 0.2564766 1.05220819
v 0.0189 0.242375 1.0631721
v 0.0189 0.243709132 1.05733275
v 0.0188939851 0.244502753 1.06402791
v 0.0189 0.248349875 1.06914687
v 0.0188638717 0.25170067 1.06840241
v 0.0189 0.248349875 0.9098969
v 0.0188649148 0.251576275 0.9106503
v 0.01889301 0.244485646 0.9150266
v 0.0189 0.242375 0.915871859
v 0.0189 0.243728727 0.921783864
v 0.0189 0.338624984 0.915871859
v 0.0187879931 0.338905 0.930812955
v 0.0189 0.337271243 0.921783864
v 0.0189 0.334354669 0.9262195
v 0.0189002119 0.327199548 0.930788457
v 0.0189 0.329385817 0.9280883
v 0.0189 0.3242691 0.9266738
v 0.0189021733 0.322289526 0.9288164
v 0.0189 0.338624984 0.915871859
v 0.0189 0.337271243 0.921783864
v 0.01889301 0.336514324 0.915026546
v 0.0189 0.332650125 0.9098969
v 0.0188649148 0.329423726 0.9106503
v 0.0189 0.332650125 1.06914687
v 0.0188638717 0.329299271 1.06840229
v 0.0188939851 0.336497277 1.06402779
v 0.0189 0.338624984 1.0631721
v 0.0189 0.337290823 1.05733275
v 0.0188124944 0.3388875 1.04823434
v 0.0189 0.338624984 1.0631721
v 0.0189 0.337290823 1.05733275
v 0.0189 0.334471554 1.05291939
v 0.0189 0.3296115 1.05096877
v 0.018900061 0.326251715 1.04837525
v 0.0189 0.32452336 1.05220819
v 0.017149996 0.240625 1.06389689
v 0.0189 0.242375 1.0631721
v 0.017149996 0.247625 1.07089686
v 0.0189 0.248349875 1.06914687
v -0.07875 0.240625 1.06389689
v 0.017149996 0.240625 1.06389689
v -0.07875 0.247625 1.07089686
v 0.017149996 0.247625 1.07089686
v -0.0805 0.242375 1.0631721
v -0.07875 0.240625 1.06389689
v -0.0805 0.248349875 1.06914687
v -0.07875 0.247625 1.07089686
v 0.018900061 0.254748285 1.04837525
v 0.0188124944 0.242112488 1.04823434
v 0.0287000556 0.2530513 1.04818082
v 0.0285341945 0.241288126 1.047981
v 0.010850003 0.319724977 0.96922195
v 0.0286999978 0.319724977 0.96922195
v 0.0286999978 0.319724977 0.9639719
v -0.0143500008 0.319724977 0.9639719
v -0.0143500008 0.319724977 1.00037193
v 0.010850003 0.319724977 1.00037193
v 0.00699999835 0.340374976 0.9639719
v 0.00699999835 0.334425 0.9639719
v 0.0283850078 0.34006 0.9639721
v 0.0286999978 0.319724977 0.9639719
v -0.0143500008 0.319724977 0.9639719
v -0.0143500008 0.334425 0.9639719
v -0.0143500008 0.246574983 0.9639719
v 0.00699999835 0.246574983 0.9639719
v -0.0143500008 0.261275 0.9639719
v 0.0286999978 0.261275 0.9639719
v 0.0283849929 0.24094 0.9639721
v 0.00699999835 0.240625 0.9639719
v 0.00699999835 0.334425 1.00037193
v 0.00699999835 0.334425 0.9639719
v 0.00699999835 0.340374976 1.00037193
v 0.00699999835 0.340374976 0.9639719
v 0.00699999835 0.246574983 0.9639719
v 0.00699999835 0.246574983 1.00037193
v 0.00699999835 0.240625 0.9639719
v 0.00699999835 0.240625 1.00037193
v 0.00699999835 0.334425 1.00037193
v -0.0143500008 0.334425 1.00037193
v 0.00699999835 0.334425 0.9639719
v -0.0143500008 0.334425 0.9639719
v -0.0143500008 0.319724977 1.00037193
v -0.0143500008 0.319724977 0.9639719
v -0.0143500008 0.334425 1.00037193
v -0.0143500008 0.334425 0.9639719
v -0.07875 0.340374976 0.931947
v -0.09017919 0.339848548 0.9311213
v -0.0549229719 0.340228319 1.01507115
v -0.09012637 0.339961618 1.04787409
v -0.0554790236 0.326375 0.932475865
v -0.0534689277 0.326375 0.936963439
v -0.0487005934 0.326375 0.93576324
v -0.04834663 0.326375 0.932265043
v -0.05140869 0.326375 0.9297173
v -0.0106080426 0.340200752 0.9296504
v -0.0128852613 0.3401605 0.9310821
v -0.009408687 0.326375 0.9297173
v -0.013479026 0.326375 0.932475865
v -0.013479026 0.326375 0.932475865
v -0.0114689339 0.326375 0.936963439
v -0.00670059258 0.326375 0.93576324
v -0.006346631 0.326375 0.932265043
v -0.009408687 0.326375 0.9297173
v -0.05573177 0.340160459 1.017636
v -0.0547221936 0.340095937 1.0201031
v -0.0554790236 0.326375 1.0164758
v -0.0534689277 0.326375 1.02096343
v -0.0554790236 0.326375 1.0164758
v -0.0534689277 0.326375 1.02096343
v -0.0487005934 0.326375 1.01976323
v -0.04834663 0.326375 1.016265
v -0.05140869 0.326375 1.01371729
v -0.0103609627 0.3402283 1.021452
v -0.00776555762 0.340095967 1.020848
v -0.0114689339 0.326375 1.02096343
v -0.00670059258 0.326375 1.01976323
v -0.013479026 0.326375 1.0164758
v -0.0114689339 0.326375 1.02096343
v -0.00670059258 0.326375 1.01976323
v -0.006346631 0.326375 1.016265
v -0.009408687 0.326375 1.01371729
v -0.07875 0.333374977 0.908146858
v -0.0805 0.332650125 0.9098969
v -0.07875 0.340374976 0.915146947
v -0.0805 0.338624984 0.915871859
v -0.07875 0.340374976 0.915146947
v 0.017149996 0.340374976 0.915146947
v -0.07875 0.333374977 0.908146858
v 0.017149996 0.333374977 0.908146858
v 0.0189 0.332650125 0.9098969
v 0.017149996 0.333374977 0.908146858
v 0.0189 0.338624984 0.915871859
v 0.017149996 0.340374976 0.915146947
v -0.09023129 0.3174778 0.9088535
v -0.07875 0.316575 0.908146858
v -0.09017917 0.2635994 0.9086734
v -0.07875 0.264425 0.908146858
v -0.0113365753 0.322202832 0.908299744
v -0.0137154795 0.319947243 0.9083066
v -0.0494505055 0.3223412 0.908160865
v -0.0477682538 0.3177349 0.908290565
v -0.0541622452 0.259684771 0.9221469
v -0.0555650331 0.263091981 0.922147453
v -0.05191063 0.266401142 0.922147036
v -0.0504658148 0.2588551 0.922147751
v -0.04802119 0.263183057 0.922147751
v -0.05556503 0.319092 0.922147453
v -0.0541622452 0.3156848 0.9221469
v -0.05553254 0.31786412 0.9088501
v -0.054492645 0.315494925 0.9084358
v -0.0541622452 0.3156848 0.9221469
v -0.05556503 0.319092 0.922147453
v -0.0519106239 0.322401136 0.922147036
v -0.0504658036 0.3148551 0.922147751
v -0.04802119 0.319183081 0.922147751
v -0.0121622439 0.259684771 0.9221469
v -0.0135650309 0.263091981 0.922147453
v -0.009910634 0.266401142 0.922147036
v -0.008465814 0.2588551 0.922147751
v -0.0060211895 0.263183057 0.922147751
v -0.0060211895 0.319183081 0.922147751
v -0.009910625 0.322401136 0.922147036
v -0.00700021768 0.321236223 0.908372164
v -0.008960796 0.322295725 0.9084348
v -0.0121622439 0.3156848 0.9221469
v -0.01356503 0.319092 0.922147453
v -0.009910625 0.322401136 0.922147036
v -0.008465807 0.3148551 0.922147751
v -0.0060211895 0.319183081 0.922147751
v -0.07875 0.240625 0.915146947
v -0.0805 0.242375 0.915871859
v -0.07875 0.247625 0.908146858
v -0.0805 0.248349875 0.9098969
v -0.07875 0.247625 0.908146858
v 0.017149996 0.247625 0.908146858
v -0.07875 0.240625 0.915146947
v 0.017149996 0.240625 0.915146947
v 0.0189 0.242375 0.915871859
v 0.017149996 0.240625 0.915146947
v 0.0189 0.248349875 0.9098969
v 0.017149996 0.247625 0.908146858
v 0.0187880024 0.242095008 0.930812955
v 0.0286999978 0.251999974 0.9308969
v 0.028443614 0.2412477 0.931080043
v 0.018898543 0.254876763 0.930637538
v 0.0147047834 0.256158441 0.9213757
v 0.0189 0.2594639 0.9237434
v 0.0146999955 0.261609554 0.9256085
v 0.0189030282 0.261708349 0.9255857
v -0.0763 0.2561613 0.92087245
v 0.0146999955 0.256090939 0.9179712
v 0.0147047834 0.256158441 0.9213757
v -0.0763 0.256090939 0.9179712
v -0.0763 0.256090939 0.9179712
v 0.0146999955 0.254220426 0.915752351
v 0.0146999955 0.256090939 0.9179712
v -0.0763 0.254220426 0.915752351
v 0.0146999955 0.251372933 0.915192068
v -0.0763 0.251372933 0.915192068
v 0.0146999955 0.248801321 0.916537166
v -0.0763 0.248801321 0.916537166
v 0.0146999955 0.2476372 0.919195533
v -0.0763 0.2476372 0.919195533
v 0.0146999955 0.248392776 0.921997547
v -0.0763 0.248392776 0.921997547
v 0.0146999955 0.2507356 0.9237103
v -0.0763 0.2507356 0.9237103
v 0.0146999955 0.253634781 0.923579931
v -0.07630459 0.2541369 0.9235425
v -0.08050303 0.261708349 0.9255857
v -0.0805 0.2594639 0.9237434
v -0.0763 0.261609554 0.9256085
v -0.0763 0.2561613 0.92087245
v -0.0763 0.324838668 0.92087245
v -0.07630002 0.319277465 0.925768256
v -0.0763048753 0.326865256 0.9235455
v -0.0763 0.3222579 0.9286835
v -0.07629943 0.25892964 0.928786159
v -0.0763 0.261609554 0.9256085
v -0.07630459 0.2541369 0.9235425
v -0.0763 0.2561613 0.92087245
v -0.0763002038 0.3224061 1.05003333
v -0.0763 0.3196069 1.05310631
v -0.07630469 0.327004373 1.05542922
v -0.0763 0.324887156 1.05803013
v 0.0146999955 0.3302644 0.9237103
v 0.0146999955 0.3273652 0.923579931
v -0.0763048753 0.326865256 0.9235455
v -0.0763 0.3302644 0.9237103
v 0.0146999955 0.3326072 0.921997547
v -0.0763 0.3326072 0.921997547
v 0.0146999955 0.3333628 0.919195533
v -0.0763 0.3333628 0.919195533
v -0.0763 0.3333628 0.919195533
v 0.0146999955 0.332198679 0.916537166
v 0.0146999955 0.3333628 0.919195533
v -0.0763 0.332198679 0.916537166
v 0.0146999955 0.329627067 0.915192068
v -0.0763 0.329627067 0.915192068
v 0.0146999955 0.326779544 0.915752351
v -0.0763 0.326779544 0.915752351
v -0.0763 0.324909031 0.9179712
v 0.0146999955 0.324909031 0.9179712
v 0.01470507 0.324838728 0.9213733
v -0.0763 0.324838668 0.92087245
v -0.0805 0.319390416 0.9256085
v -0.07630002 0.319277465 0.925768256
v -0.0805 0.321536064 0.9237434
v -0.0763 0.324838668 0.92087245
v -0.0805021748 0.3222895 0.9288163
v -0.0805 0.3242691 0.9266738
v -0.0763 0.3222579 0.9286835
v -0.0763048753 0.326865256 0.9235455
v -0.08049842 0.317827076 0.9220612
v -0.0804125 0.3177125 0.9096345
v -0.0902999938 0.317625 0.919521868
v -0.09023129 0.3174778 0.9088535
v -0.08041251 0.263287485 0.9096345
v -0.0902999938 0.263374984 0.919521868
v -0.09017917 0.2635994 0.9086734
v -0.08050029 0.263287157 0.9211593
v -0.080388 0.338904977 0.930812955
v -0.0902999938 0.329 0.9308969
v -0.09017919 0.339848548 0.9311213
v -0.08050021 0.327199668 0.930788457
v -0.08050007 0.326251715 1.04837525
v -0.0804125 0.3388875 1.04823434
v -0.09030003 0.32794866 1.04818082
v -0.09012637 0.339961618 1.04787409
v -0.080499 0.319149166 1.05340171
v -0.0763002038 0.3224061 1.05003333
v -0.08505027 0.319578171 1.05282819
v -0.0763 0.3196069 1.05310631
v -0.0903000161 0.317666441 1.05823755
v -0.0850499943 0.317696631 1.05824721
v -0.0902999938 0.316281348 1.05721784
v -0.0850499943 0.316281348 1.05721784
v -0.0850499943 0.316979259 1.00654578
v -0.0850499943 0.299249619 0.9961892
v -0.08505107 0.325592428 1.02986538
v -0.0850499943 0.278735876 0.9970754
v -0.0850499943 0.261965424 1.00892234
v -0.0850499943 0.2542746 1.02796054
v -0.0850499943 0.258110672 1.048132
v -0.08505027 0.261421829 1.05282819
v -0.0850499943 0.2566954 1.04916131
v -0.0850499943 0.264718622 1.05721784
v -0.0850499943 0.263303369 1.05824721
v -0.0850499943 0.281059533 1.06667638
v -0.0850499943 0.299940437 1.06667638
v -0.0850499943 0.316281348 1.05721784
v -0.0850499943 0.317696631 1.05824721
v -0.08505027 0.319578171 1.05282819
v -0.08505 0.3267977 1.037364
v -0.0850499943 0.3228893 1.048132
v -0.0850499943 0.324304581 1.04916131
v -0.0902999938 0.3328721 1.03751862
v -0.07875 0.334687471 1.03682637
v -0.07875 0.33056137 1.03755391
v -0.0902999938 0.336376518 1.035387
v -0.07875 0.337380618 1.03361678
v -0.0902999938 0.33775 1.03152192
v -0.07875 0.337380618 1.029427
v -0.0902999938 0.336376518 1.02765691
v -0.07875 0.334687471 1.02621746
v -0.0902999938 0.3328721 1.02552533
v -0.07875 0.33056137 1.02549
v -0.0902999938 0.264718622 1.05721784
v -0.0850499943 0.264718622 1.05721784
v -0.0903000161 0.263333261 1.05823159
v -0.0850499943 0.263303369 1.05824721
v -0.07875 0.326932967 1.03545892
v -0.07875 0.33056137 1.03755391
v -0.07875 0.334687471 1.03682637
v -0.07875 0.337380618 1.03361678
v -0.07875 0.3255 1.03152192
v -0.07875 0.337380618 1.029427
v -0.07875 0.326932967 1.02758479
v -0.07875 0.334687471 1.02621746
v -0.07875 0.33056137 1.02549
v -0.0804124847 0.3177125 1.06940961
v -0.0903000161 0.317666441 1.05823755
v -0.09017751 0.3174675 1.07021451
v -0.0805 0.317625 1.05952191
v 0.0146999955 0.324887156 1.05803013
v -0.0763 0.324887156 1.05803013
v -0.0763 0.324858338 1.06093168
v 0.0146999955 0.324858338 1.06093168
v 0.0146999955 0.326651365 1.06321311
v -0.0763 0.326651365 1.06321311
v 0.0146999955 0.3294775 1.06387079
v -0.0763 0.3294775 1.06387079
v 0.0146999955 0.332093567 1.06261551
v -0.0763 0.332093567 1.06261551
v 0.0146999955 0.33334884 1.05999947
v -0.0763 0.33334884 1.05999947
v 0.0146999955 0.332691133 1.05717325
v -0.0763 0.332691133 1.05717325
v -0.0763 0.332691133 1.05717325
v 0.0146999955 0.330409765 1.05538023
v 0.0146999955 0.332691133 1.05717325
v -0.0763 0.330409765 1.05538023
v 0.0147044752 0.326859623 1.05544925
v -0.07630469 0.327004373 1.05542922
v 0.0146999955 0.3196069 1.05310631
v 0.0188989975 0.319149166 1.05340171
v 0.0147001939 0.322406054 1.05003333
v 0.0234502684 0.319578171 1.05282819
v 0.0234500021 0.317696631 1.05824721
v 0.0287000127 0.3176667 1.05823159
v 0.0234500021 0.316281348 1.05721784
v 0.0286999978 0.316281348 1.05721784
v 0.0189 0.317625 1.05952191
v 0.0188124888 0.3177125 1.06940961
v 0.0287000127 0.3176667 1.05823159
v 0.028577514 0.3174675 1.07021451
v 0.0286999978 0.30456996 1.06509256
v 0.0283850338 0.304570019 1.07058191
v 0.0234500021 0.30456996 1.06509256
v 0.0160999987 0.30456996 1.07089686
v 0.0160999987 0.30456996 1.06144691
v 0.0234500021 0.30456996 1.06144691
v 0.0160999987 0.276429981 1.07089686
v 0.0160999987 0.276429981 1.06144691
v 0.0160999987 0.30456996 1.07089686
v 0.0160999987 0.30456996 1.06144691
v 0.0286999978 0.276429981 1.06509256
v 0.0234500021 0.276429981 1.06509256
v 0.0283850338 0.276429981 1.07058191
v 0.0160999987 0.276429981 1.07089686
v 0.0160999987 0.276429981 1.06144691
v 0.0234500021 0.276429981 1.06144691
v 0.0234500021 0.30456996 1.06144691
v 0.0160999987 0.30456996 1.06144691
v 0.0234500021 0.276429981 1.06144691
v 0.0160999987 0.276429981 1.06144691
v 0.0189002119 0.327199548 0.930788457
v 0.0187879931 0.338905 0.930812955
v 0.0286999978 0.329 0.9308969
v 0.0284436177 0.339752316 0.931080043
v 0.0188125 0.3177125 0.9096345
v 0.0286999978 0.317625 0.919521868
v 0.0283355135 0.317364633 0.908589363
v 0.0188984182 0.317827076 0.9220612
v 0.0189002864 0.263287157 0.9211593
v 0.0188125 0.263287485 0.9096345
v 0.0286999978 0.263374984 0.919521868
v 0.0285341945 0.263540775 0.9088101
v -0.0763 0.253491729 1.05540907
v 0.0146999955 0.2505902 1.05538023
v 0.0147046838 0.253995657 1.05542922
v -0.0763 0.2505902 1.05538023
v 0.0146999955 0.248308852 1.05717325
v -0.0763 0.248308852 1.05717325
v 0.0146999955 0.24765113 1.05999947
v -0.0763 0.24765113 1.05999947
v 0.0146999955 0.248906419 1.06261551
v -0.0763 0.248906419 1.06261551
v 0.0146999955 0.251522481 1.06387079
v -0.0763 0.251522481 1.06387079
v 0.0146999955 0.2543486 1.06321311
v -0.0763 0.2543486 1.06321311
v 0.0146999955 0.256141633 1.06093168
v -0.0763 0.256141633 1.06093168
v 0.0146999955 0.2561128 1.05803013
v -0.07630468 0.2560926 1.05752635
v -0.0805 0.258415639 1.05012894
v -0.0805 0.2564766 1.05220819
v -0.0763002038 0.2585939 1.05003333
v -0.0763 0.253491729 1.05540907
v -0.08049855 0.254876882 0.930637538
v -0.0803879946 0.242095008 0.930812955
v -0.0902999938 0.251999974 0.9308969
v -0.09015494 0.241143122 0.931124866
v -0.0143500008 0.246574983 1.00037193
v 0.00699999835 0.246574983 1.00037193
v -0.0143500008 0.246574983 0.9639719
v 0.00699999835 0.246574983 0.9639719
v -0.0143500008 0.246574983 1.00037193
v -0.0143500008 0.246574983 0.9639719
v -0.0143500008 0.261275 1.00037193
v -0.0143500008 0.261275 0.9639719
v 0.010850003 0.261275 1.00037193
v -0.0143500008 0.261275 1.00037193
v 0.010850003 0.261275 0.96922195
v -0.0143500008 0.261275 0.9639719
v 0.0286999978 0.261275 0.9639719
v 0.0286999978 0.261275 0.96922195
v 0.0129499976 0.270024985 0.977972
v 0.0129499976 0.263374984 0.97132194
v 0.0286999978 0.270024985 0.977972
v 0.0286999978 0.261275 0.96922195
v 0.010850003 0.261275 0.96922195
v 0.0129499976 0.263374984 0.97132194
v 0.0129499976 0.270024985 0.977972
v 0.0130241495 0.264487267 1.00027227
v 0.0130241495 0.316512764 1.00027227
v 0.0129499976 0.310975 0.977972
v 0.0129499976 0.317625 0.97132194
v 0.0129499976 0.292951256 1.02221429
v 0.0129499976 0.301713854 1.02508032
v 0.0129499976 0.299003124 1.02557707
v 0.0129499976 0.2880487 1.02221429
v 0.0129499976 0.279191017 1.02496266
v 0.0129499976 0.281963527 1.02557862
v 0.0129499976 0.270024985 0.977972
v 0.0286999978 0.270024985 0.977972
v 0.0129499976 0.310975 0.977972
v 0.0286999978 0.310975 0.977972
v 0.0129499976 0.310975 0.977972
v 0.0286999978 0.310975 0.977972
v 0.0129499976 0.317625 0.97132194
v 0.0286999978 0.319724977 0.96922195
v 0.010850003 0.319724977 0.96922195
v 0.0129499976 0.301713854 1.02508032
v 0.0130241495 0.316512764 1.00027227
v 0.0209999979 0.304594368 1.02056885
v 0.0234500021 0.3141976 1.00389254
v 0.0234500021 0.304594368 1.02056885
v 0.0286999978 0.316225 1.00037193
v 0.0286999978 0.3141976 1.00389254
v 0.0209999979 0.292949975 1.049203
v 0.0209999979 0.292949975 1.04220307
v 0.0209999979 0.303739369 1.04349446
v 0.0209999979 0.294521749 1.03489661
v 0.0209999979 0.3083376 1.03218722
v 0.0209999979 0.291411638 1.03669214
v 0.0209999979 0.28805 1.04220307
v 0.0209999979 0.287875 1.03606856
v 0.0209999979 0.29575 1.03152192
v 0.0209999979 0.277260631 1.04349446
v 0.0209999979 0.28805 1.049203
v 0.0209999979 0.2855666 1.03331757
v 0.0209999979 0.272662371 1.03218722
v 0.0209999979 0.2855666 1.02972627
v 0.0209999979 0.279443234 1.0251385
v 0.0209999979 0.276405632 1.02056885
v 0.0209999979 0.301638335 1.02504742
v 0.0209999979 0.304594368 1.02056885
v 0.0209999979 0.2990365 1.0255785
v 0.0209999979 0.294521749 1.02814722
v 0.0209999979 0.291411638 1.02635169
v 0.0209999979 0.292951256 1.02221429
v 0.0209999979 0.2880487 1.02221429
v 0.0209999979 0.287875 1.02697539
v 0.0209999979 0.281996936 1.02557719
v 0.0209999979 0.279443234 1.0251385
v 0.0234500021 0.292976 1.0490005
v 0.02485 0.292949975 1.048853
v 0.0240423065 0.292949975 1.04260683
v 0.0209999979 0.292949975 1.04220307
v 0.0209999979 0.292949975 1.049203
v 0.02485 0.28805 1.048853
v 0.0234500021 0.288036734 1.04900336
v 0.0244461652 0.28805 1.04301071
v 0.0209999979 0.28805 1.04220307
v 0.0209999979 0.28805 1.049203
v 0.02485 0.292949975 1.048853
v 0.0234500021 0.292976 1.0490005
v 0.02485 0.28805 1.048853
v 0.0234500021 0.288036734 1.04900336
v 0.0209999979 0.303739369 1.04349446
v 0.0234500021 0.303739369 1.04349446
v 0.0234500021 0.292976 1.0490005
v 0.0209999979 0.3083376 1.03218722
v 0.0234500021 0.3083376 1.03218722
v 0.0209999979 0.304594368 1.02056885
v 0.0234500021 0.304594368 1.02056885
v 0.0234500021 0.277260631 1.04349446
v 0.0209999979 0.277260631 1.04349446
v 0.0209999979 0.28805 1.049203
v 0.0234500021 0.272662371 1.03218722
v 0.0209999979 0.272662371 1.03218722
v 0.0234500021 0.276405632 1.02056885
v 0.0209999979 0.276405632 1.02056885
v 0.0209999979 0.276405632 1.02056885
v 0.0130241495 0.264487267 1.00027227
v 0.0129499976 0.279191017 1.02496266
v 0.0234500021 0.2668024 1.00389254
v 0.0234500021 0.276405632 1.02056885
v 0.0286999978 0.264775 1.00037193
v 0.0286999978 0.2668024 1.00389254
v 0.0129499976 0.281963527 1.02557862
v 0.0129499976 0.2880487 1.02221429
v 0.0209999979 0.281996936 1.02557719
v 0.0209999979 0.2880487 1.02221429
v 0.0129499976 0.292951256 1.02221429
v 0.0209999979 0.292951256 1.02221429
v 0.0129499976 0.299003124 1.02557707
v 0.0209999979 0.2990365 1.0255785
v 0.0129499976 0.299003124 1.02557707
v 0.0129499976 0.301713854 1.02508032
v 0.0209999979 0.2990365 1.0255785
v 0.0209999979 0.301638335 1.02504742
v 0.005249997 0.29575 1.03152192
v 0.005249997 0.294521749 1.03489661
v 0.005249997 0.294521749 1.02814722
v 0.005249997 0.291411638 1.02635169
v 0.005249997 0.291411638 1.03669214
v 0.005249997 0.287875 1.02697539
v 0.005249997 0.287875 1.03606856
v 0.005249997 0.2855666 1.02972627
v 0.005249997 0.2855666 1.03331757
v 0.0234500021 0.264718622 1.05721784
v 0.0286999978 0.264718622 1.05721784
v 0.0234500021 0.263303369 1.05824721
v 0.0286999661 0.2633325 1.05823827
v 0.0164499991 0.27685 1.07089686
v 0.0164499991 0.304150015 1.07089686
v 0.0164499991 0.27685 1.061797
v 0.0164499991 0.304150015 1.061797
v -0.0896 0.268328965 0.94080466
v -0.09002 0.3126615 0.9408402
v -0.0896 0.314582556 0.938893139
v -0.0896 0.268328965 0.94080466
v -0.0896 0.314582556 0.938893139
v -0.0896 0.266355276 0.93887645
v -0.0896 0.314644724 0.9155675
v -0.0896 0.266417384 0.915551
v -0.0896 0.314644724 0.9155675
v -0.08991111 0.312661469 0.913603663
v -0.0896 0.266417384 0.915551
v -0.0899888948 0.268338531 0.913603663
v 0.0209999979 0.29575 1.03152192
v 0.005249997 0.29575 1.03152192
v 0.005249997 0.294521749 1.02814722
v 0.0209999979 0.294521749 1.02814722
v 0.005249997 0.291411638 1.02635169
v 0.0209999979 0.291411638 1.02635169
v 0.005249997 0.287875 1.02697539
v 0.0209999979 0.287875 1.02697539
v 0.005249997 0.2855666 1.02972627
v 0.0209999979 0.2855666 1.02972627
v 0.005249997 0.2855666 1.03331757
v 0.0209999979 0.2855666 1.03331757
v 0.005249997 0.287875 1.03606856
v 0.0209999979 0.287875 1.03606856
v 0.005249997 0.291411638 1.03669214
v 0.0209999979 0.291411638 1.03669214
v 0.005249997 0.294521749 1.03489661
v 0.0209999979 0.294521749 1.03489661
v 0.005249997 0.29575 1.03152192
v 0.0209999979 0.29575 1.03152192
v 0.02851472 0.304150015 1.07052636
v 0.0286999978 0.2870505 1.06802642
v 0.0286999978 0.303930759 1.0657171
v 0.0234500021 0.27685 1.06526566
v 0.0234500021 0.28591308 1.067901
v 0.0286999978 0.27685 1.06526566
v 0.0234500021 0.28591308 1.067901
v 0.0286999978 0.2870505 1.06802642
v 0.0286999978 0.27685 1.06526566
v 0.0234500021 0.28591308 1.067901
v 0.0234500021 0.298094779 1.06717181
v 0.0286999978 0.2870505 1.06802642
v 0.0234500021 0.298094779 1.06717181
v 0.0286999978 0.303930759 1.0657171
v 0.0286999978 0.2870505 1.06802642
v 0.0234500021 0.298094779 1.06717181
v 0.0234500021 0.304150015 1.06526566
v 0.0286999978 0.303930759 1.0657171
v 0.0234500021 0.27685 1.06526566
v 0.0234500021 0.27685 1.061797
v 0.0234500021 0.28591308 1.067901
v 0.02851472 0.304150015 1.07052636
v 0.0286999978 0.303930759 1.0657171
v 0.0234500021 0.304150015 1.06526566
v 0.0234500021 0.27685 1.061797
v 0.0234500021 0.27685 1.06526566
v 0.0164499991 0.27685 1.061797
v 0.0164499991 0.27685 1.07089686
v 0.02858751 0.27685 1.07033443
v 0.0286999978 0.27685 1.06526566
v 0.0164499991 0.27685 1.061797
v 0.0164499991 0.304150015 1.061797
v 0.0234500021 0.27685 1.061797
v 0.0234500021 0.304150015 1.061797
v 0.02858751 0.27685 1.07033443
v 0.02851472 0.304150015 1.07052636
v 0.0164499991 0.27685 1.07089686
v 0.0164499991 0.304150015 1.07089686
v 0.02851472 0.304150015 1.07052636
v 0.02858751 0.27685 1.07033443
v 0.0286999978 0.2870505 1.06802642
v 0.0286999978 0.27685 1.06526566
v 0.0234500021 0.27685 1.061797
v 0.0234500021 0.298094779 1.06717181
v 0.0234500021 0.28591308 1.067901
v 0.0234500021 0.304150015 1.061797
v 0.0234500021 0.304150015 1.06526566
v 0.0234500021 0.304150015 1.061797
v 0.0164499991 0.304150015 1.061797
v 0.0234500021 0.304150015 1.06526566
v 0.0164499991 0.304150015 1.07089686
v 0.02851472 0.304150015 1.07052636
v 0.0243233219 0.334679127 1.03267288
v 0.024389198 0.331088245 1.03470278
v 0.0243908037 0.3331784 1.02869916
v 0.024389198 0.331088245 1.03470278
v 0.0243236553 0.3309749 1.02830064
v 0.0243908037 0.3331784 1.02869916
v 0.024389198 0.331088245 1.03470278
v 0.0243023764 0.328322649 1.03153992
v 0.0243236553 0.3309749 1.02830064
v 0.0243233219 0.334679127 1.03267288
v 0.0243908037 0.3331784 1.02869916
v 0.0238000024 0.3349139 1.03032494
v 0.0243236553 0.3309749 1.02830064
v 0.0243023764 0.328322649 1.03153992
v 0.0238000024 0.328943849 1.0292722
v 0.0243023764 0.328322649 1.03153992
v 0.024389198 0.331088245 1.03470278
v 0.0238000024 0.328943849 1.03377163
v 0.024389198 0.331088245 1.03470278
v 0.0243233219 0.334679127 1.03267288
v 0.0238000024 0.333374977 1.03455293
v 0.00350027531 0.328815579 1.02966571
v 0.0243023764 0.328322649 1.03153992
v 0.003499535 0.328257769 1.03267992
v 0.0238000024 0.328943849 1.03377163
v 0.024389198 0.331088245 1.03470278
v 0.00349995727 0.33012265 1.03440785
v 0.024389198 0.331088245 1.03470278
v 0.00350028579 0.3333775 1.03473294
v 0.00349995727 0.33012265 1.03440785
v 0.024389198 0.331088245 1.03470278
v 0.0238000024 0.333374977 1.03455293
v 0.00350028579 0.3333775 1.03473294
v 0.0238000024 0.333374977 1.03455293
v 0.0243233219 0.334679127 1.03267288
v 0.00350028579 0.3333775 1.03473294
v 0.0243233219 0.334679127 1.03267288
v 0.00349973049 0.33519268 1.031149
v 0.00350028579 0.3333775 1.03473294
v 0.0243233219 0.334679127 1.03267288
v 0.0238000024 0.3349139 1.03032494
v 0.00349973049 0.33519268 1.031149
v 0.003500072 0.3336812 1.02895284
v 0.00349973049 0.33519268 1.031149
v 0.0243908037 0.3331784 1.02869916
v 0.00350033538 0.3310086 1.02796412
v 0.0238000024 0.3349139 1.03032494
v 0.0243908037 0.3331784 1.02869916
v 0.003500072 0.3336812 1.02895284
v 0.0243908037 0.3331784 1.02869916
v 0.0243236553 0.3309749 1.02830064
v 0.00350033538 0.3310086 1.02796412
v 0.0243236553 0.3309749 1.02830064
v 0.0238000024 0.328943849 1.0292722
v 0.00350033538 0.3310086 1.02796412
v 0.0238000024 0.328943849 1.0292722
v 0.00350027531 0.328815579 1.02966571
v 0.00350033538 0.3310086 1.02796412
v 0.0243023764 0.328322649 1.03153992
v 0.00350027531 0.328815579 1.02966571
v 0.00349994167 0.328778744 1.03102887
v 0.00350027531 0.328815579 1.02966571
v 0.003499535 0.328257769 1.03267992
v 0.00350027531 0.328815579 1.02966571
v 0.00350005645 0.3325515 1.02882814
v 0.00350033538 0.3310086 1.02796412
v 0.00350005645 0.3325515 1.02882814
v 0.003500072 0.3336812 1.02895284
v 0.00350033538 0.3310086 1.02796412
v 0.003500072 0.3336812 1.02895284
v 0.00349995471 0.3341938 1.03292394
v 0.00349973049 0.33519268 1.031149
v 0.00349995471 0.3341938 1.03292394
v 0.00350028579 0.3333775 1.03473294
v 0.00349973049 0.33519268 1.031149
v 0.00349995471 0.3341938 1.03292394
v 0.0035000355 0.3313267 1.03437614
v 0.00350028579 0.3333775 1.03473294
v 0.0035000355 0.3313267 1.03437614
v 0.00349995727 0.33012265 1.03440785
v 0.00350028579 0.3333775 1.03473294
v 0.00349995727 0.33012265 1.03440785
v 0.00349994167 0.328778744 1.03102887
v 0.003499535 0.328257769 1.03267992
v -0.07875 0.3298252 1.029377
v -0.07875008 0.332641572 1.02874494
v 0.00350027531 0.328815579 1.02966571
v -0.07875008 0.332641572 1.02874494
v 0.00350005645 0.3325515 1.02882814
v 0.00350027531 0.328815579 1.02966571
v -0.07875002 0.328756362 1.031973
v -0.07875 0.3298252 1.029377
v 0.00349994167 0.328778744 1.03102887
v -0.07875 0.3298252 1.029377
v 0.00350027531 0.328815579 1.02966571
v 0.00349994167 0.328778744 1.03102887
v 0.00349994167 0.328778744 1.03102887
v 0.00349995727 0.33012265 1.03440785
v -0.07875002 0.328756362 1.031973
v 0.00349995727 0.33012265 1.03440785
v -0.07875001 0.331540734 1.03449416
v -0.07875002 0.328756362 1.031973
v 0.00349995727 0.33012265 1.03440785
v 0.0035000355 0.3313267 1.03437614
v -0.07875001 0.331540734 1.03449416
v 0.0035000355 0.3313267 1.03437614
v 0.00349995471 0.3341938 1.03292394
v -0.07875004 0.3345041 1.03204238
v 0.003500072 0.3336812 1.02895284
v 0.00350005645 0.3325515 1.02882814
v -0.07875008 0.332641572 1.02874494
v -0.07875 0.330609977 1.02576566
v -0.07875008 0.332641572 1.02874494
v -0.07875 0.3298252 1.029377
v -0.07875 0.330609977 1.02576566
v -0.07875 0.334547549 1.02645993
v -0.07875008 0.332641572 1.02874494
v -0.07875 0.3271473 1.02776468
v -0.07875 0.3298252 1.029377
v -0.07875002 0.328756362 1.031973
v -0.07875 0.325779825 1.03152192
v -0.07875 0.3271473 1.03527915
v -0.07875 0.330609977 1.03727829
v -0.07875001 0.331540734 1.03449416
v -0.07875 0.3271473 1.03527915
v -0.07875002 0.328756362 1.031973
v -0.07875 0.334547549 1.036584
v -0.07875001 0.331540734 1.03449416
v -0.07875004 0.3345041 1.03204238
v -0.07875 0.334547549 1.036584
v -0.07875 0.330609977 1.03727829
v -0.07875001 0.331540734 1.03449416
v -0.07875 0.337117672 1.033521
v -0.07875004 0.3345041 1.03204238
v -0.07875 0.337117672 1.02952278
v -0.07875 0.325779825 1.03152192
v -0.07986014 0.325499624 1.03155661
v -0.0800025761 0.3269304 1.02762175
v -0.07875 0.325779825 1.03152192
v -0.07875 0.3271473 1.03527915
v -0.07875 0.330609977 1.03727829
v -0.07987004 0.330560446 1.0375551
v -0.07998816 0.327000916 1.03550446
v -0.07875 0.330609977 1.03727829
v -0.07875 0.334547549 1.036584
v -0.07875 0.337117672 1.033521
v -0.07875 0.337117672 1.02952278
v -0.0799275339 0.337358326 1.03365815
v -0.07875 0.337117672 1.033521
v -0.0799496546 0.3347751 1.0367502
v -0.07875 0.334547549 1.036584
v -0.07987004 0.330560446 1.0375551
v -0.07875 0.337117672 1.02952278
v -0.07992974 0.337319016 1.02930963
v -0.0799275339 0.337358326 1.03365815
v -0.07875 0.337117672 1.02952278
v -0.07875 0.334547549 1.02645993
v -0.07875 0.334547549 1.02645993
v -0.07996117 0.3347027 1.02624393
v -0.07875 0.334547549 1.02645993
v -0.07875 0.330609977 1.02576566
v -0.07875 0.330609977 1.02576566
v -0.07988394 0.3305134 1.02550244
v -0.07996117 0.3347027 1.02624393
v -0.07875 0.330609977 1.02576566
v -0.07875 0.3271473 1.02776468
v -0.0815080553 0.3272357 1.03077328
v -0.0800025761 0.3269304 1.02762175
v -0.07986014 0.325499624 1.03155661
v -0.0815080553 0.3272357 1.03077328
v -0.0828760862 0.330581546 1.03038645
v -0.0800025761 0.3269304 1.02762175
v -0.07986014 0.325499624 1.03155661
v -0.08100111 0.327202529 1.03228951
v -0.0815080553 0.3272357 1.03077328
v -0.07986014 0.325499624 1.03155661
v -0.07998816 0.327000916 1.03550446
v -0.08100111 0.327202529 1.03228951
v -0.07998816 0.327000916 1.03550446
v -0.08287663 0.330444843 1.03246891
v -0.08100111 0.327202529 1.03228951
v -0.07998816 0.327000916 1.03550446
v -0.08149782 0.330877 1.03591168
v -0.08287663 0.330444843 1.03246891
v -0.07998816 0.327000916 1.03550446
v -0.07987004 0.330560446 1.0375551
v -0.08149782 0.330877 1.03591168
v -0.07987004 0.330560446 1.0375551
v -0.0809893459 0.332422256 1.03594255
v -0.08149782 0.330877 1.03591168
v -0.07987004 0.330560446 1.0375551
v -0.0799496546 0.3347751 1.0367502
v -0.0809893459 0.332422256 1.03594255
v -0.0799496546 0.3347751 1.0367502
v -0.08290476 0.332502455 1.03273666
v -0.0809893459 0.332422256 1.03594255
v -0.0799496546 0.3347751 1.0367502
v -0.0799275339 0.337358326 1.03365815
v -0.08290476 0.332502455 1.03273666
v -0.0799275339 0.337358326 1.03365815
v -0.08144352 0.3360313 1.032289
v -0.08290476 0.332502455 1.03273666
v -0.0799275339 0.337358326 1.03365815
v -0.08108109 0.336083174 1.03078151
v -0.08144352 0.3360313 1.032289
v -0.0799275339 0.337358326 1.03365815
v -0.07992974 0.337319016 1.02930963
v -0.08108109 0.336083174 1.03078151
v -0.07992974 0.337319016 1.02930963
v -0.0829179958 0.332861334 1.03067791
v -0.08108109 0.336083174 1.03078151
v -0.07992974 0.337319016 1.02930963
v -0.07996117 0.3347027 1.02624393
v -0.0829179958 0.332861334 1.03067791
v -0.07996117 0.3347027 1.02624393
v -0.08150245 0.332375646 1.02713251
v -0.0829179958 0.332861334 1.03067791
v -0.07996117 0.3347027 1.02624393
v -0.07988394 0.3305134 1.02550244
v -0.08150245 0.332375646 1.02713251
v -0.08150245 0.332375646 1.02713251
v -0.07988394 0.3305134 1.02550244
v -0.08096637 0.3308064 1.02712131
v -0.08096637 0.3308064 1.02712131
v -0.07988394 0.3305134 1.02550244
v -0.0828760862 0.330581546 1.03038645
v -0.07988394 0.3305134 1.02550244
v -0.0800025761 0.3269304 1.02762175
v -0.0828760862 0.330581546 1.03038645
v -0.08085133 0.3326645 1.03256142
v -0.08290476 0.332502455 1.03273666
v -0.08144352 0.3360313 1.032289
v -0.08144352 0.3360313 1.032289
v -0.08108109 0.336083174 1.03078151
v -0.08085133 0.3326645 1.03256142
v -0.08108109 0.336083174 1.03078151
v -0.08085125 0.33266443 1.03048265
v -0.08085133 0.3326645 1.03256142
v -0.0809893459 0.332422256 1.03594255
v -0.0808511749 0.3305855 1.03256142
v -0.08149782 0.330877 1.03591168
v -0.08085143 0.3305855 1.03048265
v -0.08100111 0.327202529 1.03228951
v -0.0808511749 0.3305855 1.03256142
v -0.08085143 0.3305855 1.03048265
v -0.0815080553 0.3272357 1.03077328
v -0.08100111 0.327202529 1.03228951
v -0.08096637 0.3308064 1.02712131
v -0.08085125 0.33266443 1.03048265
v -0.08150245 0.332375646 1.02713251
v -0.08085125 0.33266443 1.03048265
v -0.08108109 0.336083174 1.03078151
v -0.0829179958 0.332861334 1.03067791
v -0.08085125 0.33266443 1.03048265
v -0.0829179958 0.332861334 1.03067791
v -0.08150245 0.332375646 1.02713251
v -0.0828760862 0.330581546 1.03038645
v -0.08085143 0.3305855 1.03048265
v -0.08096637 0.3308064 1.02712131
v -0.08085143 0.3305855 1.03048265
v -0.0828760862 0.330581546 1.03038645
v -0.0815080553 0.3272357 1.03077328
v -0.0808511749 0.3305855 1.03256142
v -0.08100111 0.327202529 1.03228951
v -0.08287663 0.330444843 1.03246891
v -0.0808511749 0.3305855 1.03256142
v -0.08287663 0.330444843 1.03246891
v -0.08149782 0.330877 1.03591168
v -0.08085133 0.3326645 1.03256142
v -0.0809893459 0.332422256 1.03594255
v -0.08290476 0.332502455 1.03273666
v 0.00349999382 0.333585262 1.02934706
v 0.00349999382 0.3343292 1.03373647
v 0.0245 0.334384441 1.03054321
v 0.00349999382 0.3343292 1.03373647
v 0.0245 0.333931983 1.033188
v 0.0245 0.334384441 1.03054321
v 0.00349999382 0.3343292 1.03373647
v 0.00349999382 0.332392067 1.03446352
v 0.0245 0.333931983 1.033188
v 0.00349999382 0.332392067 1.03446352
v 0.0245 0.33147344 1.034446
v 0.0245 0.333931983 1.033188
v 0.00349999382 0.332392067 1.03446352
v 0.00349999382 0.3286834 1.03228915
v 0.0245 0.33147344 1.034446
v 0.00349999382 0.3286834 1.03228915
v 0.0245 0.328613818 1.031939
v 0.0245 0.33147344 1.034446
v 0.00349999382 0.3286834 1.03228915
v 0.00349999382 0.330366045 1.02887845
v 0.0245 0.328613818 1.031939
v 0.00349999382 0.330366045 1.02887845
v 0.0245 0.331208 1.02851081
v 0.0245 0.328613818 1.031939
v 0.00349999382 0.330366045 1.02887845
v 0.00349999382 0.333585262 1.02934706
v 0.0245 0.331208 1.02851081
v 0.00349999382 0.333585262 1.02934706
v 0.0245 0.334384441 1.03054321
v 0.0245 0.331208 1.02851081
v 0.00349999382 0.32833606 1.03032494
v 0.00349999382 0.3286834 1.03228915
v 0.00349999382 0.328125 1.03152192
v 0.00349999382 0.328943849 1.03377163
v 0.00349999382 0.32833606 1.032719
v 0.00349999382 0.332392067 1.03446352
v 0.00349999382 0.329875 1.03455293
v 0.00349999382 0.331017226 1.03496873
v 0.00349999382 0.3286834 1.03228915
v 0.00349999382 0.32833606 1.032719
v 0.00349999382 0.328125 1.03152192
v 0.00349999382 0.3286834 1.03228915
v 0.00349999382 0.329875 1.03455293
v 0.00349999382 0.328943849 1.03377163
v 0.00349999382 0.32833606 1.03032494
v 0.00349999382 0.328943849 1.0292722
v 0.00349999382 0.332392067 1.03446352
v 0.00349999382 0.332232744 1.03496873
v 0.00349999382 0.331017226 1.03496873
v 0.00349999382 0.3343292 1.03373647
v 0.00349999382 0.333585262 1.02934706
v 0.00349999382 0.3349139 1.03032494
v 0.0243023764 0.328322649 1.03153992
v 0.0238000024 0.328943849 1.03377163
v 0.003499535 0.328257769 1.03267992
v 0.00349995727 0.33012265 1.03440785
v 0.00349995471 0.3341938 1.03292394
v 0.003500072 0.3336812 1.02895284
v -0.07875004 0.3345041 1.03204238
v -0.07875008 0.332641572 1.02874494
v -0.07875 0.334547549 1.02645993
v -0.07875 0.337117672 1.02952278
v -0.07875008 0.332641572 1.02874494
v -0.07875004 0.3345041 1.03204238
v -0.07875 0.3271473 1.02776468
v -0.07875 0.325779825 1.03152192
v -0.0800025761 0.3269304 1.02762175
v -0.07988394 0.3305134 1.02550244
v -0.07875 0.3271473 1.03527915
v -0.07998816 0.327000916 1.03550446
v -0.07986014 0.325499624 1.03155661
v -0.07875 0.330609977 1.03727829
v -0.0808511749 0.3305855 1.03256142
v -0.0809893459 0.332422256 1.03594255
v -0.08085133 0.3326645 1.03256142
v -0.08085125 0.33266443 1.03048265
v -0.08085143 0.3305855 1.03048265
v -0.08096637 0.3308064 1.02712131
v 0.00349999382 0.332392067 1.03446352
v 0.00349999382 0.333374977 1.03455293
v 0.00349999382 0.332232744 1.03496873
v 0.00349999382 0.3343292 1.03373647
v 0.00349999382 0.3343292 1.03373647
v 0.00349999382 0.335125 1.03152192
v 0.00349999382 0.3349139 1.032719
v 0.00349999382 0.3349139 1.03032494
v 0.00349999382 0.333585262 1.02934706
v 0.00349999382 0.334306151 1.0292722
v 0.00349999382 0.3349139 1.03032494
v 0.00349999382 0.333374977 1.02849078
v 0.00349999382 0.333585262 1.02934706
v 0.00349999382 0.332232744 1.0280751
v 0.00349999382 0.333374977 1.02849078
v 0.00349999382 0.330366045 1.02887845
v 0.00349999382 0.330366045 1.02887845
v 0.00349999382 0.331017226 1.0280751
v 0.00349999382 0.332232744 1.0280751
v 0.00349999382 0.329875 1.02849078
v 0.00349999382 0.330366045 1.02887845
v 0.00349999382 0.328943849 1.0292722
v 0.00349999382 0.329875 1.02849078
v 0.00349999382 0.3286834 1.03228915
v -0.00280000316 0.328480542 0.999672
v -0.0122500015 0.329175 0.999672
v -0.00280000316 0.328827769 0.9959969
v -0.0122500015 0.329175 0.999672
v -0.0122500015 0.329175 0.9959969
v -0.00280000316 0.328827769 0.9959969
v -0.00280000316 0.328480542 0.9683471
v -0.0122500015 0.329175 0.9683469
v -0.00280000316 0.328827769 0.964672
v -0.0122500015 0.329175 0.9683469
v -0.0122500015 0.329175 0.964672
v -0.00280000316 0.328827769 0.964672
v -0.00280000316 0.328827769 0.964672
v 0.000350000482 0.328133285 0.964672
v -0.00280000316 0.328480542 0.9683471
v 0.000350000482 0.328133285 0.964672
v 0.000350000482 0.328133285 0.9683469
v -0.00280000316 0.328480542 0.9683471
v -0.00280000316 0.328827769 0.9959969
v 0.000350000482 0.328133285 0.9959969
v -0.00280000316 0.328480542 0.999672
v 0.000350000482 0.328133285 0.9959969
v 0.000350000482 0.328133285 0.999672
v -0.00280000316 0.328480542 0.999672
v -0.00280000316 0.252519459 0.964672
v -0.0122500015 0.251824975 0.964672
v -0.00280000316 0.252172232 0.9683471
v -0.0122500015 0.251824975 0.964672
v -0.0122500015 0.251824975 0.9683469
v -0.00280000316 0.252172232 0.9683471
v -0.00280000316 0.252519459 0.9959969
v -0.0122500015 0.251824975 0.9959969
v -0.00280000316 0.252172232 0.999672
v -0.0122500015 0.251824975 0.9959969
v -0.0122500015 0.251824975 0.999672
v -0.00280000316 0.252172232 0.999672
v -0.00280000316 0.252172232 0.999672
v 0.000350000482 0.2528667 0.999672
v -0.00280000316 0.252519459 0.9959969
v 0.000350000482 0.2528667 0.999672
v 0.000350000482 0.2528667 0.9959969
v -0.00280000316 0.252519459 0.9959969
v -0.00280000316 0.252172232 0.9683471
v 0.000350000482 0.2528667 0.9683469
v -0.00280000316 0.252519459 0.964672
v 0.000350000482 0.2528667 0.9683469
v 0.000350000482 0.2528667 0.964672
v -0.00280000316 0.252519459 0.964672
v 0.000350000482 0.333724976 0.9959969
v 0.000350000482 0.333724976 0.999672
v 0.000350000482 0.328133285 0.9959969
v 0.000350000482 0.328133285 0.999672
v -0.0122500015 0.329175 0.9959969
v -0.0122500015 0.333724976 0.9959969
v -0.00280000316 0.328827769 0.9959969
v 0.000350000482 0.333724976 0.9959969
v 0.000350000482 0.328133285 0.9959969
v 0.000350000482 0.328133285 0.999672
v 0.000350000482 0.333724976 0.999672
v -0.00280000316 0.328480542 0.999672
v -0.0122500015 0.329175 0.999672
v -0.0175000019 0.333724976 0.999672
v -0.0122500015 0.326725 0.999672
v -0.0175000019 0.320425 0.999672
v 0.003499999 0.320425 0.999672
v 0.003499999 0.326725 0.999672
v 0.000350000482 0.333724976 0.9683469
v 0.000350000482 0.333724976 0.964672
v -0.0122500015 0.333724976 0.9683469
v -0.0175000019 0.333724976 0.964672
v -0.0122500015 0.333724976 0.9959969
v -0.0175000019 0.333724976 0.999672
v 0.000350000482 0.333724976 0.999672
v 0.000350000482 0.333724976 0.9959969
v 0.000350000482 0.333724976 0.9683469
v 0.000350000482 0.328133285 0.9683469
v 0.000350000482 0.333724976 0.964672
v 0.000350000482 0.328133285 0.964672
v -0.0122500015 0.329175 0.9683469
v -0.00280000316 0.328480542 0.9683471
v -0.0122500015 0.333724976 0.9683469
v 0.000350000482 0.333724976 0.9683469
v 0.000350000482 0.328133285 0.9683469
v 0.003499999 0.326725 0.964672
v 0.003499999 0.320425 0.964672
v -0.0122500015 0.326725 0.964672
v -0.0175000019 0.320425 0.964672
v -0.0175000019 0.333724976 0.964672
v -0.0122500015 0.329175 0.964672
v 0.000350000482 0.333724976 0.964672
v -0.00280000316 0.328827769 0.964672
v 0.000350000482 0.328133285 0.964672
v 0.003499999 0.326725 0.9662469
v 0.003499999 0.326725 0.964672
v -2.83122059E-09 0.326725 0.9662469
v -0.0122500015 0.326725 0.964672
v -0.0122500015 0.326725 0.9683469
v -2.83122059E-09 0.326725 0.9683469
v 0.003499999 0.326725 0.9662469
v 0.003499999 0.322183281 0.9662469
v 0.003499999 0.326725 0.964672
v 0.003499999 0.320425 0.964672
v 0.003499999 0.322183281 0.998096943
v 0.003499999 0.320425 0.999672
v 0.003499999 0.326725 0.999672
v 0.003499999 0.326725 0.998096943
v 0.003499999 0.322183281 0.9662469
v -0.0122500015 0.322183281 0.9662469
v 0.003499999 0.322183281 0.998096943
v -0.0122500015 0.322183281 0.998096943
v -0.0122500015 0.324283272 0.9662469
v -0.0122500015 0.322183281 0.9662469
v -2.83122059E-09 0.324283272 0.9662469
v 0.003499999 0.322183281 0.9662469
v 0.003499999 0.326725 0.9662469
v -2.83122059E-09 0.326725 0.9662469
v -2.83122059E-09 0.324283272 0.9662469
v -2.83122059E-09 0.324283272 0.9683469
v -0.0122500015 0.324283272 0.9662469
v -0.0122500015 0.324283272 0.9683469
v -2.83122059E-09 0.326725 0.9662469
v -2.83122059E-09 0.326725 0.9683469
v -2.83122059E-09 0.324283272 0.9662469
v -2.83122059E-09 0.324283272 0.9683469
v -0.0122500015 0.324283272 0.9683469
v -2.83122059E-09 0.324283272 0.9683469
v -0.0122500015 0.326725 0.9683469
v -2.83122059E-09 0.326725 0.9683469
v -0.0122500015 0.324283272 0.998096943
v -0.0122500015 0.322183281 0.998096943
v -0.0122500015 0.324283272 0.9959969
v -0.0122500015 0.324905 0.9920419
v -0.0122500015 0.326725 0.9959969
v -0.0122500015 0.324905 0.989801943
v -0.0122500015 0.327145 0.9920419
v -0.0122500015 0.324905 0.9832919
v -0.0122500015 0.322183281 0.9662469
v -0.0122500015 0.327145 0.989801943
v -0.0122500015 0.329175 0.9959969
v -0.0122500015 0.326725 0.999672
v -0.0122500015 0.329175 0.999672
v -0.0122500015 0.327145 0.9832919
v -0.0122500015 0.324905 0.981052
v -0.0122500015 0.333724976 0.9683469
v -0.0122500015 0.333724976 0.9959969
v -0.0122500015 0.327145 0.981052
v -0.0122500015 0.329175 0.9683469
v -0.0122500015 0.324905 0.9745419
v -0.0122500015 0.327145 0.9745419
v -0.0122500015 0.324905 0.97230196
v -0.0122500015 0.327145 0.97230196
v -0.0122500015 0.324283272 0.9683469
v -0.0122500015 0.324283272 0.9662469
v -0.0122500015 0.326725 0.9683469
v -0.0122500015 0.326725 0.964672
v -0.0122500015 0.329175 0.964672
v -0.0122500015 0.324283272 0.998096943
v -0.0122500015 0.324283272 0.9959969
v -2.83122059E-09 0.324283272 0.998096943
v -2.83122059E-09 0.324283272 0.9959969
v -0.0122500015 0.324283272 0.998096943
v -2.83122059E-09 0.324283272 0.998096943
v -0.0122500015 0.322183281 0.998096943
v 0.003499999 0.322183281 0.998096943
v 0.003499999 0.326725 0.998096943
v -2.83122059E-09 0.326725 0.998096943
v -2.83122059E-09 0.324283272 0.998096943
v -2.83122059E-09 0.324283272 0.9959969
v -2.83122059E-09 0.326725 0.998096943
v -2.83122059E-09 0.326725 0.9959969
v -2.83122059E-09 0.324283272 0.9959969
v -0.0122500015 0.324283272 0.9959969
v -2.83122059E-09 0.326725 0.9959969
v -0.0122500015 0.326725 0.9959969
v -2.83122059E-09 0.326725 0.9959969
v -0.0122500015 0.326725 0.9959969
v -2.83122059E-09 0.326725 0.998096943
v -0.0122500015 0.326725 0.999672
v 0.003499999 0.326725 0.999672
v 0.003499999 0.326725 0.998096943
v -0.0175000019 0.320425 0.999672
v -0.0175000019 0.320425 0.964672
v 0.003499999 0.320425 0.999672
v 0.003499999 0.320425 0.964672
v -0.0175000019 0.324905 0.97230196
v -0.0287 0.324905 0.97230196
v -0.0175000019 0.327145 0.97230196
v -0.0287 0.327145 0.97230196
v -0.0175000019 0.324905 0.9745419
v -0.0287 0.324905 0.9745419
v -0.0175000019 0.324905 0.97230196
v -0.0287 0.324905 0.97230196
v -0.0175000019 0.327145 0.9745419
v -0.0287 0.327145 0.9745419
v -0.0175000019 0.324905 0.9745419
v -0.0287 0.324905 0.9745419
v -0.0175000019 0.327145 0.97230196
v -0.0287 0.327145 0.97230196
v -0.0175000019 0.327145 0.9745419
v -0.0287 0.327145 0.9745419
v -0.0287 0.327145 0.9745419
v -0.0287 0.327145 0.97230196
v -0.0287 0.324905 0.9745419
v -0.0287 0.324905 0.97230196
v -0.0175000019 0.324905 0.981052
v -0.0287 0.324905 0.981052
v -0.0175000019 0.327145 0.981052
v -0.0287 0.327145 0.981052
v -0.0175000019 0.324905 0.9832919
v -0.0287 0.324905 0.9832919
v -0.0175000019 0.324905 0.981052
v -0.0287 0.324905 0.981052
v -0.0175000019 0.327145 0.9832919
v -0.0287 0.327145 0.9832919
v -0.0175000019 0.324905 0.9832919
v -0.0287 0.324905 0.9832919
v -0.0175000019 0.327145 0.981052
v -0.0287 0.327145 0.981052
v -0.0175000019 0.327145 0.9832919
v -0.0287 0.327145 0.9832919
v -0.0287 0.327145 0.9832919
v -0.0287 0.327145 0.981052
v -0.0287 0.324905 0.9832919
v -0.0287 0.324905 0.981052
v -0.0175000019 0.324905 0.989801943
v -0.0287 0.324905 0.989801943
v -0.0175000019 0.327145 0.989801943
v -0.0287 0.327145 0.989801943
v -0.0175000019 0.324905 0.9920419
v -0.0287 0.324905 0.9920419
v -0.0175000019 0.324905 0.989801943
v -0.0287 0.324905 0.989801943
v -0.0175000019 0.327145 0.9920419
v -0.0287 0.327145 0.9920419
v -0.0175000019 0.324905 0.9920419
v -0.0287 0.324905 0.9920419
v -0.0175000019 0.327145 0.989801943
v -0.0287 0.327145 0.989801943
v -0.0175000019 0.327145 0.9920419
v -0.0287 0.327145 0.9920419
v -0.0287 0.327145 0.9920419
v -0.0287 0.327145 0.989801943
v -0.0287 0.324905 0.9920419
v -0.0287 0.324905 0.989801943
v 0.000350000482 0.247275 0.9683469
v 0.000350000482 0.247275 0.964672
v 0.000350000482 0.2528667 0.9683469
v 0.000350000482 0.2528667 0.964672
v -0.0122500015 0.251824975 0.9683469
v -0.0122500015 0.247275 0.9683469
v -0.00280000316 0.252172232 0.9683471
v 0.000350000482 0.247275 0.9683469
v 0.000350000482 0.2528667 0.9683469
v 0.000350000482 0.2528667 0.964672
v 0.000350000482 0.247275 0.964672
v -0.00280000316 0.252519459 0.964672
v -0.0122500015 0.251824975 0.964672
v -0.0175000019 0.247275 0.964672
v -0.0122500015 0.254275 0.964672
v -0.0175000019 0.260575 0.964672
v 0.003499999 0.260575 0.964672
v 0.003499999 0.254275 0.964672
v 0.000350000482 0.247275 0.9959969
v 0.000350000482 0.247275 0.999672
v -0.0122500015 0.247275 0.9959969
v -0.0175000019 0.247275 0.999672
v -0.0122500015 0.247275 0.9683469
v -0.0175000019 0.247275 0.964672
v 0.000350000482 0.247275 0.964672
v 0.000350000482 0.247275 0.9683469
v 0.000350000482 0.247275 0.9959969
v 0.000350000482 0.2528667 0.9959969
v 0.000350000482 0.247275 0.999672
v 0.000350000482 0.2528667 0.999672
v -0.0122500015 0.251824975 0.9959969
v -0.00280000316 0.252519459 0.9959969
v -0.0122500015 0.247275 0.9959969
v 0.000350000482 0.247275 0.9959969
v 0.000350000482 0.2528667 0.9959969
v 0.003499999 0.254275 0.999672
v 0.003499999 0.260575 0.999672
v -0.0122500015 0.254275 0.999672
v -0.0175000019 0.260575 0.999672
v -0.0175000019 0.247275 0.999672
v -0.0122500015 0.251824975 0.999672
v 0.000350000482 0.247275 0.999672
v -0.00280000316 0.252172232 0.999672
v 0.000350000482 0.2528667 0.999672
v 0.003499999 0.254275 0.998096943
v 0.003499999 0.254275 0.999672
v -2.83122059E-09 0.254275 0.998096943
v -0.0122500015 0.254275 0.999672
v -0.0122500015 0.254275 0.9959969
v -2.83122059E-09 0.254275 0.9959969
v 0.003499999 0.254275 0.998096943
v 0.003499999 0.258816719 0.998096943
v 0.003499999 0.254275 0.999672
v 0.003499999 0.260575 0.999672
v 0.003499999 0.258816719 0.9662469
v 0.003499999 0.260575 0.964672
v 0.003499999 0.254275 0.964672
v 0.003499999 0.254275 0.9662469
v 0.003499999 0.258816719 0.998096943
v -0.0122500015 0.258816719 0.998096943
v 0.003499999 0.258816719 0.9662469
v -0.0122500015 0.258816719 0.9662469
v -0.0122500015 0.256716728 0.998096943
v -0.0122500015 0.258816719 0.998096943
v -2.83122059E-09 0.256716728 0.998096943
v 0.003499999 0.258816719 0.998096943
v 0.003499999 0.254275 0.998096943
v -2.83122059E-09 0.254275 0.998096943
v -2.83122059E-09 0.256716728 0.998096943
v -2.83122059E-09 0.256716728 0.9959969
v -0.0122500015 0.256716728 0.998096943
v -0.0122500015 0.256716728 0.9959969
v -2.83122059E-09 0.254275 0.998096943
v -2.83122059E-09 0.254275 0.9959969
v -2.83122059E-09 0.256716728 0.998096943
v -2.83122059E-09 0.256716728 0.9959969
v -0.0122500015 0.256716728 0.9959969
v -2.83122059E-09 0.256716728 0.9959969
v -0.0122500015 0.254275 0.9959969
v -2.83122059E-09 0.254275 0.9959969
v -0.0122500015 0.256716728 0.9662469
v -0.0122500015 0.258816719 0.9662469
v -0.0122500015 0.256716728 0.9683469
v -0.0122500015 0.256094962 0.97230196
v -0.0122500015 0.254275 0.9683469
v -0.0122500015 0.256094962 0.9745419
v -0.0122500015 0.253855 0.97230196
v -0.0122500015 0.256094962 0.981052
v -0.0122500015 0.258816719 0.998096943
v -0.0122500015 0.253855 0.9745419
v -0.0122500015 0.251824975 0.9683469
v -0.0122500015 0.254275 0.964672
v -0.0122500015 0.251824975 0.964672
v -0.0122500015 0.253855 0.981052
v -0.0122500015 0.256094962 0.9832919
v -0.0122500015 0.247275 0.9959969
v -0.0122500015 0.247275 0.9683469
v -0.0122500015 0.253855 0.9832919
v -0.0122500015 0.251824975 0.9959969
v -0.0122500015 0.256094962 0.989801943
v -0.0122500015 0.253855 0.989801943
v -0.0122500015 0.256094962 0.9920419
v -0.0122500015 0.253855 0.9920419
v -0.0122500015 0.256716728 0.9959969
v -0.0122500015 0.256716728 0.998096943
v -0.0122500015 0.254275 0.9959969
v -0.0122500015 0.254275 0.999672
v -0.0122500015 0.251824975 0.999672
v -0.0122500015 0.256716728 0.9662469
v -0.0122500015 0.256716728 0.9683469
v -2.83122059E-09 0.256716728 0.9662469
v -2.83122059E-09 0.256716728 0.9683469
v -0.0122500015 0.256716728 0.9662469
v -2.83122059E-09 0.256716728 0.9662469
v -0.0122500015 0.258816719 0.9662469
v 0.003499999 0.258816719 0.9662469
v 0.003499999 0.254275 0.9662469
v -2.83122059E-09 0.254275 0.9662469
v -2.83122059E-09 0.256716728 0.9662469
v -2.83122059E-09 0.256716728 0.9683469
v -2.83122059E-09 0.254275 0.9662469
v -2.83122059E-09 0.254275 0.9683469
v -2.83122059E-09 0.256716728 0.9683469
v -0.0122500015 0.256716728 0.9683469
v -2.83122059E-09 0.254275 0.9683469
v -0.0122500015 0.254275 0.9683469
v -2.83122059E-09 0.254275 0.9683469
v -0.0122500015 0.254275 0.9683469
v -2.83122059E-09 0.254275 0.9662469
v -0.0122500015 0.254275 0.964672
v 0.003499999 0.254275 0.964672
v 0.003499999 0.254275 0.9662469
v -0.0175000019 0.260575 0.964672
v -0.0175000019 0.260575 0.999672
v 0.003499999 0.260575 0.964672
v 0.003499999 0.260575 0.999672
v -0.0175000019 0.256094962 0.9920419
v -0.0287 0.256094962 0.9920419
v -0.0175000019 0.253855 0.9920419
v -0.0287 0.253855 0.9920419
v -0.0175000019 0.256094962 0.989801943
v -0.0287 0.256094962 0.989801943
v -0.0175000019 0.256094962 0.9920419
v -0.0287 0.256094962 0.9920419
v -0.0175000019 0.253855 0.989801943
v -0.0287 0.253855 0.989801943
v -0.0175000019 0.256094962 0.989801943
v -0.0287 0.256094962 0.989801943
v -0.0175000019 0.253855 0.9920419
v -0.0287 0.253855 0.9920419
v -0.0175000019 0.253855 0.989801943
v -0.0287 0.253855 0.989801943
v -0.0287 0.253855 0.989801943
v -0.0287 0.253855 0.9920419
v -0.0287 0.256094962 0.989801943
v -0.0287 0.256094962 0.9920419
v -0.0175000019 0.256094962 0.9832919
v -0.0287 0.256094962 0.9832919
v -0.0175000019 0.253855 0.9832919
v -0.0287 0.253855 0.9832919
v -0.0175000019 0.256094962 0.981052
v -0.0287 0.256094962 0.981052
v -0.0175000019 0.256094962 0.9832919
v -0.0287 0.256094962 0.9832919
v -0.0175000019 0.253855 0.981052
v -0.0287 0.253855 0.981052
v -0.0175000019 0.256094962 0.981052
v -0.0287 0.256094962 0.981052
v -0.0175000019 0.253855 0.9832919
v -0.0287 0.253855 0.9832919
v -0.0175000019 0.253855 0.981052
v -0.0287 0.253855 0.981052
v -0.0287 0.253855 0.981052
v -0.0287 0.253855 0.9832919
v -0.0287 0.256094962 0.981052
v -0.0287 0.256094962 0.9832919
v -0.0175000019 0.256094962 0.9745419
v -0.0287 0.256094962 0.9745419
v -0.0175000019 0.253855 0.9745419
v -0.0287 0.253855 0.9745419
v -0.0175000019 0.256094962 0.97230196
v -0.0287 0.256094962 0.97230196
v -0.0175000019 0.256094962 0.9745419
v -0.0287 0.256094962 0.9745419
v -0.0175000019 0.253855 0.97230196
v -0.0287 0.253855 0.97230196
v -0.0175000019 0.256094962 0.97230196
v -0.0287 0.256094962 0.97230196
v -0.0175000019 0.253855 0.9745419
v -0.0287 0.253855 0.9745419
v -0.0175000019 0.253855 0.97230196
v -0.0287 0.253855 0.97230196
v -0.0287 0.253855 0.97230196
v -0.0287 0.253855 0.9745419
v -0.0287 0.256094962 0.97230196
v -0.0287 0.256094962 0.9745419
v -0.0175000019 0.256094962 0.989801943
v -0.0175000019 0.256094962 0.9920419
v -0.0175000019 0.260575 0.999672
v -0.0175000019 0.253855 0.9920419
v -0.0175000019 0.256094962 0.9832919
v -0.0175000019 0.253855 0.989801943
v -0.0175000019 0.247275 0.999672
v -0.0175000019 0.260575 0.964672
v -0.0175000019 0.253855 0.9832919
v -0.0175000019 0.247275 0.964672
v -0.0175000019 0.256094962 0.981052
v -0.0175000019 0.253855 0.981052
v -0.0175000019 0.256094962 0.9745419
v -0.0175000019 0.253855 0.9745419
v -0.0175000019 0.256094962 0.97230196
v -0.0175000019 0.253855 0.97230196
v -0.0175000019 0.324905 0.9745419
v -0.0175000019 0.324905 0.97230196
v -0.0175000019 0.320425 0.964672
v -0.0175000019 0.327145 0.97230196
v -0.0175000019 0.324905 0.981052
v -0.0175000019 0.327145 0.9745419
v -0.0175000019 0.333724976 0.964672
v -0.0175000019 0.320425 0.999672
v -0.0175000019 0.327145 0.981052
v -0.0175000019 0.333724976 0.999672
v -0.0175000019 0.324905 0.9832919
v -0.0175000019 0.327145 0.9832919
v -0.0175000019 0.324905 0.989801943
v -0.0175000019 0.327145 0.989801943
v -0.0175000019 0.324905 0.9920419
v -0.0175000019 0.327145 0.9920419
v -0.0122500015 0.327145 0.97230196
v 0.00174999807 0.327145 0.97230196
v -0.0122500015 0.324905 0.97230196
v 0.00174999807 0.324905 0.97230196
v -0.0122500015 0.327145 0.9745419
v 0.00174999807 0.327145 0.9745419
v -0.0122500015 0.327145 0.97230196
v 0.00174999807 0.327145 0.97230196
v -0.0122500015 0.324905 0.9745419
v 0.00174999807 0.324905 0.9745419
v -0.0122500015 0.327145 0.9745419
v 0.00174999807 0.327145 0.9745419
v -0.0122500015 0.324905 0.97230196
v 0.00174999807 0.324905 0.97230196
v -0.0122500015 0.324905 0.9745419
v 0.00174999807 0.324905 0.9745419
v 0.00174999807 0.324905 0.9745419
v 0.00174999807 0.324905 0.97230196
v 0.00174999807 0.327145 0.9745419
v 0.00174999807 0.327145 0.97230196
v -0.0122500015 0.327145 0.981052
v 0.00174999807 0.327145 0.981052
v -0.0122500015 0.324905 0.981052
v 0.00174999807 0.324905 0.981052
v -0.0122500015 0.327145 0.9832919
v 0.00174999807 0.327145 0.9832919
v -0.0122500015 0.327145 0.981052
v 0.00174999807 0.327145 0.981052
v -0.0122500015 0.324905 0.9832919
v 0.00174999807 0.324905 0.9832919
v -0.0122500015 0.327145 0.9832919
v 0.00174999807 0.327145 0.9832919
v -0.0122500015 0.324905 0.981052
v 0.00174999807 0.324905 0.981052
v -0.0122500015 0.324905 0.9832919
v 0.00174999807 0.324905 0.9832919
v 0.00174999807 0.324905 0.9832919
v 0.00174999807 0.324905 0.981052
v 0.00174999807 0.327145 0.9832919
v 0.00174999807 0.327145 0.981052
v -0.0122500015 0.327145 0.989801943
v 0.00174999807 0.327145 0.989801943
v -0.0122500015 0.324905 0.989801943
v 0.00174999807 0.324905 0.989801943
v -0.0122500015 0.327145 0.9920419
v 0.00174999807 0.327145 0.9920419
v -0.0122500015 0.327145 0.989801943
v 0.00174999807 0.327145 0.989801943
v -0.0122500015 0.324905 0.9920419
v 0.00174999807 0.324905 0.9920419
v -0.0122500015 0.327145 0.9920419
v 0.00174999807 0.327145 0.9920419
v -0.0122500015 0.324905 0.989801943
v 0.00174999807 0.324905 0.989801943
v -0.0122500015 0.324905 0.9920419
v 0.00174999807 0.324905 0.9920419
v 0.00174999807 0.324905 0.9920419
v 0.00174999807 0.324905 0.989801943
v 0.00174999807 0.327145 0.9920419
v 0.00174999807 0.327145 0.989801943
v -0.0122500015 0.253855 0.9920419
v 0.00174999807 0.253855 0.9920419
v -0.0122500015 0.256094962 0.9920419
v 0.00174999807 0.256094962 0.9920419
v -0.0122500015 0.253855 0.989801943
v 0.00174999807 0.253855 0.989801943
v -0.0122500015 0.253855 0.9920419
v 0.00174999807 0.253855 0.9920419
v -0.0122500015 0.256094962 0.989801943
v 0.00174999807 0.256094962 0.989801943
v -0.0122500015 0.253855 0.989801943
v 0.00174999807 0.253855 0.989801943
v -0.0122500015 0.256094962 0.9920419
v 0.00174999807 0.256094962 0.9920419
v -0.0122500015 0.256094962 0.989801943
v 0.00174999807 0.256094962 0.989801943
v 0.00174999807 0.256094962 0.989801943
v 0.00174999807 0.256094962 0.9920419
v 0.00174999807 0.253855 0.989801943
v 0.00174999807 0.253855 0.9920419
v -0.0122500015 0.253855 0.9832919
v 0.00174999807 0.253855 0.9832919
v -0.0122500015 0.256094962 0.9832919
v 0.00174999807 0.256094962 0.9832919
v -0.0122500015 0.253855 0.981052
v 0.00174999807 0.253855 0.981052
v -0.0122500015 0.253855 0.9832919
v 0.00174999807 0.253855 0.9832919
v -0.0122500015 0.256094962 0.981052
v 0.00174999807 0.256094962 0.981052
v -0.0122500015 0.253855 0.981052
v 0.00174999807 0.253855 0.981052
v -0.0122500015 0.256094962 0.9832919
v 0.00174999807 0.256094962 0.9832919
v -0.0122500015 0.256094962 0.981052
v 0.00174999807 0.256094962 0.981052
v 0.00174999807 0.256094962 0.981052
v 0.00174999807 0.256094962 0.9832919
v 0.00174999807 0.253855 0.981052
v 0.00174999807 0.253855 0.9832919
v -0.0122500015 0.253855 0.9745419
v 0.00174999807 0.253855 0.9745419
v -0.0122500015 0.256094962 0.9745419
v 0.00174999807 0.256094962 0.9745419
v -0.0122500015 0.253855 0.97230196
v 0.00174999807 0.253855 0.97230196
v -0.0122500015 0.253855 0.9745419
v 0.00174999807 0.253855 0.9745419
v -0.0122500015 0.256094962 0.97230196
v 0.00174999807 0.256094962 0.97230196
v -0.0122500015 0.253855 0.97230196
v 0.00174999807 0.253855 0.97230196
v -0.0122500015 0.256094962 0.9745419
v 0.00174999807 0.256094962 0.9745419
v -0.0122500015 0.256094962 0.97230196
v 0.00174999807 0.256094962 0.97230196
v 0.00174999807 0.256094962 0.97230196
v 0.00174999807 0.256094962 0.9745419
v 0.00174999807 0.253855 0.97230196
v 0.00174999807 0.253855 0.9745419
v 0.0216584317 0.3198584 0.9963392
v 0.0169860758 0.320675045 1.00002182
v 0.0162076969 0.320653856 0.996624947
v 0.0220499951 0.318499982 1.00002182
v 0.02181554 0.319374979 1.00002182
v 0.0216584317 0.3198584 0.9963392
v 0.02181554 0.319374979 1.00002182
v 0.0211749952 0.32001555 1.00002182
v 0.0216584317 0.3198584 0.9963392
v 0.0211749952 0.32001555 1.00002182
v 0.0169860758 0.320675045 1.00002182
v 0.0216584317 0.3198584 0.9963392
v 0.0216584317 0.3198584 0.9963392
v 0.0220499951 0.310580462 0.996260464
v 0.0220499951 0.318499982 1.00002182
v 0.0220517311 0.27044493 0.9962446
v 0.0216584317 0.261141568 0.9963392
v 0.0217569359 0.2611268 1.00002182
v 0.0220517311 0.27044493 0.9962446
v 0.0220499951 0.271390557 0.999958456
v 0.0220499951 0.2842044 0.995315254
v 0.0220499951 0.2838715 0.9916154
v 0.0220499951 0.297128469 0.9916154
v 0.0220499951 0.296795577 0.995315254
v 0.0220499951 0.310580462 0.996260464
v 0.0220499951 0.309590518 0.999958038
v 0.0220499951 0.318499982 1.00002182
v 0.0152365668 0.332480282 0.99667567
v 0.0216584317 0.3198584 0.9963392
v 0.0162076969 0.320653856 0.996624947
v 0.0220499951 0.310580462 0.996260464
v 0.02485002 0.310678184 0.996128261
v 0.02485 0.336174965 0.996172
v 0.0170747638 0.336174965 0.996579468
v 0.0216584317 0.3198584 0.9963392
v 0.0152365668 0.332480282 0.99667567
v 0.0133461542 0.3345146 0.9967748
v 0.0170747638 0.340024978 0.996579468
v 0.00734999869 0.340024978 0.9970891
v 0.00734999869 0.334775 0.9970891
v 0.0169860758 0.320675045 1.00002182
v 0.0154000018 0.321999967 1.00002182
v 0.0162076969 0.320653856 0.996624947
v 0.0160562415 0.260093719 1.00002182
v 0.0154000018 0.259 0.996667147
v 0.0152197368 0.248395622 1.00002182
v 0.0154000018 0.259 0.996667147
v 0.0151576214 0.248378947 0.996679842
v 0.0152197368 0.248395622 1.00002182
v 0.0160562471 0.260268748 0.967711031
v 0.0154000018 0.259175 0.964322
v 0.0152365724 0.248519748 0.9676682
v 0.0154000018 0.259175 0.964322
v 0.0151395863 0.248278812 0.964322
v 0.0152365724 0.248519748 0.9676682
v 0.0162076857 0.320478827 0.964322
v 0.0158038475 0.320882648 0.967697859
v 0.0152197368 0.3326044 0.964322
v 0.0158038475 0.320882648 0.967697859
v 0.0151576158 0.3326211 0.967664063
v 0.0152197368 0.3326044 0.964322
v 0.0162076969 0.320653856 0.996624947
v 0.0154000018 0.321999967 1.00002182
v 0.0152365668 0.332480282 0.99667567
v 0.0154000018 0.321999967 1.00002182
v 0.0154000018 0.331275 1.00002182
v 0.0152365668 0.332480282 0.99667567
v 0.0160562415 0.260093719 1.00002182
v 0.017149996 0.26075 0.996575534
v 0.0154000018 0.259 0.996667147
v 0.0217569359 0.2611268 1.00002182
v 0.0160562415 0.260093719 1.00002182
v 0.0152197368 0.248395622 1.00002182
v 0.0220499951 0.271390557 0.999958456
v 0.0286999978 0.271337628 0.999983
v 0.0286999978 0.242375 1.00002182
v 0.0152197368 0.248395622 1.00002182
v 0.0272999946 0.240974993 1.00002182
v 0.0131051866 0.246388435 1.00002182
v 0.00734999869 0.240974993 1.00002182
v 0.00734999869 0.246224985 1.00002182
v 0.01860621 0.244825 0.9963834
v 0.0188999251 0.240974993 0.9962909
v 0.0133461542 0.246485427 0.9967748
v 0.0188999251 0.240974993 0.9962909
v 0.00734999869 0.240974993 0.9970891
v 0.0133461542 0.246485427 0.9967748
v 0.01860621 0.244825 0.9963834
v 0.0151576214 0.248378947 0.996679842
v 0.0216584317 0.261141568 0.9963392
v 0.00734999869 0.240974993 0.9970891
v 0.00734999869 0.246224985 0.9970891
v 0.0133461542 0.246485427 0.9967748
v 0.0216584317 0.261141568 0.9963392
v 0.017149996 0.26075 0.996575534
v 0.0217569359 0.2611268 1.00002182
v 0.017149996 0.26075 0.996575534
v 0.0160562415 0.260093719 1.00002182
v 0.0217569359 0.2611268 1.00002182
v 0.0220517311 0.27044493 0.9962446
v 0.0220499951 0.2838715 0.9916154
v 0.02484986 0.270303339 0.996125758
v 0.0216853749 0.240974993 0.970908165
v 0.02182123 0.240974993 0.99308604
v 0.02182123 0.244825 0.971257865
v 0.02182123 0.240974993 0.99308604
v 0.0216853954 0.244825 0.9934357
v 0.02182123 0.244825 0.971257865
v 0.02182123 0.244825 0.971257865
v 0.01884627 0.244825 0.9680135
v 0.0216853749 0.240974993 0.970908165
v 0.01884627 0.244825 0.9680135
v 0.01870876 0.240974993 0.9680229
v 0.0216853749 0.240974993 0.970908165
v 0.01884627 0.244825 0.9680135
v 0.02182123 0.244825 0.971257865
v 0.02485 0.244825 0.968172
v 0.02205013 0.257035434 0.9680284
v 0.02205305 0.2608127 0.9687864
v 0.0160562471 0.260268748 0.967711031
v 0.02485 0.244825 0.968172
v 0.0152365724 0.248519748 0.9676682
v 0.01884627 0.244825 0.9680135
v 0.0152365724 0.248519748 0.9676682
v 0.0133461542 0.246485427 0.9675691
v 0.01884627 0.244825 0.9680135
v 0.0133461542 0.246485427 0.9675691
v 0.01870876 0.240974993 0.9680229
v 0.01884627 0.244825 0.9680135
v 0.00734999869 0.246224985 0.967254758
v 0.00734999869 0.240974993 0.967254758
v 0.0133461542 0.246485427 0.9675691
v 0.00734999869 0.240974993 0.967254758
v 0.01870876 0.240974993 0.9680229
v 0.017149996 0.260925 0.964322
v 0.0154000018 0.259175 0.964322
v 0.0160562471 0.260268748 0.967711031
v 0.0160562471 0.260268748 0.967711031
v 0.02205305 0.2608127 0.9687864
v 0.017149996 0.260925 0.964322
v 0.0220499951 0.268283844 0.981868863
v 0.0248500053 0.2685009 0.9819587
v 0.0220499951 0.3124991 0.9819587
v 0.0248500053 0.2685009 0.9819587
v 0.0248500053 0.3127162 0.981868863
v 0.0220499951 0.3124991 0.9819587
v 0.0220500827 0.3239497 0.968027234
v 0.0220499951 0.3234571 0.971202433
v 0.02485022 0.32395643 0.9681846
v 0.0220499951 0.3234571 0.971202433
v 0.0248500053 0.323406547 0.9712149
v 0.02485022 0.32395643 0.9681846
v 0.022052737 0.320189744 0.9687082
v 0.0220500827 0.3239497 0.968027234
v 0.0158038475 0.320882648 0.967697859
v 0.0220500827 0.3239497 0.968027234
v 0.0151576158 0.3326211 0.967664063
v 0.0158038475 0.320882648 0.967697859
v 0.02485022 0.32395643 0.9681846
v 0.02485 0.336174965 0.968172
v 0.0151576158 0.3326211 0.967664063
v 0.0170747638 0.336174965 0.967764437
v 0.0133461542 0.3345146 0.9675691
v 0.0170747638 0.340024978 0.967764437
v 0.00734999869 0.340024978 0.967254758
v 0.00734999869 0.334775 0.967254758
v 0.0151576158 0.3326211 0.967664063
v 0.0133461542 0.3345146 0.9675691
v 0.0152197368 0.3326044 0.964322
v 0.0133461542 0.3345146 0.9675691
v 0.0131051606 0.334611565 0.964322
v 0.0152197368 0.3326044 0.964322
v 0.0133461542 0.3345146 0.9675691
v 0.00734999869 0.334775 0.967254758
v 0.0131051606 0.334611565 0.964322
v 0.00734999869 0.334775 0.967254758
v 0.00734999869 0.334775 0.964322
v 0.0131051606 0.334611565 0.964322
v 0.00734999869 0.340024978 1.00002182
v 0.00734999869 0.340024978 0.9970891
v 0.00750094838 0.3353426 1.00002182
v 0.00734999869 0.340024978 0.9970891
v 0.00734999869 0.334775 0.9970891
v 0.00750094838 0.3353426 1.00002182
v 0.0133461542 0.246485427 0.9675691
v 0.0131051866 0.246388435 0.964322
v 0.00734999869 0.246224985 0.967254758
v 0.0131051866 0.246388435 0.964322
v 0.00734999869 0.246224985 0.964322
v 0.00734999869 0.246224985 0.967254758
v 0.0151395863 0.248278812 0.964322
v 0.0133461542 0.246485427 0.9675691
v 0.0152365724 0.248519748 0.9676682
v 0.0151395863 0.248278812 0.964322
v 0.0131051866 0.246388435 0.964322
v 0.0133461542 0.246485427 0.9675691
v 0.0133461542 0.246485427 0.9967748
v 0.00734999869 0.246224985 0.9970891
v 0.0131051866 0.246388435 1.00002182
v 0.00734999869 0.246224985 0.9970891
v 0.00734999869 0.246224985 1.00002182
v 0.0131051866 0.246388435 1.00002182
v 0.0151576214 0.248378947 0.996679842
v 0.0133461542 0.246485427 0.9967748
v 0.0152197368 0.248395622 1.00002182
v 0.0133461542 0.246485427 0.9967748
v 0.0131051866 0.246388435 1.00002182
v 0.0152197368 0.248395622 1.00002182
v 0.0133461542 0.3345146 0.9967748
v 0.00750094838 0.3353426 1.00002182
v 0.00734999869 0.334775 0.9970891
v 0.0154000018 0.331275 1.00002182
v 0.0149310846 0.333025 1.00002182
v 0.0152365668 0.332480282 0.99667567
v 0.0149310846 0.333025 1.00002182
v 0.0133461542 0.3345146 0.9967748
v 0.0152365668 0.332480282 0.99667567
v 0.0136499982 0.334306061 1.00002182
v 0.0133461542 0.3345146 0.9967748
v 0.0136499982 0.334306061 1.00002182
v 0.00750094838 0.3353426 1.00002182
v 0.0133461542 0.3345146 0.9967748
v 0.0158038475 0.320882648 0.967697859
v 0.0162076857 0.320478827 0.964322
v 0.022052737 0.320189744 0.9687082
v 0.0162076857 0.320478827 0.964322
v 0.0286999978 0.320074975 0.964322
v 0.022052737 0.320189744 0.9687082
v 0.0286999978 0.320074975 0.964322
v 0.0286999978 0.3200119 0.969340861
v 0.022052737 0.320189744 0.9687082
v 0.0286999978 0.3110626 0.978265047
v 0.0220499951 0.311120421 0.9782411
v 0.0286999978 0.3200119 0.969340861
v 0.0220499951 0.311120421 0.9782411
v 0.022052737 0.320189744 0.9687082
v 0.0286999978 0.3200119 0.969340861
v 0.02182123 0.240974993 0.99308604
v 0.0188999251 0.240974993 0.9962909
v 0.0216853954 0.244825 0.9934357
v 0.0188999251 0.240974993 0.9962909
v 0.01860621 0.244825 0.9963834
v 0.0216853954 0.244825 0.9934357
v 0.0286999978 0.320074975 0.964322
v 0.0286999978 0.338624984 0.964322
v 0.0286999978 0.3200119 0.969340861
v 0.0286999978 0.3110626 0.978265047
v 0.0286999978 0.338624984 1.00002182
v 0.0286999978 0.3096808 0.9999833
v 0.0286999978 0.296795577 0.995315254
v 0.0286999978 0.26987958 0.9782411
v 0.0286999978 0.2842044 0.995315254
v 0.0286999978 0.271337628 0.999983
v 0.0286999978 0.242375 1.00002182
v 0.0286999978 0.242375 0.964322
v 0.0286999978 0.260981858 0.9693094
v 0.0286999978 0.260925 0.964322
v 0.0286999978 0.271337628 0.999983
v 0.0286999978 0.2842044 0.995315254
v 0.0220499951 0.271390557 0.999958456
v 0.0220499951 0.2842044 0.995315254
v 0.0286999978 0.296795577 0.995315254
v 0.0220499951 0.296795577 0.995315254
v 0.0286999978 0.3096808 0.9999833
v 0.0220499951 0.309590518 0.999958038
v 0.0169860758 0.320675045 1.00002182
v 0.0154000018 0.331275 1.00002182
v 0.0154000018 0.321999967 1.00002182
v 0.0207529273 0.32019037 1.00002182
v 0.0211749952 0.32001555 1.00002182
v 0.0286999978 0.338624984 1.00002182
v 0.02153744 0.319737434 1.00002182
v 0.02181554 0.319374979 1.00002182
v 0.0219903663 0.318952918 1.00002182
v 0.0286999978 0.3096808 0.9999833
v 0.0220499951 0.318499982 1.00002182
v 0.0220499951 0.309590518 0.999958038
v 0.0272999946 0.340024978 1.00002182
v 0.0152807357 0.332180858 1.00002182
v 0.0149310846 0.333025 1.00002182
v 0.0143748717 0.333749861 1.00002182
v 0.0136499982 0.334306061 1.00002182
v 0.00734999869 0.340024978 1.00002182
v 0.0128058642 0.334655762 1.00002182
v 0.00750094838 0.3353426 1.00002182
v 0.0216584317 0.261141568 0.9963392
v 0.02485 0.244825 0.996172
v 0.01860621 0.244825 0.9963834
v 0.02484986 0.270303339 0.996125758
v 0.0220517311 0.27044493 0.9962446
v 0.017149996 0.26075 0.996575534
v 0.0151576214 0.248378947 0.996679842
v 0.0154000018 0.259 0.996667147
v 0.0248500053 0.257542878 0.971202433
v 0.0248501413 0.257055223 0.9681799
v 0.02485 0.244825 0.968172
v 0.02485 0.244825 0.996172
v 0.0248500053 0.2685009 0.9819587
v 0.02484986 0.270303339 0.996125758
v 0.02485 0.2838587 0.991468847
v 0.0248500053 0.3127162 0.981868863
v 0.02485 0.297141284 0.991468847
v 0.02485002 0.310678184 0.996128261
v 0.02485 0.336174965 0.996172
v 0.0248500053 0.323406547 0.9712149
v 0.02485 0.336174965 0.968172
v 0.02485022 0.32395643 0.9681846
v 0.0220499951 0.2838715 0.9916154
v 0.02485 0.2838587 0.991468847
v 0.02484986 0.270303339 0.996125758
v 0.02485 0.297141284 0.991468847
v 0.0220499951 0.297128469 0.9916154
v 0.02485002 0.310678184 0.996128261
v 0.0220499951 0.310580462 0.996260464
v 0.0170747638 0.336174965 0.996579468
v 0.0183786973 0.336174965 0.9963436
v 0.02485 0.336174965 0.996172
v 0.0195820741 0.336174965 0.9957889
v 0.0206082109 0.336174965 0.9949505
v 0.0213917475 0.336174965 0.9938818
v 0.0218827724 0.336174965 0.9926511
v 0.0220499951 0.336174965 0.9913366
v 0.02485 0.336174965 0.968172
v 0.0220499951 0.336174965 0.973007262
v 0.0218827724 0.336174965 0.9716928
v 0.0213917475 0.336174965 0.970462
v 0.0206082109 0.336174965 0.9693933
v 0.0195820741 0.336174965 0.968555033
v 0.0183786973 0.336174965 0.9680002
v 0.0170747638 0.336174965 0.967764437
v 0.0220499951 0.336174965 0.9913366
v 0.0213917475 0.336174965 0.9938818
v 0.0220499951 0.340024978 0.9913366
v 0.0213917475 0.340024978 0.9938818
v 0.0195820741 0.336174965 0.9957889
v 0.0195820741 0.340024978 0.9957889
v 0.0170747638 0.336174965 0.996579468
v 0.0170747638 0.340024978 0.996579468
v 0.0220499951 0.340024978 0.9913366
v 0.0220499951 0.340024978 0.973007262
v 0.0220499951 0.336174965 0.9913366
v 0.0220499951 0.336174965 0.973007262
v 0.00734999869 0.240974993 1.00002182
v 0.00734999869 0.240974993 0.9970891
v 0.0188999251 0.240974993 0.9962909
v 0.0272999946 0.240974993 1.00002182
v 0.02182123 0.240974993 0.99308604
v 0.0272999946 0.240974993 0.964322
v 0.0216853749 0.240974993 0.970908165
v 0.01870876 0.240974993 0.9680229
v 0.00734999869 0.240974993 0.964322
v 0.00734999869 0.240974993 0.967254758
v 0.02182123 0.244825 0.971257865
v 0.02485 0.244825 0.996172
v 0.02485 0.244825 0.968172
v 0.0216853954 0.244825 0.9934357
v 0.01860621 0.244825 0.9963834
v 0.0152365724 0.248519748 0.9676682
v 0.02205013 0.257035434 0.9680284
v 0.0160562471 0.260268748 0.967711031
v 0.02485 0.244825 0.968172
v 0.0248501413 0.257055223 0.9681799
v 0.02205305 0.2608127 0.9687864
v 0.0286999978 0.260925 0.964322
v 0.017149996 0.260925 0.964322
v 0.0286999978 0.260981858 0.9693094
v 0.02205013 0.257035434 0.9680284
v 0.0220499951 0.257593453 0.9712149
v 0.02205305 0.2608127 0.9687864
v 0.0220499951 0.269937366 0.978265047
v 0.0220499951 0.268283844 0.981868863
v 0.0220499951 0.311120421 0.9782411
v 0.0220499951 0.3124991 0.9819587
v 0.0220499951 0.3234571 0.971202433
v 0.022052737 0.320189744 0.9687082
v 0.0220500827 0.3239497 0.968027234
v 0.0248501413 0.257055223 0.9681799
v 0.0248500053 0.257542878 0.971202433
v 0.02205013 0.257035434 0.9680284
v 0.0220499951 0.257593453 0.9712149
v 0.0220499951 0.257593453 0.9712149
v 0.0248500053 0.257542878 0.971202433
v 0.0220499951 0.268283844 0.981868863
v 0.0248500053 0.2685009 0.9819587
v 0.0220499951 0.3124991 0.9819587
v 0.0248500053 0.3127162 0.981868863
v 0.0220499951 0.3234571 0.971202433
v 0.0248500053 0.323406547 0.9712149
v 0.0162076857 0.320478827 0.964322
v 0.0152197368 0.3326044 0.964322
v 0.0286999978 0.320074975 0.964322
v 0.0286999978 0.338624984 0.964322
v 0.0272999946 0.340024978 0.964322
v 0.0152197368 0.3326044 0.964322
v 0.0131051606 0.334611565 0.964322
v 0.00734999869 0.340024978 0.964322
v 0.00734999869 0.334775 0.964322
v 0.00734999869 0.240974993 0.964322
v 0.00734999869 0.240974993 0.967254758
v 0.00734999869 0.246224985 0.964322
v 0.00734999869 0.246224985 0.967254758
v 0.00734999869 0.240974993 0.9970891
v 0.00734999869 0.240974993 1.00002182
v 0.00734999869 0.246224985 0.9970891
v 0.00734999869 0.246224985 1.00002182
v 0.00734999869 0.340024978 0.967254758
v 0.00734999869 0.340024978 0.964322
v 0.00734999869 0.334775 0.967254758
v 0.00734999869 0.334775 0.964322
v 0.017149996 0.260925 0.964322
v 0.0286999978 0.260925 0.964322
v 0.0154000018 0.259175 0.964322
v 0.0151395863 0.248278812 0.964322
v 0.0286999978 0.242375 0.964322
v 0.0272999946 0.240974993 0.964322
v 0.0131051866 0.246388435 0.964322
v 0.00734999869 0.240974993 0.964322
v 0.00734999869 0.246224985 0.964322
v 0.0286999978 0.242375 0.964322
v 0.0286999978 0.242375 1.00002182
v 0.0272999946 0.240974993 0.964322
v 0.0272999946 0.240974993 1.00002182
v 0.00734999869 0.340024978 0.964322
v 0.00734999869 0.340024978 0.967254758
v 0.0170747638 0.340024978 0.967764437
v 0.0272999946 0.340024978 0.964322
v 0.0183786973 0.340024978 0.9680002
v 0.0195820741 0.340024978 0.968555033
v 0.0206082109 0.340024978 0.9693933
v 0.0213917475 0.340024978 0.970462
v 0.0218827724 0.340024978 0.9716928
v 0.0220499951 0.340024978 0.973007262
v 0.0272999946 0.340024978 1.00002182
v 0.0220499951 0.340024978 0.9913366
v 0.0218827724 0.340024978 0.9926511
v 0.0213917475 0.340024978 0.9938818
v 0.0206082109 0.340024978 0.9949505
v 0.0195820741 0.340024978 0.9957889
v 0.0183786973 0.340024978 0.9963436
v 0.0170747638 0.340024978 0.996579468
v 0.00734999869 0.340024978 1.00002182
v 0.00734999869 0.340024978 0.9970891
v 0.0272999946 0.340024978 0.964322
v 0.0272999946 0.340024978 1.00002182
v 0.0286999978 0.338624984 0.964322
v 0.0286999978 0.338624984 1.00002182
v 0.0220499951 0.340024978 0.973007262
v 0.0213917475 0.340024978 0.970462
v 0.0220499951 0.336174965 0.973007262
v 0.0213917475 0.336174965 0.970462
v 0.0195820741 0.340024978 0.968555033
v 0.0195820741 0.336174965 0.968555033
v 0.0170747638 0.340024978 0.967764437
v 0.0170747638 0.336174965 0.967764437
v 0.0286999978 0.26987958 0.9782411
v 0.0220499951 0.269937366 0.978265047
v 0.0286999978 0.3110626 0.978265047
v 0.0220499951 0.311120421 0.9782411
v 0.0286999978 0.260981858 0.9693094
v 0.02205305 0.2608127 0.9687864
v 0.0286999978 0.26987958 0.9782411
v 0.0220499951 0.269937366 0.978265047
v -0.04668309 0.3277751 1.05532193
v -0.0464115776 0.3307729 1.05569875
v -0.0463501029 0.325597316 1.0571183
v -0.04668309 0.333249778 1.06056118
v -0.04635013 0.33137542 1.06294453
v -0.046405904 0.332842261 1.05776024
v -0.04668309 0.32871452 1.0638876
v -0.0464115664 0.326026469 1.06250823
v -0.04635013 0.33137542 1.06294453
v -0.04668309 0.324651062 1.05999887
v -0.0463501029 0.325597316 1.0571183
v -0.0464115664 0.326026469 1.06250823
v -0.0732831657 0.325495273 1.05732727
v -0.0463501029 0.325597316 1.0571183
v -0.04668309 0.324651062 1.05999887
v -0.0732831657 0.325495273 1.05732727
v -0.07411767 0.3278292 1.0558244
v -0.0463501029 0.325597316 1.0571183
v -0.07409116 0.330490023 1.05593872
v -0.0464115776 0.3307729 1.05569875
v -0.04668309 0.3277751 1.05532193
v -0.0732830837 0.332653075 1.057584
v -0.046405904 0.332842261 1.05776024
v -0.07409116 0.330490023 1.05593872
v -0.0732830837 0.332653075 1.057584
v -0.0464115776 0.3307729 1.05569875
v -0.0740509 0.326361656 1.06237411
v -0.0464115664 0.326026469 1.06250823
v -0.04668309 0.32871452 1.0638876
v -0.0740509 0.326361656 1.06237411
v -0.07328313 0.324904472 1.0600934
v -0.0464115664 0.326026469 1.06250823
v -0.046405904 0.332842261 1.05776024
v -0.04635013 0.33137542 1.06294453
v -0.0463501029 0.325597316 1.0571183
v -0.04635013 0.33137542 1.06294453
v -0.0464115664 0.326026469 1.06250823
v -0.0463501029 0.325597316 1.0571183
v -0.046405904 0.332842261 1.05776024
v -0.0463501029 0.325597316 1.0571183
v -0.0464115776 0.3307729 1.05569875
v -0.08117504 0.326932937 1.06421757
v -0.07623898 0.3275596 1.06167769
v -0.08117599 0.32545507 1.06324708
v -0.07624265 0.326842427 1.05808079
v -0.08117522 0.325292617 1.05597627
v -0.0811788738 0.324296117 1.057437
v -0.08117685 0.3310681 1.05482459
v -0.07625051 0.3304429 1.05736053
v -0.08117261 0.3325434 1.05579829
v -0.08117841 0.333698869 1.06159091
v -0.07623687 0.33115536 1.0609616
v -0.0811759755 0.3327252 1.06306684
v -0.08120353 0.3304241 1.0592382
v -0.07623687 0.33115536 1.0609616
v -0.08117841 0.333698869 1.06159091
v -0.08120353 0.3304241 1.0592382
v -0.0753318444 0.329911143 1.05935371
v -0.07623687 0.33115536 1.0609616
v -0.08120307 0.3287222 1.05811262
v -0.07625051 0.3304429 1.05736053
v -0.08117685 0.3310681 1.05482459
v -0.08120307 0.3287222 1.05811262
v -0.07535395 0.3288401 1.05859518
v -0.07625051 0.3304429 1.05736053
v -0.08120349 0.329285622 1.06095755
v -0.07623898 0.3275596 1.06167769
v -0.08117504 0.326932937 1.06421757
v -0.08120349 0.329285622 1.06095755
v -0.0753262639 0.329167962 1.06041956
v -0.07623898 0.3275596 1.06167769
v -0.08120307 0.327590644 1.05979967
v -0.07624265 0.326842427 1.05808079
v -0.0811788738 0.324296117 1.057437
v -0.08120307 0.327590644 1.05979967
v -0.07536389 0.328068942 1.05967116
v -0.07624265 0.326842427 1.05808079
v -0.08117261 0.3325434 1.05579829
v -0.07625051 0.3304429 1.05736053
v -0.08120353 0.3304241 1.0592382
v -0.07625051 0.3304429 1.05736053
v -0.0753318444 0.329911143 1.05935371
v -0.08120353 0.3304241 1.0592382
v -0.08117522 0.325292617 1.05597627
v -0.07624265 0.326842427 1.05808079
v -0.08120307 0.3287222 1.05811262
v -0.07624265 0.326842427 1.05808079
v -0.07535395 0.3288401 1.05859518
v -0.08120307 0.3287222 1.05811262
v -0.0811759755 0.3327252 1.06306684
v -0.07623687 0.33115536 1.0609616
v -0.08120349 0.329285622 1.06095755
v -0.07623687 0.33115536 1.0609616
v -0.0753262639 0.329167962 1.06041956
v -0.08120349 0.329285622 1.06095755
v -0.08117599 0.32545507 1.06324708
v -0.07623898 0.3275596 1.06167769
v -0.08120307 0.327590644 1.05979967
v -0.07623898 0.3275596 1.06167769
v -0.07536389 0.328068942 1.05967116
v -0.08120307 0.327590644 1.05979967
v -0.07536389 0.328068942 1.05967116
v -0.0748999938 0.329 1.05952191
v -0.07624265 0.326842427 1.05808079
v -0.0748999938 0.329 1.05952191
v -0.07535395 0.3288401 1.05859518
v -0.07624265 0.326842427 1.05808079
v -0.0748999938 0.329 1.05952191
v -0.07625051 0.3304429 1.05736053
v -0.07535395 0.3288401 1.05859518
v -0.0748999938 0.329 1.05952191
v -0.0753318444 0.329911143 1.05935371
v -0.07625051 0.3304429 1.05736053
v -0.0748999938 0.329 1.05952191
v -0.0753262639 0.329167962 1.06041956
v -0.0753318444 0.329911143 1.05935371
v -0.0753262639 0.329167962 1.06041956
v -0.07623687 0.33115536 1.0609616
v -0.0753318444 0.329911143 1.05935371
v -0.0748999938 0.329 1.05952191
v -0.07623898 0.3275596 1.06167769
v -0.0753262639 0.329167962 1.06041956
v -0.0748999938 0.329 1.05952191
v -0.07536389 0.328068942 1.05967116
v -0.07623898 0.3275596 1.06167769
v -0.0810299441 0.321981251 1.0549444
v -0.07591473 0.325832576 1.05683947
v -0.07600897 0.324905 1.059702
v -0.0810299441 0.321981251 1.0549444
v -0.08094726 0.325639963 1.05186355
v -0.07591473 0.325832576 1.05683947
v -0.08094726 0.325639963 1.05186355
v -0.07614978 0.328743666 1.05533421
v -0.07591473 0.325832576 1.05683947
v -0.08094726 0.325639963 1.05186355
v -0.08086692 0.33036685 1.05128837
v -0.07614978 0.328743666 1.05533421
v -0.08086692 0.33036685 1.05128837
v -0.07613728 0.331331939 1.05606234
v -0.07614978 0.328743666 1.05533421
v -0.08086692 0.33036685 1.05128837
v -0.0810301155 0.334677845 1.05335951
v -0.07613728 0.331331939 1.05606234
v -0.0810301155 0.334677845 1.05335951
v -0.07599782 0.332799256 1.05801046
v -0.07613728 0.331331939 1.05606234
v -0.08094821 0.337012082 1.0619154
v -0.0759097561 0.3329183 1.06064129
v -0.07599782 0.332799256 1.05801046
v -0.08094821 0.337012082 1.0619154
v -0.08099658 0.334413916 1.06590927
v -0.0759097561 0.3329183 1.06064129
v -0.08099658 0.334413916 1.06590927
v -0.0758750662 0.331152469 1.06304872
v -0.0759097561 0.3329183 1.06064129
v -0.08099658 0.334413916 1.06590927
v -0.08094723 0.330036 1.06782055
v -0.0758750662 0.331152469 1.06304872
v -0.08094723 0.330036 1.06782055
v -0.07613629 0.327920556 1.06355381
v -0.0758750662 0.331152469 1.06304872
v -0.08094723 0.330036 1.06782055
v -0.0810298 0.3253161 1.06704867
v -0.07613629 0.327920556 1.06355381
v -0.0810298 0.3253161 1.06704867
v -0.076190345 0.3256506 1.06205618
v -0.07613629 0.327920556 1.06355381
v -0.0810298 0.3253161 1.06704867
v -0.08086823 0.3218456 1.06381774
v -0.076190345 0.3256506 1.06205618
v -0.08086823 0.3218456 1.06381774
v -0.07600897 0.324905 1.059702
v -0.076190345 0.3256506 1.06205618
v -0.08117685 0.3310681 1.05482459
v -0.08117522 0.325292617 1.05597627
v -0.08120307 0.3287222 1.05811262
v -0.0811788738 0.324296117 1.057437
v -0.0810299441 0.321981251 1.0549444
v -0.08117599 0.32545507 1.06324708
v -0.08120307 0.327590644 1.05979967
v -0.0811788738 0.324296117 1.057437
v -0.08100353 0.32066974 1.05937564
v -0.08117599 0.32545507 1.06324708
v -0.08117504 0.326932937 1.06421757
v -0.0810298 0.3253161 1.06704867
v -0.08094723 0.330036 1.06782055
v -0.08086823 0.3218456 1.06381774
v -0.0810298 0.3253161 1.06704867
v -0.08100353 0.32066974 1.05937564
v -0.07591473 0.325832576 1.05683947
v -0.07614978 0.328743666 1.05533421
v -0.07411767 0.3278292 1.0558244
v -0.07614978 0.328743666 1.05533421
v -0.07409116 0.330490023 1.05593872
v -0.07411767 0.3278292 1.0558244
v -0.07614978 0.328743666 1.05533421
v -0.07613728 0.331331939 1.05606234
v -0.07409116 0.330490023 1.05593872
v -0.07613728 0.331331939 1.05606234
v -0.07599782 0.332799256 1.05801046
v -0.07409116 0.330490023 1.05593872
v -0.076190345 0.3256506 1.06205618
v -0.0740509 0.326361656 1.06237411
v -0.07613629 0.327920556 1.06355381
v -0.076190345 0.3256506 1.06205618
v -0.07600897 0.324905 1.059702
v -0.0740509 0.326361656 1.06237411
v -0.0758750662 0.331152469 1.06304872
v -0.07613629 0.327920556 1.06355381
v -0.0741137043 0.3288321 1.06339693
v -0.0741137043 0.3288321 1.06339693
v -0.07613629 0.327920556 1.06355381
v -0.0740509 0.326361656 1.06237411
v -0.07600897 0.324905 1.059702
v -0.07591473 0.325832576 1.05683947
v -0.07328313 0.324904472 1.0600934
v -0.07591473 0.325832576 1.05683947
v -0.0732831657 0.325495273 1.05732727
v -0.07328313 0.324904472 1.0600934
v -0.07591473 0.325832576 1.05683947
v -0.07411767 0.3278292 1.0558244
v -0.0732831657 0.325495273 1.05732727
v -0.07599782 0.332799256 1.05801046
v -0.0732830837 0.332653075 1.057584
v -0.07409116 0.330490023 1.05593872
v -0.07599782 0.332799256 1.05801046
v -0.0759097561 0.3329183 1.06064129
v -0.0732830837 0.332653075 1.057584
v -0.0758750662 0.331152469 1.06304872
v -0.07328309 0.333044052 1.0603857
v -0.0759097561 0.3329183 1.06064129
v -0.07328309 0.333044052 1.0603857
v -0.0732830837 0.332653075 1.057584
v -0.0758750662 0.331152469 1.06304872
v -0.0732830837 0.3315427 1.06278312
v -0.0758750662 0.331152469 1.06304872
v -0.0741137043 0.3288321 1.06339693
v -0.0732830837 0.3315427 1.06278312
v -0.07600897 0.324905 1.059702
v -0.07328313 0.324904472 1.0600934
v -0.0740509 0.326361656 1.06237411
v -0.04668309 0.256259829 1.05852473
v -0.0464115739 0.255722374 1.06149781
v -0.0463501178 0.25458315 1.05625343
v -0.04668309 0.250733733 1.06370962
v -0.04635012 0.24845466 1.06170976
v -0.0464058965 0.253552467 1.06345344
v -0.04668309 0.247655988 1.05900216
v -0.04641158 0.249177873 1.05639207
v -0.04635012 0.24845466 1.06170976
v -0.04668309 0.251757562 1.05515361
v -0.0463501178 0.25458315 1.05625343
v -0.04641158 0.249177873 1.05639207
v -0.07328305 0.254380077 1.0561403
v -0.0463501178 0.25458315 1.05625343
v -0.04668309 0.251757562 1.05515361
v -0.07328305 0.254380077 1.0561403
v -0.07411758 0.255755275 1.05855179
v -0.0463501178 0.25458315 1.05625343
v -0.07409109 0.255498 1.06120265
v -0.0464115739 0.255722374 1.06149781
v -0.04668309 0.256259829 1.05852473
v -0.07328316 0.253738552 1.063274
v -0.0464058965 0.253552467 1.06345344
v -0.07409109 0.255498 1.06120265
v -0.07328316 0.253738552 1.063274
v -0.0464115739 0.255722374 1.06149781
v -0.0740508661 0.249293864 1.05673409
v -0.04641158 0.249177873 1.05639207
v -0.04668309 0.247655988 1.05900216
v -0.0740508661 0.249293864 1.05673409
v -0.07328308 0.251649559 1.05540168
v -0.04641158 0.249177873 1.05639207
v -0.0464058965 0.253552467 1.06345344
v -0.04635012 0.24845466 1.06170976
v -0.0463501178 0.25458315 1.05625343
v -0.04635012 0.24845466 1.06170976
v -0.04641158 0.249177873 1.05639207
v -0.0463501178 0.25458315 1.05625343
v -0.0464058965 0.253552467 1.06345344
v -0.0463501178 0.25458315 1.05625343
v -0.0464115739 0.255722374 1.06149781
v -0.0762390345 0.24992469 1.05796766
v -0.08117523 0.248488635 1.05578208
v -0.08117555 0.2474169 1.057188
v -0.0762426555 0.25355503 1.05744493
v -0.08117524 0.25574 1.0560106
v -0.08117885 0.254334927 1.054937
v -0.08117684 0.2565793 1.0618397
v -0.07625057 0.254080772 1.061079
v -0.0811726153 0.255527765 1.06326044
v -0.0811784044 0.249681324 1.06410265
v -0.07623686 0.2504465 1.06159675
v -0.0811759755 0.248259932 1.06305122
v -0.08120354 0.252206832 1.06095922
v -0.07623686 0.2504465 1.06159675
v -0.0811784044 0.249681324 1.06410265
v -0.08120354 0.252206832 1.06095922
v -0.07533186 0.252118915 1.0604409
v -0.07623686 0.2504465 1.06159675
v -0.0812031254 0.253439456 1.05931592
v -0.07625057 0.254080772 1.061079
v -0.08117684 0.2565793 1.0618397
v -0.0812031254 0.253439456 1.05931592
v -0.07535047 0.2529288 1.0594182
v -0.07625057 0.254080772 1.061079
v -0.08120349 0.250551224 1.05972993
v -0.0762390345 0.24992469 1.05796766
v -0.08117555 0.2474169 1.057188
v -0.08120349 0.250551224 1.05972993
v -0.07532624 0.251094639 1.05964148
v -0.0762390345 0.24992469 1.05796766
v -0.08120354 0.2517932 1.05808461
v -0.0762426555 0.25355503 1.05744493
v -0.08117885 0.254334927 1.054937
v -0.08120354 0.2517932 1.05808461
v -0.075357154 0.251888752 1.05859816
v -0.0762426555 0.25355503 1.05744493
v -0.0811726153 0.255527765 1.06326044
v -0.07625057 0.254080772 1.061079
v -0.08120354 0.252206832 1.06095922
v -0.07625057 0.254080772 1.061079
v -0.07533186 0.252118915 1.0604409
v -0.08120354 0.252206832 1.06095922
v -0.08117524 0.25574 1.0560106
v -0.0762426555 0.25355503 1.05744493
v -0.0812031254 0.253439456 1.05931592
v -0.0762426555 0.25355503 1.05744493
v -0.07535047 0.2529288 1.0594182
v -0.0812031254 0.253439456 1.05931592
v -0.0811759755 0.248259932 1.06305122
v -0.07623686 0.2504465 1.06159675
v -0.08120349 0.250551224 1.05972993
v -0.07623686 0.2504465 1.06159675
v -0.07532624 0.251094639 1.05964148
v -0.08120349 0.250551224 1.05972993
v -0.08117523 0.248488635 1.05578208
v -0.0762390345 0.24992469 1.05796766
v -0.08120354 0.2517932 1.05808461
v -0.0762390345 0.24992469 1.05796766
v -0.075357154 0.251888752 1.05859816
v -0.08120354 0.2517932 1.05808461
v -0.075357154 0.251888752 1.05859816
v -0.0748999938 0.251999974 1.05952191
v -0.0762426555 0.25355503 1.05744493
v -0.0748999938 0.251999974 1.05952191
v -0.07535047 0.2529288 1.0594182
v -0.0762426555 0.25355503 1.05744493
v -0.0748999938 0.251999974 1.05952191
v -0.07625057 0.254080772 1.061079
v -0.07535047 0.2529288 1.0594182
v -0.0748999938 0.251999974 1.05952191
v -0.07533186 0.252118915 1.0604409
v -0.07625057 0.254080772 1.061079
v -0.0748999938 0.251999974 1.05952191
v -0.07532624 0.251094639 1.05964148
v -0.07533186 0.252118915 1.0604409
v -0.07532624 0.251094639 1.05964148
v -0.07623686 0.2504465 1.06159675
v -0.07533186 0.252118915 1.0604409
v -0.0748999938 0.251999974 1.05952191
v -0.0762390345 0.24992469 1.05796766
v -0.07532624 0.251094639 1.05964148
v -0.0748999938 0.251999974 1.05952191
v -0.075357154 0.251888752 1.05859816
v -0.0762390345 0.24992469 1.05796766
v -0.0810299441 0.256948352 1.05275953
v -0.0759147 0.2548489 1.0565033
v -0.0760090649 0.2520404 1.05542314
v -0.0810299441 0.256948352 1.05275953
v -0.08094726 0.259828031 1.05657864
v -0.0759147 0.2548489 1.0565033
v -0.08094726 0.259828031 1.05657864
v -0.07614972 0.256195456 1.0594914
v -0.0759147 0.2548489 1.0565033
v -0.08094726 0.259828031 1.05657864
v -0.0808669 0.260148227 1.06132948
v -0.07614972 0.256195456 1.0594914
v -0.0808669 0.260148227 1.06132948
v -0.07613723 0.255329221 1.06203651
v -0.07614972 0.256195456 1.0594914
v -0.0808669 0.260148227 1.06132948
v -0.0810301155 0.257848054 1.06552315
v -0.07613723 0.255329221 1.06203651
v -0.0810301155 0.257848054 1.06552315
v -0.07599784 0.253305048 1.06339693
v -0.07613723 0.255329221 1.06203651
v -0.08094823 0.2491792 1.06739366
v -0.07590978 0.2506715 1.0633744
v -0.07599784 0.253305048 1.06339693
v -0.08094823 0.2491792 1.06739366
v -0.08099658 0.2453307 1.06458449
v -0.07590978 0.2506715 1.0633744
v -0.08099658 0.2453307 1.06458449
v -0.07587508 0.248362526 1.0614816
v -0.07590978 0.2506715 1.0633744
v -0.08099658 0.2453307 1.06458449
v -0.08094722 0.2436576 1.06011021
v -0.07587508 0.248362526 1.0614816
v -0.08094722 0.2436576 1.06011021
v -0.0761362 0.248032048 1.0582273
v -0.07587508 0.248362526 1.0614816
v -0.08094722 0.2436576 1.06011021
v -0.08102982 0.244682312 1.05543876
v -0.0761362 0.248032048 1.0582273
v -0.08102982 0.244682312 1.05543876
v -0.07619026 0.249649629 1.05604124
v -0.0761362 0.248032048 1.0582273
v -0.08102982 0.244682312 1.05543876
v -0.08086822 0.24809517 1.05214691
v -0.07619026 0.249649629 1.05604124
v -0.08086822 0.24809517 1.05214691
v -0.0760090649 0.2520404 1.05542314
v -0.07619026 0.249649629 1.05604124
v -0.08117684 0.2565793 1.0618397
v -0.08117524 0.25574 1.0560106
v -0.0812031254 0.253439456 1.05931592
v -0.08117885 0.254334927 1.054937
v -0.0810299441 0.256948352 1.05275953
v -0.08117523 0.248488635 1.05578208
v -0.08120354 0.2517932 1.05808461
v -0.08117885 0.254334927 1.054937
v -0.0810035244 0.2525941 1.0512116
v -0.08117555 0.2474169 1.057188
v -0.08102982 0.244682312 1.05543876
v -0.08094722 0.2436576 1.06011021
v -0.0811759755 0.248259932 1.06305122
v -0.08120349 0.250551224 1.05972993
v -0.08094722 0.2436576 1.06011021
v -0.08099658 0.2453307 1.06458449
v -0.08117555 0.2474169 1.057188
v -0.0759147 0.2548489 1.0565033
v -0.07614972 0.256195456 1.0594914
v -0.07411758 0.255755275 1.05855179
v -0.07614972 0.256195456 1.0594914
v -0.07409109 0.255498 1.06120265
v -0.07411758 0.255755275 1.05855179
v -0.07614972 0.256195456 1.0594914
v -0.07613723 0.255329221 1.06203651
v -0.07409109 0.255498 1.06120265
v -0.07613723 0.255329221 1.06203651
v -0.07599784 0.253305048 1.06339693
v -0.07409109 0.255498 1.06120265
v -0.07619026 0.249649629 1.05604124
v -0.0740508661 0.249293864 1.05673409
v -0.0761362 0.248032048 1.0582273
v -0.07619026 0.249649629 1.05604124
v -0.0760090649 0.2520404 1.05542314
v -0.0740508661 0.249293864 1.05673409
v -0.07587508 0.248362526 1.0614816
v -0.0761362 0.248032048 1.0582273
v -0.07411364 0.24813962 1.05914593
v -0.07411364 0.24813962 1.05914593
v -0.0761362 0.248032048 1.0582273
v -0.0740508661 0.249293864 1.05673409
v -0.0760090649 0.2520404 1.05542314
v -0.0759147 0.2548489 1.0565033
v -0.07328308 0.251649559 1.05540168
v -0.0759147 0.2548489 1.0565033
v -0.07328305 0.254380077 1.0561403
v -0.07328308 0.251649559 1.05540168
v -0.0759147 0.2548489 1.0565033
v -0.07411758 0.255755275 1.05855179
v -0.07328305 0.254380077 1.0561403
v -0.07599784 0.253305048 1.06339693
v -0.07328316 0.253738552 1.063274
v -0.07409109 0.255498 1.06120265
v -0.07599784 0.253305048 1.06339693
v -0.07590978 0.2506715 1.0633744
v -0.07328316 0.253738552 1.063274
v -0.07587508 0.248362526 1.0614816
v -0.07328315 0.250920027 1.06351364
v -0.07590978 0.2506715 1.0633744
v -0.07328315 0.250920027 1.06351364
v -0.07328316 0.253738552 1.063274
v -0.07587508 0.248362526 1.0614816
v -0.0732831061 0.24860689 1.0618856
v -0.07587508 0.248362526 1.0614816
v -0.07411364 0.24813962 1.05914593
v -0.0732831061 0.24860689 1.0618856
v -0.0760090649 0.2520404 1.05542314
v -0.07328308 0.251649559 1.05540168
v -0.0740508661 0.249293864 1.05673409
v -0.04668309 0.325902015 0.9164327
v -0.04641158 0.328710049 0.915317655
v -0.0463501252 0.324859977 0.9190565
v -0.04668309 0.331504315 0.9159347
v -0.0463501178 0.333049536 0.9185434
v -0.04641158 0.328710049 0.915317655
v -0.04668309 0.330854565 0.9234844
v -0.0464115776 0.327834427 0.9235719
v -0.0464058928 0.332781225 0.9214111
v -0.04668309 0.325419754 0.92203635
v -0.0463501252 0.324859977 0.9190565
v -0.0464115776 0.327834427 0.9235719
v -0.0732830837 0.3248713 0.9192887
v -0.0463501252 0.324859977 0.9190565
v -0.04668309 0.325419754 0.92203635
v -0.0732830837 0.3248713 0.9192887
v -0.07411765 0.326191664 0.9168468
v -0.0463501252 0.324859977 0.9190565
v -0.0740911439 0.328578025 0.9156642
v -0.04641158 0.328710049 0.915317655
v -0.04668309 0.325902015 0.9164327
v -0.0740911439 0.328578025 0.9156642
v -0.07328311 0.331266373 0.9160631
v -0.04641158 0.328710049 0.915317655
v -0.0732830539 0.332959473 0.9183292
v -0.0463501178 0.333049536 0.9185434
v -0.04668309 0.331504315 0.9159347
v -0.0732830837 0.3327999 0.921153247
v -0.07411362 0.330721051 0.922997832
v -0.0464058928 0.332781225 0.9214111
v -0.07405088 0.3280635 0.923292637
v -0.0464115776 0.327834427 0.9235719
v -0.04668309 0.330854565 0.9234844
v -0.07405088 0.3280635 0.923292637
v -0.0732831061 0.325687319 0.9219971
v -0.0464115776 0.327834427 0.9235719
v -0.0463501178 0.333049536 0.9185434
v -0.0464058928 0.332781225 0.9214111
v -0.0463501252 0.324859977 0.9190565
v -0.0464058928 0.332781225 0.9214111
v -0.0464115776 0.327834427 0.9235719
v -0.0463501252 0.324859977 0.9190565
v -0.0463501178 0.333049536 0.9185434
v -0.0463501252 0.324859977 0.9190565
v -0.04641158 0.328710049 0.915317655
v -0.0762389749 0.328777373 0.922105134
v -0.08117522 0.3276808 0.9244794
v -0.0811755359 0.329440773 0.924646139
v -0.08117685 0.3238876 0.919974566
v -0.0762426555 0.3264149 0.9192995
v -0.08117598 0.3240273 0.9182121
v -0.08117685 0.3285474 0.9144096
v -0.0762505159 0.3292222 0.9169327
v -0.0811726153 0.330309361 0.9145513
v -0.08117842 0.3341142 0.91906935
v -0.07623684 0.3315824 0.9197442
v -0.0811759755 0.333972663 0.9208318
v -0.08120306 0.330100864 0.9185991
v -0.07623684 0.3315824 0.9197442
v -0.08117842 0.3341142 0.91906935
v -0.08120306 0.330100864 0.9185991
v -0.0753364041 0.3297344 0.918938
v -0.07623684 0.3315824 0.9197442
v -0.0812035054 0.3280577 0.918402
v -0.0762505159 0.3292222 0.9169327
v -0.08117685 0.3285474 0.9144096
v -0.0812035054 0.3280577 0.918402
v -0.07534256 0.3284183 0.918814659
v -0.0762505159 0.3292222 0.9169327
v -0.081203565 0.329935163 0.9206329
v -0.0762389749 0.328777373 0.922105134
v -0.0811755359 0.329440773 0.924646139
v -0.081203565 0.329935163 0.9206329
v -0.0753323361 0.329589278 0.920236766
v -0.0762389749 0.328777373 0.922105134
v -0.08120355 0.3278891 0.920457244
v -0.0762426555 0.3264149 0.9192995
v -0.08117685 0.3238876 0.919974566
v -0.08120355 0.3278891 0.920457244
v -0.075357154 0.328274578 0.9201047
v -0.0762426555 0.3264149 0.9192995
v -0.0811726153 0.330309361 0.9145513
v -0.0762505159 0.3292222 0.9169327
v -0.08120306 0.330100864 0.9185991
v -0.0762505159 0.3292222 0.9169327
v -0.0753364041 0.3297344 0.918938
v -0.08120306 0.330100864 0.9185991
v -0.08117598 0.3240273 0.9182121
v -0.0762426555 0.3264149 0.9192995
v -0.0812035054 0.3280577 0.918402
v -0.0762426555 0.3264149 0.9192995
v -0.07534256 0.3284183 0.918814659
v -0.0812035054 0.3280577 0.918402
v -0.0811759755 0.333972663 0.9208318
v -0.07623684 0.3315824 0.9197442
v -0.081203565 0.329935163 0.9206329
v -0.07623684 0.3315824 0.9197442
v -0.0753323361 0.329589278 0.920236766
v -0.081203565 0.329935163 0.9206329
v -0.08117522 0.3276808 0.9244794
v -0.0762389749 0.328777373 0.922105134
v -0.08120355 0.3278891 0.920457244
v -0.0762389749 0.328777373 0.922105134
v -0.075357154 0.328274578 0.9201047
v -0.08120355 0.3278891 0.920457244
v -0.075357154 0.328274578 0.9201047
v -0.0748999938 0.329 0.919521868
v -0.0762426555 0.3264149 0.9192995
v -0.0748999938 0.329 0.919521868
v -0.07534256 0.3284183 0.918814659
v -0.0762426555 0.3264149 0.9192995
v -0.0748999938 0.329 0.919521868
v -0.0762505159 0.3292222 0.9169327
v -0.07534256 0.3284183 0.918814659
v -0.0748999938 0.329 0.919521868
v -0.0753364041 0.3297344 0.918938
v -0.0762505159 0.3292222 0.9169327
v -0.0748999938 0.329 0.919521868
v -0.0753323361 0.329589278 0.920236766
v -0.0753364041 0.3297344 0.918938
v -0.0753323361 0.329589278 0.920236766
v -0.07623684 0.3315824 0.9197442
v -0.0753364041 0.3297344 0.918938
v -0.0748999938 0.329 0.919521868
v -0.0762389749 0.328777373 0.922105134
v -0.0753323361 0.329589278 0.920236766
v -0.0748999938 0.329 0.919521868
v -0.075357154 0.328274578 0.9201047
v -0.0762389749 0.328777373 0.922105134
v -0.0810299441 0.3206439 0.918895
v -0.0759147853 0.3249317 0.9186986
v -0.07600895 0.325499147 0.9216539
v -0.0810299441 0.3206439 0.918895
v -0.080947265 0.322364151 0.9144321
v -0.0759147853 0.3249317 0.9186986
v -0.080947265 0.322364151 0.9144321
v -0.07614983 0.3267566 0.915976465
v -0.0759147853 0.3249317 0.9186986
v -0.080947265 0.322364151 0.9144321
v -0.0808669 0.326228052 0.911649466
v -0.07614983 0.3267566 0.915976465
v -0.0808669 0.326228052 0.911649466
v -0.0761371851 0.329375118 0.9153668
v -0.07614983 0.3267566 0.915976465
v -0.0808669 0.326228052 0.911649466
v -0.0810301 0.3310038 0.911385834
v -0.0761371851 0.329375118 0.9153668
v -0.0810301 0.3310038 0.911385834
v -0.07599779 0.331599921 0.91636616
v -0.0761371851 0.329375118 0.9153668
v -0.08094821 0.337173462 0.9177564
v -0.0759097859 0.3329725 0.918613553
v -0.07599779 0.331599921 0.91636616
v -0.08094821 0.337173462 0.9177564
v -0.08099658 0.33682254 0.9225082
v -0.0759097859 0.3329725 0.918613553
v -0.08099658 0.33682254 0.9225082
v -0.0758750662 0.332586139 0.9215742
v -0.0759097859 0.3329725 0.918613553
v -0.08099658 0.33682254 0.9225082
v -0.08094723 0.333908349 0.9262932
v -0.0758750662 0.332586139 0.9215742
v -0.08094723 0.333908349 0.9262932
v -0.0761361942 0.329998 0.9235748
v -0.0758750662 0.332586139 0.9215742
v -0.08094723 0.333908349 0.9262932
v -0.08102982 0.329401135 0.9278922
v -0.0761361942 0.329998 0.9235748
v -0.08102982 0.329401135 0.9278922
v -0.0761902556 0.327287227 0.923356831
v -0.0761361942 0.329998 0.9235748
v -0.08102982 0.329401135 0.9278922
v -0.08086825 0.3248028 0.926734567
v -0.0761902556 0.327287227 0.923356831
v -0.08086825 0.3248028 0.926734567
v -0.07600895 0.325499147 0.9216539
v -0.0761902556 0.327287227 0.923356831
v -0.08117685 0.3285474 0.9144096
v -0.08117598 0.3240273 0.9182121
v -0.0812035054 0.3280577 0.918402
v -0.0759147853 0.3249317 0.9186986
v -0.07614983 0.3267566 0.915976465
v -0.07411765 0.326191664 0.9168468
v -0.07614983 0.3267566 0.915976465
v -0.0740911439 0.328578025 0.9156642
v -0.07411765 0.326191664 0.9168468
v -0.07614983 0.3267566 0.915976465
v -0.0761371851 0.329375118 0.9153668
v -0.0740911439 0.328578025 0.9156642
v -0.0761371851 0.329375118 0.9153668
v -0.07599779 0.331599921 0.91636616
v -0.0740911439 0.328578025 0.9156642
v -0.0761902556 0.327287227 0.923356831
v -0.07405088 0.3280635 0.923292637
v -0.0761361942 0.329998 0.9235748
v -0.0761902556 0.327287227 0.923356831
v -0.07600895 0.325499147 0.9216539
v -0.07405088 0.3280635 0.923292637
v -0.0758750662 0.332586139 0.9215742
v -0.0761361942 0.329998 0.9235748
v -0.07411362 0.330721051 0.922997832
v -0.07411362 0.330721051 0.922997832
v -0.0761361942 0.329998 0.9235748
v -0.07405088 0.3280635 0.923292637
v -0.07600895 0.325499147 0.9216539
v -0.0759147853 0.3249317 0.9186986
v -0.0732831061 0.325687319 0.9219971
v -0.0759147853 0.3249317 0.9186986
v -0.0732830837 0.3248713 0.9192887
v -0.0732831061 0.325687319 0.9219971
v -0.0759147853 0.3249317 0.9186986
v -0.07411765 0.326191664 0.9168468
v -0.0732830837 0.3248713 0.9192887
v -0.07599779 0.331599921 0.91636616
v -0.07328311 0.331266373 0.9160631
v -0.0740911439 0.328578025 0.9156642
v -0.07599779 0.331599921 0.91636616
v -0.0759097859 0.3329725 0.918613553
v -0.07328311 0.331266373 0.9160631
v -0.0758750662 0.332586139 0.9215742
v -0.0732830539 0.332959473 0.9183292
v -0.0759097859 0.3329725 0.918613553
v -0.0732830539 0.332959473 0.9183292
v -0.07328311 0.331266373 0.9160631
v -0.0758750662 0.332586139 0.9215742
v -0.0732830837 0.3327999 0.921153247
v -0.0758750662 0.332586139 0.9215742
v -0.07411362 0.330721051 0.922997832
v -0.0732830837 0.3327999 0.921153247
v -0.07600895 0.325499147 0.9216539
v -0.0732831061 0.325687319 0.9219971
v -0.07405088 0.3280635 0.923292637
v -0.04668309 0.248315141 0.917163432
v -0.0464115776 0.2508213 0.9154759
v -0.04635012 0.247855842 0.919948936
v -0.04668309 0.255884945 0.91751
v -0.04635012 0.256040245 0.920538068
v -0.0464058965 0.253736019 0.91566813
v -0.04668309 0.254655957 0.9229985
v -0.0464115776 0.251723766 0.923727155
v -0.04635012 0.256040245 0.920538068
v -0.04668309 0.249037474 0.9227413
v -0.04635012 0.247855842 0.919948936
v -0.0464115776 0.251723766 0.923727155
v -0.0732830539 0.247916371 0.9201734
v -0.04635012 0.247855842 0.919948936
v -0.04668309 0.249037474 0.9227413
v -0.0732830539 0.247916371 0.9201734
v -0.0741175562 0.2486863 0.9175064
v -0.04635012 0.247855842 0.919948936
v -0.07409112 0.250766039 0.915842652
v -0.0464115776 0.2508213 0.9154759
v -0.04668309 0.248315141 0.917163432
v -0.0732831359 0.253477663 0.9156597
v -0.0464058965 0.253736019 0.91566813
v -0.07409112 0.250766039 0.915842652
v -0.0732831359 0.253477663 0.9156597
v -0.0464115776 0.2508213 0.9154759
v -0.07405097 0.2518881 0.923405647
v -0.0464115776 0.251723766 0.923727155
v -0.04668309 0.254655957 0.9229985
v -0.07405097 0.2518881 0.923405647
v -0.0732831657 0.249290526 0.9226459
v -0.0464115776 0.251723766 0.923727155
v -0.0464058965 0.253736019 0.91566813
v -0.04635012 0.256040245 0.920538068
v -0.04635012 0.247855842 0.919948936
v -0.04635012 0.256040245 0.920538068
v -0.0464115776 0.251723766 0.923727155
v -0.04635012 0.247855842 0.919948936
v -0.0464058965 0.253736019 0.91566813
v -0.04635012 0.247855842 0.919948936
v -0.0464115776 0.2508213 0.9154759
v -0.07623901 0.2523327 0.922093332
v -0.08117522 0.25176698 0.924646556
v -0.08117557 0.2535221 0.9244348
v -0.08117685 0.2471013 0.9210531
v -0.0762426555 0.249426872 0.919855237
v -0.08117598 0.246862441 0.9193012
v -0.07625053 0.251665562 0.916944861
v -0.08117341 0.252233118 0.9143991
v -0.08117886 0.250477284 0.9146072
v -0.08117842 0.25690043 0.917990565
v -0.0762368441 0.254570484 0.9191891
v -0.08117598 0.257137567 0.919742644
v -0.0812035352 0.252886176 0.9183716
v -0.0762368441 0.254570484 0.9191891
v -0.08117842 0.25690043 0.917990565
v -0.0812035352 0.252886176 0.9183716
v -0.07533186 0.2525758 0.9187961
v -0.0762368441 0.254570484 0.9191891
v -0.0812035352 0.250849664 0.9186357
v -0.07625053 0.251665562 0.916944861
v -0.08117886 0.250477284 0.9146072
v -0.0812035352 0.250849664 0.9186357
v -0.07534914 0.251269817 0.918947935
v -0.07625053 0.251665562 0.916944861
v -0.0812031254 0.253151268 0.9204102
v -0.07623901 0.2523327 0.922093332
v -0.08117557 0.2535221 0.9244348
v -0.0812031254 0.253151268 0.9204102
v -0.07533379 0.252720922 0.920112431
v -0.07623901 0.2523327 0.922093332
v -0.0812031254 0.251111716 0.9206732
v -0.0762426555 0.249426872 0.919855237
v -0.08117685 0.2471013 0.9210531
v -0.0812031254 0.251111716 0.9206732
v -0.07536142 0.251394033 0.920238435
v -0.0762426555 0.249426872 0.919855237
v -0.08117341 0.252233118 0.9143991
v -0.07625053 0.251665562 0.916944861
v -0.0812035352 0.252886176 0.9183716
v -0.07625053 0.251665562 0.916944861
v -0.07533186 0.2525758 0.9187961
v -0.0812035352 0.252886176 0.9183716
v -0.08117598 0.246862441 0.9193012
v -0.0762426555 0.249426872 0.919855237
v -0.0812035352 0.250849664 0.9186357
v -0.0762426555 0.249426872 0.919855237
v -0.07534914 0.251269817 0.918947935
v -0.0812035352 0.250849664 0.9186357
v -0.08117598 0.257137567 0.919742644
v -0.0762368441 0.254570484 0.9191891
v -0.0812031254 0.253151268 0.9204102
v -0.0762368441 0.254570484 0.9191891
v -0.07533379 0.252720922 0.920112431
v -0.0812031254 0.253151268 0.9204102
v -0.08117522 0.25176698 0.924646556
v -0.07623901 0.2523327 0.922093332
v -0.0812031254 0.251111716 0.9206732
v -0.07623901 0.2523327 0.922093332
v -0.07536142 0.251394033 0.920238435
v -0.0812031254 0.251111716 0.9206732
v -0.07536142 0.251394033 0.920238435
v -0.0748999938 0.251999974 0.919521868
v -0.0762426555 0.249426872 0.919855237
v -0.0748999938 0.251999974 0.919521868
v -0.07534914 0.251269817 0.918947935
v -0.0762426555 0.249426872 0.919855237
v -0.0748999938 0.251999974 0.919521868
v -0.07625053 0.251665562 0.916944861
v -0.07534914 0.251269817 0.918947935
v -0.0748999938 0.251999974 0.919521868
v -0.07533186 0.2525758 0.9187961
v -0.07625053 0.251665562 0.916944861
v -0.0748999938 0.251999974 0.919521868
v -0.07533379 0.252720922 0.920112431
v -0.07533186 0.2525758 0.9187961
v -0.07533379 0.252720922 0.920112431
v -0.0762368441 0.254570484 0.9191891
v -0.07533186 0.2525758 0.9187961
v -0.0748999938 0.251999974 0.919521868
v -0.07623901 0.2523327 0.922093332
v -0.07533379 0.252720922 0.920112431
v -0.0748999938 0.251999974 0.919521868
v -0.07536142 0.251394033 0.920238435
v -0.07623901 0.2523327 0.922093332
v -0.0810299441 0.243702114 0.9206892
v -0.07591476 0.247849733 0.919584036
v -0.07600891 0.24903357 0.9223507
v -0.0810299441 0.243702114 0.9206892
v -0.08094726 0.244432345 0.9159623
v -0.07591476 0.247849733 0.919584036
v -0.08094726 0.244432345 0.9159623
v -0.07614972 0.249052987 0.916535735
v -0.07591476 0.247849733 0.919584036
v -0.08094726 0.244432345 0.9159623
v -0.0808669 0.247615 0.9124204
v -0.07614972 0.249052987 0.916535735
v -0.0808669 0.247615 0.9124204
v -0.07613715 0.251481533 0.9153823
v -0.07614972 0.249052987 0.916535735
v -0.0808669 0.247615 0.9124204
v -0.08103012 0.2522248 0.911145568
v -0.07613715 0.251481533 0.9153823
v -0.08103012 0.2522248 0.911145568
v -0.07599792 0.2538681 0.9158848
v -0.07613715 0.251481533 0.9153823
v -0.08094821 0.259609818 0.916056
v -0.0759097859 0.255687863 0.9177883
v -0.07599792 0.2538681 0.9158848
v -0.08094821 0.259609818 0.916056
v -0.08099658 0.260279059 0.9207735
v -0.0759097859 0.255687863 0.9177883
v -0.08099658 0.260279059 0.9207735
v -0.07587512 0.255940944 0.9207632
v -0.0759097859 0.255687863 0.9177883
v -0.08099658 0.260279059 0.9207735
v -0.08094722 0.258237958 0.9250924
v -0.07587512 0.255940944 0.9207632
v -0.08094722 0.258237958 0.9250924
v -0.07613629 0.253838241 0.9232693
v -0.07587512 0.255940944 0.9207632
v -0.08094722 0.258237958 0.9250924
v -0.08102981 0.25417456 0.927614748
v -0.07613629 0.253838241 0.9232693
v -0.08102981 0.25417456 0.927614748
v -0.07619045 0.2511434 0.923633754
v -0.07613629 0.253838241 0.9232693
v -0.08102981 0.25417456 0.927614748
v -0.08086824 0.249435365 0.9274631
v -0.07619045 0.2511434 0.923633754
v -0.08086824 0.249435365 0.9274631
v -0.07600891 0.24903357 0.9223507
v -0.07619045 0.2511434 0.923633754
v -0.08117886 0.250477284 0.9146072
v -0.08117598 0.246862441 0.9193012
v -0.0812035352 0.250849664 0.9186357
v -0.07591476 0.247849733 0.919584036
v -0.07614972 0.249052987 0.916535735
v -0.0741175562 0.2486863 0.9175064
v -0.07614972 0.249052987 0.916535735
v -0.07409112 0.250766039 0.915842652
v -0.0741175562 0.2486863 0.9175064
v -0.07614972 0.249052987 0.916535735
v -0.07613715 0.251481533 0.9153823
v -0.07409112 0.250766039 0.915842652
v -0.07613715 0.251481533 0.9153823
v -0.07599792 0.2538681 0.9158848
v -0.07409112 0.250766039 0.915842652
v -0.07619045 0.2511434 0.923633754
v -0.07405097 0.2518881 0.923405647
v -0.07613629 0.253838241 0.9232693
v -0.07619045 0.2511434 0.923633754
v -0.07600891 0.24903357 0.9223507
v -0.07405097 0.2518881 0.923405647
v -0.07587512 0.255940944 0.9207632
v -0.07613629 0.253838241 0.9232693
v -0.07411363 0.2544218 0.922551632
v -0.07411363 0.2544218 0.922551632
v -0.07613629 0.253838241 0.9232693
v -0.07405097 0.2518881 0.923405647
v -0.07600891 0.24903357 0.9223507
v -0.07591476 0.247849733 0.919584036
v -0.0732831657 0.249290526 0.9226459
v -0.07591476 0.247849733 0.919584036
v -0.0732830539 0.247916371 0.9201734
v -0.0732831657 0.249290526 0.9226459
v -0.07591476 0.247849733 0.919584036
v -0.0741175562 0.2486863 0.9175064
v -0.0732830539 0.247916371 0.9201734
v -0.07599792 0.2538681 0.9158848
v -0.0732831359 0.253477663 0.9156597
v -0.07409112 0.250766039 0.915842652
v -0.07599792 0.2538681 0.9158848
v -0.0759097859 0.255687863 0.9177883
v -0.0732831359 0.253477663 0.9156597
v -0.07587512 0.255940944 0.9207632
v -0.0732831359 0.255614519 0.9175131
v -0.0759097859 0.255687863 0.9177883
v -0.0732831359 0.255614519 0.9175131
v -0.0732831359 0.253477663 0.9156597
v -0.07587512 0.255940944 0.9207632
v -0.07328306 0.256060123 0.920306444
v -0.07587512 0.255940944 0.9207632
v -0.07411363 0.2544218 0.922551632
v -0.07328306 0.256060123 0.920306444
v -0.07600891 0.24903357 0.9223507
v -0.0732831657 0.249290526 0.9226459
v -0.07405097 0.2518881 0.923405647
v -0.01561691 0.254716367 1.06295145
v -0.0158884283 0.256143928 1.06028867
v -0.0159498788 0.251991063 1.063688
v -0.01561691 0.255849153 1.05744243
v -0.0159498937 0.253433347 1.0556103
v -0.0158884283 0.256143928 1.06028867
v -0.01561691 0.24827446 1.05722821
v -0.0158884246 0.247843742 1.06021881
v -0.0158941057 0.250553727 1.05555022
v -0.01561691 0.249094218 1.06279254
v -0.0159498788 0.251991063 1.063688
v -0.0158884246 0.247843742 1.06021881
v 0.0109831 0.251761645 1.06365037
v -0.0159498788 0.251991063 1.063688
v -0.01561691 0.249094218 1.06279254
v 0.0109831 0.251761645 1.06365037
v 0.0118176695 0.254337937 1.06261671
v -0.0159498788 0.251991063 1.063688
v 0.0117911343 0.255784631 1.06038046
v -0.0158884283 0.256143928 1.06028867
v -0.01561691 0.254716367 1.06295145
v 0.0117911343 0.255784631 1.06038046
v 0.0109830694 0.255694479 1.05766416
v -0.0158884283 0.256143928 1.06028867
v 0.0109830592 0.253636 1.055724
v -0.0159498937 0.253433347 1.0556103
v -0.01561691 0.255849153 1.05744243
v 0.0109831579 0.250811964 1.05556107
v 0.0118136955 0.248742625 1.05741632
v -0.0158941057 0.250553727 1.05555022
v 0.011750876 0.24814716 1.06002307
v -0.0158884246 0.247843742 1.06021881
v -0.01561691 0.24827446 1.05722821
v 0.011750876 0.24814716 1.06002307
v 0.0109831 0.249163762 1.06253135
v -0.0158884246 0.247843742 1.06021881
v -0.0159498937 0.253433347 1.0556103
v -0.0158941057 0.250553727 1.05555022
v -0.0159498788 0.251991063 1.063688
v -0.0158941057 0.250553727 1.05555022
v -0.0158884246 0.247843742 1.06021881
v -0.0159498788 0.251991063 1.063688
v -0.0159498937 0.253433347 1.0556103
v -0.0159498788 0.251991063 1.063688
v -0.0158884283 0.256143928 1.06028867
v 0.0188750271 0.246974424 1.05849028
v 0.0139389951 0.24940829 1.05944908
v 0.018875977 0.2469105 1.06025708
v 0.0139426719 0.251926631 1.06211555
v 0.01887522 0.2527461 1.06459737
v 0.0188788511 0.250978172 1.0645647
v 0.0188768469 0.257027626 1.06055379
v 0.0139505621 0.254597753 1.05959606
v 0.0188726075 0.257087439 1.05878711
v 0.0139368353 0.252073228 1.056931
v 0.0188768059 0.2512538 1.05444491
v 0.0188788716 0.253021836 1.05447924
v 0.01890353 0.2530556 1.05852485
v 0.0139368353 0.252073228 1.056931
v 0.0188788716 0.253021836 1.05447924
v 0.01890353 0.2530556 1.05852485
v 0.0130318636 0.252664417 1.05887616
v 0.0139368353 0.252073228 1.056931
v 0.0189034771 0.253005445 1.06058562
v 0.0139505621 0.254597753 1.05959606
v 0.0188768469 0.257027626 1.06055379
v 0.0189034771 0.253005445 1.06058562
v 0.0130425449 0.252636462 1.06018043
v 0.0139505621 0.254597753 1.05959606
v 0.0189035088 0.2509946 1.05845833
v 0.0139389951 0.24940829 1.05944908
v 0.0188750271 0.246974424 1.05849028
v 0.0189035088 0.2509946 1.05845833
v 0.013026257 0.251365155 1.05886555
v 0.0139389951 0.24940829 1.05944908
v 0.0189034883 0.25093627 1.06052732
v 0.0139426719 0.251926631 1.06211555
v 0.0188788511 0.250978172 1.0645647
v 0.0189034883 0.25093627 1.06052732
v 0.0130512025 0.251349151 1.06017041
v 0.0139426719 0.251926631 1.06211555
v 0.0188726075 0.257087439 1.05878711
v 0.0139505621 0.254597753 1.05959606
v 0.01890353 0.2530556 1.05852485
v 0.0139505621 0.254597753 1.05959606
v 0.0130318636 0.252664417 1.05887616
v 0.01890353 0.2530556 1.05852485
v 0.01887522 0.2527461 1.06459737
v 0.0139426719 0.251926631 1.06211555
v 0.0189034771 0.253005445 1.06058562
v 0.0139426719 0.251926631 1.06211555
v 0.0130425449 0.252636462 1.06018043
v 0.0189034771 0.253005445 1.06058562
v 0.0188768059 0.2512538 1.05444491
v 0.0139368353 0.252073228 1.056931
v 0.0189035088 0.2509946 1.05845833
v 0.0139368353 0.252073228 1.056931
v 0.013026257 0.251365155 1.05886555
v 0.0189035088 0.2509946 1.05845833
v 0.018875977 0.2469105 1.06025708
v 0.0139389951 0.24940829 1.05944908
v 0.0189034883 0.25093627 1.06052732
v 0.0139389951 0.24940829 1.05944908
v 0.0130512025 0.251349151 1.06017041
v 0.0189034883 0.25093627 1.06052732
v 0.0130512025 0.251349151 1.06017041
v 0.0126000019 0.251999974 1.05952191
v 0.0139426719 0.251926631 1.06211555
v 0.0126000019 0.251999974 1.05952191
v 0.0130425449 0.252636462 1.06018043
v 0.0139426719 0.251926631 1.06211555
v 0.0126000019 0.251999974 1.05952191
v 0.0139505621 0.254597753 1.05959606
v 0.0130425449 0.252636462 1.06018043
v 0.0126000019 0.251999974 1.05952191
v 0.0130318636 0.252664417 1.05887616
v 0.0139505621 0.254597753 1.05959606
v 0.0126000019 0.251999974 1.05952191
v 0.013026257 0.251365155 1.05886555
v 0.0130318636 0.252664417 1.05887616
v 0.013026257 0.251365155 1.05886555
v 0.0139368353 0.252073228 1.056931
v 0.0130318636 0.252664417 1.05887616
v 0.0126000019 0.251999974 1.05952191
v 0.0139389951 0.24940829 1.05944908
v 0.013026257 0.251365155 1.05886555
v 0.0126000019 0.251999974 1.05952191
v 0.0130512025 0.251349151 1.06017041
v 0.0139389951 0.24940829 1.05944908
v 0.0187299345 0.2516713 1.067895
v 0.0136148315 0.252354771 1.06365752
v 0.01370897 0.249483243 1.06275725
v 0.0187299345 0.2516713 1.067895
v 0.0186472442 0.256301135 1.06669426
v 0.0136148315 0.252354771 1.06365752
v 0.0186472442 0.256301135 1.06669426
v 0.0138497278 0.255266935 1.06215441
v 0.0136148315 0.252354771 1.06365752
v 0.0186472442 0.256301135 1.06669426
v 0.01856688 0.2595057 1.06317222
v 0.0138497278 0.255266935 1.06215441
v 0.01856688 0.2595057 1.06317222
v 0.0138372108 0.256170869 1.05962241
v 0.0138497278 0.255266935 1.06215441
v 0.01856688 0.2595057 1.06317222
v 0.0187301021 0.260311455 1.05845773
v 0.0138372108 0.256170869 1.05962241
v 0.0187301021 0.260311455 1.05845773
v 0.0136978757 0.255431384 1.0572983
v 0.0138372108 0.256170869 1.05962241
v 0.0186482146 0.254684865 1.05160272
v 0.0136097511 0.2533547 1.05567873
v 0.0136978757 0.255431384 1.0572983
v 0.0186482146 0.254684865 1.05160272
v 0.0186965615 0.2499241 1.05141032
v 0.0136097511 0.2533547 1.05567873
v 0.0186965615 0.2499241 1.05141032
v 0.0135750165 0.25036943 1.05572546
v 0.0136097511 0.2533547 1.05567873
v 0.0186965615 0.2499241 1.05141032
v 0.0186472181 0.245831728 1.05387461
v 0.0135750165 0.25036943 1.05572546
v 0.0186472181 0.245831728 1.05387461
v 0.0138362143 0.248087242 1.058069
v 0.0135750165 0.25036943 1.05572546
v 0.0186472181 0.245831728 1.05387461
v 0.0187298153 0.243729889 1.05817044
v 0.0138362143 0.248087242 1.058069
v 0.0187298153 0.243729889 1.05817044
v 0.0138902571 0.24799493 1.06078684
v 0.0138362143 0.248087242 1.058069
v 0.0187298153 0.243729889 1.05817044
v 0.0185682159 0.244356334 1.0628705
v 0.0138902571 0.24799493 1.06078684
v 0.0185682159 0.244356334 1.0628705
v 0.01370897 0.249483243 1.06275725
v 0.0138902571 0.24799493 1.06078684
v 0.0188768059 0.2512538 1.05444491
v 0.0186965615 0.2499241 1.05141032
v 0.0186482146 0.254684865 1.05160272
v 0.0188788716 0.253021836 1.05447924
v 0.0186482146 0.254684865 1.05160272
v 0.0188788716 0.253021836 1.05447924
v 0.0187037326 0.258448035 1.05424583
v 0.0188726075 0.257087439 1.05878711
v 0.01890353 0.2530556 1.05852485
v 0.0187301021 0.260311455 1.05845773
v 0.0188768469 0.257027626 1.06055379
v 0.0188768469 0.257027626 1.06055379
v 0.01887522 0.2527461 1.06459737
v 0.0189034771 0.253005445 1.06058562
v 0.0188788511 0.250978172 1.0645647
v 0.0187299345 0.2516713 1.067895
v 0.018875977 0.2469105 1.06025708
v 0.0189034883 0.25093627 1.06052732
v 0.0188788511 0.250978172 1.0645647
v 0.018703524 0.247298419 1.06640017
v 0.018875977 0.2469105 1.06025708
v 0.0188750271 0.246974424 1.05849028
v 0.0187298153 0.243729889 1.05817044
v 0.0186472181 0.245831728 1.05387461
v 0.0185682159 0.244356334 1.0628705
v 0.0187298153 0.243729889 1.05817044
v 0.018703524 0.247298419 1.06640017
v 0.0136148315 0.252354771 1.06365752
v 0.0138497278 0.255266935 1.06215441
v 0.0118176695 0.254337937 1.06261671
v 0.0138497278 0.255266935 1.06215441
v 0.0117911343 0.255784631 1.06038046
v 0.0118176695 0.254337937 1.06261671
v 0.0138497278 0.255266935 1.06215441
v 0.0138372108 0.256170869 1.05962241
v 0.0117911343 0.255784631 1.06038046
v 0.0138372108 0.256170869 1.05962241
v 0.0136978757 0.255431384 1.0572983
v 0.0117911343 0.255784631 1.06038046
v 0.0138902571 0.24799493 1.06078684
v 0.011750876 0.24814716 1.06002307
v 0.0138362143 0.248087242 1.058069
v 0.0138902571 0.24799493 1.06078684
v 0.01370897 0.249483243 1.06275725
v 0.011750876 0.24814716 1.06002307
v 0.0135750165 0.25036943 1.05572546
v 0.0138362143 0.248087242 1.058069
v 0.0118136955 0.248742625 1.05741632
v 0.0118136955 0.248742625 1.05741632
v 0.0138362143 0.248087242 1.058069
v 0.011750876 0.24814716 1.06002307
v 0.01370897 0.249483243 1.06275725
v 0.0136148315 0.252354771 1.06365752
v 0.0109831 0.249163762 1.06253135
v 0.0136148315 0.252354771 1.06365752
v 0.0109831 0.251761645 1.06365037
v 0.0109831 0.249163762 1.06253135
v 0.0136148315 0.252354771 1.06365752
v 0.0118176695 0.254337937 1.06261671
v 0.0109831 0.251761645 1.06365037
v 0.0136978757 0.255431384 1.0572983
v 0.0109830694 0.255694479 1.05766416
v 0.0117911343 0.255784631 1.06038046
v 0.0136978757 0.255431384 1.0572983
v 0.0136097511 0.2533547 1.05567873
v 0.0109830694 0.255694479 1.05766416
v 0.0135750165 0.25036943 1.05572546
v 0.0109830592 0.253636 1.055724
v 0.0136097511 0.2533547 1.05567873
v 0.0109830592 0.253636 1.055724
v 0.0109830694 0.255694479 1.05766416
v 0.0135750165 0.25036943 1.05572546
v 0.0109831579 0.250811964 1.05556107
v 0.0135750165 0.25036943 1.05572546
v 0.0118136955 0.248742625 1.05741632
v 0.0109831579 0.250811964 1.05556107
v 0.01370897 0.249483243 1.06275725
v 0.0109831 0.249163762 1.06253135
v 0.011750876 0.24814716 1.06002307
v -0.01561691 0.330922455 0.92345196
v -0.0158884283 0.3328851 0.921154857
v -0.0159498844 0.3281028 0.923590243
v -0.01561691 0.3332041 0.918311059
v -0.0159498714 0.331234574 0.91600585
v -0.0158884283 0.3328851 0.921154857
v -0.01561691 0.3258493 0.9164865
v -0.015888432 0.324790776 0.9193164
v -0.0158941187 0.3284341 0.9153332
v -0.01561691 0.325463533 0.9220977
v -0.0159498844 0.3281028 0.923590243
v -0.015888432 0.324790776 0.9193164
v 0.010983048 0.3278867 0.9235046
v -0.0159498844 0.3281028 0.923590243
v -0.01561691 0.325463533 0.9220977
v 0.010983048 0.3278867 0.9235046
v 0.0118175913 0.330624133 0.923044145
v -0.0159498844 0.3281028 0.923590243
v 0.0117911184 0.332514435 0.92116785
v -0.0158884283 0.3328851 0.921154857
v -0.01561691 0.330922455 0.92345196
v 0.0117911184 0.332514435 0.92116785
v 0.0109831113 0.333005637 0.9184948
v -0.0158884283 0.3328851 0.921154857
v 0.0109831216 0.3314083 0.9161604
v -0.0159498714 0.331234574 0.91600585
v -0.01561691 0.3332041 0.918311059
v 0.0109831635 0.328684151 0.915398836
v 0.0118136909 0.326266617 0.9167702
v -0.0158941187 0.3284341 0.9153332
v 0.0117508974 0.325128943 0.9191898
v -0.015888432 0.324790776 0.9193164
v -0.01561691 0.3258493 0.9164865
v 0.0117508974 0.325128943 0.9191898
v 0.0109830219 0.3255872 0.9218571
v -0.015888432 0.324790776 0.9193164
v -0.0159498714 0.331234574 0.91600585
v -0.0158941187 0.3284341 0.9153332
v -0.0159498844 0.3281028 0.923590243
v -0.0158941187 0.3284341 0.9153332
v -0.015888432 0.324790776 0.9193164
v -0.0159498844 0.3281028 0.923590243
v -0.0159498714 0.331234574 0.91600585
v -0.0159498844 0.3281028 0.923590243
v -0.0158884283 0.3328851 0.921154857
v 0.0188750271 0.324310035 0.9174423
v 0.0139389839 0.3264835 0.918898046
v 0.0188759714 0.3238708 0.919154763
v 0.01394262 0.32837522 0.9220402
v 0.01887522 0.32864657 0.9246398
v 0.01887886 0.326926231 0.924230754
v 0.0139505314 0.331522167 0.9201484
v 0.0188734159 0.334115922 0.9198751
v 0.018878866 0.333708882 0.9215957
v 0.013936867 0.329624116 0.9170063
v 0.0188768059 0.32935372 0.9144025
v 0.018878866 0.331073731 0.914813161
v 0.0189035237 0.330244 0.9187729
v 0.013936867 0.329624116 0.9170063
v 0.018878866 0.331073731 0.914813161
v 0.0189035237 0.330244 0.9187729
v 0.013031858 0.329786867 0.9190328
v 0.013936867 0.329624116 0.9170063
v 0.0189030766 0.329743624 0.920751
v 0.0139505314 0.331522167 0.9201484
v 0.018878866 0.333708882 0.9215957
v 0.0189030766 0.329743624 0.920751
v 0.0130539406 0.329505861 0.920314848
v 0.0139505314 0.331522167 0.9201484
v 0.0189030766 0.328256369 0.91829294
v 0.0139389839 0.3264835 0.918898046
v 0.0188750271 0.324310035 0.9174423
v 0.0189030766 0.328256369 0.91829294
v 0.0130370213 0.328496158 0.9187306
v 0.0139389839 0.3264835 0.918898046
v 0.01890353 0.327756017 0.920271039
v 0.01394262 0.32837522 0.9220402
v 0.01887886 0.326926231 0.924230754
v 0.01890353 0.327756017 0.920271039
v 0.0130571686 0.3282141 0.9200202
v 0.01394262 0.32837522 0.9220402
v 0.0188734159 0.334115922 0.9198751
v 0.0139505314 0.331522167 0.9201484
v 0.0189035237 0.330244 0.9187729
v 0.0139505314 0.331522167 0.9201484
v 0.013031858 0.329786867 0.9190328
v 0.0189035237 0.330244 0.9187729
v 0.01887522 0.32864657 0.9246398
v 0.01394262 0.32837522 0.9220402
v 0.0189030766 0.329743624 0.920751
v 0.01394262 0.32837522 0.9220402
v 0.0130539406 0.329505861 0.920314848
v 0.0189030766 0.329743624 0.920751
v 0.0188768059 0.32935372 0.9144025
v 0.013936867 0.329624116 0.9170063
v 0.0189030766 0.328256369 0.91829294
v 0.013936867 0.329624116 0.9170063
v 0.0130370213 0.328496158 0.9187306
v 0.0189030766 0.328256369 0.91829294
v 0.0188759714 0.3238708 0.919154763
v 0.0139389839 0.3264835 0.918898046
v 0.01890353 0.327756017 0.920271039
v 0.0139389839 0.3264835 0.918898046
v 0.0130571686 0.3282141 0.9200202
v 0.01890353 0.327756017 0.920271039
v 0.0130571686 0.3282141 0.9200202
v 0.0126000019 0.329 0.919521868
v 0.01394262 0.32837522 0.9220402
v 0.0126000019 0.329 0.919521868
v 0.0130539406 0.329505861 0.920314848
v 0.01394262 0.32837522 0.9220402
v 0.0126000019 0.329 0.919521868
v 0.0139505314 0.331522167 0.9201484
v 0.0130539406 0.329505861 0.920314848
v 0.0126000019 0.329 0.919521868
v 0.013031858 0.329786867 0.9190328
v 0.0139505314 0.331522167 0.9201484
v 0.0126000019 0.329 0.919521868
v 0.0130370213 0.328496158 0.9187306
v 0.013031858 0.329786867 0.9190328
v 0.0130370213 0.328496158 0.9187306
v 0.013936867 0.329624116 0.9170063
v 0.013031858 0.329786867 0.9190328
v 0.0126000019 0.329 0.919521868
v 0.0139389839 0.3264835 0.918898046
v 0.0130370213 0.328496158 0.9187306
v 0.0126000019 0.329 0.919521868
v 0.0130571686 0.3282141 0.9200202
v 0.0139389839 0.3264835 0.918898046
v 0.0187299512 0.3268932 0.9276325
v 0.013614716 0.328464538 0.9236379
v 0.0137089742 0.325851142 0.9221462
v 0.0187299512 0.3268932 0.9276325
v 0.0186472759 0.3316726 0.9274464
v 0.013614716 0.328464538 0.9236379
v 0.0186472759 0.3316726 0.9274464
v 0.013849806 0.331630379 0.922790647
v 0.013614716 0.328464538 0.9236379
v 0.0186472759 0.3316726 0.9274464
v 0.0185669065 0.33555454 0.924689054
v 0.013849806 0.331630379 0.922790647
v 0.0185669065 0.33555454 0.924689054
v 0.0138372052 0.3330535 0.9205095
v 0.013849806 0.331630379 0.922790647
v 0.0185669065 0.33555454 0.924689054
v 0.0187301021 0.337347239 0.9202547
v 0.0138372052 0.3330535 0.9205095
v 0.0187301021 0.337347239 0.9202547
v 0.0136978757 0.332826674 0.9180812
v 0.0138372052 0.3330535 0.9205095
v 0.01864822 0.333311945 0.9123576
v 0.0136097511 0.33114323 0.9160561
v 0.0136978757 0.332826674 0.9180812
v 0.01864822 0.333311945 0.9123576
v 0.0186965726 0.3287018 0.9111542
v 0.0136097511 0.33114323 0.9160561
v 0.0186965726 0.3287018 0.9111542
v 0.01357509 0.328216523 0.9154651
v 0.0136097511 0.33114323 0.9160561
v 0.0186965726 0.3287018 0.9111542
v 0.01864723 0.32417798 0.91268903
v 0.01357509 0.328216523 0.9154651
v 0.01864723 0.32417798 0.91268903
v 0.0138362357 0.325487137 0.917268
v 0.01357509 0.328216523 0.9154651
v 0.01864723 0.32417798 0.91268903
v 0.0187298153 0.3212084 0.916437864
v 0.0138362357 0.325487137 0.917268
v 0.0187298153 0.3212084 0.916437864
v 0.0138903353 0.3248173 0.919903636
v 0.0138362357 0.325487137 0.917268
v 0.0187298153 0.3212084 0.916437864
v 0.0185682215 0.320818037 0.9211635
v 0.0138903353 0.3248173 0.919903636
v 0.0185682215 0.320818037 0.9211635
v 0.0137089742 0.325851142 0.9221462
v 0.0138903353 0.3248173 0.919903636
v 0.0188768059 0.32935372 0.9144025
v 0.0186965726 0.3287018 0.9111542
v 0.01864822 0.333311945 0.9123576
v 0.018878866 0.331073731 0.914813161
v 0.01864822 0.333311945 0.9123576
v 0.018878866 0.331073731 0.914813161
v 0.0187037382 0.336424917 0.9157424
v 0.0188734159 0.334115922 0.9198751
v 0.0189035237 0.330244 0.9187729
v 0.0187301021 0.337347239 0.9202547
v 0.018878866 0.333708882 0.9215957
v 0.018878866 0.333708882 0.9215957
v 0.01887522 0.32864657 0.9246398
v 0.0189030766 0.329743624 0.920751
v 0.01887886 0.326926231 0.924230754
v 0.0187299512 0.3268932 0.9276325
v 0.0188759714 0.3238708 0.919154763
v 0.01890353 0.327756017 0.920271039
v 0.01887886 0.326926231 0.924230754
v 0.01870353 0.322939724 0.9252394
v 0.0188759714 0.3238708 0.919154763
v 0.0188750271 0.324310035 0.9174423
v 0.0187298153 0.3212084 0.916437864
v 0.01864723 0.32417798 0.91268903
v 0.0185682215 0.320818037 0.9211635
v 0.0187298153 0.3212084 0.916437864
v 0.01870353 0.322939724 0.9252394
v 0.013614716 0.328464538 0.9236379
v 0.013849806 0.331630379 0.922790647
v 0.0118175913 0.330624133 0.923044145
v 0.013849806 0.331630379 0.922790647
v 0.0117911184 0.332514435 0.92116785
v 0.0118175913 0.330624133 0.923044145
v 0.013849806 0.331630379 0.922790647
v 0.0138372052 0.3330535 0.9205095
v 0.0117911184 0.332514435 0.92116785
v 0.0138372052 0.3330535 0.9205095
v 0.0136978757 0.332826674 0.9180812
v 0.0117911184 0.332514435 0.92116785
v 0.0138903353 0.3248173 0.919903636
v 0.0117508974 0.325128943 0.9191898
v 0.0138362357 0.325487137 0.917268
v 0.0138903353 0.3248173 0.919903636
v 0.0137089742 0.325851142 0.9221462
v 0.0117508974 0.325128943 0.9191898
v 0.01357509 0.328216523 0.9154651
v 0.0138362357 0.325487137 0.917268
v 0.0118136909 0.326266617 0.9167702
v 0.0118136909 0.326266617 0.9167702
v 0.0138362357 0.325487137 0.917268
v 0.0117508974 0.325128943 0.9191898
v 0.0137089742 0.325851142 0.9221462
v 0.013614716 0.328464538 0.9236379
v 0.0109830219 0.3255872 0.9218571
v 0.013614716 0.328464538 0.9236379
v 0.010983048 0.3278867 0.9235046
v 0.0109830219 0.3255872 0.9218571
v 0.013614716 0.328464538 0.9236379
v 0.0118175913 0.330624133 0.923044145
v 0.010983048 0.3278867 0.9235046
v 0.0136978757 0.332826674 0.9180812
v 0.0109831113 0.333005637 0.9184948
v 0.0117911184 0.332514435 0.92116785
v 0.0136978757 0.332826674 0.9180812
v 0.0136097511 0.33114323 0.9160561
v 0.0109831113 0.333005637 0.9184948
v 0.01357509 0.328216523 0.9154651
v 0.0109831216 0.3314083 0.9161604
v 0.0136097511 0.33114323 0.9160561
v 0.0109831216 0.3314083 0.9161604
v 0.0109831113 0.333005637 0.9184948
v 0.01357509 0.328216523 0.9154651
v 0.0109831635 0.328684151 0.915398836
v 0.01357509 0.328216523 0.9154651
v 0.0118136909 0.326266617 0.9167702
v 0.0109831635 0.328684151 0.915398836
v 0.0137089742 0.325851142 0.9221462
v 0.0109830219 0.3255872 0.9218571
v 0.0117508974 0.325128943 0.9191898
v -0.01561691 0.3323948 1.06228161
v -0.0158884265 0.333211631 1.05937278
v -0.0159498844 0.329893827 1.063591
v -0.01561691 0.3296925 1.05520213
v -0.0159498844 0.326768339 1.05600393
v -0.0158940833 0.3321154 1.05666518
v -0.01561691 0.324866027 1.05808973
v -0.0158884358 0.3250934 1.06110263
v -0.0159498844 0.326768339 1.05600393
v -0.01561691 0.326871723 1.06334436
v -0.0159498844 0.329893827 1.063591
v -0.0158884358 0.3250934 1.06110263
v 0.0109830592 0.3296617 1.06360388
v -0.0159498844 0.329893827 1.063591
v -0.01561691 0.326871723 1.06334436
v 0.0109830592 0.3296617 1.06360388
v 0.0118176071 0.33195284 1.06203663
v -0.0159498844 0.329893827 1.063591
v 0.0117910868 0.332880735 1.05954027
v -0.0158884265 0.333211631 1.05937278
v -0.01561691 0.3323948 1.06228161
v 0.0109830741 0.332204282 1.05690789
v -0.0158940833 0.3321154 1.05666518
v 0.0117910868 0.332880735 1.05954027
v 0.0109830741 0.332204282 1.05690789
v -0.0158884265 0.333211631 1.05937278
v 0.0117509337 0.325347215 1.06084573
v -0.0158884358 0.3250934 1.06110263
v -0.01561691 0.324866027 1.05808973
v 0.0117509337 0.325347215 1.06084573
v 0.0109830741 0.326883018 1.06307423
v -0.0158884358 0.3250934 1.06110263
v -0.0158940833 0.3321154 1.05666518
v -0.0159498844 0.326768339 1.05600393
v -0.0159498844 0.329893827 1.063591
v -0.0159498844 0.326768339 1.05600393
v -0.0158884358 0.3250934 1.06110263
v -0.0159498844 0.329893827 1.063591
v -0.0158940833 0.3321154 1.05666518
v -0.0159498844 0.329893827 1.063591
v -0.0158884265 0.333211631 1.05937278
v 0.0188750271 0.3238703 1.05960357
v 0.0139389737 0.326454 1.0600121
v 0.0188759826 0.324190617 1.06134224
v 0.0139426766 0.3294902 1.06206989
v 0.01887523 0.3308279 1.0643152
v 0.0188788716 0.329094917 1.06466639
v 0.0188768469 0.334131777 1.05944
v 0.013950536 0.3315521 1.05903149
v 0.0188726131 0.333807439 1.05770242
v 0.0139367832 0.328510225 1.0569768
v 0.0188768115 0.327171654 1.0547272
v 0.0188788548 0.3289051 1.05437768
v 0.01890353 0.329814523 1.05831981
v 0.0139367832 0.328510225 1.0569768
v 0.0188788548 0.3289051 1.05437768
v 0.01890353 0.329814523 1.05831981
v 0.0130318534 0.329508781 1.05874765
v 0.0139367832 0.328510225 1.0569768
v 0.0189031288 0.330204427 1.06033671
v 0.013950536 0.3315521 1.05903149
v 0.0188768469 0.334131777 1.05944
v 0.0189031288 0.330204427 1.06033671
v 0.0130504565 0.3297899 1.0600214
v 0.013950536 0.3315521 1.05903149
v 0.0189035032 0.327788025 1.0587014
v 0.0139389737 0.326454 1.0600121
v 0.0188750271 0.3238703 1.05960357
v 0.0189035032 0.327788025 1.0587014
v 0.0130262515 0.32823807 1.05901861
v 0.0139389737 0.326454 1.0600121
v 0.0189034939 0.3281794 1.06073391
v 0.0139426766 0.3294902 1.06206989
v 0.0188788716 0.329094917 1.06466639
v 0.0189034939 0.3281794 1.06073391
v 0.0130511867 0.328505129 1.06029594
v 0.0139426766 0.3294902 1.06206989
v 0.0188726131 0.333807439 1.05770242
v 0.013950536 0.3315521 1.05903149
v 0.01890353 0.329814523 1.05831981
v 0.013950536 0.3315521 1.05903149
v 0.0130318534 0.329508781 1.05874765
v 0.01890353 0.329814523 1.05831981
v 0.01887523 0.3308279 1.0643152
v 0.0139426766 0.3294902 1.06206989
v 0.0189031288 0.330204427 1.06033671
v 0.0139426766 0.3294902 1.06206989
v 0.0130504565 0.3297899 1.0600214
v 0.0189031288 0.330204427 1.06033671
v 0.0188768115 0.327171654 1.0547272
v 0.0139367832 0.328510225 1.0569768
v 0.0189035032 0.327788025 1.0587014
v 0.0139367832 0.328510225 1.0569768
v 0.0130262515 0.32823807 1.05901861
v 0.0189035032 0.327788025 1.0587014
v 0.0188759826 0.324190617 1.06134224
v 0.0139389737 0.326454 1.0600121
v 0.0189034939 0.3281794 1.06073391
v 0.0139389737 0.326454 1.0600121
v 0.0130511867 0.328505129 1.06029594
v 0.0189034939 0.3281794 1.06073391
v 0.0130511867 0.328505129 1.06029594
v 0.0126000019 0.329 1.05952191
v 0.0139426766 0.3294902 1.06206989
v 0.0126000019 0.329 1.05952191
v 0.0130504565 0.3297899 1.0600214
v 0.0139426766 0.3294902 1.06206989
v 0.0126000019 0.329 1.05952191
v 0.013950536 0.3315521 1.05903149
v 0.0130504565 0.3297899 1.0600214
v 0.0126000019 0.329 1.05952191
v 0.0130318534 0.329508781 1.05874765
v 0.013950536 0.3315521 1.05903149
v 0.0126000019 0.329 1.05952191
v 0.0130262515 0.32823807 1.05901861
v 0.0130318534 0.329508781 1.05874765
v 0.0130262515 0.32823807 1.05901861
v 0.0139367832 0.328510225 1.0569768
v 0.0130318534 0.329508781 1.05874765
v 0.0126000019 0.329 1.05952191
v 0.0139389737 0.326454 1.0600121
v 0.0130262515 0.32823807 1.05901861
v 0.0126000019 0.329 1.05952191
v 0.0130511867 0.328505129 1.06029594
v 0.0139389737 0.326454 1.0600121
v 0.0187299456 0.3304931 1.0677675
v 0.013614716 0.330242127 1.06348264
v 0.0137090366 0.327243924 1.06322563
v 0.0187299456 0.3304931 1.0677675
v 0.0186472647 0.3347528 1.06559217
v 0.013614716 0.330242127 1.06348264
v 0.0186472647 0.3347528 1.06559217
v 0.0138497222 0.3327596 1.0613842
v 0.013614716 0.330242127 1.06348264
v 0.0186472647 0.3347528 1.06559217
v 0.0185669065 0.337118268 1.06145966
v 0.0138497222 0.3327596 1.0613842
v 0.0185669065 0.337118268 1.06145966
v 0.01383719 0.333093554 1.0587163
v 0.0138497222 0.3327596 1.0613842
v 0.0185669065 0.337118268 1.06145966
v 0.0187301021 0.3368835 1.05668259
v 0.01383719 0.333093554 1.0587163
v 0.0187301021 0.3368835 1.05668259
v 0.0136978393 0.3318682 1.05660772
v 0.01383719 0.333093554 1.0587163
v 0.0186482258 0.32990548 1.05120909
v 0.0136097874 0.329489946 1.05547655
v 0.0136978393 0.3318682 1.05660772
v 0.0186482258 0.32990548 1.05120909
v 0.0186965726 0.325216085 1.0520525
v 0.0136097874 0.329489946 1.05547655
v 0.0186965726 0.325216085 1.0520525
v 0.013575064 0.3265858 1.05616879
v 0.0136097874 0.329489946 1.05547655
v 0.0186965726 0.325216085 1.0520525
v 0.01864723 0.321754783 1.05534482
v 0.013575064 0.3265858 1.05616879
v 0.01864723 0.321754783 1.05534482
v 0.0138361994 0.3248654 1.05895114
v 0.013575064 0.3265858 1.05616879
v 0.01864723 0.321754783 1.05534482
v 0.01872981 0.3206335 1.0599941
v 0.0138361994 0.3248654 1.05895114
v 0.01872981 0.3206335 1.0599941
v 0.0138902673 0.3253641 1.06162453
v 0.0138361994 0.3248654 1.05895114
v 0.01872981 0.3206335 1.0599941
v 0.0185682159 0.322263241 1.06444681
v 0.0138902673 0.3253641 1.06162453
v 0.0185682159 0.322263241 1.06444681
v 0.0137090366 0.327243924 1.06322563
v 0.0138902673 0.3253641 1.06162453
v 0.0188768115 0.327171654 1.0547272
v 0.0186965726 0.325216085 1.0520525
v 0.0186482258 0.32990548 1.05120909
v 0.0188788548 0.3289051 1.05437768
v 0.0186482258 0.32990548 1.05120909
v 0.0188788548 0.3289051 1.05437768
v 0.0187037438 0.334151775 1.0529741
v 0.0188726131 0.333807439 1.05770242
v 0.01890353 0.329814523 1.05831981
v 0.0187301021 0.3368835 1.05668259
v 0.0188768469 0.334131777 1.05944
v 0.0188768469 0.334131777 1.05944
v 0.01887523 0.3308279 1.0643152
v 0.0189031288 0.330204427 1.06033671
v 0.0188788716 0.329094917 1.06466639
v 0.0187299456 0.3304931 1.0677675
v 0.0188759826 0.324190617 1.06134224
v 0.0189034939 0.3281794 1.06073391
v 0.0188788716 0.329094917 1.06466639
v 0.01870351 0.325900167 1.06725538
v 0.0188759826 0.324190617 1.06134224
v 0.0188750271 0.3238703 1.05960357
v 0.01872981 0.3206335 1.0599941
v 0.01864723 0.321754783 1.05534482
v 0.0185682159 0.322263241 1.06444681
v 0.01872981 0.3206335 1.0599941
v 0.01870351 0.325900167 1.06725538
v 0.013614716 0.330242127 1.06348264
v 0.0138497222 0.3327596 1.0613842
v 0.0118176071 0.33195284 1.06203663
v 0.0138497222 0.3327596 1.0613842
v 0.0117910868 0.332880735 1.05954027
v 0.0118176071 0.33195284 1.06203663
v 0.0138497222 0.3327596 1.0613842
v 0.01383719 0.333093554 1.0587163
v 0.0117910868 0.332880735 1.05954027
v 0.01383719 0.333093554 1.0587163
v 0.0136978393 0.3318682 1.05660772
v 0.0117910868 0.332880735 1.05954027
v 0.0138902673 0.3253641 1.06162453
v 0.0117509337 0.325347215 1.06084573
v 0.0138361994 0.3248654 1.05895114
v 0.0138902673 0.3253641 1.06162453
v 0.0137090366 0.327243924 1.06322563
v 0.0117509337 0.325347215 1.06084573
v 0.013575064 0.3265858 1.05616879
v 0.0138361994 0.3248654 1.05895114
v 0.0118136434 0.325363845 1.05817211
v 0.0118136434 0.325363845 1.05817211
v 0.0138361994 0.3248654 1.05895114
v 0.0117509337 0.325347215 1.06084573
v 0.0137090366 0.327243924 1.06322563
v 0.013614716 0.330242127 1.06348264
v 0.0109830741 0.326883018 1.06307423
v 0.013614716 0.330242127 1.06348264
v 0.0109830592 0.3296617 1.06360388
v 0.0109830741 0.326883018 1.06307423
v 0.013614716 0.330242127 1.06348264
v 0.0118176071 0.33195284 1.06203663
v 0.0109830592 0.3296617 1.06360388
v 0.0136978393 0.3318682 1.05660772
v 0.0109830741 0.332204282 1.05690789
v 0.0117910868 0.332880735 1.05954027
v 0.0136978393 0.3318682 1.05660772
v 0.0136097874 0.329489946 1.05547655
v 0.0109830741 0.332204282 1.05690789
v 0.013575064 0.3265858 1.05616879
v 0.0109831 0.3297744 1.05546
v 0.0136097874 0.329489946 1.05547655
v 0.0109831 0.3297744 1.05546
v 0.0109830741 0.332204282 1.05690789
v 0.013575064 0.3265858 1.05616879
v 0.0109831477 0.3269821 1.05591249
v 0.013575064 0.3265858 1.05616879
v 0.0118136434 0.325363845 1.05817211
v 0.0109831477 0.3269821 1.05591249
v 0.0137090366 0.327243924 1.06322563
v 0.0109830741 0.326883018 1.06307423
v 0.0117509337 0.325347215 1.06084573
v -0.01561691 0.247732535 0.9185578
v -0.0158884265 0.248293132 0.92152673
v -0.0159498788 0.249391392 0.916273654
v -0.01561691 0.2503095 0.9235571
v -0.0159498844 0.253340364 0.923466563
v -0.0158884265 0.248293132 0.92152673
v -0.01561691 0.256339818 0.91896826
v -0.0158884358 0.254797637 0.916370332
v -0.0158941075 0.255619228 0.9217054
v -0.01561691 0.252208382 0.915151954
v -0.0159498788 0.249391392 0.916273654
v -0.0158884358 0.254797637 0.916370332
v 0.0109831262 0.249593675 0.916159034
v -0.0159498788 0.249391392 0.916273654
v -0.01561691 0.252208382 0.915151954
v 0.0109831262 0.249593675 0.916159034
v 0.0118175764 0.248237327 0.918581
v -0.0159498788 0.249391392 0.916273654
v 0.01179116 0.248515218 0.921229661
v -0.0158884265 0.248293132 0.92152673
v -0.01561691 0.247732535 0.9185578
v 0.01179116 0.248515218 0.921229661
v 0.0109830219 0.250290662 0.9232874
v -0.0158884265 0.248293132 0.92152673
v 0.010983048 0.253111064 0.9235051
v -0.0159498844 0.253340364 0.923466563
v -0.01561691 0.2503095 0.9235571
v 0.010983048 0.255411416 0.921859145
v 0.011813717 0.2558573 0.9191159
v -0.0158941075 0.255619228 0.9217054
v 0.0117508555 0.2546843 0.916713
v -0.0158884358 0.254797637 0.916370332
v -0.01561691 0.256339818 0.91896826
v 0.0117508555 0.2546843 0.916713
v 0.01098321 0.252318323 0.915399134
v -0.0158884358 0.254797637 0.916370332
v -0.0159498844 0.253340364 0.923466563
v -0.0158941075 0.255619228 0.9217054
v -0.0159498788 0.249391392 0.916273654
v -0.0158941075 0.255619228 0.9217054
v -0.0158884358 0.254797637 0.916370332
v -0.0159498788 0.249391392 0.916273654
v -0.0159498844 0.253340364 0.923466563
v -0.0159498788 0.249391392 0.916273654
v -0.0158884265 0.248293132 0.92152673
v 0.0188750271 0.256559372 0.91716975
v 0.0139389634 0.25406304 0.917951643
v 0.0188759714 0.255499929 0.9157545
v 0.0139426347 0.250428826 0.9174572
v 0.01887523 0.248232841 0.9160398
v 0.0188788511 0.249629423 0.9149553
v 0.0188768469 0.247438908 0.9218753
v 0.0139505519 0.24993147 0.921095252
v 0.0188726131 0.2485015 0.923288
v 0.013936867 0.253569633 0.921584666
v 0.0188768059 0.255768269 0.923005342
v 0.018878866 0.25437063 0.924088657
v 0.0189035032 0.2518033 0.9209724
v 0.013936867 0.253569633 0.921584666
v 0.018878866 0.25437063 0.924088657
v 0.0189035032 0.2518033 0.9209724
v 0.01302645 0.251891434 0.9204293
v 0.013936867 0.253569633 0.921584666
v 0.01890354 0.2505611 0.919326365
v 0.0139505519 0.24993147 0.921095252
v 0.0188768469 0.247438908 0.9218753
v 0.01890354 0.2505611 0.919326365
v 0.0130491005 0.251078457 0.9194059
v 0.0139505519 0.24993147 0.921095252
v 0.0189031288 0.253441036 0.9197168
v 0.0139389634 0.25406304 0.917951643
v 0.0188750271 0.256559372 0.91716975
v 0.0189031288 0.253441036 0.9197168
v 0.0130337831 0.2529267 0.9196199
v 0.0139389634 0.25406304 0.917951643
v 0.0189035088 0.2521967 0.918071568
v 0.0139426347 0.250428826 0.9174572
v 0.0188788511 0.249629423 0.9149553
v 0.0189035088 0.2521967 0.918071568
v 0.0130511969 0.252099425 0.9186086
v 0.0139426347 0.250428826 0.9174572
v 0.0188726131 0.2485015 0.923288
v 0.0139505519 0.24993147 0.921095252
v 0.0189035032 0.2518033 0.9209724
v 0.0139505519 0.24993147 0.921095252
v 0.01302645 0.251891434 0.9204293
v 0.0189035032 0.2518033 0.9209724
v 0.01887523 0.248232841 0.9160398
v 0.0139426347 0.250428826 0.9174572
v 0.01890354 0.2505611 0.919326365
v 0.0139426347 0.250428826 0.9174572
v 0.0130491005 0.251078457 0.9194059
v 0.01890354 0.2505611 0.919326365
v 0.0188768059 0.255768269 0.923005342
v 0.013936867 0.253569633 0.921584666
v 0.0189031288 0.253441036 0.9197168
v 0.013936867 0.253569633 0.921584666
v 0.0130337831 0.2529267 0.9196199
v 0.0189031288 0.253441036 0.9197168
v 0.0188759714 0.255499929 0.9157545
v 0.0139389634 0.25406304 0.917951643
v 0.0189035088 0.2521967 0.918071568
v 0.0139389634 0.25406304 0.917951643
v 0.0130511969 0.252099425 0.9186086
v 0.0189035088 0.2521967 0.918071568
v 0.0130511969 0.252099425 0.9186086
v 0.0126000019 0.251999974 0.919521868
v 0.0139426347 0.250428826 0.9174572
v 0.0126000019 0.251999974 0.919521868
v 0.0130491005 0.251078457 0.9194059
v 0.0139426347 0.250428826 0.9174572
v 0.0126000019 0.251999974 0.919521868
v 0.0139505519 0.24993147 0.921095252
v 0.0130491005 0.251078457 0.9194059
v 0.0126000019 0.251999974 0.919521868
v 0.01302645 0.251891434 0.9204293
v 0.0139505519 0.24993147 0.921095252
v 0.0126000019 0.251999974 0.919521868
v 0.0130337831 0.2529267 0.9196199
v 0.01302645 0.251891434 0.9204293
v 0.0130337831 0.2529267 0.9196199
v 0.013936867 0.253569633 0.921584666
v 0.01302645 0.251891434 0.9204293
v 0.0126000019 0.251999974 0.919521868
v 0.0139389634 0.25406304 0.917951643
v 0.0130337831 0.2529267 0.9196199
v 0.0126000019 0.251999974 0.919521868
v 0.0130511969 0.252099425 0.9186086
v 0.0139389634 0.25406304 0.917951643
v 0.01872994 0.246999 0.912798345
v 0.0136147579 0.2491276 0.916525662
v 0.0137089742 0.251927733 0.915423632
v 0.01872994 0.246999 0.912798345
v 0.0186472647 0.2441493 0.9166397
v 0.0136147579 0.2491276 0.916525662
v 0.0186472647 0.2441493 0.9166397
v 0.0138497641 0.247804448 0.919523954
v 0.0136147579 0.2491276 0.916525662
v 0.0186472647 0.2441493 0.9166397
v 0.0185668953 0.2438661 0.9213928
v 0.0138497641 0.247804448 0.919523954
v 0.0185668953 0.2438661 0.9213928
v 0.0138372472 0.248690516 0.9220624
v 0.0138497641 0.247804448 0.919523954
v 0.0185668953 0.2438661 0.9213928
v 0.0187301021 0.246198833 0.925568342
v 0.0138372472 0.248690516 0.9220624
v 0.0187301021 0.246198833 0.925568342
v 0.0136978868 0.25072518 0.9234071
v 0.0138372472 0.248690516 0.9220624
v 0.0186482035 0.254882067 0.9273716
v 0.013609767 0.253358275 0.9233639
v 0.0136978868 0.25072518 0.9234071
v 0.0186482035 0.254882067 0.9273716
v 0.0186965726 0.258708447 0.9245324
v 0.013609767 0.253358275 0.9233639
v 0.0186965726 0.258708447 0.9245324
v 0.0135750948 0.255652636 0.921453238
v 0.013609767 0.253358275 0.9233639
v 0.0186965726 0.258708447 0.9245324
v 0.01864723 0.2603467 0.920045137
v 0.0135750948 0.255652636 0.921453238
v 0.01864723 0.2603467 0.920045137
v 0.01383624 0.255957752 0.9181965
v 0.0135750948 0.255652636 0.921453238
v 0.01864723 0.2603467 0.920045137
v 0.0187298153 0.2592857 0.9153819
v 0.01383624 0.255957752 0.9181965
v 0.0187298153 0.2592857 0.9153819
v 0.0138902413 0.254323184 0.916022956
v 0.01383624 0.255957752 0.9181965
v 0.0187298153 0.2592857 0.9153819
v 0.0185682364 0.255847245 0.912116647
v 0.0138902413 0.254323184 0.916022956
v 0.0185682364 0.255847245 0.912116647
v 0.0137089742 0.251927733 0.915423632
v 0.0138902413 0.254323184 0.916022956
v 0.0188768059 0.255768269 0.923005342
v 0.0186965726 0.258708447 0.9245324
v 0.0186482035 0.254882067 0.9273716
v 0.018878866 0.25437063 0.924088657
v 0.0186482035 0.254882067 0.9273716
v 0.018878866 0.25437063 0.924088657
v 0.0187037215 0.250293553 0.9276769
v 0.0188726131 0.2485015 0.923288
v 0.0189035032 0.2518033 0.9209724
v 0.0187301021 0.246198833 0.925568342
v 0.0188768469 0.247438908 0.9218753
v 0.0188768469 0.247438908 0.9218753
v 0.01887523 0.248232841 0.9160398
v 0.01890354 0.2505611 0.919326365
v 0.0188788511 0.249629423 0.9149553
v 0.01872994 0.246999 0.912798345
v 0.0188759714 0.255499929 0.9157545
v 0.0189035088 0.2521967 0.918071568
v 0.0188788511 0.249629423 0.9149553
v 0.01870353 0.251341462 0.911216438
v 0.0188759714 0.255499929 0.9157545
v 0.0188750271 0.256559372 0.91716975
v 0.0187298153 0.2592857 0.9153819
v 0.01864723 0.2603467 0.920045137
v 0.0185682364 0.255847245 0.912116647
v 0.0187298153 0.2592857 0.9153819
v 0.01870353 0.251341462 0.911216438
v 0.0136147579 0.2491276 0.916525662
v 0.0138497641 0.247804448 0.919523954
v 0.0118175764 0.248237327 0.918581
v 0.0138497641 0.247804448 0.919523954
v 0.01179116 0.248515218 0.921229661
v 0.0118175764 0.248237327 0.918581
v 0.0138497641 0.247804448 0.919523954
v 0.0138372472 0.248690516 0.9220624
v 0.01179116 0.248515218 0.921229661
v 0.0138372472 0.248690516 0.9220624
v 0.0136978868 0.25072518 0.9234071
v 0.01179116 0.248515218 0.921229661
v 0.0138902413 0.254323184 0.916022956
v 0.0117508555 0.2546843 0.916713
v 0.01383624 0.255957752 0.9181965
v 0.0138902413 0.254323184 0.916022956
v 0.0137089742 0.251927733 0.915423632
v 0.0117508555 0.2546843 0.916713
v 0.0135750948 0.255652636 0.921453238
v 0.01383624 0.255957752 0.9181965
v 0.011813717 0.2558573 0.9191159
v 0.011813717 0.2558573 0.9191159
v 0.01383624 0.255957752 0.9181965
v 0.0117508555 0.2546843 0.916713
v 0.0137089742 0.251927733 0.915423632
v 0.0136147579 0.2491276 0.916525662
v 0.01098321 0.252318323 0.915399134
v 0.0136147579 0.2491276 0.916525662
v 0.0109831262 0.249593675 0.916159034
v 0.01098321 0.252318323 0.915399134
v 0.0136147579 0.2491276 0.916525662
v 0.0118175764 0.248237327 0.918581
v 0.0109831262 0.249593675 0.916159034
v 0.0136978868 0.25072518 0.9234071
v 0.0109830219 0.250290662 0.9232874
v 0.01179116 0.248515218 0.921229661
v 0.0136978868 0.25072518 0.9234071
v 0.013609767 0.253358275 0.9233639
v 0.0109830219 0.250290662 0.9232874
v 0.0135750948 0.255652636 0.921453238
v 0.010983048 0.253111064 0.9235051
v 0.013609767 0.253358275 0.9233639
v 0.010983048 0.253111064 0.9235051
v 0.0109830219 0.250290662 0.9232874
v 0.0135750948 0.255652636 0.921453238
v 0.010983048 0.255411416 0.921859145
v 0.0135750948 0.255652636 0.921453238
v 0.011813717 0.2558573 0.9191159
v 0.010983048 0.255411416 0.921859145
v 0.0137089742 0.251927733 0.915423632
v 0.01098321 0.252318323 0.915399134
v 0.0117508555 0.2546843 0.916713
v -0.07328313 0.324904472 1.0600934
v -0.0732831657 0.325495273 1.05732727
v -0.04668309 0.324651062 1.05999887
v -0.0464115664 0.326026469 1.06250823
v -0.07411767 0.3278292 1.0558244
v -0.04668309 0.3277751 1.05532193
v -0.0463501029 0.325597316 1.0571183
v -0.07409116 0.330490023 1.05593872
v -0.0732830837 0.332653075 1.057584
v -0.07328309 0.333044052 1.0603857
v -0.046405904 0.332842261 1.05776024
v -0.04668309 0.333249778 1.06056118
v -0.0732830837 0.3315427 1.06278312
v -0.0732830837 0.3315427 1.06278312
v -0.04635013 0.33137542 1.06294453
v -0.04668309 0.333249778 1.06056118
v -0.0741137043 0.3288321 1.06339693
v -0.0741137043 0.3288321 1.06339693
v -0.04668309 0.32871452 1.0638876
v -0.04635013 0.33137542 1.06294453
v -0.0740509 0.326361656 1.06237411
v -0.08100353 0.32066974 1.05937564
v -0.0810299441 0.321981251 1.0549444
v -0.07600897 0.324905 1.059702
v -0.08086823 0.3218456 1.06381774
v -0.0810301155 0.334677845 1.05335951
v -0.08100373 0.337034464 1.0573169
v -0.07599782 0.332799256 1.05801046
v -0.08094821 0.337012082 1.0619154
v -0.08094726 0.325639963 1.05186355
v -0.0810299441 0.321981251 1.0549444
v -0.08117522 0.325292617 1.05597627
v -0.08117685 0.3310681 1.05482459
v -0.08117685 0.3310681 1.05482459
v -0.08086692 0.33036685 1.05128837
v -0.08094726 0.325639963 1.05186355
v -0.0810301155 0.334677845 1.05335951
v -0.0810301155 0.334677845 1.05335951
v -0.08117685 0.3310681 1.05482459
v -0.08117261 0.3325434 1.05579829
v -0.08100373 0.337034464 1.0573169
v -0.08117841 0.333698869 1.06159091
v -0.08120353 0.3304241 1.0592382
v -0.08094821 0.337012082 1.0619154
v -0.08117841 0.333698869 1.06159091
v -0.08099658 0.334413916 1.06590927
v -0.08094821 0.337012082 1.0619154
v -0.0811759755 0.3327252 1.06306684
v -0.0811759755 0.3327252 1.06306684
v -0.08094723 0.330036 1.06782055
v -0.08099658 0.334413916 1.06590927
v -0.08117504 0.326932937 1.06421757
v -0.08120349 0.329285622 1.06095755
v -0.07328308 0.251649559 1.05540168
v -0.07328305 0.254380077 1.0561403
v -0.04668309 0.251757562 1.05515361
v -0.04641158 0.249177873 1.05639207
v -0.07411758 0.255755275 1.05855179
v -0.04668309 0.256259829 1.05852473
v -0.0463501178 0.25458315 1.05625343
v -0.07409109 0.255498 1.06120265
v -0.07328316 0.253738552 1.063274
v -0.07328315 0.250920027 1.06351364
v -0.0464058965 0.253552467 1.06345344
v -0.04668309 0.250733733 1.06370962
v -0.0732831061 0.24860689 1.0618856
v -0.0732831061 0.24860689 1.0618856
v -0.04635012 0.24845466 1.06170976
v -0.04668309 0.250733733 1.06370962
v -0.07411364 0.24813962 1.05914593
v -0.07411364 0.24813962 1.05914593
v -0.04668309 0.247655988 1.05900216
v -0.04635012 0.24845466 1.06170976
v -0.0740508661 0.249293864 1.05673409
v -0.0810035244 0.2525941 1.0512116
v -0.0810299441 0.256948352 1.05275953
v -0.0760090649 0.2520404 1.05542314
v -0.08086822 0.24809517 1.05214691
v -0.0810301155 0.257848054 1.06552315
v -0.0810037255 0.253769875 1.06766331
v -0.07599784 0.253305048 1.06339693
v -0.08094823 0.2491792 1.06739366
v -0.08094726 0.259828031 1.05657864
v -0.0810299441 0.256948352 1.05275953
v -0.08117524 0.25574 1.0560106
v -0.08117684 0.2565793 1.0618397
v -0.08117684 0.2565793 1.0618397
v -0.0808669 0.260148227 1.06132948
v -0.08094726 0.259828031 1.05657864
v -0.0810301155 0.257848054 1.06552315
v -0.0810301155 0.257848054 1.06552315
v -0.08117684 0.2565793 1.0618397
v -0.0811726153 0.255527765 1.06326044
v -0.0810037255 0.253769875 1.06766331
v -0.0811784044 0.249681324 1.06410265
v -0.08120354 0.252206832 1.06095922
v -0.08094823 0.2491792 1.06739366
v -0.0811784044 0.249681324 1.06410265
v -0.08099658 0.2453307 1.06458449
v -0.08094823 0.2491792 1.06739366
v -0.0811759755 0.248259932 1.06305122
v -0.08117523 0.248488635 1.05578208
v -0.08086822 0.24809517 1.05214691
v -0.08102982 0.244682312 1.05543876
v -0.0810035244 0.2525941 1.0512116
v -0.0732831061 0.325687319 0.9219971
v -0.0732830837 0.3248713 0.9192887
v -0.04668309 0.325419754 0.92203635
v -0.0464115776 0.327834427 0.9235719
v -0.07411765 0.326191664 0.9168468
v -0.04668309 0.325902015 0.9164327
v -0.0463501252 0.324859977 0.9190565
v -0.0740911439 0.328578025 0.9156642
v -0.07328311 0.331266373 0.9160631
v -0.04668309 0.331504315 0.9159347
v -0.04641158 0.328710049 0.915317655
v -0.0732830539 0.332959473 0.9183292
v -0.0732830837 0.3327999 0.921153247
v -0.0463501178 0.333049536 0.9185434
v -0.0464058928 0.332781225 0.9214111
v -0.07411362 0.330721051 0.922997832
v -0.04668309 0.330854565 0.9234844
v -0.07405088 0.3280635 0.923292637
v -0.08100354 0.321631163 0.9234098
v -0.0810299441 0.3206439 0.918895
v -0.07600895 0.325499147 0.9216539
v -0.08086825 0.3248028 0.926734567
v -0.0810301 0.3310038 0.911385834
v -0.08100374 0.3349761 0.9137167
v -0.07599779 0.331599921 0.91636616
v -0.08094821 0.337173462 0.9177564
v -0.0810299441 0.3206439 0.918895
v -0.08117685 0.3238876 0.919974566
v -0.08117598 0.3240273 0.9182121
v -0.080947265 0.322364151 0.9144321
v -0.08117685 0.3285474 0.9144096
v -0.08117685 0.3285474 0.9144096
v -0.0808669 0.326228052 0.911649466
v -0.080947265 0.322364151 0.9144321
v -0.0810301 0.3310038 0.911385834
v -0.0810301 0.3310038 0.911385834
v -0.08117685 0.3285474 0.9144096
v -0.0811726153 0.330309361 0.9145513
v -0.08100374 0.3349761 0.9137167
v -0.08117842 0.3341142 0.91906935
v -0.08120306 0.330100864 0.9185991
v -0.08094821 0.337173462 0.9177564
v -0.08117842 0.3341142 0.91906935
v -0.08099658 0.33682254 0.9225082
v -0.08094821 0.337173462 0.9177564
v -0.0811759755 0.333972663 0.9208318
v -0.0811759755 0.333972663 0.9208318
v -0.08094723 0.333908349 0.9262932
v -0.08099658 0.33682254 0.9225082
v -0.0811755359 0.329440773 0.924646139
v -0.081203565 0.329935163 0.9206329
v -0.0811755359 0.329440773 0.924646139
v -0.08102982 0.329401135 0.9278922
v -0.08094723 0.333908349 0.9262932
v -0.08117522 0.3276808 0.9244794
v -0.08117522 0.3276808 0.9244794
v -0.08086825 0.3248028 0.926734567
v -0.08102982 0.329401135 0.9278922
v -0.08100354 0.321631163 0.9234098
v -0.08117685 0.3238876 0.919974566
v -0.0810299441 0.3206439 0.918895
v -0.08100354 0.321631163 0.9234098
v -0.08117522 0.3276808 0.9244794
v -0.08120355 0.3278891 0.920457244
v -0.0732831657 0.249290526 0.9226459
v -0.0732830539 0.247916371 0.9201734
v -0.04668309 0.249037474 0.9227413
v -0.0464115776 0.251723766 0.923727155
v -0.0741175562 0.2486863 0.9175064
v -0.04668309 0.248315141 0.917163432
v -0.04635012 0.247855842 0.919948936
v -0.07409112 0.250766039 0.915842652
v -0.0732831359 0.253477663 0.9156597
v -0.0732831359 0.255614519 0.9175131
v -0.0464058965 0.253736019 0.91566813
v -0.04668309 0.255884945 0.91751
v -0.07328306 0.256060123 0.920306444
v -0.07328306 0.256060123 0.920306444
v -0.04635012 0.256040245 0.920538068
v -0.04668309 0.255884945 0.91751
v -0.07411363 0.2544218 0.922551632
v -0.07411363 0.2544218 0.922551632
v -0.04668309 0.254655957 0.9229985
v -0.04635012 0.256040245 0.920538068
v -0.07405097 0.2518881 0.923405647
v -0.0810035244 0.245628342 0.924890041
v -0.0810299441 0.243702114 0.9206892
v -0.07600891 0.24903357 0.9223507
v -0.08086824 0.249435365 0.9274631
v -0.08103012 0.2522248 0.911145568
v -0.08100374 0.2566025 0.912577033
v -0.07599792 0.2538681 0.9158848
v -0.08094821 0.259609818 0.916056
v -0.0810299441 0.243702114 0.9206892
v -0.08117685 0.2471013 0.9210531
v -0.08117598 0.246862441 0.9193012
v -0.08094726 0.244432345 0.9159623
v -0.08117886 0.250477284 0.9146072
v -0.08117886 0.250477284 0.9146072
v -0.0808669 0.247615 0.9124204
v -0.08094726 0.244432345 0.9159623
v -0.08103012 0.2522248 0.911145568
v -0.08117842 0.25690043 0.917990565
v -0.08094821 0.259609818 0.916056
v -0.08100374 0.2566025 0.912577033
v -0.08117341 0.252233118 0.9143991
v -0.0812035352 0.252886176 0.9183716
v -0.08103012 0.2522248 0.911145568
v -0.08117886 0.250477284 0.9146072
v -0.08117842 0.25690043 0.917990565
v -0.08099658 0.260279059 0.9207735
v -0.08094821 0.259609818 0.916056
v -0.08117598 0.257137567 0.919742644
v -0.08117598 0.257137567 0.919742644
v -0.08094722 0.258237958 0.9250924
v -0.08099658 0.260279059 0.9207735
v -0.08117557 0.2535221 0.9244348
v -0.0812031254 0.253151268 0.9204102
v -0.08117557 0.2535221 0.9244348
v -0.08102981 0.25417456 0.927614748
v -0.08094722 0.258237958 0.9250924
v -0.08117522 0.25176698 0.924646556
v -0.08117522 0.25176698 0.924646556
v -0.08086824 0.249435365 0.9274631
v -0.08102981 0.25417456 0.927614748
v -0.0810035244 0.245628342 0.924890041
v -0.08117685 0.2471013 0.9210531
v -0.0810299441 0.243702114 0.9206892
v -0.0810035244 0.245628342 0.924890041
v -0.08117522 0.25176698 0.924646556
v -0.0812031254 0.251111716 0.9206732
v 0.0109831 0.249163762 1.06253135
v 0.0109831 0.251761645 1.06365037
v -0.01561691 0.249094218 1.06279254
v -0.0158884246 0.247843742 1.06021881
v 0.0118176695 0.254337937 1.06261671
v -0.01561691 0.254716367 1.06295145
v -0.0159498788 0.251991063 1.063688
v 0.0117911343 0.255784631 1.06038046
v 0.0109830694 0.255694479 1.05766416
v -0.01561691 0.255849153 1.05744243
v -0.0158884283 0.256143928 1.06028867
v 0.0109830592 0.253636 1.055724
v 0.0109831579 0.250811964 1.05556107
v -0.0159498937 0.253433347 1.0556103
v -0.0158941057 0.250553727 1.05555022
v 0.0118136955 0.248742625 1.05741632
v -0.01561691 0.24827446 1.05722821
v 0.011750876 0.24814716 1.06002307
v 0.018703524 0.247298419 1.06640017
v 0.0187299345 0.2516713 1.067895
v 0.01370897 0.249483243 1.06275725
v 0.0185682159 0.244356334 1.0628705
v 0.0187301021 0.260311455 1.05845773
v 0.0187037326 0.258448035 1.05424583
v 0.0136978757 0.255431384 1.0572983
v 0.0186482146 0.254684865 1.05160272
v 0.0186472442 0.256301135 1.06669426
v 0.0187299345 0.2516713 1.067895
v 0.01887522 0.2527461 1.06459737
v 0.0188768469 0.257027626 1.06055379
v 0.0188768469 0.257027626 1.06055379
v 0.01856688 0.2595057 1.06317222
v 0.0186472442 0.256301135 1.06669426
v 0.0187301021 0.260311455 1.05845773
v 0.0188768059 0.2512538 1.05444491
v 0.0186472181 0.245831728 1.05387461
v 0.0186965615 0.2499241 1.05141032
v 0.0188750271 0.246974424 1.05849028
v 0.0189035088 0.2509946 1.05845833
v 0.0109830219 0.3255872 0.9218571
v 0.010983048 0.3278867 0.9235046
v -0.01561691 0.325463533 0.9220977
v -0.015888432 0.324790776 0.9193164
v 0.0118175913 0.330624133 0.923044145
v -0.01561691 0.330922455 0.92345196
v -0.0159498844 0.3281028 0.923590243
v 0.0117911184 0.332514435 0.92116785
v 0.0109831113 0.333005637 0.9184948
v -0.01561691 0.3332041 0.918311059
v -0.0158884283 0.3328851 0.921154857
v 0.0109831216 0.3314083 0.9161604
v 0.0109831635 0.328684151 0.915398836
v -0.0159498714 0.331234574 0.91600585
v -0.0158941187 0.3284341 0.9153332
v 0.0118136909 0.326266617 0.9167702
v -0.01561691 0.3258493 0.9164865
v 0.0117508974 0.325128943 0.9191898
v 0.01870353 0.322939724 0.9252394
v 0.0187299512 0.3268932 0.9276325
v 0.0137089742 0.325851142 0.9221462
v 0.0185682215 0.320818037 0.9211635
v 0.0187301021 0.337347239 0.9202547
v 0.0187037382 0.336424917 0.9157424
v 0.0136978757 0.332826674 0.9180812
v 0.01864822 0.333311945 0.9123576
v 0.0186472759 0.3316726 0.9274464
v 0.0187299512 0.3268932 0.9276325
v 0.01887522 0.32864657 0.9246398
v 0.018878866 0.333708882 0.9215957
v 0.018878866 0.333708882 0.9215957
v 0.0185669065 0.33555454 0.924689054
v 0.0186472759 0.3316726 0.9274464
v 0.0187301021 0.337347239 0.9202547
v 0.0188768059 0.32935372 0.9144025
v 0.01864723 0.32417798 0.91268903
v 0.0186965726 0.3287018 0.9111542
v 0.0188750271 0.324310035 0.9174423
v 0.0189030766 0.328256369 0.91829294
v 0.0109830741 0.326883018 1.06307423
v 0.0109830592 0.3296617 1.06360388
v -0.01561691 0.326871723 1.06334436
v -0.0158884358 0.3250934 1.06110263
v 0.0118176071 0.33195284 1.06203663
v -0.01561691 0.3323948 1.06228161
v -0.0159498844 0.329893827 1.063591
v 0.0117910868 0.332880735 1.05954027
v 0.0109830741 0.332204282 1.05690789
v 0.0109831 0.3297744 1.05546
v -0.0158940833 0.3321154 1.05666518
v -0.01561691 0.3296925 1.05520213
v 0.0109831477 0.3269821 1.05591249
v 0.0109831477 0.3269821 1.05591249
v -0.0159498844 0.326768339 1.05600393
v -0.01561691 0.3296925 1.05520213
v 0.0118136434 0.325363845 1.05817211
v 0.0118136434 0.325363845 1.05817211
v -0.01561691 0.324866027 1.05808973
v -0.0159498844 0.326768339 1.05600393
v 0.0117509337 0.325347215 1.06084573
v 0.01870351 0.325900167 1.06725538
v 0.0187299456 0.3304931 1.0677675
v 0.0137090366 0.327243924 1.06322563
v 0.0185682159 0.322263241 1.06444681
v 0.0187301021 0.3368835 1.05668259
v 0.0187037438 0.334151775 1.0529741
v 0.0136978393 0.3318682 1.05660772
v 0.0186482258 0.32990548 1.05120909
v 0.0186472647 0.3347528 1.06559217
v 0.0187299456 0.3304931 1.0677675
v 0.01887523 0.3308279 1.0643152
v 0.0188768469 0.334131777 1.05944
v 0.0188768469 0.334131777 1.05944
v 0.0185669065 0.337118268 1.06145966
v 0.0186472647 0.3347528 1.06559217
v 0.0187301021 0.3368835 1.05668259
v 0.0188768115 0.327171654 1.0547272
v 0.01864723 0.321754783 1.05534482
v 0.0186965726 0.325216085 1.0520525
v 0.0188750271 0.3238703 1.05960357
v 0.0189035032 0.327788025 1.0587014
v 0.01098321 0.252318323 0.915399134
v 0.0109831262 0.249593675 0.916159034
v -0.01561691 0.252208382 0.915151954
v -0.0158884358 0.254797637 0.916370332
v 0.0118175764 0.248237327 0.918581
v -0.01561691 0.247732535 0.9185578
v -0.0159498788 0.249391392 0.916273654
v 0.01179116 0.248515218 0.921229661
v 0.0109830219 0.250290662 0.9232874
v -0.01561691 0.2503095 0.9235571
v -0.0158884265 0.248293132 0.92152673
v 0.010983048 0.253111064 0.9235051
v 0.010983048 0.255411416 0.921859145
v -0.0159498844 0.253340364 0.923466563
v -0.0158941075 0.255619228 0.9217054
v 0.011813717 0.2558573 0.9191159
v -0.01561691 0.256339818 0.91896826
v 0.0117508555 0.2546843 0.916713
v 0.01870353 0.251341462 0.911216438
v 0.01872994 0.246999 0.912798345
v 0.0137089742 0.251927733 0.915423632
v 0.0185682364 0.255847245 0.912116647
v 0.0187301021 0.246198833 0.925568342
v 0.0187037215 0.250293553 0.9276769
v 0.0136978868 0.25072518 0.9234071
v 0.0186482035 0.254882067 0.9273716
v 0.0186472647 0.2441493 0.9166397
v 0.01872994 0.246999 0.912798345
v 0.01887523 0.248232841 0.9160398
v 0.0188768469 0.247438908 0.9218753
v 0.0188768469 0.247438908 0.9218753
v 0.0185668953 0.2438661 0.9213928
v 0.0186472647 0.2441493 0.9166397
v 0.0187301021 0.246198833 0.925568342
v 0.0188768059 0.255768269 0.923005342
v 0.01864723 0.2603467 0.920045137
v 0.0186965726 0.258708447 0.9245324
v 0.0188750271 0.256559372 0.91716975
v 0.0189031288 0.253441036 0.9197168
v 0.0286762565 0.2904104 0.780240536
v 0.02923247 0.293788761 0.78061974
v 0.0292434487 0.290222377 0.779397666
v 0.0286762565 0.2904104 0.780240536
v 0.0289182775 0.295422554 0.783326268
v 0.02923247 0.293788761 0.78061974
v 0.0289182775 0.295422554 0.783326268
v 0.028690828 0.2925236 0.788708866
v 0.0292305928 0.295639157 0.7860567
v 0.028690828 0.2925236 0.788708866
v 0.0292298924 0.2941216 0.7886382
v 0.0292305928 0.295639157 0.7860567
v 0.028690828 0.2925236 0.788708866
v 0.0292434581 0.290777445 0.790146232
v 0.0292298924 0.2941216 0.7886382
v 0.028690828 0.2925236 0.788708866
v 0.0289331321 0.287388116 0.7888325
v 0.0292434581 0.290777445 0.790146232
v 0.0289331321 0.287388116 0.7888325
v 0.028918976 0.285471469 0.7837948
v 0.0292314421 0.285485268 0.786478341
v 0.028918976 0.285471469 0.7837948
v 0.0286762565 0.2904104 0.780240536
v 0.0292299036 0.286878347 0.7809058
v 0.0286762565 0.2904104 0.780240536
v 0.0292434487 0.290222377 0.779397666
v 0.0292299036 0.286878347 0.7809058
v 0.0334679931 0.293347985 0.780207932
v 0.033393003 0.288999051 0.779606044
v 0.0292434487 0.290222377 0.779397666
v 0.033393003 0.288999051 0.779606044
v 0.0292299036 0.286878347 0.7809058
v 0.0292434487 0.290222377 0.779397666
v 0.033393003 0.288999051 0.779606044
v 0.03400189 0.286426842 0.78180027
v 0.0292299036 0.286878347 0.7809058
v 0.03400189 0.286426842 0.78180027
v 0.028918976 0.285471469 0.7837948
v 0.0292299036 0.286878347 0.7809058
v 0.03400189 0.286426842 0.78180027
v 0.0340135768 0.285470337 0.7845105
v 0.028918976 0.285471469 0.7837948
v 0.0340135768 0.285470337 0.7845105
v 0.0292314421 0.285485268 0.786478341
v 0.028918976 0.285471469 0.7837948
v 0.0340135768 0.285470337 0.7845105
v 0.0334417522 0.286046416 0.7876392
v 0.0292314421 0.285485268 0.786478341
v 0.0334417522 0.286046416 0.7876392
v 0.0289331321 0.287388116 0.7888325
v 0.0292314421 0.285485268 0.786478341
v 0.0334417522 0.286046416 0.7876392
v 0.0334431119 0.288314164 0.7895969
v 0.0289331321 0.287388116 0.7888325
v 0.0334431119 0.288314164 0.7895969
v 0.0292434581 0.290777445 0.790146232
v 0.0289331321 0.287388116 0.7888325
v 0.0334431119 0.288314164 0.7895969
v 0.0339537524 0.291351736 0.789776146
v 0.0292434581 0.290777445 0.790146232
v 0.0339537524 0.291351736 0.789776146
v 0.03344418 0.293999344 0.7887493
v 0.0292434581 0.290777445 0.790146232
v 0.03344418 0.293999344 0.7887493
v 0.0292298924 0.2941216 0.7886382
v 0.0292434581 0.290777445 0.790146232
v 0.03344369 0.295597881 0.7862142
v 0.0334425643 0.295565039 0.783216834
v 0.0292305928 0.295639157 0.7860567
v 0.0334425643 0.295565039 0.783216834
v 0.0289182775 0.295422554 0.783326268
v 0.0292305928 0.295639157 0.7860567
v 0.0334425643 0.295565039 0.783216834
v 0.0334679931 0.293347985 0.780207932
v 0.0289182775 0.295422554 0.783326268
v 0.0334679931 0.293347985 0.780207932
v 0.02923247 0.293788761 0.78061974
v 0.0289182775 0.295422554 0.783326268
v 0.0334679931 0.293347985 0.780207932
v 0.0292434487 0.290222377 0.779397666
v 0.02923247 0.293788761 0.78061974
v 0.0289331321 0.287388116 0.7888325
v 0.028690828 0.2925236 0.788708866
v 0.0286762565 0.2904104 0.780240536
v 0.0286762565 0.2904104 0.780240536
v 0.028918976 0.285471469 0.7837948
v 0.0289331321 0.287388116 0.7888325
v 0.028690828 0.2925236 0.788708866
v 0.0289182775 0.295422554 0.783326268
v 0.0286762565 0.2904104 0.780240536
v 0.0367160551 0.293106169 0.784531951
v 0.04267489 0.296062171 0.7837744
v 0.0426684581 0.296121836 0.785536349
v 0.0426709168 0.289512724 0.7791766
v 0.0426712744 0.29127726 0.779189467
v 0.0367160663 0.290260047 0.7821658
v 0.042670913 0.284904629 0.7857592
v 0.0426730663 0.284915656 0.7839947
v 0.03671605 0.287893862 0.7850119
v 0.03671603 0.290739924 0.7873781
v 0.042673178 0.291497558 0.790332139
v 0.04266844 0.289735556 0.7903938
v 0.03587347 0.289616674 0.7842069
v 0.04270326 0.289360672 0.7836844
v 0.0367160663 0.290260047 0.7821658
v 0.042703785 0.28939566 0.785921156
v 0.03671603 0.290739924 0.7873781
v 0.04266844 0.289735556 0.7903938
v 0.042703785 0.28939566 0.785921156
v 0.03586413 0.289944947 0.785640061
v 0.03671603 0.290739924 0.7873781
v 0.04270326 0.289360672 0.7836844
v 0.03671605 0.287893862 0.7850119
v 0.0426730663 0.284915656 0.7839947
v 0.04270326 0.289360672 0.7836844
v 0.03587347 0.289616674 0.7842069
v 0.03671605 0.287893862 0.7850119
v 0.04267489 0.296062171 0.7837744
v 0.0367160551 0.293106169 0.784531951
v 0.042703785 0.29160434 0.783622742
v 0.042703785 0.29160434 0.783622742
v 0.0367160663 0.290260047 0.7821658
v 0.0426712744 0.29127726 0.779189467
v 0.042703785 0.29160434 0.783622742
v 0.03586414 0.291055083 0.783903956
v 0.0367160663 0.290260047 0.7821658
v 0.03586414 0.291055083 0.783903956
v 0.042703785 0.29160434 0.783622742
v 0.0367160551 0.293106169 0.784531951
v 0.042673178 0.291497558 0.790332139
v 0.03671603 0.290739924 0.7873781
v 0.04270327 0.291635543 0.785865366
v 0.04270327 0.291635543 0.785865366
v 0.0367160551 0.293106169 0.784531951
v 0.0426684581 0.296121836 0.785536349
v 0.04270327 0.291635543 0.785865366
v 0.0358602554 0.291345716 0.785350144
v 0.0367160551 0.293106169 0.784531951
v 0.0358602554 0.291345716 0.785350144
v 0.04270327 0.291635543 0.785865366
v 0.03671603 0.290739924 0.7873781
v 0.03586413 0.289944947 0.785640061
v 0.042703785 0.28939566 0.785921156
v 0.03671605 0.287893862 0.7850119
v 0.042670913 0.284904629 0.7857592
v 0.03671605 0.287893862 0.7850119
v 0.042703785 0.28939566 0.785921156
v 0.0426709168 0.289512724 0.7791766
v 0.0367160663 0.290260047 0.7821658
v 0.04270326 0.289360672 0.7836844
v 0.0418376364 0.290516943 0.7750154
v 0.0418213 0.2856353 0.7764122
v 0.0370607749 0.291175544 0.7796731
v 0.0418213 0.2856353 0.7764122
v 0.03683846 0.28807202 0.780482054
v 0.0370607749 0.291175544 0.7796731
v 0.0418213 0.2856353 0.7764122
v 0.03690798 0.286538363 0.7818958
v 0.03683846 0.28807202 0.780482054
v 0.0418213 0.2856353 0.7764122
v 0.04184513 0.282051861 0.7798904
v 0.03690798 0.286538363 0.7818958
v 0.04184513 0.282051861 0.7798904
v 0.03686092 0.285640329 0.783872962
v 0.03690798 0.286538363 0.7818958
v 0.04184513 0.282051861 0.7798904
v 0.0418201461 0.280827373 0.7848421
v 0.03686092 0.285640329 0.783872962
v 0.0418201461 0.280827373 0.7848421
v 0.0369433053 0.285875618 0.7865477
v 0.03686092 0.285640329 0.783872962
v 0.0418201461 0.280827373 0.7848421
v 0.0424129367 0.281648785 0.78891784
v 0.0369433053 0.285875618 0.7865477
v 0.0424129367 0.281648785 0.78891784
v 0.042450808 0.284057558 0.792160869
v 0.0369433053 0.285875618 0.7865477
v 0.042450808 0.284057558 0.792160869
v 0.0370803 0.286909342 0.788312733
v 0.0369433053 0.285875618 0.7865477
v 0.042450808 0.284057558 0.792160869
v 0.03691476 0.288729936 0.789374948
v 0.0370803 0.286909342 0.788312733
v 0.042450808 0.284057558 0.792160869
v 0.04241176 0.287646353 0.79412055
v 0.03691476 0.288729936 0.789374948
v 0.04241176 0.287646353 0.79412055
v 0.041821 0.291551054 0.794387
v 0.03691476 0.288729936 0.789374948
v 0.041821 0.291551054 0.794387
v 0.0368480422 0.290916353 0.78969115
v 0.03691476 0.288729936 0.789374948
v 0.041821 0.291551054 0.794387
v 0.0369727 0.2937149 0.7886527
v 0.0368480422 0.290916353 0.78969115
v 0.041821 0.291551054 0.794387
v 0.04184486 0.2962356 0.7926653
v 0.0369727 0.2937149 0.7886527
v 0.04184486 0.2962356 0.7926653
v 0.04182005 0.2993681 0.7886352
v 0.0369727 0.2937149 0.7886527
v 0.04182005 0.2993681 0.7886352
v 0.03711254 0.295386255 0.7861245
v 0.0369727 0.2937149 0.7886527
v 0.04182005 0.2993681 0.7886352
v 0.0418434739 0.300201684 0.7837304
v 0.03711254 0.295386255 0.7861245
v 0.0418434739 0.300201684 0.7837304
v 0.0368785821 0.29529357 0.7835609
v 0.03711254 0.295386255 0.7861245
v 0.0418434739 0.300201684 0.7837304
v 0.0418203734 0.298257053 0.778991461
v 0.0368785821 0.29529357 0.7835609
v 0.0418203734 0.298257053 0.778991461
v 0.03692879 0.29399398 0.781276464
v 0.0368785821 0.29529357 0.7835609
v 0.0418203734 0.298257053 0.778991461
v 0.04184122 0.295291275 0.7763694
v 0.03692879 0.29399398 0.781276464
v 0.04184122 0.295291275 0.7763694
v 0.0370607749 0.291175544 0.7796731
v 0.03692879 0.29399398 0.781276464
v 0.04184122 0.295291275 0.7763694
v 0.0418376364 0.290516943 0.7750154
v 0.0370607749 0.291175544 0.7796731
v 0.03586414 0.291055083 0.783903956
v 0.03535 0.2905 0.784772
v 0.0367160663 0.290260047 0.7821658
v 0.0367160663 0.290260047 0.7821658
v 0.03535 0.2905 0.784772
v 0.03587347 0.289616674 0.7842069
v 0.03535 0.2905 0.784772
v 0.03671605 0.287893862 0.7850119
v 0.03587347 0.289616674 0.7842069
v 0.03671605 0.287893862 0.7850119
v 0.03535 0.2905 0.784772
v 0.03586413 0.289944947 0.785640061
v 0.03535 0.2905 0.784772
v 0.03671603 0.290739924 0.7873781
v 0.03586413 0.289944947 0.785640061
v 0.03671603 0.290739924 0.7873781
v 0.03535 0.2905 0.784772
v 0.0358602554 0.291345716 0.785350144
v 0.03535 0.2905 0.784772
v 0.0367160551 0.293106169 0.784531951
v 0.0358602554 0.291345716 0.785350144
v 0.0367160551 0.293106169 0.784531951
v 0.03535 0.2905 0.784772
v 0.03586414 0.291055083 0.783903956
v 0.042450808 0.284057558 0.792160869
v 0.04266844 0.289735556 0.7903938
v 0.04241176 0.287646353 0.79412055
v 0.042703785 0.28939566 0.785921156
v 0.04266844 0.289735556 0.7903938
v 0.042670913 0.284904629 0.7857592
v 0.042673178 0.291497558 0.790332139
v 0.0427000038 0.294016749 0.794002533
v 0.0424129367 0.281648785 0.78891784
v 0.0427000038 0.280747652 0.783202469
v 0.042450808 0.284057558 0.792160869
v 0.04266844 0.289735556 0.7903938
v 0.0427000038 0.294016749 0.794002533
v 0.04241176 0.287646353 0.79412055
v 0.042673178 0.291497558 0.790332139
v 0.04270327 0.291635543 0.785865366
v 0.0427000038 0.294016749 0.794002533
v 0.0426684581 0.296121836 0.785536349
v 0.04267489 0.296062171 0.7837744
v 0.0427000038 0.299712867 0.7883348
v 0.04270327 0.291635543 0.785865366
v 0.0427000038 0.294016749 0.794002533
v 0.0427000038 0.299712867 0.7883348
v 0.04267489 0.296062171 0.7837744
v 0.0427000038 0.299876451 0.7823982
v 0.0427000038 0.296735436 0.777111
v 0.042703785 0.29160434 0.783622742
v 0.0427000038 0.296735436 0.777111
v 0.0427000038 0.290047884 0.7750247
v 0.0418213 0.2856353 0.7764122
v 0.0418376364 0.290516943 0.7750154
v 0.0427000038 0.290047884 0.7750247
v 0.0418376364 0.290516943 0.7750154
v 0.0427000038 0.296735436 0.777111
v 0.0418376364 0.290516943 0.7750154
v 0.04184122 0.295291275 0.7763694
v 0.0427000038 0.296735436 0.777111
v 0.04184122 0.295291275 0.7763694
v 0.0418203734 0.298257053 0.778991461
v 0.0427000038 0.296735436 0.777111
v 0.0418203734 0.298257053 0.778991461
v 0.0427000038 0.299876451 0.7823982
v 0.0427000038 0.296735436 0.777111
v 0.0418203734 0.298257053 0.778991461
v 0.0418434739 0.300201684 0.7837304
v 0.0427000038 0.299876451 0.7823982
v 0.0418434739 0.300201684 0.7837304
v 0.0427000038 0.299712867 0.7883348
v 0.0427000038 0.299876451 0.7823982
v 0.0418434739 0.300201684 0.7837304
v 0.04182005 0.2993681 0.7886352
v 0.0427000038 0.299712867 0.7883348
v 0.04182005 0.2993681 0.7886352
v 0.04184486 0.2962356 0.7926653
v 0.0427000038 0.299712867 0.7883348
v 0.04184486 0.2962356 0.7926653
v 0.0427000038 0.294016749 0.794002533
v 0.0427000038 0.299712867 0.7883348
v 0.04184486 0.2962356 0.7926653
v 0.041821 0.291551054 0.794387
v 0.0427000038 0.294016749 0.794002533
v 0.041821 0.291551054 0.794387
v 0.04241176 0.287646353 0.79412055
v 0.0427000038 0.294016749 0.794002533
v 0.0424129367 0.281648785 0.78891784
v 0.0418201461 0.280827373 0.7848421
v 0.0427000038 0.280747652 0.783202469
v 0.0418201461 0.280827373 0.7848421
v 0.04184513 0.282051861 0.7798904
v 0.0427000038 0.280747652 0.783202469
v 0.04184513 0.282051861 0.7798904
v 0.0427000038 0.284405053 0.777152061
v 0.0427000038 0.280747652 0.783202469
v 0.04184513 0.282051861 0.7798904
v 0.0418213 0.2856353 0.7764122
v 0.0427000038 0.284405053 0.777152061
v 0.0418213 0.2856353 0.7764122
v 0.0427000038 0.290047884 0.7750247
v 0.0427000038 0.284405053 0.777152061
v 0.03683846 0.28807202 0.780482054
v 0.0347343571 0.2897263 0.780139
v 0.0370607749 0.291175544 0.7796731
v 0.0347343571 0.2897263 0.780139
v 0.034865655 0.2929154 0.7807121
v 0.0370607749 0.291175544 0.7796731
v 0.0369433053 0.285875618 0.7865477
v 0.0370803 0.286909342 0.788312733
v 0.03475219 0.286247343 0.7867084
v 0.0370803 0.286909342 0.788312733
v 0.0345756523 0.288463056 0.7891547
v 0.03475219 0.286247343 0.7867084
v 0.0370803 0.286909342 0.788312733
v 0.03691476 0.288729936 0.789374948
v 0.0345756523 0.288463056 0.7891547
v 0.03692879 0.29399398 0.781276464
v 0.0370607749 0.291175544 0.7796731
v 0.034865655 0.2929154 0.7807121
v 0.0369727 0.2937149 0.7886527
v 0.03711254 0.295386255 0.7861245
v 0.03481161 0.294207424 0.7876129
v 0.03481161 0.294207424 0.7876129
v 0.03711254 0.295386255 0.7861245
v 0.0345818736 0.295313358 0.7843765
v 0.0345818736 0.295313358 0.7843765
v 0.03711254 0.295386255 0.7861245
v 0.0368785821 0.29529357 0.7835609
v 0.03683846 0.28807202 0.780482054
v 0.03400189 0.286426842 0.78180027
v 0.0347343571 0.2897263 0.780139
v 0.03683846 0.28807202 0.780482054
v 0.03690798 0.286538363 0.7818958
v 0.03400189 0.286426842 0.78180027
v 0.03690798 0.286538363 0.7818958
v 0.03686092 0.285640329 0.783872962
v 0.03400189 0.286426842 0.78180027
v 0.03686092 0.285640329 0.783872962
v 0.0340135768 0.285470337 0.7845105
v 0.03400189 0.286426842 0.78180027
v 0.03686092 0.285640329 0.783872962
v 0.0369433053 0.285875618 0.7865477
v 0.0340135768 0.285470337 0.7845105
v 0.0369433053 0.285875618 0.7865477
v 0.03475219 0.286247343 0.7867084
v 0.0340135768 0.285470337 0.7845105
v 0.03691476 0.288729936 0.789374948
v 0.0368480422 0.290916353 0.78969115
v 0.0345756523 0.288463056 0.7891547
v 0.0368480422 0.290916353 0.78969115
v 0.0339537524 0.291351736 0.789776146
v 0.0345756523 0.288463056 0.7891547
v 0.0368480422 0.290916353 0.78969115
v 0.0369727 0.2937149 0.7886527
v 0.0339537524 0.291351736 0.789776146
v 0.0369727 0.2937149 0.7886527
v 0.03481161 0.294207424 0.7876129
v 0.0339537524 0.291351736 0.789776146
v 0.0368785821 0.29529357 0.7835609
v 0.03692879 0.29399398 0.781276464
v 0.0345818736 0.295313358 0.7843765
v 0.03692879 0.29399398 0.781276464
v 0.034865655 0.2929154 0.7807121
v 0.0345818736 0.295313358 0.7843765
v 0.034865655 0.2929154 0.7807121
v 0.0347343571 0.2897263 0.780139
v 0.0334679931 0.293347985 0.780207932
v 0.0347343571 0.2897263 0.780139
v 0.033393003 0.288999051 0.779606044
v 0.0334679931 0.293347985 0.780207932
v 0.0334679931 0.293347985 0.780207932
v 0.0334425643 0.295565039 0.783216834
v 0.034865655 0.2929154 0.7807121
v 0.0334425643 0.295565039 0.783216834
v 0.0345818736 0.295313358 0.7843765
v 0.034865655 0.2929154 0.7807121
v 0.0334425643 0.295565039 0.783216834
v 0.03344369 0.295597881 0.7862142
v 0.0345818736 0.295313358 0.7843765
v 0.03344369 0.295597881 0.7862142
v 0.03481161 0.294207424 0.7876129
v 0.0345818736 0.295313358 0.7843765
v 0.03344369 0.295597881 0.7862142
v 0.03344418 0.293999344 0.7887493
v 0.03481161 0.294207424 0.7876129
v 0.03344418 0.293999344 0.7887493
v 0.0339537524 0.291351736 0.789776146
v 0.03481161 0.294207424 0.7876129
v 0.0339537524 0.291351736 0.789776146
v 0.0334431119 0.288314164 0.7895969
v 0.0345756523 0.288463056 0.7891547
v 0.0334431119 0.288314164 0.7895969
v 0.0334417522 0.286046416 0.7876392
v 0.0345756523 0.288463056 0.7891547
v 0.0334417522 0.286046416 0.7876392
v 0.03475219 0.286247343 0.7867084
v 0.0345756523 0.288463056 0.7891547
v 0.0334417522 0.286046416 0.7876392
v 0.0340135768 0.285470337 0.7845105
v 0.03475219 0.286247343 0.7867084
v 0.033393003 0.288999051 0.779606044
v 0.0347343571 0.2897263 0.780139
v 0.03400189 0.286426842 0.78180027
v 0.03344418 0.293999344 0.7887493
v 0.03344369 0.295597881 0.7862142
v 0.0292298924 0.2941216 0.7886382
v 0.0292305928 0.295639157 0.7860567
v 0.0427000038 0.290047884 0.7750247
v 0.0426712744 0.29127726 0.779189467
v 0.0426709168 0.289512724 0.7791766
v 0.0427000038 0.284405053 0.777152061
v 0.04270326 0.289360672 0.7836844
v 0.0426730663 0.284915656 0.7839947
v 0.0427000038 0.280747652 0.783202469
v 0.042670913 0.284904629 0.7857592
v 0.042703785 0.29160434 0.783622742
v 0.0426712744 0.29127726 0.779189467
v 0.0427000038 0.296735436 0.777111
v 0.0427000038 0.290047884 0.7750247
v 0.0234500021 0.2878791 0.7489946
v 0.0357 0.287866443 0.749256134
v 0.0234500021 0.286784738 0.74931705
v 0.0357 0.287866443 0.749256134
v 0.0357 0.2868046 0.7493141
v 0.0234500021 0.286784738 0.74931705
v 0.0234500021 0.294195384 0.7493141
v 0.0357 0.294215232 0.74931705
v 0.0234500021 0.293133527 0.749256134
v 0.0357 0.294215232 0.74931705
v 0.0357 0.2931209 0.7489946
v 0.0234500021 0.293133527 0.749256134
v 0.034825 0.292993337 0.8042637
v 0.0351750031 0.292510837 0.80145967
v 0.0357 0.293127865 0.803894162
v 0.034825 0.288539052 0.801244736
v 0.0357 0.2882862 0.801546037
v 0.03548125 0.290955782 0.800561845
v 0.034825 0.288539052 0.801244736
v 0.034825 0.2882862 0.8047479
v 0.0357 0.2882862 0.801546037
v 0.034825 0.2882862 0.8047479
v 0.0357 0.288539022 0.8050492
v 0.0357 0.2882862 0.801546037
v 0.034825 0.2882862 0.8047479
v 0.03548125 0.290955722 0.8057321
v 0.0357 0.288539022 0.8050492
v 0.034825 0.292993337 0.8042637
v 0.0357 0.293127865 0.803894162
v 0.03548125 0.290955722 0.8057321
v 0.0351750031 0.292510837 0.80145967
v 0.034825 0.292993337 0.8042637
v 0.034825 0.288539052 0.801244736
v 0.034825 0.292993337 0.8042637
v 0.034825 0.2882862 0.8047479
v 0.034825 0.288539052 0.801244736
v 0.034825 0.292993337 0.8042637
v 0.03548125 0.290955722 0.8057321
v 0.034825 0.2882862 0.8047479
v 0.03548125 0.290955782 0.800561845
v 0.0351750031 0.292510837 0.80145967
v 0.034825 0.288539052 0.801244736
v 0.034825 0.308906555 0.7767013
v 0.0352625027 0.3084241 0.773897231
v 0.0357 0.309041083 0.7763316
v 0.034825 0.30445224 0.7736822
v 0.0357 0.3041994 0.7739835
v 0.03548125 0.30686903 0.772999346
v 0.034825 0.30445224 0.7736822
v 0.034825 0.3041994 0.77718544
v 0.0357 0.3041994 0.7739835
v 0.034825 0.3041994 0.77718544
v 0.0357 0.3044522 0.777486742
v 0.0357 0.3041994 0.7739835
v 0.034825 0.3041994 0.77718544
v 0.03548125 0.30686897 0.7781696
v 0.0357 0.3044522 0.777486742
v 0.034825 0.308906555 0.7767013
v 0.0357 0.309041083 0.7763316
v 0.03548125 0.30686897 0.7781696
v 0.0352625027 0.3084241 0.773897231
v 0.034825 0.308906555 0.7767013
v 0.034825 0.30445224 0.7736822
v 0.034825 0.308906555 0.7767013
v 0.034825 0.3041994 0.77718544
v 0.034825 0.30445224 0.7736822
v 0.034825 0.308906555 0.7767013
v 0.03548125 0.30686897 0.7781696
v 0.034825 0.3041994 0.77718544
v 0.03548125 0.30686903 0.772999346
v 0.0352625027 0.3084241 0.773897231
v 0.034825 0.30445224 0.7736822
v 0.034825 0.277080148 0.7767013
v 0.034825 0.276597649 0.7738971
v 0.0357 0.277214646 0.7763316
v 0.034825 0.276597649 0.7738971
v 0.0355906226 0.275630683 0.7731124
v 0.0357 0.277214646 0.7763316
v 0.034825 0.273274273 0.773311138
v 0.0357 0.272372931 0.7739836
v 0.0355906226 0.275630683 0.7731124
v 0.034825 0.273274273 0.773311138
v 0.034825 0.271861851 0.7753877
v 0.0357 0.272372931 0.7739836
v 0.034825 0.271861851 0.7753877
v 0.0357 0.272625774 0.777486742
v 0.0357 0.272372931 0.7739836
v 0.034825 0.271861851 0.7753877
v 0.034825 0.273274273 0.7778577
v 0.0357 0.272625774 0.777486742
v 0.034825 0.273274273 0.7778577
v 0.03540833 0.275042534 0.7781696
v 0.0357 0.272625774 0.777486742
v 0.034825 0.277080148 0.7767013
v 0.0357 0.277214646 0.7763316
v 0.03540833 0.275042534 0.7781696
v 0.034825 0.277080148 0.7767013
v 0.03540833 0.275042534 0.7781696
v 0.034825 0.273274273 0.7778577
v 0.0355906226 0.275630683 0.7731124
v 0.034825 0.276597649 0.7738971
v 0.034825 0.273274273 0.773311138
v 0.0234500021 0.289957553 0.820375264
v 0.0357 0.289940357 0.8203736
v 0.0234500021 0.291059643 0.8203736
v 0.0357 0.291042447 0.820375264
v 0.034825 0.277080148 0.7767013
v 0.034825 0.273274273 0.7778577
v 0.034825 0.271861851 0.7753877
v 0.034825 0.276597649 0.7738971
v 0.034825 0.273274273 0.773311138
v 0.0234500021 0.2878791 0.7489946
v 0.0357 0.2931209 0.7489946
v 0.0357 0.287866443 0.749256134
v 0.0234500021 0.2878791 0.7489946
v 0.0234500021 0.293133527 0.749256134
v 0.0357 0.2931209 0.7489946
v 0.0357 0.2931209 0.7489946
v 0.0355303548 0.292251021 0.753406167
v 0.0354992077 0.2896799 0.7530834
v 0.0354540572 0.2875174 0.754488647
v 0.0357 0.2868046 0.7493141
v 0.0354540572 0.2875174 0.754488647
v 0.0357 0.2739126 0.752962
v 0.0357 0.2868046 0.7493141
v 0.0357 0.287866443 0.749256134
v 0.0354992077 0.2896799 0.7530834
v 0.0357 0.2931209 0.7489946
v 0.0355303548 0.292251021 0.753406167
v 0.0357 0.294215232 0.74931705
v 0.0357 0.2739126 0.752962
v 0.0357 0.271217585 0.7620431
v 0.0357 0.268192 0.7631586
v 0.0357 0.254659683 0.786349654
v 0.0357 0.2566081 0.7730096
v 0.0354854874 0.25930357 0.782794833
v 0.0357 0.2566081 0.7730096
v 0.0354209766 0.261319727 0.78124
v 0.0354854874 0.25930357 0.782794833
v 0.0357 0.2566081 0.7730096
v 0.03552577 0.2639082 0.781263947
v 0.0354209766 0.261319727 0.78124
v 0.0357 0.254659683 0.786349654
v 0.0354854874 0.25930357 0.782794833
v 0.0354209878 0.258816719 0.785321057
v 0.0354854874 0.262386024 0.78852874
v 0.0355533138 0.264838278 0.787760854
v 0.0357 0.269435257 0.801745236
v 0.0357 0.279173762 0.793000937
v 0.0357 0.272613317 0.802292
v 0.0355240032 0.288216174 0.815856338
v 0.0354831964 0.290747076 0.816579342
v 0.0357 0.289940357 0.8203736
v 0.0354831964 0.290747076 0.816579342
v 0.0357 0.291042447 0.820375264
v 0.0357 0.289940357 0.8203736
v 0.0357 0.276771963 0.8179164
v 0.0355240032 0.288216174 0.815856338
v 0.0354831927 0.286793381 0.8136764
v 0.0357 0.273781031 0.8048877
v 0.0357 0.273781031 0.8048877
v 0.0357 0.2709239 0.807659268
v 0.0357 0.2655076 0.810509
v 0.0357 0.267698377 0.80532676
v 0.0357 0.257772744 0.799466968
v 0.0357 0.269435257 0.801745236
v 0.0354854874 0.262386024 0.78852874
v 0.03548548 0.259997845 0.787576437
v 0.03555188 0.287056834 0.8110422
v 0.0354831927 0.286793381 0.8136764
v 0.0357 0.288539022 0.8050492
v 0.0357 0.2882862 0.801546037
v 0.0357 0.286173761 0.798086762
v 0.0357 0.279173762 0.793000937
v 0.0357 0.272613317 0.802292
v 0.0355533138 0.264838278 0.787760854
v 0.0357 0.269435257 0.801745236
v 0.0357 0.2765 0.784772
v 0.0354209878 0.2661489 0.7855158
v 0.03552577 0.265833676 0.78298986
v 0.0357 0.272625774 0.777486742
v 0.03552577 0.2639082 0.781263947
v 0.03552577 0.2639082 0.781263947
v 0.0357 0.272372931 0.7739836
v 0.0357 0.2566081 0.7730096
v 0.0357 0.270384252 0.768053055
v 0.0357 0.272372931 0.7739836
v 0.0355906226 0.275630683 0.7731124
v 0.0357 0.272979975 0.7668853
v 0.0357 0.263342768 0.7613305
v 0.0357 0.267905444 0.7659905
v 0.0357 0.268192 0.7631586
v 0.0357 0.267905444 0.7659905
v 0.0357 0.2739126 0.752962
v 0.0354540572 0.2875174 0.754488647
v 0.0354992077 0.286725074 0.7569391
v 0.0357 0.2735268 0.7637072
v 0.0357 0.271217585 0.7620431
v 0.0354992077 0.286725074 0.7569391
v 0.0354540534 0.287733465 0.759312749
v 0.0357 0.286173761 0.771457136
v 0.0355906226 0.275630683 0.7731124
v 0.0357 0.2735268 0.7637072
v 0.0357 0.286173761 0.771457136
v 0.0357 0.279173762 0.776542962
v 0.0354540534 0.287733465 0.759312749
v 0.0354540534 0.2900139 0.7604966
v 0.0357 0.294826239 0.771457136
v 0.0354540534 0.2900139 0.7604966
v 0.0357 0.3041994 0.7739835
v 0.0357 0.301826239 0.776542962
v 0.0357 0.30773592 0.7667101
v 0.03548125 0.30686903 0.772999346
v 0.0357 0.311564684 0.7677988
v 0.0357 0.3044522 0.777486742
v 0.0357 0.301826239 0.776542962
v 0.0357 0.304499984 0.784772
v 0.0355316624 0.314869881 0.783384562
v 0.03542995 0.314893842 0.786063135
v 0.0354992077 0.292532176 0.7599576
v 0.0357 0.30773592 0.7667101
v 0.0357 0.308143079 0.7627505
v 0.035454046 0.294083625 0.757897437
v 0.0357 0.308143079 0.7627505
v 0.0357 0.307087362 0.752962
v 0.0357 0.3113165 0.7621774
v 0.035454046 0.294083625 0.757897437
v 0.0357 0.307087362 0.752962
v 0.0354540534 0.293968678 0.7553306
v 0.0357 0.307087362 0.752962
v 0.0357 0.294215232 0.74931705
v 0.0357 0.3176572 0.7613305
v 0.0357 0.3113165 0.7621774
v 0.0357 0.313301653 0.764217138
v 0.0357 0.3243919 0.7730096
v 0.0357 0.311564684 0.7677988
v 0.0357 0.313301653 0.764217138
v 0.0357 0.309041083 0.7763316
v 0.0355316624 0.3166109 0.7813758
v 0.0355316624 0.314869881 0.783384562
v 0.0357 0.293127865 0.803894162
v 0.0351750031 0.292510837 0.80145967
v 0.0357 0.294826239 0.798086762
v 0.0351750031 0.292510837 0.80145967
v 0.03548125 0.290955782 0.800561845
v 0.0357 0.294826239 0.798086762
v 0.03548125 0.290955782 0.800561845
v 0.0357 0.286173761 0.798086762
v 0.0357 0.294826239 0.798086762
v 0.03548125 0.290955782 0.800561845
v 0.0357 0.2882862 0.801546037
v 0.0357 0.286173761 0.798086762
v 0.0357 0.323227227 0.799466968
v 0.0354925841 0.3191257 0.7885856
v 0.0354926 0.321430773 0.7872911
v 0.0357 0.3106158 0.8014909
v 0.0355583355 0.316486567 0.788113058
v 0.0354925841 0.3191257 0.7885856
v 0.0357 0.3243919 0.7730096
v 0.0357 0.3263403 0.786349654
v 0.03549261 0.321489841 0.7823231
v 0.0357 0.3263403 0.786349654
v 0.03542996 0.3223303 0.784792066
v 0.03549261 0.321489841 0.7823231
v 0.0357 0.309041083 0.7763316
v 0.0352625027 0.3084241 0.773897231
v 0.0357 0.311564684 0.7677988
v 0.0352625027 0.3084241 0.773897231
v 0.03548125 0.30686903 0.772999346
v 0.0357 0.311564684 0.7677988
v 0.03548125 0.30686903 0.772999346
v 0.0357 0.3041994 0.7739835
v 0.0357 0.30773592 0.7667101
v 0.0357 0.294826239 0.771457136
v 0.0354540534 0.2900139 0.7604966
v 0.0354992077 0.292532176 0.7599576
v 0.0354540534 0.293968678 0.7553306
v 0.0355303548 0.292251021 0.753406167
v 0.0357 0.294215232 0.74931705
v 0.0357 0.304499984 0.784772
v 0.03542995 0.314893842 0.786063135
v 0.0355583355 0.316486567 0.788113058
v 0.0355533138 0.264838278 0.787760854
v 0.0354209878 0.2661489 0.7855158
v 0.0357 0.2765 0.784772
v 0.0357 0.2765 0.784772
v 0.03540833 0.275042534 0.7781696
v 0.0357 0.277214646 0.7763316
v 0.0357 0.2765 0.784772
v 0.0357 0.272625774 0.777486742
v 0.03540833 0.275042534 0.7781696
v 0.0357 0.3044522 0.777486742
v 0.03548125 0.30686897 0.7781696
v 0.0357 0.304499984 0.784772
v 0.03548125 0.30686897 0.7781696
v 0.0355316624 0.314869881 0.783384562
v 0.0357 0.304499984 0.784772
v 0.03548125 0.30686897 0.7781696
v 0.0357 0.309041083 0.7763316
v 0.0355316624 0.314869881 0.783384562
v 0.0355906226 0.275630683 0.7731124
v 0.0357 0.272979975 0.7668853
v 0.0357 0.2735268 0.7637072
v 0.0357 0.272372931 0.7739836
v 0.0357 0.270384252 0.768053055
v 0.0357 0.267905444 0.7659905
v 0.0357 0.270384252 0.768053055
v 0.0357 0.2566081 0.7730096
v 0.0355316624 0.3166109 0.7813758
v 0.0357 0.3243919 0.7730096
v 0.03542995 0.319184929 0.781003356
v 0.0357 0.3243919 0.7730096
v 0.03549261 0.321489841 0.7823231
v 0.03542995 0.319184929 0.781003356
v 0.0357 0.288539022 0.8050492
v 0.0354832076 0.288965583 0.809278667
v 0.03555188 0.287056834 0.8110422
v 0.0357 0.288539022 0.8050492
v 0.03548125 0.290955722 0.8057321
v 0.0354832076 0.288965583 0.809278667
v 0.03548125 0.290955722 0.8057321
v 0.03548321 0.29157 0.8091096
v 0.0354832076 0.288965583 0.809278667
v 0.03548125 0.290955722 0.8057321
v 0.0357 0.293127865 0.803894162
v 0.03548321 0.29157 0.8091096
v 0.0357 0.293127865 0.803894162
v 0.0355518833 0.293719679 0.810655
v 0.03548321 0.29157 0.8091096
v 0.0234500021 0.291389138 0.753239453
v 0.0234500021 0.294133216 0.7570342
v 0.0234500021 0.294195384 0.7493141
v 0.0234500021 0.307087362 0.752962
v 0.0234500021 0.307296365 0.764217138
v 0.0234500021 0.3105219 0.761884749
v 0.0234500021 0.292249978 0.759803
v 0.0234500021 0.309033245 0.7677988
v 0.0234500021 0.294133216 0.7570342
v 0.0234500021 0.307296365 0.764217138
v 0.0234500021 0.307087362 0.752962
v 0.0234500021 0.294195384 0.7493141
v 0.0234500021 0.291389138 0.753239453
v 0.0234500021 0.293133527 0.749256134
v 0.0234500021 0.2878791 0.7489946
v 0.0234500021 0.3176572 0.7613305
v 0.0234500021 0.3105219 0.761884749
v 0.0234500021 0.313379049 0.7646562
v 0.0234500021 0.3243919 0.7730096
v 0.0234500021 0.312211275 0.767251968
v 0.0234500021 0.3243919 0.7730096
v 0.0234500021 0.319989115 0.7814475
v 0.0234500021 0.3263403 0.786349654
v 0.0234500021 0.315484643 0.7827282
v 0.0234500021 0.319989115 0.7814475
v 0.0234500021 0.3220325 0.7856611
v 0.0234500021 0.3263403 0.786349654
v 0.0234500021 0.318237722 0.7884051
v 0.0234500021 0.323227227 0.799466968
v 0.0234500021 0.315492362 0.810509
v 0.0234500021 0.313094556 0.8055884
v 0.0234500021 0.304228038 0.8179164
v 0.0234500021 0.310615778 0.807651043
v 0.0234500021 0.323227227 0.799466968
v 0.0234500021 0.312808 0.8027566
v 0.0234500021 0.318237722 0.7884051
v 0.0234500021 0.309782356 0.8016411
v 0.0234500021 0.312808 0.8027566
v 0.0234500021 0.312211275 0.767251968
v 0.0234500021 0.2655154 0.786815643
v 0.0234500021 0.288456231 0.7597873
v 0.0234500021 0.292249978 0.759803
v 0.0234500021 0.2735268 0.76623863
v 0.0234500021 0.272438228 0.762409866
v 0.0234500021 0.287175536 0.755282938
v 0.0234500021 0.2719668 0.801745236
v 0.0234500021 0.268788725 0.802292
v 0.0234500021 0.290127367 0.8091484
v 0.0234500021 0.290127367 0.8091484
v 0.0234500021 0.273703635 0.80532676
v 0.0234500021 0.286866784 0.8125097
v 0.0234500021 0.286866784 0.8125097
v 0.0234500021 0.276771963 0.8179164
v 0.0234500021 0.289610773 0.816304445
v 0.0234500021 0.2704781 0.807659268
v 0.0234500021 0.289957553 0.820375264
v 0.0234500021 0.291059643 0.8203736
v 0.0234500021 0.2655076 0.810509
v 0.0234500021 0.267620951 0.8048877
v 0.0234500021 0.257772744 0.799466968
v 0.0234500021 0.268788725 0.802292
v 0.0234500021 0.2625 0.788271964
v 0.0234500021 0.268788725 0.802292
v 0.0234500021 0.2655154 0.786815643
v 0.0234500021 0.259222358 0.786361456
v 0.0234500021 0.257772744 0.799466968
v 0.0234500021 0.293824464 0.814261
v 0.0234500021 0.308019966 0.8064832
v 0.0234500021 0.293181151 0.8105222
v 0.0234500021 0.307473183 0.8033053
v 0.0234500021 0.259222358 0.786361456
v 0.0234500021 0.254659683 0.786349654
v 0.0234500021 0.259468883 0.7830219
v 0.0234500021 0.2566081 0.7730096
v 0.0234500021 0.262762249 0.7811386
v 0.0234500021 0.262762249 0.7811386
v 0.0234500021 0.269945234 0.767975569
v 0.0234500021 0.267905444 0.7659905
v 0.0234500021 0.263342768 0.7613305
v 0.0234500021 0.315492362 0.810509
v 0.0234500021 0.313094556 0.8055884
v 0.0234500021 0.310615778 0.807651043
v 0.0234500021 0.293824464 0.814261
v 0.0234500021 0.289610773 0.816304445
v 0.0234500021 0.291059643 0.8203736
v 0.0234500021 0.269945234 0.767975569
v 0.0234500021 0.267905444 0.7659905
v 0.0234500021 0.2566081 0.7730096
v 0.0234500021 0.310615778 0.807651043
v 0.0234500021 0.308019966 0.8064832
v 0.0234500021 0.304228038 0.8179164
v 0.0234500021 0.262762249 0.7811386
v 0.0234500021 0.2655311 0.7830219
v 0.0234500021 0.269945234 0.767975569
v 0.0234500021 0.2655154 0.786815643
v 0.0234500021 0.2735268 0.76623863
v 0.0234500021 0.2655311 0.7830219
v 0.0234500021 0.2735268 0.76623863
v 0.0234500021 0.269945234 0.767975569
v 0.0355518833 0.293719679 0.810655
v 0.0354832076 0.29429248 0.813189745
v 0.0234500021 0.293181151 0.8105222
v 0.0354832076 0.29429248 0.813189745
v 0.0234500021 0.293824464 0.814261
v 0.0234500021 0.293181151 0.8105222
v 0.0354832076 0.29429248 0.813189745
v 0.0355240069 0.293140978 0.815556645
v 0.0234500021 0.293824464 0.814261
v 0.0355240069 0.293140978 0.815556645
v 0.0354831964 0.290747076 0.816579342
v 0.0234500021 0.293824464 0.814261
v 0.0234500021 0.289610773 0.816304445
v 0.0234500021 0.293824464 0.814261
v 0.0354831964 0.290747076 0.816579342
v 0.0355240032 0.288216174 0.815856338
v 0.0355240032 0.288216174 0.815856338
v 0.0354831927 0.286793381 0.8136764
v 0.0234500021 0.289610773 0.816304445
v 0.0234500021 0.286866784 0.8125097
v 0.0234500021 0.289610773 0.816304445
v 0.0354831927 0.286793381 0.8136764
v 0.03555188 0.287056834 0.8110422
v 0.03555188 0.287056834 0.8110422
v 0.0354832076 0.288965583 0.809278667
v 0.0234500021 0.286866784 0.8125097
v 0.0354832076 0.288965583 0.809278667
v 0.0234500021 0.290127367 0.8091484
v 0.0234500021 0.286866784 0.8125097
v 0.0354832076 0.288965583 0.809278667
v 0.03548321 0.29157 0.8091096
v 0.0234500021 0.290127367 0.8091484
v 0.03548321 0.29157 0.8091096
v 0.0355518833 0.293719679 0.810655
v 0.0234500021 0.290127367 0.8091484
v 0.0355518833 0.293719679 0.810655
v 0.0234500021 0.293181151 0.8105222
v 0.0234500021 0.290127367 0.8091484
v 0.0355316624 0.3166109 0.7813758
v 0.03542995 0.319184929 0.781003356
v 0.0234500021 0.315484643 0.7827282
v 0.03542995 0.319184929 0.781003356
v 0.0234500021 0.319989115 0.7814475
v 0.0234500021 0.315484643 0.7827282
v 0.03542995 0.319184929 0.781003356
v 0.03549261 0.321489841 0.7823231
v 0.0234500021 0.319989115 0.7814475
v 0.03549261 0.321489841 0.7823231
v 0.03542996 0.3223303 0.784792066
v 0.0234500021 0.319989115 0.7814475
v 0.03542996 0.3223303 0.784792066
v 0.0234500021 0.3220325 0.7856611
v 0.0234500021 0.319989115 0.7814475
v 0.03542996 0.3223303 0.784792066
v 0.0354926 0.321430773 0.7872911
v 0.0234500021 0.3220325 0.7856611
v 0.0354926 0.321430773 0.7872911
v 0.0354925841 0.3191257 0.7885856
v 0.0234500021 0.3220325 0.7856611
v 0.0354925841 0.3191257 0.7885856
v 0.0234500021 0.318237722 0.7884051
v 0.0234500021 0.3220325 0.7856611
v 0.0354925841 0.3191257 0.7885856
v 0.0355583355 0.316486567 0.788113058
v 0.0234500021 0.318237722 0.7884051
v 0.0355583355 0.316486567 0.788113058
v 0.03542995 0.314893842 0.786063135
v 0.0234500021 0.318237722 0.7884051
v 0.03542995 0.314893842 0.786063135
v 0.0234500021 0.3154689 0.7865219
v 0.0234500021 0.318237722 0.7884051
v 0.0354540534 0.287733465 0.759312749
v 0.0354992077 0.286725074 0.7569391
v 0.0234500021 0.288456231 0.7597873
v 0.0354992077 0.286725074 0.7569391
v 0.0234500021 0.287175536 0.755282938
v 0.0234500021 0.288456231 0.7597873
v 0.0354992077 0.286725074 0.7569391
v 0.0354540572 0.2875174 0.754488647
v 0.0234500021 0.287175536 0.755282938
v 0.0354992077 0.2896799 0.7530834
v 0.0234500021 0.287175536 0.755282938
v 0.0355303548 0.292251021 0.753406167
v 0.0234500021 0.291389138 0.753239453
v 0.0354540534 0.293968678 0.7553306
v 0.0234500021 0.291389138 0.753239453
v 0.0354992077 0.2896799 0.7530834
v 0.0234500021 0.291389138 0.753239453
v 0.0234500021 0.287175536 0.755282938
v 0.0354540534 0.293968678 0.7553306
v 0.0234500021 0.294133216 0.7570342
v 0.0234500021 0.291389138 0.753239453
v 0.0354540534 0.293968678 0.7553306
v 0.035454046 0.294083625 0.757897437
v 0.0234500021 0.294133216 0.7570342
v 0.035454046 0.294083625 0.757897437
v 0.0354992077 0.292532176 0.7599576
v 0.0234500021 0.294133216 0.7570342
v 0.0354540534 0.2900139 0.7604966
v 0.0234500021 0.292249978 0.759803
v 0.0354540534 0.287733465 0.759312749
v 0.0234500021 0.288456231 0.7597873
v 0.0354992077 0.292532176 0.7599576
v 0.0234500021 0.292249978 0.759803
v 0.0234500021 0.294133216 0.7570342
v 0.0354540534 0.2900139 0.7604966
v 0.0234500021 0.288456231 0.7597873
v 0.0234500021 0.292249978 0.759803
v 0.0355533138 0.264838278 0.787760854
v 0.0354854874 0.262386024 0.78852874
v 0.0234500021 0.2655154 0.786815643
v 0.0354854874 0.262386024 0.78852874
v 0.0234500021 0.2625 0.788271964
v 0.0234500021 0.2655154 0.786815643
v 0.0354854874 0.262386024 0.78852874
v 0.03548548 0.259997845 0.787576437
v 0.0234500021 0.2625 0.788271964
v 0.0354209878 0.258816719 0.785321057
v 0.0234500021 0.259222358 0.786361456
v 0.03548548 0.259997845 0.787576437
v 0.0234500021 0.259222358 0.786361456
v 0.0234500021 0.2625 0.788271964
v 0.0354209878 0.258816719 0.785321057
v 0.0354854874 0.25930357 0.782794833
v 0.0234500021 0.259222358 0.786361456
v 0.0354209766 0.261319727 0.78124
v 0.0234500021 0.259468883 0.7830219
v 0.03552577 0.2639082 0.781263947
v 0.0234500021 0.262762249 0.7811386
v 0.0354854874 0.25930357 0.782794833
v 0.0234500021 0.259468883 0.7830219
v 0.0234500021 0.259222358 0.786361456
v 0.0354209766 0.261319727 0.78124
v 0.0234500021 0.262762249 0.7811386
v 0.0234500021 0.259468883 0.7830219
v 0.03552577 0.2639082 0.781263947
v 0.03552577 0.265833676 0.78298986
v 0.0234500021 0.262762249 0.7811386
v 0.03552577 0.265833676 0.78298986
v 0.0234500021 0.2655311 0.7830219
v 0.0234500021 0.262762249 0.7811386
v 0.03552577 0.265833676 0.78298986
v 0.0354209878 0.2661489 0.7855158
v 0.0234500021 0.2655311 0.7830219
v 0.0354209878 0.2661489 0.7855158
v 0.0234500021 0.2655154 0.786815643
v 0.0234500021 0.2655311 0.7830219
v 0.0354209878 0.2661489 0.7855158
v 0.0355533138 0.264838278 0.787760854
v 0.0234500021 0.2655154 0.786815643
v 0.0357 0.2735268 0.7637072
v 0.0234500021 0.2735268 0.76623863
v 0.0234500021 0.272438228 0.762409866
v 0.0357 0.2735268 0.7637072
v 0.0357 0.272979975 0.7668853
v 0.0234500021 0.2735268 0.76623863
v 0.0357 0.270384252 0.768053055
v 0.0357 0.267905444 0.7659905
v 0.0234500021 0.269945234 0.767975569
v 0.0357 0.267905444 0.7659905
v 0.0234500021 0.267905444 0.7659905
v 0.0234500021 0.269945234 0.767975569
v 0.0357 0.267905444 0.7659905
v 0.0357 0.268192 0.7631586
v 0.0234500021 0.267905444 0.7659905
v 0.0357 0.268192 0.7631586
v 0.0234500021 0.268478543 0.7628171
v 0.0234500021 0.267905444 0.7659905
v 0.0357 0.268192 0.7631586
v 0.0357 0.271217585 0.7620431
v 0.0234500021 0.268478543 0.7628171
v 0.0357 0.271217585 0.7620431
v 0.0234500021 0.272438228 0.762409866
v 0.0234500021 0.268478543 0.7628171
v 0.0357 0.271217585 0.7620431
v 0.0357 0.2735268 0.7637072
v 0.0234500021 0.272438228 0.762409866
v 0.0357 0.269435257 0.801745236
v 0.0234500021 0.2719668 0.801745236
v 0.0234500021 0.268788725 0.802292
v 0.0357 0.269435257 0.801745236
v 0.0357 0.272613317 0.802292
v 0.0234500021 0.2719668 0.801745236
v 0.0357 0.273781031 0.8048877
v 0.0357 0.2709239 0.807659268
v 0.0234500021 0.273703635 0.80532676
v 0.0357 0.2709239 0.807659268
v 0.0234500021 0.2704781 0.807659268
v 0.0234500021 0.273703635 0.80532676
v 0.0357 0.2709239 0.807659268
v 0.0357 0.267698377 0.80532676
v 0.0234500021 0.2704781 0.807659268
v 0.0357 0.267698377 0.80532676
v 0.0234500021 0.267620951 0.8048877
v 0.0234500021 0.2704781 0.807659268
v 0.0357 0.30894798 0.8073569
v 0.0357 0.3073207 0.80372417
v 0.0234500021 0.308019966 0.8064832
v 0.0357 0.3073207 0.80372417
v 0.0234500021 0.307473183 0.8033053
v 0.0234500021 0.308019966 0.8064832
v 0.0357 0.3106158 0.8014909
v 0.0234500021 0.312808 0.8027566
v 0.0234500021 0.309782356 0.8016411
v 0.0357 0.3106158 0.8014909
v 0.0357 0.313094556 0.8035534
v 0.0234500021 0.312808 0.8027566
v 0.0357 0.313094556 0.8035534
v 0.0357 0.312808 0.806385338
v 0.0234500021 0.312808 0.8027566
v 0.0357 0.312808 0.806385338
v 0.0234500021 0.313094556 0.8055884
v 0.0234500021 0.312808 0.8027566
v 0.0357 0.312808 0.806385338
v 0.0234500021 0.310615778 0.807651043
v 0.0234500021 0.313094556 0.8055884
v 0.0357 0.312808 0.806385338
v 0.0357 0.30894798 0.8073569
v 0.0234500021 0.310615778 0.807651043
v 0.0357 0.30894798 0.8073569
v 0.0234500021 0.308019966 0.8064832
v 0.0234500021 0.310615778 0.807651043
v 0.0357 0.311564684 0.7677988
v 0.0234500021 0.309033245 0.7677988
v 0.0234500021 0.312211275 0.767251968
v 0.0357 0.311564684 0.7677988
v 0.0357 0.30773592 0.7667101
v 0.0234500021 0.309033245 0.7677988
v 0.0357 0.30773592 0.7667101
v 0.0234500021 0.307296365 0.764217138
v 0.0234500021 0.309033245 0.7677988
v 0.0357 0.30773592 0.7667101
v 0.0357 0.308143079 0.7627505
v 0.0234500021 0.307296365 0.764217138
v 0.0357 0.308143079 0.7627505
v 0.0234500021 0.3105219 0.761884749
v 0.0234500021 0.307296365 0.764217138
v 0.0357 0.308143079 0.7627505
v 0.0357 0.3113165 0.7621774
v 0.0234500021 0.3105219 0.761884749
v 0.0357 0.301826239 0.776542962
v 0.0357 0.304499984 0.784772
v 0.04211432 0.303410649 0.7801374
v 0.0357 0.301826239 0.776542962
v 0.0421434119 0.298193038 0.7733837
v 0.0357 0.294826239 0.771457136
v 0.0421434119 0.298193038 0.7733837
v 0.041299995 0.2905 0.770772
v 0.0357 0.286173761 0.771457136
v 0.041299995 0.2905 0.770772
v 0.041299995 0.2905 0.770772
v 0.0421434119 0.282806963 0.7733837
v 0.0357 0.279173762 0.776542962
v 0.0421434119 0.282806963 0.7733837
v 0.0357 0.279173762 0.776542962
v 0.04211432 0.277589351 0.7801374
v 0.0357 0.2765 0.784772
v 0.04211432 0.277589351 0.7801374
v 0.0420846 0.277380735 0.78865695
v 0.0357 0.279173762 0.793000937
v 0.0420846 0.277380735 0.78865695
v 0.0357 0.279173762 0.793000937
v 0.0420502573 0.2822659 0.7956609
v 0.0357 0.286173761 0.798086762
v 0.0420502573 0.2822659 0.7956609
v 0.0357 0.286173761 0.798086762
v 0.0420303 0.2905 0.798416
v 0.0357 0.294826239 0.798086762
v 0.0420303 0.2905 0.798416
v 0.0357 0.294826239 0.798086762
v 0.04205027 0.2987341 0.7956609
v 0.0357 0.301826239 0.793000937
v 0.04205027 0.2987341 0.7956609
v 0.0357 0.301826239 0.793000937
v 0.042084612 0.3036193 0.78865695
v 0.0357 0.304499984 0.784772
v 0.042084612 0.3036193 0.78865695
v 0.04211432 0.303410649 0.7801374
v 0.041299995 0.2905 0.770772
v 0.0421434119 0.298193038 0.7733837
v 0.0421434119 0.282806963 0.7733837
v 0.0420303 0.2905 0.798416
v 0.0423499942 0.2863 0.792046547
v 0.0423499942 0.29195863 0.7930443
v 0.0420303 0.2905 0.798416
v 0.0420502573 0.2822659 0.7956609
v 0.0423499942 0.2863 0.792046547
v 0.0420502573 0.2822659 0.7956609
v 0.0423499942 0.282606542 0.7876449
v 0.0423499942 0.2863 0.792046547
v 0.0421434119 0.298193038 0.7733837
v 0.0423499942 0.296934783 0.7793726
v 0.0423499942 0.29195863 0.776499569
v 0.04211432 0.303410649 0.7801374
v 0.042084612 0.3036193 0.78865695
v 0.0423499942 0.298899978 0.784772
v 0.0234500021 0.294195384 0.7493141
v 0.0234500021 0.307087362 0.752962
v 0.0357 0.294215232 0.74931705
v 0.0357 0.307087362 0.752962
v 0.0357 0.3176572 0.7613305
v 0.0234500021 0.3176572 0.7613305
v 0.0357 0.3243919 0.7730096
v 0.0234500021 0.3243919 0.7730096
v 0.0357 0.3263403 0.786349654
v 0.0234500021 0.3263403 0.786349654
v 0.0357 0.323227227 0.799466968
v 0.0234500021 0.323227227 0.799466968
v 0.0357 0.315492362 0.810509
v 0.0234500021 0.315492362 0.810509
v 0.0357 0.304228038 0.8179164
v 0.0234500021 0.304228038 0.8179164
v 0.0234500021 0.291059643 0.8203736
v 0.0357 0.291042447 0.820375264
v 0.0357 0.2868046 0.7493141
v 0.0357 0.2739126 0.752962
v 0.0234500021 0.286784738 0.74931705
v 0.0234500021 0.2739126 0.752962
v 0.0234500021 0.263342768 0.7613305
v 0.0357 0.263342768 0.7613305
v 0.0234500021 0.2566081 0.7730096
v 0.0357 0.2566081 0.7730096
v 0.0234500021 0.254659683 0.786349654
v 0.0357 0.254659683 0.786349654
v 0.0234500021 0.257772744 0.799466968
v 0.0357 0.257772744 0.799466968
v 0.0234500021 0.2655076 0.810509
v 0.0357 0.2655076 0.810509
v 0.0234500021 0.276771963 0.8179164
v 0.0357 0.276771963 0.8179164
v 0.0357 0.289940357 0.8203736
v 0.0234500021 0.289957553 0.820375264
v 0.0357 0.257772744 0.799466968
v 0.0357 0.254659683 0.786349654
v 0.03548548 0.259997845 0.787576437
v 0.0354209878 0.258816719 0.785321057
v 0.0354831964 0.290747076 0.816579342
v 0.0355240069 0.293140978 0.815556645
v 0.0357 0.291042447 0.820375264
v 0.0357 0.304228038 0.8179164
v 0.0354832076 0.29429248 0.813189745
v 0.0357 0.30894798 0.8073569
v 0.0355518833 0.293719679 0.810655
v 0.0357 0.3073207 0.80372417
v 0.0357 0.315492362 0.810509
v 0.0357 0.30894798 0.8073569
v 0.0357 0.312808 0.806385338
v 0.0357 0.323227227 0.799466968
v 0.0357 0.293127865 0.803894162
v 0.0357 0.3073207 0.80372417
v 0.0357 0.294826239 0.798086762
v 0.0357 0.301826239 0.793000937
v 0.0357 0.3106158 0.8014909
v 0.0357 0.304499984 0.784772
v 0.0355583355 0.316486567 0.788113058
v 0.0357 0.3106158 0.8014909
v 0.0357 0.323227227 0.799466968
v 0.0354925841 0.3191257 0.7885856
v 0.0357 0.313094556 0.8035534
v 0.0357 0.312808 0.806385338
v 0.0357 0.3263403 0.786349654
v 0.0357 0.323227227 0.799466968
v 0.0354926 0.321430773 0.7872911
v 0.03542996 0.3223303 0.784792066
v 0.0357 0.279173762 0.776542962
v 0.0357 0.2765 0.784772
v 0.0357 0.277214646 0.7763316
v 0.0355906226 0.275630683 0.7731124
v 0.03185 0.298899978 0.784772
v 0.0423499942 0.298899978 0.784772
v 0.0423499942 0.296934783 0.7901714
v 0.03185 0.296934783 0.7901714
v 0.0423499942 0.29195863 0.7930443
v 0.03185 0.29195863 0.7930443
v 0.0423499942 0.2863 0.792046547
v 0.03185 0.2863 0.792046547
v 0.0423499942 0.282606542 0.7876449
v 0.03185 0.282606542 0.7876449
v 0.0423499942 0.282606542 0.781899
v 0.03185 0.282606542 0.781899
v 0.0423499942 0.2863 0.777497351
v 0.03185 0.2863 0.777497351
v 0.0423499942 0.29195863 0.776499569
v 0.03185 0.29195863 0.776499569
v 0.0423499942 0.296934783 0.7793726
v 0.03185 0.296934783 0.7793726
v 0.0423499942 0.298899978 0.784772
v 0.03185 0.298899978 0.784772
v 0.03185 0.298899978 0.784772
v 0.03185 0.296934783 0.7901714
v 0.03185 0.296934783 0.7793726
v 0.03185 0.29195863 0.776499569
v 0.03185 0.29195863 0.7930443
v 0.03185 0.2863 0.777497351
v 0.03185 0.2863 0.792046547
v 0.03185 0.282606542 0.781899
v 0.03185 0.282606542 0.7876449
v 0.0234500021 0.2878791 0.7489946
v 0.0234500021 0.287175536 0.755282938
v 0.0234500021 0.291389138 0.753239453
v 0.0234500021 0.286784738 0.74931705
v 0.0234500021 0.267905444 0.7659905
v 0.0234500021 0.268478543 0.7628171
v 0.0234500021 0.263342768 0.7613305
v 0.0234500021 0.2739126 0.752962
v 0.0234500021 0.272438228 0.762409866
v 0.0234500021 0.287175536 0.755282938
v 0.0234500021 0.286784738 0.74931705
v 0.0234500021 0.307473183 0.8033053
v 0.0234500021 0.290127367 0.8091484
v 0.0234500021 0.293181151 0.8105222
v 0.0234500021 0.315484643 0.7827282
v 0.0234500021 0.3154689 0.7865219
v 0.0234500021 0.3154689 0.7865219
v 0.0234500021 0.309782356 0.8016411
v 0.0234500021 0.318237722 0.7884051
v 0.03542995 0.314893842 0.786063135
v 0.0355316624 0.314869881 0.783384562
v 0.0234500021 0.3154689 0.7865219
v 0.0234500021 0.315484643 0.7827282
v 0.0355316624 0.3166109 0.7813758
v 0.0357 0.272979975 0.7668853
v 0.0357 0.270384252 0.768053055
v 0.0234500021 0.2735268 0.76623863
v 0.0234500021 0.269945234 0.767975569
v 0.0357 0.272613317 0.802292
v 0.0357 0.273781031 0.8048877
v 0.0234500021 0.2719668 0.801745236
v 0.0234500021 0.273703635 0.80532676
v 0.0357 0.267698377 0.80532676
v 0.0357 0.269435257 0.801745236
v 0.0234500021 0.267620951 0.8048877
v 0.0234500021 0.268788725 0.802292
v 0.0357 0.3073207 0.80372417
v 0.0357 0.3106158 0.8014909
v 0.0234500021 0.307473183 0.8033053
v 0.0234500021 0.309782356 0.8016411
v 0.0357 0.3113165 0.7621774
v 0.0357 0.313301653 0.764217138
v 0.0234500021 0.3105219 0.761884749
v 0.0234500021 0.313379049 0.7646562
v 0.0357 0.313301653 0.764217138
v 0.0357 0.311564684 0.7677988
v 0.0234500021 0.313379049 0.7646562
v 0.0234500021 0.312211275 0.767251968
v 0.04205027 0.2987341 0.7956609
v 0.0420303 0.2905 0.798416
v 0.0423499942 0.29195863 0.7930443
v 0.0423499942 0.296934783 0.7901714
v 0.0420502573 0.2822659 0.7956609
v 0.0420846 0.277380735 0.78865695
v 0.0423499942 0.282606542 0.7876449
v 0.0423499942 0.282606542 0.781899
v 0.04211432 0.277589351 0.7801374
v 0.04211432 0.277589351 0.7801374
v 0.0423499942 0.2863 0.777497351
v 0.0423499942 0.282606542 0.781899
v 0.0421434119 0.282806963 0.7733837
v 0.0421434119 0.282806963 0.7733837
v 0.0423499942 0.29195863 0.776499569
v 0.0423499942 0.2863 0.777497351
v 0.0421434119 0.298193038 0.7733837
v 0.0421434119 0.298193038 0.7733837
v 0.04211432 0.303410649 0.7801374
v 0.0423499942 0.296934783 0.7793726
v 0.0423499942 0.298899978 0.784772
v 0.042084612 0.3036193 0.78865695
v 0.0423499942 0.296934783 0.7901714
v 0.04205027 0.2987341 0.7956609
v -0.09729999 0.32327342 0.7993637
v -0.09729999 0.326375 0.784772
v -0.0970760062 0.321737826 0.7866413
v -0.09729999 0.314505041 0.8114323
v -0.09707628 0.3130824 0.8061779
v -0.09729999 0.301585972 0.818891048
v -0.09707628 0.3091997 0.80759114
v -0.09701314 0.29374066 0.814579546
v -0.09707849 0.2918401 0.8162679
v -0.09729999 0.286750019 0.8204504
v -0.09701311 0.28928262 0.816277266
v -0.09729999 0.2725625 0.8158406
v -0.0970784947 0.287289828 0.8146988
v -0.0971198 0.273541421 0.8061306
v -0.0971196 0.286780745 0.8121863
v -0.09729999 0.2725625 0.8158406
v -0.0970784947 0.287289828 0.8146988
v -0.09729999 0.326375 0.784772
v -0.0970103443 0.3221495 0.7841285
v -0.0970760062 0.321737826 0.7866413
v -0.09729999 0.326375 0.784772
v -0.0970760062 0.320903152 0.7819079
v -0.0970103443 0.3221495 0.7841285
v -0.09729999 0.32327342 0.7993637
v -0.09701067 0.31343177 0.804018557
v -0.09707628 0.3130824 0.8061779
v -0.09729999 0.32327342 0.7993637
v -0.097117655 0.312378258 0.80209285
v -0.09701067 0.31343177 0.804018557
v -0.09729999 0.314505041 0.8114323
v -0.09701066 0.311387 0.8075602
v -0.09707628 0.3091997 0.80759114
v -0.09729999 0.314505041 0.8114323
v -0.09707628 0.3130824 0.8061779
v -0.09701066 0.311387 0.8075602
v -0.09729999 0.301585972 0.818891048
v -0.0971196 0.294195265 0.8120503
v -0.09701314 0.29374066 0.814579546
v -0.09729999 0.286750019 0.8204504
v -0.09701311 0.28928262 0.816277266
v -0.0970784947 0.287289828 0.8146988
v -0.09729999 0.2725625 0.8158406
v -0.0971198 0.273541421 0.8061306
v -0.0970133841 0.2718424 0.8075455
v -0.09729999 0.255408943 0.7922307
v -0.09729999 0.261476517 0.805858731
v -0.0971685946 0.2685444 0.802118957
v -0.09729999 0.261476517 0.805858731
v -0.09701339 0.267554283 0.804072142
v -0.0971685946 0.2685444 0.802118957
v -0.09729999 0.261476517 0.805858731
v -0.09701338 0.2679699 0.806211531
v -0.09701339 0.267554283 0.804072142
v -0.09729999 0.255408943 0.7773131
v -0.09729999 0.255408943 0.7922307
v -0.09708548 0.2587805 0.7842319
v -0.09729999 0.255408943 0.7922307
v -0.09702097 0.259325534 0.7867189
v -0.09708548 0.2587805 0.7842319
v -0.09729999 0.255408943 0.7922307
v -0.09708547 0.26132226 0.7883411
v -0.09702097 0.259325534 0.7867189
v -0.09729999 0.255408943 0.7773131
v -0.097021 0.260031343 0.781983733
v -0.09715331 0.26237005 0.780979335
v -0.09729999 0.261476517 0.763685167
v -0.09712576 0.267945528 0.766706467
v -0.09702098 0.267534763 0.764515042
v -0.09729999 0.2725625 0.753703237
v -0.09702099 0.270602137 0.7617754
v -0.09715331 0.272701859 0.762386262
v -0.09729999 0.286750019 0.7490935
v -0.09701314 0.288157135 0.7538944
v -0.0970785 0.290563583 0.7530285
v -0.09729999 0.286750019 0.7490935
v -0.0971196 0.286804736 0.7560502
v -0.09701314 0.288157135 0.7538944
v -0.09729999 0.301585972 0.7506528
v -0.0971480161 0.3082634 0.7624332
v -0.09707872 0.310362935 0.761754155
v -0.0970784947 0.294197679 0.7561845
v -0.0970785 0.293710232 0.758698761
v -0.09729999 0.301175 0.7662823
v -0.0971480161 0.3082634 0.7624332
v -0.09707849 0.291720569 0.7603114
v -0.09729999 0.301585972 0.7506528
v -0.0970784947 0.294197679 0.7561845
v -0.0971480161 0.3082634 0.7624332
v -0.0970785 0.290563583 0.7530285
v -0.09701313 0.292926967 0.753965
v -0.09729999 0.286750019 0.7490935
v -0.09729999 0.2725625 0.753703237
v -0.0971196 0.286804736 0.7560502
v -0.09715331 0.272701859 0.762386262
v -0.09729999 0.314505041 0.758111656
v -0.09707872 0.310362935 0.761754155
v -0.09701341 0.3123889 0.7625682
v -0.09729999 0.32327342 0.7701802
v -0.0970787257 0.31348 0.764477
v -0.09707849 0.291720569 0.7603114
v -0.09729999 0.2905 0.7634219
v -0.09729999 0.301175 0.7662823
v -0.09707872 0.307479441 0.766526937
v -0.09729999 0.3089896 0.774096966
v -0.09701337 0.307171464 0.764365435
v -0.0970784947 0.2872262 0.7585887
v -0.0971196 0.286804736 0.7560502
v -0.09715331 0.272701859 0.762386262
v -0.09707848 0.2891599 0.760268
v -0.09729999 0.279824972 0.7662823
v -0.09715331 0.272701859 0.762386262
v -0.09729999 0.314505041 0.758111656
v -0.09701341 0.3123889 0.7625682
v -0.0970787257 0.31348 0.764477
v -0.09729999 0.326375 0.784772
v -0.09729999 0.32327342 0.7701802
v -0.0970760062 0.320903152 0.7819079
v -0.09729999 0.32327342 0.7701802
v -0.0971174 0.3185 0.781012535
v -0.0970760062 0.320903152 0.7819079
v -0.09711978 0.3113418 0.768041
v -0.09729999 0.3089896 0.774096966
v -0.0971174 0.3185 0.781012535
v -0.09711978 0.3113418 0.768041
v -0.09701337 0.30915758 0.7679475
v -0.09729999 0.3089896 0.774096966
v -0.09701337 0.30915758 0.7679475
v -0.09707872 0.307479441 0.766526937
v -0.09729999 0.3089896 0.774096966
v -0.09701337 0.307171464 0.764365435
v -0.0971480161 0.3082634 0.7624332
v -0.09729999 0.301175 0.7662823
v -0.09729999 0.279824972 0.7662823
v -0.09715331 0.272701859 0.762386262
v -0.0970209762 0.273832917 0.7643203
v -0.09729999 0.26915 0.784772
v -0.09729999 0.272010356 0.774096966
v -0.0970855 0.26482743 0.7818208
v -0.09729999 0.272010356 0.774096966
v -0.09715331 0.26237005 0.780979335
v -0.0970855 0.26482743 0.7818208
v -0.09729999 0.272010356 0.774096966
v -0.09708547 0.2697029 0.7680489
v -0.09715331 0.26237005 0.780979335
v -0.09708547 0.2697029 0.7680489
v -0.09712576 0.267945528 0.766706467
v -0.09715331 0.26237005 0.780979335
v -0.09729999 0.272010356 0.795446932
v -0.09729999 0.26915 0.784772
v -0.09708548 0.2658105 0.786551535
v -0.09729999 0.26915 0.784772
v -0.09702098 0.2661489 0.7840282
v -0.09708548 0.2658105 0.786551535
v -0.09729999 0.26915 0.784772
v -0.0970855 0.26482743 0.7818208
v -0.09702098 0.2661489 0.7840282
v -0.09729999 0.272010356 0.795446932
v -0.0970134 0.270645827 0.8013854
v -0.09707873 0.272721022 0.802064061
v -0.09729999 0.272010356 0.795446932
v -0.0971685946 0.2685444 0.802118957
v -0.0970134 0.270645827 0.8013854
v -0.09729999 0.2905 0.8061219
v -0.09729999 0.279824972 0.8032615
v -0.0970784947 0.288044959 0.8099451
v -0.09729999 0.272010356 0.795446932
v -0.09707873 0.272721022 0.802064061
v -0.09701338 0.273828536 0.8039634
v -0.09729999 0.279824972 0.8032615
v -0.0971196 0.286780745 0.8121863
v -0.0970784947 0.288044959 0.8099451
v -0.09729999 0.279824972 0.8032615
v -0.0971198 0.273541421 0.8061306
v -0.0971196 0.286780745 0.8121863
v -0.09729999 0.301175 0.8032615
v -0.09729999 0.2905 0.8061219
v -0.0970785 0.292857558 0.8098633
v -0.09711765 0.3074976 0.806188345
v -0.0971196 0.294195265 0.8120503
v -0.09729999 0.2905 0.8061219
v -0.09701314 0.290445119 0.8090617
v -0.0970785 0.292857558 0.8098633
v -0.09729999 0.2905 0.8061219
v -0.0970784947 0.288044959 0.8099451
v -0.09701314 0.290445119 0.8090617
v -0.09729999 0.301175 0.8032615
v -0.09711765 0.3074976 0.806188345
v -0.09701065 0.307166219 0.804018557
v -0.09729999 0.311849982 0.784772
v -0.09729999 0.3089896 0.795446932
v -0.097076 0.315262169 0.7866413
v -0.09729999 0.3089896 0.795446932
v -0.09711737 0.317214161 0.7883047
v -0.097076 0.315262169 0.7866413
v -0.09729999 0.3089896 0.795446932
v -0.097117655 0.312378258 0.80209285
v -0.09711737 0.317214161 0.7883047
v -0.097117655 0.312378258 0.80209285
v -0.09729999 0.32327342 0.7993637
v -0.09711737 0.317214161 0.7883047
v -0.09729999 0.3089896 0.774096966
v -0.09729999 0.311849982 0.784772
v -0.0970760062 0.316096753 0.781908
v -0.09729999 0.311849982 0.784772
v -0.0970103443 0.314850539 0.7841285
v -0.0970760062 0.316096753 0.781908
v -0.09729999 0.311849982 0.784772
v -0.097076 0.315262169 0.7866413
v -0.0970103443 0.314850539 0.7841285
v -0.09708547 0.2697029 0.7680489
v -0.09729999 0.272010356 0.774096966
v -0.0970209762 0.2718876 0.767944
v -0.09729999 0.272010356 0.774096966
v -0.0970854759 0.273556828 0.7664901
v -0.0970209762 0.2718876 0.767944
v -0.09701338 0.2679699 0.806211531
v -0.09729999 0.261476517 0.805858731
v -0.0970787257 0.269660234 0.807617545
v -0.0971198 0.273541421 0.8061306
v -0.09729999 0.279824972 0.8032615
v -0.09701338 0.273828536 0.8039634
v -0.097117655 0.312378258 0.80209285
v -0.09729999 0.3089896 0.795446932
v -0.09701068 0.310299 0.8013898
v -0.09707628 0.3091997 0.80759114
v -0.09711765 0.3074976 0.806188345
v -0.09729999 0.301585972 0.818891048
v -0.09711765 0.3074976 0.806188345
v -0.0971196 0.294195265 0.8120503
v -0.09729999 0.301585972 0.818891048
v -0.09729999 0.301175 0.8032615
v -0.0970785 0.292857558 0.8098633
v -0.0971196 0.294195265 0.8120503
v -0.09711978 0.3113418 0.768041
v -0.09729999 0.32327342 0.7701802
v -0.09701338 0.3130301 0.7666136
v -0.09729999 0.32327342 0.7701802
v -0.0970787257 0.31348 0.764477
v -0.09701338 0.3130301 0.7666136
v -0.09711978 0.3113418 0.768041
v -0.0971174 0.3185 0.781012535
v -0.09729999 0.3089896 0.774096966
v -0.0970760062 0.316096753 0.781908
v -0.09711737 0.317214161 0.7883047
v -0.09729999 0.32327342 0.7993637
v -0.09701034 0.319767445 0.788254261
v -0.09729999 0.32327342 0.7993637
v -0.0970760062 0.321737826 0.7866413
v -0.09701034 0.319767445 0.788254261
v -0.0970784947 0.294197679 0.7561845
v -0.09729999 0.301585972 0.7506528
v -0.09701313 0.292926967 0.753965
v -0.097021 0.260031343 0.781983733
v -0.09729999 0.255408943 0.7773131
v -0.09708548 0.2587805 0.7842319
v -0.0971685946 0.2685444 0.802118957
v -0.09729999 0.272010356 0.795446932
v -0.09708547 0.263892 0.7882631
v -0.0971685946 0.2685444 0.802118957
v -0.09708547 0.26132226 0.7883411
v -0.09729999 0.255408943 0.7922307
v -0.09729999 0.272010356 0.795446932
v -0.09708548 0.2658105 0.786551535
v -0.09708547 0.263892 0.7882631
v -0.0850497261 0.311967343 0.762334347
v -0.0850499943 0.3088115 0.7623965
v -0.0850499943 0.307357967 0.759204447
v -0.08505 0.2734876 0.7589447
v -0.0850499943 0.272613317 0.762693942
v -0.08505 0.269435257 0.7621472
v -0.0850499943 0.282797784 0.755131364
v -0.0850499943 0.286750019 0.7490935
v -0.08504976 0.286830336 0.7566243
v -0.0850499943 0.28875 0.753740847
v -0.08505 0.282795161 0.758807659
v -0.08504976 0.286830336 0.7566243
v -0.08505 0.284654826 0.7621282
v -0.0850499943 0.2788107 0.771281838
v -0.0850499943 0.2771011 0.7659549
v -0.08505 0.273781031 0.7652898
v -0.08505 0.276680976 0.762196839
v -0.0850499943 0.272613317 0.762693942
v -0.08505 0.2734876 0.7589447
v -0.0850499943 0.2725625 0.753703237
v -0.08505 0.269435257 0.7621472
v -0.0850499943 0.261476517 0.763685167
v -0.08505 0.267698377 0.7657287
v -0.0850499943 0.2788107 0.771281838
v -0.08505 0.271279842 0.771458566
v -0.0850499943 0.273373038 0.779742956
v -0.0850499943 0.268078655 0.779213667
v -0.08505 0.2661236 0.7851447
v -0.0850499943 0.264749765 0.7820907
v -0.0850499943 0.273373038 0.7898009
v -0.08505 0.267856121 0.7906172
v -0.0850499943 0.263697058 0.788060844
v -0.08505 0.2645357 0.792476833
v -0.0850499943 0.271682978 0.7981708
v -0.0850499943 0.2788107 0.79826206
v -0.0850498 0.271118969 0.801477253
v -0.0850499943 0.287959665 0.767103553
v -0.08505 0.284654826 0.7621282
v -0.08505 0.267924964 0.798590958
v -0.0850498 0.271118969 0.801477253
v -0.08505 0.2649997 0.777204931
v -0.0850499943 0.264749765 0.7820907
v -0.08505 0.261010915 0.7814475
v -0.0850499943 0.287959665 0.8024402
v -0.08505 0.277186662 0.8039922
v -0.0850499943 0.284941763 0.8071933
v -0.0850499943 0.297915131 0.8010089
v -0.08505 0.296345174 0.807415843
v -0.0850499943 0.2960582 0.7623506
v -0.0850499943 0.297915131 0.768535
v -0.08505 0.303813368 0.7655518
v -0.0850499943 0.305516362 0.77512145
v -0.0850499943 0.2788107 0.79826206
v -0.0850498 0.273820221 0.804445446
v -0.08505 0.277186662 0.8039922
v -0.08505 0.276447058 0.8078035
v -0.0850499943 0.272188485 0.8071474
v -0.0850498 0.273820221 0.804445446
v -0.0850499943 0.273642 0.810339451
v -0.0850499943 0.2725625 0.8158406
v -0.08505 0.282706 0.8147006
v -0.0850499943 0.286750019 0.8204504
v -0.08504977 0.269250125 0.8073351
v -0.0850499943 0.261476517 0.805858731
v -0.08504977 0.267726928 0.803622
v -0.0850499943 0.301585972 0.818891048
v -0.08504968 0.291282743 0.816360235
v -0.0850499943 0.2982022 0.8144126
v -0.08504973 0.294169664 0.812624335
v -0.08505 0.264672726 0.801784337
v -0.0850499943 0.255408943 0.7922307
v -0.0850499943 0.26085937 0.792474151
v -0.08504977 0.267726928 0.803622
v -0.0850499943 0.261476517 0.805858731
v -0.08505 0.267924964 0.798590958
v -0.0850498 0.271118969 0.801477253
v -0.0850499943 0.255408943 0.7773131
v -0.0850499943 0.259053141 0.7841642
v -0.0850499943 0.26085937 0.792474151
v -0.08505 0.260365427 0.7877237
v -0.08505 0.2645357 0.792476833
v -0.0850499943 0.255408943 0.7922307
v -0.0850499943 0.259053141 0.7841642
v -0.08505 0.296345174 0.807415843
v -0.08505 0.298204839 0.810736239
v -0.0850499943 0.2982022 0.8144126
v -0.08505 0.307512373 0.8105992
v -0.08505 0.304319024 0.8073472
v -0.08504987 0.3075876 0.80613637
v -0.0850499943 0.3038989 0.803589
v -0.0850499943 0.3038989 0.803589
v -0.0850499943 0.305516362 0.7944224
v -0.0850499943 0.305516362 0.7944224
v -0.08504985 0.308286518 0.8021725
v -0.08504985 0.308286518 0.8021725
v -0.08504987 0.3075876 0.80613637
v -0.08505 0.309720159 0.7980853
v -0.0850498751 0.3123114 0.8021725
v -0.0850499943 0.312921345 0.790330231
v -0.0850499943 0.30835 0.784772
v -0.08504979 0.315310121 0.786613643
v -0.0850499943 0.3154689 0.7830219
v -0.08505 0.313143879 0.7789268
v -0.0850499943 0.305516362 0.77512145
v -0.0850499943 0.309317023 0.771373034
v -0.08505 0.303813368 0.7655518
v -0.08505 0.3130752 0.7709529
v -0.0850498 0.309633762 0.7680231
v -0.08504982 0.319759727 0.788233161
v -0.08505 0.316000253 0.792338967
v -0.0850499943 0.312921345 0.790330231
v -0.08504977 0.307179749 0.7648475
v -0.08505 0.304552883 0.7617404
v -0.0850499943 0.3088115 0.7623965
v -0.0850499943 0.307357967 0.759204447
v -0.0850499943 0.314505041 0.758111656
v -0.0850497261 0.311967343 0.762334347
v -0.08505 0.298294 0.7548433
v -0.0850499943 0.301585972 0.7506528
v -0.08504968 0.292462736 0.7536678
v -0.0850499943 0.294 0.756772
v -0.0850499943 0.32327342 0.7701802
v -0.08505 0.316327244 0.767759562
v -0.0850499943 0.3201406 0.777069747
v -0.08505 0.316464275 0.7770672
v -0.08504982 0.318499982 0.78108865
v -0.08505 0.298294 0.7548433
v -0.08505 0.298067033 0.7592716
v -0.08504968 0.292207 0.760023832
v -0.0850499943 0.2960582 0.7623506
v -0.0850499943 0.287959665 0.767103553
v -0.0850499943 0.326375 0.784772
v -0.0850499943 0.3201406 0.777069747
v -0.08504975 0.322127372 0.784132361
v -0.08504982 0.319759727 0.788233161
v -0.08505 0.320428669 0.792566
v -0.08505 0.316000253 0.792338967
v -0.0850499943 0.32327342 0.7993637
v -0.0850499943 0.316067517 0.8016299
v -0.0850499943 0.314505041 0.8114323
v -0.08504982 0.3130104 0.80613637
v -0.0850499943 0.316067517 0.8016299
v -0.08505 0.307512373 0.8105992
v -0.0850499943 0.310298979 0.8075459
v -0.08505 0.2709239 0.7680612
v -0.08505 0.271279842 0.771458566
v -0.08505 0.267468333 0.770719
v -0.0850499943 0.255408943 0.7773131
v -0.08505 0.261010915 0.7814475
v -0.0850499943 0.259053141 0.7841642
v -0.08505 0.2645357 0.792476833
v -0.08505 0.260365427 0.7877237
v -0.0850499943 0.263697058 0.788060844
v -0.0850499943 0.286750019 0.8204504
v -0.0850499943 0.287818819 0.815021753
v -0.08504968 0.291282743 0.816360235
v -0.0850499943 0.305516362 0.7944224
v -0.08505 0.309720159 0.7980853
v -0.08504985 0.308286518 0.8021725
v -0.0850499943 0.3201406 0.777069747
v -0.08504975 0.322127372 0.784132361
v -0.08504982 0.318499982 0.78108865
v -0.0850499943 0.326375 0.784772
v -0.08505 0.320428669 0.792566
v -0.08504982 0.319759727 0.788233161
v -0.0850499943 0.286750019 0.7490935
v -0.08504968 0.292462736 0.7536678
v -0.0850499943 0.28875 0.753740847
v -0.08505 0.273781031 0.7652898
v -0.08505 0.271279842 0.771458566
v -0.08505 0.2709239 0.7680612
v -0.08505 0.264672726 0.801784337
v -0.08505 0.267924964 0.798590958
v -0.08504977 0.267726928 0.803622
v -0.0850499943 0.310298979 0.8075459
v -0.08504982 0.3130104 0.80613637
v -0.0850499943 0.314505041 0.8114323
v -0.0850498751 0.3123114 0.8021725
v -0.08505 0.309720159 0.7980853
v -0.08505 0.313531458 0.7988248
v -0.08504977 0.313187152 0.7661577
v -0.0850497261 0.311967343 0.762334347
v -0.0850499943 0.314505041 0.758111656
v -0.09715331 0.272701859 0.762386262
v -0.09702099 0.270602137 0.7617754
v -0.0850499943 0.272613317 0.762693942
v -0.09702099 0.270602137 0.7617754
v -0.08505 0.269435257 0.7621472
v -0.0850499943 0.272613317 0.762693942
v -0.09702099 0.270602137 0.7617754
v -0.0970855 0.268536329 0.7625706
v -0.08505 0.269435257 0.7621472
v -0.09702098 0.267534763 0.764515042
v -0.09712576 0.267945528 0.766706467
v -0.08505 0.267698377 0.7657287
v -0.09708547 0.2697029 0.7680489
v -0.0970209762 0.2718876 0.767944
v -0.08505 0.2709239 0.7680612
v -0.09708547 0.2697029 0.7680489
v -0.08505 0.267698377 0.7657287
v -0.09712576 0.267945528 0.766706467
v -0.0970209762 0.2718876 0.767944
v -0.0970854759 0.273556828 0.7664901
v -0.08505 0.2709239 0.7680612
v -0.0970854759 0.273556828 0.7664901
v -0.08505 0.273781031 0.7652898
v -0.08505 0.2709239 0.7680612
v -0.0970854759 0.273556828 0.7664901
v -0.0970209762 0.273832917 0.7643203
v -0.0970209762 0.273832917 0.7643203
v -0.09715331 0.272701859 0.762386262
v -0.08505 0.273781031 0.7652898
v -0.09715331 0.272701859 0.762386262
v -0.0850499943 0.272613317 0.762693942
v -0.08505 0.273781031 0.7652898
v -0.0970134 0.270645827 0.8013854
v -0.0971685946 0.2685444 0.802118957
v -0.0850498 0.271118969 0.801477253
v -0.0971685946 0.2685444 0.802118957
v -0.08504977 0.267726928 0.803622
v -0.0850498 0.271118969 0.801477253
v -0.0971685946 0.2685444 0.802118957
v -0.09701339 0.267554283 0.804072142
v -0.09701338 0.2679699 0.806211531
v -0.08504977 0.267726928 0.803622
v -0.09701338 0.2679699 0.806211531
v -0.08504977 0.269250125 0.8073351
v -0.08504977 0.267726928 0.803622
v -0.09701338 0.2679699 0.806211531
v -0.0970787257 0.269660234 0.807617545
v -0.0970133841 0.2718424 0.8075455
v -0.08504977 0.269250125 0.8073351
v -0.0971198 0.273541421 0.8061306
v -0.0850499943 0.272188485 0.8071474
v -0.09701338 0.273828536 0.8039634
v -0.0850498 0.273820221 0.804445446
v -0.09707873 0.272721022 0.802064061
v -0.0850498 0.273820221 0.804445446
v -0.0970134 0.270645827 0.8013854
v -0.0850498 0.271118969 0.801477253
v -0.09707873 0.272721022 0.802064061
v -0.0970133841 0.2718424 0.8075455
v -0.0850499943 0.272188485 0.8071474
v -0.08504977 0.269250125 0.8073351
v -0.0971198 0.273541421 0.8061306
v -0.0850498 0.273820221 0.804445446
v -0.0850499943 0.272188485 0.8071474
v -0.09707628 0.3091997 0.80759114
v -0.0850499943 0.310298979 0.8075459
v -0.08504987 0.3075876 0.80613637
v -0.09707628 0.3091997 0.80759114
v -0.09701066 0.311387 0.8075602
v -0.0850499943 0.310298979 0.8075459
v -0.09711765 0.3074976 0.806188345
v -0.08504987 0.3075876 0.80613637
v -0.09701065 0.307166219 0.804018557
v -0.08504987 0.3075876 0.80613637
v -0.08504985 0.308286518 0.8021725
v -0.0970763043 0.308233023 0.8021088
v -0.09701068 0.310299 0.8013898
v -0.08504985 0.308286518 0.8021725
v -0.0850498751 0.3123114 0.8021725
v -0.097117655 0.312378258 0.80209285
v -0.09701067 0.31343177 0.804018557
v -0.0850498751 0.3123114 0.8021725
v -0.08504982 0.3130104 0.80613637
v -0.09707628 0.3130824 0.8061779
v -0.09701066 0.311387 0.8075602
v -0.08504982 0.3130104 0.80613637
v -0.09701066 0.311387 0.8075602
v -0.08504982 0.3130104 0.80613637
v -0.0850499943 0.310298979 0.8075459
v -0.09707872 0.310362935 0.761754155
v -0.0850499943 0.3088115 0.7623965
v -0.0850497261 0.311967343 0.762334347
v -0.0971480161 0.3082634 0.7624332
v -0.08504977 0.307179749 0.7648475
v -0.0850499943 0.3088115 0.7623965
v -0.0971480161 0.3082634 0.7624332
v -0.09701337 0.307171464 0.764365435
v -0.08504977 0.307179749 0.7648475
v -0.09707872 0.310362935 0.761754155
v -0.0850499943 0.3088115 0.7623965
v -0.09701341 0.3123889 0.7625682
v -0.0850497261 0.311967343 0.762334347
v -0.0970787257 0.31348 0.764477
v -0.0850497261 0.311967343 0.762334347
v -0.09711978 0.3113418 0.768041
v -0.08504977 0.313187152 0.7661577
v -0.0850498 0.309633762 0.7680231
v -0.09701337 0.30915758 0.7679475
v -0.09711978 0.3113418 0.768041
v -0.09707872 0.307479441 0.766526937
v -0.0850498 0.309633762 0.7680231
v -0.09701337 0.307171464 0.764365435
v -0.08504977 0.307179749 0.7648475
v -0.09707872 0.307479441 0.766526937
v -0.09711978 0.3113418 0.768041
v -0.09701338 0.3130301 0.7666136
v -0.08504977 0.313187152 0.7661577
v -0.0970787257 0.31348 0.764477
v -0.08504977 0.313187152 0.7661577
v -0.0970787257 0.31348 0.764477
v -0.0850497261 0.311967343 0.762334347
v -0.08504977 0.313187152 0.7661577
v -0.09204999 0.282705963 0.7548433
v -0.08505 0.2734876 0.7589447
v -0.0850499943 0.282797784 0.755131364
v -0.09204999 0.282705963 0.7548433
v -0.09204999 0.273642 0.759204447
v -0.08505 0.2734876 0.7589447
v -0.09204999 0.284941763 0.7623506
v -0.09204999 0.282932967 0.7592716
v -0.08505 0.284654826 0.7621282
v -0.09204999 0.282932967 0.7592716
v -0.08505 0.282795161 0.758807659
v -0.08505 0.284654826 0.7621282
v -0.0850499943 0.282797784 0.755131364
v -0.08505 0.282795161 0.758807659
v -0.09204999 0.282705963 0.7548433
v -0.08505 0.282795161 0.758807659
v -0.09204999 0.282932967 0.7592716
v -0.09204999 0.282705963 0.7548433
v -0.09204999 0.273642 0.759204447
v -0.09204999 0.2764471 0.7617404
v -0.08505 0.2734876 0.7589447
v -0.09204999 0.2764471 0.7617404
v -0.08505 0.276680976 0.762196839
v -0.08505 0.2734876 0.7589447
v -0.0850499943 0.2771011 0.7659549
v -0.08505 0.276680976 0.762196839
v -0.09204999 0.277186662 0.7655518
v -0.08505 0.276680976 0.762196839
v -0.09204999 0.2764471 0.7617404
v -0.09204999 0.277186662 0.7655518
v -0.09204999 0.2679248 0.7709529
v -0.09204999 0.267856121 0.7789268
v -0.09204999 0.264672726 0.767759562
v -0.09204999 0.2679248 0.7709529
v -0.09204999 0.271682978 0.771373034
v -0.09204999 0.267856121 0.7789268
v -0.09204999 0.26085937 0.777069747
v -0.09204999 0.264672726 0.767759562
v -0.09204999 0.264535725 0.7770672
v -0.09204999 0.264672726 0.767759562
v -0.09204999 0.267856121 0.7789268
v -0.09204999 0.264535725 0.7770672
v -0.09204999 0.264999747 0.792338967
v -0.09204999 0.2712798 0.7980853
v -0.09204999 0.267468542 0.798824847
v -0.09204999 0.2712798 0.7980853
v -0.09204999 0.264999747 0.792338967
v -0.09204999 0.268078655 0.790330231
v -0.09204999 0.298067033 0.8102722
v -0.09204999 0.3045529 0.8078035
v -0.09204999 0.298294 0.8147006
v -0.09204999 0.3038133 0.8039922
v -0.09204999 0.2960582 0.8071933
v -0.09204999 0.3045529 0.8078035
v -0.09204999 0.307357967 0.810339451
v -0.09204999 0.298294 0.8147006
v -0.09204999 0.313075 0.798590958
v -0.09204999 0.316464275 0.792476833
v -0.09204999 0.316327244 0.801784337
v -0.09204999 0.316464275 0.792476833
v -0.09204999 0.3201406 0.792474151
v -0.09204999 0.316327244 0.801784337
v -0.09204999 0.316000283 0.777204931
v -0.09204999 0.312921345 0.779213667
v -0.09204999 0.309720159 0.771458566
v -0.09204999 0.320428669 0.7769779
v -0.09204999 0.313531637 0.770719
v -0.09204999 0.316067517 0.767913938
v -0.09204999 0.2982022 0.755131364
v -0.09204999 0.298204839 0.758807659
v -0.08505 0.298294 0.7548433
v -0.09204999 0.298204839 0.758807659
v -0.08505 0.298067033 0.7592716
v -0.08505 0.298294 0.7548433
v -0.0850499943 0.2960582 0.7623506
v -0.08505 0.298067033 0.7592716
v -0.09204999 0.296345174 0.7621282
v -0.08505 0.298067033 0.7592716
v -0.09204999 0.298204839 0.758807659
v -0.09204999 0.296345174 0.7621282
v -0.09204999 0.3075124 0.7589447
v -0.08505 0.298294 0.7548433
v -0.0850499943 0.307357967 0.759204447
v -0.09204999 0.3075124 0.7589447
v -0.09204999 0.2982022 0.755131364
v -0.08505 0.298294 0.7548433
v -0.09204999 0.3038989 0.7659549
v -0.09204999 0.304319024 0.762196839
v -0.08505 0.303813368 0.7655518
v -0.09204999 0.304319024 0.762196839
v -0.08505 0.304552883 0.7617404
v -0.08505 0.303813368 0.7655518
v -0.0850499943 0.307357967 0.759204447
v -0.08505 0.304552883 0.7617404
v -0.09204999 0.3075124 0.7589447
v -0.08505 0.304552883 0.7617404
v -0.09204999 0.304319024 0.762196839
v -0.09204999 0.3075124 0.7589447
v -0.09204999 0.264672726 0.767759562
v -0.08505 0.260571331 0.7769779
v -0.0850499943 0.264932454 0.767913938
v -0.09204999 0.264672726 0.767759562
v -0.09204999 0.26085937 0.777069747
v -0.08505 0.260571331 0.7769779
v -0.09204999 0.271682978 0.771373034
v -0.09204999 0.2679248 0.7709529
v -0.08505 0.271279842 0.771458566
v -0.09204999 0.2679248 0.7709529
v -0.08505 0.267468333 0.770719
v -0.08505 0.271279842 0.771458566
v -0.0850499943 0.264932454 0.767913938
v -0.08505 0.267468333 0.770719
v -0.09204999 0.264672726 0.767759562
v -0.08505 0.267468333 0.770719
v -0.09204999 0.2679248 0.7709529
v -0.09204999 0.264672726 0.767759562
v -0.09204999 0.26085937 0.777069747
v -0.09204999 0.264535725 0.7770672
v -0.08505 0.260571331 0.7769779
v -0.09204999 0.264535725 0.7770672
v -0.08505 0.2649997 0.777204931
v -0.08505 0.260571331 0.7769779
v -0.0850499943 0.268078655 0.779213667
v -0.08505 0.2649997 0.777204931
v -0.09204999 0.267856121 0.7789268
v -0.08505 0.2649997 0.777204931
v -0.09204999 0.264535725 0.7770672
v -0.09204999 0.267856121 0.7789268
v -0.09204999 0.260571331 0.792566
v -0.08505 0.264672726 0.801784337
v -0.0850499943 0.26085937 0.792474151
v -0.09204999 0.260571331 0.792566
v -0.09204999 0.264932454 0.8016299
v -0.08505 0.264672726 0.801784337
v -0.09204999 0.268078655 0.790330231
v -0.09204999 0.264999747 0.792338967
v -0.08505 0.267856121 0.7906172
v -0.09204999 0.264999747 0.792338967
v -0.08505 0.2645357 0.792476833
v -0.08505 0.267856121 0.7906172
v -0.0850499943 0.26085937 0.792474151
v -0.08505 0.2645357 0.792476833
v -0.09204999 0.260571331 0.792566
v -0.08505 0.2645357 0.792476833
v -0.09204999 0.264999747 0.792338967
v -0.09204999 0.260571331 0.792566
v -0.09204999 0.264932454 0.8016299
v -0.09204999 0.267468542 0.798824847
v -0.08505 0.264672726 0.801784337
v -0.09204999 0.267468542 0.798824847
v -0.08505 0.267924964 0.798590958
v -0.08505 0.264672726 0.801784337
v -0.0850499943 0.271682978 0.7981708
v -0.08505 0.267924964 0.798590958
v -0.09204999 0.2712798 0.7980853
v -0.08505 0.267924964 0.798590958
v -0.09204999 0.267468542 0.798824847
v -0.09204999 0.2712798 0.7980853
v -0.09204999 0.273487657 0.8105992
v -0.08505 0.282706 0.8147006
v -0.0850499943 0.273642 0.810339451
v -0.09204999 0.273487657 0.8105992
v -0.09204999 0.282797784 0.8144126
v -0.08505 0.282706 0.8147006
v -0.09204999 0.2771011 0.803589
v -0.09204999 0.276680946 0.8073472
v -0.08505 0.277186662 0.8039922
v -0.09204999 0.276680946 0.8073472
v -0.08505 0.276447058 0.8078035
v -0.08505 0.277186662 0.8039922
v -0.0850499943 0.273642 0.810339451
v -0.08505 0.276447058 0.8078035
v -0.09204999 0.273487657 0.8105992
v -0.08505 0.276447058 0.8078035
v -0.09204999 0.276680946 0.8073472
v -0.09204999 0.273487657 0.8105992
v -0.09204999 0.282797784 0.8144126
v -0.09204999 0.282795161 0.810736239
v -0.08505 0.282706 0.8147006
v -0.09204999 0.282795161 0.810736239
v -0.08505 0.282932967 0.8102722
v -0.08505 0.282706 0.8147006
v -0.0850499943 0.284941763 0.8071933
v -0.08505 0.282932967 0.8102722
v -0.09204999 0.284654826 0.807415843
v -0.08505 0.282932967 0.8102722
v -0.09204999 0.282795161 0.810736239
v -0.09204999 0.284654826 0.807415843
v -0.09204999 0.298294 0.8147006
v -0.08505 0.307512373 0.8105992
v -0.0850499943 0.2982022 0.8144126
v -0.09204999 0.298294 0.8147006
v -0.09204999 0.307357967 0.810339451
v -0.08505 0.307512373 0.8105992
v -0.09204999 0.2960582 0.8071933
v -0.09204999 0.298067033 0.8102722
v -0.08505 0.296345174 0.807415843
v -0.09204999 0.298067033 0.8102722
v -0.08505 0.298204839 0.810736239
v -0.08505 0.296345174 0.807415843
v -0.0850499943 0.2982022 0.8144126
v -0.08505 0.298204839 0.810736239
v -0.09204999 0.298294 0.8147006
v -0.08505 0.298204839 0.810736239
v -0.09204999 0.298067033 0.8102722
v -0.09204999 0.298294 0.8147006
v -0.09204999 0.307357967 0.810339451
v -0.09204999 0.3045529 0.8078035
v -0.08505 0.307512373 0.8105992
v -0.09204999 0.3045529 0.8078035
v -0.08505 0.304319024 0.8073472
v -0.08505 0.307512373 0.8105992
v -0.0850499943 0.3038989 0.803589
v -0.08505 0.304319024 0.8073472
v -0.09204999 0.3038133 0.8039922
v -0.08505 0.304319024 0.8073472
v -0.09204999 0.3045529 0.8078035
v -0.09204999 0.3038133 0.8039922
v -0.09204999 0.316327244 0.801784337
v -0.08505 0.320428669 0.792566
v -0.0850499943 0.316067517 0.8016299
v -0.09204999 0.316327244 0.801784337
v -0.09204999 0.3201406 0.792474151
v -0.08505 0.320428669 0.792566
v -0.09204999 0.309317023 0.7981708
v -0.09204999 0.313075 0.798590958
v -0.08505 0.309720159 0.7980853
v -0.09204999 0.313075 0.798590958
v -0.08505 0.313531458 0.7988248
v -0.08505 0.309720159 0.7980853
v -0.0850499943 0.316067517 0.8016299
v -0.08505 0.313531458 0.7988248
v -0.09204999 0.316327244 0.801784337
v -0.08505 0.313531458 0.7988248
v -0.09204999 0.313075 0.798590958
v -0.09204999 0.316327244 0.801784337
v -0.09204999 0.3201406 0.792474151
v -0.09204999 0.316464275 0.792476833
v -0.08505 0.320428669 0.792566
v -0.09204999 0.316464275 0.792476833
v -0.08505 0.316000253 0.792338967
v -0.08505 0.320428669 0.792566
v -0.0850499943 0.312921345 0.790330231
v -0.08505 0.316000253 0.792338967
v -0.09204999 0.313143849 0.7906172
v -0.08505 0.316000253 0.792338967
v -0.09204999 0.316464275 0.792476833
v -0.09204999 0.313143849 0.7906172
v -0.09204999 0.320428669 0.7769779
v -0.08505 0.316327244 0.767759562
v -0.0850499943 0.3201406 0.777069747
v -0.09204999 0.320428669 0.7769779
v -0.09204999 0.316067517 0.767913938
v -0.08505 0.316327244 0.767759562
v -0.09204999 0.312921345 0.779213667
v -0.09204999 0.316000283 0.777204931
v -0.08505 0.313143879 0.7789268
v -0.09204999 0.316000283 0.777204931
v -0.08505 0.316464275 0.7770672
v -0.08505 0.313143879 0.7789268
v -0.0850499943 0.3201406 0.777069747
v -0.08505 0.316464275 0.7770672
v -0.09204999 0.320428669 0.7769779
v -0.08505 0.316464275 0.7770672
v -0.09204999 0.316000283 0.777204931
v -0.09204999 0.320428669 0.7769779
v -0.09204999 0.316067517 0.767913938
v -0.09204999 0.313531637 0.770719
v -0.08505 0.316327244 0.767759562
v -0.09204999 0.313531637 0.770719
v -0.08505 0.3130752 0.7709529
v -0.08505 0.316327244 0.767759562
v -0.0850499943 0.309317023 0.771373034
v -0.08505 0.3130752 0.7709529
v -0.09204999 0.309720159 0.771458566
v -0.08505 0.3130752 0.7709529
v -0.09204999 0.313531637 0.770719
v -0.09204999 0.309720159 0.771458566
v -0.09729999 0.326375 0.784772
v -0.0850499943 0.326375 0.784772
v -0.0850499943 0.32327342 0.7701802
v -0.09729999 0.32327342 0.7701802
v -0.0850499943 0.314505041 0.758111656
v -0.09729999 0.314505041 0.758111656
v -0.0850499943 0.301585972 0.7506528
v -0.09729999 0.301585972 0.7506528
v -0.0850499943 0.286750019 0.7490935
v -0.09729999 0.286750019 0.7490935
v -0.0850499943 0.2725625 0.753703237
v -0.09729999 0.2725625 0.753703237
v -0.0850499943 0.261476517 0.763685167
v -0.09729999 0.261476517 0.763685167
v -0.0850499943 0.255408943 0.7773131
v -0.09729999 0.255408943 0.7773131
v -0.0850499943 0.255408943 0.7922307
v -0.09729999 0.255408943 0.7922307
v -0.0850499943 0.261476517 0.805858731
v -0.09729999 0.261476517 0.805858731
v -0.0850499943 0.2725625 0.8158406
v -0.09729999 0.2725625 0.8158406
v -0.0850499943 0.286750019 0.8204504
v -0.09729999 0.286750019 0.8204504
v -0.0850499943 0.301585972 0.818891048
v -0.09729999 0.301585972 0.818891048
v -0.0850499943 0.314505041 0.8114323
v -0.09729999 0.314505041 0.8114323
v -0.0850499943 0.32327342 0.7993637
v -0.09729999 0.32327342 0.7993637
v -0.0850499943 0.326375 0.784772
v -0.09729999 0.326375 0.784772
v -0.09729999 0.261476517 0.805858731
v -0.09729999 0.2725625 0.8158406
v -0.0970787257 0.269660234 0.807617545
v -0.0970133841 0.2718424 0.8075455
v -0.09729999 0.261476517 0.763685167
v -0.09729999 0.255408943 0.7773131
v -0.09712576 0.267945528 0.766706467
v -0.09715331 0.26237005 0.780979335
v -0.09729999 0.261476517 0.763685167
v -0.09702098 0.267534763 0.764515042
v -0.0970855 0.268536329 0.7625706
v -0.09729999 0.2725625 0.753703237
v -0.09702099 0.270602137 0.7617754
v -0.09707849 0.291720569 0.7603114
v -0.09707848 0.2891599 0.760268
v -0.09729999 0.2905 0.7634219
v -0.09729999 0.279824972 0.7662823
v -0.09729999 0.272010356 0.774096966
v -0.0970854759 0.273556828 0.7664901
v -0.0970209762 0.273832917 0.7643203
v -0.09729999 0.301175 0.8032615
v -0.09701065 0.307166219 0.804018557
v -0.0970763043 0.308233023 0.8021088
v -0.09729999 0.3089896 0.795446932
v -0.09701068 0.310299 0.8013898
v -0.09729999 0.2905 0.7634219
v -0.0931 0.2905 0.7634219
v -0.0931 0.301175 0.7662823
v -0.09729999 0.301175 0.7662823
v -0.0931 0.3089896 0.774096966
v -0.09729999 0.3089896 0.774096966
v -0.0931 0.311849982 0.784772
v -0.09729999 0.311849982 0.784772
v -0.0931 0.3089896 0.795446932
v -0.09729999 0.3089896 0.795446932
v -0.0931 0.301175 0.8032615
v -0.09729999 0.301175 0.8032615
v -0.0931 0.2905 0.8061219
v -0.09729999 0.2905 0.8061219
v -0.0931 0.279824972 0.8032615
v -0.09729999 0.279824972 0.8032615
v -0.0931 0.272010356 0.795446932
v -0.09729999 0.272010356 0.795446932
v -0.0931 0.26915 0.784772
v -0.09729999 0.26915 0.784772
v -0.0931 0.272010356 0.774096966
v -0.09729999 0.272010356 0.774096966
v -0.0931 0.279824972 0.7662823
v -0.09729999 0.279824972 0.7662823
v -0.0931 0.2905 0.7634219
v -0.09729999 0.2905 0.7634219
v -0.0850499943 0.30835 0.784772
v -0.0931 0.30835 0.784772
v -0.0931 0.305516362 0.77512145
v -0.0850499943 0.305516362 0.77512145
v -0.0931 0.297915131 0.768535
v -0.0850499943 0.297915131 0.768535
v -0.0931 0.287959665 0.767103553
v -0.0850499943 0.287959665 0.767103553
v -0.0931 0.2788107 0.771281838
v -0.0850499943 0.2788107 0.771281838
v -0.0931 0.273373038 0.779742956
v -0.0850499943 0.273373038 0.779742956
v -0.0931 0.273373038 0.7898009
v -0.0850499943 0.273373038 0.7898009
v -0.0931 0.2788107 0.79826206
v -0.0850499943 0.2788107 0.79826206
v -0.0931 0.287959665 0.8024402
v -0.0850499943 0.287959665 0.8024402
v -0.0931 0.297915131 0.8010089
v -0.0850499943 0.297915131 0.8010089
v -0.0931 0.305516362 0.7944224
v -0.0850499943 0.305516362 0.7944224
v -0.0931 0.30835 0.784772
v -0.0850499943 0.30835 0.784772
v -0.0850499943 0.287959665 0.767103553
v -0.0850499943 0.28875 0.759803
v -0.08504968 0.292207 0.760023832
v -0.08505 0.284654826 0.7621282
v -0.08504976 0.286830336 0.7566243
v -0.08505 0.267698377 0.7657287
v -0.08505 0.2709239 0.7680612
v -0.08505 0.267468333 0.770719
v -0.0850499943 0.264932454 0.767913938
v -0.0850499943 0.261476517 0.763685167
v -0.08505 0.260571331 0.7769779
v -0.08505 0.261010915 0.7814475
v -0.08505 0.2649997 0.777204931
v -0.08504977 0.269250125 0.8073351
v -0.0850499943 0.273642 0.810339451
v -0.0850499943 0.2725625 0.8158406
v -0.0850499943 0.272188485 0.8071474
v -0.0850499943 0.287959665 0.8024402
v -0.08504968 0.2909918 0.8091324
v -0.08504973 0.287001133 0.811655641
v -0.08504973 0.287001133 0.811655641
v -0.08505 0.282932967 0.8102722
v -0.08505 0.282706 0.8147006
v -0.0850499943 0.287818819 0.815021753
v -0.0850499943 0.286750019 0.8204504
v -0.0850499943 0.287959665 0.8024402
v -0.08505 0.296345174 0.807415843
v -0.08504968 0.2909918 0.8091324
v -0.08504973 0.294169664 0.812624335
v -0.0850499943 0.3154689 0.7830219
v -0.08505 0.313143879 0.7789268
v -0.08504982 0.318499982 0.78108865
v -0.08505 0.316464275 0.7770672
v -0.08505 0.313531458 0.7988248
v -0.0850499943 0.316067517 0.8016299
v -0.0850498751 0.3123114 0.8021725
v -0.08504982 0.3130104 0.80613637
v -0.08504977 0.313187152 0.7661577
v -0.0850499943 0.314505041 0.758111656
v -0.08505 0.316327244 0.767759562
v -0.08505 0.3130752 0.7709529
v -0.0850498 0.309633762 0.7680231
v -0.0850499943 0.309317023 0.771373034
v -0.08505 0.303813368 0.7655518
v -0.0850498 0.309633762 0.7680231
v -0.08504977 0.307179749 0.7648475
v -0.0970855 0.268536329 0.7625706
v -0.09702098 0.267534763 0.764515042
v -0.08505 0.269435257 0.7621472
v -0.08505 0.267698377 0.7657287
v -0.09204999 0.277186662 0.7655518
v -0.08505 0.284654826 0.7621282
v -0.0850499943 0.2771011 0.7659549
v -0.09204999 0.284941763 0.7623506
v -0.09204999 0.2764471 0.7617404
v -0.09204999 0.273642 0.759204447
v -0.09204999 0.282705963 0.7548433
v -0.09204999 0.282932967 0.7592716
v -0.09204999 0.277186662 0.7655518
v -0.09204999 0.284941763 0.7623506
v -0.09204999 0.298204839 0.758807659
v -0.09204999 0.304319024 0.762196839
v -0.09204999 0.296345174 0.7621282
v -0.09204999 0.3038989 0.7659549
v -0.09204999 0.304319024 0.762196839
v -0.09204999 0.298204839 0.758807659
v -0.09204999 0.3075124 0.7589447
v -0.09204999 0.2982022 0.755131364
v -0.09204999 0.264999747 0.792338967
v -0.09204999 0.267468542 0.798824847
v -0.09204999 0.260571331 0.792566
v -0.09204999 0.264932454 0.8016299
v -0.09204999 0.276680946 0.8073472
v -0.09204999 0.282795161 0.810736239
v -0.09204999 0.273487657 0.8105992
v -0.09204999 0.282797784 0.8144126
v -0.09204999 0.282795161 0.810736239
v -0.09204999 0.276680946 0.8073472
v -0.09204999 0.284654826 0.807415843
v -0.09204999 0.2771011 0.803589
v -0.09204999 0.316464275 0.792476833
v -0.09204999 0.313075 0.798590958
v -0.09204999 0.313143849 0.7906172
v -0.09204999 0.309317023 0.7981708
v -0.09204999 0.316000283 0.777204931
v -0.09204999 0.309720159 0.771458566
v -0.09204999 0.320428669 0.7769779
v -0.09204999 0.313531637 0.770719
v -0.09204999 0.296345174 0.7621282
v -0.08505 0.303813368 0.7655518
v -0.0850499943 0.2960582 0.7623506
v -0.09204999 0.3038989 0.7659549
v -0.09204999 0.267856121 0.7789268
v -0.08505 0.271279842 0.771458566
v -0.0850499943 0.268078655 0.779213667
v -0.09204999 0.271682978 0.771373034
v -0.09204999 0.2712798 0.7980853
v -0.08505 0.267856121 0.7906172
v -0.0850499943 0.271682978 0.7981708
v -0.09204999 0.268078655 0.790330231
v -0.09204999 0.284654826 0.807415843
v -0.08505 0.277186662 0.8039922
v -0.0850499943 0.284941763 0.8071933
v -0.09204999 0.2771011 0.803589
v -0.09204999 0.3038133 0.8039922
v -0.08505 0.296345174 0.807415843
v -0.0850499943 0.3038989 0.803589
v -0.09204999 0.2960582 0.8071933
v -0.09204999 0.313143849 0.7906172
v -0.08505 0.309720159 0.7980853
v -0.0850499943 0.312921345 0.790330231
v -0.09204999 0.309317023 0.7981708
v -0.09204999 0.309720159 0.771458566
v -0.08505 0.313143879 0.7789268
v -0.0850499943 0.309317023 0.771373034
v -0.09204999 0.312921345 0.779213667
v -0.0931 0.3089896 0.795446932
v -0.0931 0.311849982 0.784772
v -0.0931 0.30835 0.784772
v -0.0931 0.3089896 0.774096966
v -0.0931 0.305516362 0.7944224
v -0.0931 0.305516362 0.77512145
v -0.0931 0.301175 0.8032615
v -0.0931 0.301175 0.7662823
v -0.0931 0.297915131 0.8010089
v -0.0931 0.297915131 0.768535
v -0.0931 0.2905 0.8061219
v -0.0931 0.2905 0.7634219
v -0.0931 0.287959665 0.8024402
v -0.0931 0.287959665 0.767103553
v -0.0931 0.279824972 0.8032615
v -0.0931 0.279824972 0.7662823
v -0.0931 0.2788107 0.79826206
v -0.0931 0.2788107 0.771281838
v -0.0931 0.272010356 0.795446932
v -0.0931 0.272010356 0.774096966
v -0.0931 0.273373038 0.7898009
v -0.0931 0.273373038 0.779742956
v -0.0931 0.26915 0.784772
v -0.0850499943 0.287818819 0.815021753
v -0.08504973 0.287001133 0.811655641
v -0.0970784947 0.287289828 0.8146988
v -0.08504973 0.287001133 0.811655641
v -0.0971196 0.286780745 0.8121863
v -0.0970784947 0.287289828 0.8146988
v -0.08504973 0.287001133 0.811655641
v -0.0970784947 0.288044959 0.8099451
v -0.08504968 0.2909918 0.8091324
v -0.0970784947 0.288044959 0.8099451
v -0.08504968 0.2909918 0.8091324
v -0.09701314 0.290445119 0.8090617
v -0.08504968 0.2909918 0.8091324
v -0.0970785 0.292857558 0.8098633
v -0.08504973 0.294169664 0.812624335
v -0.0970785 0.292857558 0.8098633
v -0.0971196 0.294195265 0.8120503
v -0.08504973 0.294169664 0.812624335
v -0.09701314 0.29374066 0.814579546
v -0.0971196 0.294195265 0.8120503
v -0.08504968 0.291282743 0.816360235
v -0.0850499943 0.287818819 0.815021753
v -0.09701311 0.28928262 0.816277266
v -0.0850499943 0.287818819 0.815021753
v -0.0970784947 0.287289828 0.8146988
v -0.09701311 0.28928262 0.816277266
v -0.08504968 0.291282743 0.816360235
v -0.09707849 0.2918401 0.8162679
v -0.08504968 0.291282743 0.816360235
v -0.09701314 0.29374066 0.814579546
v -0.08504973 0.294169664 0.812624335
v -0.08504982 0.319759727 0.788233161
v -0.09711737 0.317214161 0.7883047
v -0.09701034 0.319767445 0.788254261
v -0.08504979 0.315310121 0.786613643
v -0.09711737 0.317214161 0.7883047
v -0.097076 0.315262169 0.7866413
v -0.09711737 0.317214161 0.7883047
v -0.08504979 0.315310121 0.786613643
v -0.0970103443 0.314850539 0.7841285
v -0.0850499943 0.3154689 0.7830219
v -0.0970760062 0.316096753 0.781908
v -0.08504982 0.318499982 0.78108865
v -0.0971174 0.3185 0.781012535
v -0.08504982 0.318499982 0.78108865
v -0.0970760062 0.320903152 0.7819079
v -0.08504975 0.322127372 0.784132361
v -0.0970103443 0.3221495 0.7841285
v -0.08504975 0.322127372 0.784132361
v -0.0970760062 0.321737826 0.7866413
v -0.08504982 0.319759727 0.788233161
v -0.0970760062 0.321737826 0.7866413
v -0.09701034 0.319767445 0.788254261
v -0.08504979 0.315310121 0.786613643
v -0.0850499943 0.3154689 0.7830219
v -0.0970103443 0.314850539 0.7841285
v -0.0850499943 0.3154689 0.7830219
v -0.08504982 0.318499982 0.78108865
v -0.0970760062 0.316096753 0.781908
v -0.08504968 0.292462736 0.7536678
v -0.0850499943 0.294 0.756772
v -0.0970784947 0.294197679 0.7561845
v -0.0850499943 0.294 0.756772
v -0.0970785 0.293710232 0.758698761
v -0.0970784947 0.294197679 0.7561845
v -0.08504968 0.292207 0.760023832
v -0.09707849 0.291720569 0.7603114
v -0.08504968 0.292207 0.760023832
v -0.09707848 0.2891599 0.760268
v -0.0850499943 0.28875 0.759803
v -0.0970784947 0.2872262 0.7585887
v -0.08504976 0.286830336 0.7566243
v -0.0971196 0.286804736 0.7560502
v -0.08504976 0.286830336 0.7566243
v -0.09701314 0.288157135 0.7538944
v -0.0850499943 0.28875 0.753740847
v -0.0970785 0.290563583 0.7530285
v -0.08504968 0.292462736 0.7536678
v -0.09701313 0.292926967 0.753965
v -0.08504968 0.292462736 0.7536678
v -0.0970784947 0.294197679 0.7561845
v -0.0850499943 0.294 0.756772
v -0.08504968 0.292207 0.760023832
v -0.0970785 0.293710232 0.758698761
v -0.08504968 0.292207 0.760023832
v -0.0850499943 0.28875 0.759803
v -0.09707848 0.2891599 0.760268
v -0.0850499943 0.28875 0.759803
v -0.08504976 0.286830336 0.7566243
v -0.0970784947 0.2872262 0.7585887
v -0.08504976 0.286830336 0.7566243
v -0.0850499943 0.28875 0.753740847
v -0.09701314 0.288157135 0.7538944
v -0.0850499943 0.28875 0.753740847
v -0.08504968 0.292462736 0.7536678
v -0.0970785 0.290563583 0.7530285
v -0.08505 0.261010915 0.7814475
v -0.09715331 0.26237005 0.780979335
v -0.097021 0.260031343 0.781983733
v -0.08505 0.261010915 0.7814475
v -0.0850499943 0.264749765 0.7820907
v -0.09715331 0.26237005 0.780979335
v -0.0850499943 0.264749765 0.7820907
v -0.0970855 0.26482743 0.7818208
v -0.09715331 0.26237005 0.780979335
v -0.08505 0.2661236 0.7851447
v -0.09702098 0.2661489 0.7840282
v -0.0850499943 0.264749765 0.7820907
v -0.08505 0.2661236 0.7851447
v -0.0970855 0.26482743 0.7818208
v -0.08505 0.2661236 0.7851447
v -0.09708548 0.2658105 0.786551535
v -0.09702098 0.2661489 0.7840282
v -0.0850499943 0.263697058 0.788060844
v -0.09708547 0.263892 0.7882631
v -0.08505 0.260365427 0.7877237
v -0.09708547 0.26132226 0.7883411
v -0.08505 0.2661236 0.7851447
v -0.0850499943 0.263697058 0.788060844
v -0.09708548 0.2658105 0.786551535
v -0.0850499943 0.263697058 0.788060844
v -0.08505 0.260365427 0.7877237
v -0.09708547 0.263892 0.7882631
v -0.08505 0.260365427 0.7877237
v -0.09702097 0.259325534 0.7867189
v -0.09708547 0.26132226 0.7883411
v -0.0850499943 0.259053141 0.7841642
v -0.09708548 0.2587805 0.7842319
v -0.08505 0.261010915 0.7814475
v -0.097021 0.260031343 0.781983733
v -0.08505 0.260365427 0.7877237
v -0.0850499943 0.259053141 0.7841642
v -0.09702097 0.259325534 0.7867189
v -0.0850499943 0.259053141 0.7841642
v -0.08505 0.261010915 0.7814475
v -0.09708548 0.2587805 0.7842319
v -0.0965999961 0.3032514 0.790113449
v -0.09650566 0.306091458 0.7921846
v -0.09640864 0.307714581 0.782111347
v -0.0966 0.297728956 0.7966561
v -0.0965999961 0.293448478 0.798278868
v -0.0965999961 0.2950863 0.8011157
v -0.09640864 0.273285419 0.782111347
v -0.09650565 0.274908543 0.7921846
v -0.0965999961 0.277748585 0.790113449
v -0.0965999961 0.287551522 0.798278868
v -0.0966 0.28277573 0.7963403
v -0.0965999961 0.285913676 0.8011157
v -0.1008 0.28801924 0.797997
v -0.1008 0.283271 0.7966561
v -0.0965999961 0.287551522 0.798278868
v -0.1008 0.283271 0.7966561
v -0.0966 0.28277573 0.7963403
v -0.0965999961 0.287551522 0.798278868
v -0.0965999961 0.293448478 0.798278868
v -0.0966 0.297728956 0.7966561
v -0.1008 0.2930195 0.798163533
v -0.0966 0.297728956 0.7966561
v -0.1008 0.2982242 0.7963403
v -0.1008 0.2930195 0.798163533
v -0.1008 0.279498339 0.7931442
v -0.1008 0.279573649 0.791247666
v -0.0965999961 0.279498339 0.7931442
v -0.1008 0.279573649 0.791247666
v -0.0966 0.27942878 0.7909967
v -0.0965999961 0.279498339 0.7931442
v -0.1008 0.279573649 0.791247666
v -0.1008 0.277748585 0.790113449
v -0.0966 0.27942878 0.7909967
v -0.1008 0.277748585 0.790113449
v -0.0965999961 0.277748585 0.790113449
v -0.0966 0.27942878 0.7909967
v -0.10067752 0.284062415 0.79183054
v -0.1008 0.283271 0.7966561
v -0.100600943 0.288208783 0.793835163
v -0.1008 0.283271 0.7966561
v -0.1008 0.28801924 0.797997
v -0.100600943 0.288208783 0.793835163
v -0.100671835 0.2816022 0.78825295
v -0.1008 0.2767028 0.783895254
v -0.1008 0.277748585 0.790113449
v -0.100671835 0.2816022 0.78825295
v -0.1008 0.2816712 0.780938864
v -0.1008 0.2767028 0.783895254
v -0.1008 0.2957795 0.7767241
v -0.1008 0.292249769 0.7710581
v -0.1008 0.290355116 0.77207154
v -0.1008 0.2993288 0.780938864
v -0.100671835 0.2993978 0.78825295
v -0.1008 0.304297179 0.783895254
v -0.100671835 0.2993978 0.78825295
v -0.1008 0.3032514 0.790113449
v -0.1008 0.304297179 0.783895254
v -0.1008 0.301501632 0.7931442
v -0.100673266 0.2969737 0.791792035
v -0.1008 0.2982242 0.7963403
v -0.100673266 0.2969737 0.791792035
v -0.1008 0.30157122 0.7909967
v -0.100671835 0.2993978 0.78825295
v -0.1008 0.3032514 0.790113449
v -0.100673266 0.2969737 0.791792035
v -0.100596868 0.2927907 0.7938312
v -0.1008 0.2982242 0.7963403
v -0.100596868 0.2927907 0.7938312
v -0.1008 0.2930195 0.798163533
v -0.1008 0.2982242 0.7963403
v -0.100600943 0.288208783 0.793835163
v -0.1008 0.28801924 0.797997
v -0.0962060243 0.2882249 0.7971126
v -0.0962060243 0.2882249 0.7971126
v -0.0920658559 0.2864901 0.799925745
v -0.100600943 0.288208783 0.793835163
v -0.0920658559 0.2864901 0.799925745
v -0.10067752 0.284062415 0.79183054
v -0.100600943 0.288208783 0.793835163
v -0.0920658559 0.2864901 0.799925745
v -0.0903861 0.284045815 0.800426841
v -0.10067752 0.284062415 0.79183054
v -0.0903861 0.284045815 0.800426841
v -0.09024605 0.277039081 0.795886338
v -0.10067752 0.284062415 0.79183054
v -0.09024605 0.277039081 0.795886338
v -0.100671835 0.2816022 0.78825295
v -0.10067752 0.284062415 0.79183054
v -0.0965999961 0.287551522 0.798278868
v -0.0962060243 0.2882249 0.7971126
v -0.1008 0.28801924 0.797997
v -0.0965999961 0.285913676 0.8011157
v -0.0920658559 0.2864901 0.799925745
v -0.0931 0.285552919 0.8017405
v -0.0933051258 0.285050243 0.802611232
v -0.0965999961 0.287551522 0.798278868
v -0.0920658559 0.2864901 0.799925745
v -0.0962060243 0.2882249 0.7971126
v -0.0965999961 0.285913676 0.8011157
v -0.0931 0.285552919 0.8017405
v -0.0920658559 0.2864901 0.799925745
v -0.094125405 0.281432539 0.8010139
v -0.0965999961 0.285913676 0.8011157
v -0.0965999961 0.2793733 0.797591746
v -0.094125405 0.281432539 0.8010139
v -0.0933051258 0.285050243 0.802611232
v -0.0965999961 0.285913676 0.8011157
v -0.09650565 0.274908543 0.7921846
v -0.09640864 0.273285419 0.782111347
v -0.09551111 0.273093522 0.7878412
v -0.0965999961 0.280067563 0.77138114
v -0.0965999961 0.286785334 0.7682084
v -0.09327823 0.283652216 0.767378
v -0.0965999961 0.286785334 0.7682084
v -0.09327734 0.2905 0.7660796
v -0.09327823 0.283652216 0.767378
v -0.0965999961 0.286785334 0.7682084
v -0.0965999961 0.294214666 0.7682084
v -0.09327734 0.2905 0.7660796
v -0.0965999961 0.294214666 0.7682084
v -0.0932782143 0.297347963 0.767378
v -0.09327734 0.2905 0.7660796
v -0.0965999961 0.294214666 0.7682084
v -0.0965999961 0.300932437 0.77138114
v -0.0932782143 0.297347963 0.767378
v -0.09640864 0.307714581 0.782111347
v -0.09650566 0.306091458 0.7921846
v -0.09551111 0.307906479 0.7878412
v -0.0965999961 0.301626682 0.797591746
v -0.0965999961 0.2950863 0.8011157
v -0.0933163539 0.2997169 0.801074743
v -0.0965999961 0.2950863 0.8011157
v -0.0933051258 0.295949727 0.802611232
v -0.0933163539 0.2997169 0.801074743
v -0.0931 0.305806965 0.79360944
v -0.09024605 0.3039609 0.795886338
v -0.082600005 0.3040951 0.796067
v -0.0861 0.2933 0.7673201
v -0.0861018151 0.2877698 0.767181933
v -0.0931 0.29417485 0.7674832
v -0.0861018151 0.2877698 0.767181933
v -0.0931 0.28682512 0.7674832
v -0.0931 0.29417485 0.7674832
v -0.0861018151 0.2877698 0.767181933
v -0.08289853 0.287383884 0.7673631
v -0.0931 0.28682512 0.7674832
v -0.0931 0.275192976 0.7759344
v -0.09640864 0.273285419 0.782111347
v -0.0964469239 0.27502498 0.777106464
v -0.09650565 0.274908543 0.7921846
v -0.09551111 0.273093522 0.7878412
v -0.0931 0.275192976 0.79360944
v -0.0931009352 0.279732049 0.7989665
v -0.0931 0.275192976 0.79360944
v -0.09024605 0.277039081 0.795886338
v -0.0931 0.275192976 0.79360944
v -0.082600005 0.276904881 0.796067
v -0.09024605 0.277039081 0.795886338
v -0.09024605 0.277039081 0.795886338
v -0.09029825 0.2796387 0.798752069
v -0.0931009352 0.279732049 0.7989665
v -0.09029825 0.2796387 0.798752069
v -0.0907217041 0.284595 0.8014762
v -0.0931009352 0.279732049 0.7989665
v -0.0907217041 0.284595 0.8014762
v -0.0931 0.285552919 0.8017405
v -0.0931009352 0.279732049 0.7989665
v -0.0931 0.305806965 0.79360944
v -0.0931016654 0.301131457 0.7990938
v -0.09024605 0.3039609 0.795886338
v -0.0931016654 0.301131457 0.7990938
v -0.09029825 0.3013613 0.798752069
v -0.09024605 0.3039609 0.795886338
v -0.0931016654 0.301131457 0.7990938
v -0.0907216 0.29640466 0.8014763
v -0.09029825 0.3013613 0.798752069
v -0.0931016654 0.301131457 0.7990938
v -0.0931 0.295447052 0.8017405
v -0.0907216 0.29640466 0.8014763
v -0.0931 0.305806965 0.79360944
v -0.09551111 0.307906479 0.7878412
v -0.09650566 0.306091458 0.7921846
v -0.09640864 0.307714581 0.782111347
v -0.0931 0.305806965 0.7759344
v -0.09644874 0.305941224 0.777028143
v -0.0931 0.275192976 0.7759344
v -0.09338363 0.2779402 0.7709301
v -0.0931 0.280110866 0.7704726
v -0.09338363 0.2779402 0.7709301
v -0.09327823 0.283652216 0.767378
v -0.0931 0.280110866 0.7704726
v -0.09327823 0.283652216 0.767378
v -0.0931 0.28682512 0.7674832
v -0.0931 0.280110866 0.7704726
v -0.09327823 0.283652216 0.767378
v -0.09327734 0.2905 0.7660796
v -0.0931 0.28682512 0.7674832
v -0.09327734 0.2905 0.7660796
v -0.0931 0.29417485 0.7674832
v -0.0931 0.28682512 0.7674832
v -0.09327734 0.2905 0.7660796
v -0.0932782143 0.297347963 0.767378
v -0.0931 0.29417485 0.7674832
v -0.0932782143 0.297347963 0.767378
v -0.0931 0.3008891 0.7704726
v -0.0931 0.29417485 0.7674832
v -0.0932782143 0.297347963 0.767378
v -0.09329711 0.302989483 0.770904541
v -0.0931 0.3008891 0.7704726
v -0.09329711 0.302989483 0.770904541
v -0.0931 0.305806965 0.7759344
v -0.0931 0.3008891 0.7704726
v -0.0933051258 0.285050243 0.802611232
v -0.09315293 0.278568476 0.7992905
v -0.0931 0.285552919 0.8017405
v -0.0931 0.305806965 0.79360944
v -0.09324013 0.3029337 0.798722148
v -0.0931016654 0.301131457 0.7990938
v -0.0933163539 0.2997169 0.801074743
v -0.0933051258 0.295949727 0.802611232
v -0.0931 0.295447052 0.8017405
v -0.0933163539 0.2997169 0.801074743
v -0.0931016654 0.301131457 0.7990938
v -0.09324013 0.3029337 0.798722148
v -0.0931 0.275192976 0.7759344
v -0.0964469239 0.27502498 0.777106464
v -0.09338363 0.2779402 0.7709301
v -0.09315293 0.278568476 0.7992905
v -0.0933051258 0.285050243 0.802611232
v -0.094125405 0.281432539 0.8010139
v -0.09329711 0.302989483 0.770904541
v -0.09644874 0.305941224 0.777028143
v -0.0931 0.305806965 0.7759344
v -0.09315293 0.278568476 0.7992905
v -0.09650565 0.274908543 0.7921846
v -0.0931 0.275192976 0.79360944
v -0.0931 0.305806965 0.79360944
v -0.09650566 0.306091458 0.7921846
v -0.09324013 0.3029337 0.798722148
v -0.0965999961 0.293448478 0.798278868
v -0.1008 0.2930195 0.798163533
v -0.0962059945 0.2927751 0.7971126
v -0.0965999961 0.2950863 0.8011157
v -0.0965999961 0.293448478 0.798278868
v -0.0920676 0.294504851 0.7999185
v -0.0933051258 0.295949727 0.802611232
v -0.0931 0.295447052 0.8017405
v -0.0965999961 0.293448478 0.798278868
v -0.0962059945 0.2927751 0.7971126
v -0.0920676 0.294504851 0.7999185
v -0.0965999961 0.2950863 0.8011157
v -0.0920676 0.294504851 0.7999185
v -0.0931 0.295447052 0.8017405
v -0.0962059945 0.2927751 0.7971126
v -0.1008 0.2930195 0.798163533
v -0.100596868 0.2927907 0.7938312
v -0.0920676 0.294504851 0.7999185
v -0.0962059945 0.2927751 0.7971126
v -0.100596868 0.2927907 0.7938312
v -0.0920676 0.294504851 0.7999185
v -0.09038592 0.296952546 0.80042243
v -0.100596868 0.2927907 0.7938312
v -0.100673266 0.2969737 0.791792035
v -0.09038592 0.296952546 0.80042243
v -0.100673266 0.2969737 0.791792035
v -0.09024605 0.3039609 0.795886338
v -0.09038592 0.296952546 0.80042243
v -0.100673266 0.2969737 0.791792035
v -0.100671835 0.2993978 0.78825295
v -0.09024605 0.3039609 0.795886338
v -0.0889 0.2816661 0.7885934
v -0.08889803 0.281528324 0.7828267
v -0.100671835 0.2816022 0.78825295
v -0.08889803 0.281528324 0.7828267
v -0.1008 0.2816712 0.780938864
v -0.100671835 0.2816022 0.78825295
v -0.08889803 0.281528324 0.7828267
v -0.08889795 0.283988357 0.7783022
v -0.1008 0.2816712 0.780938864
v -0.08889788 0.288497359 0.7758147
v -0.1008 0.285220474 0.7767241
v -0.08889781 0.293634921 0.77614677
v -0.1008 0.2905 0.775146961
v -0.0888977 0.297698617 0.779115856
v -0.1008 0.2957795 0.7767241
v -0.08889795 0.283988357 0.7783022
v -0.1008 0.285220474 0.7767241
v -0.1008 0.2816712 0.780938864
v -0.08889788 0.288497359 0.7758147
v -0.1008 0.2905 0.775146961
v -0.08889781 0.293634921 0.77614677
v -0.1008 0.2957795 0.7767241
v -0.0888977 0.297698617 0.779115856
v -0.1008 0.2993288 0.780938864
v -0.08889842 0.299708545 0.78353703
v -0.08889842 0.299708545 0.78353703
v -0.100671835 0.2993978 0.78825295
v -0.1008 0.2993288 0.780938864
v -0.08889842 0.299708545 0.78353703
v -0.0888987854 0.299129128 0.788359046
v -0.100671835 0.2993978 0.78825295
v -0.0907217041 0.284595 0.8014762
v -0.09029825 0.2796387 0.798752069
v -0.0903861 0.284045815 0.800426841
v -0.09029825 0.2796387 0.798752069
v -0.09024605 0.277039081 0.795886338
v -0.0903861 0.284045815 0.800426841
v -0.0907216 0.29640466 0.8014763
v -0.09038592 0.296952546 0.80042243
v -0.09029825 0.3013613 0.798752069
v -0.09038592 0.296952546 0.80042243
v -0.09024605 0.3039609 0.795886338
v -0.09029825 0.3013613 0.798752069
v -0.0931 0.285552919 0.8017405
v -0.0907217041 0.284595 0.8014762
v -0.0920658559 0.2864901 0.799925745
v -0.0907217041 0.284595 0.8014762
v -0.0903861 0.284045815 0.800426841
v -0.0920658559 0.2864901 0.799925745
v -0.0931 0.295447052 0.8017405
v -0.0920676 0.294504851 0.7999185
v -0.0907216 0.29640466 0.8014763
v -0.0920676 0.294504851 0.7999185
v -0.09038592 0.296952546 0.80042243
v -0.0907216 0.29640466 0.8014763
v -0.0888987854 0.299129128 0.788359046
v -0.0889 0.295784831 0.7928163
v -0.082600005 0.29933387 0.7885934
v -0.0889 0.2905 0.794396937
v -0.0889 0.2853121 0.79233253
v -0.082600005 0.2905 0.794396937
v -0.0889 0.2853121 0.79233253
v -0.082600005 0.285215139 0.7928163
v -0.082600005 0.2905 0.794396937
v -0.0889 0.2853121 0.79233253
v -0.0889 0.2816661 0.7885934
v -0.082600005 0.285215139 0.7928163
v -0.0889 0.2816661 0.7885934
v -0.082600005 0.2816661 0.7885934
v -0.082600005 0.285215139 0.7928163
v -0.0829855055 0.293504238 0.7673398
v -0.082600005 0.3006584 0.770307839
v -0.0827674 0.293680429 0.775248349
v -0.082600005 0.2816661 0.7885934
v -0.08304479 0.2860571 0.786421537
v -0.08284309 0.2881051 0.7888472
v -0.082600005 0.2816661 0.7885934
v -0.08283774 0.286028475 0.783234358
v -0.08304479 0.2860571 0.786421537
v -0.08284098 0.294160157 0.7817798
v -0.08290209 0.291334063 0.7801068
v -0.0827674 0.293680429 0.775248349
v -0.0875 0.29786095 0.7800413
v -0.082945846 0.295212328 0.784772
v -0.0875 0.299249977 0.784772
v -0.082945846 0.295212328 0.784772
v -0.0875 0.29786095 0.789502561
v -0.0875 0.299249977 0.784772
v -0.082945846 0.295212328 0.784772
v -0.08289846 0.294166774 0.787775338
v -0.0875 0.29786095 0.789502561
v -0.08289846 0.294166774 0.787775338
v -0.0875 0.294134855 0.7927312
v -0.0875 0.29786095 0.789502561
v -0.08289846 0.294166774 0.787775338
v -0.08290208 0.291334 0.789437056
v -0.0875 0.294134855 0.7927312
v -0.08290208 0.291334 0.789437056
v -0.0875 0.289254725 0.7934329
v -0.0875 0.294134855 0.7927312
v -0.08290208 0.291334 0.789437056
v -0.08284309 0.2881051 0.7888472
v -0.0875 0.289254725 0.7934329
v -0.08284309 0.2881051 0.7888472
v -0.0875 0.284769952 0.791384757
v -0.0875 0.289254725 0.7934329
v -0.08284309 0.2881051 0.7888472
v -0.08304479 0.2860571 0.786421537
v -0.0875 0.284769952 0.791384757
v -0.08304479 0.2860571 0.786421537
v -0.0885997042 0.2819477 0.7872808
v -0.0875 0.284769952 0.791384757
v -0.08304479 0.2860571 0.786421537
v -0.0875 0.2821044 0.7823068
v -0.0885997042 0.2819477 0.7872808
v -0.08304479 0.2860571 0.786421537
v -0.08283774 0.286028475 0.783234358
v -0.0875 0.2821044 0.7823068
v -0.08283774 0.286028475 0.783234358
v -0.0875 0.284769952 0.778159142
v -0.0875 0.2821044 0.7823068
v -0.08283774 0.286028475 0.783234358
v -0.0829009 0.288101137 0.7806846
v -0.0875 0.284769952 0.778159142
v -0.0829009 0.288101137 0.7806846
v -0.0875 0.289254725 0.776110947
v -0.0875 0.284769952 0.778159142
v -0.0829009 0.288101137 0.7806846
v -0.08290209 0.291334063 0.7801068
v -0.0875 0.289254725 0.776110947
v -0.08290209 0.291334063 0.7801068
v -0.0875 0.294134855 0.7768127
v -0.0875 0.289254725 0.776110947
v -0.08290209 0.291334063 0.7801068
v -0.08284098 0.294160157 0.7817798
v -0.0875 0.294134855 0.7768127
v -0.08284098 0.294160157 0.7817798
v -0.0875 0.29786095 0.7800413
v -0.0875 0.294134855 0.7768127
v -0.08284098 0.294160157 0.7817798
v -0.082945846 0.295212328 0.784772
v -0.0875 0.29786095 0.7800413
v -0.0888987854 0.299129128 0.788359046
v -0.08889842 0.299708545 0.78353703
v -0.0875 0.29786095 0.789502561
v -0.08889842 0.299708545 0.78353703
v -0.0875 0.299249977 0.784772
v -0.0875 0.29786095 0.789502561
v -0.08889842 0.299708545 0.78353703
v -0.0888977 0.297698617 0.779115856
v -0.0875 0.299249977 0.784772
v -0.0888977 0.297698617 0.779115856
v -0.0875 0.29786095 0.7800413
v -0.0875 0.299249977 0.784772
v -0.0888977 0.297698617 0.779115856
v -0.0875 0.294134855 0.7768127
v -0.0875 0.29786095 0.7800413
v -0.0888987854 0.299129128 0.788359046
v -0.0875 0.29786095 0.789502561
v -0.0889 0.294134855 0.7927312
v -0.0875 0.289254725 0.7934329
v -0.0889 0.2853121 0.79233253
v -0.0889 0.289254725 0.7934329
v -0.0875 0.289254725 0.7934329
v -0.0875 0.284769952 0.791384757
v -0.0889 0.2853121 0.79233253
v -0.0875 0.284769952 0.791384757
v -0.0885997042 0.2819477 0.7872808
v -0.0889 0.2853121 0.79233253
v -0.0885997042 0.2819477 0.7872808
v -0.0875 0.2821044 0.7823068
v -0.08889803 0.281528324 0.7828267
v -0.0875 0.2821044 0.7823068
v -0.08889795 0.283988357 0.7783022
v -0.08889803 0.281528324 0.7828267
v -0.0875 0.2821044 0.7823068
v -0.0875 0.284769952 0.778159142
v -0.08889795 0.283988357 0.7783022
v -0.0875 0.284769952 0.778159142
v -0.08889788 0.288497359 0.7758147
v -0.08889795 0.283988357 0.7783022
v -0.0875 0.284769952 0.778159142
v -0.0875 0.289254725 0.776110947
v -0.08889788 0.288497359 0.7758147
v -0.0875 0.289254725 0.776110947
v -0.08889781 0.293634921 0.77614677
v -0.08889788 0.288497359 0.7758147
v -0.0875 0.289254725 0.776110947
v -0.0875 0.294134855 0.7768127
v -0.08889781 0.293634921 0.77614677
v -0.0875 0.294134855 0.7768127
v -0.0888977 0.297698617 0.779115856
v -0.08889781 0.293634921 0.77614677
v -0.08889803 0.281528324 0.7828267
v -0.0889 0.2816661 0.7885934
v -0.0885997042 0.2819477 0.7872808
v -0.0889 0.2816661 0.7885934
v -0.0889 0.2853121 0.79233253
v -0.0885997042 0.2819477 0.7872808
v -0.0827674 0.293680429 0.775248349
v -0.0861 0.2933 0.7750201
v -0.0829855055 0.293504238 0.7673398
v -0.0861 0.2933 0.7750201
v -0.0861 0.2933 0.7673201
v -0.0829855055 0.293504238 0.7673398
v -0.0965999961 0.301501632 0.7931442
v -0.0966 0.301426321 0.791247666
v -0.1008 0.301501632 0.7931442
v -0.0966 0.301426321 0.791247666
v -0.1008 0.30157122 0.7909967
v -0.1008 0.301501632 0.7931442
v -0.0966 0.301426321 0.791247666
v -0.0965999961 0.3032514 0.790113449
v -0.1008 0.30157122 0.7909967
v -0.0965999961 0.3032514 0.790113449
v -0.1008 0.3032514 0.790113449
v -0.1008 0.30157122 0.7909967
v -0.0965999961 0.292249769 0.7710581
v -0.0966 0.290644944 0.77207154
v -0.1008 0.292249769 0.7710581
v -0.0966 0.290644944 0.77207154
v -0.1008 0.290355116 0.77207154
v -0.1008 0.292249769 0.7710581
v -0.0966 0.290644944 0.77207154
v -0.0965999961 0.288750231 0.7710581
v -0.1008 0.290355116 0.77207154
v -0.0965999961 0.288750231 0.7710581
v -0.1008 0.288750231 0.7710581
v -0.1008 0.290355116 0.77207154
v -0.0965999961 0.304297179 0.783895254
v -0.0965999961 0.3032514 0.790113449
v -0.09640864 0.307714581 0.782111347
v -0.09644874 0.305941224 0.777028143
v -0.0965999961 0.3032514 0.790113449
v -0.0966 0.301426321 0.791247666
v -0.09650566 0.306091458 0.7921846
v -0.0965999961 0.301501632 0.7931442
v -0.0965999961 0.301626682 0.797591746
v -0.0965999961 0.301501632 0.7931442
v -0.0966 0.297728956 0.7966561
v -0.0965999961 0.301626682 0.797591746
v -0.0965999961 0.2950863 0.8011157
v -0.09644874 0.305941224 0.777028143
v -0.0965999961 0.3024728 0.7778594
v -0.0965999961 0.304297179 0.783895254
v -0.0965999961 0.300932437 0.77138114
v -0.0965999961 0.300932437 0.77138114
v -0.0965999961 0.298157781 0.7732616
v -0.0965999961 0.294214666 0.7682084
v -0.0965999961 0.292249769 0.7710581
v -0.0965999961 0.288750231 0.7710581
v -0.0966 0.290644944 0.77207154
v -0.0965999961 0.286785334 0.7682084
v -0.0965999961 0.2828422 0.7732616
v -0.0965999961 0.280067563 0.77138114
v -0.0965999961 0.2785272 0.7778594
v -0.0964469239 0.27502498 0.777106464
v -0.0965999961 0.2767028 0.783895254
v -0.0964469239 0.27502498 0.777106464
v -0.09640864 0.273285419 0.782111347
v -0.0965999961 0.2767028 0.783895254
v -0.0965999961 0.277748585 0.790113449
v -0.09650565 0.274908543 0.7921846
v -0.0966 0.27942878 0.7909967
v -0.0965999961 0.277748585 0.790113449
v -0.0965999961 0.279498339 0.7931442
v -0.0965999961 0.2793733 0.797591746
v -0.0965999961 0.2793733 0.797591746
v -0.0966 0.28277573 0.7963403
v -0.0965999961 0.279498339 0.7931442
v -0.0965999961 0.285913676 0.8011157
v -0.1008 0.277748585 0.790113449
v -0.1008 0.2767028 0.783895254
v -0.0965999961 0.277748585 0.790113449
v -0.0965999961 0.2767028 0.783895254
v -0.1008 0.2785272 0.7778594
v -0.0965999961 0.2785272 0.7778594
v -0.1008 0.2828422 0.7732616
v -0.0965999961 0.2828422 0.7732616
v -0.1008 0.288750231 0.7710581
v -0.0965999961 0.288750231 0.7710581
v -0.0965999961 0.279498339 0.7931442
v -0.0966 0.28277573 0.7963403
v -0.1008 0.279498339 0.7931442
v -0.1008 0.283271 0.7966561
v -0.1008 0.292249769 0.7710581
v -0.1008 0.298157781 0.7732616
v -0.0965999961 0.292249769 0.7710581
v -0.0965999961 0.298157781 0.7732616
v -0.1008 0.3024728 0.7778594
v -0.0965999961 0.3024728 0.7778594
v -0.1008 0.304297179 0.783895254
v -0.0965999961 0.304297179 0.783895254
v -0.1008 0.3032514 0.790113449
v -0.0965999961 0.3032514 0.790113449
v -0.1008 0.301501632 0.7931442
v -0.1008 0.2982242 0.7963403
v -0.0965999961 0.301501632 0.7931442
v -0.0966 0.297728956 0.7966561
v -0.10067752 0.284062415 0.79183054
v -0.1008 0.279498339 0.7931442
v -0.1008 0.283271 0.7966561
v -0.1008 0.279573649 0.791247666
v -0.100671835 0.2816022 0.78825295
v -0.1008 0.277748585 0.790113449
v -0.1008 0.2816712 0.780938864
v -0.1008 0.2785272 0.7778594
v -0.1008 0.2767028 0.783895254
v -0.1008 0.285220474 0.7767241
v -0.1008 0.2828422 0.7732616
v -0.1008 0.288750231 0.7710581
v -0.1008 0.288750231 0.7710581
v -0.1008 0.290355116 0.77207154
v -0.1008 0.2905 0.775146961
v -0.1008 0.2957795 0.7767241
v -0.1008 0.298157781 0.7732616
v -0.1008 0.292249769 0.7710581
v -0.1008 0.3024728 0.7778594
v -0.1008 0.2993288 0.780938864
v -0.1008 0.304297179 0.783895254
v -0.09650565 0.274908543 0.7921846
v -0.09315293 0.278568476 0.7992905
v -0.0965999961 0.2793733 0.797591746
v -0.094125405 0.281432539 0.8010139
v -0.0964469239 0.27502498 0.777106464
v -0.0965999961 0.280067563 0.77138114
v -0.09338363 0.2779402 0.7709301
v -0.09327823 0.283652216 0.767378
v -0.0965999961 0.300932437 0.77138114
v -0.09329711 0.302989483 0.770904541
v -0.0932782143 0.297347963 0.767378
v -0.09644874 0.305941224 0.777028143
v -0.0965999961 0.301626682 0.797591746
v -0.09324013 0.3029337 0.798722148
v -0.09650566 0.306091458 0.7921846
v -0.0933163539 0.2997169 0.801074743
v -0.0931 0.305806965 0.7759344
v -0.09640864 0.307714581 0.782111347
v -0.082600005 0.308019757 0.7824345
v -0.082600005 0.305609077 0.7756002
v -0.0931 0.3008891 0.7704726
v -0.082600005 0.3006584 0.770307839
v -0.0931 0.29417485 0.7674832
v -0.0829855055 0.293504238 0.7673398
v -0.0861 0.2933 0.7673201
v -0.09640864 0.307714581 0.782111347
v -0.09551111 0.307906479 0.7878412
v -0.082600005 0.307485133 0.789661765
v -0.0931 0.305806965 0.79360944
v -0.082600005 0.3040951 0.796067
v -0.0931 0.28682512 0.7674832
v -0.08289853 0.287383884 0.7673631
v -0.082600005 0.280341566 0.770307839
v -0.0931 0.280110866 0.7704726
v -0.082600005 0.2753909 0.7756002
v -0.0931 0.275192976 0.7759344
v -0.082600005 0.272980243 0.7824345
v -0.09640864 0.273285419 0.782111347
v -0.09551111 0.273093522 0.7878412
v -0.09640864 0.273285419 0.782111347
v -0.082600005 0.273514837 0.789661765
v -0.0931 0.275192976 0.79360944
v -0.082600005 0.276904881 0.796067
v -0.0931 0.275192976 0.79360944
v -0.0931009352 0.279732049 0.7989665
v -0.09315293 0.278568476 0.7992905
v -0.0931 0.285552919 0.8017405
v -0.100671835 0.2816022 0.78825295
v -0.09024605 0.277039081 0.795886338
v -0.0889 0.2816661 0.7885934
v -0.082600005 0.2816661 0.7885934
v -0.082600005 0.276904881 0.796067
v -0.09024605 0.3039609 0.795886338
v -0.082600005 0.29933387 0.7885934
v -0.082600005 0.3040951 0.796067
v -0.0888987854 0.299129128 0.788359046
v -0.100671835 0.2993978 0.78825295
v -0.0889 0.295784831 0.7928163
v -0.082600005 0.295784831 0.7928163
v -0.082600005 0.29933387 0.7885934
v -0.0889 0.2905 0.794396937
v -0.082600005 0.2905 0.794396937
v -0.082600005 0.3006584 0.770307839
v -0.082600005 0.305609077 0.7756002
v -0.0827674 0.293680429 0.775248349
v -0.08284098 0.294160157 0.7817798
v -0.082600005 0.305609077 0.7756002
v -0.082600005 0.308019757 0.7824345
v -0.08284098 0.294160157 0.7817798
v -0.082945846 0.295212328 0.784772
v -0.082600005 0.29933387 0.7885934
v -0.082600005 0.307485133 0.789661765
v -0.082600005 0.3040951 0.796067
v -0.082600005 0.308019757 0.7824345
v -0.082600005 0.29933387 0.7885934
v -0.082945846 0.295212328 0.784772
v -0.08289846 0.294166774 0.787775338
v -0.082600005 0.295784831 0.7928163
v -0.08290208 0.291334 0.789437056
v -0.082600005 0.2905 0.794396937
v -0.082600005 0.2905 0.794396937
v -0.08284309 0.2881051 0.7888472
v -0.08290208 0.291334 0.789437056
v -0.082600005 0.285215139 0.7928163
v -0.082600005 0.2816661 0.7885934
v -0.08283774 0.286028475 0.783234358
v -0.082600005 0.272980243 0.7824345
v -0.082600005 0.2753909 0.7756002
v -0.0829009 0.288101137 0.7806846
v -0.08277848 0.287410259 0.775333047
v -0.082600005 0.2816661 0.7885934
v -0.082600005 0.273514837 0.789661765
v -0.082600005 0.276904881 0.796067
v -0.08277848 0.287410259 0.775333047
v -0.082600005 0.280341566 0.770307839
v -0.08289853 0.287383884 0.7673631
v -0.08290209 0.291334063 0.7801068
v -0.0827674 0.293680429 0.775248349
v -0.0829009 0.288101137 0.7806846
v -0.0875 0.29786095 0.789502561
v -0.0875 0.294134855 0.7927312
v -0.0889 0.294134855 0.7927312
v -0.0889 0.289254725 0.7934329
v -0.0875 0.289254725 0.7934329
v -0.0889 0.2853121 0.79233253
v -0.0889 0.2905 0.794396937
v -0.0889 0.289254725 0.7934329
v -0.0889 0.294134855 0.7927312
v -0.0889 0.295784831 0.7928163
v -0.0888987854 0.299129128 0.788359046
v -0.08289853 0.287383884 0.7673631
v -0.0861018151 0.2877698 0.767181933
v -0.08277848 0.287410259 0.775333047
v -0.0861 0.2877 0.7750201
v -0.0861 0.2933 0.7673201
v -0.0861 0.2933 0.7750201
v -0.0861018151 0.2877698 0.767181933
v -0.0861 0.2877 0.7750201
v -0.08277848 0.287410259 0.775333047
v -0.0861 0.2877 0.7750201
v -0.0827674 0.293680429 0.775248349
v -0.0861 0.2933 0.7750201
v -0.07228941 0.2958788 0.7849151
v -0.07226324 0.2944621 0.788289249
v -0.07138696 0.294670433 0.7868136
v -0.07226324 0.2944621 0.788289249
v -0.07226329 0.2919118 0.7898778
v -0.07138696 0.294670433 0.7868136
v -0.07226329 0.2919118 0.7898778
v -0.07138676 0.289797634 0.7893218
v -0.07138696 0.294670433 0.7868136
v -0.07226329 0.2919118 0.7898778
v -0.0722643062 0.288909048 0.789824367
v -0.07138676 0.289797634 0.7893218
v -0.0722643062 0.288909048 0.789824367
v -0.07226611 0.286418438 0.7881475
v -0.07138676 0.289797634 0.7893218
v -0.07226611 0.286418438 0.7881475
v -0.07139508 0.286179781 0.7861277
v -0.07138676 0.289797634 0.7893218
v -0.07226611 0.286418438 0.7881475
v -0.07228941 0.285121232 0.784628749
v -0.07139508 0.286179781 0.7861277
v -0.07228941 0.285121232 0.784628749
v -0.071399 0.286595583 0.7826976
v -0.07139508 0.286179781 0.7861277
v -0.07228941 0.285121232 0.784628749
v -0.07226325 0.2865378 0.7812548
v -0.071399 0.286595583 0.7826976
v -0.07226325 0.2865378 0.7812548
v -0.07138676 0.2897975 0.7802221
v -0.071399 0.286595583 0.7826976
v -0.07226325 0.2865378 0.7812548
v -0.0722632855 0.289088249 0.7796661
v -0.07138676 0.2897975 0.7802221
v -0.0722632855 0.289088249 0.7796661
v -0.0722643062 0.292090923 0.779719532
v -0.07138676 0.2897975 0.7802221
v -0.0722643062 0.292090923 0.779719532
v -0.0713963062 0.2940858 0.782053
v -0.07138676 0.2897975 0.7802221
v -0.0722643062 0.292090923 0.779719532
v -0.0722661 0.2945816 0.7813964
v -0.0713963062 0.2940858 0.782053
v -0.0722661 0.2945816 0.7813964
v -0.07228941 0.2958788 0.7849151
v -0.0713963062 0.2940858 0.782053
v -0.07228941 0.2958788 0.7849151
v -0.07138696 0.294670433 0.7868136
v -0.0713963062 0.2940858 0.782053
v -0.08189999 0.2860822 0.787846
v -0.08189999 0.28523913 0.7841539
v -0.07228941 0.285121232 0.784628749
v -0.08189999 0.28523913 0.7841539
v -0.08189999 0.286828518 0.780836642
v -0.07228941 0.285121232 0.784628749
v -0.08189999 0.286828518 0.780836642
v -0.07226325 0.2865378 0.7812548
v -0.07228941 0.285121232 0.784628749
v -0.08189999 0.291069835 0.77942
v -0.0722643062 0.292090923 0.779719532
v -0.0722632855 0.289088249 0.7796661
v -0.08189999 0.291069835 0.77942
v -0.08189999 0.294917852 0.7816979
v -0.0722643062 0.292090923 0.779719532
v -0.08189999 0.294917852 0.7816979
v -0.0722661 0.2945816 0.7813964
v -0.0722643062 0.292090923 0.779719532
v -0.08189999 0.294917852 0.7816979
v -0.07228941 0.2958788 0.7849151
v -0.0722661 0.2945816 0.7813964
v -0.08189999 0.294917852 0.7816979
v -0.08189999 0.29576087 0.78538996
v -0.07228941 0.2958788 0.7849151
v -0.08189999 0.29576087 0.78538996
v -0.08189999 0.2941715 0.7887073
v -0.07228941 0.2958788 0.7849151
v -0.08189999 0.2941715 0.7887073
v -0.07226324 0.2944621 0.788289249
v -0.07228941 0.2958788 0.7849151
v -0.08189999 0.289930224 0.7901238
v -0.0722643062 0.288909048 0.789824367
v -0.07226329 0.2919118 0.7898778
v -0.08189999 0.289930224 0.7901238
v -0.08189999 0.2860822 0.787846
v -0.0722643062 0.288909048 0.789824367
v -0.08189999 0.2860822 0.787846
v -0.07226611 0.286418438 0.7881475
v -0.0722643062 0.288909048 0.789824367
v -0.08189999 0.2860822 0.787846
v -0.07228941 0.285121232 0.784628749
v -0.07226611 0.286418438 0.7881475
v -0.08189999 0.288605958 0.780776143
v -0.08189999 0.292787373 0.780751944
v -0.08189999 0.291069835 0.77942
v -0.08189999 0.295030057 0.785705149
v -0.08363813 0.2943846 0.7826609
v -0.0836362541 0.294829547 0.786009967
v -0.08189999 0.295030057 0.785705149
v -0.08189999 0.292787373 0.780751944
v -0.08363813 0.2943846 0.7826609
v -0.08189999 0.292787373 0.780751944
v -0.08363624 0.291738033 0.7804424
v -0.08363813 0.2943846 0.7826609
v -0.08189999 0.292787373 0.780751944
v -0.08189999 0.288605958 0.780776143
v -0.08363624 0.291738033 0.7804424
v -0.08189999 0.288605958 0.780776143
v -0.08363811 0.288389027 0.780887365
v -0.08363624 0.291738033 0.7804424
v -0.08189999 0.288605958 0.780776143
v -0.08189999 0.2862737 0.783206165
v -0.08363811 0.288389027 0.780887365
v -0.08189999 0.2862737 0.783206165
v -0.0836362541 0.286170483 0.783533931
v -0.08363811 0.288389027 0.780887365
v -0.08189999 0.2862737 0.783206165
v -0.08189999 0.287082344 0.787888348
v -0.0836362541 0.286170483 0.783533931
v -0.08189999 0.287082344 0.787888348
v -0.08363815 0.286615372 0.786883
v -0.0836362541 0.286170483 0.783533931
v -0.08189999 0.287082344 0.787888348
v -0.0836362541 0.289262056 0.7891015
v -0.08363815 0.286615372 0.786883
v -0.08189999 0.287082344 0.787888348
v -0.08189999 0.29171735 0.7891115
v -0.0836362541 0.289262056 0.7891015
v -0.08189999 0.29171735 0.7891115
v -0.0836381242 0.292611033 0.788656533
v -0.0836362541 0.289262056 0.7891015
v -0.08189999 0.29171735 0.7891115
v -0.08189999 0.295030057 0.785705149
v -0.0836381242 0.292611033 0.788656533
v -0.08189999 0.295030057 0.785705149
v -0.0836362541 0.294829547 0.786009967
v -0.0836381242 0.292611033 0.788656533
v -0.08802684 0.299385548 0.7849529
v -0.0880057439 0.297857851 0.7895967
v -0.0836362541 0.294829547 0.786009967
v -0.0880057439 0.297857851 0.7895967
v -0.0836381242 0.292611033 0.788656533
v -0.0836362541 0.294829547 0.786009967
v -0.0880057439 0.297857851 0.7895967
v -0.08802505 0.295074373 0.792289138
v -0.0836381242 0.292611033 0.788656533
v -0.08802505 0.295074373 0.792289138
v -0.08802681 0.2903191 0.7936575
v -0.0836381242 0.292611033 0.788656533
v -0.08802681 0.2903191 0.7936575
v -0.0836362541 0.289262056 0.7891015
v -0.0836381242 0.292611033 0.788656533
v -0.08802681 0.2903191 0.7936575
v -0.0880057141 0.285675377 0.792129934
v -0.0836362541 0.289262056 0.7891015
v -0.0880057141 0.285675377 0.792129934
v -0.08363815 0.286615372 0.786883
v -0.0836362541 0.289262056 0.7891015
v -0.0880057141 0.285675377 0.792129934
v -0.0880251 0.282982975 0.7893466
v -0.08363815 0.286615372 0.786883
v -0.0880251 0.282982975 0.7893466
v -0.08802682 0.281614482 0.784591138
v -0.08363815 0.286615372 0.786883
v -0.08802682 0.281614482 0.784591138
v -0.0836362541 0.286170483 0.783533931
v -0.08363815 0.286615372 0.786883
v -0.08802682 0.281614482 0.784591138
v -0.08800577 0.283142179 0.7799471
v -0.0836362541 0.286170483 0.783533931
v -0.08800577 0.283142179 0.7799471
v -0.08363811 0.288389027 0.780887365
v -0.0836362541 0.286170483 0.783533931
v -0.08800577 0.283142179 0.7799471
v -0.08802507 0.2859255 0.7772548
v -0.08363811 0.288389027 0.780887365
v -0.08802507 0.2859255 0.7772548
v -0.08802684 0.2906809 0.7758864
v -0.08363811 0.288389027 0.780887365
v -0.08802684 0.2906809 0.7758864
v -0.08363624 0.291738033 0.7804424
v -0.08363811 0.288389027 0.780887365
v -0.08802684 0.2906809 0.7758864
v -0.0886125043 0.295348883 0.777277768
v -0.08363624 0.291738033 0.7804424
v -0.0886125043 0.295348883 0.777277768
v -0.08363813 0.2943846 0.7826609
v -0.08363624 0.291738033 0.7804424
v -0.0886125043 0.295348883 0.777277768
v -0.08802511 0.298017025 0.780197263
v -0.08363813 0.2943846 0.7826609
v -0.08802511 0.298017025 0.780197263
v -0.08802684 0.299385548 0.7849529
v -0.08363813 0.2943846 0.7826609
v -0.08802684 0.299385548 0.7849529
v -0.0836362541 0.294829547 0.786009967
v -0.08363813 0.2943846 0.7826609
v -0.0889 0.2830276 0.7898113
v -0.0889 0.2817381 0.783962965
v -0.08802682 0.281614482 0.784591138
v -0.0889 0.2817381 0.783962965
v -0.0889 0.283924133 0.7786083
v -0.08802682 0.281614482 0.784591138
v -0.0889 0.283924133 0.7786083
v -0.08800577 0.283142179 0.7799471
v -0.08802682 0.281614482 0.784591138
v -0.0889 0.283924133 0.7786083
v -0.08802507 0.2859255 0.7772548
v -0.08800577 0.283142179 0.7799471
v -0.0889 0.283924133 0.7786083
v -0.0889 0.290246367 0.775887549
v -0.08802507 0.2859255 0.7772548
v -0.0889 0.290246367 0.775887549
v -0.08802684 0.2906809 0.7758864
v -0.08802507 0.2859255 0.7772548
v -0.0889 0.290246367 0.775887549
v -0.0886125043 0.295348883 0.777277768
v -0.08802684 0.2906809 0.7758864
v -0.0889 0.2983944 0.7806885
v -0.08802511 0.298017025 0.780197263
v -0.0886125043 0.295348883 0.777277768
v -0.0889 0.2983944 0.7806885
v -0.08802684 0.299385548 0.7849529
v -0.08802511 0.298017025 0.780197263
v -0.0889 0.2983944 0.7806885
v -0.0889 0.299218118 0.786501467
v -0.08802684 0.299385548 0.7849529
v -0.0889 0.299218118 0.786501467
v -0.0880057439 0.297857851 0.7895967
v -0.08802684 0.299385548 0.7849529
v -0.0889 0.299218118 0.786501467
v -0.0889 0.296845943 0.7908673
v -0.0880057439 0.297857851 0.7895967
v -0.0889 0.296845943 0.7908673
v -0.08802505 0.295074373 0.792289138
v -0.0880057439 0.297857851 0.7895967
v -0.0889 0.296845943 0.7908673
v -0.0889 0.292724341 0.7933772
v -0.08802505 0.295074373 0.792289138
v -0.0889 0.292724341 0.7933772
v -0.08802681 0.2903191 0.7936575
v -0.08802505 0.295074373 0.792289138
v -0.0889 0.292724341 0.7933772
v -0.0889 0.28776136 0.793134034
v -0.08802681 0.2903191 0.7936575
v -0.0889 0.28776136 0.793134034
v -0.0880057141 0.285675377 0.792129934
v -0.08802681 0.2903191 0.7936575
v -0.0889 0.28776136 0.793134034
v -0.0889 0.2830276 0.7898113
v -0.0880057141 0.285675377 0.792129934
v -0.0889 0.2830276 0.7898113
v -0.0880251 0.282982975 0.7893466
v -0.0880057141 0.285675377 0.792129934
v -0.0889 0.2830276 0.7898113
v -0.08802682 0.281614482 0.784591138
v -0.0880251 0.282982975 0.7893466
v -0.0889 0.2830276 0.7898113
v -0.0889 0.2844723 0.7858593
v -0.0889 0.28439647 0.783730567
v -0.0889 0.289412677 0.7787442
v -0.0889 0.291541427 0.7786684
v -0.0889 0.290246367 0.775887549
v -0.0889 0.2916623 0.7818085
v -0.0889 0.2983944 0.7806885
v -0.0886125043 0.295348883 0.777277768
v -0.0889 0.289458632 0.7908755
v -0.0889 0.28776136 0.793134034
v -0.0889 0.292724341 0.7933772
v -0.0889 0.2915873 0.7907996
v -0.0889 0.289458632 0.7908755
v -0.0889 0.296845943 0.7908673
v -0.0889 0.2918004 0.78727293
v -0.0889 0.2934635 0.7859342
v -0.0889 0.296603531 0.7858133
v -0.0889 0.299218118 0.786501467
v -0.0889 0.2983944 0.7806885
v -0.0889 0.2916623 0.7818085
v -0.0889 0.293000937 0.7834715
v -0.0889 0.2965277 0.7836847
v -0.0889 0.296603531 0.7858133
v -0.0889 0.2830276 0.7898113
v -0.0889 0.28776136 0.793134034
v -0.0889 0.289337724 0.787735462
v -0.0889 0.287999 0.7860724
v -0.0889 0.2844723 0.7858593
v -0.086275 0.296603531 0.783730567
v -0.0889 0.296603531 0.7858133
v -0.0889 0.2965277 0.7836847
v -0.0889 0.296603531 0.7858133
v -0.086275 0.296603531 0.783730567
v -0.086275 0.2965277 0.7858593
v -0.0889 0.293000937 0.7834715
v -0.086275 0.2918004 0.782270968
v -0.086275 0.293463349 0.7836096
v -0.0889 0.293000937 0.7834715
v -0.0889 0.2916623 0.7818085
v -0.086275 0.2918004 0.782270968
v -0.086275 0.2918004 0.782270968
v -0.0889 0.2916623 0.7818085
v -0.086275 0.2915873 0.7787442
v -0.0889 0.2916623 0.7818085
v -0.0889 0.291541427 0.7786684
v -0.086275 0.2915873 0.7787442
v -0.0889 0.291541427 0.7786684
v -0.086275 0.289458573 0.7786684
v -0.086275 0.2915873 0.7787442
v -0.086275 0.289458573 0.7786684
v -0.0889 0.291541427 0.7786684
v -0.0889 0.289412677 0.7787442
v -0.0889 0.2891996 0.782270968
v -0.086275 0.287999064 0.7834715
v -0.086275 0.289337724 0.781808436
v -0.0889 0.2891996 0.782270968
v -0.0889 0.287536651 0.7836096
v -0.086275 0.287999064 0.7834715
v -0.086275 0.28439647 0.7858133
v -0.0889 0.28439647 0.783730567
v -0.0889 0.2844723 0.7858593
v -0.0889 0.28439647 0.783730567
v -0.086275 0.28439647 0.7858133
v -0.086275 0.2844723 0.7836847
v -0.086275 0.2891996 0.78727293
v -0.0889 0.287999 0.7860724
v -0.0889 0.289337724 0.787735462
v -0.086275 0.2891996 0.78727293
v -0.086275 0.287536532 0.785934269
v -0.0889 0.287999 0.7860724
v -0.086275 0.291541368 0.7908755
v -0.0889 0.289458632 0.7908755
v -0.0889 0.2915873 0.7907996
v -0.0889 0.289458632 0.7908755
v -0.086275 0.291541368 0.7908755
v -0.086275 0.289412677 0.7907996
v -0.086275 0.293001 0.7860724
v -0.0889 0.2918004 0.78727293
v -0.0889 0.2934635 0.7859342
v -0.086275 0.293001 0.7860724
v -0.086275 0.2916623 0.7877354
v -0.0889 0.2918004 0.78727293
v -0.086275 0.2965277 0.7858593
v -0.086275 0.296603531 0.783730567
v -0.086275 0.293001 0.7860724
v -0.086275 0.2918004 0.782270968
v -0.086275 0.293463349 0.7836096
v -0.086275 0.296603531 0.783730567
v -0.086275 0.293463349 0.7836096
v -0.086275 0.293001 0.7860724
v -0.086275 0.2916623 0.7877354
v -0.086275 0.2891996 0.78727293
v -0.086275 0.291541368 0.7908755
v -0.086275 0.289412677 0.7907996
v -0.086275 0.2918004 0.782270968
v -0.086275 0.287999064 0.7834715
v -0.086275 0.289337724 0.781808436
v -0.086275 0.289458573 0.7786684
v -0.086275 0.2915873 0.7787442
v -0.086275 0.28439647 0.7858133
v -0.086275 0.287536532 0.785934269
v -0.086275 0.2844723 0.7836847
v -0.086275 0.2891996 0.78727293
v -0.086275 0.287999064 0.7834715
v -0.086275 0.287536532 0.785934269
v -0.07138696 0.294670433 0.7868136
v -0.07138676 0.289797634 0.7893218
v -0.07139508 0.286179781 0.7861277
v -0.071399 0.286595583 0.7826976
v -0.0713963062 0.2940858 0.782053
v -0.07138676 0.2897975 0.7802221
v -0.08189999 0.286828518 0.780836642
v -0.0722632855 0.289088249 0.7796661
v -0.07226325 0.2865378 0.7812548
v -0.08189999 0.291069835 0.77942
v -0.08189999 0.2941715 0.7887073
v -0.07226329 0.2919118 0.7898778
v -0.07226324 0.2944621 0.788289249
v -0.08189999 0.289930224 0.7901238
v -0.08189999 0.2860822 0.787846
v -0.08189999 0.2862737 0.783206165
v -0.08189999 0.28523913 0.7841539
v -0.08189999 0.286828518 0.780836642
v -0.08189999 0.2862737 0.783206165
v -0.08189999 0.288605958 0.780776143
v -0.08189999 0.286828518 0.780836642
v -0.08189999 0.291069835 0.77942
v -0.08189999 0.292787373 0.780751944
v -0.08189999 0.294917852 0.7816979
v -0.08189999 0.291069835 0.77942
v -0.08189999 0.295030057 0.785705149
v -0.08189999 0.29576087 0.78538996
v -0.08189999 0.2941715 0.7887073
v -0.08189999 0.295030057 0.785705149
v -0.08189999 0.29171735 0.7891115
v -0.08189999 0.2941715 0.7887073
v -0.08189999 0.289930224 0.7901238
v -0.08189999 0.287082344 0.787888348
v -0.08189999 0.2860822 0.787846
v -0.08189999 0.2862737 0.783206165
v -0.0889 0.2817381 0.783962965
v -0.0889 0.2830276 0.7898113
v -0.0889 0.28439647 0.783730567
v -0.0889 0.283924133 0.7786083
v -0.0889 0.283924133 0.7786083
v -0.0889 0.287536651 0.7836096
v -0.0889 0.2891996 0.782270968
v -0.0889 0.289412677 0.7787442
v -0.0889 0.290246367 0.775887549
v -0.0889 0.291541427 0.7786684
v -0.0886125043 0.295348883 0.777277768
v -0.0889 0.290246367 0.775887549
v -0.0889 0.2916623 0.7818085
v -0.0889 0.296603531 0.7858133
v -0.086275 0.2965277 0.7858593
v -0.0889 0.2934635 0.7859342
v -0.086275 0.293001 0.7860724
v -0.086275 0.296603531 0.783730567
v -0.0889 0.2965277 0.7836847
v -0.086275 0.293463349 0.7836096
v -0.0889 0.293000937 0.7834715
v -0.086275 0.289458573 0.7786684
v -0.0889 0.289412677 0.7787442
v -0.086275 0.289337724 0.781808436
v -0.0889 0.2891996 0.782270968
v -0.086275 0.287999064 0.7834715
v -0.0889 0.287536651 0.7836096
v -0.086275 0.2844723 0.7836847
v -0.0889 0.28439647 0.783730567
v -0.0889 0.287999 0.7860724
v -0.086275 0.287536532 0.785934269
v -0.0889 0.2844723 0.7858593
v -0.086275 0.28439647 0.7858133
v -0.0889 0.289458632 0.7908755
v -0.086275 0.289412677 0.7907996
v -0.0889 0.289337724 0.787735462
v -0.086275 0.2891996 0.78727293
v -0.0889 0.2918004 0.78727293
v -0.086275 0.2916623 0.7877354
v -0.0889 0.2915873 0.7907996
v -0.086275 0.291541368 0.7908755
v 0.0363999978 0.3023925 0.793412447
v 0.0363999978 0.308141142 0.77572
v 0.0433999971 0.308141083 0.7757202
v 0.0363999978 0.3023925 0.793412447
v 0.0433999971 0.308141083 0.7757202
v 0.0433999971 0.302392542 0.7934123
v 0.0363999978 0.3023925 0.793412447
v 0.0433999971 0.295042545 0.7987525
v 0.0363999978 0.295042545 0.7987525
v 0.0433999971 0.285957426 0.7987525
v 0.0363999978 0.285957426 0.7987525
v 0.0433999971 0.278607458 0.793412447
v 0.0363999978 0.2786075 0.793412447
v 0.0363999978 0.336 0.784772
v 0.0361243226 0.336 0.8573071
v 0.0433999971 0.336 0.784772
v 0.0361243226 0.336 0.8573071
v 0.0433999971 0.336 0.854772
v 0.0433999971 0.336 0.784772
v -0.09780208 0.336 0.8569525
v -0.09345865 0.336 0.8615487
v -0.09777684 0.24499999 0.857230544
v -0.09345865 0.336 0.8615487
v -0.0930249542 0.24499999 0.8616613
v -0.09777684 0.24499999 0.857230544
v -0.098 0.24499999 0.784772
v -0.09777684 0.24499999 0.857230544
v -0.104999989 0.24499999 0.784772
v -0.09777684 0.24499999 0.857230544
v -0.104999989 0.24499999 0.854772
v -0.104999989 0.24499999 0.784772
v -0.091 0.336 0.868772
v 0.0293999929 0.336 0.868772
v -0.09345865 0.336 0.8615487
v 0.0293999929 0.336 0.868772
v 0.03158061 0.336 0.861574054
v -0.09345865 0.336 0.8615487
v 0.03158061 0.336 0.861574054
v 0.0361243226 0.336 0.8573071
v 0.0317689367 0.24499999 0.861610353
v 0.0361243226 0.336 0.8573071
v 0.0362020843 0.24499999 0.8569525
v 0.0317689367 0.24499999 0.861610353
v -0.0930249542 0.24499999 0.8616613
v 0.0317689367 0.24499999 0.861610353
v -0.091 0.24499999 0.868772
v 0.0317689367 0.24499999 0.861610353
v 0.0293999929 0.24499999 0.868772
v -0.091 0.24499999 0.868772
v -0.09345865 0.336 0.8615487
v -0.0282473732 0.304976672 0.861771941
v -0.03815 0.303230554 0.861771941
v -0.09345865 0.336 0.8615487
v -0.04461348 0.2955277 0.861771941
v -0.0930249542 0.24499999 0.8616613
v -0.04461348 0.2854723 0.861771941
v -0.03815 0.277769417 0.861771941
v -0.03474671 0.26393646 0.861771941
v -0.0329 0.2661373 0.861771941
v -0.03474671 0.261063516 0.861771941
v -0.0329 0.258862674 0.861771941
v -0.0282473732 0.276023328 0.861771941
v -0.0300706774 0.2666362 0.861771941
v -0.0275826156 0.2651997 0.861771941
v -0.0195391458 0.281051 0.861771941
v -0.0266 0.2625 0.861771941
v 0.0317689367 0.24499999 0.861610353
v -0.0300706774 0.2583638 0.861771941
v -0.0275826156 0.2598003 0.861771941
v -0.0161 0.2905 0.861771941
v 0.03158061 0.336 0.861574054
v -0.0195391458 0.299948961 0.861771941
v -0.0282473732 0.304976672 0.861771941
v -0.0930249542 0.24499999 0.8616613
v -0.0329 0.258862674 0.861771941
v -0.0300706774 0.2583638 0.861771941
v 0.0433999971 0.24499999 0.784772
v 0.0433999971 0.24499999 0.854772
v 0.0363999978 0.24499999 0.784772
v 0.0433999971 0.24499999 0.854772
v 0.0362020843 0.24499999 0.8569525
v 0.0363999978 0.24499999 0.784772
v -0.0266 0.2625 0.861771941
v -0.0266 0.2625 0.868772
v -0.0275826156 0.2651997 0.868772
v -0.0275826156 0.2651997 0.861771941
v -0.0300706774 0.2666362 0.868772
v -0.0300706774 0.2666362 0.861771941
v -0.0329 0.2661373 0.868772
v -0.0329 0.2661373 0.861771941
v -0.03474671 0.26393646 0.868772
v -0.03474671 0.26393646 0.861771941
v -0.03474671 0.261063516 0.868772
v -0.03474671 0.261063516 0.861771941
v -0.0329 0.258862674 0.868772
v -0.0329 0.258862674 0.861771941
v -0.0300706774 0.2583638 0.868772
v -0.0300706774 0.2583638 0.861771941
v -0.0275826156 0.2598003 0.868772
v -0.0275826156 0.2598003 0.861771941
v -0.0266 0.2625 0.868772
v -0.0266 0.2625 0.861771941
v -0.0161 0.2905 0.861771941
v -0.0161 0.2905 0.868772
v -0.0195391458 0.299948961 0.868772
v -0.0195391458 0.299948961 0.861771941
v -0.0282473732 0.304976672 0.868772
v -0.0282473732 0.304976672 0.861771941
v -0.03815 0.303230554 0.868772
v -0.03815 0.303230554 0.861771941
v -0.04461348 0.2955277 0.868772
v -0.04461348 0.2955277 0.861771941
v -0.04461348 0.2854723 0.868772
v -0.04461348 0.2854723 0.861771941
v -0.03815 0.277769417 0.868772
v -0.03815 0.277769417 0.861771941
v -0.0282473732 0.276023328 0.868772
v -0.0282473732 0.276023328 0.861771941
v -0.0195391458 0.281051 0.868772
v -0.0195391458 0.281051 0.861771941
v -0.0161 0.2905 0.868772
v -0.0161 0.2905 0.861771941
v 0.0363999978 0.308141142 0.77572
v 0.0363999978 0.315841138 0.7701257
v 0.0433999971 0.308141083 0.7757202
v 0.0433999971 0.315841138 0.7701257
v 0.0363999978 0.325358838 0.7701257
v 0.0433999971 0.325358838 0.7701257
v 0.0363999978 0.333058864 0.77572
v 0.0433999971 0.333058864 0.77572
v 0.0363999978 0.336 0.784772
v 0.0433999971 0.336 0.784772
v 0.0363999978 0.24499999 0.784772
v 0.0363999978 0.247941121 0.77572
v 0.0433999971 0.24499999 0.784772
v 0.0433999971 0.247941121 0.77572
v 0.0363999978 0.255641133 0.7701257
v 0.0433999971 0.255641133 0.7701257
v 0.0363999978 0.265158862 0.7701257
v 0.0433999971 0.265158862 0.7701257
v 0.0363999978 0.272858828 0.77572
v 0.0433999971 0.272858828 0.77572
v 0.0363999978 0.2786075 0.793412447
v 0.0433999971 0.278607458 0.793412447
v 0.0433999971 0.325358838 0.7701257
v 0.0433999971 0.333058864 0.77572
v 0.0433999971 0.315841138 0.7701257
v 0.0433999971 0.308141083 0.7757202
v 0.0433999971 0.336 0.784772
v 0.0433999971 0.302392542 0.7934123
v 0.0433999971 0.336 0.854772
v 0.0433999971 0.295042545 0.7987525
v 0.0433999971 0.285957426 0.7987525
v 0.0433999971 0.24499999 0.854772
v 0.0433999971 0.278607458 0.793412447
v 0.0433999971 0.24499999 0.784772
v 0.0433999971 0.247941121 0.77572
v 0.0433999971 0.272858828 0.77572
v 0.0433999971 0.255641133 0.7701257
v 0.0433999971 0.265158862 0.7701257
v -0.098 0.2863 0.8127719
v -0.104999989 0.2863 0.8127719
v -0.104999989 0.287282616 0.815471649
v -0.098 0.287282616 0.815471649
v -0.104999989 0.289770633 0.8169081
v -0.098 0.289770633 0.8169081
v -0.104999989 0.292599976 0.8164093
v -0.098 0.292599976 0.8164093
v -0.104999989 0.2944467 0.8142084
v -0.098 0.2944467 0.8142084
v -0.104999989 0.2944467 0.8113355
v -0.098 0.2944467 0.8113355
v -0.104999989 0.292599976 0.809134662
v -0.098 0.292599976 0.809134662
v -0.104999989 0.289770633 0.8086357
v -0.098 0.289770633 0.8086357
v -0.104999989 0.287282616 0.810072243
v -0.098 0.287282616 0.810072243
v -0.104999989 0.2863 0.8127719
v -0.098 0.2863 0.8127719
v -0.098 0.336 0.784772
v -0.098 0.333058864 0.77572
v -0.104999989 0.336 0.784772
v -0.104999989 0.333058864 0.77572
v -0.098 0.325358838 0.7701257
v -0.104999989 0.325358838 0.7701257
v -0.098 0.315841138 0.7701257
v -0.104999989 0.315841138 0.7701257
v -0.098 0.308141142 0.77572
v -0.104999989 0.308141142 0.77572
v -0.098 0.302392483 0.793412447
v -0.104999989 0.3023925 0.793412447
v -0.098 0.302392483 0.793412447
v -0.098 0.295042545 0.7987525
v -0.104999989 0.3023925 0.793412447
v -0.104999989 0.295042545 0.7987525
v -0.098 0.285957426 0.7987525
v -0.104999989 0.285957426 0.7987525
v -0.098 0.278607458 0.793412447
v -0.104999989 0.2786075 0.793412447
v -0.098 0.278607458 0.793412447
v -0.098 0.272858828 0.77572
v -0.104999989 0.2786075 0.793412447
v -0.104999989 0.272858828 0.77572
v -0.098 0.265158862 0.7701257
v -0.104999989 0.265158862 0.7701257
v -0.098 0.255641133 0.7701257
v -0.104999989 0.255641133 0.7701257
v -0.098 0.247941121 0.77572
v -0.104999989 0.247941121 0.77572
v -0.098 0.24499999 0.784772
v -0.104999989 0.24499999 0.784772
v -0.104999989 0.255641133 0.7701257
v -0.104999989 0.247941121 0.77572
v -0.104999989 0.265158862 0.7701257
v -0.104999989 0.272858828 0.77572
v -0.104999989 0.24499999 0.784772
v -0.104999989 0.2786075 0.793412447
v -0.104999989 0.2863 0.8127719
v -0.104999989 0.24499999 0.854772
v -0.104999989 0.287282616 0.810072243
v -0.104999989 0.287282616 0.815471649
v -0.104999989 0.285957426 0.7987525
v -0.104999989 0.289770633 0.8169081
v -0.104999989 0.289770633 0.8086357
v -0.104999989 0.336 0.854772
v -0.104999989 0.292599976 0.8164093
v -0.104999989 0.295042545 0.7987525
v -0.104999989 0.292599976 0.809134662
v -0.104999989 0.2944467 0.8113355
v -0.104999989 0.2944467 0.8142084
v -0.104999989 0.3023925 0.793412447
v -0.104999989 0.336 0.784772
v -0.104999989 0.333058864 0.77572
v -0.104999989 0.308141142 0.77572
v -0.104999989 0.325358838 0.7701257
v -0.104999989 0.315841138 0.7701257
v -0.104999989 0.336 0.784772
v -0.104999989 0.336 0.854772
v -0.098 0.336 0.784772
v -0.09780208 0.336 0.8569525
v -0.09777684 0.24499999 0.857230544
v -0.10312435 0.24499999 0.861771941
v -0.104999989 0.24499999 0.854772
v -0.0930249542 0.24499999 0.8616613
v -0.098 0.24499999 0.8668963
v -0.091 0.24499999 0.868772
v -0.098 0.265158862 0.7701257
v -0.098 0.272858828 0.77572
v -0.098 0.255641133 0.7701257
v -0.098 0.247941121 0.77572
v -0.098 0.278607458 0.793412447
v -0.098 0.24499999 0.784772
v -0.098 0.2863 0.8127719
v -0.09777684 0.24499999 0.857230544
v -0.098 0.287282616 0.810072243
v -0.098 0.287282616 0.815471649
v -0.098 0.285957426 0.7987525
v -0.098 0.289770633 0.8169081
v -0.098 0.289770633 0.8086357
v -0.09780208 0.336 0.8569525
v -0.098 0.292599976 0.8164093
v -0.098 0.295042545 0.7987525
v -0.098 0.292599976 0.809134662
v -0.098 0.2944467 0.8113355
v -0.098 0.2944467 0.8142084
v -0.098 0.302392483 0.793412447
v -0.098 0.336 0.784772
v -0.098 0.308141142 0.77572
v -0.098 0.333058864 0.77572
v -0.098 0.315841138 0.7701257
v -0.098 0.325358838 0.7701257
v -0.104999989 0.336 0.854772
v -0.10312435 0.336 0.861771941
v -0.09780208 0.336 0.8569525
v -0.09345865 0.336 0.8615487
v -0.098 0.336 0.8668963
v -0.091 0.336 0.868772
v -0.104999989 0.24499999 0.854772
v -0.10312435 0.24499999 0.861771941
v -0.104999989 0.336 0.854772
v -0.10312435 0.336 0.861771941
v -0.098 0.24499999 0.8668963
v -0.098 0.336 0.8668963
v -0.091 0.24499999 0.868772
v -0.091 0.336 0.868772
v 0.0293999929 0.24499999 0.868772
v 0.0317689367 0.24499999 0.861610353
v 0.0363999978 0.24499999 0.8668963
v 0.0415243544 0.24499999 0.861771941
v 0.0362020843 0.24499999 0.8569525
v 0.0433999971 0.24499999 0.854772
v 0.0293999929 0.336 0.868772
v 0.0363999978 0.336 0.8668963
v 0.03158061 0.336 0.861574054
v 0.0415243544 0.336 0.861771941
v 0.0361243226 0.336 0.8573071
v 0.0433999971 0.336 0.854772
v 0.0293999929 0.24499999 0.868772
v 0.0363999978 0.24499999 0.8668963
v 0.0293999929 0.336 0.868772
v 0.0363999978 0.336 0.8668963
v 0.0415243544 0.24499999 0.861771941
v 0.0415243544 0.336 0.861771941
v 0.0433999971 0.24499999 0.854772
v 0.0433999971 0.336 0.854772
v 0.0363999978 0.265158862 0.7701257
v 0.0363999978 0.255641133 0.7701257
v 0.0363999978 0.247941121 0.77572
v 0.0363999978 0.272858828 0.77572
v 0.0363999978 0.24499999 0.784772
v 0.0363999978 0.2786075 0.793412447
v 0.0362020843 0.24499999 0.8569525
v 0.0363999978 0.285957426 0.7987525
v 0.0363999978 0.295042545 0.7987525
v 0.0361243226 0.336 0.8573071
v 0.0363999978 0.3023925 0.793412447
v 0.0363999978 0.336 0.784772
v 0.0363999978 0.333058864 0.77572
v 0.0363999978 0.308141142 0.77572
v 0.0363999978 0.325358838 0.7701257
v 0.0363999978 0.315841138 0.7701257
v 0.0293999929 0.336 0.868772
v -0.0195391458 0.299948961 0.868772
v -0.0161 0.2905 0.868772
v -0.0282473732 0.304976672 0.868772
v 0.0293999929 0.24499999 0.868772
v -0.091 0.336 0.868772
v -0.03815 0.303230554 0.868772
v -0.04461348 0.2955277 0.868772
v -0.04461348 0.2854723 0.868772
v -0.091 0.24499999 0.868772
v -0.0195391458 0.281051 0.868772
v -0.03815 0.277769417 0.868772
v -0.0266 0.2625 0.868772
v -0.0275826156 0.2651997 0.868772
v -0.0275826156 0.2598003 0.868772
v -0.0300706774 0.2583638 0.868772
v -0.0282473732 0.276023328 0.868772
v -0.0300706774 0.2666362 0.868772
v -0.0329 0.2661373 0.868772
v -0.03474671 0.26393646 0.868772
v -0.0329 0.258862674 0.868772
v -0.03474671 0.261063516 0.868772
v -0.0811999962 0.241663441 0.9277272
v -0.0811999962 0.243670538 0.929841638
v -0.0881999955 0.241760433 0.927968144
v -0.0811999962 0.243670538 0.929841638
v -0.0881999955 0.243653953 0.9297795
v -0.0881999955 0.241760433 0.927968144
v -0.0881999955 0.243653953 0.9297795
v -0.0811999962 0.243670538 0.929841638
v -0.0881999955 0.251999974 0.9300219
v -0.0811999962 0.243670538 0.929841638
v -0.0811999962 0.256038129 0.929294765
v -0.0881999955 0.251999974 0.9300219
v -0.0811999962 0.337346017 0.9297795
v -0.0811999962 0.3392396 0.927968144
v -0.0881999955 0.337329447 0.929841638
v -0.0811999962 0.3392396 0.927968144
v -0.0881999955 0.339336544 0.9277272
v -0.0881999955 0.337329447 0.929841638
v -0.0811999962 0.3392396 0.927968144
v -0.08101256 0.33949998 0.8803654
v -0.0881999955 0.339336544 0.9277272
v -0.08101256 0.33949998 0.8803654
v -0.0881999955 0.33949998 0.882771969
v -0.0881999955 0.339336544 0.9277272
v 0.0196 0.243653953 0.9297795
v 0.0196 0.241760433 0.927968144
v 0.0266000032 0.243670538 0.929841638
v 0.0196 0.241760433 0.927968144
v 0.0266000032 0.241663441 0.9277272
v 0.0266000032 0.243670538 0.929841638
v 0.0196 0.243653953 0.9297795
v 0.0266000032 0.243670538 0.929841638
v 0.0196 0.251999974 0.9300219
v 0.0266000032 0.243670538 0.929841638
v 0.0266000032 0.256038129 0.929294765
v 0.0196 0.251999974 0.9300219
v 0.0196 0.262624443 0.9039461
v 0.0194125585 0.24149999 0.8803654
v 0.0196 0.241760433 0.927968144
v 0.0196 0.33288765 0.916259766
v 0.0196 0.339336544 0.9277272
v 0.01947566 0.33949998 0.8807226
v 0.0196 0.329881221 0.9145241
v 0.01947566 0.33949998 0.8807226
v 0.0196 0.318325818 0.903896332
v 0.0196 0.326462477 0.9151268
v 0.0196 0.262624443 0.9039461
v 0.0194125585 0.24149999 0.8803654
v 0.0196 0.318499982 0.919521868
v 0.0196 0.324231058 0.9177862
v 0.0196 0.324231058 0.921257734
v 0.0196 0.3199067 0.9247719
v 0.0196 0.326462477 0.923917
v 0.0196 0.324961841 0.929294765
v 0.0196 0.329881221 0.924519837
v 0.0196 0.337329447 0.929841638
v 0.0196 0.339336544 0.9277272
v 0.0196 0.33288765 0.92278415
v 0.0196 0.334074974 0.919521868
v 0.0196 0.33288765 0.916259766
v 0.0196 0.339336544 0.9277272
v 0.0196 0.337329447 0.929841638
v 0.0266000032 0.3392396 0.927968144
v 0.0196 0.337329447 0.929841638
v 0.0266000032 0.337346017 0.9297795
v 0.0266000032 0.3392396 0.927968144
v 0.0266000032 0.337346017 0.9297795
v 0.0196 0.337329447 0.929841638
v 0.0265999977 0.329 0.9300219
v 0.0196 0.337329447 0.929841638
v 0.0196 0.324961841 0.929294765
v 0.0265999977 0.329 0.9300219
v -0.0881999955 0.318325818 0.903896332
v -0.0811999962 0.3183756 0.9039461
v -0.0881999955 0.318499982 0.919521868
v -0.0811999962 0.3183756 0.9039461
v -0.0811999962 0.319227129 0.9235601
v -0.0881999955 0.318499982 0.919521868
v 0.0266000032 0.262674183 0.903896332
v 0.0196 0.262624443 0.9039461
v 0.0265999977 0.2625 0.919521868
v 0.0196 0.262624443 0.9039461
v 0.0196 0.261772841 0.9235601
v 0.0265999977 0.2625 0.919521868
v -0.0811999962 0.319227129 0.9235601
v -0.0881999955 0.3199067 0.9247719
v -0.0881999955 0.318499982 0.919521868
v -0.0811999962 0.319227129 0.9235601
v -0.0811999962 0.32375 0.9286152
v -0.0881999955 0.3199067 0.9247719
v -0.0811999962 0.32375 0.9286152
v -0.0881999955 0.324961841 0.929294765
v -0.0881999955 0.3199067 0.9247719
v -0.0811999962 0.32375 0.9286152
v -0.0811999962 0.329 0.9300219
v -0.0881999955 0.324961841 0.929294765
v -0.0811999962 0.262674183 0.903896332
v -0.0881999955 0.262624443 0.9039461
v -0.0811999962 0.2625 0.919521868
v -0.0881999955 0.262624443 0.9039461
v -0.0881999955 0.261772841 0.9235601
v -0.0811999962 0.2625 0.919521868
v -0.0811999962 0.256038129 0.929294765
v -0.0881999955 0.257249981 0.9286152
v -0.0881999955 0.251999974 0.9300219
v -0.0811999962 0.256038129 0.929294765
v -0.0811999962 0.261093259 0.9247719
v -0.0881999955 0.257249981 0.9286152
v -0.0811999962 0.261093259 0.9247719
v -0.0881999955 0.261772841 0.9235601
v -0.0881999955 0.257249981 0.9286152
v -0.0811999962 0.261093259 0.9247719
v -0.0811999962 0.2625 0.919521868
v -0.0881999955 0.261772841 0.9235601
v -0.08105807 0.24149999 0.8806913
v -0.08101256 0.33949998 0.8803654
v -0.0811999962 0.3183756 0.9039461
v -0.08105807 0.24149999 0.8806913
v -0.0811999962 0.262674183 0.903896332
v -0.0811999962 0.241663441 0.9277272
v -0.0811999962 0.2625 0.919521868
v -0.0811999962 0.261093259 0.9247719
v -0.0811999962 0.256038129 0.929294765
v -0.0811999962 0.243670538 0.929841638
v -0.0811999962 0.3392396 0.927968144
v -0.0811999962 0.319227129 0.9235601
v -0.0811999962 0.32375 0.9286152
v -0.0811999962 0.329 0.9300219
v -0.0811999962 0.337346017 0.9297795
v -0.08101256 0.33949998 0.8803654
v -0.0811999962 0.3392396 0.927968144
v -0.0811999962 0.3183756 0.9039461
v 0.0196 0.324961841 0.929294765
v 0.0265999977 0.32375 0.9286152
v 0.0265999977 0.329 0.9300219
v 0.0196 0.324961841 0.929294765
v 0.0196 0.3199067 0.9247719
v 0.0265999977 0.32375 0.9286152
v 0.0196 0.3199067 0.9247719
v 0.0266000032 0.319227129 0.9235601
v 0.0265999977 0.32375 0.9286152
v 0.0196 0.3199067 0.9247719
v 0.0196 0.318499982 0.919521868
v 0.0266000032 0.319227129 0.9235601
v 0.0196 0.318325818 0.903896332
v 0.0266000032 0.3183756 0.9039461
v 0.0196 0.318499982 0.919521868
v 0.0266000032 0.3183756 0.9039461
v 0.0266000032 0.319227129 0.9235601
v 0.0196 0.318499982 0.919521868
v 0.0196 0.261772841 0.9235601
v 0.0265999977 0.261093259 0.9247719
v 0.0265999977 0.2625 0.919521868
v 0.0196 0.261772841 0.9235601
v 0.0196 0.257249981 0.9286152
v 0.0265999977 0.261093259 0.9247719
v 0.0196 0.257249981 0.9286152
v 0.0266000032 0.256038129 0.929294765
v 0.0265999977 0.261093259 0.9247719
v 0.0196 0.257249981 0.9286152
v 0.0196 0.251999974 0.9300219
v 0.0266000032 0.256038129 0.929294765
v 0.0266000032 0.3392396 0.927968144
v 0.0265999977 0.33949998 0.882771969
v 0.0196 0.339336544 0.9277272
v 0.0265999977 0.33949998 0.882771969
v 0.01947566 0.33949998 0.8807226
v 0.0196 0.339336544 0.9277272
v 0.01947566 0.33949998 0.8807226
v 0.0149689279 0.33949998 0.8759336
v 0.0194125585 0.24149999 0.8803654
v 0.0149689279 0.33949998 0.8759336
v 0.014780594 0.24149999 0.8759699
v 0.0194125585 0.24149999 0.8803654
v 0.0265999977 0.326462477 0.9151268
v 0.0265999977 0.324231058 0.9177862
v 0.0266000032 0.319227129 0.9235601
v 0.0196 0.241760433 0.927968144
v 0.0194125585 0.24149999 0.8803654
v 0.0266000032 0.241663441 0.9277272
v 0.0194125585 0.24149999 0.8803654
v 0.0265999977 0.24149999 0.882771969
v 0.0266000032 0.241663441 0.9277272
v 0.0126000019 0.33949998 0.868772
v -0.0742 0.33949998 0.868772
v 0.0149689279 0.33949998 0.8759336
v -0.0742 0.33949998 0.868772
v -0.0762249455 0.33949998 0.8758826
v 0.0149689279 0.33949998 0.8759336
v 0.0196 0.33949998 0.8706476
v 0.0149689279 0.33949998 0.8759336
v 0.01947566 0.33949998 0.8807226
v 0.0196 0.33949998 0.8706476
v 0.0126000019 0.33949998 0.868772
v 0.0149689279 0.33949998 0.8759336
v 0.024724355 0.33949998 0.87577194
v 0.01947566 0.33949998 0.8807226
v 0.0265999977 0.33949998 0.882771969
v -0.0762249455 0.33949998 0.8758826
v -0.08101256 0.33949998 0.8803654
v -0.0766586438 0.24149999 0.875995159
v -0.08101256 0.33949998 0.8803654
v -0.08105807 0.24149999 0.8806913
v -0.0766586438 0.24149999 0.875995159
v 0.014780594 0.24149999 0.8759699
v -0.0766586438 0.24149999 0.875995159
v 0.0126000019 0.24149999 0.868772
v -0.0766586438 0.24149999 0.875995159
v -0.0742 0.24149999 0.868772
v 0.0126000019 0.24149999 0.868772
v -0.0329 0.3221373 0.87577194
v -0.0300706774 0.3226362 0.87577194
v -0.0762249455 0.33949998 0.8758826
v -0.0766586438 0.24149999 0.875995159
v -0.0282473732 0.276023328 0.87577194
v -0.03815 0.277769417 0.87577194
v -0.0766586438 0.24149999 0.875995159
v -0.04461348 0.2854723 0.87577194
v -0.0762249455 0.33949998 0.8758826
v -0.04461348 0.2955277 0.87577194
v -0.03815 0.303230554 0.87577194
v -0.03474671 0.3170635 0.87577194
v -0.0329 0.314862669 0.87577194
v -0.03474671 0.319936484 0.87577194
v -0.0329 0.3221373 0.87577194
v -0.0282473732 0.304976672 0.87577194
v -0.0300706774 0.314363778 0.87577194
v -0.0275826156 0.315800279 0.87577194
v -0.0195391458 0.299948961 0.87577194
v -0.0266 0.318499982 0.87577194
v 0.0149689279 0.33949998 0.8759336
v -0.0300706774 0.3226362 0.87577194
v -0.0161 0.2905 0.87577194
v 0.014780594 0.24149999 0.8759699
v -0.0195391458 0.281051 0.87577194
v -0.0282473732 0.276023328 0.87577194
v -0.0275826156 0.321199715 0.87577194
v 0.0149689279 0.33949998 0.8759336
v -0.0881999955 0.241760433 0.927968144
v -0.0881999955 0.24149999 0.882771969
v -0.0811999962 0.241663441 0.9277272
v -0.0881999955 0.24149999 0.882771969
v -0.08105807 0.24149999 0.8806913
v -0.0811999962 0.241663441 0.9277272
v -0.0811999962 0.337346017 0.9297795
v -0.0881999955 0.337329447 0.929841638
v -0.0811999962 0.329 0.9300219
v -0.0881999955 0.337329447 0.929841638
v -0.0881999955 0.324961841 0.929294765
v -0.0811999962 0.329 0.9300219
v -0.0881999955 0.243653953 0.9297795
v -0.0881999955 0.251999974 0.9300219
v -0.0881999955 0.241760433 0.927968144
v -0.0881999955 0.257249981 0.9286152
v -0.0881999955 0.261772841 0.9235601
v -0.0881999955 0.262624443 0.9039461
v -0.0881999955 0.24149999 0.882771969
v -0.0881999955 0.33949998 0.882771969
v -0.0881999955 0.318325818 0.903896332
v -0.0881999955 0.339336544 0.9277272
v -0.0881999955 0.318499982 0.919521868
v -0.0881999955 0.3199067 0.9247719
v -0.0881999955 0.324961841 0.929294765
v -0.0881999955 0.337329447 0.929841638
v 0.0196 0.243653953 0.9297795
v 0.0196 0.251999974 0.9300219
v 0.0196 0.241760433 0.927968144
v 0.0196 0.257249981 0.9286152
v 0.0196 0.261772841 0.9235601
v -0.0881999955 0.262624443 0.9039461
v -0.0811999962 0.262674183 0.903896332
v -0.0881999955 0.318325818 0.903896332
v -0.0811999962 0.3183756 0.9039461
v 0.0196 0.262624443 0.9039461
v 0.0266000032 0.262674183 0.903896332
v 0.0196 0.318325818 0.903896332
v 0.0266000032 0.3183756 0.9039461
v -0.0266 0.318499982 0.87577194
v -0.0266 0.318499982 0.868772
v -0.0275826156 0.315800279 0.868772
v -0.0275826156 0.315800279 0.87577194
v -0.0300706774 0.314363778 0.868772
v -0.0300706774 0.314363778 0.87577194
v -0.0329 0.314862669 0.868772
v -0.0329 0.314862669 0.87577194
v -0.03474671 0.3170635 0.868772
v -0.03474671 0.3170635 0.87577194
v -0.03474671 0.319936484 0.868772
v -0.03474671 0.319936484 0.87577194
v -0.0329 0.3221373 0.868772
v -0.0329 0.3221373 0.87577194
v -0.0300706774 0.3226362 0.868772
v -0.0300706774 0.3226362 0.87577194
v -0.0275826156 0.321199715 0.868772
v -0.0275826156 0.321199715 0.87577194
v -0.0266 0.318499982 0.868772
v -0.0266 0.318499982 0.87577194
v -0.0161 0.2905 0.87577194
v -0.0161 0.2905 0.868772
v -0.0195391458 0.281051 0.868772
v -0.0195391458 0.281051 0.87577194
v -0.0282473732 0.276023328 0.868772
v -0.0282473732 0.276023328 0.87577194
v -0.03815 0.277769417 0.868772
v -0.03815 0.277769417 0.87577194
v -0.04461348 0.2854723 0.868772
v -0.04461348 0.2854723 0.87577194
v -0.04461348 0.2955277 0.868772
v -0.04461348 0.2955277 0.87577194
v -0.03815 0.303230554 0.868772
v -0.03815 0.303230554 0.87577194
v -0.0282473732 0.304976672 0.868772
v -0.0282473732 0.304976672 0.87577194
v -0.0195391458 0.299948961 0.868772
v -0.0195391458 0.299948961 0.87577194
v -0.0161 0.2905 0.868772
v -0.0161 0.2905 0.87577194
v 0.0196 0.334074974 0.919521868
v 0.0265999977 0.334074974 0.919521868
v 0.0265999977 0.33288765 0.92278415
v 0.0196 0.33288765 0.92278415
v 0.0265999977 0.329881221 0.924519837
v 0.0196 0.329881221 0.924519837
v 0.0265999977 0.326462477 0.923917
v 0.0196 0.326462477 0.923917
v 0.0265999977 0.324231058 0.921257734
v 0.0196 0.324231058 0.921257734
v 0.0265999977 0.324231058 0.9177862
v 0.0196 0.324231058 0.9177862
v 0.0265999977 0.326462477 0.9151268
v 0.0196 0.326462477 0.9151268
v 0.0265999977 0.329881221 0.9145241
v 0.0196 0.329881221 0.9145241
v 0.0265999977 0.33288765 0.916259766
v 0.0196 0.33288765 0.916259766
v 0.0265999977 0.334074974 0.919521868
v 0.0196 0.334074974 0.919521868
v 0.0266000032 0.241663441 0.9277272
v 0.0266000032 0.256038129 0.929294765
v 0.0266000032 0.243670538 0.929841638
v 0.0265999977 0.261093259 0.9247719
v 0.0265999977 0.2625 0.919521868
v 0.0266000032 0.262674183 0.903896332
v 0.0265999977 0.24149999 0.882771969
v 0.0266000032 0.3183756 0.9039461
v 0.0265999977 0.33949998 0.882771969
v 0.0265999977 0.329881221 0.9145241
v 0.0265999977 0.326462477 0.9151268
v 0.0266000032 0.319227129 0.9235601
v 0.0265999977 0.33288765 0.916259766
v 0.0266000032 0.3392396 0.927968144
v 0.0265999977 0.334074974 0.919521868
v 0.0265999977 0.33288765 0.92278415
v 0.0265999977 0.329881221 0.924519837
v 0.0266000032 0.337346017 0.9297795
v 0.0265999977 0.329 0.9300219
v 0.0265999977 0.32375 0.9286152
v 0.0265999977 0.326462477 0.923917
v 0.0265999977 0.324231058 0.921257734
v 0.0265999977 0.324231058 0.9177862
v 0.0265999977 0.24149999 0.882771969
v 0.0194125585 0.24149999 0.8803654
v 0.024724355 0.24149999 0.87577194
v 0.0196 0.24149999 0.8706476
v 0.014780594 0.24149999 0.8759699
v 0.0126000019 0.24149999 0.868772
v 0.0265999977 0.24149999 0.882771969
v 0.024724355 0.24149999 0.87577194
v 0.0265999977 0.33949998 0.882771969
v 0.024724355 0.33949998 0.87577194
v 0.0196 0.24149999 0.8706476
v 0.0196 0.33949998 0.8706476
v 0.0126000019 0.24149999 0.868772
v 0.0126000019 0.33949998 0.868772
v -0.0742 0.24149999 0.868772
v -0.0766586438 0.24149999 0.875995159
v -0.0811999962 0.24149999 0.8706476
v -0.08632436 0.24149999 0.87577194
v -0.08105807 0.24149999 0.8806913
v -0.0881999955 0.24149999 0.882771969
v -0.0742 0.33949998 0.868772
v -0.0811999962 0.33949998 0.8706476
v -0.0762249455 0.33949998 0.8758826
v -0.08632436 0.33949998 0.87577194
v -0.08101256 0.33949998 0.8803654
v -0.0881999955 0.33949998 0.882771969
v -0.0742 0.24149999 0.868772
v -0.0811999962 0.24149999 0.8706476
v -0.0742 0.33949998 0.868772
v -0.0811999962 0.33949998 0.8706476
v -0.08632436 0.24149999 0.87577194
v -0.08632436 0.33949998 0.87577194
v -0.0881999955 0.24149999 0.882771969
v -0.0881999955 0.33949998 0.882771969
v -0.0742 0.33949998 0.868772
v -0.0329 0.3221373 0.868772
v -0.03474671 0.319936484 0.868772
v -0.03474671 0.3170635 0.868772
v -0.0300706774 0.3226362 0.868772
v -0.03815 0.303230554 0.868772
v -0.0329 0.314862669 0.868772
v -0.0282473732 0.304976672 0.868772
v -0.0300706774 0.314363778 0.868772
v -0.0275826156 0.315800279 0.868772
v -0.0195391458 0.299948961 0.868772
v -0.04461348 0.2955277 0.868772
v -0.0266 0.318499982 0.868772
v 0.0126000019 0.33949998 0.868772
v -0.0742 0.24149999 0.868772
v -0.0275826156 0.321199715 0.868772
v -0.0161 0.2905 0.868772
v -0.04461348 0.2854723 0.868772
v -0.03815 0.277769417 0.868772
v -0.0282473732 0.276023328 0.868772
v 0.0126000019 0.24149999 0.868772
v -0.0195391458 0.281051 0.868772
vn 0.999999762 0.000445060228 0.00055605144
vn 0.999999762 0.000445060228 0.00055605144
vn 0.999999762 0.000445060228 0.00055605144
vn 0.999999 -0.0009530616 0.001079574
vn 0.999999 -0.0009530616 0.001079574
vn 0.999999 -0.0009530616 0.001079574
vn 0.0155271329 0.731256366 0.681926
vn 0.0155271329 0.731256366 0.681926
vn 0.0155271329 0.731256366 0.681926
vn 0.0478296578 0.7602791 0.6478333
vn 0.0478296578 0.7602791 0.6478333
vn 0.0478296578 0.7602791 0.6478333
vn 0.0133467019 -0.409105182 0.912389636
vn 0.0139940176 -0.409004 0.9124253
vn 0.00740609365 -0.385980725 0.9224771
vn 0.01799965 -0.3640613 0.931201041
vn 0.02304793 -0.519052565 0.8544315
vn 0.0226098765 -0.339187622 0.940447
vn -0.0263841823 -0.468354851 0.883146465
vn -0.0241168234 -0.7387534 0.6735443
vn -0.0269103255 -0.609681845 0.79218936
vn -0.00910265 -0.6964998 0.717499256
vn -0.024896346 -0.6643598 0.7469982
vn -0.06327995 -0.570713162 0.8187076
vn -0.02130627 -0.2322431 0.9724244
vn -0.0202821381 -0.175724059 0.9842305
vn -0.02028062 -0.313111156 0.949499965
vn -0.0215716083 -0.8741298 0.48521325
vn -0.0159427468 -0.9866833 0.1618701
vn 0.0140923932 -0.9637299 0.2665071
vn 0.2018632 -0.9720972 0.119491488
vn 0.18748799 -0.9822624 0.00298848934
vn 0.187278956 -0.9615656 0.200793937
vn 0.03619173 -0.9970043 0.06835684
vn -0.0149499346 -0.999410748 -0.0308987927
vn -0.03817215 -0.99917537 -0.0138373915
vn 1 1.96464285E-07 0
vn 1 -2.32359289E-05 -3.758253E-05
vn 1 -2.32359289E-05 -3.758253E-05
vn 1 1.96464285E-07 0
vn 1 0 0
vn 1 0 0
vn 1 0 0
vn 1 -3.29335649E-07 0
vn 1 -4.719439E-07 0
vn 1 3.63404579E-05 3.33905737E-05
vn 1 0 0
vn 1 2.9189694E-05 3.93448E-05
vn 1 0 0
vn 1 0 0
vn 1 -1.93390679E-06 0
vn 1 0 0
vn 1 0 0
vn 1 0 0
vn 1 0 0
vn 1 -1.04722244E-06 0
vn 1 8.10593463E-07 0
vn 1 -3.72722643E-05 3.33908E-05
vn 1 1.15395551E-05 -4.856742E-05
vn 1 -2.67567E-05 3.934166E-05
vn 1 6.43984663E-07 0
vn 1 2.555905E-05 -3.75829622E-05
vn 1 6.43984663E-07 0
vn 1 6.43984663E-07 0
vn 1 0 0
vn 1 -1.97076332E-07 0
vn 1 3.29335649E-07 0
vn 0.99791795 -0.0296820644 0.0572606139
vn 0.99791795 -0.0296820644 0.0572606139
vn 0.99791795 -0.0296820644 0.0572606139
vn 1 7.82604548E-05 2.0618545E-05
vn 1 7.82604548E-05 2.0618545E-05
vn 1 7.82604548E-05 2.0618545E-05
vn 0.997890055 0.0306098573 0.0572585836
vn 0.997890055 0.0306098573 0.0572585836
vn 0.997890055 0.0306098573 0.0572585836
vn 0.000270205142 -0.9998605 0.0166999567
vn 0.000270205142 -0.9998605 0.0166999567
vn 0.000270205142 -0.9998605 0.0166999567
vn -0.0380124226 -0.8668331 0.497147352
vn -0.0380124226 -0.8668331 0.497147352
vn -0.0380124226 -0.8668331 0.497147352
vn 0.0181604568 -0.0172000248 0.999687135
vn 0.0181604568 -0.0172000248 0.999687135
vn 0.0181604568 -0.0172000248 0.999687135
vn -0.0436860733 0.129547685 0.990610361
vn -0.0436860733 0.129547685 0.990610361
vn -0.0436860733 0.129547685 0.990610361
vn -0.06898908 -0.0674722344 0.995333135
vn -0.06898908 -0.0674722344 0.995333135
vn -0.06898908 -0.0674722344 0.995333135
vn -0.136345983 0.118026115 0.983605444
vn -0.136345983 0.118026115 0.983605444
vn -0.136345983 0.118026115 0.983605444
vn -0.0439734347 0.0323879942 0.998507559
vn -0.0439734347 0.0323879942 0.998507559
vn -0.0439734347 0.0323879942 0.998507559
vn 0.01241138 0.0718029141 0.997341633
vn 0.01241138 0.0718029141 0.997341633
vn 0.01241138 0.0718029141 0.997341633
vn -0.0184887573 -0.0634790957 0.9978119
vn -0.0184887573 -0.0634790957 0.9978119
vn -0.0184887573 -0.0634790957 0.9978119
vn 0 -0.01769746 0.999843359
vn 0 -0.01769746 0.999843359
vn 0.010798214 0 0.9999417
vn 0.0119424108 -0.0100991828 0.9998777
vn 0.0129742986 0.00352389854 0.999909639
vn 0.00704833772 -0.00618069153 0.9999561
vn 0.0119424108 -0.0100991828 0.9998777
vn 0.00704833772 -0.00618069153 0.9999561
vn 0.00704833772 -0.00618069153 0.9999561
vn -0.00555283157 -0.0100266533 0.9999343
vn 0.0107257487 -0.08572212 0.996261358
vn 0.0107257487 -0.08572212 0.996261358
vn 0.0107257487 -0.08572212 0.996261358
vn -0.0117360121 0.0425367132 0.999026
vn 0.004496698 0.030579973 0.9995222
vn 0.004496698 0.030579973 0.9995222
vn -0.0117360121 0.0425367132 0.999026
vn -0.0117360121 0.0425367132 0.999026
vn -0.00250309682 0 0.9999969
vn -0.00249628024 0.000218184476 0.9999969
vn 0.05743659 0.027573498 0.9979683
vn 0.05743659 0.027573498 0.9979683
vn 0.05743659 0.027573498 0.9979683
vn 0.00346626271 -0.00243085856 0.999991059
vn 0.00346626271 -0.00243085856 0.999991059
vn -0.00199641986 0 0.999998033
vn -0.01664456 0.00508220354 0.9998486
vn 0.009262774 0 0.9999571
vn 0.009307268 -0.0028434312 0.9999527
vn 0.009262774 0 0.9999571
vn 0.009262774 0 0.9999571
vn 0 0.019335283 0.9998131
vn -0.00339460839 0 0.9999943
vn 0.0240692254 0.006971169 0.999686
vn 0.0240692254 0.006971169 0.999686
vn 0.0100235259 -0.02964746 0.999510169
vn 0.0100235259 -0.02964746 0.999510169
vn -0.058524102 -0.0136245377 0.998193
vn -0.058524102 -0.0136245377 0.998193
vn -0.058524102 -0.0136245377 0.998193
vn -0.00339066633 5.52798774E-05 0.9999943
vn -0.00339526846 -0.000296560727 0.9999942
vn -0.00339526846 -0.000296560727 0.9999942
vn 0.0256438982 0.00224180217 0.9996686
vn 0.0574365631 -0.0275734868 0.9979683
vn 0.0574365631 -0.0275734868 0.9979683
vn -0.05852423 0.013624588 0.998193
vn -0.05852423 0.013624588 0.998193
vn -0.05852423 0.013624588 0.998193
vn 0.00429007132 -0.0391461663 0.9992243
vn 0.00429007132 -0.0391461663 0.9992243
vn 0.00429007132 -0.0391461663 0.9992243
vn -0.00286792 0.00249464414 0.9999928
vn -0.00286792 0.00249464414 0.9999928
vn -0.00286792 0.00249464414 0.9999928
vn 0.0149146346 0.0308084115 0.999414
vn 0.0149146346 0.0308084115 0.999414
vn 0.0149146346 0.0308084115 0.999414
vn -0.937643647 0.108384974 -0.330268264
vn -0.8010339 0.497385561 -0.3330951
vn -0.942929268 0.115145482 -0.312451452
vn -0.420614779 0.2803907 0.8628234
vn -0.1007865 0.5368018 0.837667
vn -0.118201114 0.5634947 0.8176199
vn -0.1821743 0.942853 0.278999716
vn 0.229119435 0.9217971 0.3127211
vn -0.178920791 0.9364584 0.301716775
vn 0.475098938 -0.878029466 0.0578387938
vn 0.104522459 -0.9941994 0.0253492575
vn 0.102783307 -0.993749142 0.0435682759
vn -0.0517161749 -0.9985247 0.0165475737
vn -0.5967401 -0.8024314 0.002268229
vn -0.0507376455 -0.998501658 -0.02049665
vn -0.683280051 -0.729999065 0.0151604936
vn -0.9427435 -0.332426429 0.0269695744
vn -0.598600447 -0.7994594 0.05042104
vn -0.6489154 -0.759299636 0.0487120561
vn -0.985284269 -0.163740829 0.0490285866
vn -0.925866365 -0.3721596 0.0653357953
vn -0.983846366 0.179000467 0.00228344533
vn -0.854597867 0.51614064 0.05710752
vn -0.997861445 -0.0351642631 -0.05509987
vn -0.862246633 0.5055733 0.03043631
vn -0.335264981 0.9416503 0.0298700146
vn -0.7025012 0.7103336 0.0437977575
vn -0.426653922 0.9044122 0.00224244967
vn -0.283589929 0.958676457 0.0227203127
vn -0.7684981 0.639376 0.02467747
vn 0.209066808 0.97788763 0.005186925
vn 0.24627994 0.965885758 -0.08006843
vn 0.883451164 0.4660373 0.0482005924
vn 0.9981995 -0.0595884547 -0.00685290154
vn 0.8631233 0.504992843 0.0005868105
vn 0.38874653 0.9210617 0.0228354856
vn 0.8561889 0.5128682 0.06250457
vn 0.426903635 0.903265059 0.04319288
vn 0.9986605 -0.0413167477 0.0311473664
vn 0.7382621 -0.673803449 0.0309521612
vn 0.9659213 -0.256025851 0.03803782
vn 0.653681457 -0.756762862 -0.00326046022
vn 0.7168134 -0.697214842 0.008371774
vn 0.9291 -0.369800329 0.004580669
vn 0.53949964 -0.8418672 0.0141357444
vn -0.12789388 -0.9916944 0.013618025
vn 0.263052046 -0.9645555 0.020890139
vn 9.628655E-05 0.000113164904 1
vn 9.628655E-05 0.000113164904 1
vn 9.628655E-05 0.000113164904 1
vn 0.9875975 -0.153876156 0.0311980024
vn 0.9321668 0.360446841 0.03381073
vn 0.94564724 -0.323451966 0.0336169377
vn 0.6903439 0.7227865 0.0317030065
vn 0.235968009 0.9715803 0.0187278856
vn 0.8053515 0.5924968 0.0188835151
vn -0.4903395 -0.8714332 -0.0130907958
vn 0.183440119 -0.9826781 0.02633483
vn 0.009150952 -0.999666154 0.0241629742
vn 0.133031875 -0.9893946 0.0583168939
vn 0.611074269 -0.790060043 0.0489215367
vn -0.0405836143 -0.997981369 0.0488491468
vn 0.147490814 -0.988217533 0.04089764
vn 0.7637624 -0.645485163 -0.00398971839
vn 0.6225088 -0.782377541 0.0191881936
vn 0.9999075 -0.003727407 0.0130789876
vn 0.9836065 -0.178959265 0.0221776068
vn 0.782905161 0.6220894 0.008018802
vn 0.8790102 0.476516843 0.0165138263
vn 0.177577555 0.9833948 0.03742817
vn 0.345292181 0.9383609 0.0158805158
vn -0.476392418 0.8792209 -0.00457398966
vn -0.314205766 0.9491186 0.021180436
vn -0.463321626 0.8841353 0.06031476
vn -0.844374061 0.533340037 0.05080153
vn -0.93359 0.356925666 0.03184052
vn -0.945125937 -0.326662958 0.005319841
vn -0.987579346 -0.155475423 0.0226815566
vn -0.951159 -0.302751958 0.0603149757
vn -0.671864867 -0.7389325 0.05075755
vn -0.527824163 -0.8490122 0.0240828861
vn -0.7087776 -0.00825064 0.7053837
vn -0.7087776 -0.00825064 0.7053837
vn -0.7087776 -0.00825064 0.7053837
vn -0.666772962 0 0.7452609
vn -0.666772962 0 0.7452609
vn -0.666772962 0 0.7452609
vn -1 9.444892E-06 8.139379E-06
vn -1 9.444892E-06 8.139379E-06
vn -1 9.444892E-06 8.139379E-06
vn -0.9999777 0.004722445 -0.00472624
vn -0.999927759 0.009017633 -0.007948788
vn -0.999927759 0.009017633 -0.007948788
vn -0.9999965 0.00258675613 0.000591147866
vn -0.9999965 0.00258675613 0.000591147866
vn -0.9999965 0.00258675613 0.000591147866
vn -0.9997699 0.00621692976 -0.0205302257
vn -0.9997699 0.00621692976 -0.0205302257
vn -0.9997699 0.00621692976 -0.0205302257
vn -0.9998934 0.0135499379 0.005438269
vn -0.9998934 0.0135499379 0.005438269
vn -1 -3.337441E-05 -0.000154717665
vn -1 -3.337441E-05 -0.000154717665
vn -0.999857068 0.00298654241 0.0166431647
vn -0.999857068 0.00298654241 0.0166431647
vn -0.999857068 0.00298654241 0.0166431647
vn -0.99999994 0.000340786879 -8.276026E-05
vn -0.99999994 0.000340786879 -8.276026E-05
vn -0.99999994 0.000340786879 -8.276026E-05
vn -0.99978137 0.00620453944 0.0199681632
vn -0.99978137 0.00620453944 0.0199681632
vn -0.99978137 0.00620453944 0.0199681632
vn -0.9998967 0.0132209891 -0.00564178871
vn -0.9999483 0.00673395675 -0.007616205
vn -0.9999483 0.00673395675 -0.007616205
vn -1 -8.89026851E-05 -1.87749611E-05
vn -0.9999994 -0.000651297043 -0.0008524681
vn -0.999851 0.00299944635 -0.0169990975
vn -0.999851 0.00299944635 -0.0169990975
vn -0.999851 0.00299944635 -0.0169990975
vn -0.999969542 0.005520264 0.005520264
vn -0.9999952 0.003032513 -0.0006942631
vn -0.9999952 0.003032513 -0.0006942631
vn -0.999926746 0.008976275 0.008123047
vn -0.999926746 0.008976275 0.008123047
vn -0.999926746 0.008976275 0.008123047
vn -0.9999993 -0.000416050025 0.001098014
vn -0.9999993 -0.000416050025 0.001098014
vn -0.9999993 -0.000416050025 0.001098014
vn -0.99999994 -0.000250671117 0.00024964512
vn -0.99999994 -0.000250671117 0.00024964512
vn -0.999835968 -0.008427378 0.0160306655
vn -0.9999999 0.000116426745 0.000420679979
vn -0.9999999 0.000116426745 0.000420679979
vn -0.999518454 -0.03024717 0.00692595076
vn -0.99984324 -0.0147931166 0.009726419
vn -0.999518454 -0.03024717 0.00692595076
vn -0.999518454 -0.03024717 0.00692595076
vn -0.999969542 -0.00551926438 0.00552080944
vn -0.9999267 -0.008977653 0.008123467
vn -0.9999267 -0.008977653 0.008123467
vn -0.9999952 -0.00303242961 -0.000694244
vn -0.9999952 -0.00303242961 -0.000694244
vn -0.9999952 -0.00303242961 -0.000694244
vn -0.9997814 -0.00620521465 0.019964559
vn -0.9997814 -0.00620521465 0.019964559
vn -0.9997814 -0.00620521465 0.019964559
vn -0.9997701 -0.00621771533 -0.02052019
vn -0.9997701 -0.00621771533 -0.02052019
vn -0.9997701 -0.00621771533 -0.02052019
vn -0.9998934 -0.0135499379 0.005438735
vn -0.9999589 -0.001922972 0.008866897
vn -0.9999589 -0.001922972 0.008866897
vn -1 3.337441E-05 -0.000154717665
vn -0.999857068 -0.00298663857 0.0166443326
vn -0.999857068 -0.00298663857 0.0166443326
vn -0.999857068 -0.00298663857 0.0166443326
vn -0.99999994 -0.000340013736 -8.276233E-05
vn -0.99999994 -0.000340013736 -8.276233E-05
vn -0.99999994 -0.000340013736 -8.276233E-05
vn -0.9999777 -0.004722677 -0.0047265687
vn -0.9999965 -0.00258686324 0.0005911992
vn -0.9999965 -0.00258686324 0.0005911992
vn -0.999927759 -0.00901696 -0.007947683
vn -0.999927759 -0.00901696 -0.007947683
vn -0.999927759 -0.00901696 -0.007947683
vn -1 -1.271445E-05 1.173976E-05
vn -1 -1.271445E-05 1.173976E-05
vn -1 -1.271445E-05 1.173976E-05
vn -0.666793644 -0.7452425 0
vn -0.666793644 -0.7452425 0
vn -0.666793644 -0.7452425 0
vn -0.7087895 -0.705371857 0.008243051
vn -0.7087895 -0.705371857 0.008243051
vn -0.7087895 -0.705371857 0.008243051
vn -0.0142287295 -0.999638736 -0.02280326
vn -0.0142287295 -0.999638736 -0.02280326
vn -0.0142287295 -0.999638736 -0.02280326
vn -0.01726495 -0.9997281 -0.0156753622
vn -0.01726495 -0.9997281 -0.0156753622
vn 0.008200941 -0.9999664 0
vn 0.0290319733 -0.9994616 0.0152886715
vn 0.0290319733 -0.9994616 0.0152886715
vn 0.008200941 -0.9999664 0
vn 0.008200941 -0.9999664 0
vn -0.000655205164 -0.9999896 -0.004501911
vn 0 -0.99999404 -0.00345176761
vn 0 -0.99999404 -0.00345176761
vn -0.00528236432 -0.999986053 0
vn -0.02321058 -0.999663353 0.01159511
vn -0.02321058 -0.999663353 0.01159511
vn -0.0124809239 -0.999918461 0.00271123555
vn -0.051264707 -0.998379 -0.02472692
vn -0.051264707 -0.998379 -0.02472692
vn 0.057649184 -0.9983159 0.00648448
vn 0.057649184 -0.9983159 0.00648448
vn 0.057649184 -0.9983159 0.00648448
vn -0.0100333728 -0.9999497 0
vn -0.0100333728 -0.9999497 0
vn -0.009942657 -0.9999506 3.19095452E-05
vn -0.000745611149 -0.999999762 1.02560534E-06
vn -0.0007438663 -0.999999762 2.61841933E-06
vn -0.0151899047 -0.9998846 4.20113574E-05
vn -0.0151040843 -0.9998859 4.505208E-05
vn -0.0151040843 -0.9998859 4.505208E-05
vn 0.0006758983 -0.999999166 -0.00111519347
vn -0.0008648265 -0.9996511 0.026400866
vn -0.0008648265 -0.9996511 0.026400866
vn -0.0294302423 -0.99954915 0.00594719965
vn -0.0294302423 -0.99954915 0.00594719965
vn -0.00960341748 -0.9999493 -0.00304376381
vn 0.01472889 -0.9998807 0.004667703
vn 0.05434495 -0.9984794 -0.009245152
vn 0.05434495 -0.9984794 -0.009245152
vn 0.0366810933 -0.999327064 -0.000107429871
vn 0.009178836 -0.999957263 -0.0011275704
vn 0.009178836 -0.999957263 -0.0011275704
vn 0.008933081 -0.9999601 0
vn 0.008933081 -0.9999601 0
vn 0.0102076186 -0.9995116 0.0295370724
vn 0 -0.999927461 0.0120458743
vn 0 -0.999927461 0.0120458743
vn 0.000158656476 -0.9999361 0.0113022244
vn -0.00924027 -0.9999573 0
vn -0.009244249 -0.9999572 -0.000287502364
vn -0.009244249 -0.9999572 -0.000287502364
vn -0.02001243 -0.9996933 -0.0145912692
vn -0.02001243 -0.9996933 -0.0145912692
vn 0.0407426 -0.997930944 -0.0497382842
vn 0.0407426 -0.997930944 -0.0497382842
vn 0.0407426 -0.997930944 -0.0497382842
vn -0.010824 -0.9999043 0.00861957949
vn -0.010824 -0.9999043 0.00861957949
vn -0.010824 -0.9999043 0.00861957949
vn 0.02874247 -0.9982917 0.05086911
vn 0.02874247 -0.9982917 0.05086911
vn 0.02874247 -0.9982917 0.05086911
vn 0.0342927873 -0.9989832 -0.0292664617
vn 0.0342927873 -0.9989832 -0.0292664617
vn 0.0342927873 -0.9989832 -0.0292664617
vn 0.0262173209 -0.997738242 0.0618960969
vn 0.0262173209 -0.997738242 0.0618960969
vn 0.0262173209 -0.997738242 0.0618960969
vn -0.0639997944 -0.9887378 0.135283485
vn -0.0639997944 -0.9887378 0.135283485
vn -0.0639997944 -0.9887378 0.135283485
vn 0.019155344 -0.999694943 -0.0155898724
vn 0.019155344 -0.999694943 -0.0155898724
vn 0.019155344 -0.999694943 -0.0155898724
vn 0.0140092773 -0.999455869 -0.0298629925
vn 0.0140092773 -0.999455869 -0.0298629925
vn 0.0140092773 -0.999455869 -0.0298629925
vn 0.0369624048 -0.99814 0.0484809764
vn 0.0369624048 -0.99814 0.0484809764
vn 0.0369624048 -0.99814 0.0484809764
vn -0.03947989 -0.998504341 -0.0378212
vn -0.03947989 -0.998504341 -0.0378212
vn -0.03947989 -0.998504341 -0.0378212
vn -7.67683E-07 -1 0
vn -7.67683E-07 -1 0
vn -7.67683E-07 -1 0
vn -4.52510079E-07 -1 -2.11082461E-05
vn -4.52510079E-07 -1 -2.11082461E-05
vn -4.52510079E-07 -1 -2.11082461E-05
vn -0.00118545874 -0.99966 -0.0260466971
vn -0.00118545874 -0.99966 -0.0260466971
vn -0.00118545874 -0.99966 -0.0260466971
vn -0.00132985483 -0.999779165 -0.020974692
vn -0.00132985483 -0.999779165 -0.020974692
vn -0.00132985483 -0.999779165 -0.020974692
vn 0.00071686774 -0.9998299 0.0184291657
vn 0.00071686774 -0.9998299 0.0184291657
vn 0.00071686774 -0.9998299 0.0184291657
vn 0.000446452847 -0.9994955 0.0317575447
vn 0.000446452847 -0.9994955 0.0317575447
vn 0.000446452847 -0.9994955 0.0317575447
vn -0.00112745643 -0.999802649 0.0198347755
vn -0.00112745643 -0.999802649 0.0198347755
vn -0.00112745643 -0.999802649 0.0198347755
vn -4.52510079E-07 -1 -2.11082461E-05
vn -4.52510079E-07 -1 -2.11082461E-05
vn -4.52510079E-07 -1 -2.11082461E-05
vn 4.68722675E-07 -1 3.352144E-05
vn 4.68722675E-07 -1 3.352144E-05
vn 4.68722675E-07 -1 3.352144E-05
vn 0.00054222974 -0.9998134 -0.0193103757
vn 0.00054222974 -0.9998134 -0.0193103757
vn 0.00054222974 -0.9998134 -0.0193103757
vn -0.000227152632 -0.9989133 -0.04660638
vn -0.000227152632 -0.9989133 -0.04660638
vn -0.000227152632 -0.9989133 -0.04660638
vn 0.999532342 -0.0256267637 0.0166833084
vn 0.9998869 0.00146634132 0.0149715245
vn 0.7562851 0.0178544186 0.653998554
vn 0.995905161 -0.054149542 0.07239264
vn 0.8088176 -0.05414892 -0.5855613
vn 0.9952212 -0.06553315 0.07238983
vn 0.790346742 -0.0211270414 -0.612295449
vn 0.789345443 -0.0374929979 -0.612803459
vn 0.997795 -0.0540377647 0.03853631
vn 0.203824863 -0.0266629774 -0.978644252
vn 0.202107325 0.008530444 -0.979326248
vn -0.930774868 -0.02711616 -0.364585966
vn -0.9317436 0.002767995 -0.363106221
vn -0.480365783 0.012944865 -0.876972735
vn -0.9490484 -0.01728001 0.314656228
vn -0.9490107 -0.0191347376 0.314662546
vn -0.5322271 -0.02234094 0.8463068
vn -0.5309175 -0.0419943333 0.8463823
vn -0.862810433 -0.0463300981 -0.503400147
vn -0.9843908 -0.04633032 0.169789061
vn -0.8631716 -0.03915488 -0.503390253
vn -0.90043 -0.0123733049 0.434824824
vn -0.410223633 -0.0123734614 0.911901057
vn -0.8997582 -0.034061987 0.4350574
vn 0.163480625 -0.0260730982 0.986201942
vn 0.165039808 -0.00422959356 0.9862778
vn -0.507025063 0.0222222228 0.8616448
vn 0.999171138 -0.0266660172 0.0307569783
vn 0.9995444 0.008526152 0.0289530437
vn 0.7470389 0.008526199 0.664725661
vn 0.9958105 -0.0558433942 0.07240795
vn 0.8087157 -0.05584223 -0.585543036
vn 0.9950879 -0.0675098151 0.07240546
vn 0.7928073 -0.0237843189 -0.6090082
vn 0.7917799 -0.03983907 -0.609506
vn 0.9974564 -0.0570790544 0.04269496
vn 0.201616541 -0.02807998 -0.979061961
vn 0.2000013 0.00323048583 -0.97979033
vn 0.782956958 0.0101635139 -0.6219928
vn -0.489875048 -0.0162618533 -0.871641
vn -0.49027133 -0.05479953 -0.86984545
vn 0.244222224 -0.0568904877 -0.9680491
vn -0.436220765 -0.0568889864 -0.8980396
vn 0.2440897 -0.06872974 -0.967314065
vn -0.924411356 -0.0259052943 -0.3805162
vn -0.9252548 0.017888464 -0.378924131
vn -0.465434164 0.00133821077 -0.8850815
vn -0.949048162 -0.0172806382 0.314656973
vn -0.949010432 -0.0191353224 0.31466344
vn -0.514662445 -0.016807057 0.85722816
vn -0.5129847 -0.0501460359 0.8569318
vn -0.862810552 -0.0463297479 -0.503399968
vn -0.984390736 -0.0463300347 0.169789374
vn -0.863171756 -0.03915457 -0.503389955
vn -0.9004306 -0.01237342 0.434823573
vn -0.410224825 -0.0123735946 0.9119005
vn -0.8997588 -0.0340620577 0.435056269
vn 0.123796634 -0.0265531782 0.9919523
vn 0.125451356 0.022357231 0.9918478
vn -0.5411786 -0.00452386076 0.840895534
vn 0.71702075 -0.0568886474 0.6947266
vn 0.101409845 -0.0687269047 0.99246794
vn 0.750143468 -0.0196605921 0.6609828
vn 0.7501977 -0.0498521365 0.6593317
vn 0.150296569 -0.03967719 0.987844467
vn 0.9994784 -0.0276443772 0.0166949928
vn 0.9998776 -0.003940664 0.0151439011
vn 0.756276846 0.0181032587 0.6540013
vn 0.995807 -0.0558425449 0.072456874
vn 0.8087162 -0.0558424555 -0.585542262
vn 0.9950842 -0.06751057 0.07245458
vn 0.7768415 -0.0168026183 -0.629471958
vn 0.7751621 -0.0501468368 -0.6297691
vn 0.9992966 -0.0337528922 0.0163420159
vn 0.214270815 -0.02590534 -0.9764307
vn 0.212544948 0.0178985782 -0.976987362
vn 0.7908425 0.00134131778 -0.612018347
vn -0.436253577 -0.0558401048 -0.8980895
vn 0.2440544 -0.06750717 -0.9674091
vn -0.467502832 -0.0420051478 -0.882993042
vn -0.93073833 -0.02711076 -0.364679575
vn -0.9317094 0.00276931 -0.363194048
vn -0.4802831 0.0129456464 -0.877018034
vn -0.949048758 -0.0172808226 0.314655
vn -0.949010968 -0.0191355143 0.314661682
vn -0.5322066 -0.0223356765 0.846319854
vn -0.530896 -0.0419917069 0.846396
vn -0.8628147 -0.04632776 -0.503393054
vn -0.9843894 -0.0463277027 0.169797614
vn -0.863176763 -0.0391525924 -0.5033815
vn -0.90043 -0.0123733049 0.434824824
vn -0.410223633 -0.0123734614 0.911901057
vn -0.8997582 -0.034061987 0.4350574
vn 0.149773926 -0.0271226745 0.9883482
vn 0.151536763 0.002766874 0.9884477
vn -0.519190133 0.0129511049 0.8545606
vn 0.9994264 -0.0274261776 0.0198656321
vn 0.9998332 -0.00112945586 0.0182282329
vn 0.7541948 0.01594199 0.656457245
vn 0.9958071 -0.05584241 0.0724557638
vn 0.8087157 -0.05584223 -0.585543036
vn 0.995084345 -0.06751037 0.07245326
vn 0.784751 -0.0202237517 -0.619481146
vn 0.783325851 -0.04515148 -0.619969368
vn 0.998548567 -0.045144327 0.0293720365
vn 0.218214348 -0.02776371 -0.9755058
vn 0.21659857 0.0159635264 -0.976130247
vn -0.436194777 -0.0576041974 -0.8980066
vn 0.2441181 -0.06956283 -0.9672473
vn -0.493230253 -0.0158843938 -0.8697538
vn -0.493452877 -0.05793787 -0.8678407
vn 0.179938272 -0.0246873461 -0.983368039
vn -0.9243725 -0.0258996822 -0.380611032
vn -0.925218463 0.0178884473 -0.379013032
vn -0.465348959 0.00133751519 -0.8851263
vn -0.9447806 -0.0147287259 0.327372521
vn -0.94459945 -0.02485538 0.327282816
vn -0.5224076 -0.01770214 0.8525122
vn -0.520962358 -0.0425699949 0.8525175
vn 0.123883829 -0.0265580155 0.9919413
vn 0.12553373 0.0223586373 0.9918374
vn 0.7169873 -0.0568896346 0.6947609
vn 0.101362109 -0.0687274858 0.9924728
vn 0.7415322 -0.04459229 0.6694337
vn -0.862814844 -0.0463274233 -0.5033929
vn -0.984389365 -0.0463274121 0.1697979
vn -0.863176942 -0.039152313 -0.503381252
vn -0.900443435 -0.0107791005 0.434839547
vn -0.410236657 -0.0107792253 0.9119154
vn -0.899815857 -0.0321170241 0.435086161
vn 0.03402954 -0.5827859 0.8119129
vn 0.03402954 -0.5827859 0.8119129
vn 0.03402954 -0.5827859 0.8119129
vn 0.0109242965 -0.316805 0.9484278
vn -0.0256851949 -0.4186173 0.9077995
vn -0.033413507 -0.4410588 0.896856
vn 0.01970436 -0.176111788 0.98417294
vn 0.0207656231 -0.232621238 0.9723457
vn -0.02409159 -0.335714281 0.941655755
vn -0.02453831 -0.5158931 0.8563015
vn -0.0193731841 -0.360648245 0.9325007
vn 0.0269102566 -0.6096842 0.7921875
vn 0.02411712 -0.7387536 0.673544
vn 0.0263842717 -0.4683552 0.8831462
vn 0.06328398 -0.570713 0.818707466
vn 0.0249165259 -0.6643251 0.7470283
vn 0.009112213 -0.696500361 0.71749866
vn -0.0140959807 -0.9637293 0.266509175
vn 0.0159498937 -0.986684263 0.161863625
vn 0.021578731 -0.8741332 0.485206723
vn -0.00278265774 -0.9998944 0.014263778
vn -0.0002749036 -0.9986375 0.052182842
vn -0.038375482 -0.9407836 0.336828649
vn -0.03987823 -0.9888474 0.1434945
vn -0.0393426679 -0.966720164 0.252792925
vn -0.970287263 0.108040363 -0.216494635
vn -0.970287263 0.108040363 -0.216494635
vn -0.970287263 0.108040363 -0.216494635
vn -0.998720765 0.05010616 0.006798542
vn -0.998720765 0.05010616 0.006798542
vn -0.998720765 0.05010616 0.006798542
vn -0.9999763 0.006883973 5.76429875E-06
vn -0.9999763 0.006883973 5.76429875E-06
vn -0.9999269 -0.0120698269 -0.00073317613
vn -0.9999269 -0.0120698269 -0.00073317613
vn -0.9997837 -0.0199298467 -0.00595438341
vn -0.9999269 -0.0120698269 -0.00073317613
vn -1 1.24300823E-05 -2.32914181E-06
vn -0.999476135 0.0270604454 -0.01775437
vn -1 1.17101508E-05 -2.80755216E-06
vn -0.999476135 0.0270604454 -0.01775437
vn -0.999476135 0.0270604454 -0.01775437
vn -0.9996343 -0.0250734314 -0.0101290587
vn -0.9996043 -0.0262476336 -0.0101175522
vn -0.999999046 -0.000817752734 -0.00115702779
vn -0.9999998 -0.0005909736 0.000109257089
vn -1 0 0
vn -0.999973834 0.006316036 -0.003528149
vn -0.999786556 0.0104217473 -0.0178410076
vn -0.999966741 0.007488025 -0.00324414345
vn -0.999786556 0.0104217473 -0.0178410076
vn -0.999786556 0.0104217473 -0.0178410076
vn -0.995643 0.09288901 -0.00816263
vn -0.995643 0.09288901 -0.00816263
vn -0.995643 0.09288901 -0.00816263
vn -0.999996364 -0.00193347177 0.00188675825
vn -0.999996364 -0.00193347177 0.00188675825
vn -0.999996364 -0.00193347177 0.00188675825
vn -0.999819 -0.015194363 -0.0114503764
vn -0.999819 -0.015194363 -0.0114503764
vn -0.999819 -0.015194363 -0.0114503764
vn -0.993417561 0.09929942 -0.05710672
vn -0.993417561 0.09929942 -0.05710672
vn -0.993417561 0.09929942 -0.05710672
vn -0.9889608 -0.1320489 -0.06722821
vn -0.9889608 -0.1320489 -0.06722821
vn -0.9889608 -0.1320489 -0.06722821
vn -0.9988631 0.0471045747 0.007332002
vn -0.9988631 0.0471045747 0.007332002
vn -0.9988631 0.0471045747 0.007332002
vn -0.997146547 0.07548954 0.000377876684
vn -0.997146547 0.07548954 0.000377876684
vn -0.988968849 -0.147527516 -0.0132738966
vn -0.988968849 -0.147527516 -0.0132738966
vn -0.988968849 -0.147527516 -0.0132738966
vn -0.9996327 -0.027044503 -0.00176813453
vn -0.9996327 -0.027044503 -0.00176813453
vn -0.999935746 0.0110861473 0.002387237
vn -0.999995649 0.00143780943 0.0025851042
vn -1 1.73697956E-07 -2.8225918E-07
vn -1 0 0
vn -0.9999956 -5.028687E-05 0.00297063985
vn -1 6.176622E-07 -1.8369127E-07
vn -1 -1.00611317E-06 -1.09517821E-07
vn -0.9999418 0.008561697 -0.00655807368
vn -0.9999418 0.008561697 -0.00655807368
vn -0.999214232 -0.00109905622 0.03961955
vn -0.999214232 -0.00109905622 0.03961955
vn -0.999214232 -0.00109905622 0.03961955
vn -0.997614 0.00175049377 0.0690155849
vn -1 -2.82375786E-05 -1.66592072E-05
vn -1 -2.82375786E-05 -1.66592072E-05
vn -1 -2.82375786E-05 -1.66592072E-05
vn -0.9994277 -0.0337244 -0.002644826
vn -0.9994277 -0.0337244 -0.002644826
vn -0.9994277 -0.0337244 -0.002644826
vn -0.9998522 0.0117610535 -0.0125441141
vn -0.9998522 0.0117610535 -0.0125441141
vn -0.9998522 0.0117610535 -0.0125441141
vn -0.9976063 0.0492101721 0.0485807844
vn -0.9976063 0.0492101721 0.0485807844
vn -0.9976063 0.0492101721 0.0485807844
vn -0.980848968 -0.153670415 0.119669065
vn -0.980848968 -0.153670415 0.119669065
vn -0.980848968 -0.153670415 0.119669065
vn -0.9977442 -0.01032227 -0.0663324445
vn -0.9977442 -0.01032227 -0.0663324445
vn -0.9977442 -0.01032227 -0.0663324445
vn -0.999642134 -0.02623952 -0.00520924432
vn -0.99855864 -0.0530996472 0.007817457
vn -0.999642134 -0.02623952 -0.00520924432
vn -0.99855864 -0.0530996472 0.007817457
vn -0.99855864 -0.0530996472 0.007817457
vn -0.9999094 -0.01331884 0.00194549945
vn -0.999997139 -0.00115451333 0.00208135927
vn -0.999997139 -0.00115451333 0.00208135927
vn -1 0 -2.8146755E-07
vn -1 -6.149879E-07 -1.82893615E-07
vn -1 -9.979841E-07 -1.08636762E-07
vn -1 1.33969957E-06 0
vn -0.993193567 -0.1132454 0.027241081
vn -0.993193567 -0.1132454 0.027241081
vn -0.993193567 -0.1132454 0.027241081
vn -0.9999984 -0.001142962 -0.00140004465
vn -0.9999984 -0.001142962 -0.00140004465
vn -0.9999984 -0.001142962 -0.00140004465
vn -0.9948829 -0.0563873537 -0.08383637
vn -0.9948829 -0.0563873537 -0.08383637
vn -0.9948829 -0.0563873537 -0.08383637
vn 0.318374842 -0.114275008 0.9410519
vn 0.320005238 -0.502734363 0.8030286
vn 0.30089426 -0.120808393 0.945974648
vn -0.9397069 -0.227445215 0.255381256
vn -0.8858474 -0.456878483 -0.08084834
vn -0.8660565 -0.4968397 -0.0556458458
vn -0.0542428643 0.8813777 -0.4692879
vn -0.0246969182 0.9949031 -0.09776441
vn -0.04603496 0.9943268 -0.09589131
vn -0.0165522769 0.998523831 0.0517321527
vn -0.00226991647 0.8024512 0.5967135
vn 0.0204951167 0.998500943 0.0507521629
vn -0.0148762288 0.731741846 0.681419551
vn -0.0250347648 0.33490482 0.9419193
vn -0.05201764 0.800864458 0.596582234
vn -0.04928891 0.7593022 0.648868859
vn -0.0496076234 0.163707212 0.9852609
vn -0.06601028 0.3721629 0.925817132
vn -0.002781246 -0.184227437 0.9828797
vn -0.0594825745 -0.520199239 0.85197103
vn 0.056519378 0.0296027362 0.997962534
vn -0.0304473974 -0.5056257 0.8622155
vn -0.0298755635 -0.9416703 0.335208267
vn -0.0437910967 -0.710343063 0.7024921
vn 0.03016409 -0.948696434 0.3147463
vn 0.0321210362 -0.985480249 0.166724116
vn 0.009160588 -0.9675099 -0.252667129
vn -0.00228028744 -0.6322974 -0.774722457
vn -0.0341634452 -0.9553792 -0.29339996
vn -0.0498261824 -0.92515 -0.376317441
vn -0.04991859 -0.466010928 -0.8833696
vn -0.0647333 -0.522267342 -0.850321352
vn -0.0109797586 -0.428849459 -0.9033093
vn -0.004118977 0.0793862 -0.9968354
vn 0.009327025 -0.487653226 -0.8729876
vn -0.0300206244 0.0413589552 -0.9986933
vn -0.0298175737 0.6738374 -0.7382778
vn -0.036850974 0.25606972 -0.9659556
vn 0.00212371722 0.7487712 -0.6628252
vn -0.00498536648 0.6883714 -0.72534126
vn -0.0101613337 0.358355522 -0.9335299
vn -0.0152302068 0.8418574 -0.5394851
vn -0.014711597 0.99167037 0.127958611
vn -0.0220692381 0.9645333 -0.263037026
vn -0.0615694858 -0.9750284 -0.213375092
vn -0.0519504026 -0.9512497 0.30401504
vn -0.022994373 -0.9300419 -0.366733253
vn -0.0368001536 -0.634753346 -0.771838
vn -0.0004355414 -0.9802981 -0.197523415
vn -0.0423541 -0.864267468 0.5012464
vn -0.0156035312 -0.9386058 0.344638675
vn 0.009497576 -0.374853432 0.927035451
vn -0.0214905683 -0.5320272 0.8464545
vn -0.0616127029 0.0408104025 -0.997265458
vn -0.0519540943 -0.4645899 -0.8840006
vn -0.0230007973 0.199629873 -0.9796014
vn -0.0103279734 0.661106348 -0.750221133
vn -0.0004382553 0.0242649782 -0.9997055
vn -0.0409094356 0.9882151 -0.147503614
vn -0.0191916917 0.782370567 -0.6225175
vn -0.061557997 -0.379450083 0.9231621
vn -0.0519468822 0.134208947 0.9895906
vn -0.033300668 0.325489163 0.9449592
vn -0.006611378 0.857077 0.5151459
vn -0.0239233263 0.7530433 0.657536
vn -0.0287517086 0.9839945 -0.175864473
vn -0.0152830109 0.999878645 -0.0030203464
vn -0.0347501673 0.7782202 0.6270293
vn -0.03711527 0.987390161 0.153893411
vn -0.03693223 0.6571001 0.7528981
vn -0.02966225 0.959299445 -0.280828685
vn -0.0168701634 0.6901617 -0.7234585
vn -0.0169963781 0.9937334 -0.110476404
vn 0.08835759 0.9960853 -0.00265550148
vn 0.08835759 0.9960853 -0.00265550148
vn 0.08835759 0.9960853 -0.00265550148
vn -0.08835606 0.9960854 0.00265547121
vn -0.08835606 0.9960854 0.00265547121
vn -0.08835606 0.9960854 0.00265547121
vn 0.04519629 0.8710202 -0.489163667
vn 0.04519597 0.509286046 -0.8594097
vn 0.0765026659 0.8686387 -0.489504039
vn -0.07631034 0.4895096 -0.868652463
vn -0.04500859 0.489133567 -0.871046841
vn -0.04500839 0.8594048 -0.5093109
vn -0.0885265246 -3.745341E-05 -0.996073842
vn -0.0885265246 -3.745341E-05 -0.996073842
vn -0.0885265246 -3.745341E-05 -0.996073842
vn -0.109493285 -0.857101142 -0.5033775
vn -0.0835786 -0.861733139 -0.500430465
vn -0.005016983 -0.502395451 -0.8646234
vn 0.08835689 -0.996085346 0.00265407632
vn 0.08835689 -0.996085346 0.00265407632
vn 0.08835689 -0.996085346 0.00265407632
vn -0.0883569941 -0.996085346 -0.002654052
vn -0.0883569941 -0.996085346 -0.002654052
vn -0.0883569941 -0.996085346 -0.002654052
vn 0.0807651 -0.862402 0.499739736
vn 0.007907096 -0.502477467 0.864554167
vn 0.106963038 -0.857916 0.5025327
vn -0.106963105 0.857917964 0.5025293
vn -0.08076519 0.862404 0.4997363
vn -0.007907231 0.5024805 0.864552438
vn 0.00542722736 -0.9999457 -0.008898792
vn 0.00542722736 -0.9999457 -0.008898792
vn 0.00542722736 -0.9999457 -0.008898792
vn -0.0236894861 -0.9995772 0.01685818
vn -0.0236894861 -0.9995772 0.01685818
vn -0.0236894861 -0.9995772 0.01685818
vn 0.02812027 -0.8089195 0.5872466
vn 0.02812027 -0.8089195 0.5872466
vn 0.02812027 -0.8089195 0.5872466
vn 0.028122358 0.80891 0.5872595
vn 0.028122358 0.80891 0.5872595
vn 0.028122358 0.80891 0.5872595
vn -0.6667603 0 0.7452723
vn -0.6667603 0 0.7452723
vn -0.6667603 0 0.7452723
vn -0.708776951 0.008250514 0.7053844
vn -0.708776951 0.008250514 0.7053844
vn -0.708776951 0.008250514 0.7053844
vn 0.999693632 0.005412338 -0.02415305
vn 0.999693632 0.005412338 -0.02415305
vn 0.999693632 0.005412338 -0.02415305
vn 0.9999273 0.0111906026 0.00449183
vn 0.9999273 0.0111906026 0.00449183
vn 0.999866962 0.01604468 0.00294509763
vn 0.9998908 0.00199986831 0.0146456072
vn 0.9998908 0.00199986831 0.0146456072
vn 0.9998908 0.00199986831 0.0146456072
vn 0.99999994 0.000342350133 -8.276026E-05
vn 0.99999994 0.000342350133 -8.276026E-05
vn 0.99999994 0.000342350133 -8.276026E-05
vn 1 1.271445E-05 1.17400168E-05
vn 1 1.271445E-05 1.17400168E-05
vn 1 1.271445E-05 1.17400168E-05
vn 0.99978137 0.00620521326 0.0199689
vn 0.99978137 0.00620521326 0.0199689
vn 0.99978137 0.00620521326 0.0199689
vn 0.9998967 0.0132209891 -0.00564178871
vn 0.9998967 0.0132209891 -0.00564178871
vn 1 -8.89026851E-05 -1.87749611E-05
vn 1 -8.89026851E-05 -1.87749611E-05
vn 0.9999994 -0.000651297043 -0.0008524681
vn 0.999851 0.00299944635 -0.0169990975
vn 0.999851 0.00299944635 -0.0169990975
vn 0.999851 0.00299944635 -0.0169990975
vn 0.9999993 -0.000419629883 0.00109807646
vn 0.9999993 -0.000419629883 0.00109807646
vn 0.9999993 -0.000419629883 0.00109807646
vn 0.99999994 -0.0002516618 0.000249633245
vn 0.99999994 -0.0002516618 0.000249633245
vn 0.9999999 0.000116431671 0.0004206978
vn 0.9999999 0.000116431671 0.0004206978
vn 0.999836 -0.008426573 0.0160290431
vn 0.999843359 -0.0147905005 0.009725658
vn 0.9995186 -0.0302429032 0.00692515075
vn 0.9995186 -0.0302429032 0.00692515075
vn 0.9995186 -0.0302429032 0.00692515075
vn 0.9997814 -0.006205022 0.0199638233
vn 0.9997814 -0.006205022 0.0199638233
vn 0.9997814 -0.006205022 0.0199638233
vn 0.9999912 0.00137716648 -0.003973785
vn 0.9999999 -0.000277442363 -0.000321113534
vn 0.9999999 -0.000277442363 -0.000321113534
vn 0.999966145 -0.00452875951 -0.00687244534
vn 0.999966145 -0.00452875951 -0.00687244534
vn 0.999966145 -0.00452875951 -0.00687244534
vn 0.999966741 -0.00385159673 -0.00719230762
vn 0.9997701 -0.00621781452 -0.0205187891
vn 0.9997701 -0.00621781452 -0.0205187891
vn 0.9997701 -0.00621781452 -0.0205187891
vn 0.9998934 -0.0135484478 0.00543873431
vn 0.9998934 -0.0135484478 0.00543873431
vn 1 3.337441E-05 -0.000154717665
vn 1 3.337441E-05 -0.000154717665
vn 0.999857068 -0.00298714172 0.0166443326
vn 0.999857068 -0.00298714172 0.0166443326
vn 0.999857068 -0.00298714172 0.0166443326
vn 1 -1.271445E-05 1.173976E-05
vn 1 -1.271445E-05 1.173976E-05
vn 1 -1.271445E-05 1.173976E-05
vn 0.99999994 -0.000340795377 -8.276233E-05
vn 0.99999994 -0.000340795377 -8.276233E-05
vn 0.99999994 -0.000340795377 -8.276233E-05
vn 0.708791435 -0.705369949 0.00824416
vn 0.708791435 -0.705369949 0.00824416
vn 0.708791435 -0.705369949 0.00824416
vn 0.6667914 -0.745244443 0
vn 0.6667914 -0.745244443 0
vn 0.6667914 -0.745244443 0
vn 0.6558164 0 0.7549204
vn 0.6558164 0 0.7549204
vn 0.6558164 0 0.7549204
vn 0.709204 -0.0101956716 0.70492965
vn 0.709204 -0.0101956716 0.70492965
vn 0.709204 -0.0101956716 0.70492965
vn -0.02865955 -0.586763 0.809251368
vn -0.02865955 -0.586763 0.809251368
vn -0.02865955 -0.586763 0.809251368
vn 0.007001894 0.03574798 -0.9993363
vn 0.007001894 0.03574798 -0.9993363
vn 0 0 -1
vn 0 0 -1
vn 0 0 -1
vn 0 0 -1
vn 2.92692062E-06 0 -1
vn 0 0 -1
vn 0 0 -1
vn 0 0 -1
vn 0.006997953 -0.0357470438 -0.999336362
vn 0.006997953 -0.0357470438 -0.999336362
vn 0 0 -1
vn 5.85384123E-06 0 -1
vn 5.85384123E-06 0 -1
vn 5.85384123E-06 0 -1
vn 0 0 -1
vn 0 0 -1
vn 0.0100216474 0.9995408 0.0285963956
vn 0.0100216474 0.9995408 0.0285963956
vn 0.0100216474 0.9995408 0.0285963956
vn 0.0189686269 0.9997086 -0.0149291158
vn 0.0189686269 0.9997086 -0.0149291158
vn 0.0155042531 0.998771966 -0.047054626
vn 0.0155042531 0.998771966 -0.047054626
vn 0.0155042531 0.998771966 -0.047054626
vn -0.05409339 0.9917413 0.116289146
vn -0.05409339 0.9917413 0.116289146
vn -0.05409339 0.9917413 0.116289146
vn -0.0198457371 0.9996959 -0.0146388859
vn -0.0198457371 0.9996959 -0.0146388859
vn -0.0198457371 0.9996959 -0.0146388859
vn 0.02812181 0.9974362 0.06580439
vn 0.02812181 0.9974362 0.06580439
vn 0.02812181 0.9974362 0.06580439
vn 0.020132849 0.999571741 -0.021236036
vn 0.020132849 0.999571741 -0.021236036
vn 0.020132849 0.999571741 -0.021236036
vn 0.0241606161 0.9991275 0.0340663753
vn 0.0241606161 0.9991275 0.0340663753
vn 0.0241606161 0.9991275 0.0340663753
vn -0.0388522446 0.9985363 -0.0376269855
vn -0.0388522446 0.9985363 -0.0376269855
vn -0.0388522446 0.9985363 -0.0376269855
vn 0.02806723 0.9994986 0.0146550126
vn 0.02806723 0.9994986 0.0146550126
vn 0.02806723 0.9994986 0.0146550126
vn 0 0.99999404 -0.00345617719
vn 0.008132279 0.999967 0
vn -0.00533257145 0.9999858 0
vn -0.000634850061 0.999989748 -0.0044808574
vn -0.00533257145 0.9999858 0
vn -0.0125719663 0.999917269 0.00273008761
vn -0.0125719663 0.999917269 0.00273008761
vn -0.008325703 0.99996537 0
vn -0.0103096468 0.9999052 0.00912189949
vn 0.0163017809 0.9998609 -0.00354175083
vn -0.0103096468 0.9999052 0.00912189949
vn -0.0103096468 0.9999052 0.00912189949
vn 0.0576469153 0.998316 0.00648283539
vn 0.0576469153 0.998316 0.00648283539
vn -0.0477821454 0.9986089 -0.02229859
vn -0.0477821454 0.9986089 -0.02229859
vn -0.02354559 0.999654055 0.0117254211
vn -0.02354559 0.999654055 0.0117254211
vn 0.0147275869 0.9998807 0.00466988375
vn -0.01093465 0.9999398 -0.000925989356
vn -0.01093465 0.9999398 -0.000925989356
vn 0.0288361665 0.99958384 -0.00079555955
vn -2.107135E-07 1 -1.02870376E-06
vn -0.0007449001 0.999999762 -2.56401358E-06
vn -0.0007445837 0.999999762 -2.09473365E-06
vn -0.0151899131 0.9998846 -4.20113865E-05
vn -0.0151045779 0.9998859 -4.59730145E-05
vn 0.0169133171 0.999856949 4.88711739E-05
vn 0.0289513431 0.9995808 -0.000285157119
vn 0.008987958 0.9999596 0
vn -0.0008637667 0.999652 -0.026364686
vn -0.0008637667 0.999652 -0.026364686
vn 0.008987958 0.9999596 0
vn 0.008987958 0.9999596 0
vn 0.000112853355 0.9999341 0.0114830052
vn 0 0.9999279 0.0120081566
vn 0 0.9999279 0.0120081566
vn -0.0092090955 0.9999576 0
vn -0.0092090955 0.9999576 0
vn -0.009607885 0.9999492 -0.00304409279
vn -0.0303080976 0.999521255 0.006217545
vn 0.05434257 0.998479545 -0.009243897
vn 0.05434257 0.998479545 -0.009243897
vn 0.05434257 0.998479545 -0.009243897
vn -0.0144802229 0.999625266 -0.0232303273
vn -0.0144802229 0.999625266 -0.0232303273
vn -0.0144802229 0.999625266 -0.0232303273
vn -0.01847908 0.9996928 -0.0165195614
vn -0.01847908 0.9996928 -0.0165195614
vn 0.0385655724 0.997315466 0.06224641
vn 0.0385655724 0.997315466 0.06224641
vn 0.0385655724 0.997315466 0.06224641
vn 0.0396533832 0.9980478 -0.0482506752
vn 0.0396533832 0.9980478 -0.0482506752
vn 0.0396533832 0.9980478 -0.0482506752
vn 4.60547053E-05 0.9986707 -0.05154424
vn 4.60547053E-05 0.9986707 -0.05154424
vn 4.60547053E-05 0.9986707 -0.05154424
vn 0.0007178103 0.999830246 -0.0184095465
vn 0.0007178103 0.999830246 -0.0184095465
vn 0.0007178103 0.999830246 -0.0184095465
vn 3.44980947E-07 1 3.43858119E-05
vn 3.44980947E-07 1 3.43858119E-05
vn 3.44980947E-07 1 3.43858119E-05
vn -3.246193E-07 1 -2.55943178E-05
vn -3.246193E-07 1 -2.55943178E-05
vn -3.246193E-07 1 -2.55943178E-05
vn -0.00118655467 0.99966 0.0260478482
vn -0.00118655467 0.99966 0.0260478482
vn -0.00118655467 0.99966 0.0260478482
vn -0.00133096543 0.9997788 0.0209924653
vn -0.00133096543 0.9997788 0.0209924653
vn -0.00133096543 0.9997788 0.0209924653
vn -3.246193E-07 1 -2.55943178E-05
vn -3.246193E-07 1 -2.55943178E-05
vn -3.246193E-07 1 -2.55943178E-05
vn -7.64433139E-07 1 -1.67621547E-05
vn -7.64433139E-07 1 -1.67621547E-05
vn -7.64433139E-07 1 -1.67621547E-05
vn 0.000541116635 0.999812663 0.0193485375
vn 0.000541116635 0.999812663 0.0193485375
vn 0.000541116635 0.999812663 0.0193485375
vn 0.0002806804 0.9995912 0.028590627
vn 0.0002806804 0.9995912 0.028590627
vn 0.0002806804 0.9995912 0.028590627
vn -0.00112660648 0.999802649 -0.0198357664
vn -0.00112660648 0.999802649 -0.0198357664
vn -0.00112660648 0.999802649 -0.0198357664
vn 0.790773749 -0.0178936776 0.611847
vn 0.999219 -0.00134167157 -0.0394918658
vn 0.791732 0.0259073675 0.610318959
vn 0.808872044 0.06750509 0.584096849
vn 0.2432073 0.0558404 0.968365669
vn 0.9984442 0.0547946654 -0.0103322584
vn 0.7589541 0.02834912 -0.650526762
vn 0.999800861 0.0162558816 -0.0115765948
vn 0.7156357 0.0687328354 -0.695083737
vn 0.716204345 0.0568913855 -0.6955679
vn 0.9958348 0.0568904467 -0.07124976
vn 0.7411383 -0.0129419873 -0.6712277
vn 0.136353582 -0.002695771 -0.9906566
vn 0.150790274 0.04985787 -0.9873077
vn -0.51991117 0.0396725349 -0.8532986
vn 0.1496361 0.0196711067 -0.9885455
vn -0.560211957 0.06872898 -0.8254931
vn -0.560588837 0.0568917356 -0.8261377
vn 0.102762312 0.0568898059 -0.993077755
vn -0.532353938 -0.012938669 -0.846423
vn -0.9519364 -0.0026988 -0.306283861
vn -0.9481224 0.0451429971 -0.314684153
vn -0.928288937 0.0451497957 0.369108677
vn -0.949294031 0.0202250425 -0.313738465
vn -0.4799924 0.0140329357 0.87716043
vn -0.9315109 0.0170881525 0.363311648
vn 0.220810309 0.004523284 0.9753063
vn -0.455727726 0.026555486 0.889723063
vn -0.968911052 0.03406354 0.245053262
vn -0.969264567 0.0123795737 0.245709166
vn -0.9003958 0.0123795532 -0.4348955
vn -0.3376037 0.0405141376 0.940416038
vn -0.337322861 0.04750193 0.940189838
vn -0.8631578 0.0475028679 0.502694845
vn 0.188978925 0.05014988 0.9806997
vn 0.7759682 0.03376534 0.629867733
vn 0.190452084 0.0168155376 0.9815525
vn 0.784285843 -0.00852716248 0.620341
vn 0.999543369 -0.008527426 -0.0289891381
vn 0.785156369 0.0266624968 0.618723333
vn 0.998410642 0.05303709 -0.0190586746
vn 0.752809644 0.0359749943 -0.6572545
vn 0.999605834 0.0192872 -0.0204025544
vn 0.7155544 0.06956901 -0.6950843
vn 0.716140449 0.0576088279 -0.6955747
vn 0.99579227 0.05760935 -0.07126659
vn 0.7370622 -0.01595883 -0.6756364
vn 0.130536675 0.00128692563 -0.9914426
vn -0.532270253 0.05402997 -0.844848633
vn 0.13504298 0.0211266559 -0.990614533
vn -0.5606621 0.05415133 -0.8262722
vn -0.512918353 -0.0014679617 -0.858436167
vn -0.9445097 -0.0178542621 -0.3279981
vn -0.514221549 0.0256217159 -0.857274652
vn -0.9481224 0.0451427065 -0.314684123
vn -0.928288937 0.0451495 0.369108677
vn -0.949294 0.020224737 -0.313738525
vn -0.465759128 0.027407825 0.884487033
vn -0.92558 0.0175817627 0.3781435
vn 0.181708544 -0.0222143326 0.9831015
vn -0.490960419 0.02607747 0.8707915
vn -0.9689109 0.0340639949 0.2450538
vn -0.9692644 0.0123800328 0.245709658
vn -0.900396049 0.0123800077 -0.434895068
vn -0.337759256 0.036944516 0.940507233
vn -0.337463915 0.0444235243 0.9402897
vn -0.863278151 0.04442286 0.5027698
vn 0.7933689 -0.0159631576 0.608531833
vn 0.999045253 0.00129115151 -0.04366841
vn 0.7942038 0.027764 0.607016861
vn 0.8087478 0.06956509 0.5840272
vn 0.24309887 0.057604935 0.968289554
vn 0.756339848 -0.00146611047 -0.6541773
vn 0.15902169 -0.0178526863 -0.987113655
vn 0.7549743 0.0256236885 -0.6552536
vn 0.150790274 0.04985787 -0.9873077
vn -0.51991117 0.0396725349 -0.8532986
vn 0.1496361 0.0196711067 -0.9885455
vn -0.5601723 0.0687284246 -0.8255201
vn -0.56054914 0.0568927266 -0.826164544
vn 0.102810033 0.056888815 -0.9930729
vn -0.5323173 -0.0129389465 -0.8464461
vn -0.9519231 -0.00269933813 -0.306325316
vn -0.948122 0.04513938 -0.3146857
vn -0.92828995 0.0451462045 0.369106442
vn -0.949293137 0.020221293 -0.313741356
vn -0.479951978 0.0140338587 0.8771825
vn -0.931492 0.01708959 0.363360167
vn 0.210633233 -0.00270277122 0.9775614
vn -0.465254 0.0273237117 0.884755433
vn -0.968911052 0.03406354 0.245053262
vn -0.969264567 0.0123795737 0.245709166
vn -0.9003958 0.0123795532 -0.4348955
vn -0.3375979 0.04051146 0.940418243
vn -0.337312043 0.0475000776 0.9401938
vn -0.8631521 0.04750142 0.502704859
vn 0.192119762 0.053040795 0.9799371
vn 0.7779784 0.0359714553 0.627260447
vn 0.193656534 0.0192827359 0.9808799
vn 0.7933695 -0.0159592573 0.608531237
vn 0.9990452 0.00128828036 -0.0436695553
vn 0.7942044 0.0277644861 0.6070161
vn 0.7860274 0.047822658 0.6163392
vn 0.243100077 0.0576052554 0.9682892
vn 0.2051491 0.04782347 0.977561653
vn 0.2066018 0.0228450019 0.978158355
vn 0.998571336 0.0451474935 -0.0285831112
vn 0.746055067 0.0451537259 -0.6643515
vn 0.999348938 0.0202271733 -0.0298748314
vn 0.7157187 0.06750926 -0.6951182
vn 0.7162673 0.0558425449 -0.695588052
vn 0.9958929 0.0558413379 -0.0712676346
vn 0.7541275 0.00112998858 -0.6567271
vn 0.1557226 -0.015938729 -0.9876722
vn 0.75275743 0.0274225138 -0.657726645
vn -0.512918353 -0.0014679617 -0.858436167
vn -0.9445097 -0.0178542621 -0.3279981
vn -0.514221549 0.0256217159 -0.857274652
vn -0.9513407 0.0374789871 -0.305853337
vn -0.924433351 0.0540305227 0.37749657
vn -0.952106953 0.0211204365 -0.305034816
vn -0.477789074 0.0166619923 0.8783166
vn -0.930650353 0.0150261009 0.365601
vn 0.177276134 -0.0251693949 0.9838393
vn -0.494809449 0.0263845026 0.868600845
vn -0.9689742 0.03211783 0.24506633
vn -0.9692848 0.0107860109 0.245704636
vn -0.9004143 0.0107859438 -0.434899837
vn -0.337674648 0.0369436257 0.940537632
vn -0.337384224 0.0444236957 0.9403183
vn -0.8632355 0.0444257855 0.502842844
vn -0.667907357 0.7442444 0
vn -0.667907357 0.7442444 0
vn -0.667907357 0.7442444 0
vn -0.70872426 0.705441236 -0.007907603
vn -0.70872426 0.705441236 -0.007907603
vn -0.70872426 0.705441236 -0.007907603
vn 0.6667578 0 -0.7452745
vn 0.6667578 0 -0.7452745
vn 0.6667578 0 -0.7452745
vn 0.7087774 0.008240731 -0.705384
vn 0.7087774 0.008240731 -0.705384
vn 0.7087774 0.008240731 -0.705384
vn -0.0278953668 0.08341041 -0.996124744
vn -0.0278953668 0.08341041 -0.996124744
vn -0.0278953668 0.08341041 -0.996124744
vn -0.0421197824 -0.06463005 -0.99702
vn -0.0421197824 -0.06463005 -0.99702
vn -0.0421197824 -0.06463005 -0.99702
vn 0.0285332482 0.0846214741 -0.9960045
vn 0.0285332482 0.0846214741 -0.9960045
vn 0.0285332482 0.0846214741 -0.9960045
vn -0.000440024451 0.0821550861 -0.996619463
vn -0.000440024451 0.0821550861 -0.996619463
vn -0.00445996458 -0.05397335 -0.9985324
vn -0.00445996458 -0.05397335 -0.9985324
vn -0.00445996458 -0.05397335 -0.9985324
vn 0.00350011839 0.06630995 -0.997792959
vn 0.00350011839 0.06630995 -0.997792959
vn 0.00350011839 0.06630995 -0.997792959
vn -0.009331679 0 -0.9999565
vn -0.009331679 0 -0.9999565
vn -0.009331679 0 -0.9999565
vn 0.003558629 -0.0227535516 -0.999734759
vn 0.003558629 -0.0227535516 -0.999734759
vn 0 -0.00126813934 -0.9999992
vn 0.00799171347 0 -0.999968052
vn 0.00799171347 0 -0.999968052
vn 0.004311155 0 -0.9999907
vn 0.010798214 0 -0.9999417
vn 0.006075258 -0.0009346206 -0.999981165
vn -0.001602378 0.00341988821 -0.999992847
vn 0.00199463381 -0.0161707755 -0.99986726
vn -0.001602378 0.00341988821 -0.999992847
vn 0.00305835344 -0.0003693089 -0.999995232
vn -0.00728399726 0 -0.9999735
vn -0.000718916941 0 -0.999999762
vn 0.03952289 0 -0.9992187
vn 0.00199463381 -0.0161707755 -0.99986726
vn 0.00199463381 -0.0161707755 -0.99986726
vn 0 0.0142866122 -0.999897957
vn -0.000718916941 0 -0.999999762
vn 0.0578649677 -0.00387944165 -0.9983169
vn 0.0578649677 -0.00387944165 -0.9983169
vn 0.0578649677 -0.00387944165 -0.9983169
vn -0.0005914444 0.0105431359 -0.99994427
vn 0 0.0142866122 -0.999897957
vn 0.010798214 0 -0.9999417
vn 0.0129741831 -0.003523711 -0.999909639
vn 0.010798214 0 -0.9999417
vn 0.0119424192 0.0100991512 -0.9998777
vn -0.0202175882 0.0217077974 -0.999559939
vn -0.0202175882 0.0217077974 -0.999559939
vn -0.0202175882 0.0217077974 -0.999559939
vn 0.0627330542 -0.1732418 -0.982879341
vn 0.0627330542 -0.1732418 -0.982879341
vn 0.0627330542 -0.1732418 -0.982879341
vn -0.116561122 -0.310556382 -0.9433813
vn -0.116561122 -0.310556382 -0.9433813
vn -0.116561122 -0.310556382 -0.9433813
vn 0.0306842718 0.0389647149 -0.998769343
vn 0.0306842718 0.0389647149 -0.998769343
vn 0.0306842718 0.0389647149 -0.998769343
vn 0.0109932888 -0.0204904061 -0.999729633
vn 0.0109932888 -0.0204904061 -0.999729633
vn 0.0109932888 -0.0204904061 -0.999729633
vn 0.0204258468 0.196656942 -0.9802596
vn 0.0204258468 0.196656942 -0.9802596
vn 0.0204258468 0.196656942 -0.9802596
vn 0.0125312908 -0.09344054 -0.995546
vn 0.0125312908 -0.09344054 -0.995546
vn 0.0125312908 -0.09344054 -0.995546
vn 0.00175653386 -0.0198379029 -0.9998017
vn 0.00175653386 -0.0198379029 -0.9998017
vn 0.00175653386 -0.0198379029 -0.9998017
vn 0.00120777613 0.126146048 -0.992010951
vn 0.00120777613 0.126146048 -0.992010951
vn 0.00120777613 0.126146048 -0.992010951
vn 0.00282856124 0.04066399 -0.9991689
vn 0.00282856124 0.04066399 -0.9991689
vn 0.00282856124 0.04066399 -0.9991689
vn -0.00181935879 -0.0291630775 -0.999573052
vn -0.00181935879 -0.0291630775 -0.999573052
vn -0.00181935879 -0.0291630775 -0.999573052
vn -0.0002910803 -0.05193022 -0.9986507
vn -0.0002910803 -0.05193022 -0.9986507
vn -0.0002910803 -0.05193022 -0.9986507
vn 0.000961696 -0.03235792 -0.9994759
vn 0.000961696 -0.03235792 -0.9994759
vn 0.000961696 -0.03235792 -0.9994759
vn 0.000229674682 0.111079559 -0.993811548
vn 0.000229674682 0.111079559 -0.993811548
vn 0.000229674682 0.111079559 -0.993811548
vn -0.0167969409 -0.1495177 -0.9886164
vn -0.0167969409 -0.1495177 -0.9886164
vn -0.0167969409 -0.1495177 -0.9886164
vn -0.00931533 0.08203224 -0.996586144
vn -0.00931533 0.08203224 -0.996586144
vn -0.00931533 0.08203224 -0.996586144
vn -0.9416397 -0.11404074 0.3167165
vn -0.803717256 -0.5025593 0.318547934
vn -0.9465142 -0.120593324 0.299279332
vn -0.420955539 -0.280556381 -0.862603366
vn -0.10122665 -0.537044 -0.8374586
vn -0.118726574 -0.5637943 -0.817337155
vn -0.184573367 -0.9392822 -0.289277971
vn 0.2270289 -0.920498252 -0.318026483
vn -0.181208283 -0.9330748 -0.310700774
vn 0.482012063 0.8739014 -0.06293442
vn 0.1125754 0.993261933 -0.0275236033
vn 0.1110172 0.992906 -0.0425795019
vn -0.0483920872 0.99866426 -0.0181096569
vn -0.594191968 0.804323 -0.000612368749
vn -0.0473604165 0.9987626 0.0151768113
vn -0.6899095 0.7236657 -0.018242
vn -0.94557333 0.32357958 -0.03445874
vn -0.6058039 0.7941079 -0.04893152
vn -0.6488826 0.759291232 -0.0492774248
vn -0.9852566 0.163735867 -0.0495977327
vn -0.9258244 0.3721472 -0.06599716
vn -0.982886732 -0.184190169 -0.00278078276
vn -0.8519672 -0.5202055 -0.0594821051
vn -0.997962058 0.0295925252 0.05653372
vn -0.8622456 -0.505574942 -0.03043926
vn -0.335218549 -0.9416668 -0.0298700649
vn -0.7024996 -0.710335 -0.0438009165
vn -0.426638335 -0.904419541 -0.00222907565
vn -0.2835764 -0.958680749 -0.0227077361
vn -0.7684881 -0.639388561 -0.0246650018
vn 0.199974135 -0.979784369 -0.00573476451
vn 0.236372247 -0.9680543 0.08366056
vn -0.328071266 -0.943329453 -0.04998898
vn 0.88345027 -0.466038644 -0.0482039936
vn 0.9981968 0.0596339554 0.006851271
vn 0.863122165 -0.5049949 -0.000588009658
vn 0.3959631 -0.9179262 -0.0249963216
vn 0.8598411 -0.5058955 -0.06887027
vn 0.434304178 -0.8998445 -0.0407395735
vn 0.9986607 0.04131219 -0.0311484486
vn 0.738264859 0.6738004 -0.0309532844
vn 0.9659224 0.2560214 -0.0380390659
vn 0.653678954 0.756764948 0.00325875334
vn 0.716811061 0.697217166 -0.008373616
vn 0.9290987 0.369803429 -0.00458259229
vn 0.539494157 0.841870666 -0.0141392006
vn -0.127900422 0.9916935 -0.0136215081
vn 0.2630456 0.9645572 -0.0208937488
vn 0.71514535 0.3493415 0.605415344
vn 0.7844278 0.0833253339 0.6145974
vn 0.6987447 0.347521722 0.625287533
vn -0.941105843 -0.114183545 0.318248272
vn -0.803093553 -0.502675533 0.319934547
vn -0.9460007 -0.120733075 0.300842583
vn -0.255450279 -0.227532983 -0.9396669
vn 0.0808340758 -0.45687747 -0.885849237
vn 0.0556149147 -0.496852547 -0.866051137
vn 0.6068957 0.7884393 -0.100205764
vn 0.261351973 0.9635749 -0.056733083
vn 0.259149075 0.963119268 -0.0724087954
vn -0.0156424046 0.999691248 -0.0193075091
vn -0.567369938 0.8234608 0.00190594781
vn -0.0143592944 0.9997861 0.0148850214
vn -0.6951293 0.718597531 -0.0203186534
vn -0.947711051 0.3165661 -0.0403698422
vn -0.611520052 0.789834142 -0.046960108
vn -0.648885548 0.7592887 -0.0492776223
vn -0.985257268 0.163731992 -0.04959794
vn -0.925825834 0.372143567 -0.0659972653
vn -0.9828872 -0.18418768 -0.00278100837
vn -0.851968348 -0.5202036 -0.0594822727
vn -0.997962 0.0295948815 0.0565335825
vn -0.862243831 -0.505577862 -0.0304396246
vn -0.3352156 -0.941667855 -0.0298702847
vn -0.702497244 -0.7103373 -0.04380114
vn -0.314775646 -0.948686659 0.0301667
vn -0.166753039 -0.985475063 0.0321314931
vn 0.303160816 -0.952713132 0.0207666345
vn 0.80607 -0.5918028 -0.004538894
vn 0.341841042 -0.939089239 -0.0354423374
vn 0.376559645 -0.9253594 -0.0437357761
vn 0.8835903 -0.466194332 -0.04394452
vn 0.849361 -0.5225671 -0.0742265061
vn 0.9882931 -0.151227757 -0.0201741252
vn 0.932208955 0.353336871 -0.07835524
vn 0.976101458 -0.208648413 0.0607596077
vn 0.539516449 0.841971457 -0.00248550973
vn -0.127879053 0.9917882 -0.00174977048
vn 0.263386667 0.964639544 -0.009901676
vn 0.8529105 0.45621413 0.253795832
vn 0.9423167 0.19664447 0.2708694
vn 0.8441104 0.456646383 0.280983359
vn 0.395683169 -0.366673261 -0.842012763
vn 0.350015849 -0.352003038 -0.868091464
vn 0.448318422 0.0446970463 -0.892755747
vn -0.77867955 0.295556515 -0.553447843
vn -0.766863 0.2891459 -0.57298857
vn -0.5136583 0.609985232 -0.603384852
vn -0.8014874 -0.131147668 -0.583453834
vn -0.5991281 -0.4893238 -0.633725345
vn -0.7879347 -0.126671433 -0.602588832
vn 0.290498555 -0.915612161 0.2779657
vn 0.6484044 -0.709906 0.274964
vn 0.298330128 -0.9191405 0.257254541
vn 0.5993601 0.794935167 -0.09405102
vn 0.251670271 0.9662663 -0.05469577
vn 0.249028608 0.965583265 -0.07505793
vn -0.02908057 0.99942553 -0.01740513
vn -0.578042 0.8159921 -0.004931091
vn -0.0280311126 0.999258637 0.0263907183
vn -0.762242854 0.6469892 -0.019769432
vn -0.9701994 0.225233644 -0.0893476158
vn -0.6884516 0.72527945 -0.00203861226
vn -0.649707 0.7597493 -0.0257249847
vn -0.986081362 0.164195448 -0.0261437129
vn -0.9268787 0.372759283 -0.04411833
vn -0.9410741 -0.3379971 0.0117276646
vn -0.820778966 -0.5687721 0.0531065837
vn -0.9993254 -0.0224490575 -0.0290666483
vn -0.861754954 -0.5050086 -0.0484229438
vn -0.3347114 -0.941082954 -0.04828177
vn -0.701703966 -0.710210145 -0.0566849932
vn -0.314277351 -0.9492519 -0.0122701358
vn -0.166365385 -0.9860212 -0.00920428
vn -0.6852187 -0.727258861 -0.0396229327
vn 0.6408524 -0.766498744 -0.0422838628
vn 0.6693006 -0.7396374 -0.07052152
vn 0.159450844 -0.985459447 0.05869534
vn 0.3763991 -0.9251912 -0.0484252758
vn 0.883420169 -0.4660843 -0.0483133979
vn 0.851071 -0.5235558 -0.0395921133
vn 0.8260479 -0.5634936 0.010946881
vn 0.9965842 -0.0759808645 0.0323548876
vn 0.7863691 -0.617169559 0.0269341338
vn 0.9989889 0.04144571 -0.017420141
vn 0.738592148 0.673932135 -0.0172378942
vn 0.966338634 0.256187379 -0.0236143172
vn 0.770481348 0.6373472 -0.0121242218
vn 0.825032 0.5650054 0.009546982
vn 0.97578907 0.2112301 -0.0567235537
vn 0.539520144 0.8419662 -0.00330113876
vn -0.127874359 0.991787136 -0.002556743
vn 0.263399243 0.9646263 -0.0108127361
vn 0.751121461 0.354677558 0.5567947
vn 0.820123553 0.08856349 0.565291047
vn 0.7362311 0.353250831 0.5772155
vn -0.7746827 0.296406329 -0.5585786
vn -0.7625987 0.2907743 -0.5778352
vn -0.5146316 0.6167 -0.5956807
vn -0.799144745 -0.1338582 -0.586045861
vn -0.5999635 -0.494873524 -0.6286049
vn -0.785339653 -0.1298274 -0.605298758
vn 0.602507532 0.7922642 -0.09644747
vn 0.255647242 0.965151131 -0.0559263751
vn 0.253111571 0.964528143 -0.07496705
vn -0.0156438369 0.9996911 -0.0193117186
vn -0.567370951 0.823460162 0.00190151879
vn -0.014359476 0.9997862 0.0148806665
vn -0.7728783 0.634064734 -0.0249220673
vn -0.9722054 0.210057527 -0.103404708
vn -0.701524436 0.7126415 0.00238102116
vn -0.6497106 0.759746134 -0.0257276483
vn -0.986081958 0.164191023 -0.0261462219
vn -0.92688036 0.3727548 -0.0441207923
vn -0.9444593 -0.328446567 0.0109290127
vn -0.826604 -0.55981046 0.0577763543
vn -0.9992907 -0.0133388983 -0.0352172367
vn 0.284284 -0.9586467 -0.0133815305
vn 0.326595575 -0.94487983 0.0231830217
vn -0.252777934 -0.967502 -0.00656827958
vn 0.4111062 -0.911505163 -0.01225037
vn 0.8679138 -0.493646771 -0.0551235974
vn 0.446477 -0.8929689 -0.05713914
vn 0.376539439 -0.9253384 -0.0443500727
vn 0.8835477 -0.466216326 -0.0445624851
vn 0.849306166 -0.522535741 -0.07506952
vn 0.9896549 -0.1419218 -0.0210081134
vn 0.928847849 0.36119163 -0.08235427
vn 0.978016853 -0.198740333 0.06313008
vn 0.9989889 0.0414441563 -0.01742015
vn 0.7385932 0.673931 -0.0172379278
vn 0.9663391 0.2561857 -0.0236143265
vn 0.770483 0.6373452 -0.012125548
vn 0.8250333 0.5650035 0.009545716
vn 0.9757895 0.211227745 -0.0567249022
vn 0.539519846 0.8419664 -0.0032977704
vn -0.127875492 0.991786957 -0.00255328557
vn 0.263398379 0.9646266 -0.0108091412
vn -0.6667578 0 -0.7452745
vn -0.6667578 0 -0.7452745
vn -0.6667578 0 -0.7452745
vn -0.708776534 -0.008241075 -0.70538497
vn -0.708776534 -0.008241075 -0.70538497
vn -0.708776534 -0.008241075 -0.70538497
vn 0.6679145 -0.744238 0
vn 0.6679145 -0.744238 0
vn 0.6679145 -0.744238 0
vn 0.7087249 -0.7054407 -0.00790681
vn 0.7087249 -0.7054407 -0.00790681
vn 0.7087249 -0.7054407 -0.00790681
vn -0.0294309035 -0.589781642 -0.807026267
vn -0.0294309035 -0.589781642 -0.807026267
vn -0.0294309035 -0.589781642 -0.807026267
vn 0.00751217036 -0.354481131 -0.935033
vn 0.00769059 -0.5428167 -0.839816034
vn 0.007661656 -0.446693838 -0.8946541
vn -8.158385E-06 -0.500008941 -0.866020262
vn -0.0115391733 -2.98986579E-05 -0.9999334
vn -0.0101094088 -0.211554661 -0.977313936
vn -9.1549E-06 -0.5927012 -0.8054224
vn -1.1637806E-05 -0.866029561 -0.4999928
vn 0.00140200928 -0.999999046 3.06963921E-05
vn -0.001510147 -0.982627869 -0.1855807
vn -0.0153400982 -0.8375972 -0.54607296
vn 0.02579441 -0.9054363 -0.4236979
vn 0.02817092 -0.9689779 -0.245536521
vn -0.06712771 -0.5472142 -0.8342964
vn 0.0164598264 -0.721248 -0.6924814
vn 0.008368242 -0.7915779 -0.611010969
vn 0.01442737 -0.802817941 -0.5960497
vn 0.7071092 -0.390137643 -0.5897366
vn 0.7071207 0.0318297669 -0.7063761
vn 0.7071134 -0.264228046 -0.6558767
vn 0.707106 0.03184143 -0.7063903
vn 0.707117 0.204333276 -0.6769295
vn 0.707111 -0.264239371 -0.65587467
vn 0.7071027 0.03180918 -0.7063951
vn 0.707104743 0.441539854 -0.552309155
vn 0.7071158 0.204336122 -0.676929832
vn 0.707106054 0.44155997 -0.552291453
vn 0.7071113 0.5830004 -0.400130063
vn 0.7061895 0.204938084 -0.677714348
vn 0.707100153 0.4415715 -0.5522897
vn 0.7071085 0.6820579 -0.186532915
vn 0.7071163 0.5830029 -0.4001177
vn 0.707115 0.682055235 -0.186518282
vn 0.7071104 0.7051328 0.05275171
vn 0.7067423 0.5833926 -0.400210559
vn 0.690725267 0.7091741 -0.14131777
vn 0.692632258 0.659336865 0.2924644
vn 0.6894433 0.7174566 0.0996195
vn 0.7120093 0.6539718 0.255663246
vn 0.7168843 0.507364869 0.4781817
vn 0.71552515 0.6968563 0.04914244
vn 0.6543211 0.5172742 0.551626146
vn 0.6551767 0.264995039 0.707475245
vn 0.6260541 0.5481318 0.5546239
vn 0.693419337 0.2561565 0.673463762
vn 0.6739479 0.116934069 0.7294661
vn 0.670836568 0.533910453 0.5147018
vn 0.7057332 -0.161493525 0.6898264
vn 0.714056 -0.357436717 0.6019659
vn 0.7130885 0.102617756 0.693523169
vn 0.6815822 -0.112089917 0.72310555
vn 0.6774982 -0.496251345 0.542891145
vn 0.6760445 -0.30253467 0.6718903
vn 0.707100451 -0.5365805 0.460532665
vn 0.7071072 -0.661193669 0.250644028
vn 0.706778347 -0.359163642 0.609479964
vn 0.707095861 -0.5365812 0.4605388
vn 0.7070995 -0.703770757 0.0686813
vn 0.7071015 -0.66119957 0.250644416
vn 0.7098799 -0.7012279 0.06595451
vn 0.7070121 -0.6713603 -0.222281843
vn 0.7057259 -0.6641166 0.246779546
vn 0.6990899 -0.711919248 0.06666631
vn 0.697685063 -0.6248525 -0.350421071
vn 0.6940151 -0.6841921 -0.2241075
vn 0.141846269 -0.6486477 -0.747753859
vn -0.00349091459 -0.760207951 -0.6496705
vn -0.003076265 -0.5415791 -0.8406442
vn 0.00308353757 -0.8760984 -0.4821226
vn -0.14184767 -0.790838361 -0.5953604
vn 0.003481123 -0.700707853 -0.7134398
vn -0.6979659 -0.3929656 -0.5986833
vn -0.6940779 -0.270887882 -0.66699
vn -0.699450254 0.0293754358 -0.714077353
vn -0.706908 -0.268058181 -0.6545425
vn -0.7077187 0.200431347 -0.677467048
vn -0.7102429 0.0292314868 -0.703349531
vn -0.707115948 0.204335436 -0.676929951
vn -0.707105 0.441539317 -0.5523094
vn -0.707102835 0.03180849 -0.706395
vn -0.7071157 0.204364449 -0.6769214
vn -0.7061909 0.5835783 -0.400912464
vn -0.707105637 0.441561 -0.5522911
vn -0.7071165 0.5830027 -0.400117785
vn -0.707108736 0.682057738 -0.186533
vn -0.707100332 0.4415712 -0.5522897
vn -0.707114756 0.583012 -0.4001073
vn -0.7067466 0.705504835 0.0526513271
vn -0.707118034 0.682052433 -0.186517
vn -0.6894419 0.717457831 0.09961971
vn -0.6926308 0.659338355 0.292464554
vn -0.690723956 0.7091754 -0.141317427
vn -0.7164806 0.695903063 0.0487291031
vn -0.715521932 0.5087181 0.478784174
vn -0.7120078 0.653975368 0.2556582
vn -0.626049936 0.5481338 0.5546267
vn -0.6551727 0.264996737 0.7074782
vn -0.6543172 0.517275631 0.5516294
vn -0.6708405 0.5339093 0.514697969
vn -0.673952043 0.116933793 0.729462266
vn -0.6934235 0.25615555 0.6734599
vn -0.714813948 0.102963768 0.6916932
vn -0.7130979 -0.357640535 0.6029799
vn -0.7057331 -0.16149351 0.6898265
vn -0.67605406 -0.302530676 0.67188257
vn -0.6775076 -0.496247858 0.5428826
vn -0.681591451 -0.112084925 0.723097563
vn -0.707110345 -0.358894527 0.6092534
vn -0.7067754 -0.661462247 0.250870824
vn -0.7071008 -0.5365802 0.4605324
vn -0.7070981 -0.6612 0.250652879
vn -0.7071171 -0.703752637 0.06868592
vn -0.707114 -0.5365722 0.460521519
vn -0.70710665 -0.66119194 0.250649869
vn -0.705025554 -0.6747575 -0.218268931
vn -0.707118332 -0.7037536 0.0686627
vn -0.7071015 -0.6725823 -0.218267
vn -0.7071043 -0.61548394 -0.348113418
vn -0.707100034 -0.7037689 0.06869419
vn -0.0142404633 0.7067729 -0.707297146
vn -0.0142404633 0.7067729 -0.707297146
vn -0.0142404633 0.7067729 -0.707297146
vn -0.0470522381 0.737340033 -0.6738812
vn -0.0470522381 0.737340033 -0.6738812
vn -0.0470522381 0.737340033 -0.6738812
vn -0.0257988945 -0.9054394 -0.4236909
vn -0.00596905127 -0.81691885 -0.5767217
vn -0.0281641856 -0.9689802 -0.24552843
vn 0.0299093071 -0.713613868 -0.699900448
vn 0.06712849 -0.5472237 -0.8342901
vn -0.00834792 -0.7915471 -0.611051142
vn -0.0144267287 -0.802817166 -0.5960508
vn -0.00208604336 -0.866035163 -0.499978781
vn -0.00140146911 -0.999999046 3.06112E-05
vn 0.00151075982 -0.982627869 -0.18558076
vn 9.063632E-06 -0.5926971 -0.805425465
vn 8.150936E-06 -0.5000049 -0.866022646
vn 0.01010905 -0.211555168 -0.9773138
vn 0.0115391025 -2.97725219E-05 -0.9999335
vn -0.00769532472 -0.542826235 -0.8398098
vn -0.00751690846 -0.3544921 -0.9350288
vn -0.007666376 -0.446704149 -0.8946489
vn -0.999999762 0.0005315262 -0.000420012453
vn -0.999999762 0.0005315262 -0.000420012453
vn -0.999999762 0.0005315262 -0.000420012453
vn -0.999999046 -0.00103181426 -0.000942343555
vn -0.999999046 -0.00103181426 -0.000942343555
vn -0.999999046 -0.00103181426 -0.000942343555
vn -0.00307250256 0.5415734 -0.8406479
vn -0.003511529 0.76020354 -0.649675548
vn 0.141837791 0.648644447 -0.747758269
vn -0.141841382 0.7908607 -0.5953322
vn 0.00307743158 0.8761165 -0.482089639
vn 0.00349944527 0.700734556 -0.7134135
vn 0.6794951 0.675803065 -0.28561613
vn 0.6841391 0.716333449 0.137186289
vn 0.661605 0.732032239 -0.162504464
vn 0.7055516 0.705126762 0.07066291
vn 0.691928 0.6781981 0.247554079
vn 0.6884746 0.69066447 -0.221326426
vn 0.704769 0.546629667 0.452213019
vn 0.7047751 0.3607637 0.610853255
vn 0.6210061 0.580519 0.5266394
vn 0.621234953 0.222561255 0.7513546
vn 0.608333766 0.397837132 0.6867719
vn 0.7057362 0.161506057 0.6898204
vn 0.7148235 -0.102959163 0.691684067
vn 0.7130972 0.35764575 0.6029775
vn 0.6934406 -0.256157517 0.6734415
vn 0.6708555 -0.5339091 0.514678538
vn 0.6739704 -0.1169383 0.7294445
vn 0.655211449 -0.264968544 0.7074529
vn 0.6543568 -0.5172517 0.5516049
vn 0.6260924 -0.5481057 0.554606557
vn 0.712013066 -0.653970063 0.255657
vn 0.716472 -0.695915 0.04868412
vn 0.7155271 -0.5087128 0.478782117
vn 0.6926315 -0.6593198 0.2925049
vn 0.690719664 -0.7091795 -0.141317919
vn 0.6894357 -0.717462957 0.09962592
vn 0.707114935 -0.6820553 -0.186518267
vn 0.7071117 -0.5830151 -0.400108129
vn 0.7067435 -0.705508053 0.05265116
vn 0.707108736 -0.682057738 -0.186533
vn 0.707100332 -0.4415712 -0.5522897
vn 0.7071165 -0.5830027 -0.400117785
vn 0.707106054 -0.44155997 -0.552291453
vn 0.7071158 -0.204363346 -0.676921546
vn 0.7061914 -0.583577454 -0.400912881
vn 0.707110941 -0.441538125 -0.5523027
vn 0.707109034 -0.0318062827 -0.706388831
vn 0.707122147 -0.20433417 -0.6769239
vn 0.707106054 -0.0318414234 -0.706390262
vn 0.707111 0.2642393 -0.65587467
vn 0.7071098 -0.204333112 -0.676937
vn 0.7071206 -0.03182909 -0.7063762
vn 0.7071091 0.3901383 -0.589736342
vn 0.707113266 0.2642288 -0.6558766
vn -0.6849175 0.670656145 -0.284795433
vn -0.66988343 0.7249505 -0.16032137
vn -0.688321233 0.7121965 0.137804419
vn -0.6910846 0.6891548 -0.217870876
vn -0.6895333 0.679332852 0.251099139
vn -0.7044304 0.7058958 0.07408714
vn -0.704531 0.360959679 0.611019
vn -0.704769254 0.5466296 0.45221284
vn -0.6083291 0.39783898 0.686775
vn -0.621230364 0.222563431 0.7513577
vn -0.621001661 0.580520749 0.526642859
vn -0.7140646 0.3574396 0.601954043
vn -0.7130941 -0.102611974 0.6935183
vn -0.705740631 0.161505312 0.6898161
vn -0.6739705 -0.116937079 0.7294447
vn -0.6708517 -0.5339101 0.514682531
vn -0.693440855 -0.256156266 0.673441768
vn -0.6260922 -0.5481056 0.554606855
vn -0.6543566 -0.5172516 0.5516052
vn -0.6552113 -0.264968365 0.707453132
vn -0.7168874 -0.507361 0.478181243
vn -0.7155128 -0.6968722 0.04909816
vn -0.712011635 -0.6539737 0.255652
vn -0.6894343 -0.717464149 0.0996273756
vn -0.690718532 -0.7091809 -0.141316488
vn -0.69263 -0.6593209 0.292506
vn -0.7071071 -0.7051361 0.05275003
vn -0.7067454 -0.5833894 -0.400209755
vn -0.7071182 -0.682052255 -0.18651706
vn -0.7071164 -0.5830027 -0.400117725
vn -0.707100332 -0.441571236 -0.5522897
vn -0.707108736 -0.6820577 -0.186532989
vn -0.7071108 -0.5830013 -0.400129676
vn -0.7061894 -0.204939187 -0.6777142
vn -0.707105637 -0.441561 -0.5522911
vn -0.707116 -0.2043354 -0.6769299
vn -0.707102656 -0.03180845 -0.7063951
vn -0.707105 -0.441539258 -0.552309334
vn -0.70771873 -0.20094119 -0.6773159
vn -0.706864059 0.2675651 -0.654791653
vn -0.7101843 -0.0297476724 -0.7033871
vn -0.693889558 0.27093026 -0.6671687
vn -0.6977838 0.392972261 -0.5988911
vn -0.699237 -0.0293330774 -0.7142879
vn -0.0292557832 0.4687287 -0.8828576
vn -0.0183231086 0.5558965 -0.8310495
vn -0.03101199 0.272384971 -0.961688459
vn -0.01648179 0.647444546 -0.76193434
vn 0.0127431154 0.73386234 -0.6791787
vn -0.0173124075 0.653522551 -0.756709039
vn 0.05336583 0.8546924 -0.5163846
vn -0.00156532961 0.499968559 -0.866042137
vn -0.000746518432 -6.499256E-05 -0.999999762
vn 0.00155182474 0.207949877 -0.978138268
vn -3.196299E-06 0.8447863 -0.5351039
vn -5.99492341E-06 0.8660277 -0.499996
vn 0.008051379 0.9820504 -0.188446939
vn 0.0100778854 0.9999492 -5.1274892E-05
vn -0.002558803 0.8731182 -0.4875019
vn -0.00252632541 0.948913455 -0.315526456
vn -0.009496193 0.8923412 -0.45126155
vn -0.708777666 0.008240892 -0.7053838
vn -0.708777666 0.008240892 -0.7053838
vn -0.708777666 0.008240892 -0.7053838
vn -0.6667522 0 -0.7452795
vn -0.6667522 0 -0.7452795
vn -0.6667522 0 -0.7452795
vn 0.027417399 0.8086199 -0.587692261
vn 0.027417399 0.8086199 -0.587692261
vn 0.027417399 0.8086199 -0.587692261
vn 0.03162353 -0.810724139 -0.5845737
vn 0.03162353 -0.810724139 -0.5845737
vn 0.03162353 -0.810724139 -0.5845737
vn 0.03126911 0.5884648 -0.807918
vn 0.03126911 0.5884648 -0.807918
vn 0.03126911 0.5884648 -0.807918
vn 0.0343023837 0.5825956 0.812038064
vn 0.0343023837 0.5825956 0.812038064
vn 0.0343023837 0.5825956 0.812038064
vn -0.7087902 0.7053712 0.008244145
vn -0.7087902 0.7053712 0.008244145
vn -0.7087902 0.7053712 0.008244145
vn -0.66678524 0.74525 0
vn -0.66678524 0.74525 0
vn -0.66678524 0.74525 0
vn -0.0002640587 0.998641133 0.05211395
vn -0.00275460584 0.9998954 0.0141995559
vn -0.007661887 0.9919855 0.12611942
vn -0.0140856626 0.9637317 0.2665012
vn 0.02157874 0.8741323 0.485208273
vn -0.0398886874 0.988839149 0.143547937
vn -0.0383798368 0.9407813 0.33683455
vn -0.0393544547 0.966716 0.2528071
vn 0.0249250531 0.6643378 0.7470167
vn 0.06329014 0.570724964 0.8186986
vn 0.009113202 0.6965099 0.717489362
vn 0.0241173282 0.7387552 0.673542142
vn 0.0269104838 0.609686136 0.792186
vn 0.0263845548 0.468357265 0.883145154
vn -0.0230121333 0.519050956 0.8544335
vn -0.02257404 0.339186341 0.940448344
vn -0.0179552622 0.364064 0.931200862
vn -0.007391962 0.385956019 0.922487557
vn -0.0133326575 0.409080744 0.9124008
vn -0.0139800012 0.408979744 0.912436366
vn 0.0213067662 0.232247844 0.972423255
vn 0.0202822555 0.1757288 0.9842297
vn 0.02028145 0.313115656 0.9494985
vn -1 0.000245815929 -0.000136519564
vn -1 0.000245815929 -0.000136519564
vn -1 0.000245815929 -0.000136519564
vn -0.999843538 0.0174857955 -0.00267448928
vn -0.999843538 0.0174857955 -0.00267448928
vn -0.999843538 0.0174857955 -0.00267448928
vn -1 0.000302078319 -4.63791039E-05
vn -1 0.000302078319 -4.63791039E-05
vn -1 0.000302078319 -4.63791039E-05
vn -1 0.000209259029 8.929958E-05
vn -1 0.000209259029 8.929958E-05
vn -1 0.000209259029 8.929958E-05
vn -1 -5.68681571E-05 2.0362022E-05
vn -1 -5.68681571E-05 2.0362022E-05
vn -1 -5.68681571E-05 2.0362022E-05
vn -0.009548046 0.8878774 -0.459981054
vn -0.009229146 0.519449353 -0.8544514
vn -0.0172076356 0.806950569 -0.5903683
vn -0.197973728 0.836611152 -0.5107722
vn -0.20022361 0.8361427 -0.5106622
vn -0.180003375 0.6444505 -0.743157
vn -0.00279606879 0.450674057 -0.8926842
vn -0.00189290359 -0.2136031 -0.9769187
vn -0.00976938 0.173765644 -0.9847386
vn -0.007907252 0.4639007 -0.8858519
vn -0.011398267 0.76610744 -0.6426115
vn 4.366041E-06 0.8543723 -0.5196614
vn 1.23307109E-05 1 1.05099753E-05
vn -0.000209197387 -0.204860017 0.978791237
vn -0.00101120025 0.4586826 0.888599634
vn -0.00083400216 0.171915278 0.9851114
vn -0.061999362 0.517491043 0.8534396
vn -0.06410702 0.517238259 0.853437066
vn -0.0192630235 0.242288813 0.970012963
vn -0.04793568 0.4706754 0.8810033
vn -0.0549759455 0.7654637 0.6411264
vn -0.05075424 0.173289955 0.9835622
vn -0.0428201742 0.7202594 0.692382
vn -0.04509539 0.9751812 0.216767073
vn -0.0672844648 0.9273636 0.368062019
vn 0.009382404 0.8620015 0.5068189
vn -0.03573565 0.9993612 -0.000435560942
vn -0.03215604 0.765662253 0.642438531
vn 0.0551752448 0.9924522 0.109518662
vn 0.05505748 0.904463768 -0.422982246
vn 0.0417353623 0.993158162 0.109064251
vn 0.0388303846 -0.07830218 -0.9961732
vn 0.108211033 -0.6384595 -0.762010455
vn 0.0242409259 -0.08119811 -0.996403158
vn 0.0663253143 -0.277510643 -0.9584304
vn 0.0616866834 -0.0148589993 -0.997985
vn 0.06285088 -0.0319335423 -0.9975119
vn 0.07009363 -0.299425 -0.9515417
vn 0.0745694 -0.315049 -0.9461414
vn 0.00411516428 -0.258994967 -0.9658699
vn 0.00240567327 0.260871321 -0.9653706
vn 0.003643468 0.0148639744 -0.999882936
vn 0.0654961243 0.06470234 -0.995752931
vn 0.07573367 0.29740116 -0.9517442
vn 0.0801147 0.3128693 -0.9464114
vn -0.01323545 0.2509316 -0.967914343
vn 0.00153285265 0.705023348 -0.709182441
vn -0.00801003 0.460181952 -0.887788534
vn 0.0176714864 0.675633 -0.7370263
vn -3.8683138E-05 0.6766427 -0.736311555
vn 0.00153189874 -0.7050244 -0.709181368
vn -0.0132358521 -0.250933021 -0.967914
vn -0.008010864 -0.4601838 -0.8877876
vn 0.0176714417 -0.675631 -0.7370281
vn -3.86880165E-05 -0.6766407 -0.7363134
vn -0.0287002064 -0.9339793 -0.35617277
vn -0.00203764462 -0.9314692 -0.363814563
vn -0.002039141 -0.9621891 -0.2723749
vn -0.05403462 -0.9539739 -0.294981539
vn -0.05403448 -0.921059549 -0.385654777
vn -0.0240922421 -0.95192945 -0.305368423
vn 0.01685513 -0.9814992 0.190722987
vn 0.0168555621 -0.722098231 0.6915852
vn 0.0231872126 -0.981368065 0.190733016
vn -0.00565022929 -0.7194153 0.69455725
vn -2.004874E-06 -0.719389 0.6946074
vn 0 -0.240348667 0.9706867
vn 0 -0.240351573 0.9706859
vn 0 0.323171169 0.9463405
vn 0 0.323171258 0.9463405
vn 0 0.783902347 0.6208842
vn 0 0.7839035 0.62088275
vn 0 0.9952001 0.09786103
vn 0 0.9952001 0.09786109
vn 0 0.8898247 -0.456302553
vn 0 0.889826059 -0.456299931
vn -0.9460826 -0.198985845 0.255601883
vn -0.9460826 -0.198985845 0.255601883
vn -0.9460826 -0.198985845 0.255601883
vn -0.9970463 0 0.0768035948
vn -0.9970463 0 0.0768035948
vn -0.9970463 0 0.0768035948
vn 0 0 1
vn 0 0 1
vn 0 0 1
vn -0.0415709466 -0.4323376 0.9007531
vn -0.0415709466 -0.4323376 0.9007531
vn -0.0415709466 -0.4323376 0.9007531
vn 0 1 -6.605789E-06
vn 0 1 -6.605789E-06
vn 0 1 -6.605789E-06
vn 0.0021386 0.9999954 0.002158007
vn 0.0021386 0.9999954 0.002158007
vn 0.0021386 0.9999954 0.002158007
vn 0 1 0
vn 0 1 0
vn -1 -6.35808738E-06 0
vn -1 -6.35808738E-06 0
vn -1 -6.35808738E-06 0
vn 0.00167105789 -0.9999972 0.00168587489
vn 0.00167105789 -0.9999972 0.00168587489
vn 0.00167105789 -0.9999972 0.00168587489
vn 0 -1 0
vn 0 -1 0
vn 0 -1 0
vn -0.03425736 -0.6627012 0.7481
vn -0.03425736 -0.6627012 0.7481
vn -0.03425736 -0.6627012 0.7481
vn -0.00335246418 -0.5881962 0.8087113
vn -0.00335246418 -0.5881962 0.8087113
vn -0.00335246418 -0.5881962 0.8087113
vn -0.117487527 0.539887547 -0.8334976
vn -0.117487527 0.539887547 -0.8334976
vn -0.117487527 0.539887547 -0.8334976
vn 4.9314076E-05 0.6819998 -0.7313524
vn 4.9314076E-05 0.6819998 -0.7313524
vn 4.9314076E-05 0.6819998 -0.7313524
vn -0.6977929 0.371729821 0.612292469
vn -0.6940219 0.24737896 0.676119268
vn -0.699236155 -0.048185274 0.713265
vn -0.7069874 0.245038137 0.6634193
vn -0.707786739 -0.223889962 0.6700084
vn -0.7100852 -0.0477253571 0.702496469
vn -0.7070983 -0.227860987 0.6693962
vn -0.707119942 -0.451184362 0.544439256
vn -0.7071072 -0.0504287 0.705305934
vn -0.7071051 -0.2278336 0.6693985
vn -0.7065818 -0.5969385 0.3800088
vn -0.7070962 -0.451206118 0.5444521
vn -0.7070994 -0.5965881 0.379596084
vn -0.7070929 -0.6836868 0.180532649
vn -0.7071157 -0.4512009 0.544431031
vn -0.707111955 -0.596588433 0.379572064
vn -0.7064874 -0.7035231 -0.0770117
vn -0.707096338 -0.683683753 0.180530831
vn -0.6873869 -0.715161443 -0.1266627
vn -0.6914363 -0.65984714 -0.2941387
vn -0.6895959 -0.7117897 0.133464932
vn -0.719202042 -0.6911101 -0.0715214461
vn -0.720132 -0.48732 -0.4938919
vn -0.7111424 -0.65487 -0.255776763
vn -0.624743462 -0.5275992 -0.5756167
vn -0.6525629 -0.261549115 -0.71116364
vn -0.651615 -0.5147394 -0.5571725
vn -0.6761166 -0.513602138 -0.528279543
vn -0.677844465 -0.0900346041 -0.7296716
vn -0.692836761 -0.2527265 -0.675356567
vn -0.7101236 0.378853619 -0.593459666
vn -0.706855059 0.168165684 -0.687078
vn -0.6777643 0.331439555 -0.6563409
vn -0.678993344 0.506456852 -0.5314787
vn -0.6831252 0.120044187 -0.7203675
vn -0.707105339 0.3795756 -0.596594036
vn -0.706565261 0.669850051 -0.228180647
vn -0.707114 0.544450343 -0.451180369
vn -0.7071036 0.6693922 -0.227856487
vn -0.7071117 0.7053017 -0.0504240729
vn -0.7071006 0.544451654 -0.45119974
vn -0.7071112 0.6693852 -0.227853626
vn -0.707107544 0.66473484 0.241094351
vn -0.7071111 0.705302954 -0.05041506
vn -0.7071151 0.664718151 0.241118416
vn -0.7071033 0.603098154 0.369157851
vn -0.707105458 0.7053071 -0.05043527
vn -0.0155271329 -0.731256366 0.681926
vn -0.0155271329 -0.731256366 0.681926
vn -0.0155271329 -0.731256366 0.681926
vn -0.0478170253 -0.760275543 0.6478385
vn -0.0478170253 -0.760275543 0.6478385
vn -0.0478170253 -0.760275543 0.6478385
vn 0.000200302718 0.874360442 0.4852771
vn -0.00020017 0.697898865 0.7161963
vn 0.145353928 0.786875844 0.5997488
vn -0.1442241 0.7666861 0.6256132
vn 0.00128644635 0.6755546 0.73730886
vn 0.0008803284 0.859030962 0.511922956
vn 0.696194947 0.372208863 0.6138186
vn 0.698065042 -0.0478159152 0.714436054
vn 0.691432536 0.248775825 0.6782564
vn 0.7111602 -0.0446768738 0.701609
vn 0.708022535 -0.220599756 0.6708501
vn 0.7072258 0.2482929 0.661953449
vn 0.707094431 -0.0504348725 0.7053182
vn 0.7071072 -0.451188356 0.5444524
vn 0.7071166 -0.227834761 0.6693859
vn 0.707096457 -0.451205552 0.544452131
vn 0.707108259 -0.5965929 0.379571974
vn 0.706579745 -0.228175774 0.6698365
vn 0.707096934 -0.45120737 0.544450045
vn 0.7070995 -0.683681 0.1805286
vn 0.707106 -0.596583 0.3795916
vn 0.707102537 -0.683679044 0.1805242
vn 0.707115233 -0.7028758 -0.07716021
vn 0.7064978 -0.5972217 0.379719824
vn 0.6895936 -0.7117917 0.133466527
vn 0.691434741 -0.6598497 -0.2941368
vn 0.68739 -0.715160251 -0.12665236
vn 0.711138248 -0.6548735 -0.2557793
vn 0.7201278 -0.487323433 -0.493894577
vn 0.7192038 -0.6911082 -0.07152072
vn 0.6516106 -0.514742 -0.5571752
vn 0.652539849 -0.261556923 -0.711181939
vn 0.6247214 -0.527608454 -0.575632334
vn 0.692837954 -0.252727032 -0.675355136
vn 0.6778458 -0.090035446 -0.7296703
vn 0.6761175 -0.513602436 -0.528278053
vn 0.706854 0.16816096 -0.687080264
vn 0.7105615 0.378747463 -0.5930032
vn 0.6831261 0.120044485 -0.720366657
vn 0.6789939 0.5064572 -0.5314776
vn 0.6777651 0.331439942 -0.6563399
vn 0.70711565 0.544446349 -0.451182485
vn 0.707111061 0.6693795 -0.227870777
vn 0.7065652 0.380024761 -0.596947968
vn 0.707119644 0.544441164 -0.451182574
vn 0.7071056 0.705307662 -0.05042724
vn 0.707102 0.669391 -0.22786507
vn 0.7071121 0.7053017 -0.05041898
vn 0.7071138 0.664728165 0.241094545
vn 0.707105339 0.6693912 -0.227854177
vn 0.7071046 0.705308 -0.0504354127
vn 0.7071027 0.603099048 0.369157642
vn 0.707114458 0.6647188 0.241118252
vn 0.06039293 -0.7710034 0.633960962
vn 0.06039293 -0.7710034 0.633960962
vn 0.06039293 -0.7710034 0.633960962
vn 0.0155273 -0.7312642 0.6819176
vn 0.0155273 -0.7312642 0.6819176
vn 0.0155273 -0.7312642 0.6819176
vn 0.00772440154 0.9919806 0.126153886
vn 0.00278268359 0.9998948 0.0142360609
vn 0.000270224846 0.9986389 0.05215595
vn -0.0215786118 0.874129653 0.485213131
vn 0.0140959639 0.9637273 0.266516477
vn 0.0398825556 0.9888463 0.143500537
vn 0.03938262 0.9667252 0.252767473
vn 0.0383797772 0.9407815 0.336834162
vn -0.0091028465 0.6965 0.717499
vn -0.06327969 0.5707131 0.8187077
vn -0.02491558 0.664326549 0.74702704
vn -0.0241172034 0.7387561 0.6735412
vn -0.0263844859 0.468358368 0.883144557
vn -0.0269106682 0.6096852 0.792186737
vn 0.0179593544 0.364059269 0.93120265
vn 0.0225694124 0.339182854 0.9404497
vn 0.0230074171 0.5190504 0.854433954
vn 0.042776268 0.466373354 0.883553147
vn 0.04191037 0.466464579 0.8835464
vn 0.03711258 0.443951964 0.895281732
vn 0 -0.588197052 0.8087176
vn 0 -0.588197052 0.8087176
vn 0 -0.588197052 0.8087176
vn 0.108248457 -0.290134668 0.95084393
vn 0.108248457 -0.290134668 0.95084393
vn 0.108248457 -0.290134668 0.95084393
vn 0.02195335 0.0479428023 0.9986088
vn 0.02195335 0.0479428023 0.9986088
vn 0.02195335 0.0479428023 0.9986088
vn -0.0310520139 0.010928358 0.999458
vn -0.0310520139 0.010928358 0.999458
vn -0.0310520139 0.010928358 0.999458
vn -0.0286547784 0.5867632 0.8092514
vn -0.0286547784 0.5867632 0.8092514
vn -0.0286547784 0.5867632 0.8092514
vn 0.666782737 0.745252132 0
vn 0.666782737 0.745252132 0
vn 0.666782737 0.745252132 0
vn 0.708792031 0.705369353 0.008244466
vn 0.708792031 0.705369353 0.008244466
vn 0.708792031 0.705369353 0.008244466
vn -3.6985617E-05 0.681998551 -0.7313536
vn -3.6985617E-05 0.681998551 -0.7313536
vn -3.6985617E-05 0.681998551 -0.7313536
vn 0.11749474 0.5398871 -0.833496869
vn 0.11749474 0.5398871 -0.833496869
vn 0.11749474 0.5398871 -0.833496869
vn 0.7087776 0.00825064 0.7053837
vn 0.7087776 0.00825064 0.7053837
vn 0.7087776 0.00825064 0.7053837
vn 0.666774154 0 0.7452599
vn 0.666774154 0 0.7452599
vn 0.666774154 0 0.7452599
vn -0.02811998 0.80891 0.5872596
vn -0.02811998 0.80891 0.5872596
vn -0.02811998 0.80891 0.5872596
vn 0.0448331758 0.619389951 0.78380233
vn 0.0448331758 0.619389951 0.78380233
vn 0.0448331758 0.619389951 0.78380233
vn 0.0110200224 0.6560142 0.754668057
vn 0.0110200224 0.6560142 0.754668057
vn 0.0110200224 0.6560142 0.754668057
vn 0.00252881669 0.948916137 -0.3155183
vn 0.0025612514 0.8731225 -0.487494141
vn 0.009498652 0.8923452 -0.451253623
vn 6.14207238E-06 0.8660256 -0.4999996
vn -0.010079354 0.9999492 -5.12052538E-05
vn -0.008052866 0.9820504 -0.188446686
vn 3.32761533E-06 0.844783843 -0.5351077
vn -4.38094139E-06 0.5000144 -0.8660171
vn 0.0007524528 -6.27189947E-05 -0.999999762
vn -0.00154553552 0.207953751 -0.978137434
vn -0.0533665642 0.8547048 -0.5163639
vn 0.0216014925 0.7202185 -0.693410933
vn 0.0173102655 0.6535321 -0.7567009
vn 0.0165029243 0.647438347 -0.761939168
vn 0.018325204 0.555882037 -0.8310592
vn 0.0292562563 0.468721062 -0.8828617
vn 0.03101253 0.272377223 -0.961690664
vn 1.23279415E-05 -0.7068486 -0.7073649
vn 1.23279415E-05 -0.7068486 -0.7073649
vn 1.23279415E-05 -0.7068486 -0.7073649
vn 0.0269835386 -0.7342184 -0.6783769
vn 0.0269835386 -0.7342184 -0.6783769
vn 0.0269835386 -0.7342184 -0.6783769
vn 0.7087217 0.7054438 -0.007910715
vn 0.7087217 0.7054438 -0.007910715
vn 0.7087217 0.7054438 -0.007910715
vn 0.667906344 0.74424535 0
vn 0.667906344 0.74424535 0
vn 0.667906344 0.74424535 0
vn -0.0294269789 0.589800358 -0.8070128
vn -0.0294269789 0.589800358 -0.8070128
vn -0.0294269789 0.589800358 -0.8070128
vn -0.034274485 0.8120107 -0.5826353
vn -0.034274485 0.8120107 -0.5826353
vn -0.034274485 0.8120107 -0.5826353
vn -0.0286625121 -0.809239745 -0.586778939
vn -0.0286625121 -0.809239745 -0.586778939
vn -0.0286625121 -0.809239745 -0.586778939
vn 0.7087764 -0.00824119151 -0.7053851
vn 0.7087764 -0.00824119151 -0.7053851
vn 0.7087764 -0.00824119151 -0.7053851
vn 0.6667522 0 -0.7452795
vn 0.6667522 0 -0.7452795
vn 0.6667522 0 -0.7452795
vn 0.141937882 -0.769805849 0.6222962
vn -0.00348964613 -0.6755899 0.737269342
vn -0.003083582 -0.8590304 0.5119153
vn 0.00308519113 -0.5119556 0.8590064
vn -0.1419841 -0.6222901 0.769802332
vn 0.00349062844 -0.737301052 0.675555348
vn 0.7071043 -0.603100359 0.369152427
vn 0.707104445 -0.7053077 -0.0504409745
vn 0.7071154 -0.66472 0.241112232
vn 0.707112134 -0.705301642 -0.05041898
vn 0.7071053 -0.6693912 -0.227854177
vn 0.707107663 -0.664734542 0.241094768
vn 0.7071117 -0.7053017 -0.0504240729
vn 0.7071006 -0.544451654 -0.45119974
vn 0.7071036 -0.6693922 -0.227856487
vn 0.70711565 -0.544446349 -0.451182485
vn 0.707105 -0.3795765 -0.596593857
vn 0.706572831 -0.6698282 -0.2282217
vn 0.679003 -0.506457567 -0.53146553
vn 0.683134556 -0.1200458 -0.720358431
vn 0.677774251 -0.331437737 -0.656331539
vn 0.706870258 -0.168165371 -0.687062442
vn 0.7109154 0.07811226 -0.698926151
vn 0.710137665 -0.378852218 -0.5934438
vn 0.6928661 0.252719 -0.6753294
vn 0.676144361 0.5135933 -0.5282526
vn 0.6525575 0.26155746 -0.711165547
vn 0.651609 0.5147458 -0.5571737
vn 0.624736667 0.5276075 -0.575616539
vn 0.7111536 0.6548524 -0.255790561
vn 0.719221652 0.691088557 -0.0715317
vn 0.720139563 0.4872999 -0.4939006
vn 0.691428244 0.659855068 -0.294140041
vn 0.689586639 0.7117992 0.133462146
vn 0.687383 0.7151663 -0.126656532
vn 0.707102537 0.683679044 0.180524215
vn 0.707113862 0.596587241 0.3795704
vn 0.7064959 0.703514457 -0.07701337
vn 0.7070929 0.6836868 0.180532649
vn 0.7071157 0.4512009 0.544431031
vn 0.7070994 0.5965881 0.379596084
vn 0.7070964 0.4512056 0.5444522
vn 0.70710516 0.227833077 0.6693985
vn 0.706582 0.5969381 0.380009025
vn 0.7071136 0.451186329 0.544445753
vn 0.7071008 0.0504317954 0.705312
vn 0.7071231 0.227832556 0.66937983
vn 0.710073352 0.0477244146 0.702508569
vn 0.7069753 -0.245039642 0.6634316
vn 0.7077748 0.223890856 0.67002064
vn 0.6992393 0.04818572 0.7132619
vn 0.69779557 -0.371730149 0.6122892
vn 0.6940243 -0.247379109 0.6761167
vn -0.6977981 -0.6122861 0.3717306
vn -0.694027245 -0.676113665 0.247379243
vn -0.699242234 -0.713259041 -0.0481855646
vn -0.7069655 -0.663443148 0.245036766
vn -0.7077508 -0.670045555 -0.223892316
vn -0.7100573 -0.702525556 -0.04771323
vn -0.7071036 -0.6693922 -0.227856487
vn -0.707100451 -0.5444517 -0.45119977
vn -0.7071118 -0.705301642 -0.0504240654
vn -0.7071067 -0.669398546 -0.227828175
vn -0.7065753 -0.380017072 -0.596940935
vn -0.7071216 -0.5444477 -0.451171577
vn -0.6777445 -0.331445634 -0.6563583
vn -0.6831397 -0.120043442 -0.7203539
vn -0.6790082 -0.506455958 -0.5314606
vn -0.71057415 -0.378746957 -0.5929883
vn -0.710128665 0.07792292 -0.699746668
vn -0.7068688 -0.168167263 -0.687063456
vn -0.676140368 0.513594151 -0.5282568
vn -0.692858 0.252720982 -0.6753369
vn -0.6247467 0.5276023 -0.5756104
vn -0.6516186 0.5147416 -0.5571663
vn -0.652567 0.261552453 -0.711158633
vn -0.720143735 0.4872965 -0.493897885
vn -0.719219744 0.691090465 -0.0715324
vn -0.7111578 0.654848933 -0.255788028
vn -0.6873781 0.715169251 -0.126666084
vn -0.689587057 0.711799 0.133461028
vn -0.6914283 0.659854531 -0.294141084
vn -0.707112968 0.7028781 -0.0771601349
vn -0.7064889 0.5972301 0.3797232
vn -0.707096159 0.6836839 0.180530787
vn -0.707099438 0.596588 0.379596025
vn -0.70711565 0.451200932 0.5444311
vn -0.7070929 0.6836868 0.180532649
vn -0.7071049 0.5965943 0.379576057
vn -0.7065897 0.228169829 0.669828057
vn -0.7071044 0.451196551 0.54444927
vn -0.707098365 0.227860987 0.669396162
vn -0.7071071 0.0504286774 0.705306
vn -0.707119942 0.451184362 0.544439256
vn -0.7071104 0.22784631 0.6693885
vn -0.707107246 -0.241106585 0.6647307
vn -0.7071085 0.0504195131 0.7053052
vn -0.707115 -0.241109729 0.66472137
vn -0.707118154 -0.369142324 0.603090346
vn -0.7070948 0.0504324362 0.7053181
vn -0.117487527 -0.539887547 -0.8334976
vn -0.117487527 -0.539887547 -0.8334976
vn -0.117487527 -0.539887547 -0.8334976
vn -0.0375208743 -0.639971 -0.7674824
vn -0.0375208743 -0.639971 -0.7674824
vn -0.0375208743 -0.639971 -0.7674824
vn 0.117487483 -0.539888144 -0.833497167
vn 0.117487483 -0.539888144 -0.833497167
vn 0.117487483 -0.539888144 -0.833497167
vn -4.931418E-05 -0.681998134 -0.731353939
vn -4.931418E-05 -0.681998134 -0.731353939
vn -4.931418E-05 -0.681998134 -0.731353939
vn -0.708723 -0.7054426 -0.007905704
vn -0.708723 -0.7054426 -0.007905704
vn -0.708723 -0.7054426 -0.007905704
vn -0.6679195 -0.744233549 0
vn -0.6679195 -0.744233549 0
vn -0.6679195 -0.744233549 0
vn 0.0315390341 -0.588245153 -0.8080674
vn 0.0315390341 -0.588245153 -0.8080674
vn 0.0315390341 -0.588245153 -0.8080674
vn 0.707105756 0.707107842 0
vn 0.707105756 0.707107842 0
vn 0.707105756 0.707107842 0
vn 0.828267634 0.5599971 0.0193931554
vn 0.828267634 0.5599971 0.0193931554
vn 0.828267634 0.5599971 0.0193931554
vn -0.0100813955 -0.83456 -0.55082494
vn -0.0100813955 -0.83456 -0.55082494
vn -0.0100813955 -0.83456 -0.55082494
vn 0.9892413 0.0709878355 -0.127915859
vn 0.9892413 0.0709878355 -0.127915859
vn 0.9892413 0.0709878355 -0.127915859
vn 0.99761945 0 -0.06895976
vn 0.99761945 0 -0.06895976
vn 0.99761945 0 -0.06895976
vn -0.06380414 -0.136259839 -0.9886164
vn -0.06380407 -0.7406779 -0.6688239
vn -0.06521374 -0.136206642 -0.9885317
vn -0.06561945 0.122267313 -0.9903256
vn -0.06561963 0.7311408 -0.679063439
vn -0.06604533 0.122274861 -0.990296364
vn -0.014022273 0.8327121 -0.5535286
vn -0.014022273 0.8327121 -0.5535286
vn -0.014022273 0.8327121 -0.5535286
vn 0.013870704 0.498621732 -0.8667087
vn 0.0138704879 -0.08483216 -0.99629873
vn 0.0239552632 0.498426348 -0.866601
vn -0.0130228251 -0.132735431 -0.9910659
vn -0.0008209781 -0.132982835 -0.991118
vn -0.0008209939 0.456068039 -0.889944553
vn 0.227708831 -0.0613225438 -0.971796453
vn 0.227708831 -0.0613225438 -0.971796453
vn 0.227708831 -0.0613225438 -0.971796453
vn 0.131606787 0 -0.991302
vn 0.131606787 0 -0.991302
vn 0.131606787 0 -0.991302
vn 0.707105756 -0.707107842 0
vn 0.707105756 -0.707107842 0
vn 0.707105756 -0.707107842 0
vn 0.828271 -0.5599921 0.0193943121
vn 0.828271 -0.5599921 0.0193943121
vn 0.828271 -0.5599921 0.0193943121
vn 0.008413808 0.7010908 -0.7130224
vn 0.008413808 0.7010908 -0.7130224
vn 0.008413808 0.7010908 -0.7130224
vn 0.0142717334 0.7067736 -0.7072959
vn 0.999999762 0.0005083379 -0.0003989124
vn 0.999999762 0.0005083379 -0.0003989124
vn 0.999999762 0.0005083379 -0.0003989124
vn 0.999999046 0.000954544463 0.00102425262
vn 0.999999046 -0.000943965744 0.0010125828
vn 0.999999046 -0.000943965744 0.0010125828
vn 0.999999046 -0.000943965744 0.0010125828
vn 0.9999998 -0.000494090258 -0.000384824671
vn 0.999998868 0.00107330049 0.00107234868
vn 0.999998868 0.00107330049 0.00107234868
vn 0.999998868 0.00107330049 0.00107234868
vn 0.999999762 -0.000502206443 0.0005170658
vn 0.03316188 -0.7792209 0.625871539
vn 0.0331561156 -0.69569993 0.7175669
vn 0.0592192225 -0.774713039 0.6295338
vn -0.015670849 -0.6486888 0.760892451
vn 0.00335686165 0.5881858 0.8087189
vn 0.00335686165 0.5881858 0.8087189
vn 0.00335686165 0.5881858 0.8087189
vn 0 0.5797187 0.8148167
vn 0 0.8898116 -0.456328243
vn 0 0.9995907 -0.0286088157
vn 1.38059258E-05 0.8898116 -0.456328183
vn 0 0.9995908 -0.0286049563
vn 0 0.914459646 0.404677182
vn 0 0.9144604 0.4046754
vn 0 0.6510275 0.7590542
vn 0 0.65102917 0.7590527
vn 0 0.696665049 -0.7173966
vn 0 0.5977035 -0.8017173
vn 0.00941385 0.696143448 -0.71784097
vn -0.0161287561 0.5873906 -0.8091429
vn 0.0161461271 0.527702 -0.8492761
vn 0.0161460731 0.413087219 -0.9105483
vn 0.0240137316 0.5272208 -0.849388957
vn 0 0.4015396 -0.9158417
vn 0 -0.6966737 -0.7173882
vn 0 -0.5977516 -0.8016814
vn -0.009414195 -0.696152031 -0.7178326
vn 0.0161097944 -0.5873879 -0.8091452
vn -0.016108362 -0.5276903 -0.8492841
vn -0.016108308 -0.4130739 -0.910555065
vn -0.0239760336 -0.52720803 -0.8493979
vn 0 -0.401585668 -0.9158215
vn 0 -0.8898116 -0.456328243
vn 0 -0.9995907 -0.0286088157
vn -1.38059258E-05 -0.8898116 -0.456328183
vn 0 -0.9995908 -0.0286049563
vn 0 -0.914460361 0.404675454
vn 0 -0.914458752 0.40467906
vn 0 -0.651030242 0.7590518
vn 0 -0.651027441 0.759054244
vn 0.999932 -0.005443845 0.010314812
vn 1 -1.11673617E-05 1.5372616E-05
vn 0.999932 -0.005443845 0.010314812
vn 0.999932 -0.005443845 0.010314812
vn 0.9995363 0.0141481031 0.0269662
vn 0.9998938 -0.0145154446 -0.00132283731
vn 1 1.79697E-05 -4.20821743E-06
vn 1 6.39079735E-06 -2.87630246E-06
vn 0.9999004 -0.014081182 -0.000962492544
vn 0.9998938 -0.0145154446 -0.00132283731
vn 0.9998938 -0.0145154446 -0.00132283731
vn 0.9999254 -0.0119861821 -0.00235502142
vn 0.999941766 -0.00980323 -0.00451453961
vn 1 -3.119852E-06 0
vn 0.999715269 -0.0238112472 0.00155891734
vn 0.999715269 -0.0238112472 0.00155891734
vn 0.999715269 -0.0238112472 0.00155891734
vn 0.999870658 -0.0154890083 0.00434341747
vn 1 1.84842884E-06 0
vn 1 0 0
vn 1 0 0
vn 1 0 0
vn 1 0 0
vn 1 0 0
vn 1 0 0
vn 0.9998802 0 -0.0154770119
vn 0.999435544 0.00355254463 -0.03340534
vn 1 -1.84842884E-06 0
vn 0.999870658 0.0154878963 0.00434320932
vn 0.9997152 0.0238122866 0.00155870151
vn 1 0 0
vn 1 0 0
vn 1 0 0
vn 1 0 0
vn 0.999936938 0.0111334864 0.00149100274
vn 0.999936938 0.0111334864 0.00149100274
vn 0.999936938 0.0111334864 0.00149100274
vn 0.9998938 0.0145148179 -0.00132285932
vn 0.9999254 0.0119861821 -0.00235494529
vn 0.999941766 0.00980323 -0.00451442041
vn 1 3.119852E-06 0
vn 0.9999329 0.005287227 0.0103101246
vn 0.999600649 -0.01422188 0.0244199
vn 0.9999329 0.005287227 0.0103101246
vn 0.9999329 0.005287227 0.0103101246
vn 1 -6.28393354E-06 -6.08449227E-06
vn 0.00022406847 5.72836434E-05 1
vn -0.000174964734 -7.911454E-05 1
vn 0.00022406847 5.72836434E-05 1
vn 0.00022406847 5.72836434E-05 1
vn 0.00012108004 7.39982643E-05 1
vn 0 5.30173747E-06 1
vn 0 5.30173747E-06 1
vn 0 5.30173747E-06 1
vn 0.000154454465 -2.14289485E-05 1
vn -0.999702 -0.0237999409 -0.005437646
vn -0.999702 -0.0237999409 -0.005437646
vn -0.999702 -0.0237999409 -0.005437646
vn -0.9998934 -0.00543779554 -0.0135486163
vn -0.999938369 -0.00686003827 -0.008728338
vn -0.999938369 -0.00686003827 -0.008728338
vn -1 -4.04460934E-06 1.371976E-05
vn -0.999518454 0.0302469134 0.006925625
vn -0.999518454 0.0302469134 0.006925625
vn -0.999518454 0.0302469134 0.006925625
vn -0.999843359 0.0147901708 0.009725616
vn -0.9998431 0.009553081 0.0149143729
vn -1 -4.25646977E-05 -0.000113747112
vn -1 1.796414E-05 -6.464499E-05
vn -0.999999762 0.00058797223 -0.00047144448
vn -0.999966741 -0.00385159673 -0.00719230762
vn -0.999966741 -0.00385159673 -0.00719230762
vn -0.999966741 -0.00385159673 -0.00719230762
vn -0.9999912 0.00137587183 -0.0039738114
vn -0.9999912 0.00137587183 -0.0039738114
vn -0.9999999 -0.000278542226 -0.000321102125
vn -0.9997019 0.023800144 -0.0054379655
vn -0.9997019 0.023800144 -0.0054379655
vn -0.9997019 0.023800144 -0.0054379655
vn -0.9999018 0.0118112471 -0.00754422834
vn -0.9998934 0.005437666 -0.0135482
vn -1 5.383754E-06 1.95668763E-05
vn -1 5.383754E-06 1.95668763E-05
vn -0.04645373 -0.9988084 0.0149645749
vn -0.04645373 -0.9988084 0.0149645749
vn -0.04645373 -0.9988084 0.0149645749
vn -0.009099406 -0.9999583 -0.0008282259
vn 0.244186834 -0.05584273 -0.968119
vn -0.436253577 -0.0558401048 -0.8980895
vn 0.2440544 -0.06750717 -0.9674091
vn -0.467482239 -0.04200528 -0.88300395
vn 0.101653047 -0.0541486666 0.993345141
vn 0.717120469 -0.05414678 0.6948427
vn 0.101540424 -0.0655293241 0.9926709
vn 0.7405146 -0.0374781378 0.670994461
vn 0 -1 0
vn 0 -1 0
vn 0 -1 0
vn 0 -1 -2.55470377E-06
vn 0 -1 -1.14989907E-05
vn 0 -1 0
vn 0 -1 0
vn 0 -1 0
vn 0 -1 3.40626866E-06
vn 0 -1 0
vn 0.101517208 -0.0558387227 0.9932655
vn 0.717012763 -0.0558405481 0.694819748
vn 0.101391159 -0.06750305 0.9925539
vn 0.7351251 -0.03824335 0.676851869
vn 0 -1 0
vn 0 -1 0
vn 0 -1 0
vn 0 -1 -2.55470377E-06
vn 0 -1 -1.14989907E-05
vn 0 -1 0
vn 0 -1 0
vn 0 -1 0
vn 0 -1 3.40626866E-06
vn 0 -1 0
vn -0.0338064581 -0.0256451927 0.9990994
vn -0.0338064581 -0.0256451927 0.9990994
vn -0.0338064581 -0.0256451927 0.9990994
vn -0.01746211 -0.0108854529 0.9997883
vn -0.004972069 -0.7034625 0.710715055
vn -0.0576440357 -0.777994454 0.62562114
vn 0.0156706665 -0.6486926 0.760889232
vn -0.0331459157 -0.7792214 0.6258717
vn -0.006308813 0.5728081 0.819665253
vn -0.006308813 0.5728081 0.819665253
vn -0.006308813 0.5728081 0.819665253
vn 0 0.588197052 0.8087176
vn -0.9999286 -0.00601968961 0.01032252
vn -0.999076 0.00677259453 0.0424422
vn -0.9999286 -0.00601968961 0.01032252
vn -0.9999286 -0.00601968961 0.01032252
vn -1 -0.000181529686 -0.000269604876
vn -0.9992069 0.0375199653 -0.0133363493
vn -0.9992069 0.0375199653 -0.0133363493
vn -0.9992069 0.0375199653 -0.0133363493
vn -0.999897659 0.007435069 -0.0122246966
vn -0.999897659 0.007435069 -0.0122246966
vn -0.999736369 0.0216359217 0.00768896425
vn -0.999736369 0.0216359217 0.00768896425
vn -0.999904037 0.0071993093 0.011835455
vn -0.999870241 0.0146267414 0.00675081462
vn -1 -8.582846E-06 -1.84519959E-05
vn -1 -8.582846E-06 -1.84519959E-05
vn -1 -7.723677E-06 -2.0076659E-05
vn -0.9999522 -0.001321194 -0.009690941
vn -0.9999522 -0.001321194 -0.009690941
vn -0.9998676 -0.012266973 -0.01069166
vn -0.99965477 0.0233302228 -0.0120824352
vn -0.9989151 0.0231272038 -0.04041978
vn -0.9999286 0.0060165897 0.0103279445
vn -0.999076 -0.00677222759 0.04244152
vn -0.9999286 0.0060165897 0.0103279445
vn -0.9999286 0.0060165897 0.0103279445
vn -1 0.000183577824 -0.0002687689
vn -1 8.197135E-06 -0.0001290433
vn -1 8.197135E-06 -0.0001290433
vn -1 8.197135E-06 -0.0001290433
vn -1 5.40584369E-05 2.20751576E-06
vn -1 1.02566628E-06 0.000140322634
vn -1 -6.12676449E-05 -0.000225759257
vn -1 8.612205E-05 0.000207596982
vn -1 -6.12676449E-05 -0.000225759257
vn -1 -6.12676449E-05 -0.000225759257
vn -1 -7.946359E-05 -0.000126666331
vn -0.707099557 0.5000051 0.5000051
vn -0.707099557 0.5000051 0.5000051
vn -0.707099557 0.5000051 0.5000051
vn -0.7071129 0.499993443 0.4999979
vn 0 0.707104862 0.7071087
vn 0 0.707104862 0.7071087
vn 0 0.707104862 0.7071087
vn 0 0.707108 0.7071055
vn 0.7070853 0.500014067 0.5000163
vn 0.7070853 0.500014067 0.5000163
vn 0.7070853 0.500014067 0.5000163
vn 0.7071075 0.499999017 0.49999994
vn 0.999702 -0.0237997323 -0.00543759856
vn 0.999702 -0.0237997323 -0.00543759856
vn 0.999702 -0.0237997323 -0.00543759856
vn 0.9999018 -0.0118113821 -0.007544315
vn 0.9998934 -0.00543779554 -0.0135486163
vn 1 -4.03781542E-06 1.95668763E-05
vn 1 -4.03781542E-06 1.95668763E-05
vn 0.9999777 0.00472167647 -0.00472624
vn 0.999996543 0.00258331187 0.000591147866
vn 0.9999777 0.00472167647 -0.00472624
vn 0.9999777 0.00472167647 -0.00472624
vn 0.999927759 0.009017633 -0.007948788
vn 0.9999696 0.005512539 0.005520264
vn 0.999926746 0.008976275 0.008123047
vn 0.9999696 0.005512539 0.005520264
vn 0.9999696 0.005512539 0.005520264
vn 0.9999952 0.003032513 -0.0006942631
vn 0.999518454 0.0302469134 0.006925892
vn 0.999518454 0.0302469134 0.006925892
vn 0.999518454 0.0302469134 0.006925892
vn 0.9998433 0.0147913974 0.009726029
vn 0.9998431 0.009553861 0.0149147362
vn 1 -4.256811E-05 -0.000113756236
vn 1 1.93464239E-05 -6.464642E-05
vn 0.999999762 0.0005880179 -0.00047146852
vn 0.999969542 -0.00551744644 0.005520537
vn 0.9999952 -0.00303242961 -0.000694244
vn 0.999969542 -0.00551744644 0.005520537
vn 0.999969542 -0.00551744644 0.005520537
vn 0.9999267 -0.008977653 0.008123467
vn 0.9999777 -0.00472291 -0.00472680153
vn 0.999927759 -0.009014625 -0.007947683
vn 0.9999777 -0.00472291 -0.00472680153
vn 0.9999777 -0.00472291 -0.00472680153
vn 0.9999965 -0.00258686324 0.0005911992
vn 0.9997019 0.0238021147 -0.00543791754
vn 0.9997019 0.0238021147 -0.00543791754
vn 0.9997019 0.0238021147 -0.00543791754
vn 0.9998934 0.005437666 -0.0135482
vn 0.9999378 0.00683164736 -0.008824181
vn 0.9999378 0.00683164736 -0.008824181
vn 1 2.691877E-06 1.95668763E-05
vn 0.707099557 -0.5000051 0.5000051
vn 0.707099557 -0.5000051 0.5000051
vn 0.707099557 -0.5000051 0.5000051
vn 0.707112551 -0.499994278 0.499997616
vn 0 -0.7071065 0.707107067
vn 0 -0.7071065 0.707107067
vn 0 -0.7071065 0.707107067
vn 0 -0.707108 0.7071055
vn -0.7070861 -0.5000124 0.500016868
vn -0.7070861 -0.5000124 0.500016868
vn -0.7070861 -0.5000124 0.500016868
vn -0.7071071 -0.499999732 0.499999732
vn 0.0178950857 -0.0112711415 0.999776363
vn 0.0178950857 -0.0112711415 0.999776363
vn 0.0178950857 -0.0112711415 0.999776363
vn 0.0245688371 -0.01730964 0.999548256
vn 0 1 0
vn 0 1 0
vn 0 1 1.3232554E-05
vn 0 1 0
vn 0 1 0
vn 0 1 0
vn -1.17522613E-05 0 1
vn -1.17522613E-05 0 1
vn -1.17522613E-05 0 1
vn -6.84941051E-06 -5.30829539E-06 1
vn 0 0 1
vn 0 0 1
vn 0 0 1
vn 0 0 1
vn 0 0 1
vn 0 0 1
vn -6.8494146E-06 5.30829539E-06 1
vn -1.28538859E-05 0 1
vn 1 0 0
vn 1 0 0
vn 1 0 0
vn 1 0 0
vn 1 0 0
vn 1 0 0
vn 1 0 0
vn 1 0 0
vn 0 -1 0
vn 0 -1 0
vn 0 -1 0
vn 0 -1 0
vn 1 0 0
vn 1 0 0
vn 1 0 0
vn 1 0 0
vn -0.0471079424 0.998773158 0.0152648352
vn -0.0471079424 0.998773158 0.0152648352
vn -0.0471079424 0.998773158 0.0152648352
vn -0.008474117 0.999963641 -0.000964789768
vn 0 1 -9.39267466E-07
vn 0 1 7.850197E-06
vn 0 1 -9.39267466E-07
vn 0 1 -9.39267466E-07
vn 0 1 -9.93339E-06
vn 0.209396929 0.0420072228 0.976928
vn 0.788433552 0.05224676 0.612897038
vn 0.2106494 0.02235312 0.977306068
vn 0.8094236 0.05583774 0.584564447
vn 0 1 4.69633733E-06
vn 0 1 0
vn 0 1 4.69633733E-06
vn 0 1 4.69633733E-06
vn 0 1 0
vn 0.99857676 0.0374812223 -0.0379419
vn 0.739589632 0.0540330634 -0.670885742
vn 0.9990171 0.0211190935 -0.03897166
vn 0.716322362 0.0541568138 -0.6956647
vn 0 1 -9.39267466E-07
vn 0 1 7.850197E-06
vn 0 1 -9.39267466E-07
vn 0 1 -9.39267466E-07
vn 0 1 -9.93339E-06
vn 0.122508593 0.0321054533 -0.991948068
vn -0.5429287 0.0660319254 -0.837178767
vn 0.121991426 0.0246894155 -0.992224038
vn -0.5606224 0.05415227 -0.8262991
vn 0 1 4.69633733E-06
vn 0 1 0
vn 0 1 4.69633733E-06
vn 0 1 4.69633733E-06
vn 0 1 0
vn -0.707099557 0.5000051 -0.5000051
vn -0.707099557 0.5000051 -0.5000051
vn -0.707099557 0.5000051 -0.5000051
vn -0.7071008 0.5000065 -0.500002
vn 0 0.707108 -0.7071055
vn 0 0.707108 -0.7071055
vn 0 0.707108 -0.7071055
vn 0 0.707104862 -0.7071087
vn 0.7071187 0.499993831 -0.499989361
vn 0.7071187 0.499993831 -0.499989361
vn 0.7071187 0.499993831 -0.499989361
vn 0.707100034 0.500004053 -0.5000055
vn -0.0611647554 0.00327696861 -0.9981223
vn -0.0611647554 0.00327696861 -0.9981223
vn -0.0611647554 0.00327696861 -0.9981223
vn -0.0460250825 0 -0.9989403
vn 0.00361699 -0.00684643956 -0.9999701
vn 0.00361699 -0.00684643956 -0.9999701
vn 0.00361699 -0.00684643956 -0.9999701
vn 0.00224807626 -0.0273198355 -0.999624252
vn 0.000224069241 -5.72835E-05 -1
vn -0.000174964734 7.911437E-05 -1
vn 0.000224069241 -5.72835E-05 -1
vn 0.000224069241 -5.72835E-05 -1
vn 0.00012108004 -7.399873E-05 -1
vn 0.9989889 0.04144496 -0.0174201336
vn 0.7385926 0.673931658 -0.017237911
vn 0.9663389 0.256186515 -0.023614319
vn 0.8189723 0.57376796 0.008648073
vn 0.000224070027 -5.72840436E-05 -1
vn -0.000174964734 7.911462E-05 -1
vn 0.000224070027 -5.72840436E-05 -1
vn 0.000224070027 -5.72840436E-05 -1
vn 0.00012108004 -7.39985E-05 -1
vn 0.000224070027 -5.72836943E-05 -1
vn -0.000174966655 7.911524E-05 -1
vn 0.000224070027 -5.72836943E-05 -1
vn 0.000224070027 -5.72836943E-05 -1
vn 0.000121079116 -7.39984E-05 -1
vn -0.86169076 -0.504931569 -0.05033067
vn -0.334647715 -0.941006 -0.05018641
vn -0.701629639 -0.710119665 -0.0587017164
vn -0.200190917 -0.9788688 -0.0417071842
vn 0.000224070027 -5.72840436E-05 -1
vn -0.000174966655 7.911541E-05 -1
vn 0.000224070027 -5.72840436E-05 -1
vn 0.000224070027 -5.72840436E-05 -1
vn 0.00012108004 -7.39985E-05 -1
vn -0.707099557 -0.5000051 -0.5000051
vn -0.707099557 -0.5000051 -0.5000051
vn -0.707099557 -0.5000051 -0.5000051
vn -0.707109749 -0.5000001 -0.499995679
vn 0 -0.707108 -0.7071055
vn 0 -0.707108 -0.7071055
vn 0 -0.707108 -0.7071055
vn 0 -0.7071065 -0.707107067
vn 0.7071187 -0.499993831 -0.499989361
vn 0.7071187 -0.499993831 -0.499989361
vn 0.7071187 -0.499993831 -0.499989361
vn 0.7071075 -0.499999017 -0.49999994
vn 0.02608902 -0.0176504757 -0.9995038
vn 0.02608902 -0.0176504757 -0.9995038
vn 0.02608902 -0.0176504757 -0.9995038
vn 0.0223725382 -0.0139102181 -0.999653
vn 0.0374570824 -0.6128642 0.7893
vn 0.0374570824 -0.6128642 0.7893
vn 0.0374570824 -0.6128642 0.7893
vn 0.01911005 -0.6343602 0.77280134
vn 0.000345521 -0.949789166 -0.3128904
vn 0.00033291243 -0.936639249 0.350295335
vn -0.000599461957 -0.949788749 -0.312891334
vn 0 -0.935067236 0.3544705
vn 2.72089928E-05 -0.9350804 0.3544357
vn 0 -0.5075304 0.8616339
vn 0 -0.935080767 0.354434729
vn 0 -0.507543743 0.861625969
vn 0 0.143349588 0.9896721
vn 0 0.143307954 0.989678144
vn 0 0.7311287 0.682239532
vn 0 0.7311287 0.682239532
vn 0 0.997211635 0.07462582
vn 0 0.99721235 0.07461665
vn 0 0.824520469 -0.5658322
vn 0 0.8245149 -0.5658402
vn 0 0.289013356 -0.9573251
vn 0 0.2889788 -0.957335532
vn 0 -0.373684555 -0.927555859
vn 0.0005792774 -0.377740562 -0.9259113
vn -0.0191110056 -0.6343603 0.7728012
vn -0.0191110056 -0.6343603 0.7728012
vn -0.0191110056 -0.6343603 0.7728012
vn 0 -0.6560627 0.754706442
vn -0.9999989 -0.000961008132 -0.0010954797
vn -0.9999989 -0.000961008132 -0.0010954797
vn -0.9999989 -0.000961008132 -0.0010954797
vn -0.999999762 -0.0004925611 0.000508296536
vn -0.999999762 0.00045838533 0.0005648159
vn -0.999999762 0.00045838533 0.0005648159
vn -0.999999762 0.00045838533 0.0005648159
vn -0.999999046 0.0008993842 -0.00103607087
vn -0.999999762 -0.0005087375 -0.0003980632
vn -0.999999762 -0.0005087375 -0.0003980632
vn -0.999999762 -0.0005087375 -0.0003980632
vn -0.999999046 -0.0009554821 0.00102420582
vn 0.00012751203 -0.289010376 -0.957325935
vn 0.000127527455 0.373684734 -0.9275558
vn -0.00166862528 0.373678863 -0.927556634
vn -0.000475327164 -0.285627753 -0.9583406
vn 0 -0.8245037 -0.5658565
vn 0 -0.8245037 -0.5658565
vn 0 -0.9972127 0.07461121
vn 0 -0.997214139 0.0745917559
vn 2.72052785E-05 -0.99721235 0.07461559
vn 0 -0.7311373 0.682230353
vn 0 -0.99721235 0.07461665
vn 0 -0.731124759 0.6822438
vn 0 -0.143309116 0.989678
vn 0 -0.143309146 0.989677966
vn 0 0.507533431 0.8616321
vn 0 0.507536769 0.861630142
vn 0 0.9350692 0.354465127
vn 0 0.935069263 0.354465127
vn -0.0004945035 0.950053334 -0.312087327
vn -0.00012638999 0.95116 -0.308698267
vn -0.0110200224 0.6560142 0.754668057
vn -0.0110200224 0.6560142 0.754668057
vn -0.0110200224 0.6560142 0.754668057
vn -0.00654719444 0.6607621 0.75056684
vn -0.02691999 -0.7342032 -0.678395867
vn -0.02691999 -0.7342032 -0.678395867
vn -0.02691999 -0.7342032 -0.678395867
vn -0.03703422 -0.7440177 -0.667132735
vn -0.0181925241 0.999790847 -0.009348635
vn -0.0181925241 0.999790847 -0.009348635
vn -0.0181925241 0.999790847 -0.009348635
vn -0.0227850713 0.999643266 -0.0139355194
vn -0.0298490562 -0.9993336 -0.021007169
vn -0.0298490562 -0.9993336 -0.021007169
vn -0.0298490562 -0.9993336 -0.021007169
vn -0.008948098 -0.999959946 -9.917194E-05
vn -0.02947046 0.02100021 -0.999345
vn -0.02947046 0.02100021 -0.999345
vn -0.02947046 0.02100021 -0.999345
vn -0.0106798876 0.00219168537 -0.9999406
vn -0.01789514 0.0112711461 0.999776363
vn -0.01789514 0.0112711461 0.999776363
vn -0.01789514 0.0112711461 0.999776363
vn -0.0342051722 0.0259974468 0.999076664
vn -0.0576265156 0.777995 0.6256221
vn -0.00497258035 0.7034922 0.710685551
vn 0.01569775 0.6486926 0.7608886
vn -0.03315645 0.779186 0.62591517
vn -0.00194570853 0.592842162 -0.8053163
vn -0.00194570853 0.592842162 -0.8053163
vn -0.00194570853 0.592842162 -0.8053163
vn 0 0.5882165 -0.808703542
vn -1 3.458899E-05 -5.84048139E-05
vn -1 3.458899E-05 -5.84048139E-05
vn -1 3.458899E-05 -5.84048139E-05
vn -1 -1.570378E-06 -3.06803959E-05
vn -1 -1.13336182E-05 -1.62106353E-05
vn -1 -1.49135094E-05 -5.985494E-06
vn -1 -1.50188907E-05 2.86278464E-06
vn -1 -2.62496833E-05 -3.897163E-05
vn -1 -2.555952E-05 -3.805224E-05
vn -1 -9.869172E-06 1.706571E-05
vn -1 2.9189694E-05 3.983652E-05
vn -1 0 2.9016217E-05
vn -1 2.812453E-05 4.86328936E-05
vn -1 -2.9189694E-05 3.98353332E-05
vn -1 -2.9189694E-05 3.98353332E-05
vn -1 2.555952E-05 -3.80533747E-05
vn -1 0.0002696371 9.85088045E-05
vn -1 0.0002696371 9.85088045E-05
vn -1 2.555952E-05 -3.80533747E-05
vn -1.83307584E-05 -0.203595638 -0.9790551
vn -2.0403415E-05 -0.5000162 -0.86601603
vn 1.24052167E-05 0.17363891 -0.9848094
vn -9.343028E-06 -0.7757719 -0.6310134
vn 2.13384646E-05 -0.9396984 -0.342004329
vn -1.07102107E-06 -1 -2.10487656E-06
vn 1.13509595E-05 -0.9396895 0.342028648
vn -6.01820739E-06 -0.7757446 0.63104707
vn 2.22474337E-05 -0.499990016 0.86603117
vn -2.13813037E-05 -0.203594834 0.9790552
vn -9.521843E-06 0.173646927 0.984807968
vn 0 -0.590540648 -0.807007968
vn 0 -0.590540648 -0.807007968
vn 0 -0.590540648 -0.807007968
vn -0.0009759114 -0.588188231 -0.8087235
vn -1 0 0
vn -1 0 0
vn -1 0 0
vn -1 0 0
vn -1 0 0
vn -1 0 0
vn -1 0 0
vn -1 0 0
vn -1 0 0
vn -0.02368813 0.9995776 0.0168395471
vn -0.02368813 0.9995776 0.0168395471
vn -0.02368813 0.9995776 0.0168395471
vn 0.0053944937 0.9999459 -0.008894889
vn 0 0.940078437 0.340958357
vn 0 0.9400715 0.3409774
vn 2.76826286E-05 0.9466591 -0.322236866
vn 0 0.9466593 -0.322236121
vn 0 0.5368388 -0.843684852
vn 0 0.536825359 -0.8436934
vn 0 -0.109129444 -0.994027555
vn 0 -0.109129451 -0.994027555
vn 0 -0.7070906 -0.7071229
vn 0 -0.7071184 -0.7070952
vn 0 -0.9940252 -0.10915152
vn 0 -0.994023144 -0.109169595
vn 0 -0.843696237 0.536820948
vn 0 -0.8436857 0.536837459
vn 2.81503253E-05 -0.8436956 0.536821961
vn 0 -0.322248518 0.9466551
vn 0 -0.8436956 0.5368219
vn 0 -0.3222485 0.9466551
vn -0.000418016658 0.34988305 0.936793268
vn 0.000272322359 0.3451599 0.938543856
vn 0.0331193022 0.7791924 0.625909269
vn 0.0591558553 0.7746878 0.629570842
vn 0.03311332 0.6956663 0.7176015
vn -0.01569743 0.648701549 0.760881066
vn 0.0009765634 0.588197649 -0.808716655
vn 0.0009765634 0.588197649 -0.808716655
vn 0.0009765634 0.588197649 -0.808716655
vn 0 0.5905604 -0.8069934
vn -0.00542723248 0.9999457 -0.0088988
vn -0.00542723248 0.9999457 -0.0088988
vn -0.00542723248 0.9999457 -0.0088988
vn 0.0236870777 0.9995773 0.01685752
vn 0 -1 6.48609375E-06
vn 0 -1 6.48609375E-06
vn 0 -1 6.48609375E-06
vn 2.24650967E-06 -1 1.08374861E-05
vn 0 -1 0
vn 0 -1 0
vn 1 0 0
vn 1 0 0
vn 1 0 0
vn 1 0 0
vn 0 1 -6.48609375E-06
vn 0 1 -6.48609375E-06
vn 0 1 -6.48609375E-06
vn 0 1 0
vn 0 1 0
vn 0 1 0
vn 0 0 1
vn 0 0 1
vn 0 0 1
vn 0 0 1
vn 0.0106699914 0.002191657 -0.9999407
vn 0.0106699914 0.002191657 -0.9999407
vn 0.0106699914 0.002191657 -0.9999407
vn 0.0260888729 0.0176504627 -0.999503851
vn 0.0337609947 0.9991194 -0.0249127969
vn 0.0337609947 0.9991194 -0.0249127969
vn 0.0337609947 0.9991194 -0.0249127969
vn 0.0181926247 0.999790847 -0.009348636
vn 0.0089481 -0.999959946 -9.917196E-05
vn 0.0089481 -0.999959946 -9.917196E-05
vn 0.0089481 -0.999959946 -9.917196E-05
vn 0.0247000083 -0.999569237 -0.0158523954
vn 0.000346324756 -0.345159143 0.938544154
vn 0.000322024338 0.3179987 0.948091149
vn -0.0005905705 -0.345159084 0.938544035
vn 0 0.3222207 0.9466646
vn 0 0.8436989 0.5368167
vn 0 0.8436922 0.5368272
vn 0 0.994026959 -0.109134756
vn 0 0.9940259 -0.109144531
vn 0 0.7071017 -0.707111835
vn 0 0.7071081 -0.707105458
vn 0 0.109126389 -0.9940279
vn 0 0.109126352 -0.9940279
vn 0 -0.5368336 -0.84368813
vn 0 -0.536835551 -0.843686938
vn 0 -0.946656466 -0.322244674
vn 0 -0.946661532 -0.3222296
vn 0 -0.9400784 0.340958357
vn 0.000590006239 -0.93854326 0.34516117
vn -0.0155271329 0.731256366 0.681926
vn -0.0155271329 0.731256366 0.681926
vn -0.0155271329 0.731256366 0.681926
vn -0.009151143 0.725297034 0.6883753
vn -0.0223753154 -0.0139100906 -0.999652863
vn -0.0223753154 -0.0139100906 -0.999652863
vn -0.0223753154 -0.0139100906 -0.999652863
vn -0.0298232045 -0.0213789381 -0.9993266
vn 0 1 0
vn 0 1 0
vn 0 1 0
vn 0 1 0
vn 1 0 0
vn 1 0 0
vn 1 0 0
vn 1 0 0
vn 0 -1 0
vn 0 -1 0
vn 0 -1 0
vn 0 -1 0
vn 0 -1 -6.616277E-06
vn 0 -1 0
vn 0 -0.7071038 0.7071098
vn 0 -0.7071038 0.7071098
vn 0 -0.7071038 0.7071098
vn 7.672602E-06 -0.707106531 0.707107
vn 0 -0.7071178 0.707095742
vn 0.9999929 0.00266360561 -0.00266365265
vn 0.9999929 0.00266360561 -0.00266365265
vn 0.9999929 0.00266360561 -0.00266365265
vn 0.9999945 0 -0.00332507165
vn 0.9999945 0 -0.00332506513
vn 0.9999929 -0.00266360259 -0.00266361842
vn 0.9999943 0 0.00337933959
vn 0.999996543 -0.000818327942 0.00250099739
vn 1 0 0
vn 0.9999943 0 0.00337932841
vn 0.9999965 0.000786314951 0.00253485143
vn 1 -1.34008985E-06 0
vn 0 0 1
vn 0 0 1
vn 0 0 1
vn 0 0 1
vn 0 0.7071038 0.7071098
vn 0 0.7071038 0.7071098
vn 0 0.7071038 0.7071098
vn 9.590752E-06 0.7071066 0.707106948
vn 0 0.707113445 0.707100153
vn 0.02022244 -0.8586535 -0.5121575
vn 0.02022244 -0.8586535 -0.5121575
vn 0.02022244 -0.8586535 -0.5121575
vn -0.0181906465 -0.8652807 -0.500957549
vn 0 -0.866584957 -0.499029666
vn -0.0124985036 -0.8583405 -0.5129282
vn 0 -0.8665794 -0.499039233
vn 1 0 0
vn 1 0 0
vn 1 0 0
vn 1 0 0
vn 1 0 0
vn 1 0 0
vn 1 0 0
vn 1 0 0
vn 1 0 0
vn 1 0 0
vn 1 0 0
vn 1 0 0
vn 1 0 0
vn 1 0 0
vn 1 0 0
vn 1 0 0
vn 1 0 0
vn 1 0 0
vn 1 0 0
vn 1 0 0
vn 1 0 0
vn 1 0 0
vn 1 0 0
vn 1 0 0
vn 1 0 0
vn 1 0 0
vn 0.0005333761 0.9999918 -0.00402019639
vn 0.0183245447 0.9998293 -0.002366753
vn 0.0005333761 0.9999918 -0.00402019639
vn 0.0005333761 0.9999918 -0.00402019639
vn -0.0106151486 0.9999437 0
vn 0.009409195 -0.999955535 -0.0006521609
vn 0.009409195 -0.999955535 -0.0006521609
vn 0.009409195 -0.999955535 -0.0006521609
vn 0.0004996944 -0.9999976 -0.00212564087
vn -0.005416779 -0.999985337 0
vn 0.104707353 0 0.9945031
vn 0.104707353 0 0.9945031
vn 0.104707353 0 0.9945031
vn 0.106866427 0.0005805768 0.994273245
vn 0.000598445535 -0.73236537 -0.68091166
vn 0 -0.7323659 -0.680911362
vn 0 -0.123586424 -0.9923338
vn 0 -0.9993048 -0.0372834764
vn 0 -0.9993048 -0.0372834168
vn 0 -0.7896093 0.6136099
vn 0 -0.789611459 0.6136072
vn 1.1600554E-05 0.7416919 -0.6707407
vn 0 0.7416918 -0.6707408
vn 0 0.137267947 -0.990533948
vn 0 0.9993048 -0.0372834764
vn 0 0.9993048 -0.0372834168
vn 0 0.7896098 0.6136093
vn 0 0.789610863 0.6136079
vn 0.0180361178 0.8590697 -0.5115408
vn 0.0180361178 0.8590697 -0.5115408
vn 0.0180361178 0.8590697 -0.5115408
vn -0.0181924235 0.865281343 -0.500956357
vn 0 0.866584957 -0.499029666
vn -0.0125014177 0.858343065 -0.512923837
vn 0 0.8665794 -0.499039233
vn 0.00242556818 -0.690772951 -0.7230677
vn 0.0265973415 -0.2460268 -0.968898058
vn -0.008912132 -0.690585 -0.7231964
vn -1.22244192E-05 -0.247081384 -0.968994737
vn 1.42920117E-05 0.254687876 -0.9670233
vn -1.22244155E-05 0.254687876 -0.9670233
vn 0.0248151571 0.6912618 -0.7221782
vn -0.00241216761 0.6907613 -0.723078847
vn 0.0009005307 0.121938325 -0.9925373
vn 0.0009005504 -0.465943038 -0.884814262
vn 0.01741772 0.121499464 -0.9924387
vn -0.00559086539 -0.483592242 -0.875275552
vn 1 0 0
vn 1 0 0
vn 1 0 0
vn 1 0 0
vn 1 0 0
vn 1 0 0
vn 1 0 0
vn 1 0 0
vn 1 0 0
vn 0 -0.588197052 -0.8087176
vn 0 -0.588197052 -0.8087176
vn 0 -0.588197052 -0.8087176
vn 0.001910763 -0.59280473 -0.805344
vn -1 0 0
vn -1 0 0
vn -1 0 0
vn -1 0 0
vn -0.9755908 -0.009067525 -0.219409242
vn -0.9755908 -0.009067525 -0.219409242
vn -0.9755908 -0.009067525 -0.219409242
vn -1 2.00295545E-07 0
vn -1 2.00295545E-07 0
vn -1 2.00295545E-07 0
vn -1 -1.66162422E-07 0
vn -1 0 0
vn -0.9876766 -5.386246E-05 0.156508341
vn -0.9876766 -5.386246E-05 0.156508341
vn -0.9876766 -5.386246E-05 0.156508341
vn -0.9803042 0.00172031054 0.197486192
vn 0 -1 -1.46627426E-05
vn 0 -1 2.24113483E-05
vn 3.061444E-05 -0.766056657 0.6427731
vn 0 -0.7660264 0.6428092
vn 0 -0.173653409 0.984806836
vn 0 -0.173651487 0.9848072
vn 0 0.5000041 0.866023064
vn 0 0.5000118 0.8660186
vn 0 0.939685345 0.342040151
vn 0 0.939685345 0.342040151
vn 0 0.9396857 -0.342039257
vn 0 0.939699054 -0.3420026
vn 0 0.499992579 -0.866029739
vn 0 0.4999908 -0.866030753
vn 0 -0.173629433 -0.984811068
vn 0 -0.173629373 -0.984811068
vn 0 -0.7660328 -0.642801464
vn 0 -0.7660399 -0.642793059
vn 2.89678574E-05 -1 -1.1920929E-05
vn 0 -1 -1.22487554E-05
vn 0.9992543 0.00523340935 0.0382548757
vn 0.9992543 0.00523340935 0.0382548757
vn 0.9992543 0.00523340935 0.0382548757
vn 0 0.331518233 -0.943448842
vn 0 0.226113051 -0.974101067
vn 0.018578181 0.328408629 -0.944353044
vn -0.05017368 0.210136026 -0.976383865
vn -0.03343396 0.207752541 -0.9776099
vn -0.033433862 0.313712239 -0.9489293
vn 0.0366574042 -0.004858878 -0.9993161
vn 0.0366573036 -0.114435427 -0.992754161
vn 0.05621354 -0.008420592 -0.9983833
vn -0.136670917 -0.1866809 -0.972867548
vn -0.122754343 -0.188718185 -0.974328935
vn -0.122754663 -0.07996027 -0.9892106
vn 0.06922018 -0.246762931 -0.966600537
vn 0.06922003 -0.351467758 -0.9336375
vn 0.0370352156 -0.257438421 -0.9655847
vn 1 0 0
vn 1 0 0
vn 1 0 0
vn 0.0454376377 0.99800843 -0.04375681
vn 0.0454376377 0.99800843 -0.04375681
vn 0.0454376377 0.99800843 -0.04375681
vn 0 -1 0
vn 0 -1 0
vn 0 -1 0
vn 0 -1 0
vn 0 -1 0
vn 0 -1 5.268149E-06
vn 0 0 -1
vn 0 0 -1
vn 0 0 -1
vn 0 0 -1
vn 0.0462873727 -0.00689962646 0.998904347
vn 0.0462873727 -0.00689962646 0.998904347
vn 0.0462873727 -0.00689962646 0.998904347
vn 0.0307129 0 0.9995283
vn 0.9982791 0.00224974123 0.05859847
vn 0.9982791 0.00224974123 0.05859847
vn 0.9982791 0.00224974123 0.05859847
vn 0.999735832 -0.006004831 0.0221868362
vn 1 -2.88571641E-07 0
vn 1 -2.88571641E-07 0
vn 1 -2.88571641E-07 0
vn 1 0 0
vn 1 0 0
vn 0 1 0
vn 0 1 0
vn 0 1 0
vn 0 1 0
vn -2.30111027E-06 1 -8.5815E-06
vn 0.9997008 0.0230182186 0.008281331
vn 0.9997008 0.0230182186 0.008281331
vn 0.9997008 0.0230182186 0.008281331
vn 0.9995408 -0.0286977943 -0.009724396
vn 0.9995408 -0.0286977943 -0.009724396
vn 0.9995408 -0.0286977943 -0.009724396
vn 0.9997495 -0.0200861767 -0.009879316
vn 0.9997495 -0.0200861767 -0.009879316
vn 0.9997495 -0.0200861767 -0.009879316
vn 0.7924562 0.6096552 0.0182668585
vn 0.798955858 0.455404848 -0.392779857
vn 0.827965736 0.5292535 -0.185373828
vn 0.7927407 -0.306207061 -0.5270668
vn 0.7892287 -0.583031356 -0.192853913
vn 0.825329244 -0.43884325 -0.355314285
vn 0.7844377 -0.586825 0.200733334
vn 0.7928779 -0.2999929 0.5304234
vn 0.8218084 -0.440220475 0.361713916
vn 0.7861963 0.106923908 0.608656466
vn 0.7794979 0.488177866 0.392511576
vn 0.81553 0.2962604 0.49713245
vn -0.00348480931 -0.928937852 -0.37021926
vn -0.000111198045 -0.9999119 0.0132707348
vn 0.000292139128 -0.9999121 0.01325783
vn -0.028297076 -0.687621236 0.725518
vn 0.0223231465 -0.06218301 0.997815132
vn -0.005013627 -0.276612729 0.9609684
vn -0.00286117475 -0.175023511 0.9845601
vn 0.00637405831 0.19341588 0.9810962
vn -0.000435272261 -0.383893132 0.923377454
vn 0.0170610882 -0.2777089 0.9605138
vn -0.01781984 0.40394178 0.914611161
vn -0.000356869568 0.0898769051 0.995952845
vn -0.01830527 0.576613247 0.816812158
vn 0.0120570147 0.9667004 0.255626857
vn -0.000292418525 0.767863452 0.640613556
vn -0.00151460338 0.9469529 0.321368963
vn 0.00464013731 0.9847793 0.173747361
vn 0.00285910233 0.7227222 0.6911327
vn 0.023357017 0.902391 0.430284768
vn -0.00372751057 0.968228161 -0.2500407
vn 0.000392383 0.9578177 0.2873763
vn -0.0166301951 0.623594761 -0.781570852
vn -0.004111329 0.9528167 -0.303518325
vn 0.001425035 0.5508258 -0.8346191
vn 0.00377123058 0.0598079264 -0.9982028
vn -0.0212188736 0.8921352 -0.45127
vn 0.0281283669 0.394858718 -0.9183112
vn -0.000378150027 0.4538563 -0.891074836
vn 0.00704440428 0.5033401 -0.8640596
vn 0.0113845915 -0.169862464 -0.985402048
vn 0.01306326 0.00375562883 -0.9999076
vn 0.0409129821 -0.100867353 -0.9940583
vn -0.0303285625 -0.7140716 -0.699415445
vn 0.0105185527 -0.312863052 -0.94974
vn -0.0104756393 -0.809604049 -0.586882949
vn -0.01065485 -0.755349636 -0.65523535
vn -0.009937669 -0.447039485 -0.894459
vn 0.009525534 -0.9966314 0.0814562738
vn -0.007957599 -0.951842964 -0.306482822
vn -1 0 -0.0002447733
vn -1 0 -0.0002447733
vn -1 0 -0.0002447733
vn -1 -9.30521055E-05 -0.000156555936
vn -1 -9.30521055E-05 -0.000156555936
vn -1 -9.30521055E-05 -0.000156555936
vn -0.9999999 6.70281152E-05 -0.000436657341
vn -0.9999999 6.70281152E-05 -0.000436657341
vn -0.9999999 6.70281152E-05 -0.000436657341
vn -1 -0.000222795046 -4.2344908E-07
vn -1 -0.000222795046 -4.2344908E-07
vn -1 -0.000222795046 -4.2344908E-07
vn -0.999999762 0.0005219205 0.00041189164
vn -0.999999762 0.0005219205 0.00041189164
vn -0.999999762 0.0005219205 0.00041189164
vn -1 8.249043E-05 0.00022046399
vn -1 8.249043E-05 0.00022046399
vn -1 8.249043E-05 0.00022046399
vn -1 7.091529E-05 0.000291325123
vn -1 7.091529E-05 0.000291325123
vn -1 7.091529E-05 0.000291325123
vn -0.99999994 0.000355188677 -0.000135322814
vn -0.99999994 0.000355188677 -0.000135322814
vn -0.99999994 0.000355188677 -0.000135322814
vn -0.00263851788 -0.5395057 -0.841977835
vn 0.01050854 0.127819255 -0.991741836
vn 0.00161912735 -0.261371851 -0.965236843
vn 0.1956579 -0.2213788 -0.955358267
vn 0.000890509749 -0.0242206585 -0.999706268
vn -0.003730702 -0.404910028 -0.91434896
vn -0.00141202123 -0.9991395 -0.0414529778
vn -0.000542854366 -0.7387616 -0.6739666
vn -0.00222443976 -0.966480255 -0.256731361
vn 0.268118471 -0.9631455 -0.0215218645
vn -0.0110962279 -0.9750735 -0.221604511
vn -0.0118303262 -0.9856404 0.168443084
vn 0.005129731 -0.9964618 0.08388985
vn -0.00234639412 -0.7819653 0.6233176
vn -0.00192712154 -0.821083069 0.5708055
vn -0.00283654849 -0.8517879 0.5238792
vn -0.011244379 -0.377190948 0.926067233
vn -0.00264361687 -0.8842296 0.467045039
vn 0.002653983 -0.2649868 0.9642484
vn 0.00213369215 0.315394521 0.9489583
vn 0.00181442825 0.356480122 0.934301138
vn 0.00192937779 0.173444673 0.9848417
vn -0.00309355324 0.691301346 0.72256
vn -0.00345972856 0.862546563 0.505965948
vn 0.0008834684 0.393494278 -0.919326663
vn 0.000748830556 -0.183589712 -0.9830027
vn 0.185472339 0.107593194 -0.9767414
vn 1 2.95836562E-05 6.769172E-06
vn 1 2.95836562E-05 6.769172E-06
vn 1 2.95836562E-05 6.769172E-06
vn 1 0 0
vn 1 -4.527509E-06 3.18346029E-05
vn 1 -4.527509E-06 3.18346029E-05
vn 1 9.900205E-06 3.09453935E-06
vn 1 -5.38677E-06 8.242902E-06
vn 1 9.950118E-06 -3.45571152E-06
vn 1 9.950118E-06 -3.45571152E-06
vn 1 9.950118E-06 -3.45571152E-06
vn 1 3.047195E-06 -3.01470914E-06
vn 1 3.047195E-06 -3.01470914E-06
vn 1 0 -7.630739E-06
vn 1 0 -7.630739E-06
vn 1 1.72242744E-06 -8.846364E-06
vn 1 1.72242744E-06 -8.846364E-06
vn 1 1.72242744E-06 -8.846364E-06
vn 1 -1.18750922E-05 -8.719804E-06
vn 1 -2.26498514E-06 -3.82223152E-06
vn 1 -2.26498514E-06 -3.82223152E-06
vn 1 -1.45338445E-05 0
vn 1 -1.45338445E-05 0
vn 1 -1.45338445E-05 0
vn 0.579925358 -0.813226163 -0.0484750755
vn -0.100649983 -0.994921744 -0.000582247856
vn -0.127036229 -0.7675687 -0.6282517
vn 0.575186431 -0.817969143 0.00933382
vn 0.5900796 -0.636817634 0.496255279
vn 0.5840394 -0.180410266 0.791422844
vn -0.09750417 -0.177662045 0.9792493
vn -0.117038734 -0.752360344 0.6482715
vn 0.569856942 -0.126850277 0.8118941
vn 0.5811951 0.3793745 0.719921649
vn 0.549952269 0.7934909 0.260623783
vn 0.5585348 0.791736662 -0.247370049
vn -0.112273484 0.930671 0.3482043
vn 0.582435 0.751213849 0.3105596
vn -0.150329083 0.5151887 0.8437901
vn 0.5398652 0.387021333 0.7475026
vn -0.159857959 -0.152847916 0.9752348
vn 0.5431885 0.804901838 -0.238912612
vn -0.144025937 0.9222244 -0.358829618
vn -0.1648802 0.93204236 0.322663248
vn 0.5638592 0.7771305 -0.27951926
vn 0.5913601 0.430822372 -0.6816783
vn 0.561759055 0.433986276 -0.704331338
vn -0.129245877 0.4955503 -0.8589094
vn 0.5422213 0.3987616 -0.739584565
vn 0.554081 -0.104310431 -0.8259017
vn 0.569807768 -0.09581772 -0.816172838
vn -0.113240652 -0.173892468 -0.9782321
vn -0.133376062 0.487460375 -0.8628981
vn 0.5702871 -0.15044722 -0.8075508
vn 0.5875082 -0.5996593 -0.543362439
vn -0.8058859 -0.5864571 -0.081339106
vn -0.6315976 -0.6118778 -0.476119757
vn -0.6207642 -0.7838735 0.0139330849
vn -0.865390241 -0.498583376 -0.0501435436
vn -0.9568875 -0.2823821 -0.0680199
vn -0.62717396 -0.620271444 -0.471079767
vn -0.670906663 -0.7153705 0.195267379
vn -0.823742568 -0.4913164 0.282942265
vn -0.841516852 -0.503569 0.195621252
vn -0.7462136 -0.6638865 -0.0491932742
vn -0.758853257 -0.483032435 0.436831176
vn -0.8937414 -0.447190434 0.03531383
vn -0.631726444 -0.681301832 0.369796574
vn -0.944882333 -0.3274086 -0.00100393593
vn -0.7628559 -0.646011949 -0.0268237144
vn -0.6344981 -0.563749135 0.5287713
vn -0.869395 -0.06754396 0.4894795
vn -0.9573648 -0.09036941 0.2743831
vn -0.6161156 -0.587014437 0.525181532
vn -0.58884275 -0.141476735 0.7957692
vn -0.822766364 -0.09440385 0.560485
vn -0.6207852 0.0124704251 0.783881545
vn -0.798101 0.26623255 0.540513635
vn -0.817530453 0.155442268 0.554510236
vn -0.753171563 -0.154658273 0.6393852
vn -0.760703862 0.352800161 0.5448502
vn -0.898843765 0.06391544 0.433583528
vn -0.6232063 0.205425888 0.754595339
vn -0.9380858 -0.0691152439 0.339437932
vn -0.7538237 -0.08584986 0.651444256
vn -0.634806156 0.417879343 0.649921536
vn -0.654243 0.7165176 0.242009461
vn -0.968144059 0.2022011 0.147688285
vn -0.591970742 0.784057558 0.1866129
vn -0.8608409 0.5082742 -0.024704216
vn -0.9599088 0.280293941 -0.003228128
vn -0.573763669 0.815895438 0.07148376
vn -0.715382159 0.6728347 -0.18847239
vn -0.7336766 0.6707605 -0.108623222
vn -0.7455972 0.61724484 0.251184464
vn -0.7243565 0.6358812 -0.2663886
vn -0.8825573 0.4660956 -0.06202846
vn -0.6389275 0.767952 -0.0449599028
vn -0.9255009 0.3585971 0.121885821
vn -0.7831653 0.6081422 0.129673734
vn -0.626510143 0.7250855 -0.285895377
vn -0.637429 0.387556225 -0.665946364
vn -0.9689629 0.191619158 -0.156182468
vn -0.610916436 0.35783872 -0.706209958
vn -0.8648617 0.0308409743 -0.501062
vn -0.9600966 0.0516035035 -0.274866551
vn -0.6338245 0.373139024 -0.6775203
vn -0.627528 -0.140457839 -0.765819967
vn -0.811248839 0.08623715 -0.578306556
vn -0.889562 -0.239387751 -0.3890667
vn -0.73809284 -0.3482862 -0.577854335
vn -0.87061733 -0.313513964 -0.379123271
vn -0.564108253 0.771597147 -0.2939724
vn -0.3580965 0.714276731 -0.6013117
vn -0.613145232 0.762131751 -0.207865834
vn -0.678741932 -0.0965411142 -0.728003561
vn -0.6657781 -0.547126532 -0.507338345
vn -0.959138155 -0.10235253 -0.2637763
vn -0.07728971 -0.0938982144 -0.992577136
vn -0.07728971 -0.0938982144 -0.992577136
vn -0.07728971 -0.0938982144 -0.992577136
vn -0.9536907 -0.1868324 -0.23572816
vn -0.9536907 -0.1868324 -0.23572816
vn -0.9536907 -0.1868324 -0.23572816
vn -0.9977477 -0.06707862 -4.04321763E-05
vn -0.9977477 -0.06707862 -4.04321763E-05
vn -0.9977477 -0.06707862 -4.04321763E-05
vn -0.92826587 0.309585631 -0.206105039
vn -0.92826587 0.309585631 -0.206105039
vn -0.92826587 0.309585631 -0.206105039
vn -0.9990198 0.0442654751 0.000121146826
vn -0.9990198 0.0442654751 0.000121146826
vn -0.9990198 0.0442654751 0.000121146826
vn -0.9260945 0.208811656 0.31423986
vn -0.9260945 0.208811656 0.31423986
vn -0.9260945 0.208811656 0.31423986
vn -0.9253087 -0.317576736 0.207240835
vn -0.9253087 -0.317576736 0.207240835
vn -0.9253087 -0.317576736 0.207240835
vn 0.0860836059 -0.0810129941 0.992988646
vn 0.0860836059 -0.0810129941 0.992988646
vn 0.0860836059 -0.0810129941 0.992988646
vn -0.08479032 -0.9911723 0.101921782
vn -0.08479032 -0.9911723 0.101921782
vn -0.08479032 -0.9911723 0.101921782
vn -0.005078334 0.997823954 0.06573869
vn -0.005078334 0.997823954 0.06573869
vn -0.005078334 0.997823954 0.06573869
vn -0.0473702848 0.09555656 0.994296253
vn -0.0473702848 0.09555656 0.994296253
vn -0.0473702848 0.09555656 0.994296253
vn 0.0401240028 0.07830055 -0.996122062
vn 0.0401240028 0.07830055 -0.996122062
vn 0.0401240028 0.07830055 -0.996122062
vn -0.06446439 0.9930126 -0.0988454
vn -0.06446439 0.9930126 -0.0988454
vn -0.06446439 0.9930126 -0.0988454
vn 0.07267969 -0.9950127 -0.0683182254
vn 0.07267969 -0.9950127 -0.0683182254
vn 0.07267969 -0.9950127 -0.0683182254
vn -0.019339975 0.934303343 -0.355953932
vn -0.0150811905 0.9994903 0.0281370338
vn -0.0230966676 0.9341795 -0.3560552
vn 0.0306656435 0.933449 0.35739702
vn 0.0255204849 0.9335414 0.357559979
vn 0.0101137534 0.9995957 -0.02657279
vn 0.0315995626 0.527115643 0.8492059
vn 0.0353234038 0.161824852 0.9861871
vn 0.0298672188 0.5271357 0.849256039
vn 0.01665435 0.273042262 0.9618579
vn 0.0152522651 0.2730837 0.961869359
vn 0.0150494194 0.620327652 0.7841984
vn -0.0160138048 -0.327816367 0.944605768
vn -0.006462227 -0.663989246 0.7477142
vn -0.0209778547 -0.327707171 0.9445464
vn 0.0137925809 -0.793156445 0.6088618
vn 0.00838371 -0.793212652 0.6088871
vn -0.004505059 -0.500310063 0.8658346
vn -0.008382568 -0.965866446 -0.258905023
vn 0.00450283 -0.793619633 -0.608397543
vn -0.0137930242 -0.9658046 -0.2589041
vn 0.020981729 -0.6641986 -0.747261643
vn 0.01601609 -0.6643218 -0.747275054
vn 0.00646841433 -0.899568737 -0.436731339
vn -0.01780856 -0.05170058 -0.9985038
vn -0.0142670935 0.334193051 -0.942396641
vn -0.02043787 -0.05175852 -0.9984505
vn 0.0209456943 0.692716062 -0.7209062
vn 0.01876817 0.6926805 -0.7210003
vn 0.0185772367 0.364296466 -0.931097746
vn 1 0 0
vn 1 0 0
vn 1 0 0
vn 1 9.317233E-06 0
vn 1 9.317233E-06 0
vn 1 1.25797058E-07 0
vn 1 1.25797058E-07 0
vn 1 0 0
vn 1 1.15303019E-05 0
vn 1 1.15303019E-05 0
vn 1 1.15303019E-05 0
vn 1 -4.96268058E-06 0
vn 1 -4.96268058E-06 0
vn 1 -4.96268058E-06 0
vn 1 3.74543083E-06 0
vn 1 3.74543083E-06 0
vn 1 0 0
vn 1 0 0
vn 1 0 0
vn 1 1.14431145E-06 0
vn 1 1.14431145E-06 0
vn 1 1.14431145E-06 0
vn 0.0474740043 -0.9962321 -0.07258055
vn -0.02229111 -0.812429547 0.5826331
vn 0.001604344 -0.87039125 0.492358118
vn -0.0148918619 -0.437322855 0.8991813
vn 0.0040425933 0.986219645 0.165391982
vn -0.00244435063 0.9119348 -0.410327941
vn 0.00191007613 0.9791251 -0.203249514
vn -0.009257749 0.6499639 -0.759908736
vn 1 -2.144784E-05 1.83133725E-05
vn 1 -2.144784E-05 1.83133725E-05
vn 1 -2.144784E-05 1.83133725E-05
vn 1 -1.75537134E-05 -2.91547644E-06
vn 0.539747238 -0.655309439 -0.528434038
vn 0.55844593 -0.828497946 -0.04158457
vn -0.15625535 -0.773592651 -0.6141162
vn -0.145649344 -0.188556835 -0.9712016
vn 0.5389618 -0.6644438 0.5177206
vn -0.154435709 -0.744104 0.6499684
vn -0.1541569 -0.9878632 0.019025201
vn 0.5695368 -0.181004986 0.8017887
vn -1 -7.027939E-05 -4.013929E-05
vn -0.99916774 -7.63874559E-05 -0.04079007
vn -1 -7.027939E-05 -4.013929E-05
vn -1 -7.027939E-05 -4.013929E-05
vn -1 8.38019041E-05 0.000120428282
vn -0.999415636 8.68847856E-05 0.0341816433
vn 1 0 0
vn 1 0 0
vn 1 0 0
vn 1 0 0
vn 1 0 0
vn 1 0 0
vn 1 0 0
vn 1 -4.11333031E-06 0
vn 1 0 0
vn 1 0 0
vn 1 0 0
vn 1 0 0
vn 1 3.27911857E-06 0
vn 1 3.27911857E-06 0
vn 1 3.27911857E-06 0
vn 1 -1.68791189E-06 0
vn 1 0 0
vn 1 0 0
vn 1 0 0
vn 1 0 0
vn 1 0 0
vn 1 0 0
vn 1 0 0
vn 1 0 0
vn -0.07296623 -0.992911756 -0.0938200057
vn -0.07296623 -0.992911756 -0.0938200057
vn -0.07296623 -0.992911756 -0.0938200057
vn -0.0367181376 -0.999325633 0
vn -0.0367181376 -0.999325633 0
vn -0.0367181376 -0.999325633 0
vn -0.0729688853 -0.9929116 -0.09381999
vn -0.0729688853 -0.9929116 -0.09381999
vn -0.0729688853 -0.9929116 -0.09381999
vn -0.0367178544 -0.9993257 0
vn -0.0367178544 -0.9993257 0
vn -0.0367178544 -0.9993257 0
vn -0.2143849 -0.972417831 -0.09188374
vn -0.2143849 -0.972417831 -0.09188374
vn -0.2143849 -0.972417831 -0.09188374
vn -0.109579809 -0.993978 0
vn -0.109579809 -0.993978 0
vn -0.109579809 -0.993978 0
vn -0.2143999 -0.972414553 -0.09188342
vn -0.2143999 -0.972414553 -0.09188342
vn -0.2143999 -0.972414553 -0.09188342
vn -0.10956879 -0.9939792 0
vn -0.10956879 -0.9939792 0
vn -0.10956879 -0.9939792 0
vn -0.0729675442 0.992911637 0.0938200057
vn -0.0729675442 0.992911637 0.0938200057
vn -0.0729675442 0.992911637 0.0938200057
vn -0.0367232338 0.9993255 0
vn -0.0367232338 0.9993255 0
vn -0.0367232338 0.9993255 0
vn -0.0729728639 0.9929113 0.09381995
vn -0.0729728639 0.9929113 0.09381995
vn -0.0729728639 0.9929113 0.09381995
vn -0.0367194749 0.999325633 0
vn -0.0367194749 0.999325633 0
vn -0.0367194749 0.999325633 0
vn -0.214381456 0.9724201 0.0918682441
vn -0.214381456 0.9724201 0.0918682441
vn -0.214381456 0.9724201 0.0918682441
vn -0.109564826 0.9939797 0
vn -0.109564826 0.9939797 0
vn -0.109564826 0.9939797 0
vn -0.214388952 0.9724184 0.09186809
vn -0.214388952 0.9724184 0.09186809
vn -0.214388952 0.9724184 0.09186809
vn -0.109563917 0.9939798 0
vn -0.109563917 0.9939798 0
vn -0.109563917 0.9939798 0
vn 1 0 0
vn 1 0 0
vn 1 0 0
vn 1 0 0
vn -1.73888857E-05 0 -1
vn -1.73888857E-05 0 -1
vn -1.73888857E-05 0 -1
vn 0 0 -1
vn 1.061222E-05 0 -1
vn 0 0 1
vn 0 0 1
vn 0 0 1
vn 9.03048749E-06 0 1
vn 0 0 1
vn -2.90646985E-05 0 1
vn 2.1415799E-05 0 1
vn 0 0 1
vn 0 0 1
vn 0 1 0
vn 0 1 0
vn 0 1 0
vn 0 1 0
vn 0 1 0
vn 0 1 0
vn 0 1 0
vn 0 1 0
vn 1 0 0
vn 1 0 0
vn 1 0 0
vn 1 0 0
vn -1.73888857E-05 0 1
vn -1.73888857E-05 0 1
vn -1.73888857E-05 0 1
vn 0 2.0366595E-05 1
vn 4.24484242E-05 0 1
vn 0 0 -1
vn 0 0 -1
vn 0 0 -1
vn 0 0 -1
vn 0 0 -1
vn 0 0 -1
vn 0 0 -1
vn 6.905151E-06 0 -1
vn 0 0 -1
vn 0 1 0
vn 0 1 0
vn 0 1 0
vn 0 1 -3.01420441E-05
vn 0 1 0
vn 0 1 0
vn 1 0 0
vn 1 0 0
vn 1 0 0
vn 1 0 0
vn 1 0 0
vn 1 0 0
vn 1 0 0
vn 1 0 0
vn 0 1 0
vn 0 1 0
vn 0 1 0
vn 0 1 0
vn 0 0 1
vn 0 0 1
vn 0 0 1
vn 0 0 1
vn 0 0 1
vn 0 0 1
vn 0 -1 0
vn 0 -1 0
vn 0 -1 0
vn 0 -1 0
vn 1 0 0
vn 1 0 0
vn 1 0 0
vn 1 0 0
vn 0 0 1
vn 0 0 1
vn 0 0 1
vn 0 0 1
vn 1 0 0
vn 1 0 0
vn 1 0 0
vn 1 0 0
vn 1 0 0
vn 1 0 0
vn 1 0 0
vn 1 0 0
vn 1 0 0
vn 1 0 0
vn 1 0 0
vn 1 0 0
vn 1 0 0
vn 1 0 0
vn 1 0 0
vn 1 0 0
vn 1 0 0
vn 1 0 0
vn 1 0 0
vn 1 0 0
vn 1 0 0
vn 1 0 0
vn 1 0 0
vn 1 0 0
vn 1 0 0
vn 1 0 0
vn 1 0 0
vn 1 0 0
vn 0 -1 0
vn 0 -1 0
vn 0 -1 0
vn 0 -1 0
vn 0 0 -1
vn 0 0 -1
vn 0 0 -1
vn 0 0 -1
vn 0 0 -1
vn 0 0 -1
vn 1 0 0
vn 1 0 0
vn 1 0 0
vn 1 0 0
vn 0 0 -1
vn 0 0 -1
vn 0 0 -1
vn 0 0 -1
vn 0 1 0
vn 0 1 0
vn 0 1 0
vn 0 1 0
vn 0 1 2.26049979E-05
vn 0 1 0
vn 0 -1 0
vn 0 -1 0
vn 0 -1 0
vn 0 -1 0
vn 0 0 -1
vn 0 0 -1
vn 0 0 -1
vn 0 0 -1
vn 0 -1 0
vn 0 -1 0
vn 0 -1 0
vn 0 -1 0
vn 0 0 1
vn 0 0 1
vn 0 0 1
vn 0 0 1
vn 0 1 0
vn 0 1 0
vn 0 1 0
vn 0 1 0
vn -1 0 0
vn -1 0 0
vn -1 0 0
vn -1 0 0
vn 0 0 -1
vn 0 0 -1
vn 0 0 -1
vn 0 0 -1
vn 0 -1 0
vn 0 -1 0
vn 0 -1 0
vn 0 -1 0
vn 0 0 1
vn 0 0 1
vn 0 0 1
vn 0 0 1
vn 0 1 0
vn 0 1 0
vn 0 1 0
vn 0 1 0
vn -1 0 0
vn -1 0 0
vn -1 0 0
vn -1 0 0
vn 0 0 -1
vn 0 0 -1
vn 0 0 -1
vn 0 0 -1
vn 0 -1 0
vn 0 -1 0
vn 0 -1 0
vn 0 -1 0
vn 0 0 1
vn 0 0 1
vn 0 0 1
vn 0 0 1
vn 0 1 0
vn 0 1 0
vn 0 1 0
vn 0 1 0
vn -1 0 0
vn -1 0 0
vn -1 0 0
vn -1 0 0
vn 1 0 0
vn 1 0 0
vn 1 0 0
vn 1 0 0
vn -1.73891876E-05 0 1
vn -1.73891876E-05 0 1
vn -1.73891876E-05 0 1
vn 0 -2.181038E-05 1
vn 4.24484242E-05 0 1
vn 0 0 -1
vn 0 0 -1
vn 0 0 -1
vn 0 0 -1
vn 0 0 -1
vn 0 0 -1
vn 0 0 -1
vn 0 0 -1
vn 0 0 -1
vn 0 -1 0
vn 0 -1 0
vn 0 -1 0
vn 0 -1 0
vn 0 -1 0
vn 0 -1 0
vn 0 -1 0
vn 0 -1 0
vn 1 0 0
vn 1 0 0
vn 1 0 0
vn 1 0 0
vn -1.73890367E-05 0 -1
vn -1.73890367E-05 0 -1
vn -1.73890367E-05 0 -1
vn 0 0 -1
vn 0 0 -1
vn 0 0 1
vn 0 0 1
vn 0 0 1
vn 0 0 1
vn 2.14158554E-05 0 1
vn -2.90642765E-05 0 1
vn 0 0 1
vn 7.891476E-06 0 1
vn -1.59181582E-05 0 1
vn 0 -1 0
vn 0 -1 0
vn 0 -1 0
vn 0 -1 1.507E-05
vn 0 -1 0
vn 0 -1 0
vn 1 0 0
vn 1 0 0
vn 1 0 0
vn 1 0 0
vn 1 0 0
vn 1 0 0
vn 1 0 0
vn 1 0 0
vn 0 -1 0
vn 0 -1 0
vn 0 -1 0
vn 0 -1 0
vn 0 0 -1
vn 0 0 -1
vn 0 0 -1
vn 0 0 -1
vn 0 0 -1
vn 0 0 -1
vn 0 1 0
vn 0 1 0
vn 0 1 0
vn 0 1 0
vn 1 0 0
vn 1 0 0
vn 1 0 0
vn 1 0 0
vn 0 0 -1
vn 0 0 -1
vn 0 0 -1
vn 0 0 -1
vn 1 0 0
vn 1 0 0
vn 1 0 0
vn 1 0 0
vn 1 0 0
vn 1 0 0
vn 1 0 0
vn 1 0 0
vn 1 0 0
vn 1 0 0
vn 1 0 0
vn 1 0 0
vn 1 0 0
vn 1 0 0
vn 1 0 0
vn 1 0 0
vn 1 0 0
vn 1 0 0
vn 1 0 0
vn 1 0 0
vn 1 0 0
vn 1 0 0
vn 1 0 0
vn 1 0 0
vn 1 0 0
vn 1 0 0
vn 1 0 0
vn 1 0 0
vn 0 1 0
vn 0 1 0
vn 0 1 0
vn 0 1 0
vn 0 0 1
vn 0 0 1
vn 0 0 1
vn 0 0 1
vn 0 0 1
vn 0 0 1
vn 1 0 0
vn 1 0 0
vn 1 0 0
vn 1 0 0
vn 0 0 1
vn 0 0 1
vn 0 0 1
vn 0 0 1
vn 0 -1 0
vn 0 -1 0
vn 0 -1 0
vn 0 -1 0
vn 0 -1 -7.535511E-06
vn 0 -1 0
vn 0 1 0
vn 0 1 0
vn 0 1 0
vn 0 1 0
vn 0 0 1
vn 0 0 1
vn 0 0 1
vn 0 0 1
vn 0 1 0
vn 0 1 0
vn 0 1 0
vn 0 1 0
vn 0 0 -1
vn 0 0 -1
vn 0 0 -1
vn 0 0 -1
vn 0 -1 0
vn 0 -1 0
vn 0 -1 0
vn 0 -1 0
vn -1 0 0
vn -1 0 0
vn -1 0 0
vn -1 0 0
vn 0 0 1
vn 0 0 1
vn 0 0 1
vn 0 0 1
vn 0 1 0
vn 0 1 0
vn 0 1 0
vn 0 1 0
vn 0 0 -1
vn 0 0 -1
vn 0 0 -1
vn 0 0 -1
vn 0 -1 0
vn 0 -1 0
vn 0 -1 0
vn 0 -1 0
vn -1 0 0
vn -1 0 0
vn -1 0 0
vn -1 0 0
vn 0 0 1
vn 0 0 1
vn 0 0 1
vn 0 0 1
vn 0 1 0
vn 0 1 0
vn 0 1 0
vn 0 1 0
vn 0 0 -1
vn 0 0 -1
vn 0 0 -1
vn 0 0 -1
vn 0 -1 0
vn 0 -1 0
vn 0 -1 0
vn 0 -1 0
vn -1 0 0
vn -1 0 0
vn -1 0 0
vn -1 0 0
vn -1 0 0
vn -1 0 0
vn -1 0 0
vn -1 0 0
vn -1 0 0
vn -1 0 0
vn -1 0 0
vn -1 0 0
vn -1 0 0
vn -1 0 0
vn -1 0 0
vn -1 0 0
vn -1 0 0
vn -1 0 0
vn -1 0 0
vn -1 0 0
vn -1 0 0
vn -1 0 0
vn -1 0 0
vn -1 0 0
vn -1 0 0
vn -1 0 0
vn -1 0 0
vn -1 0 0
vn -1 0 0
vn -1 0 0
vn -1 0 0
vn -1 0 0
vn -1 0 0
vn -1 0 0
vn -1 0 0
vn -1 0 0
vn 0 0 -1
vn 0 0 -1
vn 0 0 -1
vn 0 0 -1
vn 0 1 0
vn 0 1 0
vn 0 1 0
vn 0 1 0
vn 0 0 1
vn 0 0 1
vn 0 0 1
vn 0 0 1
vn 0 -1 0
vn 0 -1 0
vn 0 -1 0
vn 0 -1 0
vn 1 0 0
vn 1 0 0
vn 1 0 0
vn 1 0 0
vn 0 0 -1
vn 0 0 -1
vn 0 0 -1
vn 0 0 -1
vn 0 1 0
vn 0 1 0
vn 0 1 0
vn 0 1 0
vn 0 0 1
vn 0 0 1
vn 0 0 1
vn 0 0 1
vn 0 -1 0
vn 0 -1 0
vn 0 -1 0
vn 0 -1 0
vn 1 0 0
vn 1 0 0
vn 1 0 0
vn 1 0 0
vn 0 0 -1
vn 0 0 -1
vn 0 0 -1
vn 0 0 -1
vn 0 1 0
vn 0 1 0
vn 0 1 0
vn 0 1 0
vn 0 0 1
vn 0 0 1
vn 0 0 1
vn 0 0 1
vn 0 -1 0
vn 0 -1 0
vn 0 -1 0
vn 0 -1 0
vn 1 0 0
vn 1 0 0
vn 1 0 0
vn 1 0 0
vn 0 0 1
vn 0 0 1
vn 0 0 1
vn 0 0 1
vn 0 -1 0
vn 0 -1 0
vn 0 -1 0
vn 0 -1 0
vn 0 0 -1
vn 0 0 -1
vn 0 0 -1
vn 0 0 -1
vn 0 1 0
vn 0 1 0
vn 0 1 0
vn 0 1 0
vn 1 0 0
vn 1 0 0
vn 1 0 0
vn 1 0 0
vn 0 0 1
vn 0 0 1
vn 0 0 1
vn 0 0 1
vn 0 -1 0
vn 0 -1 0
vn 0 -1 0
vn 0 -1 0
vn 0 0 -1
vn 0 0 -1
vn 0 0 -1
vn 0 0 -1
vn 0 1 0
vn 0 1 0
vn 0 1 0
vn 0 1 0
vn 1 0 0
vn 1 0 0
vn 1 0 0
vn 1 0 0
vn 0 0 1
vn 0 0 1
vn 0 0 1
vn 0 0 1
vn 0 -1 0
vn 0 -1 0
vn 0 -1 0
vn 0 -1 0
vn 0 0 -1
vn 0 0 -1
vn 0 0 -1
vn 0 0 -1
vn 0 1 0
vn 0 1 0
vn 0 1 0
vn 0 1 0
vn 1 0 0
vn 1 0 0
vn 1 0 0
vn 1 0 0
vn -0.142303288 -0.989062965 0.03878441
vn -0.142303288 -0.989062965 0.03878441
vn -0.142303288 -0.989062965 0.03878441
vn -0.999975562 1.40368938E-05 0.006988093
vn -0.866012931 -0.49997288 0.00698821247
vn -0.8667949 -0.4979804 -0.026119262
vn -0.8646801 -0.498678 -0.0604037456
vn -0.498662442 -0.864689052 -0.06040345
vn -0.501379967 -0.8647333 -0.02923183
vn -0.405849278 -0.9136989 0.0209911745
vn 0.105475873 -0.9942003 0.0209911186
vn 0.0749111548 -0.9866716 0.144455791
vn -0.995021 -0.04276023 0.09002725
vn -0.995021 -0.04276023 0.09002725
vn -0.995021 -0.04276023 0.09002725
vn -0.9987349 0.0424940921 0.0268854052
vn -0.9987349 0.0424940921 0.0268854052
vn -0.9995642 0.0284937248 -0.0077222283
vn -1 -0.000124764614 1.12814887E-05
vn -0.9999999 -0.000155530783 -0.000427881721
vn -1 0 0
vn -1 0 0
vn -1 0 0
vn -1 0 0
vn -1 -5.5303E-07 0
vn -1 -5.5303E-07 0
vn -1 -5.5303E-07 0
vn -0.0523470119 -1.45624126E-05 -0.998629
vn -0.0473067239 0.0064877877 -0.998859346
vn -0.0523470119 -1.45624126E-05 -0.998629
vn -0.0473067239 0.0064877877 -0.998859346
vn -0.0473067239 0.0064877877 -0.998859346
vn -0.06111487 0.0017101086 -0.9981293
vn -0.0523566566 -1.60929318E-07 -0.9986285
vn -0.052266553 9.586801E-06 -0.998633146
vn -0.052266553 9.586801E-06 -0.998633146
vn -0.0523934737 2.57017382E-05 -0.99862653
vn -0.05227287 0 -0.998632848
vn -0.05233432 5.17064427E-06 -0.9986296
vn -0.05234658 0 -0.998629
vn -0.6338457 -0.7587794 0.14997831
vn -0.6338457 -0.7587794 0.14997831
vn -0.6338457 -0.7587794 0.14997831
vn -0.983039439 0.0702972859 0.169386283
vn -0.983039439 0.0702972859 0.169386283
vn -0.983039439 0.0702972859 0.169386283
vn -0.9995688 0.02283169 0.0184636153
vn -0.9995688 0.02283169 0.0184636153
vn -0.9995688 0.02283169 0.0184636153
vn -0.9833596 0.06798852 0.168468
vn -0.9833596 0.06798852 0.168468
vn -0.9833596 0.06798852 0.168468
vn -0.999343455 0.0238836072 0.02724465
vn -0.999343455 0.0238836072 0.02724465
vn -0.999343455 0.0238836072 0.02724465
vn -0.9907732 -0.08072609 -0.108865753
vn -0.9907732 -0.08072609 -0.108865753
vn -0.9907732 -0.08072609 -0.108865753
vn -0.9983183 -0.0550124422 -0.0182812959
vn -0.9983183 -0.0550124422 -0.0182812959
vn -0.9983183 -0.0550124422 -0.0182812959
vn -0.9764278 -0.0793206543 -0.200741246
vn -0.9764278 -0.0793206543 -0.200741246
vn -0.9764278 -0.0793206543 -0.200741246
vn -0.9988094 0 0.04878287
vn -0.9988094 0 0.04878287
vn -0.9988094 0 0.04878287
vn -0.706564069 0.701824069 -0.0906098038
vn -0.706564069 0.701824069 -0.0906098038
vn -0.706564069 0.701824069 -0.0906098038
vn -0.003657832 0.006285445 0.999973536
vn 2.2717657E-05 0 1
vn 2.2717657E-05 0 1
vn -0.003657832 0.006285445 0.999973536
vn -0.003657832 0.006285445 0.999973536
vn 0.00362889329 0.00134239148 0.9999925
vn -3.5439E-06 0 1
vn 0 0 1
vn -1.87209826E-05 0 1
vn 0 0 1
vn 0 0 1
vn -0.06834055 0.0187835712 -0.9974852
vn -0.06834055 0.0187835712 -0.9974852
vn -0.06834055 0.0187835712 -0.9974852
vn -0.06892369 0.0181279257 -0.9974572
vn -0.06892369 0.0181279257 -0.9974572
vn -0.06915732 0.0161114149 -0.9974757
vn -0.07419462 0.0111756409 -0.9971812
vn -0.07419462 0.0111756409 -0.9971812
vn -0.07419462 0.0111756409 -0.9971812
vn -0.0523365363 0 -0.9986295
vn -0.0523365363 0 -0.9986295
vn -0.0523365363 0 -0.9986295
vn -0.08619836 0.9962582 0.00628342945
vn -0.08619836 0.9962582 0.00628342945
vn -0.08619836 0.9962582 0.00628342945
vn -0.176804587 0.9756672 0.129667833
vn -0.176804587 0.9756672 0.129667833
vn -0.176804587 0.9756672 0.129667833
vn -0.0593568832 -0.475652665 -0.877628267
vn -0.05405279 -0.166387737 -0.984577835
vn -0.0601881146 -0.474858344 -0.8780017
vn -0.999378562 0.0347132236 0.006121905
vn -0.999378562 0.0347132236 0.006121905
vn -0.999378562 0.0347132236 0.006121905
vn -0.9993788 -0.034707278 -0.00612119352
vn -0.9993788 -0.034707278 -0.00612119352
vn -0.9993788 -0.034707278 -0.00612119352
vn -0.882335663 -0.0342305452 0.469374061
vn -0.5439066 -0.0342306867 0.838447332
vn -0.87914 -0.07405652 0.4707743
vn -0.495633036 0.06843286 0.8658319
vn -0.4937889 0.02573583 0.8692009
vn -0.853358567 0.0257363487 0.520688832
vn 0 1 -4.917231E-06
vn 0 1 -4.917231E-06
vn 0 1 -4.917231E-06
vn -0.156076118 -0.194238469 0.9684584
vn -0.156076118 -0.194238469 0.9684584
vn -0.156076118 -0.194238469 0.9684584
vn -0.0262886118 0.0675362051 0.9973704
vn -0.0262886118 0.0675362051 0.9973704
vn -0.0262886118 0.0675362051 0.9973704
vn -0.0743734762 0.0205687955 0.997018337
vn -0.0743734762 0.0205687955 0.997018337
vn -0.0743734762 0.0205687955 0.997018337
vn -0.07897733 0.00522682443 0.996862769
vn -0.07897733 0.00522682443 0.996862769
vn -0.07897733 0.00522682443 0.996862769
vn -0.05237054 0 0.9986277
vn -0.05237054 0 0.9986277
vn -0.06744717 0.0164949875 0.9975865
vn -0.06744717 0.0164949875 0.9975865
vn -0.06744717 0.0164949875 0.9975865
vn -0.7041791 0.7041791 -0.09090468
vn -0.7041791 0.7041791 -0.09090468
vn -0.7041791 0.7041791 -0.09090468
vn -0.116365716 0.9814315 0.152483612
vn -0.116365716 0.9814315 0.152483612
vn -0.116365716 0.9814315 0.152483612
vn -0.0318710655 -0.00203057565 0.9994899
vn -0.0318710655 -0.00203057565 0.9994899
vn -0.0318710655 -0.00203057565 0.9994899
vn 0.0318544842 0.0020305824 0.9994905
vn 0.0318544842 0.0020305824 0.9994905
vn 0.0318544842 0.0020305824 0.9994905
vn -0.00609410973 0.9997148 0.0230915248
vn 0.018529363 0.960493743 0.277684063
vn -0.0187953953 0.9995537 0.0232192
vn 0.0292299483 0.951982737 0.304753333
vn 0.016152909 0.952095747 0.3053733
vn -0.0126005877 0.998572 0.0519155525
vn -0.138006553 0.176428348 0.9745908
vn -0.138006553 0.176428348 0.9745908
vn -0.138006553 0.176428348 0.9745908
vn -0.0526694246 -2.71263361E-05 0.998612046
vn -0.0526694246 -2.71263361E-05 0.998612046
vn -0.0526694246 -2.71263361E-05 0.998612046
vn -0.0560748 0.00102892553 0.9984261
vn -0.0523397177 2.00546619E-05 0.998629332
vn -0.0523397177 2.00546619E-05 0.998629332
vn -0.0523397177 2.00546619E-05 0.998629332
vn -0.05228441 1.66575446E-05 0.998632252
vn -0.05232474 0 0.998630166
vn -0.05233432 1.25184006E-05 0.9986296
vn -0.0523805842 0 0.9986272
vn -0.8766818 -0.480977923 -0.009447963
vn -0.518703163 -0.8549145 -0.008263372
vn -0.8743449 -0.48285073 -0.0487465672
vn -0.477977 -0.876100063 0.0631396
vn -0.47698456 -0.878452 0.028423246
vn -0.852411151 -0.522099 0.028423354
vn -0.0419752374 -0.9987618 -0.0267016683
vn -0.0419752374 -0.9987618 -0.0267016683
vn -0.0419752374 -0.9987618 -0.0267016683
vn -0.0283841435 -0.999597132 0
vn -0.0283841435 -0.999597132 0
vn -0.0283841435 -0.999597132 0
vn -0.9994808 -0.032221783 0
vn -0.9994808 -0.032221783 0
vn -0.9994808 -0.032221783 0
vn -0.998678 0 0.0514021479
vn -0.998678 0 0.0514021479
vn -0.998678 0 0.0514021479
vn -0.0419800766 0.9987613 -0.0267113131
vn -0.0419800766 0.9987613 -0.0267113131
vn -0.0419800766 0.9987613 -0.0267113131
vn -0.0283895582 0.999596953 0
vn -0.0283895582 0.999596953 0
vn -0.0283895582 0.999596953 0
vn -0.8812839 0.46922797 -0.0562477224
vn -0.530267358 0.847434938 -0.0258965772
vn -0.883030355 0.468573749 -0.0263818428
vn -0.846817851 0.53116405 0.02764727
vn -0.467615366 0.8834996 0.0276467912
vn -0.4682588 0.88175863 0.056880787
vn -0.04197904 0.998761356 0.0267121866
vn -0.04197904 0.998761356 0.0267121866
vn -0.04197904 0.998761356 0.0267121866
vn -0.0283881761 0.999597 0
vn -0.0283881761 0.999597 0
vn -0.0283881761 0.999597 0
vn -0.87669903 0.480946541 0.00944822
vn -0.518734038 0.8548957 0.008264087
vn -0.874360561 0.4828213 0.0487571657
vn -0.4779943 0.876091063 -0.06313438
vn -0.4769996 0.8784441 -0.0284143481
vn -0.8524203 0.522084534 -0.028414296
vn -0.0325631052 -0.9809485 0.191519439
vn -0.0325631052 -0.9809485 0.191519439
vn -0.0325631052 -0.9809485 0.191519439
vn -0.999012232 0.000254705548 -0.0444362164
vn -0.865040839 -0.499729663 -0.0444362126
vn -0.8676715 -0.497122675 -0.003906943
vn -0.8819648 -0.468503863 0.0514027178
vn -0.52937746 -0.8473311 0.0423035659
vn -0.882369936 -0.468682 0.041959092
vn -0.499846846 -0.8658821 0.02003364
vn -0.5008887 -0.865507364 -0.00274278224
vn -0.415593117 -0.9083815 -0.04610142
vn 0.0948271 -0.9944257 -0.0461015925
vn 0.0580815151 -0.994621038 0.08576408
vn -0.126050517 -0.9866688 0.102936529
vn -0.126050517 -0.9866688 0.102936529
vn -0.126050517 -0.9866688 0.102936529
vn -0.0323034935 -0.9992178 -0.0228101853
vn -0.0323034935 -0.9992178 -0.0228101853
vn -0.0323034935 -0.9992178 -0.0228101853
vn -0.0255477279 -0.9995946 -0.0125676934
vn -0.0255477279 -0.9995946 -0.0125676934
vn -0.0255477279 -0.9995946 -0.0125676934
vn -0.00359398755 -0.7061074 -0.70809567
vn -0.00359398755 -0.7061074 -0.70809567
vn -0.00359398755 -0.7061074 -0.70809567
vn 0.0461875722 -0.72373575 -0.688529849
vn 0.0461875722 -0.72373575 -0.688529849
vn 0.0461875722 -0.72373575 -0.688529849
vn -0.883719563 0.03395807 -0.466783226
vn -0.546378732 0.03395786 -0.8368496
vn -0.8807577 0.07210945 -0.468045
vn -0.489505827 -0.07318453 -0.868923545
vn -0.4882528 -0.0342325531 -0.8720306
vn -0.849956453 -0.0342319719 -0.52573967
vn 1 0 0
vn 1 0 0
vn 1 0 0
vn 1 0 0
vn 1 0 0
vn 1 1.6322457E-07 0
vn 1 0 0
vn 1 0 0
vn 1 0 0
vn 1 0 0
vn 1 0 0
vn 1 1.90363068E-07 0
vn 1 0 0
vn 1 0 0
vn -0.000712190231 0.497019142 0.8677393
vn -0.000712183 0.174958974 0.98457545
vn -0.0055387686 0.496949822 0.8677616
vn 0 0.174596146 0.9846401
vn 0 -0.171297684 0.985219359
vn 0 -0.171297684 0.985219359
vn 0 -0.4966382 0.8679577
vn 0.00107425172 -0.497080684 0.8677037
vn 0 0 1
vn 0 0 1
vn 0 0 1
vn 0 0 1
vn 0 0 1
vn -7.780376E-06 0 1
vn 0 0 1
vn 0 0 1
vn 0 0 1
vn 0.003911526 -0.00133217243 0.9999915
vn 0.006615399 0.000924711057 0.9999777
vn -0.00367136416 -0.00716890767 0.9999676
vn 5.172369E-05 0 1
vn 0 0 1
vn -2.90069474E-05 0 1
vn 0 0 1
vn -3.981209E-05 0 1
vn 0 0 1
vn -0.000106835709 0 1
vn 0 0 1
vn -0.052299086 4.667137E-06 -0.9986315
vn -0.033857394 0.00362388743 -0.9994201
vn -0.033857394 0.00362388743 -0.9994201
vn -0.06159996 -0.00181212509 -0.998099267
vn -0.0428346172 -0.008350199 -0.9990473
vn -0.052299086 4.667137E-06 -0.9986315
vn -0.052299086 4.667137E-06 -0.9986315
vn -0.0522095524 -1.71625743E-06 -0.9986362
vn -1 0 -1.78241038E-07
vn -1 1.12840589E-05 -4.602544E-05
vn -1 1.0498203E-06 0
vn -1 -6.21277559E-06 -9.664391E-06
vn -1 -6.21277559E-06 -9.664391E-06
vn -1 -6.21277559E-06 -9.664391E-06
vn -1 6.99439E-06 -1.11933159E-05
vn -1 0 -6.996753E-07
vn -1 0 -6.95374E-07
vn -1 9.229656E-07 1.09396547E-06
vn -1 -1.0280113E-06 8.238701E-07
vn -1 0 -1.77159379E-07
vn -1 -9.803081E-07 0
vn -1 -1.74967281E-05 -7.377773E-05
vn -0.051522918 -0.165897414 -0.984796166
vn -0.0523124337 -0.165607 -0.984803438
vn -0.053545136 -0.474532545 -0.878607869
vn -0.0523297265 0.163355708 -0.9851784
vn -0.0523517169 0.163636476 -0.985130668
vn -0.0535093881 0.4750507 -0.87833
vn -0.0569670424 0.476128548 -0.877528548
vn 0 -1 0
vn 0 -1 0
vn 0 -1 0
vn 0 -1 0
vn 0 -1 3.8864102E-05
vn 0 -1 0
vn 0 -1 3.474032E-05
vn 0 -1 0
vn 0 -1 0
vn 0 -1 0
vn 0 -1 0
vn 0 -1 -3.47382047E-05
vn 0 -1 0
vn 0 -1 0
vn 0 -1 0
vn 0 -1 0
vn -1 0 6.80982976E-06
vn -0.874628544 0 -0.484793723
vn -1 -1.95428729E-05 7.405877E-06
vn -0.874612451 0 -0.48482275
vn -0.5299331 0 -0.8480395
vn -0.5299386 0 -0.848036051
vn -0.0523559861 0 -0.9986285
vn -0.05236055 0 -0.998628259
vn -1 0 0
vn -1 0 0
vn -1 0 0
vn -1 0 0
vn 0 -1 0
vn 0 -1 0
vn 0 -1 2.47119056E-06
vn 0 -1 0
vn 0 -1 -6.05476657E-07
vn 0 -1 -6.05476657E-07
vn 0 -1 -6.05476657E-07
vn 0 -1 0
vn 0 -1 0
vn 0 -1 0
vn 0 1 0
vn 0 1 0
vn 0 1 0
vn 0 1 0
vn 0 1 0
vn -0.052835688 3.75580021E-05 0.9986032
vn -0.052835688 3.75580021E-05 0.9986032
vn -0.052835688 3.75580021E-05 0.9986032
vn -0.053980682 -0.000644764339 0.9985418
vn -0.053980682 -0.000644764339 0.9985418
vn 0 0.9996839 0.0251418743
vn 0 0.9996839 0.0251418743
vn 0 0.9996839 0.0251418743
vn -0.0245444141 0.9996338 -0.011396639
vn -0.999999642 0.000810851867 -0.0001839444
vn -0.999999642 0.000810851867 -0.0001839444
vn -0.999999642 0.000810851867 -0.0001839444
vn -0.999999642 0.0004081023 -0.0007165252
vn -1 1.6647133E-06 0
vn -1 0 0
vn -1 0 0
vn -1 0 0
vn -0.999999762 -0.000359814672 -0.000629536458
vn -0.999999762 -0.0007369522 -0.000140915668
vn 0.00312516349 -0.9995719 0.0290901214
vn -0.03294845 -0.958571553 0.282939851
vn 0.0175445322 -0.9993837 0.0304046
vn -0.01620847 -0.9539442 0.299545854
vn -0.009624253 -0.7058656 0.708280444
vn -0.009624253 -0.7058656 0.708280444
vn -0.009624253 -0.7058656 0.708280444
vn 0.0314131752 -0.7001596 0.713295043
vn -0.0314608961 0.700159252 0.7132933
vn -0.0314608961 0.700159252 0.7132933
vn -0.0314608961 0.700159252 0.7132933
vn 0.009636673 0.7058624 0.7082834
vn -9.898001E-06 0 -1
vn -9.898001E-06 0 -1
vn -9.898001E-06 0 -1
vn 1.19600418E-05 0 -1
vn -2.73860987E-05 0 -1
vn 1.87209826E-05 0 -1
vn 1.87209826E-05 0 -1
vn 0 0 -1
vn 0 0 -1
vn -1 0 0
vn -1 0 0
vn -1 0 0
vn -1 0 0
vn -1 0 0
vn -1 0 0
vn -1 0 0
vn -1 0 0
vn -1 0 0
vn -1 0 0
vn -1 0 0
vn -1 0 0
vn 0 0 -1
vn 0 0 -1
vn 0 0 -1
vn 0 0 -1
vn 2.9723335E-06 0 -1
vn 0 0 -1
vn 0 0 -1
vn 0 0 -1
vn -8.506295E-06 0 -1
vn 0.707105458 -0.70710814 0
vn 0.707105458 -0.70710814 0
vn 0.707105458 -0.70710814 0
vn 0.707106769 -0.707106769 0
vn 0 1 0
vn 0 1 0
vn 0 1 -0.000108371714
vn 0 1 0
vn 0 1 9.968369E-06
vn 0 1 0
vn 0 1 0
vn 0 1 -1.3628186E-05
vn 0 1 8.391573E-06
vn 0 1 0
vn 0 1 0
vn 0 1 0
vn 0 1 0
vn 0 1 4.20053357E-06
vn 0 1 0
vn 0 1 -9.968369E-06
vn 0 1 5.41779918E-05
vn 0 1 0
vn 0 1 0
vn 0 1 0
vn 0.707105458 0.70710814 0
vn 0.707105458 0.70710814 0
vn 0.707105458 0.70710814 0
vn 0.707106769 0.707106769 0
vn -1 0 1.0177494E-05
vn -0.8746207 0 0.484807879
vn -1 1.95279736E-05 1.02221975E-05
vn -0.8746207 0 0.484807879
vn -0.529938042 0 0.8480364
vn -0.5299334 0 0.8480393
vn -0.0523559637 0 0.9986285
vn -0.05233554 0 0.99862957
vn -0.00360368774 0.0005809589 -0.9999933
vn -0.00360368774 0.0005809589 -0.9999933
vn -0.00360368774 0.0005809589 -0.9999933
vn 0.00359750283 -0.000580959 -0.9999934
vn 0.037482515 0.707954943 -0.7052623
vn 0.037482515 0.707954943 -0.7052623
vn 0.037482515 0.707954943 -0.7052623
vn 0.003758835 0.7204219 -0.6935259
vn 0.946258366 -0.0760599449 -0.314340532
vn 0.9312829 0.0522379279 -0.360532135
vn 0.935025752 -0.209104836 -0.28636
vn 0.9459831 0.314766 0.07770702
vn 0.9339159 0.288118 0.211634487
vn 0.931770444 0.359556675 -0.0502283275
vn 0.9462567 -0.036034964 0.321402818
vn 0.9312914 -0.172376975 0.320908785
vn 0.935030639 0.0985413641 0.340598434
vn 0.94784236 -0.316587061 0.03698048
vn 0.9361063 -0.337773263 -0.09805201
vn 0.9335786 -0.314023674 0.172685
vn -0.00185236719 -0.7860919 -0.618106842
vn 0.0116117345 -0.786122739 -0.617961347
vn -0.009897252 -0.9994516 0.0316017531
vn 0.03074339 -0.7956927 -0.604919851
vn -0.04378611 -0.224283442 -0.9735398
vn -0.000446077436 -0.7971033 -0.603842854
vn -0.0127336755 0.457326144 -0.8892079
vn -0.0011442306 0.457262725 -0.8893309
vn -0.0169971939 -0.221192 -0.975082159
vn -0.00407331856 0.905489 -0.424350172
vn -0.00229092082 0.9055 -0.424340069
vn -0.0445401967 0.301366776 -0.952467442
vn 0.01854252 0.8423431 -0.5386226
vn -0.0101891207 0.300436646 -0.953747332
vn -0.0125381909 -0.733872056 0.679172
vn -0.00101692486 -0.733849466 0.6793114
vn -0.0171249527 -0.125642061 0.991927862
vn -0.04297433 -0.6109618 0.790492833
vn 0.0172921829 -0.976375043 0.215389937
vn -0.01006702 -0.610573053 0.791896
vn 0.9999293 0.008443184 -0.008368896
vn 0.9999293 0.008443184 -0.008368896
vn 0.9999293 0.008443184 -0.008368896
vn 0.9998451 -0.0124955755 0.0123973936
vn 0.9998451 -0.0124955755 0.0123973936
vn 0.9998451 -0.0124955755 0.0123973936
vn 0.9998958 0.008721239 -0.0115067735
vn 0.9998958 0.008721239 -0.0115067735
vn 0.9998958 0.008721239 -0.0115067735
vn -0.4476842 0.446100354 -0.774966657
vn -0.4463383 0.447655857 -0.774846
vn -0.447615117 0.5341889 -0.7171352
vn -0.4464082 0.709526837 0.545244336
vn -0.4478708 0.70808965 0.5459128
vn -0.447644264 0.767492056 0.458879679
vn -0.4475405 -0.446839333 0.7746239
vn -0.446347415 -0.448356777 0.774435461
vn -0.4477786 -0.5347907 0.716584444
vn -0.447732925 -0.7743962 -0.447041154
vn -0.446509421 -0.774220049 -0.4485673
vn -0.447865367 -0.716370761 -0.535004258
vn -0.192642 -0.571567237 0.7976215
vn -0.192642 -0.571567237 0.7976215
vn -0.192642 -0.571567237 0.7976215
vn -0.0822155252 -0.810038269 0.5805847
vn -0.0822155252 -0.810038269 0.5805847
vn -0.0822155252 -0.810038269 0.5805847
vn -0.191414788 0.7997162 0.569047
vn -0.191414788 0.7997162 0.569047
vn -0.191414788 0.7997162 0.569047
vn -0.0786240548 0.5804058 0.810523
vn -0.0786240548 0.5804058 0.810523
vn -0.0786240548 0.5804058 0.810523
vn -0.193712026 -0.7963265 -0.5730093
vn -0.193712026 -0.7963265 -0.5730093
vn -0.193712026 -0.7963265 -0.5730093
vn -0.08560039 -0.5832869 -0.807743132
vn -0.08560039 -0.5832869 -0.807743132
vn -0.08560039 -0.5832869 -0.807743132
vn -0.1905179 0.571189761 -0.7984017
vn -0.1905179 0.571189761 -0.7984017
vn -0.1905179 0.571189761 -0.7984017
vn -0.07914183 0.810059 -0.580982864
vn -0.07914183 0.810059 -0.580982864
vn -0.07914183 0.810059 -0.580982864
vn -0.1924374 -0.8347005 -0.515987337
vn -0.1924374 -0.8347005 -0.515987337
vn -0.1924374 -0.8347005 -0.515987337
vn -0.0805218 -0.971684635 -0.222137734
vn -0.0805218 -0.971684635 -0.222137734
vn -0.0805218 -0.971684635 -0.222137734
vn -0.1917471 -0.5200395 0.832341254
vn -0.1917471 -0.5200395 0.832341254
vn -0.1917471 -0.5200395 0.832341254
vn -0.075911656 -0.216833085 0.9732527
vn -0.075911656 -0.216833085 0.9732527
vn -0.075911656 -0.216833085 0.9732527
vn -0.192843333 0.5140803 -0.8357828
vn -0.192843333 0.5140803 -0.8357828
vn -0.192843333 0.5140803 -0.8357828
vn -0.08428674 0.226020992 -0.9704691
vn -0.08428674 0.226020992 -0.9704691
vn -0.08428674 0.226020992 -0.9704691
vn -0.190768883 0.8338247 0.518018961
vn -0.190768883 0.8338247 0.518018961
vn -0.190768883 0.8338247 0.518018961
vn -0.0750518963 0.973836958 0.214496732
vn -0.0750518963 0.973836958 0.214496732
vn -0.0750518963 0.973836958 0.214496732
vn -0.879514039 0.468166 0.08529725
vn -0.8728617 0.443182945 0.204209223
vn -0.8844307 0.434130937 0.171209514
vn -0.875677466 0.331146955 0.3514694
vn -0.882306457 0.225811228 0.412970424
vn -0.883513451 0.340340525 0.321826577
vn -0.8770185 -0.161140576 0.4526282
vn -0.8826102 -0.156793341 0.443187416
vn -0.8789914 -0.122669764 0.460788637
vn -0.8763758 -0.260532767 0.405078024
vn -0.8953226 -0.407166243 0.180590734
vn -0.884435236 -0.2504266 0.393777639
vn -0.8297299 -0.5225913 -0.196078137
vn -0.8823754 -0.307801485 -0.355909944
vn -0.817529 -0.545963943 -0.183220491
vn -0.8976679 -0.282124043 -0.338523954
vn -0.8962066 -0.379752755 -0.229350254
vn -0.896555841 -0.419761956 -0.14137733
vn -0.883300066 -0.04656206 -0.4664901
vn -0.885110855 0.21693413 -0.411726028
vn -0.888271153 0.07629383 -0.452938974
vn -0.87386477 0.3822615 -0.300393969
vn -0.875229239 0.403224051 -0.267178148
vn -0.8799014 0.3745346 -0.2923992
vn 0.6327257 -0.698170841 -0.3349861
vn 0.645515263 -0.627559 -0.43529284
vn 0.622415841 -0.782402039 0.0211097579
vn 0.6360606 -0.6406316 -0.4301372
vn 0.642714441 -0.3317543 -0.6905485
vn 0.642325759 -0.5594774 -0.523834646
vn 0.6513899 -0.273233533 -0.707838058
vn 0.6478903 -0.06726044 -0.7587583
vn 0.671077669 -0.5012024 -0.5463066
vn 0.658445239 -0.296974361 -0.6915606
vn 0.6568475 0.102684319 -0.746998847
vn 0.6620553 -0.0884171352 -0.7442212
vn 0.6543456 0.145938948 -0.741979659
vn 0.661952555 0.422213525 -0.61931777
vn 0.665255 -0.0443621352 -0.745297134
vn 0.655123 0.154821843 -0.7394891
vn 0.6518756 0.513961554 -0.557585537
vn 0.656736255 0.432017118 -0.618109047
vn 0.642413139 0.4853245 -0.5930983
vn 0.6809625 0.6835249 -0.262837917
vn 0.644475639 0.401201546 -0.6509136
vn 0.6347898 0.764823258 0.109942175
vn 0.644894 0.741710067 0.184331238
vn 0.6180566 0.7285718 -0.295278251
vn 0.65144 0.721476436 0.234728828
vn 0.6567906 0.494764984 0.569063842
vn 0.6554667 0.690098047 0.306803137
vn 0.631150246 0.5791282 0.516003847
vn 0.649382651 0.446127385 0.6158511
vn 0.6205745 0.7468732 0.238888443
vn 0.634241045 0.490224868 0.597844362
vn 0.6454128 0.117326304 0.7547694
vn 0.644116163 0.34455952 0.6829298
vn 0.650742054 0.07320126 0.7557621
vn 0.6506979 -0.1823316 0.7371211
vn 0.665362 0.298287421 0.6843376
vn 0.654484 0.07041793 0.7527895
vn 0.650827169 -0.327270865 0.6850678
vn 0.6563401 -0.1879078 0.73069036
vn 0.6470077 -0.3442599 0.680342734
vn 0.6577182 -0.602486 0.452125549
vn 0.6563729 -0.204959735 0.7260621
vn 0.6473087 -0.332910746 0.685683548
vn 0.6638696 -0.6252273 0.4103267
vn 0.664360464 -0.592095256 0.456123173
vn 0.6535751 -0.6134702 0.4432763
vn 0.7015457 -0.712061644 0.02831671
vn 0.6555935 -0.5769131 0.48720476
vn -0.9999522 -0.00218039518 -0.009531071
vn -0.9990123 -0.03550659 -0.0267157629
vn -0.9999522 -0.00218039518 -0.009531071
vn -0.9990123 -0.03550659 -0.0267157629
vn -0.9985146 -0.05357735 -0.009903571
vn -0.9990068 -0.0240037218 0.03753929
vn -0.999956965 -0.008990452 0.00228847377
vn -0.9990155 -0.04340821 0.009153746
vn -0.9990155 -0.04340821 0.009153746
vn -0.9962181 -0.07934637 0.03540762
vn -0.998398066 0.0083153015 0.05596622
vn -0.998398066 0.0083153015 0.05596622
vn -0.998398066 0.0083153015 0.05596622
vn -0.9962181 -0.07934637 0.03540762
vn -0.9962181 -0.07934637 0.03540762
vn -0.995750368 -0.0768918842 0.0506841838
vn 0.391954452 -0.638179839 -0.6626449
vn 0.2662802 -0.06061304 -0.961988
vn 0.0138540808 -0.47240904 -0.8812705
vn 0.202644423 -0.0147854984 -0.9791408
vn -0.0927693248 0.467219949 -0.8792607
vn -0.0443540178 -0.427658916 -0.9028514
vn 0.328764766 -0.0936645344 -0.9397557
vn 0.332675517 0.5664024 -0.7539996
vn 0.00348463817 0.367588133 -0.9299822
vn 0.329291 0.6436793 -0.690828741
vn -0.2100875 0.8617317 -0.4618243
vn 0.05107865 0.420700282 -0.9057606
vn 0.334591866 -0.745295 0.5767006
vn -0.02460576 -0.682750642 0.730237067
vn 0.29388985 -0.212734923 0.931865156
vn 0.355227172 -0.8005855 0.482572854
vn -0.173010081 -0.9775048 0.120631278
vn 0.0337778069 -0.7284575 0.6842578
vn 0.375840157 0.4112103 0.8304519
vn 0.277475953 -0.234475449 0.9316804
vn -0.009564389 0.109665424 0.993922532
vn -0.06509238 0.07294039 0.9952099
vn 0.220928624 -0.265984416 0.938319147
vn -0.07680464 -0.741648138 0.666377664
vn 0.00676069036 -0.999355137 0.035264045
vn 0.008693736 -0.790341556 -0.612604856
vn 0.0299934447 -0.998863161 0.03705171
vn -0.0539099872 -0.8466302 -0.529444039
vn -0.03483013 -0.8486805 -0.5277578
vn -0.04340615 -0.989730954 0.1361932
vn -0.03409698 -0.764065742 -0.6442367
vn 0.21962741 -0.209047809 -0.952923357
vn 0.0216600783 -0.774962842 -0.6316356
vn -0.05994076 0.8534618 -0.517696857
vn -0.0189331621 0.851596832 -0.5238553
vn -0.111069381 0.3188271 -0.94128263
vn 0.003918495 0.9236014 -0.383334279
vn 0.00281605427 0.9554329 0.295194954
vn 0.0320269 0.922198236 -0.3853891
vn -0.0194334276 0.5572624 0.830109
vn 0.0145970713 0.959985435 0.279669166
vn -0.0618834458 0.975926936 0.209134147
vn -0.0367698632 0.9773611 0.208358437
vn -0.0109919868 0.884910643 -0.465631127
vn -0.0517065637 0.6140311 0.787586331
vn -0.0312280487 0.6161763 0.7869889
vn -0.043418 0.5067992 0.8609701
vn 0.194810539 -0.124208584 0.972944558
vn 0.009304404 0.519062936 0.8546854
vn -0.05323075 -0.9790272 0.196652651
vn -0.0113219293 -0.979258 0.2023008
vn -0.09252814 -0.6211232 0.7782317
vn 0.946244359 0.3180125 -0.0590737164
vn 0.9312732 0.357236475 0.0715002939
vn 0.935013235 0.297236443 -0.193392813
vn 0.9459807 -0.09452705 0.3101373
vn 0.9339111 -0.2268537 0.2763105
vn 0.9317783 0.0308122486 0.36171785
vn 0.9462426 -0.319044173 -0.0532522053
vn 0.9312764 -0.311218143 -0.189387351
vn 0.935017467 -0.3454411 0.0800797939
vn 0.947844565 -0.01989852 -0.318111122
vn 0.9361026 0.116061933 -0.332026333
vn 0.9335811 -0.15554443 -0.3228503
vn -0.00185705337 0.659463048 -0.751734734
vn 0.0116035854 0.6593177 -0.751774967
vn -0.00990517251 0.0221600048 -0.9997054
vn 0.0307464246 0.646820247 -0.7620225
vn -0.04377891 0.9841812 -0.1716705
vn -0.000444453239 0.645821154 -0.76348865
vn -0.0127361873 0.863325059 0.5044875
vn -0.00114631653 0.8634513 0.5044309
vn -0.0170024689 0.9855591 -0.168476358
vn -0.00407295674 0.375047326 0.9269967
vn -0.00229094434 0.375038177 0.927006543
vn -0.04453549 0.9348827 0.352151841
vn 0.0185374841 0.492543459 0.8700904
vn -0.0101907216 0.9362097 0.3512943
vn -0.0125435917 -0.638742 -0.7693187
vn -0.00102247181 -0.638882637 -0.7693035
vn -0.0171282627 -0.983740032 -0.178779662
vn -0.0429881662 -0.756527066 -0.6525479
vn 0.01727951 -0.162622288 -0.9865371
vn -0.0100758271 -0.757948637 -0.6522364
vn 0.999929368 0.007903575 0.008877477
vn 0.999929368 0.007903575 0.008877477
vn 0.999929368 0.007903575 0.008877477
vn 0.999845 -0.0117067769 -0.0131484279
vn 0.999845 -0.0117067769 -0.0131484279
vn 0.999845 -0.0117067769 -0.0131484279
vn 0.9998958 0.0110206371 0.009323505
vn 0.9998958 0.0110206371 0.009323505
vn 0.9998958 0.0110206371 0.009323505
vn -0.446418881 0.679392 0.582354546
vn -0.447779238 0.677957535 0.5829814
vn -0.4477474 0.7418473 0.499184251
vn -0.44640255 -0.582462966 0.6793097
vn -0.447859436 -0.5830948 0.677807033
vn -0.447632551 -0.499328971 0.7418192
vn -0.447607934 -0.7494974 -0.487750739
vn -0.446411729 -0.7492027 -0.489297271
vn -0.447846 -0.6867912 -0.572496235
vn -0.4478537 0.487989575 -0.749195039
vn -0.4466208 0.48950395 -0.74894315
vn -0.4479862 0.5727001 -0.686529756
vn -0.192608312 -0.7657312 -0.61364305
vn -0.192608312 -0.7657312 -0.61364305
vn -0.192608312 -0.7657312 -0.61364305
vn -0.08219809 -0.5361558 -0.8401074
vn -0.08219809 -0.5361558 -0.8401074
vn -0.08219809 -0.5361558 -0.8401074
vn -0.193053335 -0.6137257 0.7655528
vn -0.193053335 -0.6137257 0.7655528
vn -0.193053335 -0.6137257 0.7655528
vn -0.0826307759 -0.8392748 0.537391841
vn -0.0826307759 -0.8392748 0.537391841
vn -0.0826307759 -0.8392748 0.537391841
vn -0.192967311 0.6170178 -0.7629237
vn -0.192967311 0.6170178 -0.7629237
vn -0.192967311 0.6170178 -0.7629237
vn -0.0855765343 0.8379481 -0.5389987
vn -0.0855765343 0.8379481 -0.5389987
vn -0.0855765343 0.8379481 -0.5389987
vn -0.192035392 0.7642769 0.615632355
vn -0.192035392 0.7642769 0.615632355
vn -0.192035392 0.7642769 0.615632355
vn -0.08252327 0.53713125 0.8394522
vn -0.08252327 0.53713125 0.8394522
vn -0.08252327 0.53713125 0.8394522
vn -0.192411855 0.5601292 -0.805749953
vn -0.192411855 0.5601292 -0.805749953
vn -0.192411855 0.5601292 -0.805749953
vn -0.080502 0.274015546 -0.9583501
vn -0.080502 0.274015546 -0.9583501
vn -0.080502 0.274015546 -0.9583501
vn -0.19307819 -0.8045565 -0.5616135
vn -0.19307819 -0.8045565 -0.5616135
vn -0.19307819 -0.8045565 -0.5616135
vn -0.07905011 -0.959920764 -0.268892527
vn -0.07905011 -0.959920764 -0.268892527
vn -0.07905011 -0.959920764 -0.268892527
vn -0.192833021 0.806919336 0.558298
vn -0.192833021 0.806919336 0.558298
vn -0.192833021 0.806919336 0.558298
vn -0.08429686 0.9568977 0.277922541
vn -0.08429686 0.9568977 0.277922541
vn -0.08429686 0.9568977 0.277922541
vn -0.192649543 -0.56208384 0.8043307
vn -0.192649543 -0.56208384 0.8043307
vn -0.192649543 -0.56208384 0.8043307
vn -0.0797726139 -0.272026628 0.9589775
vn -0.0797726139 -0.272026628 0.9589775
vn -0.0797726139 -0.272026628 0.9589775
vn -0.8791527 -0.107255287 0.464313269
vn -0.8723468 -0.224969611 0.434050322
vn -0.8841866 -0.191365331 0.4261377
vn -0.8755003 -0.369651 0.311219066
vn -0.8822276 -0.4250327 0.202538073
vn -0.8834193 -0.340445846 0.321973652
vn -0.877444148 -0.441523552 -0.187480181
vn -0.882976651 -0.4324706 -0.182541713
vn -0.8794531 -0.451913476 -0.149453923
vn -0.876424551 -0.390428454 -0.281861156
vn -0.8953636 -0.1583993 -0.416213572
vn -0.884484 -0.379689485 -0.271153122
vn -0.8297474 0.2239184 -0.5112533
vn -0.8823863 0.371973574 -0.2881494
vn -0.8175387 0.212300926 -0.535312
vn -0.897703648 0.353211135 -0.263381928
vn -0.896241963 0.2494424 -0.3667818
vn -0.896593332 0.1637736 -0.411459178
vn -0.8831351 0.468633264 -0.0213367473
vn -0.884933531 0.399791777 0.238870531
vn -0.8881063 0.448488921 0.100622386
vn -0.874850154 0.282426536 0.393538475
vn -0.8762229 0.248141542 0.4131092
vn -0.88071847 0.2747496 0.3858079
vn 0.6327038 0.372087926 -0.679143965
vn 0.645491362 0.468415976 -0.603264
vn 0.6224098 0.0209902171 -0.7824101
vn 0.6360353 0.46398285 -0.6165866
vn 0.642686 0.7073974 -0.294182867
vn 0.642298937 0.553210855 -0.5304807
vn 0.651432753 0.7214727 -0.234760568
vn 0.6479137 0.7612581 -0.0263413675
vn 0.671129346 0.5724315 -0.471070647
vn 0.6584227 0.706543863 -0.259374768
vn 0.6568218 0.7404192 0.142704517
vn 0.6620213 0.747928143 -0.048283603
vn 0.654357 0.733038366 0.185665742
vn 0.6619577 0.5957078 0.4549113
vn 0.6652396 0.746618152 -0.004202672
vn 0.655137956 0.7300774 0.194374219
vn 0.6518947 0.529091954 0.54322654
vn 0.656764746 0.593938947 0.464646757
vn 0.642421246 0.5661553 0.5164911
vn 0.680998 0.225709617 0.696632564
vn 0.644475937 0.6284189 0.435592055
vn 0.6347483 -0.150934443 0.757834733
vn 0.644852459 -0.223964274 0.7307567
vn 0.6180513 0.255647749 0.743409
vn 0.651433766 -0.2731766 0.7078196
vn 0.656785369 -0.594840348 0.463463068
vn 0.6554434 -0.343463063 0.6726271
vn 0.631153643 -0.5464027 0.55053544
vn 0.64937675 -0.6389545 0.4123676
vn 0.620566845 -0.278713167 0.732950032
vn 0.63419944 -0.6233922 0.4573546
vn 0.6453451 -0.76004 0.07660903
vn 0.6440754 -0.7004985 0.307357758
vn 0.650744855 -0.758603454 0.0324347541
vn 0.6507061 -0.726232946 -0.221737131
vn 0.66536814 -0.699375331 0.2610737
vn 0.6544961 -0.7554761 0.02984546
vn 0.650829434 -0.6664642 -0.363657147
vn 0.6563642 -0.719494641 -0.226966023
vn 0.6470753 -0.6607995 -0.3803125
vn 0.6578111 -0.41899997 -0.6258782
vn 0.656437933 -0.7139379 -0.243684128
vn 0.647334754 -0.6667847 -0.369264
vn 0.6638993 -0.3761168 -0.6463543
vn 0.6643911 -0.423623174 -0.6157336
vn 0.6535823 -0.4096668 -0.6363988
vn 0.7015495 0.00999169052 -0.712550759
vn 0.655631065 -0.455486834 -0.60222894
vn -0.9999515 0.009712639 -0.00167414185
vn -0.9990127 0.028563913 -0.0340255946
vn -0.9999515 0.009712639 -0.00167414185
vn -0.9990127 0.028563913 -0.0340255946
vn -0.998515069 0.0127670681 -0.0529591
vn -0.998986065 -0.0356924981 -0.0274389759
vn -0.9999534 -0.001985244 -0.009447878
vn -0.999017537 -0.006945987 -0.0437693074
vn -0.999017537 -0.006945987 -0.0437693074
vn -0.9983854 -0.0565597564 0.00524342759
vn -0.9983854 -0.0565597564 0.00524342759
vn -0.9983854 -0.0565597564 0.00524342759
vn -0.9983842 -0.0559540056 0.009910413
vn -0.999948859 -0.0100227464 0.00136897061
vn -0.9983842 -0.0559540056 0.009910413
vn -0.9983842 -0.0559540056 0.009910413
vn -0.998478 -0.054600928 0.007778712
vn 0.391836256 0.6960496 -0.601647258
vn 0.2662093 0.9638757 -0.00872815
vn 0.0137724392 0.905409455 -0.424315929
vn 0.202552989 0.9785381 0.0378874131
vn -0.09279323 0.8528579 0.5138316
vn -0.044446487 0.924543262 -0.3784762
vn 0.328772515 0.943428338 -0.043030113
vn 0.3326507 0.7224411 0.6061538
vn 0.00348525331 0.908878 0.417047441
vn 0.3292186 0.6553073 0.6798437
vn -0.210125342 0.414927661 0.8852584
vn 0.0510092638 0.8818973 0.4686739
vn 0.3345123 -0.5357848 -0.7752653
vn -0.0247241538 -0.6924519 -0.7210403
vn 0.293809056 -0.919089735 -0.262584
vn 0.3550966 -0.438908875 -0.8253881
vn -0.173140347 -0.06805225 -0.9825433
vn 0.0336813331 -0.6441922 -0.7641217
vn 0.375864834 -0.8513434 0.365978271
vn 0.277522057 -0.9177018 -0.28426224
vn -0.009485446 -0.9983826 0.0560549647
vn -0.065165326 -0.9976865 0.01936907
vn 0.220800415 -0.922694 -0.316042751
vn -0.07687587 -0.62553966 -0.776395738
vn 0.00673232973 0.0185314119 -0.9998056
vn 0.008786246 0.654276252 -0.756204665
vn 0.0299728382 0.0167395025 -0.9994105
vn -0.0538853332 0.574175954 -0.8169568
vn -0.034800157 0.5726085 -0.819090068
vn -0.0433666781 -0.08280982 -0.9956214
vn -0.0340879224 0.6843892 -0.7283196
vn 0.219531626 0.9628209 -0.157422483
vn 0.0216661673 0.672389269 -0.7398806
vn -0.05994878 0.4710236 0.8800812
vn -0.0189456716 0.477282435 0.8785457
vn -0.111059129 0.922766447 0.3690095
vn 0.00388382 0.3330985 0.942884
vn 0.0027683042 -0.34621653 0.9381505
vn 0.0319917351 0.335209638 0.941600263
vn -0.0194724463 -0.858852148 0.5118534
vn 0.0145502687 -0.330900848 0.9435533
vn -0.0618539453 -0.2613212 0.963268042
vn -0.0367415175 -0.2606277 0.96474
vn -0.0109666232 0.417405337 0.9086543
vn -0.05165867 -0.819449842 0.5708181
vn -0.03118067 -0.81897366 0.5729834
vn -0.04337227 -0.8869728 0.459780633
vn 0.194869548 -0.9648497 -0.176326111
vn 0.009346441 -0.881349742 0.472372
vn -0.053195104 -0.14368242 -0.9881931
vn -0.0112784589 -0.149310708 -0.988726
vn -0.09249752 -0.743678868 -0.6621072
vn 0.9462215 -0.218257248 -0.238806859
vn 0.9312657 -0.128111616 -0.341074228
vn 0.93500036 -0.321283638 -0.150170535
vn 0.9478757 0.180540934 -0.262557834
vn 0.936120749 0.29618305 -0.189614251
vn 0.9335993 0.0766962543 -0.3500145
vn 0.951993942 0.122536458 0.280521572
vn 0.9383944 0.003215798 0.345551133
vn 0.9392394 0.24997364 0.235250041
vn 0.947856665 -0.259503484 0.185001984
vn 0.936103761 -0.34320724 0.07693234
vn 0.93358326 -0.191854969 0.302678
vn -0.00185313832 -0.98670435 -0.162515
vn 0.0116102984 -0.986661553 -0.162370533
vn -0.009898854 -0.860352337 0.509603739
vn 0.03074426 -0.9887461 -0.146410152
vn -0.04378101 -0.6658523 -0.7447979
vn -0.00044649464 -0.989463151 -0.1447846
vn -0.01273262 -0.0279939752 -0.999527
vn -0.00114318344 -0.0281086266 -0.9996042
vn -0.0169984084 -0.66386 -0.7476637
vn -0.0445432328 -0.195152462 -0.9797609
vn 0.0185373425 0.478321 -0.8779894
vn -0.0101901032 -0.196583122 -0.980434239
vn -0.00185315311 0.982783437 -0.184751868
vn 0.0116094742 0.982693851 -0.184873059
vn -0.009899677 0.6342146 -0.77309376
vn 0.02833445 0.879272938 0.475474834
vn -0.0453618653 0.371171474 0.927455664
vn -0.002748601 0.880433857 0.4741611
vn -0.0125345746 -0.3155158 0.9488375
vn -0.00101376278 -0.315431774 0.9489477
vn -0.0171202086 0.368142217 0.929611862
vn -0.0429782644 -0.154154941 0.9871115
vn 0.01728803 -0.7515634 0.6594344
vn -0.0100667626 -0.153135821 0.9881539
vn 0.9998079 0.00122495566 0.0195608921
vn 0.9998079 0.00122495566 0.0195608921
vn 0.9998079 0.00122495566 0.0195608921
vn 0.999930859 0.00372428377 0.0111555913
vn 0.999930859 0.00372428377 0.0111555913
vn 0.999930859 0.00372428377 0.0111555913
vn 0.999845 -0.001101626 -0.0175687224
vn 0.999845 -0.001101626 -0.0175687224
vn 0.999845 -0.001101626 -0.0175687224
vn -0.446404785 0.135216936 -0.8845559
vn -0.4477604 0.13650912 -0.8836718
vn -0.447729 0.03160154 -0.8936107
vn -0.447939128 0.893889844 0.01765018
vn -0.44663465 0.8945132 0.0190685634
vn -0.447978884 0.8855859 0.12268915
vn -0.447638154 -0.0178879146 0.8940359
vn -0.4464311 -0.0193561167 0.8946086
vn -0.447876275 -0.122969985 0.8855988
vn -0.447778583 -0.893959165 -0.0182028115
vn -0.446537524 -0.894549668 -0.0196236745
vn -0.4479102 -0.885544062 -0.12324021
vn -0.1910801 -0.11305818 0.9750417
vn -0.1910801 -0.11305818 0.9750417
vn -0.1910801 -0.11305818 0.9750417
vn -0.0788220838 -0.430656523 0.899067342
vn -0.0788220838 -0.430656523 0.899067342
vn -0.0788220838 -0.430656523 0.899067342
vn -0.193912238 0.9738792 0.11814142
vn -0.193912238 0.9738792 0.11814142
vn -0.193912238 0.9738792 0.11814142
vn -0.08540782 0.900714457 0.4259331
vn -0.08540782 0.900714457 0.4259331
vn -0.08540782 0.900714457 0.4259331
vn -0.19200334 -0.974194944 -0.118654676
vn -0.19200334 -0.974194944 -0.118654676
vn -0.19200334 -0.974194944 -0.118654676
vn -0.081981346 -0.898904741 -0.430406
vn -0.081981346 -0.898904741 -0.430406
vn -0.081981346 -0.898904741 -0.430406
vn -0.192802861 0.11623878 -0.9743283
vn -0.192802861 0.11623878 -0.9743283
vn -0.192802861 0.11623878 -0.9743283
vn -0.08252506 0.4288053 -0.8996197
vn -0.08252506 0.4288053 -0.8996197
vn -0.08252506 0.4288053 -0.8996197
vn -0.191377461 -0.980141759 -0.0519306473
vn -0.191377461 -0.980141759 -0.0519306473
vn -0.191377461 -0.980141759 -0.0519306473
vn -0.07591256 -0.9572447 0.2791414
vn -0.07591256 -0.9572447 0.2791414
vn -0.07591256 -0.9572447 0.2791414
vn -0.193013728 -0.0474969968 0.9800458
vn -0.193013728 -0.0474969968 0.9800458
vn -0.193013728 -0.0474969968 0.9800458
vn -0.08416242 0.2699264 0.959195733
vn -0.08416242 0.2699264 0.959195733
vn -0.08416242 0.2699264 0.959195733
vn -0.1918579 0.0496178977 -0.9801676
vn -0.1918579 0.0496178977 -0.9801676
vn -0.1918579 0.0496178977 -0.9801676
vn -0.0807542354 -0.273540944 -0.958464444
vn -0.0807542354 -0.273540944 -0.958464444
vn -0.0807542354 -0.273540944 -0.958464444
vn -0.1926055 0.9798916 0.0521117
vn -0.1926055 0.9798916 0.0521117
vn -0.1926055 0.9798916 0.0521117
vn -0.07979012 0.957865536 -0.2759117
vn -0.07979012 0.957865536 -0.2759117
vn -0.07979012 0.957865536 -0.2759117
vn -0.8791721 0.450861067 -0.1542104
vn -0.8723514 0.48737824 -0.03828149
vn -0.884217262 0.462860882 -0.06260715
vn -0.8762123 0.45977965 0.14441146
vn -0.8831194 0.3974893 0.249203563
vn -0.8833518 0.4545578 0.114310458
vn -0.8764362 0.08222859 0.474445134
vn -0.8820852 0.0814931244 0.4639877
vn -0.8784072 0.119826049 0.462647349
vn -0.8757387 -0.0366931446 0.481389076
vn -0.894507051 -0.2730534 0.353975952
vn -0.8848487 -0.0328803957 0.4647167
vn -0.832259655 -0.549082756 0.07649814
vn -0.884018064 -0.436753362 -0.166609034
vn -0.819850266 -0.5639591 0.09897319
vn -0.8973275 -0.4097821 -0.163957387
vn -0.8961312 -0.443282425 -0.02120164
vn -0.8964988 -0.436656415 0.07497404
vn -0.883122444 -0.266093582 -0.386379331
vn -0.885138035 -0.008827471 -0.465244919
vn -0.8879958 -0.151991859 -0.43400687
vn -0.874772131 0.185049921 -0.447806031
vn -0.8761375 0.219709322 -0.4290816
vn -0.8805868 0.182454765 -0.437352479
vn 0.632745564 -0.773160458 0.0430805236
vn 0.6455132 -0.7596642 -0.07888612
vn 0.6224502 -0.6752793 0.395668536
vn 0.6360549 -0.7686421 -0.06799645
vn 0.6426938 -0.623587847 -0.445065
vn 0.6423042 -0.7427166 -0.189254761
vn 0.651452363 -0.5805864 -0.488394618
vn 0.6479285 -0.424688756 -0.6323197
vn 0.67111814 -0.7024526 -0.236982852
vn 0.658423 -0.5935979 -0.462731719
vn 0.656797647 -0.270180076 -0.704002559
vn 0.66199404 -0.4362874 -0.609440148
vn 0.6543594 -0.229798228 -0.7204211
vn 0.661952555 0.07134295 -0.746142745
vn 0.665249348 -0.398168981 -0.631589055
vn 0.655146241 -0.220879078 -0.7224928
vn 0.651896238 0.181491181 -0.7362692
vn 0.656757832 0.08051482 -0.749791
vn 0.6423766 0.139274091 -0.7536279
vn 0.6809547 0.472128838 -0.559817
vn 0.6444347 0.0376979373 -0.7637295
vn 0.6347704 0.7230982 -0.272388458
vn 0.6448513 0.7387386 -0.196040943
vn 0.61804837 0.495988578 -0.6099275
vn 0.651456833 0.7452441 -0.142180383
vn 0.6568387 0.7077796 0.26002118
vn 0.6554849 0.7524993 -0.06390939
vn 0.6311364 0.7561498 0.172928676
vn 0.6493701 0.687775 0.3244751
vn 0.6205546 0.769531846 -0.15077363
vn 0.6342052 0.717739761 0.287460148
vn 0.645374537 0.466705 0.604713261
vn 0.6440891 0.6311222 0.432243
vn 0.650720239 0.42849645 0.6268604
vn 0.650687456 0.195642173 0.733709753
vn 0.6653387 0.591273 0.455763936
vn 0.654554963 0.424593538 0.6255223
vn 0.6508655 0.04351639 0.7579449
vn 0.6564095 0.187583074 0.7307114
vn 0.6470095 0.0263442788 0.7620267
vn 0.6577281 -0.309911817 0.686548233
vn 0.6563899 0.170425311 0.734920144
vn 0.64732635 0.03888362 0.7612206
vn 0.663883746 -0.3499641 0.660896063
vn 0.6643944 -0.2988504 0.6850318
vn 0.6535545 -0.323778063 0.6841304
vn 0.7015281 -0.6102088 0.3681082
vn 0.655577064 -0.2705733 0.7049886
vn -0.9999511 -0.006475421 -0.00746980077
vn -0.9999511 -0.006475421 -0.00746980077
vn -0.9999511 -0.006475421 -0.00746980077
vn 0.39187932 -0.8786195 -0.272870779
vn 0.266256154 -0.5168463 -0.8136201
vn 0.0138344681 -0.8387489 -0.544342756
vn 0.202553347 -0.484974 -0.8507481
vn -0.0928257257 -0.0145303011 -0.9955764
vn -0.04448423 -0.8098945 -0.584886432
vn 0.328753829 -0.535114348 -0.7781861
vn 0.332696438 0.132748485 -0.9336439
vn 0.00348386355 -0.126264572 -0.9919905
vn 0.329162985 0.230833381 -0.9156242
vn -0.2101874 0.532249868 -0.8200801
vn 0.0509562753 -0.0681736246 -0.9963713
vn 0.334690571 -0.3749622 0.864514649
vn -0.024464732 -0.246170148 0.9689178
vn 0.2939688 0.262888 0.9189517
vn 0.354995638 -0.468718529 0.8088764
vn -0.173242614 -0.798130155 0.5770401
vn 0.0335741937 -0.308201373 0.950728536
vn 0.375822961 0.7606359 0.529329836
vn 0.277500063 0.243693158 0.9293048
vn -0.00952422153 0.575228631 0.817937255
vn -0.06545224 0.5437624 0.836683035
vn 0.220456868 0.219424441 0.9503955
vn -0.0771884 -0.3285739 0.9413188
vn 0.006776724 -0.858551443 0.512682736
vn 0.008698975 -0.9877679 -0.155688792
vn 0.0300066341 -0.857256234 0.514015
vn -0.05391723 -0.9969887 -0.0557356961
vn -0.034832377 -0.997972369 -0.0532713868
vn -0.0435529053 -0.801471949 0.5964444
vn -0.0340635069 -0.979994535 -0.196087986
vn 0.219571009 -0.6425276 -0.73413
vn 0.0216930825 -0.983467758 -0.179779485
vn -0.0599004 0.498233616 -0.8649712
vn -0.018887952 0.493636131 -0.869463444
vn -0.111023791 -0.174412325 -0.9783936
vn 0.0039130263 0.6243794 -0.7811114
vn 0.00279179215 0.979385 -0.201983228
vn 0.03202167 0.6221618 -0.782233536
vn -0.019510366 0.8884294 0.4585984
vn 0.0145313134 0.9758956 -0.217753664
vn -0.0618951358 0.955852449 -0.2872545
vn -0.0367761329 0.9567339 -0.288631022
vn -0.0109911431 0.550813437 -0.834556043
vn -0.0516597629 0.9176484 0.394021273
vn -0.0311807115 0.9192369 0.3924682
vn -0.04329919 0.8590794 0.51000756
vn 0.194937035 0.360212028 0.9122757
vn 0.009408698 0.8668012 0.4985651
vn -0.05325492 -0.762986243 0.6442173
vn -0.0113408966 -0.7604586 0.649287462
vn -0.0925477445 -0.169063941 0.981250346
vn 0.946235359 -0.264083356 -0.186811849
vn 0.9312737 -0.197811157 -0.3059412
vn 0.935013831 -0.345864743 -0.0782737955
vn 0.9459825 0.288224548 -0.148471355
vn 0.9339163 0.356227249 -0.0300437231
vn 0.93179065 0.23780261 -0.274255663
vn 0.946251452 0.1842358 0.265829742
vn 0.9312702 0.08121952 0.3551608
vn 0.935011566 0.2982565 0.191824168
vn 0.947836 -0.214197874 0.236064121
vn 0.9360931 -0.318958819 0.148307115
vn 0.933572 -0.123018213 0.336615384
vn -0.00184974074 -0.998676836 0.05139193
vn 0.0116111729 -0.9986044 0.051521305
vn -0.00989588 -0.7320914 0.6811346
vn 0.030740276 -0.9972414 0.06756249
vn -0.0437868051 -0.8091917 -0.5859108
vn -0.000448532461 -0.997595668 0.0693013743
vn -0.0127464831 -0.24029164 -0.970617056
vn -0.00115822593 -0.240425214 -0.970667
vn -0.0170114487 -0.8079047 -0.5890675
vn -0.004072815 0.403084069 -0.9151539
vn -0.00229074038 0.403097719 -0.9151541
vn -0.0445314534 -0.3994087 -0.9156908
vn 0.01854454 0.2802824 -0.959738433
vn -0.01017953 -0.400954455 -0.916041434
vn -0.0125389062 -0.106206656 0.994265
vn -0.00101811113 -0.106098667 0.9943551
vn -0.0171239767 0.55767405 0.8298834
vn -0.04297434 0.0596461855 0.9972941
vn 0.017293103 -0.59384954 0.804390252
vn -0.010061292 0.0608646944 0.998095334
vn 0.999929368 0.00085315184 -0.0118562151
vn 0.999929368 0.00085315184 -0.0118562151
vn 0.999929368 0.00085315184 -0.0118562151
vn 0.9998451 -0.00126409461 0.0175559316
vn 0.9998451 -0.00126409461 0.0175559316
vn 0.9998451 -0.00126409461 0.0175559316
vn 0.9998958 -0.0009983507 -0.0143992547
vn 0.9998958 -0.0009983507 -0.0143992547
vn 0.9998958 -0.0009983507 -0.0143992547
vn -0.4464711 -0.0560212061 -0.8930427
vn -0.4478401 -0.05457334 -0.892446637
vn -0.4478069 -0.159188077 -0.87984556
vn -0.447835118 0.8772206 -0.172996566
vn -0.446544915 0.8781252 -0.1717376
vn -0.44786647 0.8914657 -0.06858918
vn -0.446381569 0.0555396937 0.8931175
vn -0.447899729 0.0540880859 0.8924462
vn -0.447565138 0.158728421 0.8800516
vn -0.447676748 -0.877393246 0.172530025
vn -0.446446359 -0.8782676 0.171264887
vn -0.447801054 -0.891535759 0.06810462
vn -0.192604572 0.09393695 0.976769865
vn -0.192604572 0.09393695 0.976769865
vn -0.192604572 0.09393695 0.976769865
vn -0.08223343 -0.2284113 0.970085561
vn -0.08223343 -0.2284113 0.970085561
vn -0.08223343 -0.2284113 0.970085561
vn -0.192194059 0.977083564 -0.09148342
vn -0.192194059 0.977083564 -0.09148342
vn -0.192194059 0.977083564 -0.09148342
vn -0.08179573 0.9701058 0.228482231
vn -0.08179573 0.9701058 0.228482231
vn -0.08179573 0.9701058 0.228482231
vn -0.192090735 -0.97711724 0.0913400054
vn -0.192090735 -0.97711724 0.0913400054
vn -0.192090735 -0.97711724 0.0913400054
vn -0.08270657 -0.9701625 -0.227913082
vn -0.08270657 -0.9701625 -0.227913082
vn -0.08270657 -0.9701625 -0.227913082
vn -0.192880735 -0.0937959552 -0.9767289
vn -0.192880735 -0.0937959552 -0.9767289
vn -0.192880735 -0.0937959552 -0.9767289
vn -0.0831607 0.226276681 -0.970506668
vn -0.0831607 0.226276681 -0.970506668
vn -0.0831607 0.226276681 -0.970506668
vn -0.19321014 -0.9683943 0.157741576
vn -0.19321014 -0.9683943 0.157741576
vn -0.19321014 -0.9683943 0.157741576
vn -0.0805214 -0.878068745 0.471711427
vn -0.0805214 -0.878068745 0.471711427
vn -0.0805214 -0.878068745 0.471711427
vn -0.192027777 0.160261512 0.968215644
vn -0.192027777 0.160261512 0.968215644
vn -0.192027777 0.160261512 0.968215644
vn -0.0806221962 0.471474946 0.878186464
vn -0.0806221962 0.471474946 0.878186464
vn -0.0806221962 0.471474946 0.878186464
vn -0.192083731 -0.160820231 -0.968111932
vn -0.192083731 -0.160820231 -0.968111932
vn -0.192083731 -0.160820231 -0.968111932
vn -0.0793461353 -0.476002067 -0.8758575
vn -0.0793461353 -0.476002067 -0.8758575
vn -0.0793461353 -0.476002067 -0.8758575
vn -0.192880213 0.9683619 -0.158342749
vn -0.192880213 0.9683619 -0.158342749
vn -0.192880213 0.9683619 -0.158342749
vn -0.077940926 0.8742317 -0.479212
vn -0.077940926 0.8742317 -0.479212
vn -0.077940926 0.8742317 -0.479212
vn -0.8800883 0.40906322 -0.241064012
vn -0.8733929 0.468015373 -0.134709
vn -0.884774 0.4398865 -0.153866053
vn -0.87628144 0.479876667 0.0430022255
vn -0.8830483 0.4416191 0.158740029
vn -0.883524656 0.46815455 0.0146783432
vn -0.8764211 0.182111949 0.4457817
vn -0.882117 0.179235816 0.4355963
vn -0.8783414 0.216366753 0.426265031
vn -0.8764153 0.07004847 0.476434052
vn -0.8953384 -0.188040465 0.4037449
vn -0.884477556 0.07019944 0.4612717
vn -0.827295959 -0.527817667 0.192327872
vn -0.8802209 -0.469415128 -0.06971811
vn -0.816421151 -0.5350589 0.217183277
vn -0.897595167 -0.434499145 -0.07438695
vn -0.897082 -0.435927927 0.0721863657
vn -0.897871137 -0.408319473 0.16462864
vn -0.8849179 -0.33524105 -0.323316842
vn -0.8854201 -0.0999187753 -0.453924537
vn -0.8891606 -0.233512089 -0.393529683
vn -0.873585045 0.09254406 -0.477791548
vn -0.8749355 0.130212739 -0.4664038
vn -0.879631042 0.09208602 -0.4666577
vn 0.632788062 -0.746219039 0.2067281
vn 0.645579159 -0.7589799 0.0847179145
vn 0.6224994 -0.575493336 0.5303791
vn 0.636032939 -0.7655024 0.09730481
vn 0.642677069 -0.704094052 -0.3020229
vn 0.6422829 -0.766001165 -0.0267369151
vn 0.6513741 -0.6713404 -0.3535729
vn 0.647872031 -0.5496637 -0.527381837
vn 0.6710599 -0.736858547 -0.08196423
vn 0.658442736 -0.678517938 -0.325678617
vn 0.656843245 -0.4138998 -0.6302729
vn 0.6620521 -0.5560361 -0.5025046
vn 0.654336452 -0.3779747 -0.6549649
vn 0.6619403 -0.08922474 -0.7442271
vn 0.665209949 -0.5235735 -0.5323219
vn 0.655146956 -0.369664937 -0.658885658
vn 0.65188086 0.02054941 -0.758042932
vn 0.6567637 -0.0809904 -0.7497347
vn 0.642438 -0.02443466 -0.765948057
vn 0.6809618 0.3420755 -0.64751476
vn 0.644487858 -0.125826314 -0.754190445
vn 0.63479203 0.6484606 -0.4201641
vn 0.6448981 0.6799691 -0.348924667
vn 0.6180516 0.354661435 -0.7015892
vn 0.651461959 0.6978636 -0.2976304
vn 0.6568159 0.7469395 0.103316508
vn 0.6554647 0.7216425 -0.222706288
vn 0.6311382 0.77563 0.007921692
vn 0.64938 0.741090655 0.170558721
vn 0.620579243 0.7197665 -0.3111552
vn 0.6342116 0.7624941 0.127978176
vn 0.6453607 0.584815562 0.4914268
vn 0.6440714 0.708723962 0.287893176
vn 0.650759161 0.552140057 0.521204233
vn 0.6506975 0.347414434 0.6752007
vn 0.6653794 0.674751341 0.319344461
vn 0.6545249 0.548095942 0.5207572
vn 0.6508584 0.203947 0.731292665
vn 0.6563722 0.338950545 0.674009
vn 0.6470388 0.188044548 0.738904655
vn 0.657741964 -0.156574175 0.736790359
vn 0.6564017 0.3230898 0.681725562
vn 0.6473001 0.20013158 0.735492945
vn 0.663862646 -0.201177374 0.7202875
vn 0.664358556 -0.146102011 0.7329952
vn 0.6535957 -0.17061606 0.737362146
vn 0.7015592 -0.517782569 0.48960802
vn 0.655608952 -0.114192739 0.746416032
vn -0.999954939 -0.00781179 -0.005403617
vn -0.999954939 -0.00781179 -0.005403617
vn -0.999954939 -0.00781179 -0.005403617
vn 0.391752481 -0.916628659 -0.0795108154
vn 0.2661245 -0.6783655 -0.684834242
vn 0.0136105958 -0.935442746 -0.353216231
vn 0.202426612 -0.6550867 -0.7279319
vn -0.0929384157 -0.226219013 -0.9696326
vn -0.04456072 -0.9159148 -0.398891538
vn 0.3288188 -0.6885533 -0.646353364
vn 0.3327275 -0.06913251 -0.9404856
vn 0.00351597345 -0.334649175 -0.942336261
vn 0.328968942 0.0304549187 -0.9438495
vn -0.21039094 0.345225424 -0.9146338
vn 0.0507344641 -0.2788748 -0.9589864
vn 0.334174365 -0.18218869 0.924735
vn -0.0251062978 -0.0340081528 0.999106169
vn 0.2935278 0.45248124 0.842082
vn 0.354824156 -0.2857057 0.890209
vn -0.173337817 -0.6569074 0.7337757
vn 0.03338707 -0.09865663 0.9945613
vn 0.375839859 0.8559081 0.3551983
vn 0.277431875 0.4360785 0.8560766
vn -0.009574512 0.736271739 0.6766183
vn -0.06509254 0.709480166 0.701712847
vn 0.220904782 0.4167302 0.881780565
vn -0.07682098 -0.120494664 0.989737153
vn 0.00678062858 -0.729651868 0.68378526
vn 0.008826286 -0.9982649 0.05821752
vn 0.03000705 -0.728099048 0.6848148
vn -0.0539538562 -0.9859801 0.1578995
vn -0.03486844 -0.9864157 0.160524935
vn -0.0434758626 -0.6560472 0.7534666
vn -0.0340870768 -0.9992716 0.0171571374
vn 0.219552 -0.7841619 -0.58041966
vn 0.0216692258 -0.999192655 0.0338313133
vn -0.0599917546 0.30252853 -0.9512505
vn -0.0189806949 0.297056 -0.954671443
vn -0.1110998 -0.37880668 -0.918783069
vn 0.003829643 0.443698227 -0.8961681
vn 0.00272562355 0.913905 -0.405919015
vn 0.0319436081 0.441315025 -0.896783531
vn -0.0195031185 0.965729 0.2588189
vn 0.0145245651 0.9071122 -0.420638233
vn -0.0618623644 0.8727116 -0.48430106
vn -0.03675089 0.8732855 -0.4858209
vn -0.0109620877 0.360375762 -0.9327428
vn -0.0516512655 0.9805189 0.189512238
vn -0.0311696324 0.9817396 0.18765901
vn -0.0433862433 0.9479889 0.3153325
vn 0.1948542 0.5462497 0.814642966
vn 0.009328186 0.9530917 0.302538
vn -0.0532487743 -0.6082615 0.791948557
vn -0.0113360174 -0.6047187 0.796358466
vn -0.09256126 0.0438616127 0.9947404
vn -0.9462152 0.212398782 0.2440564
vn -0.931262553 0.32425797 0.166153014
vn -0.9349882 0.112606108 0.3363286
vn -0.947854459 0.281458139 -0.149510115
vn -0.936102569 0.222175822 -0.272671878
vn -0.9335811 0.356512517 -0.0364020355
vn -0.951999247 -0.2647303 -0.153672874
vn -0.938400269 -0.342922747 -0.042530857
vn -0.9392454 -0.205240026 -0.275126576
vn -0.9478497 -0.213358551 0.236767948
vn -0.9361097 -0.115475684 0.332210779
vn -0.9335826 -0.322566479 0.156123057
vn 0.00184989348 0.0491081774 0.998791754
vn -0.01161269 0.0489715636 0.9987327
vn 0.009894814 -0.60421294 0.796761453
vn -0.0307413321 0.03282219 0.99898833
vn 0.0437935367 0.664133251 0.7463305
vn 0.0004507992 0.0311296247 0.999515235
vn 0.0127393333 0.989827335 0.141702428
vn 0.001150993 0.9898906 0.141828567
vn 0.0170054063 0.667149 0.7447302
vn 0.0445451029 0.9511585 0.3054721
vn -0.0185428634 0.926736534 -0.375253975
vn 0.0101896133 0.9516644 0.306970835
vn 0.00184481207 0.2954713 -0.955349863
vn -0.0116174119 0.295576662 -0.9552484
vn 0.009892417 0.840288043 -0.54205
vn -0.02833414 -0.3722034 -0.927718639
vn 0.0455210768 -0.8791155 -0.474430025
vn 0.00275415555 -0.370767534 -0.928721666
vn 0.0125409923 -0.978582859 0.205470815
vn 0.00102028914 -0.9786831 0.205373734
vn 0.0171290413 -0.8816475 -0.471597582
vn 0.04297596 -0.9982464 0.04070992
vn -0.0172903426 -0.7407526 0.6715554
vn 0.0100647286 -0.999165654 0.03958121
vn -0.9998079 -0.0192964952 -0.003443748
vn -0.9998079 -0.0192964952 -0.003443748
vn -0.9998079 -0.0192964952 -0.003443748
vn -0.999930859 -0.0106593547 -0.0049703517
vn -0.999930859 -0.0106593547 -0.0049703517
vn -0.999930859 -0.0106593547 -0.0049703517
vn -0.999845 0.01732883 0.0030959486
vn -0.999845 0.01732883 0.0030959486
vn -0.999845 0.01732883 0.0030959486
vn 0.447855979 0.8900841 0.08470741
vn 0.4465021 0.8908946 0.083323285
vn 0.4477812 0.893904865 -0.0206410326
vn 0.446468562 -0.0338329971 -0.8941595
vn 0.447920084 -0.03521522 -0.8933798
vn 0.447692782 0.0701429844 -0.8914321
vn 0.447597682 -0.8902882 -0.08392448
vn 0.4464014 -0.891018867 -0.08252985
vn 0.447829247 -0.893862069 0.0214378741
vn 0.446422517 0.0336107165 0.894190848
vn 0.4478253 0.0349919759 0.8934361
vn 0.447690278 -0.0703645349 0.8914159
vn 0.191859156 -0.9813973 0.00703440933
vn 0.191859156 -0.9813973 0.00703440933
vn 0.191859156 -0.9813973 0.00703440933
vn 0.08220143 -0.942267835 0.324613959
vn 0.08220143 -0.942267835 0.324613959
vn 0.08220143 -0.942267835 0.324613959
vn 0.193872869 -0.00647937832 -0.981005251
vn 0.193872869 -0.00647937832 -0.981005251
vn 0.193872869 -0.00647937832 -0.981005251
vn 0.08541838 -0.3205668 -0.9433667
vn 0.08541838 -0.3205668 -0.9433667
vn 0.08541838 -0.3205668 -0.9433667
vn 0.193717182 0.00644676434 0.981036246
vn 0.193717182 0.00644676434 0.981036246
vn 0.193717182 0.00644676434 0.981036246
vn 0.08563047 0.321167052 0.943143249
vn 0.08563047 0.321167052 0.943143249
vn 0.08563047 0.321167052 0.943143249
vn 0.192981586 0.981161058 -0.0090096
vn 0.192981586 0.981161058 -0.0090096
vn 0.192981586 0.981161058 -0.0090096
vn 0.08606565 0.943643868 -0.319576234
vn 0.08606565 0.943643868 -0.319576234
vn 0.08606565 0.943643868 -0.319576234
vn 0.192449778 -0.0622436367 0.979330838
vn 0.192449778 -0.0622436367 0.979330838
vn 0.192449778 -0.0622436367 0.979330838
vn 0.080495216 -0.381200969 0.920981169
vn 0.080495216 -0.381200969 0.920981169
vn 0.080495216 -0.381200969 0.920981169
vn 0.1938187 -0.9790812 -0.0619213469
vn 0.1938187 -0.9790812 -0.0619213469
vn 0.1938187 -0.9790812 -0.0619213469
vn 0.08415028 -0.9222197 -0.377398431
vn 0.08415028 -0.9222197 -0.377398431
vn 0.08415028 -0.9222197 -0.377398431
vn 0.193597227 0.9791228 0.0619562678
vn 0.193597227 0.9791228 0.0619562678
vn 0.193597227 0.9791228 0.0619562678
vn 0.08428639 0.9222595 0.377270728
vn 0.08428639 0.9222595 0.377270728
vn 0.08428639 0.9222595 0.377270728
vn 0.192835152 0.06440533 -0.9791152
vn 0.192835152 0.06440533 -0.9791152
vn 0.192835152 0.06440533 -0.9791152
vn 0.0829941 0.380292118 -0.9211351
vn 0.0829941 0.380292118 -0.9211351
vn 0.0829941 0.380292118 -0.9211351
vn 0.879412353 0.20342809 -0.430407822
vn 0.8725325 0.09235439 -0.479747623
vn 0.8841933 0.113822937 -0.453041375
vn 0.8762567 -0.09115027 -0.4731446
vn 0.8831531 -0.202350438 -0.423196048
vn 0.883388042 -0.06180475 -0.464549035
vn 0.876447141 -0.461905062 -0.135956675
vn 0.8820082 -0.451810926 -0.133896977
vn 0.8783994 -0.4459526 -0.171874627
vn 0.8763826 -0.4811162 -0.021927774
vn 0.8953076 -0.382923156 0.2275833
vn 0.884439647 -0.466058433 -0.0235820953
vn 0.8296601 -0.142513126 0.5397723
vn 0.882333338 0.11216858 0.4570624
vn 0.817437768 -0.166520089 0.551422358
vn 0.897732 0.1128618 0.425839633
vn 0.8962784 -0.03269363 0.442285269
vn 0.896618068 -0.127576515 0.4240286
vn 0.883176 0.353713185 0.3080375
vn 0.884977341 0.4615625 0.06144202
vn 0.8881461 0.41377005 0.199977174
vn 0.8744447 0.466388375 -0.133522838
vn 0.875929058 0.451525 -0.1699222
vn 0.8803585 0.455617577 -0.131839
vn -0.6327213 -0.130813867 0.7632506
vn -0.645506263 -0.008147894 0.7637115
vn -0.622451961 -0.469960868 0.6258517
vn -0.6360604 -0.0199644715 0.771381
vn -0.6427124 0.371163368 0.6701929
vn -0.642310143 0.103460215 0.7594299
vn -0.6514031 0.419104248 0.6324758
vn -0.647887945 0.579852343 0.493976146
vn -0.671065331 0.15545547 0.724917233
vn -0.658450961 0.392128617 0.642399848
vn -0.656847835 0.66862154 0.348563135
vn -0.6620362 0.5557685 0.502821565
vn -0.6543413 0.6895875 0.310333222
vn -0.661922753 0.7494399 0.0140785873
vn -0.665224552 0.5821452 0.46752885
vn -0.655150533 0.692651868 0.301680565
vn -0.65190357 0.7521401 -0.09647269
vn -0.656778455 0.754064441 0.005381078
vn -0.642398059 0.764567 -0.0525553152
vn -0.6809402 0.6099415 -0.405329317
vn -0.644456565 0.763036132 0.0495139174
vn -0.634752154 0.352966428 -0.6873896
vn -0.64485836 0.278931916 -0.711586058
vn -0.6180511 0.6624413 -0.4233018
vn -0.651454031 0.226105109 -0.724212766
vn -0.6568054 -0.1777428 -0.7328125
vn -0.655456841 0.149172738 -0.7403539
vn -0.6311381 -0.08565906 -0.770926237
vn -0.6493723 -0.244056717 -0.720244348
vn -0.620562255 0.2374125 -0.747353852
vn -0.6342151 -0.203856975 -0.7457972
vn -0.645359039 -0.5476383 -0.5325448
vn -0.6440729 -0.357566923 -0.6762514
vn -0.6507572 -0.573997438 -0.497033328
vn -0.6506788 -0.7066832 -0.2778775
vn -0.6653723 -0.385489225 -0.639279068
vn -0.654539347 -0.573113143 -0.493071645
vn -0.650874138 -0.748053 -0.129536152
vn -0.656382442 -0.7046123 -0.2695989
vn -0.6469616 -0.7541058 -0.112982787
vn -0.657704949 -0.717406631 0.229677975
vn -0.6563566 -0.710752368 -0.253035784
vn -0.647331059 -0.7518336 -0.125334412
vn -0.663895249 -0.69644624 0.272407442
vn -0.664405942 -0.714602232 0.218879923
vn -0.6535447 -0.7165569 0.24377358
vn -0.7015173 -0.4352091 0.5643285
vn -0.65556705 -0.731220841 0.18854171
vn 0.9968189 0.000380382262 -0.0796991438
vn 0.997813046 0.0127558531 -0.0648573
vn 0.997813046 0.0127558531 -0.0648573
vn 0.9968189 0.000380382262 -0.0796991438
vn 0.9975817 0.0294884555 -0.06293783
vn 0.9991297 0.031049693 -0.0278512836
vn 0.998828351 0.0416323021 -0.024672091
vn 0.998828351 0.0416323021 -0.024672091
vn 0.9999485 0.008068814 -0.00616178662
vn 0.998828351 0.0416323021 -0.024672091
vn 0.9990281 0.0440695062 -0.0009049098
vn 0.9999498 0.00667848159 0.00747472048
vn 0.9990124 0.00122974231 0.0444149859
vn 0.9999498 0.00667848159 0.00747472048
vn 0.9990124 0.00122974231 0.0444149859
vn 0.9985152 -0.0229236837 0.04941669
vn 0.9990071 -0.0444994159 -0.00214645662
vn 0.9999547 -0.007247193 0.00617730431
vn 0.9990156 -0.03258365 0.0301020853
vn 0.9990156 -0.03258365 0.0301020853
vn 0.996218741 -0.07478688 0.0442178734
vn 0.9983984 -0.04082186 -0.0391683839
vn 0.9983984 -0.04082186 -0.0391683839
vn 0.9983984 -0.04082186 -0.0391683839
vn 0.996218741 -0.07478688 0.0442178734
vn 0.996218741 -0.07478688 0.0442178734
vn 0.995750368 -0.08583398 0.0333731845
vn -0.3916232 0.1710856 0.9040802
vn -0.266046137 0.749451756 0.6062521
vn -0.013472301 0.445346266 0.895257056
vn -0.202558145 0.7899478 0.578751
vn 0.0928000659 0.98744303 0.127845585
vn 0.04446965 0.488797963 0.8712629
vn -0.328767747 0.7122071 0.62022
vn -0.332641155 0.9427069 -0.02556596
vn -0.00343649276 0.9711477 0.2384542
vn -0.3293436 0.9358839 -0.1251164
vn 0.210014448 0.875366151 -0.435463041
vn -0.05111843 0.982119441 0.1811858
vn -0.334492862 -0.9016574 0.274095744
vn 0.02468821 -0.990650833 0.1341695
vn -0.2938185 -0.883106 -0.365779221
vn -0.355203 -0.8568869 0.3735983
vn 0.172991186 -0.664130032 0.7273275
vn -0.03381637 -0.979616463 0.198010236
vn -0.375902236 -0.4392817 -0.81592226
vn -0.277542859 -0.8954905 -0.347946346
vn 0.00949052349 -0.7471198 -0.664621651
vn 0.06522871 -0.7693805 -0.6354517
vn -0.220767587 -0.919178963 -0.326146871
vn 0.07693127 -0.972640634 0.219207138
vn -0.006742429 -0.6070948 0.794600844
vn -0.008664929 0.0422245041 0.9990706
vn -0.0299724042 -0.6082649 0.793168
vn 0.0538693331 -0.05823319 0.9968485
vn 0.0347842574 -0.060770154 0.9975455
vn 0.0433635265 -0.6838751 0.7283094
vn 0.03404301 0.08326539 0.995945752
vn -0.21959199 0.6562182 0.7219121
vn -0.0217072852 0.0666588545 0.9975397
vn 0.05995369 0.916083 -0.396481425
vn 0.0189395957 0.920032 -0.391385138
vn 0.111075953 0.95215553 0.284713924
vn -0.003876608 0.8471169 -0.531392455
vn -0.0027740004 0.3121619 -0.9500249
vn -0.03198877 0.8479725 -0.5290741
vn 0.0194753241 -0.3544861 -0.934858441
vn -0.0145466356 0.327425271 -0.9447651
vn 0.06185423 0.394282341 -0.9169054
vn 0.03674327 0.395734936 -0.9176295
vn 0.0109629482 0.891871452 -0.452156156
vn 0.051653862 -0.286979049 -0.9565432
vn 0.0311810784 -0.28525126 -0.957945466
vn 0.0432895273 -0.408880472 -0.911560655
vn -0.19493565 -0.865335166 -0.4617306
vn -0.009416909 -0.396637 -0.917927265
vn 0.05325618 -0.72694 0.6846328
vn 0.0113468738 -0.7316847 0.681548834
vn 0.0925477743 -0.99412173 0.0561867021
vn -0.9462104 0.155484989 0.2837434
vn -0.931248248 0.2813912 0.231507465
vn -0.9349891 0.03831344 0.352601022
vn -0.9478408 0.306906521 -0.08605948
vn -0.9360976 0.275238365 -0.219009414
vn -0.9335771 0.356087059 0.04044466
vn -0.952 -0.225864574 -0.2065942
vn -0.938401461 -0.325960547 -0.114684388
vn -0.939246 -0.1418407 -0.312567
vn -0.9478456 -0.25895676 0.185822845
vn -0.936094046 -0.183726549 0.299954236
vn -0.9335729 -0.348458439 0.0837759748
vn 0.001848627 -0.165031284 0.9862866
vn -0.01161232 -0.165152326 0.986199737
vn 0.009896897 -0.7602352 0.649572551
vn -0.0307357814 -0.180907786 0.98301965
vn 0.04379298 0.489713579 0.870782852
vn 0.000451576023 -0.1826725 0.9831737
vn 0.0127377147 0.936856151 0.349482834
vn 0.00114787277 0.936891854 0.349617451
vn 0.01700234 0.493029058 0.8698467
vn 0.0445404463 0.8641426 0.5012722
vn -0.0185369626 0.985448956 -0.1689579
vn 0.01018858 0.864316046 0.5028459
vn 0.00185877457 0.49238345 -0.8703764
vn -0.0116043147 0.4924692 -0.87025255
vn 0.0099039115 0.9365613 -0.350363851
vn -0.0283328258 -0.165802091 -0.9857519
vn 0.0455221 -0.7577503 -0.650954962
vn 0.00275314949 -0.16418533 -0.986425638
vn 0.012541119 -0.999889731 -0.007952899
vn 0.00101985456 -0.9999669 -0.008069932
vn 0.0171265323 -0.760820568 -0.6487363
vn 0.04297839 -0.9839741 -0.173054487
vn -0.01729563 -0.866898358 0.49818483
vn 0.01006627 -0.984631538 -0.1743541
vn -0.999808 -0.0181091223 -0.007479094
vn -0.999808 -0.0181091223 -0.007479094
vn -0.999808 -0.0181091223 -0.007479094
vn -0.999930859 -0.00935433 -0.007128651
vn -0.999930859 -0.00935433 -0.007128651
vn -0.999930859 -0.00935433 -0.007128651
vn -0.999845147 0.0162687134 0.00671608653
vn -0.999845147 0.0162687134 0.00671608653
vn -0.999845147 0.0162687134 0.00671608653
vn 0.447745264 0.851619065 0.2725238
vn 0.44639352 0.8526904 0.271388978
vn 0.447670072 0.877802134 0.170455128
vn 0.446486831 0.157596558 -0.8808024
vn 0.4479454 0.156079814 -0.8803318
vn 0.4477173 0.258598924 -0.855964839
vn 0.446239948 -0.8810218 -0.157068655
vn 0.447758377 -0.880521357 -0.155546337
vn 0.447429568 -0.856267154 -0.258095652
vn 0.4464418 -0.158018857 0.8807495
vn 0.447844356 -0.156509429 0.8803069
vn 0.447709471 -0.259005427 0.855846047
vn 0.191862211 -0.9603206 -0.202418566
vn 0.191862211 -0.9603206 -0.202418566
vn 0.191862211 -0.9603206 -0.202418566
vn 0.082208924 -0.9898164 0.116211981
vn 0.082208924 -0.9898164 0.116211981
vn 0.082208924 -0.9898164 0.116211981
vn 0.190635875 0.20563288 -0.959881842
vn 0.190635875 0.20563288 -0.959881842
vn 0.190635875 0.20563288 -0.959881842
vn 0.07852678 -0.11669714 -0.990058243
vn 0.07852678 -0.11669714 -0.990058243
vn 0.07852678 -0.11669714 -0.990058243
vn 0.191278234 -0.208122075 0.9592173
vn 0.191278234 -0.208122075 0.9592173
vn 0.191278234 -0.208122075 0.9592173
vn 0.0786771 0.117581107 0.9899417
vn 0.0786771 0.117581107 0.9899417
vn 0.0786771 0.117581107 0.9899417
vn 0.192050636 0.9602851 0.202408224
vn 0.192050636 0.9602851 0.202408224
vn 0.192050636 0.9602851 0.202408224
vn 0.08250324 0.9899231 -0.115088955
vn 0.08250324 0.9899231 -0.115088955
vn 0.08250324 0.9899231 -0.115088955
vn 0.193205684 -0.2672598 0.9440571
vn 0.193205684 -0.2672598 0.9440571
vn 0.193205684 -0.2672598 0.9440571
vn 0.08052977 -0.568812 0.818515658
vn 0.08052977 -0.568812 0.818515658
vn 0.08052977 -0.568812 0.818515658
vn 0.1917514 -0.9449333 -0.265202761
vn 0.1917514 -0.9449333 -0.265202761
vn 0.1917514 -0.9449333 -0.265202761
vn 0.07591804 -0.8156336 -0.5735663
vn 0.07591804 -0.8156336 -0.5735663
vn 0.07591804 -0.8156336 -0.5735663
vn 0.191526338 0.944963038 0.2652594
vn 0.191526338 0.944963038 0.2652594
vn 0.191526338 0.944963038 0.2652594
vn 0.07613375 0.8157737 0.5733383
vn 0.07613375 0.8157737 0.5733383
vn 0.07613375 0.8157737 0.5733383
vn 0.191853836 0.26975897 -0.9436219
vn 0.191853836 0.26975897 -0.9436219
vn 0.191853836 0.26975897 -0.9436219
vn 0.0798148438 0.570607066 -0.8173354
vn 0.0798148438 0.570607066 -0.8173354
vn 0.0798148438 0.570607066 -0.8173354
vn 0.879131734 0.29173997 -0.376848966
vn 0.872324169 0.193830267 -0.4488657
vn 0.884161353 0.208950073 -0.417849869
vn 0.875657558 0.008270887 -0.482861757
vn 0.8823085 -0.110984519 -0.4573993
vn 0.8834946 0.0350649543 -0.467127025
vn 0.877112 -0.4238766 -0.22583887
vn 0.882736564 -0.414189845 -0.221862435
vn 0.8790903 -0.400890857 -0.2578503
vn 0.8764229 -0.465294152 -0.124033853
vn 0.8953533 -0.422553539 0.140680328
vn 0.8844698 -0.450226665 -0.122511774
vn 0.8279361 -0.252163321 0.5009346
vn 0.8803796 0.0152267208 0.474025249
vn 0.8172662 -0.27767542 0.504947841
vn 0.8973274 0.0238403454 0.4407211
vn 0.897110343 -0.121765278 0.424695522
vn 0.898184538 -0.2102714 0.3860706
vn 0.884386957 0.2821474 0.371823251
vn 0.8853908 0.438918263 0.1530816
vn 0.888741 0.363771975 0.2789433
vn 0.8746455 0.483822554 -0.0301832519
vn 0.876088262 0.477201164 -0.0689084157
vn 0.880556464 0.4729341 -0.030880399
vn -0.6327159 -0.29058975 0.717794061
vn -0.6455055 -0.170845553 0.7444021
vn -0.622438431 -0.5926328 0.511230767
vn -0.6361063 -0.1840034 0.7493408
vn -0.6427477 0.219688848 0.7339021
vn -0.642355 -0.0608667657 0.7639864
vn -0.65143615 0.274585247 0.7072722
vn -0.6479194 0.461174369 0.606233239
vn -0.671111941 -0.00270711933 0.7413511
vn -0.6584319 0.246090025 0.711271465
vn -0.6568336 0.5789041 0.483155966
vn -0.6620069 0.435751528 0.609809339
vn -0.6543653 0.607507646 0.450267226
vn -0.6619443 0.729174435 0.173592716
vn -0.665241063 0.469052374 0.580899537
vn -0.655186951 0.6123316 0.442470372
vn -0.6519148 0.7554053 0.06610589
vn -0.6568 0.735558 0.1660372
vn -0.6423934 0.7581896 0.111710735
vn -0.6809457 0.682349563 -0.265917361
vn -0.644459844 0.734921336 0.2110974
vn -0.634758651 0.491449982 -0.596287251
vn -0.6448655 0.424276322 -0.6357186
vn -0.6180229 0.7375015 -0.272285074
vn -0.6514345 0.375374764 -0.6593383
vn -0.656793654 -0.0173972975 -0.7538697
vn -0.65543735 0.303653 -0.6915177
vn -0.6311807 0.0806933 -0.7714269
vn -0.649403 -0.08485627 -0.755695164
vn -0.6206052 0.391315341 -0.679500937
vn -0.634180963 -0.0401291437 -0.7721426
vn -0.6453461 -0.421482116 -0.6370882
vn -0.6440602 -0.20513694 -0.7369568
vn -0.650782466 -0.454761565 -0.6080083
vn -0.650732636 -0.631126463 -0.422168851
vn -0.6653898 -0.240255311 -0.7067771
vn -0.6544974 -0.454786777 -0.6039885
vn -0.6508383 -0.703243256 -0.2861092
vn -0.656360567 -0.6309203 -0.4136791
vn -0.647052169 -0.7126053 -0.271140456
vn -0.6577662 -0.74982816 0.0714240149
vn -0.656421 -0.6403862 -0.3987693
vn -0.64732 -0.7078257 -0.2827713
vn -0.663881 -0.7385282 0.117635392
vn -0.66439116 -0.744853556 0.06146272
vn -0.653576255 -0.752035439 0.08532773
vn -0.701555133 -0.5455204 0.458506227
vn -0.655595243 -0.7545845 0.0282328222
vn 0.996818244 0.0173687767 -0.07779264
vn 0.997813046 0.0262979735 -0.0606427342
vn 0.997813046 0.0262979735 -0.0606427342
vn 0.996818244 0.0173687767 -0.07779264
vn 0.997581 0.0422377251 -0.05521015
vn 0.9991258 0.0362983271 -0.0207389463
vn 0.998820662 0.04609197 -0.015257664
vn 0.998820662 0.04609197 -0.015257664
vn 0.99995 0.009010918 -0.00433819368
vn 0.998820662 0.04609197 -0.015257664
vn 0.9990292 0.04347344 0.00711859
vn 0.999955535 0.004319222 0.008379926
vn 0.9990127 -0.008261434 0.0436510928
vn 0.999955535 0.004319222 0.008379926
vn 0.9990127 -0.008261434 0.0436510928
vn 0.998515069 -0.0329385661 0.04339107
vn 0.999007046 -0.0430196561 -0.0115846321
vn 0.999954939 -0.008377126 0.0044738045
vn 0.99901545 -0.0382577255 0.0224594083
vn 0.99901545 -0.0382577255 0.0224594083
vn 0.9962182 -0.08250233 0.0272527914
vn 0.9983986 -0.0315296538 -0.0469695777
vn 0.9983986 -0.0315296538 -0.0469695777
vn 0.9983986 -0.0315296538 -0.0469695777
vn 0.9962182 -0.08250233 0.0272527914
vn 0.9962182 -0.08250233 0.0272527914
vn 0.9957505 -0.0909755453 0.0142991906
vn -0.391929954 -0.0256078225 0.919638634
vn -0.2662988 0.6029575 0.7520154
vn -0.0138474489 0.2441682 0.969634
vn -0.202613488 0.648388743 0.733852744
vn 0.09277585 0.9374795 0.335447282
vn 0.0444782972 0.29177165 0.9554533
vn -0.3287547 0.563556552 0.7578419
vn -0.3326508 0.9264696 0.176061
vn -0.00343878916 0.8979582 0.4400673
vn -0.329316348 0.9410433 0.0773839355
vn 0.210037827 0.948091567 -0.238760233
vn -0.05112282 0.9208799 0.386479855
vn -0.3344947 -0.9393689 0.07549413
vn 0.0247077886 -0.9964769 -0.08014592
vn -0.293822438 -0.784781933 -0.5456975
vn -0.3551257 -0.9168841 0.182234228
vn 0.173113883 -0.8039792 0.568901539
vn -0.03367594 -0.999313056 -0.0154697895
vn -0.375911534 -0.2551388 -0.890839338
vn -0.277509183 -0.8007092 -0.5308987
vn 0.009450686 -0.5881772 -0.8086769
vn 0.0651536 -0.6161476 -0.7849313
vn -0.220826 -0.8284649 -0.5146667
vn 0.07686867 -0.997018754 0.0066977446
vn -0.00686860457 -0.7625427 0.646901369
vn -0.00890944153 -0.171750247 0.9851002
vn -0.0300973933 -0.7633997 0.64522475
vn 0.0540127 -0.269426882 0.961505
vn 0.03493122 -0.27209568 0.961635947
vn 0.0435023829 -0.823465645 0.565696
vn 0.0341000073 -0.13108699 0.9907842
vn -0.219524533 0.487142235 0.845281839
vn -0.0216565449 -0.1476445 0.9888034
vn 0.0599545166 0.9795629 -0.191994935
vn 0.0189446267 0.9823344 -0.186172664
vn 0.111068308 0.869556 0.481182069
vn -0.00393163 0.9409559 -0.33850643
vn -0.00282305852 0.5075972 -0.8615899
vn -0.0320443064 0.941302 -0.336041272
vn 0.0194331575 -0.146954179 -0.9889524
vn -0.0145962387 0.5213846 -0.853197
vn 0.0618609935 0.580691457 -0.8117701
vn 0.03674644 0.5822732 -0.81216234
vn 0.0109632807 0.9677755 -0.251575828
vn 0.0516854264 -0.07634771 -0.9957408
vn 0.03121266 -0.07435101 -0.99674356
vn 0.0432758927 -0.2050518 -0.977793932
vn -0.194970489 -0.7469351 -0.6356685
vn -0.009435847 -0.191726789 -0.981403
vn 0.05322176 -0.856206536 0.5138851
vn 0.0113026565 -0.8601811 0.509863555
vn 0.0925300941 -0.9832424 -0.157075226
vn -0.946230352 0.26019752 0.1922118
vn -0.931267738 0.35254553 0.09193503
vn -0.9350083 0.182772115 0.3038978
vn -0.945977032 0.0506118163 -0.320259184
vn -0.9339172 -0.08316365 -0.3476816
vn -0.931777537 0.185866579 -0.3118401
vn -0.946238935 -0.310227066 -0.09160236
vn -0.9312676 -0.362726867 0.0342030227
vn -0.935008 -0.27567926 -0.223071784
vn -0.947873831 -0.156969145 0.277301133
vn -0.9361186 -0.0407465361 0.349316061
vn -0.933603168 -0.281074733 0.222220942
vn 0.00184928649 0.264289677 0.9644416
vn -0.011611416 0.264143467 0.9644135
vn 0.009895151 -0.4172384 0.9087432
vn -0.0307500344 0.248481691 0.9681484
vn 0.0437832251 0.8100564 0.584715068
vn 0.0004412923 0.246941254 0.9690304
vn 0.0127363279 0.997013569 -0.07616934
vn 0.00114603271 0.997102261 -0.07606417
vn 0.0169999767 0.812687337 0.582452059
vn 0.00407220377 0.7426409 -0.669677436
vn 0.0022912235 0.7426347 -0.6696928
vn 0.04453342 0.994748354 0.0921546146
vn -0.0185421258 0.823458 -0.5670741
vn 0.0101863248 0.9955666 0.0935060456
vn 0.0125414925 -0.910847247 0.412553132
vn 0.00102068856 -0.9109674 0.4124771
vn 0.0171298031 -0.962864339 -0.2694416
vn 0.04298241 -0.965716541 0.256015658
vn -0.0172916 -0.5776645 0.8160912
vn 0.010066919 -0.9668592 0.255111635
vn -0.9999293 0.0109954355 -0.004529625
vn -0.9999293 0.0109954355 -0.004529625
vn -0.9999293 0.0109954355 -0.004529625
vn -0.9998451 -0.0162740313 0.00670423172
vn -0.9998451 -0.0162740313 0.00670423172
vn -0.9998451 -0.0162740313 0.00670423172
vn -0.99989593 0.0139802555 -0.003571897
vn -0.99989593 0.0139802555 -0.003571897
vn -0.99989593 0.0139802555 -0.003571897
vn 0.44790706 0.8872646 -0.110185057
vn 0.4465505 0.887762845 -0.111668319
vn 0.4478314 0.8681766 -0.213814169
vn 0.446397752 -0.226843625 -0.8656044
vn 0.447850376 -0.228023022 -0.864543557
vn 0.447621942 -0.124699265 -0.8854856
vn 0.4476972 -0.88727057 0.11098738
vn 0.4464938 -0.8876917 0.112458155
vn 0.4479279 -0.8679406 0.2145686
vn 0.4464656 0.226413935 0.865681946
vn 0.447864681 0.227598041 0.8646481
vn 0.447730839 0.124258131 0.8854925
vn 0.1918524 -0.95656693 0.21948202
vn 0.1918524 -0.95656693 0.21948202
vn 0.1918524 -0.95656693 0.21948202
vn 0.08218612 -0.849552 0.521063268
vn 0.08218612 -0.849552 0.521063268
vn 0.08218612 -0.849552 0.521063268
vn 0.193068489 -0.217174709 -0.95684886
vn 0.193068489 -0.217174709 -0.95684886
vn 0.193068489 -0.217174709 -0.95684886
vn 0.08259729 -0.519855559 -0.8502517
vn 0.08259729 -0.519855559 -0.8502517
vn 0.08259729 -0.519855559 -0.8502517
vn 0.19371745 0.218834177 0.9563395
vn 0.19371745 0.218834177 0.9563395
vn 0.19371745 0.218834177 0.9563395
vn 0.08556601 0.517834842 0.8511906
vn 0.08556601 0.517834842 0.8511906
vn 0.08556601 0.517834842 0.8511906
vn 0.192988157 0.9559116 -0.221333817
vn 0.192988157 0.9559116 -0.221333817
vn 0.192988157 0.9559116 -0.221333817
vn 0.08606008 0.852007151 -0.5164083
vn 0.08606008 0.852007151 -0.5164083
vn 0.08606008 0.852007151 -0.5164083
vn 0.192427516 0.151398152 0.969561934
vn 0.192427516 0.151398152 0.969561934
vn 0.192427516 0.151398152 0.969561934
vn 0.080512 -0.172601059 0.981695831
vn 0.080512 -0.172601059 0.981695831
vn 0.080512 -0.172601059 0.981695831
vn 0.193061873 -0.969147742 0.153231174
vn 0.193061873 -0.969147742 0.153231174
vn 0.193061873 -0.969147742 0.153231174
vn 0.07905295 -0.980856657 -0.1779631
vn 0.07905295 -0.980856657 -0.1779631
vn 0.07905295 -0.980856657 -0.1779631
vn 0.19360131 0.96929 -0.1516425
vn 0.19360131 0.96929 -0.1516425
vn 0.19360131 0.96929 -0.1516425
vn 0.08430645 0.982089162 0.168503165
vn 0.08430645 0.982089162 0.168503165
vn 0.08430645 0.982089162 0.168503165
vn 0.192850679 -0.1492279 -0.969814241
vn 0.192850679 -0.1492279 -0.969814241
vn 0.192850679 -0.1492279 -0.969814241
vn 0.08299863 0.171760067 -0.9816363
vn 0.08299863 0.171760067 -0.9816363
vn 0.08299863 0.171760067 -0.9816363
vn 0.8794511 0.105283044 -0.4641997
vn 0.8725723 -0.0138463173 -0.4882887
vn 0.8842339 0.0129354112 -0.4668652
vn 0.8754724 -0.196226239 -0.441637158
vn 0.882214367 -0.29357025 -0.3681228
vn 0.883385539 -0.1652953 -0.438528746
vn 0.877688646 -0.4786075 -0.0244449228
vn 0.8831924 -0.468334228 -0.0251844153
vn 0.8796431 -0.471401244 -0.06331594
vn 0.8763853 -0.474438548 0.082806766
vn 0.89532125 -0.32451883 0.305102319
vn 0.884433448 -0.460118353 0.07790108
vn 0.829779565 -0.02218494 0.5576502
vn 0.8824247 0.208512843 0.421721578
vn 0.8175623 -0.0431690328 0.5742198
vn 0.897736132 0.202419445 0.391275048
vn 0.896287441 0.06391955 0.438842863
vn 0.8966294 -0.03265918 0.441575766
vn 0.883212 0.4119289 0.224167883
vn 0.8850327 0.463816524 -0.0398925
vn 0.888182163 0.447171539 0.105688535
vn 0.8748275 0.425867021 -0.230898559
vn 0.8762398 0.403444022 -0.263508558
vn 0.8807473 0.415416658 -0.227405429
vn -0.6327003 0.0376151726 0.7734826
vn -0.645498037 0.157418951 0.7473631
vn -0.6224145 -0.3232878 0.712801
vn -0.6360606 0.1476509 0.7573811
vn -0.64271307 0.5075606 0.5738486
vn -0.642325759 0.265507042 0.718974054
vn -0.651398063 0.546199441 0.526637137
vn -0.647897959 0.673103034 0.356595784
vn -0.671082854 0.308823973 0.673999667
vn -0.6584538 0.5219688 0.5422059
vn -0.656831443 0.7282654 0.195453271
vn -0.6620418 0.6514911 0.37048623
vn -0.65434283 0.740437 0.15358597
vn -0.6619267 0.734693348 -0.148589432
vn -0.6652384 0.6696205 0.330251843
vn -0.6551601 0.7415486 0.144467831
vn -0.651888549 0.71337986 -0.257158458
vn -0.65675807 0.737332344 -0.15814504
vn -0.6424065 0.735015154 -0.216948435
vn -0.6809609 0.507628143 -0.527831435
vn -0.64445585 0.755638957 -0.116989233
vn -0.634774148 0.19565025 -0.7475177
vn -0.644877851 0.118130364 -0.755101144
vn -0.618044853 0.555002749 -0.5567698
vn -0.6514565 0.0638473 -0.755994737
vn -0.6568066 -0.332285047 -0.676898658
vn -0.6554672 -0.0147517407 -0.755079567
vn -0.6311528 -0.250678 -0.7340345
vn -0.649395168 -0.394289553 -0.650247455
vn -0.620556056 0.0698678941 -0.7810433
vn -0.6342204 -0.360613644 -0.683902264
vn -0.645397 -0.650001347 -0.401199371
vn -0.644102633 -0.495550841 -0.58271873
vn -0.650780439 -0.667997837 -0.3609207
vn -0.6507375 -0.750042856 -0.118222021
vn -0.6653867 -0.514765561 -0.540626466
vn -0.6545009 -0.666353166 -0.357214421
vn -0.6508371 -0.7583827 0.0355917849
vn -0.6563493 -0.7463113 -0.110566586
vn -0.6470064 -0.760635436 0.0530700721
vn -0.657731533 -0.650581956 0.379647762
vn -0.6563853 -0.7486657 -0.09304905
vn -0.647337735 -0.7611252 0.04052484
vn -0.6638981 -0.6208858 0.416821539
vn -0.664409459 -0.650206864 0.3684986
vn -0.6535688 -0.646704733 0.393218577
vn -0.7015314 -0.302591741 0.645206869
vn -0.6556164 -0.672971964 0.342455566
vn 0.9968194 -0.0168874916 -0.0778844357
vn 0.9978135 -0.00159555336 -0.0660731643
vn 0.9978135 -0.00159555336 -0.0660731643
vn 0.9968194 -0.0168874916 -0.0778844357
vn 0.9975822 0.0151500329 -0.06782486
vn 0.999129832 0.024276033 -0.033914756
vn 0.9988286 0.03529511 -0.03310052
vn 0.9988286 0.03529511 -0.03310052
vn 0.999948442 0.00654111942 -0.00776793668
vn 0.9988286 0.03529511 -0.03310052
vn 0.9990281 0.04282671 -0.0104268277
vn 0.999951363 0.008009406 0.00575712044
vn 0.9990125 0.0108324438 0.04309001
vn 0.999951363 0.008009406 0.00575712044
vn 0.9990125 0.0108324438 0.04309001
vn 0.9985147 -0.0116800023 0.05321688
vn 0.999007 -0.04391106 0.007544043
vn 0.9999547 -0.005739558 0.0075965533
vn 0.9990152 -0.0252957325 0.0364519581
vn 0.9990152 -0.0252957325 0.0364519581
vn 0.996218 -0.06343924 0.0593732037
vn 0.9983986 -0.0483374223 -0.0293906573
vn 0.9983986 -0.0483374223 -0.0293906573
vn 0.9983986 -0.0483374223 -0.0293906573
vn 0.996218 -0.06343924 0.0593732037
vn 0.996218 -0.06343924 0.0593732037
vn 0.9957503 -0.07656383 0.05117951
vn -0.391835868 0.362843484 0.845463932
vn -0.2662093 0.863001466 0.429372966
vn -0.0137594342 0.628709435 0.7775186
vn -0.202581823 0.896578133 0.393837839
vn 0.0928198546 0.9916852 -0.08913446
vn 0.044433713 0.6659134 0.7447046
vn -0.328704059 0.8296893 0.451186478
vn -0.332549155 0.9148207 -0.229159877
vn -0.0033374636 0.99974376 0.02239079
vn -0.329337627 0.8865709 -0.324852049
vn 0.209999353 0.760246933 -0.6147559
vn -0.051121708 0.9980483 -0.03586271
vn -0.334505171 -0.820848763 0.462940276
vn 0.024677977 -0.9380489 0.345623016
vn -0.293861 -0.941362262 -0.165779635
vn -0.355062276 -0.755669 0.5503592
vn 0.173179835 -0.4908407 0.8538643
vn -0.0336646475 -0.913468242 0.405515045
vn -0.375833273 -0.6056316 -0.701398432
vn -0.27748993 -0.949616849 -0.145695612
vn 0.009537302 -0.8733423 -0.487013727
vn 0.06516227 -0.888768137 -0.453701466
vn -0.220793948 -0.9680017 -0.119258925
vn 0.07689389 -0.902073145 0.424677968
vn -0.00681702 -0.42056933 0.9072348
vn -0.008761839 0.257608 0.966209769
vn -0.0300508924 -0.422047168 0.9060757
vn 0.0539220273 0.159135014 0.9857832
vn 0.03484142 0.156774759 0.987019658
vn 0.04341606 -0.5098413 0.8591722
vn 0.0340410881 0.2970078 0.9542681
vn -0.219581977 0.7970392 0.562594235
vn -0.0217134058 0.281151265 0.95941776
vn 0.0600035451 0.808429956 -0.585526
vn 0.0189953633 0.81339705 -0.581398666
vn 0.111111253 0.991222858 0.0716353655
vn -0.00393562345 0.711872041 -0.702298164
vn -0.00281717675 0.098941505 -0.9950893
vn -0.03204428 0.7132261 -0.7002013
vn 0.0194784589 -0.5485899 -0.835864663
vn -0.0145510286 0.114979349 -0.9932613
vn 0.0619008243 0.1862186 -0.9805564
vn 0.0367908627 0.187503055 -0.9815748
vn 0.011007864 0.7727016 -0.634673953
vn 0.0517134219 -0.487363935 -0.8716663
vn 0.0312371757 -0.4859715 -0.873416245
vn 0.04339758 -0.5966274 -0.8013441
vn -0.194829389 -0.944828749 -0.263325155
vn -0.009312288 -0.586080134 -0.8101996
vn 0.0533379577 -0.5613025 0.8258902
vn 0.0114224711 -0.566628635 0.823894143
vn 0.0926405862 -0.9583193 0.270262629
vn -0.9462297 -0.318507344 -0.05658989
vn -0.93126744 -0.356686473 0.07426776
vn -0.935001969 -0.298785925 -0.1910453
vn -0.94783324 -0.125242963 0.293131977
vn -0.936090469 -0.00177549233 0.351755
vn -0.9335693 -0.25464198 0.252202034
vn -0.9519873 0.302572668 -0.0465825424
vn -0.938392341 0.29366225 -0.182160035
vn -0.939235747 0.332515568 0.08526211
vn -0.9478339 0.0174262337 -0.318288058
vn -0.936091363 -0.118637353 -0.331146777
vn -0.9335706 0.15303047 -0.324079543
vn 0.00185444206 -0.665305 -0.7465694
vn -0.0116083268 -0.665161848 -0.746609
vn 0.009900417 -0.0299077779 -0.9995036
vn -0.0307343379 -0.6527565 -0.75694406
vn 0.04378623 -0.985492647 -0.163972542
vn 0.0004495848 -0.6517695 -0.758417
vn 0.0127386553 -0.859365761 0.5112027
vn 0.00114893448 -0.8594922 0.5111477
vn 0.0170040745 -0.9868427 -0.160786733
vn 0.04455112 -0.9321381 0.3593519
vn -0.018541 -0.4857765 0.8738864
vn 0.0101939738 -0.9334552 0.358549058
vn 0.00185833126 0.3698255 0.9290994
vn -0.0116037522 0.369675159 0.9290886
vn 0.009903862 -0.3137171 0.949464858
vn -0.0283467136 0.8721591 0.48840037
vn 0.04551781 0.982120037 -0.182670131
vn 0.00274581322 0.871670246 0.490085185
vn 0.01253711 0.632702649 -0.7742933
vn 0.00101575081 0.6328433 -0.774279237
vn 0.0173242949 0.9823159 -0.186428
vn 0.04297155 0.751389265 -0.658458531
vn -0.0172884855 0.154885024 -0.9877812
vn 0.0100633744 0.752814 -0.658156455
vn -0.9998079 0.0171804465 -0.009433236
vn -0.9998079 0.0171804465 -0.009433236
vn -0.9998079 0.0171804465 -0.009433236
vn -0.999930859 0.011414757 -0.00282102474
vn -0.999930859 0.011414757 -0.00282102474
vn -0.999930859 0.011414757 -0.00282102474
vn -0.9998451 -0.0154295973 0.008470415
vn -0.9998451 -0.0154295973 0.008470415
vn -0.9998451 -0.0154295973 0.008470415
vn 0.4479094 -0.7459479 0.4928884
vn 0.446543068 -0.7457429 0.4944359
vn 0.447834164 -0.682813942 0.577243268
vn 0.446418941 0.5877571 0.6747235
vn 0.447869867 0.588343 0.6732496
vn 0.447643459 0.505116165 0.7378841
vn 0.447489142 0.74571085 -0.493628174
vn 0.446299285 0.745425 -0.49513495
vn 0.447727233 0.6823694 -0.577851534
vn 0.4464508 -0.587539554 -0.67489177
vn 0.447856575 -0.5881392 -0.6734366
vn 0.4477143 -0.504868865 -0.738010466
vn 0.192785859 0.758076251 -0.623020053
vn 0.192785859 0.758076251 -0.623020053
vn 0.192785859 0.758076251 -0.623020053
vn 0.08579827 0.5329794 -0.841766953
vn 0.08579827 0.5329794 -0.841766953
vn 0.08579827 0.5329794 -0.841766953
vn 0.1929782 0.619529366 0.7608829
vn 0.1929782 0.619529366 0.7608829
vn 0.1929782 0.619529366 0.7608829
vn 0.08182534 0.844307065 0.5295755
vn 0.08182534 0.844307065 0.5295755
vn 0.08182534 0.844307065 0.5295755
vn 0.192878932 -0.619671941 -0.760792
vn 0.192878932 -0.619671941 -0.760792
vn 0.192878932 -0.619671941 -0.760792
vn 0.0826822147 -0.8439688 -0.5299814
vn 0.0826822147 -0.8439688 -0.5299814
vn 0.0826822147 -0.8439688 -0.5299814
vn 0.192980051 -0.758045852 0.6229969
vn 0.192980051 -0.758045852 0.6229969
vn 0.192980051 -0.758045852 0.6229969
vn 0.08608001 -0.5338395 0.841193
vn 0.08608001 -0.5338395 0.841193
vn 0.08608001 -0.5338395 0.841193
vn 0.193431735 -0.564546645 -0.8024159
vn 0.193431735 -0.564546645 -0.8024159
vn 0.193431735 -0.564546645 -0.8024159
vn 0.08396464 -0.2848659 -0.9548829
vn 0.08396464 -0.2848659 -0.9548829
vn 0.08396464 -0.2848659 -0.9548829
vn 0.192821771 0.799886346 -0.568332255
vn 0.192821771 0.799886346 -0.568332255
vn 0.192821771 0.799886346 -0.568332255
vn 0.0806608 0.9560905 -0.2817532
vn 0.0806608 0.9560905 -0.2817532
vn 0.0806608 0.9560905 -0.2817532
vn 0.192854956 -0.800221562 0.567849
vn 0.192854956 -0.800221562 0.567849
vn 0.192854956 -0.800221562 0.567849
vn 0.07934827 -0.95761764 0.276897758
vn 0.07934827 -0.95761764 0.276897758
vn 0.07934827 -0.95761764 0.276897758
vn 0.192868635 0.5645548 0.8025457
vn 0.192868635 0.5645548 0.8025457
vn 0.192868635 0.5645548 0.8025457
vn 0.0830009952 0.28224355 0.9557455
vn 0.0830009952 0.28224355 0.9557455
vn 0.0830009952 0.28224355 0.9557455
vn 0.879381835 0.112001114 0.4627562
vn 0.872485042 0.2293909 0.431450635
vn 0.8841682 0.195940539 0.424091816
vn 0.8762842 0.367819548 0.311183
vn 0.883047163 0.4232892 0.202617839
vn 0.883540154 0.339431643 0.322711974
vn 0.876412868 0.4451669 -0.183648914
vn 0.882072568 0.435950071 -0.178593054
vn 0.8783254 0.455356151 -0.14558588
vn 0.87632364 0.387512028 -0.286166519
vn 0.8952697 0.154141217 -0.4180103
vn 0.8842105 0.377110422 -0.275607377
vn 0.827433646 -0.234095365 -0.5104439
vn 0.8799118 -0.3803542 -0.284755915
vn 0.8171493 -0.2208955 -0.5324211
vn 0.896950245 -0.3598155 -0.2569301
vn 0.8969481 -0.2561221 -0.3603965
vn 0.898218334 -0.170518532 -0.405126244
vn 0.884898543 -0.4656469 -0.0112972865
vn 0.885413051 -0.3931725 0.247909456
vn 0.889154851 -0.4440882 0.110405631
vn 0.8744554 -0.279200166 0.39670524
vn 0.8759276 -0.244746774 0.415752232
vn 0.8803936 -0.271756142 0.388658762
vn -0.6327164 -0.377328873 -0.6762343
vn -0.645495951 -0.473108172 -0.5995863
vn -0.62242204 -0.0270898528 -0.782212853
vn -0.636055946 -0.468726754 -0.612966657
vn -0.6427039 -0.709653 -0.288659543
vn -0.642308 -0.5572925 -0.5261801
vn -0.651384652 -0.7233145 -0.229159787
vn -0.6478639 -0.761481643 -0.020446077
vn -0.6710466 -0.57614255 -0.4666436
vn -0.6584451 -0.708524764 -0.253855556
vn -0.656822264 -0.739288032 0.14845103
vn -0.662030339 -0.7482733 -0.04246093
vn -0.6543933 -0.731535554 0.191377
vn -0.6619727 -0.592124462 0.4595441
vn -0.665260434 -0.7466096 0.001607308
vn -0.655151 -0.728531659 0.200047091
vn -0.651899457 -0.524878 0.5472935
vn -0.6567739 -0.590295255 0.4692543
vn -0.642393768 -0.56210953 0.5209253
vn -0.680941761 -0.220276579 0.6984244
vn -0.644434631 -0.625004649 0.4405374
vn -0.634796 0.156764 0.7566102
vn -0.644879937 0.229634941 0.7289703
vn -0.618067563 -0.249865159 0.7453589
vn -0.651452363 0.278655171 0.7056636
vn -0.6568001 0.598442435 0.458781362
vn -0.655461252 0.348708719 0.669905
vn -0.631163 0.550689638 0.546236455
vn -0.6493925 0.642130435 0.407379419
vn -0.6205906 0.284428924 0.730730832
vn -0.6342099 0.6268975 0.4525234
vn -0.6453844 0.7605829 0.070658274
vn -0.644105 0.702843845 0.301892728
vn -0.650747657 0.7588311 0.0265133586
vn -0.6506872 0.7245102 -0.227356985
vn -0.665371954 0.7013905 0.255600423
vn -0.6545327 0.755653143 0.0239851922
vn -0.6508722 0.663585842 -0.368807942
vn -0.656386 0.717703342 -0.2325068
vn -0.6470104 0.657860637 -0.385482848
vn -0.6577356 0.414169639 -0.6291641
vn -0.656388 0.71205616 -0.249260634
vn -0.647341967 0.6638747 -0.3744581
vn -0.6639019 0.37106365 -0.649265766
vn -0.664407849 0.418807536 -0.6190012
vn -0.653552234 0.4046859 -0.639608264
vn -0.701495 -0.0155584216 -0.7125045
vn -0.6555752 0.450775564 -0.6058238
vn 0.996817052 0.0497575179 0.06228975
vn 0.997813463 0.0307824723 0.0584865734
vn 0.997813463 0.0307824723 0.0584865734
vn 0.996817052 0.0497575179 0.06228975
vn 0.9975811 0.016563464 0.06750921
vn 0.999129653 -0.006681415 0.04117463
vn 0.998828232 -0.0169172511 0.04534261
vn 0.998828232 -0.0169172511 0.04534261
vn 0.999948144 -0.002414847 0.009895224
vn 0.998828232 -0.0169172511 0.04534261
vn 0.999027848 -0.03374071 0.028370792
vn 0.999949932 -0.009873469 -0.00162000128
vn 0.99901253 -0.0288363434 -0.0337999277
vn 0.999949932 -0.009873469 -0.00162000128
vn 0.99901253 -0.0288363434 -0.0337999277
vn 0.998515069 -0.01318129 -0.0528573059
vn 0.9990068 0.03598774 -0.0262731537
vn 0.9999546 0.00176500133 -0.00936677
vn 0.9990158 0.00646262337 -0.04388322
vn 0.9990158 0.00646262337 -0.04388322
vn 0.9962191 0.0304528046 -0.08136388
vn 0.9983986 0.0563617274 0.00485493662
vn 0.9983986 0.0563617274 0.00485493662
vn 0.9983986 0.0563617274 0.00485493662
vn 0.9962191 0.0304528046 -0.08136388
vn 0.9962191 0.0304528046 -0.08136388
vn 0.9957508 0.0458554067 -0.0798600838
vn -0.391896844 -0.7006865 -0.596200764
vn -0.266279519 -0.963895 -0.00125758513
vn -0.0138021987 -0.9086958 -0.4172307
vn -0.202587292 -0.9782056 0.0455214977
vn 0.09279416 -0.8488453 0.5204334
vn 0.04443088 -0.9274514 -0.371294856
vn -0.328648865 -0.943781257 -0.0355926752
vn -0.3325706 -0.7177938 0.6116934
vn -0.00331661641 -0.905632138 0.4240512
vn -0.3292478 -0.6499598 0.6849439
vn 0.210119411 -0.407991767 0.8884777
vn -0.05101594 -0.878193855 0.475576431
vn -0.33457756 0.529743433 -0.7793778
vn 0.02460378 0.6868348 -0.726397
vn -0.2938622 0.9170328 -0.26962176
vn -0.35519585 0.4324315 -0.828757465
vn 0.17303291 0.060323596 -0.983067
vn -0.0338054 0.638202548 -0.769126
vn -0.375842 0.854195 0.359296173
vn -0.2775169 0.915469468 -0.2913761
vn 0.009511576 0.9987887 0.0482769273
vn 0.06530799 0.997797 0.0116610685
vn -0.2206458 0.9202594 -0.3231687
vn 0.07697017 0.6194122 -0.7812837
vn -0.006916584 -0.0263595339 -0.9996286
vn -0.008841109 -0.660105169 -0.7511212
vn -0.0301417783 -0.02450372 -0.9992453
vn 0.0539172478 -0.5805765 -0.8124185
vn 0.03483261 -0.5790102 -0.8145759
vn 0.0434293337 0.0749926046 -0.996237934
vn 0.03402232 -0.69007957 -0.7229334
vn -0.21959348 -0.964004159 -0.14991577
vn -0.0217233784 -0.678162634 -0.734590769
vn 0.05998423 -0.46413523 0.883730948
vn 0.0189700555 -0.470415026 0.882241368
vn 0.11110726 -0.919853449 0.376197845
vn -0.003927786 -0.325738221 0.945451856
vn -0.0028182005 0.353462517 0.9354445
vn -0.03204086 -0.327878475 0.944176435
vn 0.01957493 0.862826467 0.505121052
vn -0.0144783417 0.3382279 0.9409529
vn 0.0618741959 0.268787771 0.9612101
vn 0.03676172 0.268104762 0.962688148
vn 0.0109531553 -0.410297751 0.911885858
vn 0.05165807 0.823869467 0.5644206
vn 0.0311793759 0.8234103 0.5665893
vn 0.04335823 0.8905527 0.452808976
vn -0.194876447 0.963434637 -0.183893964
vn -0.009358869 0.8850296 0.465440661
vn 0.0532983281 0.135939717 -0.9892824
vn 0.011394579 0.141593367 -0.989859343
vn 0.09259123 0.738477349 -0.6678907
vn -0.009095259 -0.990362942 0.138197318
vn -0.0116107762 -0.84745723 -0.530736744
vn -0.008251337 -0.990371168 0.138191611
vn 0.008527469 -0.6593728 0.751767755
vn -0.0189883448 -0.335742533 -0.9417624
vn -0.03014784 -0.3358878 -0.9414194
vn 0.00464735925 -0.8624223 -0.5061682
vn -0.01916781 0.382204264 -0.9238791
vn -0.003982337 0.8834092 -0.468585551
vn -0.009415639 0.9778986 0.208867565
vn -0.00236717029 0.883420646 -0.468574762
vn -0.0191803686 0.9791404 0.202277422
vn -0.0116042662 0.61485666 0.788553536
vn -0.001857534 0.5273265 0.8496607
vn 0.0116044087 0.527408361 0.8495327
vn -0.0099038 0.950003564 0.312081963
vn -0.0435597859 -0.12249691 0.991512537
vn -0.01899014 -0.006657631 0.9997975
vn -0.0301630273 -0.006403119 0.9995245
vn 0.00442031259 0.637263 0.770633757
vn -0.0173594616 -0.6757704 0.7369077
vn 0.6521693 -0.7578765 -0.01727584
vn 0.655516446 -0.638946533 -0.40254873
vn 0.6551288 -0.753806055 -0.0508207157
vn 0.6290804 -0.683457851 0.3703286
vn 0.6271654 0.539930344 -0.5613723
vn 0.6471767 0.732925236 -0.209721
vn 0.6532824 0.7245089 -0.219793051
vn 0.6556563 0.7290073 0.196629509
vn -0.9980103 -0.0258673728 -0.0575010329
vn -0.9980103 -0.0258673728 -0.0575010329
vn -0.9980103 -0.0258673728 -0.0575010329
vn -0.9983472 -0.0115071125 -0.056306053
vn -0.9960555 0.006161179 -0.08851869
vn -0.9960555 0.006161179 -0.08851869
vn -0.9960555 0.006161179 -0.08851869
vn -0.9960888 0.00467946054 -0.0882339
vn -0.9988284 0.0442147255 -0.0196697135
vn -0.9990286 0.0262348223 -0.0354050621
vn -0.9988284 0.0442147255 -0.0196697135
vn -0.9988284 0.0442147255 -0.0196697135
vn -0.999131858 0.040652182 -0.0091103185
vn -0.9999477 0.009790724 -0.00295581738
vn -0.9976019 0.06809749 0.0123743592
vn -0.997320235 0.06625612 0.0310251247
vn -0.997320235 0.06625612 0.0310251247
vn -0.997320235 0.06625612 0.0310251247
vn -0.998225451 0.04893575 0.0339304432
vn -0.998384058 0.0129063921 0.0553418659
vn -0.998384058 0.0129063921 0.0553418659
vn -0.998384058 0.0129063921 0.0553418659
vn -0.9984837 0.0105701368 0.05402377
vn -0.9999478 0.00183584529 0.0100522824
vn -0.00909525249 -0.08478065 -0.996358156
vn -0.0116044553 0.575507045 -0.817714453
vn -0.008248809 -0.0847784951 -0.996365666
vn 0.008524651 -0.715188 -0.6988801
vn -0.0189879518 0.9584622 -0.284586966
vn -0.030148102 0.958126664 -0.284753144
vn 0.004643427 0.5518333 -0.8339415
vn -0.0191629473 0.9019801 0.4313521
vn -0.003978892 0.420425057 0.907318532
vn -0.009411307 -0.261126816 0.9652586
vn -0.00236268737 0.420415133 0.9073288
vn -0.01917514 -0.254651248 0.96684283
vn -0.0116094565 -0.8204831 0.571553
vn -0.00185058254 -0.8767965 0.480858058
vn 0.011612406 -0.8766745 0.4809439
vn -0.009894287 -0.36273396 0.931840241
vn -0.04356073 -0.983492434 -0.1756278
vn -0.01899109 -0.9979944 -0.060386423
vn -0.0301640034 -0.9977354 -0.0601191819
vn 0.0044210623 -0.8037729 0.5949198
vn -0.017361369 -0.6995185 -0.7144036
vn 0.6521777 0.0579869933 -0.75584507
vn 0.655506849 0.436312735 -0.6163944
vn 0.6551141 0.09126951 -0.7499969
vn 0.6290483 -0.333025843 -0.702418745
vn 0.6271736 0.531510532 0.56934154
vn 0.647161 0.169996977 0.743157864
vn 0.653272331 0.180464178 0.7353013
vn 0.6556707 -0.235554323 0.717363358
vn -0.998009861 0.0588155836 -0.0227385741
vn -0.998009861 0.0588155836 -0.0227385741
vn -0.998009861 0.0588155836 -0.0227385741
vn -0.998346746 0.05685283 -0.008461099
vn -0.996055067 0.08806372 0.0109117767
vn -0.996055067 0.08806372 0.0109117767
vn -0.996055067 0.08806372 0.0109117767
vn -0.9960891 0.0878506154 0.009419495
vn -0.9988286 0.0172628555 0.04520504
vn -0.999028 0.0339577571 0.0281042363
vn -0.9988286 0.0172628555 0.04520504
vn -0.9988286 0.0172628555 0.04520504
vn -0.999131858 0.00690794457 0.04108346
vn -0.999947667 0.002422298 0.009940856
vn -0.997602344 -0.0160153024 0.06732848
vn -0.9973205 -0.03454199 0.06448903
vn -0.9973205 -0.03454199 0.06448903
vn -0.9973205 -0.03454199 0.06448903
vn -0.998225749 -0.03650672 0.04703904
vn -0.9962543 -0.0307744723 -0.08081017
vn -0.9962543 -0.0307744723 -0.08081017
vn -0.9962543 -0.0307744723 -0.08081017
vn -0.995788753 -0.04638577 -0.079077065
vn -0.00909525 -0.8010508 0.5985273
vn -0.0116065051 -0.998339 -0.056432128
vn -0.008248591 -0.801059246 0.598528266
vn 0.008527098 -0.21529828 0.9765111
vn -0.0189873781 -0.7481252 -0.6632859
vn -0.03014735 -0.748086751 -0.6629158
vn 0.004642394 -0.9996038 -0.0277607515
vn -0.01916209 -0.110528886 -0.993688166
vn -0.009543482 0.535988569 -0.844171345
vn -0.0187963955 0.535764337 -0.844158351
vn 0.008521968 -0.13170512 -0.991252363
vn -0.01160312 0.9574445 -0.288384259
vn -0.007388021 0.9188736 0.3944829
vn -0.000107221305 0.957489669 -0.2884675
vn -0.004606545 0.9037402 0.4280565
vn -0.019042436 0.4567722 0.8893799
vn -0.02804093 0.456829578 0.8891122
vn -0.0173665 -0.236783952 0.9714071
vn 0.6522035 -0.6722891 0.3502256
vn 0.6555551 -0.7538267 -0.04464128
vn 0.6551398 -0.6849117 0.3188852
vn 0.6290384 -0.420278579 0.6539699
vn 0.6271956 0.20241563 -0.7520995
vn 0.6471813 0.541033 -0.537065864
vn 0.653289258 0.528802931 -0.5418309
vn 0.655638635 0.733503461 -0.179194555
vn -0.9979857 -0.05075934 -0.038053602
vn -0.9990271 -0.04392187 -0.003971332
vn -0.9979857 -0.05075934 -0.038053602
vn -0.9979857 -0.05075934 -0.038053602
vn -0.998336554 -0.03722708 -0.0440259725
vn -0.996055067 -0.0372743 -0.08052931
vn -0.996055067 -0.0372743 -0.08052931
vn -0.996055067 -0.0372743 -0.08052931
vn -0.996089339 -0.0384297222 -0.07955648
vn -0.9988285 0.0292506944 -0.03855052
vn -0.9990281 0.00591100147 -0.04368039
vn -0.9988285 0.0292506944 -0.03855052
vn -0.9988285 0.0292506944 -0.03855052
vn -0.999132 0.0312207062 -0.0275789015
vn -0.999950051 0.006980331 -0.00716098165
vn -0.997601569 0.0656331256 -0.0219882522
vn -0.9973208 0.07299786 -0.004759156
vn -0.9973208 0.07299786 -0.004759156
vn -0.9973208 0.07299786 -0.004759156
vn -0.9982254 0.05923194 0.006136922
vn -0.998384058 0.0379874371 0.0422640443
vn -0.998384058 0.0379874371 0.0422640443
vn -0.998384058 0.0379874371 0.0422640443
vn -0.9984785 0.0354530923 0.0422365032
vn -0.999949 0.006448244 0.007777613
vn -0.998385668 0.0343438461 0.0452395938
vn -0.998385668 0.0343438461 0.0452395938
vn -0.998385668 0.0343438461 0.0452395938
vn -0.998986363 -0.004428276 0.04479599
vn -0.99625504 -0.05233228 0.06882723
vn -0.99625504 -0.05233228 0.06882723
vn -0.99625504 -0.05233228 0.06882723
vn -0.995789 -0.0426113531 0.08117036
vn -0.9990369 -0.0333854929 0.028471157
vn -0.998561442 -0.0508662239 0.0169637837
vn -0.9990369 -0.0333854929 0.028471157
vn -0.9990369 -0.0333854929 0.028471157
vn -0.999949932 -0.00747491326 0.006655096
vn -0.009100587 -0.6552054 0.755395949
vn -0.0116040958 -0.987454355 0.157477885
vn -0.00825083 -0.65521276 0.7553994
vn 0.008528085 -0.002343583 0.9999609
vn -0.01898649 -0.8722427 -0.488704622
vn -0.0301460251 -0.8721272 -0.488349736
vn 0.00464550033 -0.982575655 0.185804874
vn -0.01916564 -0.319650739 -0.947341561
vn -0.003973914 0.357363135 -0.9339571
vn -0.009408595 0.8740539 -0.4857378
vn -0.0023577325 0.3573767 -0.933957338
vn -0.019186845 0.870649159 -0.4915302
vn -0.0114535373 0.981777668 0.189687744
vn -0.00185286626 0.9560101 0.293327868
vn 0.0116100553 0.9559865 0.293180883
vn -0.009897216 0.920924067 -0.38961634
vn -0.0435599275 0.559768 0.8275037
vn -0.0189901572 0.6524908 0.7575587
vn -0.0301646553 0.652503 0.7571856
vn 0.00457124272 0.986868262 0.161462367
vn -0.0173603613 -0.0244520362 0.9995503
vn 0.652168155 -0.582288742 0.485403538
vn 0.655496955 -0.7460853 0.116963536
vn 0.65510416 -0.6013016 0.457465827
vn 0.62907815 -0.271345675 0.728445053
vn 0.627202451 0.0375767 -0.777949333
vn 0.647188 0.414224774 -0.6399731
vn 0.6533194 0.40124613 -0.6420088
vn 0.655641854 0.678508461 -0.331300437
vn -0.9979857 -0.0576987267 -0.0263705924
vn -0.9990272 -0.0437579527 0.00547407847
vn -0.9979857 -0.0576987267 -0.0263705924
vn -0.9979857 -0.0576987267 -0.0263705924
vn -0.998330057 -0.0460634567 -0.034862183
vn -0.9959902 -0.0541252345 -0.0712322146
vn -0.9959902 -0.0541252345 -0.0712322146
vn -0.9959902 -0.0541252345 -0.0712322146
vn -0.9960135 -0.05474027 -0.0704309642
vn -0.9991279 0.0247849543 -0.0336015075
vn -0.9976019 0.059438806 -0.0354598463
vn -0.9988209 0.02042002 -0.0440431759
vn -0.9988209 0.02042002 -0.0440431759
vn -0.9999492 0.0054532527 -0.00847823
vn -0.9988209 0.02042002 -0.0440431759
vn -0.9990295 -0.00212011882 -0.0439945124
vn -0.9973203 0.0703158 -0.0201978311
vn -0.9973203 0.0703158 -0.0201978311
vn -0.9973203 0.0703158 -0.0201978311
vn -0.9982253 0.0591820553 -0.006620249
vn -0.9983837 0.046123445 0.033205837
vn -0.9983837 0.046123445 0.033205837
vn -0.9983837 0.046123445 0.033205837
vn -0.9984781 0.0436416231 0.03371665
vn -0.9999505 0.007835419 0.00612441264
vn -0.998384953 0.04319701 0.0368990153
vn -0.998384953 0.04319701 0.0368990153
vn -0.998384953 0.04319701 0.0368990153
vn -0.9989859 0.00520339143 0.04472264
vn -0.9962553 -0.0364730768 0.07839094
vn -0.9962553 -0.0364730768 0.07839094
vn -0.9962553 -0.0364730768 0.07839094
vn -0.995788634 -0.02434899 0.08838597
vn -0.999036849 -0.026556639 0.03493094
vn -0.998560965 -0.0460927151 0.02741491
vn -0.999036849 -0.026556639 0.03493094
vn -0.999036849 -0.026556639 0.03493094
vn -0.9999514 -0.00579593237 0.00797552
vn 0.009099099 -0.6858734 0.727664
vn 0.0116104018 -0.0576464832 0.998269558
vn 0.00825393852 -0.6858736 0.7276738
vn -0.008368701 -0.9946739 0.102731384
vn 0.018979907 0.5737707 0.818796039
vn 0.0301378835 0.5734081 0.818715334
vn -0.004655181 -0.08625912 0.9962619
vn 0.0191575456 0.974648 0.222922146
vn 0.009538912 0.899694145 -0.436416656
vn 0.0187929645 0.899655759 -0.436195374
vn -0.008529523 0.9698065 0.243726432
vn 0.0116104959 0.395599246 -0.918349862
vn 0.0073908316 -0.287305236 -0.9578106
vn 0.000108167536 0.395557046 -0.9184414
vn 0.00461148424 -0.3223494 -0.946609557
vn 0.01903782 -0.8315692 -0.5550949
vn 0.0280359276 -0.831298 -0.5551195
vn 0.01735576 -0.992051244 0.124632113
vn -0.652191043 -0.424497515 0.6280515
vn -0.655539 -0.0414723754 0.754021645
vn -0.65515095 -0.394788176 0.6441425
vn -0.6290831 -0.6975361 0.3430711
vn -0.627153039 0.7702894 -0.115470156
vn -0.6471384 0.59521085 -0.476377875
vn -0.653244555 0.5985602 -0.463677883
vn -0.655682743 0.261535853 -0.7082931
vn 0.99801 0.0319268852 0.05437597
vn 0.99801 0.0319268852 0.05437597
vn 0.99801 0.0319268852 0.05437597
vn 0.9983468 0.0392666459 0.0419745222
vn 0.9960543 0.07576587 0.0462097824
vn 0.9960543 0.07576587 0.0462097824
vn 0.9960543 0.07576587 0.0462097824
vn 0.9960887 0.07466751 0.0472451
vn 0.9983713 -0.0377804749 -0.04274865
vn 0.9983713 -0.0377804749 -0.04274865
vn 0.9983713 -0.0377804749 -0.04274865
vn 0.998479545 -0.0380863361 -0.03985025
vn 0.9999492 -0.007139783 -0.00711361365
vn 0.009092055 -0.8252857 0.5646423
vn 0.0116062434 -0.269228071 0.9630065
vn 0.008248169 -0.825289845 0.564649165
vn -0.00852839 -0.993690968 -0.111828096
vn 0.0189753268 0.385958731 0.9223209
vn 0.0301353987 0.3856233 0.9221641
vn -0.00465770764 -0.2967333 0.954949
vn 0.0191684 0.904670358 0.425680757
vn 0.009539003 0.972076237 -0.234471366
vn 0.0187919624 0.9719913 -0.234264344
vn -0.00852760952 0.8955244 0.444930732
vn 0.011406783 0.582299531 -0.8128943
vn 0.00738462945 -0.07634309 -0.9970543
vn 0.000102486461 0.5823982 -0.812903643
vn 0.00461035734 -0.113028005 -0.9935811
vn 0.0190365035 -0.6940258 -0.7196984
vn 0.0280340742 -0.6937569 -0.7196635
vn 0.0173615329 -0.995800734 -0.08988624
vn -0.652192354 -0.5486781 0.5230655
vn -0.6555464 -0.20133622 0.727820456
vn -0.6551508 -0.5230804 0.545127869
vn -0.6290527 -0.754678667 0.186421037
vn -0.6271772 0.77717495 0.0514578447
vn -0.6471603 0.6830883 -0.338487834
vn -0.65329057 0.683629751 -0.325364232
vn -0.6556161 0.4065945 -0.6362771
vn 0.998010635 0.0195952039 0.0599237643
vn 0.998010635 0.0195952039 0.0599237643
vn 0.998010635 0.0195952039 0.0599237643
vn 0.998340845 0.02914337 0.04966126
vn 0.995989859 0.06459175 0.0619043373
vn 0.995989859 0.06459175 0.0619043373
vn 0.995989859 0.06459175 0.0619043373
vn 0.996013045 0.06373225 0.062420316
vn 0.998371661 -0.0277926549 -0.04981592
vn 0.998371661 -0.0277926549 -0.04981592
vn 0.998371661 -0.0277926549 -0.04981592
vn 0.9984798 -0.0287081413 -0.0470536575
vn 0.9999517 -0.00532835536 -0.008256332
vn 0.009094783 -0.511894047 0.8590005
vn 0.0116043333 0.1599966 0.9870494
vn 0.008249141 -0.511893749 0.8590092
vn -0.008534882 -0.948790848 0.315789551
vn 0.01898877 0.737546146 0.675029755
vn 0.030149281 0.737173 0.675031066
vn -0.0046438314 0.131644771 0.9912861
vn 0.0191651117 0.9997949 0.006544589
vn 0.00397853 0.774849236 -0.632133543
vn 0.00941368 0.187246963 -0.9822678
vn 0.00236347714 0.774843633 -0.632148564
vn 0.019184107 0.19379361 -0.98085475
vn 0.0116032083 -0.487954 -0.872792244
vn 0.00185845792 -0.578246057 -0.815860331
vn -0.0116044087 -0.578098059 -0.8158848
vn 0.009903683 0.0812705457 -0.9966429
vn 0.0435548238 -0.961267948 -0.272152334
vn 0.0189896915 -0.9239364 -0.382074416
vn 0.0301648472 -0.9235868 -0.382200927
vn -0.0045713447 -0.462734759 -0.886485
vn 0.0173627827 -0.941482067 0.336615562
vn -0.6522053 -0.278373837 0.7050789
vn -0.6555585 0.122834735 0.745086968
vn -0.6551635 -0.245881617 0.714355
vn -0.6290752 -0.6066567 0.486037135
vn -0.627185345 0.7269626 -0.279578149
vn -0.6471739 0.477861315 -0.593982
vn -0.6532808 0.483874261 -0.5823143
vn -0.655653536 0.1018923 -0.748155355
vn 0.9980106 0.0429434665 0.04616093
vn 0.9980106 0.0429434665 0.04616093
vn 0.9980106 0.0429434665 0.04616093
vn 0.9983472 0.0474198125 0.0324688964
vn 0.9960551 0.0839689448 0.0286945552
vn 0.9960551 0.0839689448 0.0286945552
vn 0.9960551 0.0839689448 0.0286945552
vn 0.9960893 0.08312443 0.0299416
vn 0.99837184 -0.04613737 -0.0335419551
vn 0.99837184 -0.04613737 -0.0335419551
vn 0.99837184 -0.04613737 -0.0335419551
vn 0.998479664 -0.0458138622 -0.0306521617
vn 0.9999493 -0.00850798748 -0.00539582362
vn 0.009106638 0.07701895 -0.996988058
vn 0.0116117615 -0.5818593 -0.813206553
vn 0.008257838 0.0770127 -0.9969959
vn -0.008383509 0.7097775 -0.7043761
vn 0.0189907756 -0.9606584 -0.2770828
vn 0.0301510654 -0.9603249 -0.2772492
vn -0.004640959 -0.55834043 -0.829598963
vn 0.01916659 -0.8986082 0.438333243
vn 0.009535027 -0.4262808 0.904540658
vn 0.0187894944 -0.426387846 0.9043453
vn -0.008529657 -0.9078467 0.419215471
vn 0.011601408 0.268712848 0.963150442
vn 0.00738808233 0.8249426 0.5651683
vn 0.000106651343 0.268656373 0.9632361
vn 0.004602369 0.8452193 0.534399748
vn 0.0190404635 0.995756567 -0.09003551
vn 0.0280383043 0.9955609 -0.08984664
vn 0.0173629858 0.693990469 -0.7197748
vn -0.652174354 -0.0638845 -0.7553724
vn -0.6555234 -0.441098928 -0.612960756
vn -0.6551321 -0.09712094 -0.749245942
vn -0.6290731 0.3275546 -0.704964638
vn -0.6271778 -0.5270815 0.5734398
vn -0.6471684 -0.164231911 0.744446754
vn -0.653275251 -0.174806029 0.7366643
vn -0.6556622 0.2411255 0.715517759
vn 0.9980103 -0.058983922 -0.0222801734
vn 0.9980103 -0.058983922 -0.0222801734
vn 0.9980103 -0.058983922 -0.0222801734
vn 0.9983471 -0.0569100566 -0.008019208
vn 0.9960549 -0.08797797 0.0116001992
vn 0.9960549 -0.08797797 0.0116001992
vn 0.9960549 -0.08797797 0.0116001992
vn 0.9960892 -0.0877736956 0.0101048248
vn 0.998371542 0.05624059 0.00955321
vn 0.998371542 0.05624059 0.00955321
vn 0.998371542 0.05624059 0.00955321
vn 0.9984797 0.0546603464 0.007107223
vn 0.999950945 0.009853803 0.00103158143
vn -0.799612939 0.143555239 -0.58310467
vn -0.8109974 0.2401807 -0.5334758
vn -0.805435359 0.131355822 -0.5779443
vn -0.9507839 0.1393855 -0.276733935
vn -0.940556 0.250481158 -0.2293768
vn -0.9492529 0.214753971 -0.229781777
vn -0.950481057 0.30543524 0.0574030578
vn -0.956011951 0.244950727 0.161370382
vn -0.9592965 0.268785983 0.08662689
vn -0.925505 0.309744 0.217943236
vn -0.9180912 0.304897666 0.253270626
vn -0.941204846 0.3146702 0.12294782
vn -0.76191175 0.231716558 0.6048124
vn -0.768864751 0.222284749 0.5995303
vn -0.75132513 0.322867632 0.5755581
vn -0.9478928 0.0329807773 0.3168778
vn -0.9270971 -0.08627832 0.364756227
vn -0.9303403 -0.07478993 0.358989447
vn -0.936959147 -0.2989615 0.18091315
vn -0.934111655 -0.3482067 0.07866075
vn -0.9441109 -0.311676681 0.107295446
vn -0.9462602 -0.256197184 -0.1973691
vn -0.9558593 -0.148702055 -0.2534181
vn -0.9545343 -0.2204847 -0.20062612
vn -0.831072152 -0.176915959 -0.5272758
vn -0.835206747 -0.163142338 -0.5251802
vn -0.8468768 -0.2665097 -0.4601873
vn 0.029856272 0.262779951 -0.964393735
vn 0.0932944939 -0.007328738 -0.9956116
vn 0.021265028 0.258656532 -0.965735257
vn -0.01797577 -0.526295543 -0.850111663
vn -0.0251152162 -0.5286964 -0.8484394
vn -0.07962655 -0.2756983 -0.9579406
vn 0.02581575 -0.531378269 -0.846741259
vn 0.105923064 -0.7356713 -0.6690053
vn 0.0235498324 -0.532289565 -0.846234739
vn 0.0442305468 -0.9487226 -0.313000262
vn 0.03111561 -0.950400054 -0.3094699
vn -0.009712657 -0.827491164 -0.5613948
vn 0.00768792629 -0.8883996 -0.459006548
vn 0.0648180842 -0.9784766 -0.1959139
vn -0.00345183164 -0.8900975 -0.455757052
vn 0.04662252 -0.9891455 0.139346838
vn 0.0409667641 -0.989130139 0.1412209
vn -0.0249874778 -0.9905281 -0.1350175
vn 0.04840106 -0.9972792 0.055601716
vn 0.07133313 -0.9406808 0.3317096
vn 0.0345908776 -0.9976452 0.0592238978
vn -0.0264447667 -0.689240932 0.7240495
vn -0.0364067666 -0.687108338 0.725642264
vn -0.0662344 -0.8609207 0.504409134
vn -0.029789241 -0.751247764 0.6593478
vn 0.0131308371 -0.5391866 0.842083931
vn -0.03631708 -0.749870062 0.660587668
vn -0.0267745834 -0.229849517 0.972857833
vn -0.0311883874 -0.227953345 0.9731724
vn -0.09756504 -0.481770933 0.870848954
vn 0.0293119363 -0.202931583 0.9787541
vn 0.114938714 0.06664242 0.991134644
vn 0.02399002 -0.200503558 0.9793992
vn 0.04987592 0.231395438 0.971580446
vn -0.0120841926 0.489937246 0.871674
vn 0.0560391359 0.23234874 0.9710169
vn -0.0213725865 0.536254644 0.8437856
vn -0.008602862 0.5365654 0.84381485
vn 0.0192466434 0.2804128 0.9596866
vn 0.006574647 0.991303563 0.1314307
vn -0.01200409 0.988395 -0.151430711
vn 0.0156352669 0.991210461 0.131367147
vn -0.0445371419 0.97539407 -0.21592325
vn -0.0403071269 0.9755127 -0.216218218
vn -0.00484492164 0.9979024 0.0645553
vn -0.03952725 0.8805323 -0.472335041
vn -0.06917428 0.712597847 -0.698154151
vn -0.0262242034 0.8806017 -0.473130971
vn 0.0119161457 0.777909636 -0.628263235
vn 0.0307780858 0.776060164 -0.6299074
vn 0.06398377 0.919804335 -0.3871255
vn 0.0148395682 0.205680981 -0.9785066
vn 0.00224329578 0.199156448 -0.97996515
vn -0.07654521 0.4532395 -0.888096154
vn -0.9988142 -0.046804212 0.0133980056
vn -0.9988142 -0.046804212 0.0133980056
vn -0.9988142 -0.046804212 0.0133980056
vn -0.999174237 -0.0369635671 0.0168698989
vn -0.999174237 -0.0369635671 0.0168698989
vn -0.999174237 -0.0369635671 0.0168698989
vn -0.9983725 0.0557124726 -0.0121842623
vn -0.9983725 0.0557124726 -0.0121842623
vn -0.9983725 0.0557124726 -0.0121842623
vn 0.455857247 -0.8878184 -0.06302882
vn 0.443188936 -0.8928864 0.07960844
vn 0.444241345 -0.8957675 -0.01581876
vn 0.4445212 0.04111929 0.8948241
vn 0.44400692 -0.05435674 0.8943731
vn 0.452089 0.0885124 0.8875703
vn 0.444625676 0.8947466 -0.0416720547
vn 0.444028527 0.8943955 0.0538091026
vn 0.4521446 0.8874878 -0.08905419
vn 0.455781281 0.0623616464 -0.8879046
vn 0.4431356 -0.08023237 -0.892857
vn 0.4440977 0.0151915671 -0.8958496
vn 0.0662753358 0.868720353 0.49084875
vn 0.09789319 0.9844268 0.146016538
vn 0.08801919 0.9855896 0.144449845
vn 0.201604471 0.976769 -0.0726500154
vn 0.201604471 0.976769 -0.0726500154
vn 0.201604471 0.976769 -0.0726500154
vn 0.0898652151 0.888324142 -0.4503382
vn 0.0898652151 0.888324142 -0.4503382
vn 0.0898652151 0.888324142 -0.4503382
vn 0.200343236 0.06686002 0.9774417
vn 0.200343236 0.06686002 0.9774417
vn 0.200343236 0.06686002 0.9774417
vn 0.08487993 0.455540448 0.8861593
vn 0.08487993 0.455540448 0.8861593
vn 0.08487993 0.455540448 0.8861593
vn 0.142006248 -0.032716725 0.989325
vn 0.142006248 -0.032716725 0.989325
vn 0.142006248 -0.032716725 0.989325
vn 0.202122331 -0.9768132 0.0705874339
vn 0.202122331 -0.9768132 0.0705874339
vn 0.202122331 -0.9768132 0.0705874339
vn 0.0898602158 -0.8883283 0.450331
vn 0.0898602158 -0.8883283 0.450331
vn 0.0898602158 -0.8883283 0.450331
vn 0.07060444 -0.4852146 0.87153995
vn 0.101595007 -0.139539555 0.984990954
vn 0.0921002552 -0.138050184 0.9861337
vn 0.140555218 -0.989629447 -0.0296270363
vn 0.140555218 -0.989629447 -0.0296270363
vn 0.140555218 -0.989629447 -0.0296270363
vn 0.200392634 -0.0701143444 -0.977203548
vn 0.200392634 -0.0701143444 -0.977203548
vn 0.200392634 -0.0701143444 -0.977203548
vn 0.08600064 -0.453957766 -0.8868632
vn 0.08600064 -0.453957766 -0.8868632
vn 0.08600064 -0.453957766 -0.8868632
vn 0.0688948855 -0.8748758 -0.47942248
vn 0.101153217 -0.9859396 -0.133007839
vn 0.0918386057 -0.987050533 -0.131517828
vn 0.0705895051 0.485245138 -0.871524155
vn 0.101609051 0.139571026 -0.984985054
vn 0.09208844 0.138080865 -0.986130536
vn 0.141548648 0.0346456952 -0.989324868
vn 0.141548648 0.0346456952 -0.989324868
vn 0.141548648 0.0346456952 -0.989324868
vn 0.140439153 0.9895597 0.03237972
vn 0.140439153 0.9895597 0.03237972
vn 0.140439153 0.9895597 0.03237972
vn -0.700975537 -0.121958107 -0.70268023
vn -0.710911 -0.258968383 -0.6538662
vn -0.6965475 -0.119702958 -0.707455158
vn -0.6763392 -0.192749158 -0.7109241
vn -0.678798556 -0.232068613 -0.6966898
vn -0.6453552 -0.05405178 -0.7619679
vn -0.672690868 -0.523132861 -0.5232771
vn -0.658422053 -0.5894762 -0.467972517
vn -0.6904033 -0.4348403 -0.5781498
vn -0.693381131 -0.4507545 -0.562177
vn -0.687922657 -0.5574644 -0.464753479
vn -0.6840139 -0.5195292 -0.5120686
vn -0.6905707 -0.677399 -0.25346148
vn -0.6913513 -0.686788857 -0.224398032
vn -0.7148856 -0.583489656 -0.385328978
vn -0.681302 -0.6892022 -0.246633068
vn -0.6731019 -0.731532931 -0.108597547
vn -0.676814735 -0.7021711 -0.2210829
vn -0.6991991 -0.7122757 0.0615149029
vn -0.6910807 -0.7001788 0.17932418
vn -0.7002919 -0.713749945 -0.0123392185
vn -0.672433138 -0.7210254 0.1672005
vn -0.6576016 -0.687276363 0.3085633
vn -0.658638656 -0.69778043 0.28159824
vn -0.6631103 -0.6388583 0.390057474
vn -0.669486344 -0.5460638 0.5035896
vn -0.6606911 -0.632152736 0.404808849
vn -0.6463696 -0.6155368 0.450911134
vn -0.6506645 -0.5750031 0.49599117
vn -0.6294698 -0.695227563 0.347025
vn -0.6617802 -0.4307625 0.613588333
vn -0.6568523 -0.341822863 0.672087967
vn -0.6647922 -0.496723264 0.5579583
vn -0.657485545 -0.428368568 0.6198493
vn -0.654752553 -0.301672816 0.6930315
vn -0.652190745 -0.3402461 0.677406669
vn -0.6593724 -0.222818583 0.7180389
vn -0.678304 -0.07782623 0.73064816
vn -0.6592699 -0.2197482 0.719078541
vn -0.678353369 -0.07804433 0.730579138
vn -0.681786835 -0.0300369 0.730933964
vn -0.6573594 -0.220801115 0.7205037
vn -0.672303736 0.284584731 0.683388054
vn -0.6515407 0.373176962 0.6604799
vn -0.6889458 0.188731983 0.69981
vn -0.706268132 0.180490211 0.6845499
vn -0.6938936 0.319432557 0.6453484
vn -0.692656457 0.270401865 0.6686628
vn -0.6834861 0.526375 0.5057432
vn -0.688915133 0.611561537 0.389086783
vn -0.679622233 0.5525959 0.4824432
vn -0.7041972 0.6181014 0.349366367
vn -0.704594135 0.6530846 0.277538657
vn -0.693998 0.563999832 0.4475165
vn -0.6827279 0.7051614 0.191389859
vn -0.693702459 0.718674 0.04779663
vn -0.690298855 0.7201209 0.0700958
vn -0.6829718 0.722322 0.108630538
vn -0.719438732 0.6923734 -0.055018954
vn -0.6813381 0.719970047 0.131990641
vn -0.679744244 0.7037064 -0.206748977
vn -0.6846047 0.6454667 -0.3386578
vn -0.6750279 0.6861335 -0.271216244
vn -0.696213543 0.624435 -0.354072928
vn -0.7039072 0.55595994 -0.442067
vn -0.688351 0.666767 -0.285647959
vn -0.679748654 0.536319256 -0.5003033
vn -0.690033 0.420208573 -0.58930403
vn -0.6929067 0.411203623 -0.592276931
vn -0.7009138 0.2907842 -0.6512791
vn -0.69370985 0.243333116 -0.6779053
vn -0.711590052 0.4044027 -0.5745417
vn -0.6845375 0.2663918 -0.678560138
vn -0.6771405 0.129763678 -0.724321842
vn -0.67620486 0.21852605 -0.7035576
vn 0.8806454 -0.123004191 0.457530051
vn 0.877186537 -0.194267288 0.439094573
vn 0.883684039 -0.0397037156 0.466397
vn 0.8748136 0.204277322 0.439285725
vn 0.853999138 0.114474624 0.507524431
vn 0.8691999 0.2673658 0.415941179
vn 0.8771837 0.438975245 0.19454965
vn 0.883851469 0.4660531 0.04001388
vn 0.880566359 0.4576055 0.123288505
vn 0.8746952 0.43959257 -0.204124346
vn 0.8539806 0.5075751 -0.114388458
vn 0.8692953 0.415882 -0.2671477
vn 0.8772175 0.194249749 -0.439040452
vn 0.883714259 0.0396523066 -0.466344178
vn 0.8806729 0.12294168 -0.457493931
vn 0.8760338 -0.194369569 -0.4413448
vn 0.8560299 -0.102970891 -0.5065667
vn 0.8712083 -0.257597864 -0.4178989
vn 0.875914156 -0.438288718 -0.201686487
vn 0.8832268 -0.466545761 -0.04738742
vn 0.879675865 -0.457304925 -0.130547181
vn 0.8746768 -0.43960768 0.204170287
vn 0.853968143 -0.5075873 0.114427194
vn 0.869274735 -0.4158962 0.267192423
vn 0.999411345 -0.008513595 0.03323511
vn 0.998148143 -0.0204267167 0.0572982766
vn 0.998148143 -0.0204267167 0.0572982766
vn 0.999411345 -0.008513595 0.03323511
vn 0.999331 -0.03501664 0.0105574457
vn 0.998175263 -0.0264116079 0.0543010943
vn 0.999981642 -0.00287902565 -0.00533819338
vn 0.999981642 -0.00287902565 -0.00533819338
vn 0.998175263 -0.0264116079 0.0543010943
vn 0.998175263 -0.0264116079 0.0543010943
vn 0.9982435 -0.052544 0.0273690186
vn 0.998052239 -0.04434414 0.0438790768
vn 0.998052239 -0.04434414 0.0438790768
vn 0.998052239 -0.04434414 0.0438790768
vn 0.999789536 -0.0195794087 0.00613098126
vn 0.999789536 -0.0195794087 0.00613098126
vn 0.999789536 -0.0195794087 0.00613098126
vn 0.999969244 0.00762397842 -0.00183029834
vn 0.9999204 -0.0119460728 0.004056451
vn 0.9999204 -0.0119460728 0.004056451
vn 0.999969244 0.00762397842 -0.00183029834
vn 0.999969244 0.00762397842 -0.00183029834
vn 0.9999756 -0.00492622936 -0.00495157856
vn 0.9999779 -0.00664923945 -0.000183231881
vn 0.9999779 -0.00664923945 -0.000183231881
vn 0.9999801 -0.00542289345 0.003221036
vn 0.9999702 0.00633368827 0.00440860167
vn 0.9999702 0.00633368827 0.00440860167
vn -0.109399565 -0.174619228 -0.978539646
vn -0.124936767 -0.37085095 -0.9202502
vn -0.103979446 -0.176429257 -0.978805959
vn 0.137172639 0.1985538 -0.970443249
vn 0.1442434 0.196237177 -0.9698891
vn 0.154011682 0.391338676 -0.9072676
vn 0.360999763 0.153038338 -0.919923067
vn 0.284181565 0.3374208 -0.8974342
vn 0.276356459 0.330678463 -0.902374
vn -0.42402488 0.5159814 -0.744289041
vn -0.3501135 0.672184 -0.652372
vn -0.3452984 0.669339955 -0.657839656
vn 0.297366321 0.780365169 -0.550094
vn 0.357425779 0.851133645 -0.384471565
vn 0.296182752 0.7814191 -0.5492359
vn -0.220788524 0.858134747 -0.463526845
vn -0.167009249 0.9405181 -0.2958608
vn -0.16923131 0.9406888 -0.294049948
vn 0.332559943 0.941150546 -0.06032882
vn 0.376357079 0.917418242 0.129225045
vn 0.32956624 0.9423507 -0.0579770878
vn -0.29994598 0.952365339 0.0550704449
vn -0.287697732 0.922266841 0.25817433
vn -0.292940974 0.9203626 0.259071857
vn -0.178414226 0.81586045 0.5500365
vn -0.014095909 0.7501654 0.66110003
vn 0.00513737649 0.783643663 0.6211894
vn 0.512800157 0.6468429 0.5644735
vn 0.5816421 0.494926035 0.645554543
vn 0.514493167 0.6480019 0.5615962
vn -0.487015635 0.3992941 0.7767754
vn -0.424730361 0.244156227 0.87177515
vn -0.423362672 0.245930687 0.871941566
vn 0.335887462 0.07464639 0.9389396
vn 0.387097716 -0.104626857 0.9160833
vn 0.3340989 0.07274646 0.939726532
vn 0.240622088 -0.9350048 0.260513127
vn 0.1444637 -0.985447645 0.08957217
vn 0.1381812 -0.985706449 0.09637804
vn -0.480711222 -0.8699186 -0.110265039
vn -0.402223825 -0.86941725 -0.286931366
vn -0.39760235 -0.8734809 -0.280968845
vn 0.5050939 -0.7718873 -0.38609612
vn 0.564064443 -0.6470471 -0.5129925
vn 0.5048819 -0.7718606 -0.386426568
vn -0.339770734 -0.726813257 -0.5969074
vn -0.288809061 -0.605963 -0.741214037
vn -0.290429443 -0.6046136 -0.741682649
vn 0.22172913 -0.4219438 -0.8790902
vn 0.2692308 -0.240524426 -0.932557166
vn 0.2186745 -0.420018733 -0.8807757
vn 0.231119454 -0.1736261 -0.9573076
vn -0.028079005 0.0287010949 -0.9991936
vn -0.159214273 -0.3444581 -0.92520237
vn -0.0566446 0.0560400039 -0.99682045
vn -0.06448606 0.331973 -0.9410821
vn -0.439233243 0.117539644 -0.89065063
vn -0.294692785 -0.885711849 0.358706951
vn -0.334682167 -0.7755085 0.5353264
vn 0.0591794774 -0.8359483 0.5456081
vn -0.3724467 -0.7392002 0.5611298
vn -0.0164450873 -0.6235378 0.781620264
vn 0.0211230237 -0.817337334 0.575772166
vn -0.249037847 -0.476362348 0.8432432
vn 0.222237274 -0.5316418 0.817292869
vn 0.0188473482 -0.7020024 0.7119252
vn -0.237456411 0.561374 -0.7927633
vn -0.257328153 0.4624673 -0.8484729
vn 0.133113071 0.412829757 -0.9010286
vn -0.294219553 0.747918844 0.595022857
vn -0.3048761 0.823534369 0.478374
vn 0.09763567 0.841410637 0.5315031
vn 0.00733867241 0.9023719 0.4308957
vn -0.386072367 0.8393736 0.382622629
vn -0.03707903 0.9851384 0.1677124
vn 0.04651094 0.9767244 0.209395066
vn -0.230229124 0.9719583 -0.0478715934
vn 0.243573338 0.9698716 -0.004592613
vn -0.1060922 -0.530943036 -0.840740144
vn -0.125665218 -0.5375072 -0.8338431
vn -0.177604243 -0.2707622 -0.9461208
vn -0.0133261979 -0.5707871 -0.820989966
vn 0.119824409 -0.7624958 -0.6358005
vn -0.0459749773 -0.5872066 -0.8081304
vn 0.0504027456 -0.8380566 -0.5432501
vn 0.06158711 -0.960306346 -0.27206406
vn 0.0417355075 -0.8384844 -0.543325067
vn 0.0134830568 -0.981350541 -0.191753283
vn 0.00468114 -0.981740952 -0.190165326
vn -0.03320811 -0.8827579 -0.468653023
vn 0.05481229 -0.996534348 -0.06256929
vn 0.09825754 -0.9679972 0.230926067
vn 0.0454475321 -0.9971175 -0.0607549027
vn -0.104266785 -0.8583198 0.5024098
vn -0.09984873 -0.8591453 0.501896
vn -0.166498542 -0.9590065 0.229313761
vn -0.0616217367 -0.290360183 0.954931259
vn -0.07712122 0.00410012249 0.99701333
vn -0.06246704 -0.290432632 0.9548543
vn 0.0131782293 -0.06381041 0.997875035
vn 0.00181493 -0.06301747 0.9980108
vn 0.0102645587 -0.353729874 0.9352913
vn 0.06339013 0.2010936 0.977518857
vn 0.09163154 0.4788406 0.8731067
vn 0.05920428 0.201663882 0.9776638
vn -0.105285421 0.5616757 0.8206311
vn -0.314254552 0.6903566 0.6516532
vn -0.127259433 0.5431021 0.829966962
vn -0.1367522 0.922764063 -0.3602851
vn -0.1732621 0.770650268 -0.6132524
vn -0.129126549 0.9230266 -0.362419963
vn -0.2223509 0.7173598 -0.660268962
vn -0.218262359 0.719087064 -0.659754
vn -0.261258155 0.8722926 -0.413339943
vn 0.393520623 0.275857121 -0.8769518
vn 0.348099053 0.0201946851 -0.937240243
vn 0.401911 0.261632353 -0.8775056
vn 0.337741047 0.00123769313 -0.9412383
vn 0.346987784 0.00401443243 -0.9378611
vn 0.336881816 0.2447313 -0.909184933
vn 0.430394381 0.6447207 -0.631740451
vn 0.463754326 0.77868253 -0.422593683
vn 0.423401475 0.6715819 -0.608037
vn 0.5480728 0.757748067 -0.354166627
vn 0.5285247 0.785800934 -0.32121408
vn 0.5414204 0.6498352 -0.53345865
vn 0.293689817 0.948176265 -0.121276818
vn 0.276826054 0.9546388 0.109691195
vn 0.269974738 0.960418165 -0.06863353
vn 0.532043457 0.801155865 0.2740056
vn 0.5095692 0.7847813 0.352785349
vn 0.5230052 0.844804764 0.113006666
vn 0.374457657 0.8358284 0.401462674
vn 0.332030267 0.721989632 0.6070312
vn 0.346325755 0.8079132 0.476796359
vn 0.514655352 0.4046639 0.7558949
vn 0.4541376 0.345943719 0.821025
vn 0.5453913 0.509544432 0.665517
vn 0.46874 -0.0276907757 0.8829021
vn 0.366448641 -0.249969244 0.8962314
vn 0.401809841 -0.143655971 0.9043848
vn 0.352027178 -0.5039482 0.7887414
vn 0.4422381 -0.6543835 0.613357842
vn 0.40193665 -0.599867344 0.691813648
vn 0.474069744 -0.6253591 0.6198257
vn 0.5112127 -0.7052023 0.491275132
vn 0.4332009 -0.573807 0.6950414
vn 0.3142349 -0.8821738 0.3507504
vn 0.401808083 -0.90495795 0.140005037
vn 0.359061 -0.91205436 0.19807066
vn 0.44583708 -0.5338832 -0.718469262
vn 0.5768093 -0.3503438 -0.7379365
vn 0.435373873 -0.5614866 -0.703692
vn 0.006776922 0.7613705 0.6482817
vn -0.01167134 0.9123964 0.409141421
vn 0.0158192981 0.761320531 0.6481827
vn -0.006853688 0.9253956 0.378940672
vn 0.9999757 -0.000259922468 0.006972976
vn 0.9999757 -0.000259922468 0.006972976
vn 0.9999757 -0.000259922468 0.006972976
vn 0.999969 0.00277773826 0.007363103
vn 0.9999408 0.008423362 -0.00688901125
vn 0.999969244 -0.006480286 0.00442018732
vn 0.9999771 0.005797201 0.003503895
vn 0.999979854 0.00621941127 0.00126073987
vn 0.9999465 -0.00783697 -0.006754514
vn 0.9999465 -0.00783697 -0.006754514
vn 0.9999465 -0.00783697 -0.006754514
vn 0.9999683 -0.00237007928 0.007598807
vn 0.02017943 -0.282558769 -0.9590377
vn 0.02017943 -0.282558769 -0.9590377
vn 0.02017943 -0.282558769 -0.9590377
vn -0.0001434722 -0.0545839779 -0.998509169
vn -0.0001434722 -0.0545839779 -0.998509169
vn -0.0001434722 -0.0545839779 -0.998509169
vn 0.0001434722 0.0545839965 -0.998509169
vn 0.0001434722 0.0545839965 -0.998509169
vn 0.0001434722 0.0545839965 -0.998509169
vn -0.02017922 0.282558829 -0.9590377
vn -0.02017922 0.282558829 -0.9590377
vn -0.02017922 0.282558829 -0.9590377
vn 0.2561165 -0.9543824 -0.153488219
vn 0.172604263 -0.8392638 0.5156006
vn 0.276949078 -0.9489266 -0.1511206
vn -0.258017331 0.617625535 0.742944
vn -0.236857474 0.6215068 0.7467449
vn -0.1844257 -0.0184101462 0.982674
vn 0.239375412 0.881701231 0.406574
vn 0.23937647 0.9309517 -0.2757315
vn 0.2829154 0.8704752 0.4027801
vn -0.282904267 0.870484 -0.402769029
vn -0.239363387 0.8817106 -0.406560779
vn -0.239363328 0.930951536 0.275743574
vn 0.300333261 0.5795659 -0.7575641
vn 0.146597371 -0.04582062 -0.988134444
vn 0.322017878 0.572163165 -0.754277
vn -0.258003473 -0.83444947 -0.486958176
vn -0.236839011 -0.8394016 -0.489195526
vn -0.184402034 -0.3187398 -0.9297316
vn 0.985742331 -0.09440268 0.139284849
vn 0.985742331 -0.09440268 0.139284849
vn 0.985742331 -0.09440268 0.139284849
vn 1 0 0
vn 1 0 0
vn 1 0 0
vn 0.8857347 -0.0474964678 -0.4617555
vn 0.8857347 -0.0474964678 -0.4617555
vn 0.8857347 -0.0474964678 -0.4617555
vn 0.873475134 -0.102731407 0.475907028
vn 0.873475134 -0.102731407 0.475907028
vn 0.873475134 -0.102731407 0.475907028
vn 0.268882781 -0.9521479 -0.145315111
vn 0.164918587 -0.8374853 0.5209801
vn 0.2897315 -0.946467 -0.14232327
vn -0.257880569 0.6176183 0.7429975
vn -0.236720055 0.6215274 0.746771336
vn -0.184286118 -0.0184095781 0.9827002
vn 0.239368886 0.881702542 0.406574845
vn 0.239369974 0.9309533 -0.275731623
vn 0.282909 0.8704776 0.4027795
vn -0.282904267 0.870484 -0.402769029
vn -0.239363387 0.8817106 -0.406560779
vn -0.239363328 0.930951536 0.275743574
vn 0.300464422 0.579533 -0.757537246
vn 0.146736741 -0.045835916 -0.988113046
vn 0.3221549 0.5721561 -0.754223943
vn -0.258007884 -0.834478855 -0.486905515
vn -0.236841425 -0.8394306 -0.4891446
vn -0.184412286 -0.318794042 -0.929711
vn 0.9779855 -0.117078923 0.172733456
vn 0.9779855 -0.117078923 0.172733456
vn 0.9779855 -0.117078923 0.172733456
vn 1 0 0
vn 1 0 0
vn 1 0 0
vn 0.885722637 -0.0474988259 -0.461778432
vn 0.885722637 -0.0474988259 -0.461778432
vn 0.885722637 -0.0474988259 -0.461778432
vn 0.8950175 -0.121823691 0.4290718
vn 0.8950175 -0.121823691 0.4290718
vn 0.8950175 -0.121823691 0.4290718
vn 0.204681233 -0.961844265 -0.1815522
vn 0.204683349 -0.8458577 0.492574334
vn 0.227368176 -0.9567195 -0.181635737
vn -0.503311038 -0.5480022 0.6681105
vn -0.502366066 -0.548565567 0.6683593
vn -0.5232172 -0.850429952 0.05488726
vn -0.42382732 0.5353566 0.7305914
vn -0.428200722 0.534697 0.728521347
vn -0.4060336 -0.125768438 0.905162454
vn 0.363552272 0.524125457 0.7701443
vn 0.363550544 0.908851266 0.2045003
vn 0.3041937 0.5481577 0.7790952
vn -0.457841963 0.800645 -0.386456162
vn -0.537903368 0.743873358 -0.3966262
vn -0.5379056 0.793123841 0.2856785
vn 0.37331295 0.9183883 -0.131150365
vn 0.37331447 0.578811169 -0.7249924
vn 0.2014552 0.955264151 -0.216532439
vn -0.103588134 0.5459589 -0.8313834
vn -0.31494835 -0.09471171 -0.944371343
vn -0.0903260037 0.54199636 -0.8355126
vn -0.268482566 -0.8287882 -0.4909453
vn -0.247555584 -0.834143341 -0.4928703
vn -0.1777991 -0.3146663 -0.932401538
vn 0.812308669 -0.169577509 -0.5580306
vn 0.812308669 -0.169577509 -0.5580306
vn 0.812308669 -0.169577509 -0.5580306
vn 0.619906247 -0.13626264 0.772754
vn 0.619906247 -0.13626264 0.772754
vn 0.619906247 -0.13626264 0.772754
vn 0.000138457981 0.00155072915 0.9999988
vn 0.000138457981 0.00155072915 0.9999988
vn 0.000138457981 0.00155072915 0.9999988
vn -0.00013715231 -0.00155064336 0.9999988
vn 1 0 0
vn 1 2.11753149E-06 0
vn 1 0 0
vn 1 0 0
vn 1 -3.02290164E-06 0
vn 0.0132056745 -0.0266801659 -0.9995568
vn 0.0147658261 -0.02619171 -0.9995479
vn 0.023456201 -0.07398918 -0.9969832
vn -0.014762979 0.0261917282 -0.9995479
vn -0.0234533437 0.07398916 -0.99698323
vn -0.013202806 0.0266801231 -0.999556839
vn 0.9992449 -0.01652111 0.0351666138
vn 0.9992449 -0.01652111 0.0351666138
vn 0.9992449 -0.01652111 0.0351666138
vn 0.998889446 0.009181265 0.0462126248
vn 0.998889446 0.009181265 0.0462126248
vn 0.9988718 0.0129290326 0.0456945822
vn 0.9988718 0.0129290326 0.0456945822
vn 0.998691261 0.00278707664 0.0510684252
vn 0.998685837 0.00254826946 0.051187
vn 0.998685837 0.00254826946 0.051187
vn 0.998685837 0.00254826946 0.051187
vn 0.999283 -0.0106975287 0.03631812
vn 0.999283 -0.0106975287 0.03631812
vn 1 1.43226E-06 0
vn 1 1.43226E-06 0
vn 1 1.43226E-06 0
vn 0.9986217 0.051934652 0.007585253
vn 0.9986217 0.051934652 0.007585253
vn 0.9986217 0.051934652 0.007585253
vn 0.999129236 0.0403005034 0.0108009819
vn 0.999129236 0.0403005034 0.0108009819
vn 0.999129236 0.0403005034 0.0108009819
vn 0.9975218 -0.04091049 0.05724125
vn 0.9975218 -0.04091049 0.05724125
vn 0.9975218 -0.04091049 0.05724125
vn 0.9962322 0.07682375 0.0402425043
vn 0.9962322 0.07682375 0.0402425043
vn 0.9962322 0.07682375 0.0402425043
vn 0.9996059 -0.028044017 -0.00126647623
vn 0.9996059 -0.028044017 -0.00126647623
vn 0.9996059 -0.028044017 -0.00126647623
vn 1 -1.05841309E-06 0
vn 1 -1.05841309E-06 0
vn 0.998254836 0.03053256 -0.0505479425
vn 0.998254836 0.03053256 -0.0505479425
vn 0.998254836 0.03053256 -0.0505479425
vn 0.998372734 9.145685E-05 -0.057025332
vn 0.998372734 9.145685E-05 -0.057025332
vn 0.9990908 0.007820396 -0.0419104658
vn 1 0 0
vn 0.9990908 0.007820396 -0.0419104658
vn 0.9996114 0.0107425563 -0.025723584
vn 1 4.19049638E-06 0
vn 1 0 0
vn 1 0 0
vn 1 0 0
vn 1 0 0
vn 1 0 0
vn 1 0 0
vn 0.99982965 0.00353808445 -0.0181154255
vn 0.999836743 0.00668778969 -0.016786458
vn 0.999662161 -0.00088916 0.02597761
vn 0.999662161 -0.00088916 0.02597761
vn 0.9996963 -0.0002686551 0.0246417318
vn 1 0 0
vn 1 0 0
vn 0.999940753 -0.007271472 -0.008098282
vn 1 4.19049638E-06 0
vn 0.999940753 -0.007271472 -0.008098282
vn 0.999940753 -0.007271472 -0.008098282
vn 0.9999255 -0.01161017 0.00377240637
vn 0.9987324 -0.0237297658 0.04439015
vn 0.9987324 -0.0237297658 0.04439015
vn 0.999793947 -0.0179248247 0.009531884
vn 0.9997964 -0.0134687824 0.0150275612
vn 0.999811232 -0.0193775445 0.00139876
vn 0.999811232 -0.0193775445 0.00139876
vn 1 -1.10381131E-06 0
vn 1 0 0
vn 0.9994059 0.0343388319 0.00293675181
vn 0.9994059 0.0343388319 0.00293675181
vn 0.9994059 0.0343388319 0.00293675181
vn 1 0 0
vn 1 -1.10381131E-06 0
vn 1 0 0
vn 1 0 0
vn 0.9997375 0.0194341727 -0.0121352021
vn 0.9997375 0.0194341727 -0.0121352021
vn 0.9997375 0.0194341727 -0.0121352021
vn 0.9998798 0.0154968761 0.0005565047
vn 1 -2.75370849E-06 0
vn 0.9997367 0.0204976425 0.0103107337
vn 0.9997577 0.0115026962 -0.0187696386
vn 0.9997577 0.0115026962 -0.0187696386
vn 0.9997466 -0.0132310763 -0.0182105154
vn 0.9998751 -0.008258458 0.0134748463
vn 0.9997466 -0.0132310763 -0.0182105154
vn 0.9997466 -0.0132310763 -0.0182105154
vn 0.9997713 0.009849954 -0.01898191
vn 0.9997713 0.009849954 -0.01898191
vn 1 0 0
vn 0.999748349 0 -0.0224336721
vn 1 0 0
vn 1 0 0
vn 0.999395132 -0.009511731 0.0334501565
vn 0.999395132 -0.009511731 0.0334501565
vn 0.999395132 -0.009511731 0.0334501565
vn 1 -1.303713E-06 0
vn 1 -1.303713E-06 0
vn 0.9990609 0.0212689415 0.03774738
vn 0.9990609 0.0212689415 0.03774738
vn 0.9990609 0.0212689415 0.03774738
vn 0.999849856 -0.00598047441 -0.0162651669
vn 0.999849856 -0.00598047441 -0.0162651669
vn 0.9999194 -0.01262978 -0.00129860721
vn 0.9995813 -0.007874185 -0.027843155
vn 0.9995813 -0.007874185 -0.027843155
vn 1 -1.84450664E-06 0
vn 1 -1.84450664E-06 0
vn 0.999826849 -0.0185921229 0.0008357648
vn 0.999826849 -0.0185921229 0.0008357648
vn 0.9991184 -0.01143832 0.04039411
vn 1 5.65167568E-07 0
vn 0.9991184 -0.01143832 0.04039411
vn 1 1.32924993E-06 0
vn 1 5.65167568E-07 0
vn 1 1.32924993E-06 0
vn 1 1.32924993E-06 0
vn 1 0 0
vn 1 0 0
vn 1 0 0
vn 0.9998261 0.0140935788 0.0122150192
vn 0.9998261 0.0140935788 0.0122150192
vn 0.9247372 -0.365303665 -0.106838055
vn 0.9247372 -0.365303665 -0.106838055
vn 0.9247372 -0.365303665 -0.106838055
vn 0.9762395 0.0748624653 0.203352079
vn 0.9762395 0.0748624653 0.203352079
vn 0.9762395 0.0748624653 0.203352079
vn 0.9961175 0 0.0880337954
vn 0.9961175 0 0.0880337954
vn 0.9961175 0 0.0880337954
vn 0.9969432 0.06668003 -0.0407191627
vn 0.9969432 0.06668003 -0.0407191627
vn 0.9969432 0.06668003 -0.0407191627
vn 0.9998373 -0.008836577 -0.0157276038
vn 0.9998373 -0.008836577 -0.0157276038
vn 0.9998373 -0.008836577 -0.0157276038
vn 0.9996911 0.0248506181 0.000318344071
vn 0.9996911 0.0248506181 0.000318344071
vn 0.9996911 0.0248506181 0.000318344071
vn 0.9987932 -0.0485982373 0.00709786173
vn 0.9987932 -0.0485982373 0.00709786173
vn 0.9987932 -0.0485982373 0.00709786173
vn 0.9945388 -0.08847894 0.0553541072
vn 0.9945388 -0.08847894 0.0553541072
vn 0.9945388 -0.08847894 0.0553541072
vn 0.946411848 -0.309702128 -0.09159294
vn 0.946411848 -0.309702128 -0.09159294
vn 0.946411848 -0.309702128 -0.09159294
vn 0.9910212 0.0758125857 0.110133752
vn 0.9910212 0.0758125857 0.110133752
vn 0.9910212 0.0758125857 0.110133752
vn 0.9938943 0.09922855 0.0482474379
vn 0.9938943 0.09922855 0.0482474379
vn 0.9938943 0.09922855 0.0482474379
vn 0.9996956 -0.0207737461 -0.0133107612
vn 0.9996956 -0.0207737461 -0.0133107612
vn 0.9996956 -0.0207737461 -0.0133107612
vn 0.9991661 -0.001335437 0.0408096947
vn 0.9991661 -0.001335437 0.0408096947
vn 0.9991661 -0.001335437 0.0408096947
vn 0.9951369 0.0371863432 -0.09121271
vn 0.9951369 0.0371863432 -0.09121271
vn 0.9951369 0.0371863432 -0.09121271
vn 0.9964514 -0.03244101 -0.0776679
vn 0.9964514 -0.03244101 -0.0776679
vn 0.9964514 -0.03244101 -0.0776679
vn 0.989628 -0.143141538 -0.0121202422
vn 0.989628 -0.143141538 -0.0121202422
vn 0.989628 -0.143141538 -0.0121202422
vn 0.987306535 0.1402312 -0.07457256
vn 0.987306535 0.1402312 -0.07457256
vn 0.987306535 0.1402312 -0.07457256
vn 0.9959137 0.0903089 -0.0005918726
vn 0.9959137 0.0903089 -0.0005918726
vn 0.9959137 0.0903089 -0.0005918726
vn 0.999512136 0.0123896739 -0.0286702551
vn 0.999512136 0.0123896739 -0.0286702551
vn 0.999512136 0.0123896739 -0.0286702551
vn 0.996906 -0.0472319238 0.0628296062
vn 0.996906 -0.0472319238 0.0628296062
vn 0.996906 -0.0472319238 0.0628296062
vn 0.9995556 0.0293784831 0.00505337631
vn 0.9995556 0.0293784831 0.00505337631
vn 0.9995556 0.0293784831 0.00505337631
vn 1 -1.97826535E-06 0
vn 1 -1.97826535E-06 0
vn 1 1.14809507E-06 0
vn 1 1.14809507E-06 0
vn 1 1.14809507E-06 0
vn 0.9966562 0.0488592237 0.06549278
vn 0.9966562 0.0488592237 0.06549278
vn 0.9966562 0.0488592237 0.06549278
vn 0.9993579 -0.0338661969 0.0117004951
vn 0.9993579 -0.0338661969 0.0117004951
vn 0.9993579 -0.0338661969 0.0117004951
vn 0.996167243 0.07594211 0.04340185
vn 0.996167243 0.07594211 0.04340185
vn 0.996167243 0.07594211 0.04340185
vn 0.996020854 0.0779535845 0.0431936756
vn 0.996020854 0.0779535845 0.0431936756
vn 0.996020854 0.0779535845 0.0431936756
vn 0.9999999 -4.577636E-05 -0.0005738551
vn 0.9999999 -4.577636E-05 -0.0005738551
vn 0.9999999 -4.577636E-05 -0.0005738551
vn 0.9960602 -0.08734853 0.0153081222
vn 0.9960602 -0.08734853 0.0153081222
vn 0.9960602 -0.08734853 0.0153081222
vn 0.9983615 -0.05080874 0.026318796
vn 0.9983615 -0.05080874 0.026318796
vn 0.9983615 -0.05080874 0.026318796
vn -1 0 0
vn -1 0 0
vn -1 0 0
vn -1 1.27013163E-06 0
vn -1 1.27013163E-06 0
vn -1 1.27013163E-06 0
vn -1 0 0
vn -1 0 0
vn -1 -4.68459547E-07 0
vn -1 0 0
vn -1 -4.68459547E-07 0
vn -1 2.19168123E-06 0
vn -1 -8.193785E-07 0
vn -1 -8.193785E-07 0
vn -1 -8.193785E-07 0
vn -1 -1.42535418E-06 0
vn -1 -1.42535418E-06 0
vn -1 3.228873E-07 0
vn -1 3.228873E-07 0
vn -1 0 0
vn -1 0 0
vn -1 0 0
vn -1 0 0
vn -1 1.5807737E-07 0
vn -1 1.5807737E-07 0
vn -1 0 0
vn -1 4.678424E-07 0
vn -1 4.678424E-07 0
vn -1 4.678424E-07 0
vn -1 -7.241004E-07 0
vn -1 -7.241004E-07 0
vn -1 -1.02604793E-06 0
vn -1 -1.02604793E-06 0
vn -1 0 0
vn -1 0 0
vn -1 0 0
vn -1 -1.18054606E-06 0
vn -1 -1.18054606E-06 0
vn -1 0 0
vn -1 0 0
vn -1 0 0
vn -1 0 0
vn -1 0 0
vn -1 0 0
vn -1 0 0
vn -1 0 0
vn -1 0 0
vn -1 2.80016678E-07 0
vn -1 -8.954636E-07 0
vn -1 0 0
vn -1 -6.905772E-07 0
vn -1 0 0
vn -1 0 0
vn -1 2.08493361E-06 0
vn -1 0 0
vn -1 2.08493361E-06 0
vn -1 -6.34064E-07 0
vn -1 0 0
vn -1 0 0
vn -1 0 0
vn -1 7.325707E-07 0
vn -1 6.837925E-07 0
vn -1 -9.085491E-07 0
vn -1 -9.085491E-07 0
vn -1 -2.043995E-06 0
vn -1 -2.043995E-06 0
vn -1 -6.34064E-07 0
vn -1 0 0
vn -1 0 0
vn -1 0 0
vn -1 0 0
vn -1 0 0
vn -1 0 0
vn -1 0 0
vn -1 0 0
vn -1 -3.35224883E-07 0
vn -1 -3.35224883E-07 0
vn -1 0 0
vn -1 0 0
vn -1 1.36299207E-06 0
vn -1 1.36299207E-06 0
vn -1 1.36299207E-06 0
vn -1 0 0
vn -1 0 0
vn -1 0 0
vn -1 0 0
vn -1 0 0
vn -1 0 0
vn -1 2.74020658E-06 0
vn -1 2.74020658E-06 0
vn -1 2.74020658E-06 0
vn -1 0 0
vn -1 0 0
vn -1 0 0
vn -1 6.21627669E-06 0
vn -1 6.21627669E-06 0
vn -1 -2.527479E-06 0
vn -1 -2.527479E-06 0
vn -1 -2.527479E-06 0
vn 0.0294272937 -0.840237141 0.54142
vn 0.04749877 -0.9909481 -0.125561878
vn 0.0295553 -0.840231538 0.541421652
vn 0.0505913347 -0.9827434 -0.17792131
vn 0.0501318164 -0.982767463 -0.17791833
vn 0.0501307622 -0.8667554 0.496207565
vn 0.00157421082 -0.994623 -0.103550225
vn -0.009028045 -0.6953922 -0.718573749
vn 0.0259006582 -0.994165063 -0.104714036
vn 0.0661575645 -0.6836211 -0.7268324
vn 0.07688092 -0.0546639226 -0.9955407
vn 0.03895822 -0.683040559 -0.7293407
vn 0.0579154454 -0.101529837 -0.9931452
vn 0.0579145662 -0.7170057 -0.694657266
vn 0.00157424074 -0.07076118 -0.9974921
vn -0.009028033 0.586884141 -0.809620559
vn 0.06614863 0.5971062 -0.7994302
vn 0.07687093 0.970930755 -0.226681173
vn 0.0389498 0.5996747 -0.7992955
vn 0.0579233468 0.9604226 -0.272458076
vn 0.05792204 0.559587 -0.8267451
vn 0.00551563175 0.9690507 -0.246800065
vn -0.01222656 0.900995731 0.43365556
vn 0.06424765 0.8882878 0.4547714
vn 0.08231844 0.38599506 0.918820739
vn 0.0408753566 0.888483465 0.4570847
vn 0.07848136 0.434577882 0.897208333
vn 0.057928212 0.43505764 0.8985372
vn 0.0579280853 0.911359 0.407515824
vn -0.004283235 0.402135074 0.9155703
vn -0.004284922 -0.280464023 0.95985496
vn 0.02570855 0.400830626 0.9157914
vn 0.07707107 -0.270906985 0.9595152
vn 0.05933245 -0.826122 0.560358942
vn 0.03491766 -0.273932278 0.9611149
vn 0.0394933261 -0.6959527 0.7170008
vn 0.007758431 -0.6974038 0.7166364
vn 0.00775828725 -0.0735827461 0.997258961
vn 0.077370815 0.475703776 0.876196146
vn 0.104102388 -0.20076102 0.9740933
vn 0.05356944 0.474283069 0.878741145
vn 0.07815879 -0.07169077 0.9943599
vn 0.0506836325 -0.07235145 0.9960906
vn 0.05068286 0.5856045 0.809010863
vn 0.00695828861 -0.170214057 0.985382557
vn -0.009174505 -0.7636513 0.6455637
vn 0.0209877025 -0.1707608 0.985089
vn 0.08000489 -0.774778366 0.6271505
vn 0.09643123 -0.9951344 -0.02021274
vn 0.0507942848 -0.7780241 0.6261777
vn 0.07816062 -0.991701663 0.102071911
vn 0.0506845638 -0.9935209 0.101721711
vn 0.05068376 -0.6950277 0.7171943
vn 0.00695672072 -0.9999696 0.00351449824
vn -0.00917073153 -0.7683841 -0.639923334
vn 0.0209889282 -0.999775469 0.0029253664
vn 0.08751636 -0.75634855 -0.6482883
vn 0.08752167 -0.159935161 -0.983239949
vn 0.04958618 -0.756232858 -0.652420938
vn 0.08000234 -0.2726838 -0.9587717
vn 0.05193479 -0.2726566 -0.960708737
vn 0.0519338138 -0.826946855 -0.5598766
vn 0.0100360271 -0.1709354 -0.9852311
vn -0.00673467759 0.502235949 -0.86470443
vn 0.0230331365 -0.170380846 -0.985109031
vn 0.075561 0.5260884 -0.847066462
vn 0.109344736 0.9452289 -0.307548553
vn 0.0554747358 0.5286376 -0.847033
vn 0.0330936536 0.809674263 -0.5859458
vn -0.00438713655 0.811278343 -0.584643662
vn -0.004387163 0.245674208 -0.9693425
vn 0.04355179 0.7307198 -0.6812869
vn 0.031577535 0.998157561 -0.05181113
vn 0.0164348725 0.7319549 -0.6811549
vn 0.07430278 0.9945806 0.07272199
vn 0.06892799 0.994972467 0.07265493
vn 0.06892679 0.807883263 -0.585298
vn -0.0123186167 0.9992706 -0.0361455642
vn -0.000328762049 0.788834035 0.614606261
vn 0.0396339744 0.998664737 -0.0331338346
vn 0.03158183 0.2242817 0.9740125
vn 0.0164405182 0.7978653 0.6026116
vn -0.008631634 -0.456289381 0.8897896
vn 0.04124401 0.2193202 0.9747808
vn 0.0513878651 -0.927225351 0.370961517
vn 0.0204661433 -0.4726212 0.881028
vn 0.07429757 0.101105392 0.9920976
vn 0.06892019 0.1012367 0.9924723
vn 0.06891896 0.716703653 0.693964
vn 0.07294199 -0.959560752 0.271887273
vn 0.06753563 -0.959901 0.272082865
vn 0.06753471 -0.559064567 0.8263691
vn -0.006903991 -0.9234131 0.3837455
vn -0.006902253 -0.9540244 -0.299649566
vn 0.0390862525 -0.92388916 0.380658835
vn 0.0435453244 -0.9553587 -0.292221755
vn 0.0315683261 -0.5439126 -0.8385479
vn 0.01642816 -0.9558624 -0.2933551
vn 0.0223918818 0.137453541 -0.990255058
vn 0.0213069785 -0.5313041 -0.8469132
vn -0.00689612655 0.736512959 -0.6763883
vn 0.03908795 0.132328242 -0.990434945
vn 0.04175207 -0.5842677 -0.8104863
vn 0.0249663573 -0.58440423 -0.811078548
vn 0.0249658283 -0.9690853 -0.24545975
vn 0.0394994356 0.3455425 -0.937571466
vn 0.0549225 0.3458881 -0.936666965
vn 0.0549215339 -0.3381416 -0.939491332
vn 0.0451065823 -0.607955456 -0.792688847
vn 0.06315423 0.0446054 -0.9970065
vn 0.0276359972 -0.607385933 -0.79392606
vn 0.03761208 -0.101177275 -0.9941572
vn 0.0141799934 -0.10060665 -0.994825244
vn 0.0141802505 -0.716578 -0.6973628
vn 0.0219149422 0.0302357953 -0.9993025
vn 0.02191711 0.6656283 -0.745961547
vn 0.02005466 0.030258 -0.9993409
vn -0.0009912802 0.991145 -0.132780343
vn 0.0290974416 0.67533195 -0.7369397
vn 0.04351825 0.76812315 -0.6388216
vn 0.0513941981 0.7679839 -0.6384038
vn 0.051393345 0.177010775 -0.9828662
vn 0.055328276 0.986048 -0.156997636
vn 0.0381842926 0.8566582 0.5144694
vn 0.0197056066 0.9876062 -0.155710071
vn 0.0305933021 0.303417563 0.9523664
vn 0.020382138 0.8448845 0.5345603
vn -0.0227923784 -0.350087076 0.9364398
vn 0.0292884279 0.331536829 0.942987561
vn 0.0376099 0.911552548 0.409460038
vn 0.0141781326 0.9118461 0.41028738
vn 0.0141783943 0.962223768 -0.271890551
vn 0.0410283059 0.1692166 0.9847245
vn 0.0492279641 0.16891332 0.9844008
vn 0.0492287949 0.762724161 0.6448476
vn 0.0521671064 -0.37156263 0.926941156
vn 0.05216671 -0.8809453 0.4703339
vn 0.0253627524 -0.373338968 0.927348256
vn 0.0389716178 -0.8103347 0.58467
vn 0.0153134745 -0.811228 0.5845295
vn 0.0153135993 -0.24563317 0.9692419
vn 0.00959804 -0.88972 0.45640564
vn 0.0377312824 -0.9743645 -0.221788734
vn 0.0221874882 -0.889370739 0.456648022
vn 0.0410402343 -0.9374035 -0.34581852
vn 0.0492406078 -0.9369727 -0.345915645
vn 0.04924126 -0.939816236 0.338113517
vn 0.00894278 -0.983927131 -0.178346545
vn -0.0258310214 -0.6395286 -0.768333256
vn 0.0296324957 -0.9832397 -0.179893479
vn 0.0273592528 -0.997093558 -0.0711055
vn 0.053022217 -0.995963037 -0.07243141
vn 0.0530231744 -0.8089133 0.585532069
vn -0.0329055674 -0.983505666 0.177859232
vn -0.03290639 -0.8675417 -0.4962747
vn 0.0104037784 -0.984533548 0.174887031
vn -0.0169828981 0.338027418 -0.940983057
vn -0.0169830415 0.863844931 -0.503471434
vn -0.0311134886 0.338085949 -0.9406008
vn 0.0167976152 0.900193751 -0.435165584
vn 0 0.90049 -0.4348768
vn 0 0.410287023 -0.9119565
vn 0 0.9693516 -0.2456776
vn 0 0.900466561 0.4349253
vn -0.016796995 0.9693104 -0.2452657
vn 0.03110147 0.8635944 0.503227
vn 0.0169716738 0.8637927 0.503561437
vn 0.01697144 0.9853617 -0.169629768
vn -0.0169740114 0.6458891 0.763242543
vn -0.0169736743 0.00407713745 0.999847651
vn -0.0311018266 0.64552623 0.763104558
vn 0.0458946973 -0.2441226 0.968657732
vn 0.03753315 -0.244190291 0.9690007
vn 0.0375331342 0.436300933 0.8990177
vn -0.0319050066 -0.2716116 0.961877942
vn -0.0319045261 -0.8265546 0.561951637
vn -0.0159563 -0.272228539 0.9621003
vn -0.0104041882 -0.174855456 0.984539151
vn 0.03290105 -0.177829385 0.9835112
vn 0.03290049 0.496301442 0.8675266
vn -0.0328956358 0.177824348 0.9835123
vn -0.032895 -0.496307075 0.8675236
vn 0.0104098991 0.174847782 0.984540462
vn -0.020030912 -0.8996183 -0.4362175
vn -0.0200306661 -0.408623546 -0.9124832
vn -0.0499896444 -0.8982295 -0.436674744
vn 0.04999312 -0.274047822 -0.96041584
vn 0.0200304631 -0.2733553 -0.9617046
vn 0.0200308338 -0.8276534 -0.5608821
vn -0.0200304631 0.2733553 -0.9617046
vn -0.0200308338 0.8276534 -0.5608821
vn -0.04999312 0.274047822 -0.96041584
vn 0.04999323 0.8982502 -0.43663162
vn 0.0200305637 0.899639249 -0.4361743
vn 0.0200306661 0.408623546 -0.9124832
vn -0.0375367664 0.7170778 -0.6959817
vn -0.03753715 0.996718347 -0.07171792
vn -0.0458977446 0.716815352 -0.695750833
vn 0.0310997311 0.983628869 0.177502409
vn 0.0169698428 0.983929634 0.177748665
vn 0.0169699546 0.8679391 -0.496380657
vn -0.0103997681 -0.643680632 0.765223563
vn 0.0329017565 -0.645743251 0.7628454
vn 0.0329011567 -0.00393012166 0.999450862
vn -0.03290525 -0.3377454 0.9406622
vn -0.03290589 -0.8635698 0.5031546
vn 0.010403879 -0.340834349 0.940065861
vn 0.0280110911 -0.9689307 0.245740965
vn 0.0280110128 -0.900060534 -0.434863716
vn -0.0089244 -0.9698252 0.2436378
vn 0.00892420951 -0.9698257 -0.2436359
vn -0.0280116461 -0.9689312 -0.245739117
vn -0.0280115549 -0.90005964 0.4348655
vn -0.010398 -0.340845972 -0.9400616
vn 0.0329104923 -0.337757051 -0.9406578
vn 0.0329110324 -0.863575637 -0.5031441
vn -0.05302749 -0.560661554 -0.826345444
vn -0.0530265048 0.102685586 -0.9932995
vn -0.02736819 -0.560079 -0.8279871
vn 0.0159502588 0.6970854 -0.7168107
vn 0.0318989679 0.69720304 -0.7161637
vn 0.031898275 0.07338336 -0.996793568
vn -0.0104079908 0.174866036 -0.984537244
vn 0.0329009034 0.177842051 -0.9835089
vn 0.03290148 -0.4962915 -0.8675323
vn -0.05302244 -0.072415404 -0.99596417
vn -0.05302326 0.58554554 -0.8089036
vn -0.0273601469 -0.0710882843 -0.99709475
vn 0.0273638852 0.9942867 -0.103175111
vn 0.0530226529 0.9934041 -0.101670928
vn 0.053021308 0.694907665 -0.717141569
vn -0.0530188121 0.9682547 -0.244278327
vn -0.053019736 0.8983008 0.436170369
vn -0.027355276 0.969598353 -0.2431682
vn 0.0273482017 0.274208218 0.9612814
vn 0.0530129448 0.27261734 0.960660934
vn 0.05301204 0.8269107 0.559828937
vn -0.0328980647 0.503504932 0.863365769
vn -0.0328979865 -0.169684917 0.9849492
vn 0.010411229 0.501060545 0.8653496
vn 0.0351634622 0.8038349 -0.5938122
vn 0.05343253 0.9985697 0.00189047214
vn 0.059936218 0.9476525 -0.313627779
vn 0.05072055 0.808919 -0.585728168
vn 0.0564283021 0.5819074 -0.811295033
vn -4.67151449E-06 0.30901137 -0.9510584
vn 0.03703587 0.59754926 -0.800976455
vn -0.0108004157 0.00500348164 -0.9999292
vn 0.0302092768 -0.300881922 -0.9531828
vn 2.03773379E-06 9.179115E-06 -1
vn -0.0108141312 -0.005004645 -0.999929
vn 0.0370229147 -0.5975485 -0.800977647
vn 0.0507209562 -0.8089188 -0.585728467
vn 0.0286229234 -0.5619454 -0.826679
vn 0.0351671539 -0.803830445 -0.593818069
vn 0.0472371839 -0.9436204 -0.327641964
vn 0.04162154 -0.999105752 -0.007441851
vn 0.03476696 -0.9418971 -0.334097534
vn 0.0509593822 -0.954471 0.293918937
vn 0.05734013 -0.8063772 0.5886153
vn 0.042316623 -0.95674175 0.2878447
vn 0.0483543426 -0.8119549 0.581714
vn 0.0548141338 -0.595620036 0.8013939
vn 0.0598016344 -0.305771232 0.9502251
vn 0.05144331 -0.596999466 0.8005905
vn 0.0550985932 -0.3129761 0.9481614
vn 0.05641073 -0.00242678472 0.9984047
vn 0.05509861 0.312976122 0.9481614
vn 0.0563835539 0.00243072212 0.998406231
vn 0.0598027632 0.305771142 0.950225055
vn 0.0514161363 0.5969982 0.800593257
vn 0.0483529828 0.8119554 0.5817134
vn 0.0548173226 0.595623136 0.801391363
vn 0.0573360622 0.806373 0.588621438
vn 0.06484072 0.950487 0.3039246
vn 0.0296479128 0.9993822 -0.0188736673
vn 0.05095882 0.954474151 0.293908715
vn 0.0347640477 0.9418934 -0.3341081
vn 0.8380628 -1.5452506E-05 -0.545573831
vn 0.8243614 0.22604008 -0.5189742
vn 0.824361444 -0.226040125 -0.518974066
vn 0.998341262 -0.009997957 0.0566989072
vn 0.998341262 -0.009997957 0.0566989072
vn 0.998341262 -0.009997957 0.0566989072
vn 0.9978928 -0.0184012 0.0622208454
vn 0.9978928 -0.0184012 0.0622208454
vn 0.9978928 -0.0184012 0.0622208454
vn 0.9984707 -0.0423489362 0.0355349034
vn 0.9984707 -0.0423489362 0.0355349034
vn 0.9984707 -0.0423489362 0.0355349034
vn 0.9993698 0.0177470651 -0.0307425726
vn 0.9993698 0.0177470651 -0.0307425726
vn 0.9993698 0.0177470651 -0.0307425726
vn 0.998517931 0.0543815531 0.00215006876
vn 0.998517931 0.0543815531 0.00215006876
vn 0.998517931 0.0543815531 0.00215006876
vn 6.43936846E-06 0.0866171345 -0.9962417
vn -0.000598416431 0.448214263 -0.893925965
vn 0.000213757157 0.08661669 -0.9962417
vn -9.018631E-06 0.4483894 -0.893838346
vn -1.53630954E-05 0.756993949 -0.6534219
vn 8.976076E-06 0.756995857 -0.6534197
vn -1.56313217E-05 0.9447221 -0.327872127
vn 8.976073E-06 0.944722235 -0.327871829
vn -1.54599547E-05 0.9990327 0.0439743437
vn 8.97609E-06 0.999032259 0.04398412
vn -1.54599547E-05 0.9122601 0.409611464
vn 8.976083E-06 0.9122562 0.4096202
vn -1.53630972E-05 0.6966506 0.717410564
vn 8.976072E-06 0.696650565 0.7174107
vn -1.552701E-05 0.382664353 0.923887432
vn 8.976072E-06 0.382664353 0.923887432
vn -0.0003236506 -0.00454710471 0.9999896
vn -5.993135E-05 -0.00465858 0.999989152
vn -6.43933936E-06 -0.08661773 -0.9962416
vn 0.0005984165 -0.4482148 -0.893925667
vn -0.000213757172 -0.08661726 -0.9962417
vn 9.018631E-06 -0.4483894 -0.893838346
vn 1.53630954E-05 -0.756993949 -0.6534219
vn -8.976076E-06 -0.756995857 -0.6534197
vn 1.55642629E-05 -0.944722235 -0.327871859
vn -8.976073E-06 -0.9447221 -0.3278721
vn 1.54599566E-05 -0.9990327 0.04397443
vn -8.976082E-06 -0.9990324 0.0439816453
vn 1.54599566E-05 -0.9122591 0.4096137
vn -8.976083E-06 -0.9122562 0.4096202
vn 1.53630972E-05 -0.6966506 0.717410564
vn -8.976072E-06 -0.696650565 0.7174107
vn 1.552701E-05 -0.382664353 0.923887432
vn -8.976072E-06 -0.382664353 0.923887432
vn 0.000323561078 0.00454795361 0.9999896
vn 5.993133E-05 0.00465884758 0.999989152
vn 0.9990471 0.0424651951 -0.0100775333
vn 0.9990471 0.0424651951 -0.0100775333
vn 0.9990471 0.0424651951 -0.0100775333
vn 0.9970085 0.0529954433 -0.056263797
vn 0.9977455 -0.0400200635 -0.0538723953
vn 0.9977455 -0.0400200635 -0.0538723953
vn 0.9977455 -0.0400200635 -0.0538723953
vn 0.9991835 -0.007407206 -0.0397182554
vn 0.999805868 -0.017991025 -0.008041426
vn 0.999805868 -0.017991025 -0.008041426
vn 0.99960357 -0.0036754203 0.0279136114
vn 0.9999528 -0.008865836 0.003971492
vn 1 0 0
vn 1 0 0
vn 1 7.59370664E-07 0
vn 1 7.59370664E-07 0
vn 0.999760568 0.0002612794 0.021878833
vn 0.999760568 0.0002612794 0.021878833
vn 1 -1.13791532E-06 0
vn 0.9999466 0.00718217064 -0.00743680773
vn 1 0 0
vn 0.9999351 0.0108360359 0.00352102751
vn 0.9999466 0.00718217064 -0.00743680773
vn 0.999834359 -0.002882962 -0.01797092
vn 0.999834359 -0.002882962 -0.01797092
vn 0.999834359 -0.002882962 -0.01797092
vn 1 0 0
vn 1 0 0
vn 0.998966932 -0.0442147143 -0.0104930205
vn 0.998966932 -0.0442147143 -0.0104930205
vn 0.998966932 -0.0442147143 -0.0104930205
vn 0.997794867 -0.05042652 -0.0431575663
vn 1 0 0
vn 1 0 0
vn 1 0 0
vn 0.9993495 0.00387059851 -0.03585582
vn 0 -1 2.193451E-05
vn 0 -1 -2.044439E-05
vn 1.67191029E-05 -0.7660311 -0.6428035
vn 0 -0.766031146 -0.642803431
vn 0 -0.173666313 -0.9848046
vn 0 -0.17366834 -0.9848042
vn 0 0.499980032 -0.866036952
vn 0 0.499979645 -0.8660372
vn 0 0.939685345 -0.342040151
vn 0 0.939685345 -0.342040151
vn 0 0.9396993 0.342001826
vn 0 0.9396992 0.342002153
vn 0 0.4999778 0.8660382
vn 0 0.499979228 0.8660374
vn 0 -0.173625752 0.9848117
vn 0 -0.1736724 0.9848035
vn 0 -0.766031444 0.642803133
vn 0 -0.7660343 0.642799735
vn 1.67042017E-05 -1 2.06083059E-05
vn 0 -1 2.092123E-05
vn 1 0 0
vn 1 0 0
vn 1 0 0
vn 1 0 0
vn 1 0 0
vn 1 -7.487182E-07 0
vn 1 2.27041573E-06 0
vn 1 -8.69613643E-07 0
vn 1 -2.20186712E-06 0
vn -1 9.32418345E-07 0
vn -1 9.32418345E-07 0
vn -1 9.32418345E-07 0
vn -1 0 0
vn -1 6.811841E-07 0
vn -1 6.811841E-07 0
vn -1 6.811841E-07 0
vn -1 0 0
vn -1 0 0
vn -1 1.81506664E-07 0
vn -1 5.974358E-07 0
vn -1 5.60663864E-07 0
vn -1 5.60663864E-07 0
vn -1 5.60663864E-07 0
vn -1 0 0
vn -1 0 0
vn -1 -4.13135149E-06 0
vn -1 0 0
vn -1 0 0
vn 0.0577735044 0.9355483 -0.34844172
vn 0.0318181366 0.941655159 0.335072041
vn 0.0286956988 0.9369376 -0.348316848
vn 0.047540918 0.937056363 0.345926672
vn 0.002701828 0.486122936 0.8738863
vn 0.02801649 -0.697260559 -0.7162701
vn 0.0280159228 -0.07344216 -0.996905863
vn -0.008914232 -0.6958854 -0.718097568
vn 0.0200303439 -0.102191553 -0.994563043
vn 0.0280116834 -0.716295063 0.6972351
vn 0.0280110817 -0.996908545 0.07340815
vn -0.00891666 -0.718120754 0.6958614
vn 0.0200350564 -0.994559 0.102230184
vn -0.02003142 0.99455905 0.1022305
vn -0.020031089 0.696062565 0.7177016
vn -0.0499881171 0.9934104 0.103135355
vn -0.028011648 0.7162954 0.69723475
vn -0.0200305935 0.8101889 0.585826635
vn -0.0200302042 0.243941844 0.969583
vn -0.0499908775 0.808741033 0.586036563
vn -0.02800577 0.271667331 0.9619836
vn 0.0280178823 -0.434624732 0.90017575
vn 0.0280169453 -0.9116787 0.409947664
vn -0.0089163715 -0.436769575 0.8995292
vn 0.0200378355 -0.899622262 0.436208934
vn -0.0200343747 -0.9945575 -0.102244563
vn -0.020033842 -0.6960528 -0.717711031
vn -0.04999222 -0.9934087 -0.103150494
vn -0.0280122235 -0.7162889 -0.697241366
vn 0.997727334 0.0191909 0.0645901561
vn 0.997727334 0.0191909 0.0645901561
vn 0.997727334 0.0191909 0.0645901561
vn 0.99859786 0.0264666136 0.0458461344
vn 0.9984091 -0.0438306034 0.0354705676
vn 0.9984091 -0.0438306034 0.0354705676
vn 0.9984091 -0.0438306034 0.0354705676
vn 0.9987132 -0.05071464 0
vn 0.9988575 -0.04773254 0.00231454615
vn 0.9988801 -0.0362452567 -0.0304117315
vn 0.9988801 -0.0362452567 -0.0304117315
vn 0.9988801 -0.0362452567 -0.0304117315
vn 0.999201 -0.0335964635 -0.0216501746
vn 0.999017954 -0.007692757 -0.04363386
vn 0.999017954 -0.007692757 -0.04363386
vn 0.999017954 -0.007692757 -0.04363386
vn 0.99780947 0 -0.06615301
vn 0.998879 0.0394444428 -0.0261684787
vn 0.998879 0.0394444428 -0.0261684787
vn 0.998879 0.0394444428 -0.0261684787
vn 0.999182165 0.037997108 -0.0138292769
vn 0.9989417 0.0432203226 0.0157315377
vn 0.9989417 0.0432203226 0.0157315377
vn 0.9980815 0.0483782329 0.03863763
vn -0.9985449 -0.0527488329 -0.0112128127
vn -0.9985449 -0.0527488329 -0.0112128127
vn -0.9985449 -0.0527488329 -0.0112128127
vn -0.998610556 -0.0426329821 -0.03097451
vn -0.998610556 -0.0426329821 -0.03097451
vn -0.999300838 -0.0186945889 -0.0323795527
vn -0.999300838 -0.0186945889 -0.0323795527
vn -0.9987406 -0.009437339 -0.0492761135
vn -0.998140752 -0.00637077773 -0.06061763
vn -0.998140752 -0.00637077773 -0.06061763
vn -0.9961228 -0.0257733278 -0.08411435
vn -0.999228835 0.0121338191 -0.0373431
vn -0.999228835 0.0121338191 -0.0373431
vn -0.9998097 0.008128116 -0.0177350044
vn -0.9998097 0.008128116 -0.0177350044
vn -0.9997853 0.01605301 0.0131033994
vn -0.9997853 0.01605301 0.0131033994
vn -0.9973614 -0.06283618 -0.03635634
vn -0.9973614 -0.06283618 -0.03635634
vn -0.9973614 -0.06283618 -0.03635634
vn -0.994094133 -0.0794098452 0.0739657655
vn -0.994094133 -0.0794098452 0.0739657655
vn -0.994094133 -0.0794098452 0.0739657655
vn -0.9981582 -0.04730372 -0.0379805975
vn -0.9981582 -0.04730372 -0.0379805975
vn -0.9981582 -0.04730372 -0.0379805975
vn -0.9983811 -0.00247410638 0.0568252355
vn -0.9983811 -0.00247410638 0.0568252355
vn -0.9983811 -0.00247410638 0.0568252355
vn -0.994851 0.0284700952 -0.09726738
vn -0.994851 0.0284700952 -0.09726738
vn -0.994851 0.0284700952 -0.09726738
vn -0.9978527 -0.06001485 -0.0262352582
vn -0.9978527 -0.06001485 -0.0262352582
vn -0.9978527 -0.06001485 -0.0262352582
vn -0.998007834 -0.05421717 0.0322616324
vn -0.998007834 -0.05421717 0.0322616324
vn -0.998007834 -0.05421717 0.0322616324
vn -0.9977276 0.0587969832 -0.0329045765
vn -0.9977276 0.0587969832 -0.0329045765
vn -0.9977276 0.0587969832 -0.0329045765
vn -0.9960217 -0.08490851 -0.0270440634
vn -0.9960217 -0.08490851 -0.0270440634
vn -0.9960217 -0.08490851 -0.0270440634
vn -0.9998644 0.0150441984 -0.006698044
vn -0.9998644 0.0150441984 -0.006698044
vn -0.9998644 0.0150441984 -0.006698044
vn -0.9893625 0.08198083 0.120171025
vn -0.9893625 0.08198083 0.120171025
vn -0.9893625 0.08198083 0.120171025
vn -0.9989691 0.0445647836 -0.008651247
vn -0.9989691 0.0445647836 -0.008651247
vn -0.9989691 0.0445647836 -0.008651247
vn -0.9979822 0.0634944439 0
vn -0.9979822 0.0634944439 0
vn -0.9979822 0.0634944439 0
vn -0.996595442 0.08207091 0.00786812
vn -0.996595442 0.08207091 0.00786812
vn -0.996595442 0.08207091 0.00786812
vn -0.998898149 0.00559171 -0.0465957969
vn -0.998898149 0.00559171 -0.0465957969
vn -0.998898149 0.00559171 -0.0465957969
vn -0.9964856 -0.0216204263 0.0809261
vn -0.9964856 -0.0216204263 0.0809261
vn -0.9964856 -0.0216204263 0.0809261
vn -0.996878862 0.05382412 -0.057753332
vn -0.996878862 0.05382412 -0.057753332
vn -0.996878862 0.05382412 -0.057753332
vn -0.9975183 -0.06808357 0.017943278
vn -0.9975183 -0.06808357 0.017943278
vn -0.9975183 -0.06808357 0.017943278
vn -0.9981164 -0.005107374 0.0611369275
vn -0.9981164 -0.005107374 0.0611369275
vn -0.9981164 -0.005107374 0.0611369275
vn -0.9927384 0.117705561 0.0248159058
vn -0.9927384 0.117705561 0.0248159058
vn -0.9927384 0.117705561 0.0248159058
vn -0.999494851 0.03140079 -0.0049044094
vn -0.999494851 0.03140079 -0.0049044094
vn -0.999494851 0.03140079 -0.0049044094
vn -0.9999893 -0.004550095 -0.0008847745
vn -0.9999893 -0.004550095 -0.0008847745
vn -0.999456346 0.003633273 -0.0327688865
vn -0.999456346 0.003633273 -0.0327688865
vn -0.9997815 -0.013164808 -0.0162381474
vn -0.9980202 -0.00657425448 0.0625499338
vn -0.999678135 -0.014261188 0.0209808219
vn -0.999678135 -0.014261188 0.0209808219
vn -0.9980202 -0.00657425448 0.0625499338
vn -0.9969627 -0.003259906 0.0778119043
vn -0.9996304 0.008400893 0.0258558
vn -0.9996304 0.008400893 0.0258558
vn -0.9996304 0.008400893 0.0258558
vn -0.999811 0.009907107 0.0167301279
vn -0.9991047 -0.0211528726 0.0366384126
vn -0.9991047 -0.0211528726 0.0366384126
vn -0.9977582 0.00536424434 0.06670749
vn -0.9988304 -0.03911615 0.0284210276
vn -0.9988304 -0.03911615 0.0284210276
vn -0.9977821 0.0172282234 -0.0642965958
vn -0.9977821 0.0172282234 -0.0642965958
vn -0.9977821 0.0172282234 -0.0642965958
vn -0.998669267 0.03646697 -0.03646648
vn -0.998669267 0.03646697 -0.03646648
vn -0.9987098 0.0364236347 -0.0353836
vn -0.9997843 0.0136231566 -0.0156793781
vn -0.9998516 0.008993184 0.0146975806
vn -0.9998516 0.008993184 0.0146975806
vn -0.9997843 0.0136231566 -0.0156793781
vn -0.9997843 0.0136231566 -0.0156793781
vn -0.999488354 -0.0031735762 -0.0318276919
vn -0.9954064 -0.09373151 0.0195082352
vn -0.9954064 -0.09373151 0.0195082352
vn -0.9954064 -0.09373151 0.0195082352
vn -0.9988933 -0.0460062027 0.009779393
vn -0.9988933 -0.0460062027 0.009779393
vn -0.9988933 -0.0460062027 0.009779393
vn -0.9997355 0.009396876 0.0209937319
vn -0.9997355 0.009396876 0.0209937319
vn -0.9997355 0.009396876 0.0209937319
vn -0.999342442 0.03182377 -0.0173776038
vn -0.999342442 0.03182377 -0.0173776038
vn -0.999342442 0.03182377 -0.0173776038
vn -0.997772038 -0.0465628169 -0.0477789864
vn -0.997772038 -0.0465628169 -0.0477789864
vn -0.997772038 -0.0465628169 -0.0477789864
vn -0.9960966 0.07632303 -0.044343587
vn -0.9960966 0.07632303 -0.044343587
vn -0.9960966 0.07632303 -0.044343587
vn -0.9895467 0.0846264 0.116772242
vn -0.9895467 0.0846264 0.116772242
vn -0.9895467 0.0846264 0.116772242
vn -0.9895316 -0.08440193 0.11706239
vn -0.9895316 -0.08440193 0.11706239
vn -0.9895316 -0.08440193 0.11706239
vn -0.9990583 -0.04190911 -0.011229502
vn -0.9990583 -0.04190911 -0.011229502
vn -0.9990583 -0.04190911 -0.011229502
vn -0.999085665 0.0137104494 0.04049466
vn -0.999085665 0.0137104494 0.04049466
vn -0.999085665 0.0137104494 0.04049466
vn -0.9992216 -0.0318352543 -0.0232963264
vn -0.9992216 -0.0318352543 -0.0232963264
vn -0.9992216 -0.0318352543 -0.0232963264
vn -0.999808848 0.0187878776 0.005409306
vn -0.999808848 0.0187878776 0.005409306
vn -0.999808848 0.0187878776 0.005409306
vn -0.9983114 -0.05611013 0.015035511
vn -0.9983114 -0.05611013 0.015035511
vn -0.9983114 -0.05611013 0.015035511
vn -0.9958329 -0.0835059956 -0.0366544947
vn -0.9958329 -0.0835059956 -0.0366544947
vn -0.9958329 -0.0835059956 -0.0366544947
vn -0.9883193 -0.116287537 0.09849991
vn -0.9883193 -0.116287537 0.09849991
vn -0.9883193 -0.116287537 0.09849991
vn -0.9983096 -0.04389532 0.03809487
vn -0.9983096 -0.04389532 0.03809487
vn -0.9983096 -0.04389532 0.03809487
vn -0.992704034 0.09788895 0.070401676
vn -0.992704034 0.09788895 0.070401676
vn -0.992704034 0.09788895 0.070401676
vn -0.998693168 -0.0132274786 0.0493657254
vn -0.9985997 -0.0374085158 0.03740776
vn -0.998693168 -0.0132274786 0.0493657254
vn -0.9985997 -0.0374085158 0.03740776
vn -0.9985997 -0.0374085158 0.03740776
vn -0.9974703 -0.040872898 0.0581585355
vn -0.9995863 0.0286831949 -0.00215115282
vn -0.9995863 0.0286831949 -0.00215115282
vn -0.9995863 0.0286831949 -0.00215115282
vn -0.9994049 -0.014334457 0.0313736647
vn -0.9994049 -0.014334457 0.0313736647
vn -0.9994049 -0.014334457 0.0313736647
vn -0.9986281 0.0135548431 0.05057901
vn -0.9986281 0.0135548431 0.05057901
vn -0.9986281 0.0135548431 0.05057901
vn -0.9993963 0.0141319195 0.0317370556
vn -0.9993963 0.0141319195 0.0317370556
vn -0.993658364 -0.0587705635 0.09585944
vn -0.993658364 -0.0587705635 0.09585944
vn -0.993658364 -0.0587705635 0.09585944
vn -0.9931723 0.0631478354 0.09808743
vn -0.9931723 0.0631478354 0.09808743
vn -0.9931723 0.0631478354 0.09808743
vn -0.9967991 0.05542076 -0.0576203465
vn -0.9967991 0.05542076 -0.0576203465
vn -0.9967991 0.05542076 -0.0576203465
vn -0.9982487 0.05714201 0.0153112011
vn -0.9982487 0.05714201 0.0153112011
vn -0.9982487 0.05714201 0.0153112011
vn -0.99968195 0.000296807644 -0.0252170246
vn -0.99968195 0.000296807644 -0.0252170246
vn -0.99968195 0.000296807644 -0.0252170246
vn -0.9994291 0.031887453 0.0111630028
vn -0.9994291 0.031887453 0.0111630028
vn -0.9994291 0.031887453 0.0111630028
vn -0.999810755 -0.0183505937 -0.00645612273
vn -0.999810755 -0.0183505937 -0.00645612273
vn -0.999810755 -0.0183505937 -0.00645612273
vn -0.9989324 0.0446218625 -0.011956255
vn -0.9989324 0.0446218625 -0.011956255
vn -0.9989324 0.0446218625 -0.011956255
vn -0.988816738 0.115653962 0.09415734
vn -0.988816738 0.115653962 0.09415734
vn -0.988816738 0.115653962 0.09415734
vn -0.995353043 0.08743965 -0.04033103
vn -0.995353043 0.08743965 -0.04033103
vn -0.995353043 0.08743965 -0.04033103
vn -0.998577 0.0272763446 -0.0458261669
vn -0.998577 0.0272763446 -0.0458261669
vn -0.998577 0.0272763446 -0.0458261669
vn -0.996113539 -0.07650444 -0.04364495
vn -0.996113539 -0.07650444 -0.04364495
vn -0.996113539 -0.07650444 -0.04364495
vn -0.993152 0.0495917872 -0.1057813
vn -0.993152 0.0495917872 -0.1057813
vn -0.993152 0.0495917872 -0.1057813
vn -0.996949136 -0.0542275123 -0.0561406538
vn -0.996949136 -0.0542275123 -0.0561406538
vn -0.996949136 -0.0542275123 -0.0561406538
vn -0.9952395 -0.07302604 0.06454083
vn -0.9952395 -0.07302604 0.06454083
vn -0.9952395 -0.07302604 0.06454083
vn -0.999656856 0.0261032637 -0.00220025727
vn -0.999656856 0.0261032637 -0.00220025727
vn -0.999656856 0.0261032637 -0.00220025727
vn -0.9998084 -0.00777187245 -0.01796915
vn -0.9998084 -0.00777187245 -0.01796915
vn -0.9998084 -0.00777187245 -0.01796915
vn -0.999607742 -0.0279574171 -0.00168402679
vn -0.999607742 -0.0279574171 -0.00168402679
vn -0.999607742 -0.0279574171 -0.00168402679
vn -0.99710536 -0.00143101416 -0.0760186762
vn -0.99710536 -0.00143101416 -0.0760186762
vn -0.99710536 -0.00143101416 -0.0760186762
vn -0.9998143 -0.0167967752 0.009452314
vn -0.9990889 -0.03595991 0.0229848344
vn -0.9990889 -0.03595991 0.0229848344
vn -0.9998143 -0.0167967752 0.009452314
vn -0.9998143 -0.0167967752 0.009452314
vn -0.9994401 -0.00488318456 0.03310086
vn -0.9994401 -0.00488318456 0.03310086
vn -0.99839437 0.04108432 -0.03899733
vn -0.99839437 0.04108432 -0.03899733
vn -0.99839437 0.04108432 -0.03899733
vn -0.998981059 -0.0434088372 -0.0123499846
vn -0.998981059 -0.0434088372 -0.0123499846
vn -0.998981059 -0.0434088372 -0.0123499846
vn -0.9993005 -0.03639662 -0.008592373
vn -0.9993005 -0.03639662 -0.008592373
vn -0.9993005 -0.03639662 -0.008592373
vn -0.9983637 0.05709829 0.003128939
vn -0.9983637 0.05709829 0.003128939
vn -0.9983637 0.05709829 0.003128939
vn -0.9995408 -0.0300263483 0.00408604369
vn -0.9995408 -0.0300263483 0.00408604369
vn -0.999982357 -0.0001817631 -0.00593894767
vn -0.9995383 0.0240132287 -0.0186186135
vn -0.9995383 0.0240132287 -0.0186186135
vn -0.9995383 0.0240132287 -0.0186186135
vn -0.999801457 -0.01327309 -0.0148633858
vn -0.999801457 -0.01327309 -0.0148633858
vn -0.999801457 -0.01327309 -0.0148633858
vn 1 -8.735311E-05 3.91407557E-05
vn 1 -8.735311E-05 3.91407557E-05
vn 1 -8.735311E-05 3.91407557E-05
vn 1 0 -3.206471E-07
vn 1 9.426848E-07 -1.09144651E-06
vn 1 9.426848E-07 -1.09144651E-06
vn 1 -5.987495E-05 8.663035E-07
vn 1 8.322554E-06 -7.979554E-05
vn 1 -4.78910733E-05 -3.096498E-05
vn 1 7.31756954E-05 -3.22699161E-05
vn 1 -4.68395374E-05 2.55983814E-05
vn 1 -4.68395374E-05 2.55983814E-05
vn 1 -4.68395374E-05 2.55983814E-05
vn 1 1.49839389E-06 -1.21985323E-07
vn 1 1.49839389E-06 -1.21985323E-07
vn 1 -2.09756172E-06 8.689698E-07
vn 1 -7.88484328E-07 -7.19400532E-07
vn 1 -7.88484328E-07 -7.19400532E-07
vn 1 5.94321136E-07 6.02283365E-07
vn 1 5.94321136E-07 6.02283365E-07
vn 1 -3.861481E-06 5.58855959E-07
vn 1 1.497903E-06 5.93060861E-07
vn 1 0 2.244244E-07
vn 1 0 -2.89205161E-07
vn 1 0 -2.89205161E-07
vn 1 0 5.44831153E-07
vn 1 -1.5030181E-06 -7.147684E-07
vn 1 1.65492781E-06 7.87009753E-07
vn 1 1.65492781E-06 7.87009753E-07
vn 1 -1.28180147E-06 0
vn 1 1.47851131E-06 1.82963973E-07
vn 1 0 -3.15457186E-07
vn 1 -2.88059914E-06 6.83206E-07
vn 1 3.0518342E-07 0
vn 1 -1.97300281E-07 5.15739657E-07
vn 1 9.892332E-07 -5.94298253E-05
vn 1 -1.5752795E-06 -5.14719261E-07
vn 1 -1.5752795E-06 -5.14719261E-07
vn 1 -7.66783E-06 -6.087276E-05
vn 1 1.85347744E-05 -1.60653981E-05
vn 1 -3.169757E-07 -7.2248173E-07
vn 1 -3.169757E-07 -7.2248173E-07
vn 1 -3.169757E-07 -7.2248173E-07
vn 1 0 5.400007E-07
vn 1 -1.97300281E-07 5.15739657E-07
vn 1 -5.0225816E-07 -2.16538282E-07
vn 1 0 0
vn 1 0 5.400007E-07
vn 1 0 0
vn 1 0 0
vn 1 1.11217878E-06 -1.4751609E-07
vn 1 0 -4.12392353E-07
vn 1 1.85347744E-05 -1.60653981E-05
vn 1 5.98363476E-05 1.16557439E-05
vn 1 5.98363476E-05 1.16557439E-05
vn 1 1.84845612E-06 -3.838164E-07
vn 1 1.84845612E-06 -3.838164E-07
vn 1 -9.288984E-06 6.59862562E-05
vn 1 1.84845612E-06 -3.838164E-07
vn 1 -3.66345121E-05 4.109662E-05
vn 1 5.569219E-07 -7.525108E-07
vn 1 5.569219E-07 -7.525108E-07
vn 1 -3.16037876E-05 1.29899254E-05
vn 1 0 -2.966212E-07
vn 1 -3.16037876E-05 1.29899254E-05
vn 1 9.587628E-06 8.774649E-05
vn 1 9.587628E-06 8.774649E-05
vn 1 5.428857E-05 2.92712757E-05
vn 1 5.250708E-05 -3.010062E-05
vn 1 0 3.65188669E-07
vn 1 0 0
vn 1 0 3.65188669E-07
vn 1 -5.10204081E-05 -4.07428379E-05
vn 1 -5.10204081E-05 -4.07428379E-05
vn 1 -2.106079E-05 -4.658843E-05
vn 1 -2.106079E-05 -4.658843E-05
vn 1 0 2.96437634E-07
vn 1 0 0
vn 1 0 -7.971207E-07
vn 1 0 -7.971207E-07
vn 1 0 -7.971207E-07
vn 1 1.98365478E-06 5.16352259E-07
vn 1 1.98365478E-06 5.16352259E-07
vn 1 5.250708E-05 -3.010062E-05
vn 1 5.250708E-05 -3.010062E-05
vn 1 8.55882945E-07 -2.06866247E-07
vn 1 8.55882945E-07 -2.06866247E-07
vn 1 -3.062382E-05 2.86759932E-05
vn 1 -3.062382E-05 2.86759932E-05
vn 1 0 0
vn 1 -3.5113746E-05 -6.263028E-06
vn 1 7.805768E-07 0
vn 1 -3.5113746E-05 -6.263028E-06
vn 1 -3.5113746E-05 -6.263028E-06
vn 1 2.840522E-06 -3.4711873E-05
vn 1 3.636726E-05 2.969602E-05
vn 1 2.840522E-06 -3.4711873E-05
vn 1 2.840522E-06 -3.4711873E-05
vn 1 7.805768E-07 0
vn 1 7.805768E-07 0
vn 1 -3.859788E-05 3.0751653E-05
vn 1 -1.38575424E-05 -5.731122E-05
vn 1 5.426949E-07 2.946581E-07
vn 1 5.464863E-07 -2.96716649E-07
vn 1 5.464863E-07 -2.96716649E-07
vn 1 -7.022738E-05 -1.38367668E-05
vn 1 7.50263553E-06 5.84925328E-05
vn 1 7.50263553E-06 5.84925328E-05
vn 1 -5.755418E-06 3.69540176E-05
vn 1 -5.755418E-06 3.69540176E-05
vn 1 -2.44562088E-05 3.90887726E-05
vn 1 1.21812573E-05 -8.446088E-05
vn 1 -1.84851092E-06 3.83841837E-07
vn 1 -1.84851092E-06 3.83841837E-07
vn 1 0 -5.8081713E-07
vn 1 -7.46429066E-07 4.67497671E-07
vn 1 -1.10827705E-05 -7.137572E-05
vn 1 -5.938355E-07 5.479858E-07
vn 1 -5.938355E-07 5.479858E-07
vn 1 8.322554E-06 -7.979554E-05
vn 1 3.87183354E-05 8.32539445E-05
vn 1 0 0
vn 1 -7.46429066E-07 4.67497671E-07
vn 1 -3.16195542E-06 -4.35463626E-05
vn 1 -3.16195542E-06 -4.35463626E-05
vn 1 -3.16195542E-06 -4.35463626E-05
vn 1 0 0
vn 1 0 0
vn 1 4.48648243E-05 -7.24962E-05
vn 1 5.935826E-05 3.77537981E-05
vn 1 3.89956731E-05 6.9128444E-05
vn 1 0 0
vn 1 0 0
vn 1 6.668965E-05 -5.36007938E-05
vn 1 -1.07398864E-06 4.11543842E-05
vn 1 -7.465673E-07 -1.65396287E-07
vn 1 -1.07398864E-06 4.11543842E-05
vn 1 0 0
vn 1 0 0
vn 1 -1.48537208E-06 -6.853436E-07
vn 1 7.745618E-05 1.20567447E-05
vn 1 7.745618E-05 1.20567447E-05
vn 1 -1.48537208E-06 -6.853436E-07
vn 1 3.636726E-05 2.969602E-05
vn 1 -9.20878165E-07 0
vn 1 -9.20878165E-07 0
vn 1 -9.20878165E-07 0
vn 1 2.00442582E-06 -5.21759034E-07
vn 1 2.00442582E-06 -5.21759034E-07
vn 1 2.00442582E-06 -5.21759034E-07
vn 1 2.83369582E-06 9.646693E-07
vn 1 2.83369582E-06 9.646693E-07
vn 1 2.83369582E-06 9.646693E-07
vn 1 -8.486828E-05 -1.67489234E-05
vn 1 -8.486828E-05 -1.67489234E-05
vn 1 -8.486828E-05 -1.67489234E-05
vn 1 2.70801738E-05 -2.79343112E-05
vn 1 2.70801738E-05 -2.79343112E-05
vn 1 2.70801738E-05 -2.79343112E-05
vn 1 1.193819E-05 -3.83250554E-05
vn 1 1.193819E-05 -3.83250554E-05
vn 1 1.193819E-05 -3.83250554E-05
vn 1 4.37461167E-05 3.402934E-05
vn 1 4.37461167E-05 3.402934E-05
vn 1 4.37461167E-05 3.402934E-05
vn 1 -8.29590354E-05 3.64473453E-05
vn 1 -8.29590354E-05 3.64473453E-05
vn 1 -8.29590354E-05 3.64473453E-05
vn 1 2.18501873E-06 0
vn 1 2.18501873E-06 0
vn 1 2.18501873E-06 0
vn 1 -4.45610276E-05 -4.76173482E-05
vn 1 -4.45610276E-05 -4.76173482E-05
vn 1 -4.45610276E-05 -4.76173482E-05
vn 1 -4.256865E-05 4.518831E-05
vn 1 -4.256865E-05 4.518831E-05
vn 1 -4.256865E-05 4.518831E-05
vn 1 8.123769E-06 -3.53853247E-05
vn 1 8.123769E-06 -3.53853247E-05
vn 1 8.123769E-06 -3.53853247E-05
vn 1 8.49419957E-05 -1.44926425E-05
vn 1 8.49419957E-05 -1.44926425E-05
vn 1 8.49419957E-05 -1.44926425E-05
vn -0.00418372 -0.591695666 0.8061506
vn -0.04549957 0.06389784 0.9969187
vn -0.0231713373 -0.592151344 0.8054936
vn -0.0377401523 0.17777507 0.9833472
vn -0.04425089 0.1778879 0.983055353
vn -0.044250764 -0.496239781 0.8670571
vn -0.004311454 0.01842353 0.999821
vn 0.0156139005 0.656510651 0.754155159
vn -0.0266028009 0.01975918 0.9994508
vn -0.0111506367 0.98657465 0.162929937
vn 0.02096013 0.860712767 -0.5086592
vn -0.0270924363 0.9864494 0.16181314
vn 0.01562928 0.296273232 -0.954975367
vn -0.004533441 -0.386724681 -0.9221841
vn -0.0549813919 0.2725223 -0.96057725
vn -0.0548905 0.2986305 -0.952789
vn -0.0252197888 0.8420675 -0.5387823
vn -0.0424301773 0.8421204 -0.537617862
vn -0.05274043 -0.359694958 -0.9315783
vn -0.03281672 -0.8752836 -0.482495219
vn -0.0188879389 -0.3612297 -0.9322856
vn -0.0665076151 -0.8980337 -0.434870422
vn -0.0549905 -0.898642659 -0.435221225
vn -0.05498971 -0.4076456 -0.91148293
vn 0.0156349577 -0.889039 -0.4575644
vn -0.00452808 -0.975329757 0.220706552
vn -0.0622251332 -0.9814497 0.181340754
vn -0.0218902379 -0.6367224 0.7707824
vn -0.0177954976 -0.983029544 0.182582125
vn -0.0375593156 -0.7164525 0.6966241
vn -0.0160685871 -0.716510355 0.697391331
vn -0.0160681028 -0.997159839 0.07358003
vn -0.0534380265 -0.01063189 0.9985146
vn -0.006540295 0.633666933 0.773578346
vn -0.0172871388 0.161640331 0.9866983
vn -0.0628005862 0.6722147 0.737687945
vn -0.0534061976 0.7904502 0.6101936
vn -0.0534152463 0.212285176 0.9757468
vn 0.0167738162 0.683655143 0.72961247
vn -0.030839581 0.992179 0.1209539
vn -0.0311555844 0.8567203 -0.514839351
vn -0.01849338 0.999685168 -0.0169568211
vn -0.0573836379 0.843525052 -0.5340156
vn -0.0483269766 0.738446951 -0.6725776
vn -0.0483500957 0.9980406 -0.0397152156
vn -0.0177120455 0.863544464 -0.503961563
vn 0.0029017108 0.3378742 -0.941186845
vn -0.0443306677 -0.3716238 -0.9273244
vn -0.0217719916 0.142167866 -0.9896031
vn -0.00122226868 -0.86439 -0.502820432
vn -0.0174257923 -0.4969088 -0.8676278
vn -0.0229092073 -0.976364136 0.2149144
vn -0.02301675 -0.9538167 -0.299506277
vn 0.00370235764 -0.6171988 0.786798537
vn -0.0179873146 -0.937969565 0.346250743
vn -0.016190974 0.03268828 0.999334455
vn -0.0226491634 -0.469308347 0.882743835
vn -0.05970022 -0.609918356 0.790212333
vn -0.0306502264 -0.236437246 -0.9711632
vn -0.0185474828 -0.4012066 -0.9157998
vn -0.0183882564 0.281443417 -0.959401667
vn -0.03633144 -0.932101369 -0.3603708
vn -0.038081903 -0.980532169 -0.192630351
vn -0.03824539 -0.626930535 -0.778135836
vn -0.0299498439 0.460389256 -0.8872118
vn -0.0281430651 0.129761815 -0.99114573
vn -0.0278896615 0.736693442 -0.67565155
vn -0.02880595 0.333870977 -0.942178547
vn -0.0270782635 -0.354614347 -0.9346205
vn -0.0180033855 -0.0140877217 -0.9997387
vn -0.005351285 0.8769566 -0.480539769
vn -0.02354803 0.636947632 -0.7705474
vn -0.0311008319 0.986582637 0.160272881
vn -0.046556253 0.9836701 -0.1738553
vn -0.02193554 0.8720491 0.4889266
vn -0.0102259815 0.632246 0.7747002
vn -0.0388925634 0.0216502082 0.999008834
vn -0.0465526059 0.3420341 0.9385337
vn -0.0235014167 -0.321892917 0.9464844
vn -0.005359328 -0.625569463 0.780150056
vn -0.0310961362 -0.9818948 0.186857432
vn -0.0465563424 -0.8649021 0.4997769
vn -0.0219346266 -0.9866803 -0.161185458
vn -0.0102345 -0.859082639 -0.511734664
vn -0.0311024468 -0.329148829 -0.9437657
vn -0.0219388213 -0.6329521 -0.773880064
vn -0.02748401 -0.460417628 -0.8872769
vn -0.025576422 -0.736719 -0.6757152
vn -0.0258181784 -0.129787937 -0.991205633
vn -0.0347722657 -0.1539442 0.9874675
vn -0.0367894657 0.360430181 0.9320604
vn -0.0366388261 -0.323477 0.9455264
vn -0.03545287 0.722726166 0.690224648
vn -0.022773562 0.9715055 0.235920519
vn -0.0229397938 0.592452943 0.8052784
vn -0.0106625622 0.614987552 0.7884648
vn -0.05052349 0.9847558 0.166443333
vn -0.0174295474 0.9423864 0.334072
vn 0.00370229431 -0.03295261 0.9994501
vn -0.0215237066 0.468534946 0.8831827
vn -0.0161870979 -0.6674078 0.744516551
vn -0.02263766 -0.207913265 0.9778853
vn -0.0206659567 -0.985491753 0.168460578
vn -0.0179813281 -0.7688582 0.6391665
vn -0.0611259975 -0.3027828 -0.951097369
vn -0.05183768 -0.7389086 -0.6718087
vn -0.0230091214 -0.129315138 -0.9913366
vn -0.040482007 0.346548 -0.9371583
vn 0.009704692 -0.301393181 -0.9534506
vn 0.00370917586 0.882024169 -0.471189678
vn -0.0505042747 0.5333611 -0.84437865
vn -0.0161875989 0.9784748 0.2057306
vn -0.02264234 0.95083034 -0.308883518
vn -0.0596987642 0.8841456 -0.463381678
vn -0.014168282 -0.3444426 -0.938700438
vn -0.04646866 -0.8662069 -0.497520179
vn -0.017657062 -0.767964065 -0.64024955
vn 0.00370731321 -0.9899874 0.141107365
vn -0.0226442665 -0.9991327 -0.0349441469
vn -0.0596570633 -0.9893107 0.133061722
vn -0.05049795 -0.789977551 0.611052752
vn -0.0504701473 -0.9978993 -0.04061743
vn -0.014373959 0.4218031 0.906573534
vn -0.04293484 0.4287899 0.9023834
vn -0.0429348536 0.3274302 0.9438994
vn 0.0428819545 0.38317278 0.922680736
vn 0.04288194 0.481874615 0.8751903
vn 0.0143083455 0.390969753 0.9202923
vn -0.0113307452 -0.7355832 0.6773396
vn -0.007718305 -0.9162475 0.400538355
vn -0.0146506652 -0.7354959 0.6773707
vn 0.010682309 -0.941234469 0.337584972
vn 0.007568385 -0.941221535 0.337705135
vn 0.00597393746 -0.779766858 0.6260415
vn 0.0174896978 -0.9859629 -0.166045979
vn -0.003354782 -0.98646903 0.163913459
vn 0.0249247421 -0.9858655 -0.165674418
vn -0.014852046 -0.976355731 0.21565935
vn -0.008635599 -0.9764649 0.21550338
vn 0.000220853821 -0.99349004 -0.113919057
vn -0.0181271676 0.5024444 -0.8644195
vn 0.008116587 0.809058666 -0.587671936
vn -0.0275492612 0.5027149 -0.8640132
vn 0.0195879079 0.8429976 -0.537560642
vn 0.0117330188 0.8429689 -0.5378344
vn 0.000847404939 0.553852141 -0.83261466
vn 0.01042973 0.995234549 0.09695038
vn 0.007240038 0.9493274 -0.3142056
vn 0.0143402591 0.9951746 0.0970666856
vn -0.0139330393 0.9209056 -0.389536619
vn -0.0102308579 0.9210065 -0.38941288
vn -0.009042802 0.999820769 0.0166359842
vn 1 -3.573879E-06 0
vn 1 -3.573879E-06 0
vn 1 -3.573879E-06 0
vn 1 0 0
vn 1 0 0
vn 1 0 0
vn 1 2.73132446E-06 0
vn 1 2.73132446E-06 0
vn 1 2.73132446E-06 0
vn 1 0 0
vn 1 0 0
vn 1 0 0
vn 1 2.20048733E-07 0
vn 1 2.20048733E-07 0
vn 1 2.20048733E-07 0
vn 1 1.54189638E-06 0
vn 1 1.54189638E-06 0
vn 1 1.54189638E-06 0
vn 1 3.19170658E-06 0
vn 1 3.19170658E-06 0
vn 1 3.19170658E-06 0
vn 1 0 0
vn 1 0 0
vn 1 0 0
vn 1 0 0
vn 1 0 0
vn 1 -3.043524E-06 0
vn 1 -3.043524E-06 0
vn 1 -3.043524E-06 0
vn 1 0 0
vn 1 0 0
vn 1 0 0
vn 1 0 0
vn 1 0 0
vn 1 0 0
vn 1 -1.32686534E-06 0
vn 1 -1.32686534E-06 0
vn 1 -1.32686534E-06 0
vn -0.0174900815 0.985963 -0.166045591
vn 0.003354377 0.9864689 0.16391404
vn -0.0249251854 0.985865533 -0.16567421
vn 0.01485292 0.9763583 0.215647534
vn 0.008636421 0.97646755 0.2154914
vn -0.0002201423 0.9934886 -0.11393141
vn 0.0113309976 0.7355925 0.67732954
vn 0.00771809928 0.91625315 0.400525421
vn 0.0146509511 0.7355048 0.6773611
vn -0.0106822588 0.941230357 0.337596446
vn -0.007568328 0.9412173 0.337716967
vn -0.00597363431 0.77975893 0.6260514
vn -0.0143078882 -0.390968025 0.920293033
vn -0.04288151 -0.383171141 0.922681451
vn -0.04288153 -0.481873035 0.8751912
vn 0.0429427922 -0.428789616 0.9023832
vn 0.0429427736 -0.3274301 0.9438991
vn 0.0143817943 -0.421803117 0.9065734
vn -0.0104260407 -0.9952331 0.09696601
vn -0.00723681226 -0.949332535 -0.314190149
vn -0.0143365264 -0.9951732 0.09708136
vn 0.0139297554 -0.92090565 -0.389536679
vn 0.0102275265 -0.9210064 -0.389413178
vn 0.009039388 -0.999820769 0.0166355167
vn 0.018127054 -0.5024369 -0.8644239
vn -0.008116664 -0.809053361 -0.587679148
vn 0.0275492072 -0.502707541 -0.8640174
vn -0.01957696 -0.8429981 -0.5375602
vn -0.0117220124 -0.8429678 -0.5378363
vn -0.000835977437 -0.553851545 -0.832615
vn -0.0143289864 0.9202942 0.3909645
vn -0.0429026671 0.922681749 0.383168072
vn -0.0429027043 0.875192046 0.4818696
vn 0.04294973 0.9023838 0.428787619
vn 0.0429497063 0.9438994 0.327428222
vn 0.0143884989 0.9065741 0.421801358
vn -0.0104543976 0.09695605 0.9952338
vn -0.00726378243 -0.314202935 0.949328065
vn -0.0143657094 0.09706726 0.99517417
vn 0.0139261857 -0.389545 0.920902133
vn 0.0102234147 -0.389419317 0.9210038
vn 0.009033807 0.01662759 0.999820948
vn 0.0181412045 -0.8644188 0.502445161
vn -0.008101199 -0.58766973 0.8090604
vn 0.0275625028 -0.864011765 0.5027166
vn -0.0195758641 -0.5375736 0.8429896
vn -0.0117216781 -0.537849069 0.8429597
vn -0.0008377134 -0.8326239 0.5538382
vn -0.0175039265 -0.166064724 -0.98595953
vn 0.00328553957 0.163902119 -0.9864711
vn -0.0249413345 -0.165690809 -0.9858623
vn 0.014848494 0.215659618 -0.9763557
vn 0.008631616 0.215502813 -0.976465046
vn -0.000278800726 -0.113914005 -0.9934906
vn 0.01132531 0.677300334 -0.7356194
vn 0.00771254767 0.400533766 -0.9162495
vn 0.014643644 0.6773321 -0.7355317
vn -0.0106826667 0.337586075 -0.941234052
vn -0.007569208 0.3377059 -0.941221237
vn -0.005975495 0.6260424 -0.779766142
vn -0.0143844681 0.906571448 -0.42180717
vn -0.0429453738 0.9023813 -0.428793341
vn -0.0429454334 0.9438976 -0.327434
vn 0.0428994857 0.9226798 -0.383173078
vn 0.0428994857 0.8751895 -0.481874526
vn 0.0143256336 0.920292 -0.390969753
vn -0.0113105308 0.6772994 0.7356206
vn -0.007699203 0.400534183 0.9162495
vn -0.0146284448 0.6773336 0.735530555
vn 0.0106663853 0.337584585 0.941234767
vn 0.00755356951 0.337706774 0.941221058
vn 0.0059625227 0.626042 0.77976656
vn 0.01750313 -0.1660456 0.985962749
vn -0.00329001155 0.163920179 0.986468136
vn 0.02493834 -0.165673092 0.985865355
vn -0.0148456106 0.215705931 0.976345539
vn -0.008627286 0.2155479 0.976455152
vn 0.000221515074 -0.113872819 0.9934953
vn -0.0181276929 -0.8644083 -0.5024637
vn 0.00811838 -0.5876539 -0.8090717
vn -0.0275505651 -0.86400187 -0.502734244
vn 0.019565247 -0.5375661 -0.8429946
vn 0.0117097534 -0.537843168 -0.8429636
vn 0.000822320639 -0.83261925 -0.5538452
vn 0.0104409428 0.09696424 -0.9952331
vn 0.00725398166 -0.314193636 -0.9493312
vn 0.0143506806 0.09707792 -0.995173335
vn -0.0139401034 -0.389540464 -0.920903862
vn -0.01023849 -0.3894173 -0.921004534
vn -0.009051583 0.01663177 -0.999820769
vn -0.01430794 0.390969932 -0.920292258
vn -0.04288109 0.383173168 -0.9226806
vn -0.0428811349 0.481875062 -0.8751901
vn 0.0429336876 0.428789228 -0.9023838
vn 0.0429336876 0.327429324 -0.943899751
vn 0.0143726673 0.4218022 -0.906573951
vn -0.0104284976 0.9952341 -0.0969555
vn -0.00724025164 0.949329138 0.314200282
vn -0.0143391937 0.9951741 -0.09707171
vn 0.0139378831 0.920905769 0.389536083
vn 0.0102352723 0.9210066 0.389412463
vn 0.009045187 0.9998207 -0.0166369118
vn 0.0181272142 0.5024368 0.8644239
vn -0.008115578 0.8090527 0.587680042
vn 0.0275490955 0.5027057 0.864018559
vn -0.0195772424 0.842992961 0.5375682
vn -0.0117225992 0.842963338 0.5378433
vn -0.0008367673 0.5538436 0.8326203
vn -0.0174871571 -0.9859655 0.166030869
vn 0.00335938064 -0.986466467 -0.163928822
vn -0.0249228459 -0.985868037 0.165659547
vn 0.0148530193 -0.976358533 -0.215646341
vn 0.008636041 -0.976467848 -0.215490147
vn -0.000221740454 -0.9934885 0.1139325
vn 0.011324794 -0.7356105 -0.6773101
vn 0.007712384 -0.9162443 -0.4005457
vn 0.0146431625 -0.7355229 -0.6773416
vn -0.0106891906 -0.9412297 -0.337597936
vn -0.00757567445 -0.9412171 -0.337717235
vn -0.00598499971 -0.779788256 -0.626014769
vn -0.0143741947 -0.421799272 -0.906575263
vn -0.0429350436 -0.428786337 -0.9023851
vn -0.0429350734 -0.327426285 -0.943900764
vn 0.042883195 -0.3831769 -0.922679
vn 0.0428831726 -0.4818786 -0.875188
vn 0.014309899 -0.390973836 -0.9202906
vn -0.0113316756 0.735610247 -0.6773102
vn -0.00771979941 0.9162444 -0.400545448
vn -0.0146499779 0.735523164 -0.677341163
vn 0.0106878057 0.9412277 -0.337603658
vn 0.00757451868 0.9412149 -0.337723434
vn 0.00598479761 0.779783964 -0.6260201
vn 0.0174905229 0.9859655 0.1660305
vn -0.003355609 0.986466348 -0.163929358
vn 0.0249258224 0.985868 0.165659457
vn -0.0148548177 0.976358533 -0.215646312
vn -0.008638216 0.976467848 -0.215489849
vn 0.000218184665 0.993488431 0.11393296
vn -0.018127542 -0.502436161 0.8644242
vn 0.008115741 -0.809052348 0.5876806
vn -0.02754952 -0.502705336 0.8640188
vn 0.01957735 -0.8429936 0.5375672
vn 0.0117225563 -0.8429641 0.537842155
vn 0.000836528838 -0.553844869 0.8326194
vn 0.0104285106 -0.995232642 -0.09697047
vn 0.00724037224 -0.949333966 0.314185679
vn 0.014339231 -0.9951727 -0.09708603
vn -0.0139379129 -0.92090565 0.389536232
vn -0.0102352826 -0.9210065 0.389412671
vn -0.009045206 -0.9998207 -0.016636746
vn -0.0143288309 -0.9202909 -0.3909724
vn -0.0429026932 -0.9226786 -0.383175641
vn -0.04290271 -0.875188 -0.48187688
vn 0.04294811 -0.9023827 -0.428790241
vn 0.04294811 -0.9438986 -0.3274308
vn 0.0143871671 -0.9065729 -0.4218041
vn -0.0104408888 -0.09696447 -0.9952331
vn -0.00725411531 0.314193457 -0.9493313
vn -0.014350675 -0.09707816 -0.9951733
vn 0.01393985 0.38952744 -0.920909345
vn 0.0102382163 0.389405549 -0.9210095
vn 0.00905162 -0.0166453663 -0.99982053
vn 0.0181276854 0.8644181 -0.5024467
vn -0.0081186 0.5876699 -0.809060037
vn 0.0275506265 0.8640117 -0.5027174
vn -0.01958847 0.5375603 -0.8429978
vn -0.011732717 0.5378347 -0.842968643
vn -0.0008448436 0.8326147 -0.553851962
vn -0.0175032783 0.166045651 0.9859627
vn 0.00328975357 -0.163920164 0.986468136
vn -0.0249385238 0.165673122 0.985865355
vn 0.0148698678 -0.215703592 0.9763457
vn 0.008651389 -0.215549082 0.9764547
vn -0.0001978725 0.1138739 0.993495166
vn 0.011324713 -0.677293837 0.735625446
vn 0.0077129053 -0.400525928 0.916253
vn 0.0146427145 -0.6773265 0.7355368
vn -0.0106666917 -0.3375786 0.9412369
vn -0.00755369943 -0.337700218 0.941223443
vn -0.00596210035 -0.626036644 0.779770851
vn -0.0143845463 -0.9065735 0.421802759
vn -0.0429457277 -0.902383268 0.428789228
vn -0.04294575 -0.9438991 0.3274297
vn 0.04289203 -0.9226809 0.383171171
vn 0.0428920239 -0.875190735 0.481872827
vn 0.0143184764 -0.920293033 0.3909678
vn -0.011311084 -0.6772999 -0.735620141
vn -0.007698197 -0.400533766 -0.9162497
vn -0.0146295438 -0.677332342 -0.7355317
vn 0.0106822355 -0.337596953 -0.9412302
vn 0.007568773 -0.337717235 -0.9412172
vn 0.005975405 -0.626051545 -0.7797588
vn 0.01750477 0.166064709 -0.98595953
vn -0.003285276 -0.163902119 -0.9864711
vn 0.02494218 0.1656907 -0.9858623
vn -0.0148714175 -0.215656057 -0.976356149
vn -0.008654518 -0.215502784 -0.9764649
vn 0.000255553052 0.113916382 -0.993490338
vn -0.0181411486 0.8644191 0.5024446
vn 0.008167033 0.5876753 0.8090557
vn -0.02756249 0.864012063 0.5027161
vn 0.01957649 0.5375807 0.842985034
vn 0.0117222574 0.5378561 0.8429552
vn 0.0008378159 0.8326287 0.5538309
vn 0.0104396679 -0.09695805 0.9952337
vn 0.007249492 0.31419912 0.949329436
vn 0.014350757 -0.0970720351 0.9951739
vn -0.0139402673 0.3895434 0.9209026
vn -0.0102373539 0.38942 0.9210034
vn -0.009047201 -0.0166285578 0.9998208
vn -1.70837357E-05 1 2.8014183E-06
vn -9.97942E-06 1 2.81631947E-06
vn 1.03637576E-05 0.913544059 -0.40673992
vn 9.979419E-06 0.913544 -0.40673995
vn -9.979418E-06 0.6691342 -0.7431416
vn -1.70341627E-05 0.6691345 -0.7431413
vn -9.97942152E-06 0.309018016 -0.951056242
vn -1.70341664E-05 0.309018075 -0.9510562
vn -9.979418E-06 -0.1045234 -0.994522452
vn -1.71333122E-05 -0.104522265 -0.9945226
vn -9.97942152E-06 -0.4999983 -0.8660264
vn -1.69845953E-05 -0.499998659 -0.8660262
vn -9.97943152E-06 -0.809011757 -0.5877925
vn 8.924537E-05 -0.8090167 -0.5877857
vn -9.979419E-06 -0.978147 -0.207914829
vn -1.70341627E-05 -0.978147 -0.207914829
vn -9.97943E-06 -0.978149056 0.20790492
vn -1.70341245E-05 -0.9781473 0.207912892
vn -9.979419E-06 -0.809018254 0.5877836
vn -1.70837357E-05 -0.809018254 0.5877836
vn -9.979416E-06 -0.500002861 0.8660237
vn -1.70837429E-05 -0.5000044 0.8660229
vn -9.979419E-06 -0.10453026 0.994521737
vn -1.70341627E-05 -0.104530208 0.994521737
vn -9.979421E-06 0.309012771 0.9510579
vn -1.71333049E-05 0.309012979 0.951057851
vn -9.97942E-06 0.6691282 0.7431471
vn -1.71333031E-05 0.6691285 0.7431468
vn -9.979419E-06 0.913544 0.40673995
vn -1.70837338E-05 0.913544 0.40673992
vn 1.03712064E-05 1 -2.80141785E-06
vn 9.97942E-06 1 -2.81631947E-06
vn -0.9985946 0.0354623571 -0.0393866152
vn -0.9985946 0.0354623571 -0.0393866152
vn -0.9985946 0.0354623571 -0.0393866152
vn -0.998903155 0.0286928136 -0.0370040275
vn -0.9997023 0.0222905912 0.009924593
vn -0.9997023 0.0222905912 0.009924593
vn -0.9997023 0.0222905912 0.009924593
vn -0.9998186 0.0183161125 0.00522426469
vn -0.9984876 0.03678865 0.0408560932
vn -0.9978429 0.03868944 0.05303529
vn -0.9984876 0.03678865 0.0408560932
vn -0.9984876 0.03678865 0.0408560932
vn -0.9977205 0.0490100719 0.0463883877
vn -0.9975063 0.00119761226 -0.0705675557
vn -0.9975063 0.00119761226 -0.0705675557
vn -0.9975063 0.00119761226 -0.0705675557
vn -0.997876167 -0.0168601014 -0.06291996
vn -0.998749435 -0.035352435 -0.0353526175
vn -0.998749435 -0.035352435 -0.0353526175
vn -0.9987914 -0.0353163928 -0.03418449
vn -0.9985682 0.03782676 0.03782601
vn -0.99752444 0.0409502424 0.0571672767
vn -0.9985682 0.03782676 0.03782601
vn -0.9985682 0.03782676 0.03782601
vn -0.9982322 0.045156572 0.0386456437
vn 0 -8.59797E-06 1
vn 0 -7.7039E-06 1
vn 1.53705478E-05 -0.4999937 0.8660291
vn 0 -0.4999937 0.8660291
vn 0 -0.8660293 0.4999932
vn 0 -0.866028666 0.499994338
vn 0 -1 -8.136034E-06
vn 0 -1 -9.417534E-06
vn 0 -0.8660214 -0.500007033
vn 0 -0.8660201 -0.5000092
vn 0 -0.4999937 -0.8660291
vn 0 -0.4999928 -0.866029561
vn 0 7.7039E-06 -1
vn 0 7.7039E-06 -1
vn 0 0.50000453 -0.8660228
vn 0 0.500006735 -0.8660216
vn 0 0.86603117 -0.499990046
vn 0 0.866028666 -0.499994338
vn 0 1 8.136034E-06
vn 0 1 6.12437725E-06
vn 0 0.8660228 0.50000453
vn 0 0.8660215 0.500006735
vn 0 0.4999928 0.866029561
vn 0 0.4999928 0.866029561
vn 1.53705478E-05 7.700175E-06 1
vn 0 7.7039E-06 1
vn 0 -1 -1.9043684E-05
vn 0 -1 -1.513958E-05
vn 1.26957893E-05 -0.841245055 0.540654063
vn 0 -0.841245055 0.540654063
vn 0 -0.415430844 0.9096248
vn 0 -0.415430844 0.9096248
vn 0 0.142300054 0.9898236
vn 0 0.14229843 0.9898238
vn 0 0.6548467 0.7557617
vn 0 0.654846668 0.755761743
vn 0 0.959488034 0.281749278
vn 0 0.959488034 0.281749278
vn 0 0.9594983 -0.281714469
vn 0 0.959498465 -0.281713933
vn 0 0.6548706 -0.75574106
vn 0 0.654872239 -0.7557396
vn 0 0.1423322 -0.989819
vn 0 0.142332166 -0.989819
vn 0 -0.415400743 -0.9096385
vn 0 -0.415439546 -0.909620762
vn 0 -0.841244042 -0.540655553
vn 0 -0.841242254 -0.5406584
vn 1.33067369E-05 -1 1.37463212E-05
vn 0 -1 1.38282776E-05
vn 1 -8.98754661E-05 -9.862005E-06
vn 1 -8.98754661E-05 -9.862005E-06
vn 1 -8.98754661E-05 -9.862005E-06
vn 1 -1.66537882E-06 0
vn 1 3.34145952E-05 5.588461E-05
vn 1 1.75680236E-06 0
vn 1 0 0
vn 1 1.75680236E-06 0
vn 1 2.427703E-06 -5.992855E-07
vn 1 2.427703E-06 -5.992855E-07
vn 1 0 2.96437634E-07
vn 1 0 0
vn 1 0 0
vn 1 4.604208E-05 8.94097047E-06
vn 1 4.604208E-05 8.94097047E-06
vn 1 4.604208E-05 8.94097047E-06
vn 1 7.503728E-05 -3.41785526E-05
vn 1 -4.42204255E-05 -2.76506235E-05
vn 1 -4.42204255E-05 -2.76506235E-05
vn 1 -3.65645574E-05 -4.27186569E-05
vn 1 -5.95398051E-05 -3.50378723E-05
vn 1 -5.95398051E-05 -3.50378723E-05
vn 1 -6.628688E-05 -3.38916061E-06
vn 1 -1.87090893E-06 -1.26961609E-07
vn 1 -1.87090893E-06 -1.26961609E-07
vn 1 3.900698E-05 -6.50518559E-05
vn 1 3.900698E-05 -6.50518559E-05
vn 1 3.900698E-05 -6.50518559E-05
vn 1 5.03134943E-05 -3.180877E-05
vn 1 -4.42203964E-05 2.32687416E-05
vn 1 -4.42203964E-05 2.32687416E-05
vn 1 -4.42203964E-05 2.32687416E-05
vn 1 -1.90864685E-05 -3.427403E-05
vn 1 2.94209949E-05 -2.7344191E-05
vn 1 2.94209949E-05 -2.7344191E-05
vn 1 2.94209949E-05 -2.7344191E-05
vn 1 2.754568E-05 -1.8792507E-05
vn 1 7.85191951E-05 -1.49471707E-05
vn 1 7.85191951E-05 -1.49471707E-05
vn 1 7.85191951E-05 -1.49471707E-05
vn 1 4.90711755E-05 4.91572828E-05
vn 1 1.66596328E-05 4.840477E-05
vn 1 -5.76036873E-05 5.2484047E-05
vn 1 -5.76036873E-05 5.2484047E-05
vn 1 -5.76036873E-05 5.2484047E-05
vn 1 -5.64436E-05 5.45595067E-05
vn -0.0370200537 0.677175343 0.734889865
vn -0.0571860634 0.9902478 0.127039626
vn -0.02384954 0.6780572 0.7346221
vn -0.05304462 0.9934033 0.101666629
vn 0.0041110646 -0.409776032 -0.9121769
vn 0.0116603412 -0.4044703 -0.9144768
vn 0.05926807 -0.504812062 -0.8611923
vn -0.05886692 -0.323766977 -0.9443038
vn 1 0 0
vn 1 0 0
vn 1 0 0
vn 1 0 0
vn 1 0 0
vn 1 0 0
vn 1 3.567903E-07 0
vn 1 3.567903E-07 0
vn 1 3.567903E-07 0
vn 1 0 0
vn 1 -3.32892E-07 0
vn 1 -3.32892E-07 0
vn 1 -3.32892E-07 0
vn 1 0 0
vn 1 0 0
vn 1 0 0
vn 1 0 0
vn 1 0 0
vn 1 0 0
vn 1 0 0
vn 1 0 0
vn 1 0 0
vn 1 6.861352E-07 0
vn 1 6.861352E-07 0
vn 1 6.861352E-07 0
vn 1 0 0
vn 1 0 0
vn 1 0 0
vn 1 0 0
vn 1 0 0
vn 1 -1.73900946E-06 0
vn 1 -1.73900946E-06 0
vn 1 -1.73900946E-06 0
vn 1 8.06868059E-07 0
vn 0.00316534354 0.42418322 -0.905570865
vn 0.0108527355 0.4295021 -0.903000653
vn 0.05888194 0.323765576 -0.944303334
vn -0.05927525 0.5048121 -0.8611917
vn 0.00311395084 -0.90555805 -0.424210936
vn 0.0108080879 -0.902986467 -0.429533064
vn 0.05885259 -0.944291532 -0.3238053
vn -0.0592639148 -0.861189365 -0.5048175
vn 0.00411160244 -0.9121716 0.409787953
vn 0.0116610713 -0.9144714 0.404482484
vn 0.05926831 -0.8611855 0.5048236
vn -0.0588557 -0.9442903 0.3238085
vn 0.00315247872 -0.4241792 0.905572832
vn 0.0108404644 -0.42949754 0.903003
vn 0.0588695 -0.323761463 0.944305539
vn -0.0592600033 -0.5047812 0.8612109
vn 0.00406597974 0.409754 0.91218704
vn 0.0116216661 0.404445231 0.9144884
vn 0.05924474 0.504782557 0.8612112
vn -0.05886353 0.323759228 0.9443067
vn 0.00311455736 0.9055577 0.4242117
vn 0.0108086653 0.902986169 0.4295337
vn 0.0588526465 0.944291353 0.323805839
vn -0.05926984 0.8611861 0.5048223
vn 0.004104025 0.912174165 -0.409782171
vn 0.0116536571 0.914474 -0.404476881
vn 0.0592611954 0.8611892 -0.5048181
vn -0.0588515848 0.944289148 -0.3238124
vn -1 0 0
vn -1 0 0
vn -1 0 0
vn -1 0 0
vn -1 1.21081791E-06 0
vn -1 2.56605017E-06 0
vn -1 -7.00146757E-07 0
vn -1 0 0
vn -1 8.69892E-07 0
vn -1 0 0
vn -1 0 0
vn -1 0 0
vn -1 1.12596388E-06 0
vn -1 8.69892E-07 0
vn -1 -1.50052836E-06 0
vn -1 -3.64661133E-07 0
vn -1 2.21305527E-06 0
vn -1 0 0
vn -1 0 0
vn -1 1.50045616E-06 0
vn -1 0 0
vn -1 0 0
vn -1 0 0
vn -0.0213653576 0.8321501 -0.5541388
vn -0.0211123955 0.9936446 0.110565491
vn -0.0353089757 0.9151463 -0.4015726
vn -0.0236568153 0.999423265 -0.0243612379
vn -0.0321341753 0.988266 0.1493243
vn -0.0435285456 0.8524417 -0.5210072
vn -0.0267125089 0.773642659 0.6330589
vn -0.0132049285 0.6504813 0.759407461
vn -0.0561346635 0.212217048 0.975609
vn -0.0665668547 0.6721898 0.7373804
vn -0.01835801 0.177174017 0.9840083
vn -0.04129703 0.004289657 0.9991377
vn -0.02389093 -0.472770959 0.880861461
vn 0.00384552055 -0.620887041 0.783890665
vn -0.05612253 -0.923937738 0.378403723
vn -0.0665617138 -0.6094556 0.7900212
vn -0.0321346968 -0.979740441 0.197676748
vn -0.0260778386 -0.938995242 -0.342940062
vn -0.021220671 -0.864442647 -0.502283454
vn 0.00743936747 -0.9853498 0.170383483
vn -0.03740995 0.019465657 -0.9991104
vn -0.03761983 0.6574686 -0.7525422
vn -0.034843035 0.193229437 -0.980534732
vn -0.0190182328 0.7476125 -0.6638629
vn -0.00999442 0.8517306 -0.5238847
vn -0.0147442622 0.33833313 -0.9409109
vn -0.0250230636 0.167742878 -0.985513151
vn -0.0273613017 -0.367384523 -0.9296666
vn -0.0540158153 -0.5331953 -0.844266
vn -0.0643424541 -0.8839673 -0.463100255
vn -0.0539894067 -0.9514563 -0.3030117
vn -0.0199397467 -0.02155324 -0.9995689
vn -0.00500661135 0.323885232 -0.9460831
vn -0.03261664 -0.3594557 -0.932592
vn -0.05537655 0.6422086 -0.7645271
vn -0.05925952 0.341401964 -0.938047469
vn -0.0263188351 0.8693922 -0.493421227
vn -0.01613073 0.348782957 -0.9370647
vn -0.0224722866 0.986272752 -0.163587943
vn -0.0302939489 0.982271433 0.18500033
vn -0.0180737264 0.871903241 0.489344537
vn -0.008255597 0.6517534 0.758385956
vn -0.0240856968 0.3472081 0.9374788
vn -0.0168914571 0.00718972133 0.9998315
vn -0.0240733214 -0.347207278 0.9374794
vn -0.0285369642 -0.6480851 0.7610331
vn -0.0540157743 -0.8650383 0.498789579
vn -0.0271752253 -0.9864054 0.162067845
vn -0.0199335422 -0.9869496 -0.1597909
vn -0.010461133 -0.871796846 -0.489756
vn -0.0540121719 -0.6414523 -0.7652592
vn -0.0578181744 -0.8645538 -0.499203146
vn -0.0272102673 -0.3309311 -0.9432625
vn -0.02716542 0.9534903 -0.3001971
vn -0.02751517 0.9232577 0.383194685
vn -0.02928528 0.99855125 0.04514175
vn -0.029814655 0.7934329 0.607927144
vn -0.0294612329 0.216750845 0.975782335
vn -0.0317280628 0.538339734 0.8421305
vn -0.02111487 -0.6900668 0.7234376
vn -0.021363331 -0.993651569 0.110454291
vn -0.03527787 -0.9591542 0.28067556
vn -0.0194742642 -0.999667168 -0.0169202685
vn -0.0192997735 -0.8572173 -0.514593
vn -0.0192595627 -0.9874264 0.156901881
vn -0.0256306659 -0.753127158 -0.6573756
vn -0.00609670952 -0.3260239 -0.9453419
vn -0.0215999875 -0.157401621 -0.9872984
vn -0.0362068638 0.357923627 -0.933048666
vn -0.01946656 0.5144887 -0.8572762
vn -0.0192933027 0.8742827 -0.485033482
vn -0.0266690161 0.9435155 -0.330253422
vn -0.00179643184 0.983004332 0.1835735
vn -0.0241063423 0.9268984 0.3745373
vn -0.0526533127 0.6146326 0.7870543
vn -0.017310515 0.496745437 0.867723644
vn -0.008602131 -0.004008621 0.999954939
vn -0.02391112 -0.204002962 0.9786782
vn -0.0130185066 -0.66394484 0.7476682
vn -0.0183708575 -0.76824677 0.639890134
vn -0.0244885236 -0.985287368 0.169142425
vn -0.03991303 -0.9872951 -0.153803229
vn -0.039704442 -0.657022 -0.752825141
vn -0.0372937433 -0.7781972 -0.626911759
vn -0.0211633686 -0.281444639 -0.9593441
vn -0.0213555433 0.401208 -0.915738
vn -0.0353037454 0.236545086 -0.9709789
vn -0.0399255678 0.6268585 -0.7781095
vn -0.03970261 0.9804801 -0.192568168
vn -0.03729944 0.932026148 -0.36046645
vn -0.018983895 0.9715794 0.235951662
vn -0.0192387123 0.5924955 0.805344
vn -0.03297508 0.7226948 0.6903803
vn -0.0399003178 0.360446125 0.93192625
vn -0.03969202 -0.323460519 0.9454088
vn -0.0372810178 -0.1538258 0.987394452
vn -0.0303489286 0.05919665 0.9977849
vn 0.0260507 0.0574103631 0.998010755
vn -0.009462046 0.685073137 0.7284128
vn -0.0536196679 0.177968457 0.9825743
vn -0.05361936 -0.496160656 0.866573453
vn -0.0460788757 0.177811 0.982985258
vn -0.0197038669 -0.627451837 0.778406
vn -0.0308236759 -0.627262056 0.7781981
vn -0.0129701886 0.0196615141 0.99972254
vn -0.0197006464 -0.9813091 0.191427022
vn -0.05532906 -0.9802847 0.189685613
vn -0.0141800316 -0.716538131 0.697403848
vn -0.0141796088 -0.997187555 0.07359298
vn -0.0376152359 -0.716545 0.696526
vn -0.0290952735 -0.8866463 -0.461532146
vn 0.0183201618 -0.8858845 -0.463543981
vn 0.0009960607 -0.976788759 0.214202777
vn -0.0200551823 -0.370245755 -0.9287174
vn -0.0219180211 -0.3702123 -0.9286886
vn -0.0235791858 0.312328041 -0.94968164
vn -0.05036992 0.313424 -0.94827646
vn -0.05138677 -0.9400219 -0.337221473
vn -0.0513883941 -0.5025099 -0.863042951
vn -0.043510925 -0.94029516 -0.337567538
vn -0.014180419 -0.245717555 -0.969237745
vn -0.0141797494 0.434887826 -0.900373
vn -0.03761241 -0.244953126 -0.9688051
vn -0.0287743937 0.856661856 -0.5150753
vn 0.001138542 0.8580703 -0.513531
vn 0.018283356 0.3273364 -0.944731
vn -0.0203721989 0.990827858 0.133585915
vn -0.0132546956 0.9909673 0.133447081
vn -0.0197031554 0.6564987 0.7540698
vn -0.05532086 0.6544802 0.7540525
vn -0.0492369942 0.7621491 -0.6455266
vn -0.04923856 0.998780131 -0.00372380042
vn -0.04103629 0.76258713 -0.645582557
vn -0.0141803846 0.962240338 0.271831661
vn -0.0141798686 0.562333643 0.8267889
vn -0.03761295 0.9614837 0.272276372
vn -0.999345064 0.0359832458 -0.00382597721
vn -0.999345064 0.0359832458 -0.00382597721
vn -0.999345064 0.0359832458 -0.00382597721
vn -1 -3.15728334E-06 7.3873565E-07
vn -1 -3.15728334E-06 7.3873565E-07
vn -1 -3.15728334E-06 7.3873565E-07
vn -0.999344945 -0.0359865725 -0.0038251346
vn -0.999344945 -0.0359865725 -0.0038251346
vn -0.999344945 -0.0359865725 -0.0038251346
vn -1 2.79429514E-06 6.53804364E-07
vn -1 2.79429514E-06 6.53804364E-07
vn -1 2.79429514E-06 6.53804364E-07
vn -0.0869410038 -0.156202048 0.983891368
vn -0.08243599 -0.381352574 0.920746744
vn -0.0918251 -0.1559005 0.9834954
vn 0.01917523 -0.4820184 0.8759513
vn 0.0144584719 -0.4817527 0.8761879
vn 0.0134502519 -0.265385479 0.964048564
vn -0.0546712279 0.242039382 0.968724966
vn -0.0755103752 0.4599569 0.884724736
vn -0.04736831 0.242805272 0.968917847
vn -0.02716058 0.43884027 0.8981545
vn -0.021188559 0.438540518 0.89846164
vn -0.01747321 0.218449891 0.975691736
vn 0 -0.9330441 -0.359762073
vn 0 -0.9586436 0.284609348
vn 0.0285994839 -0.9330945 -0.358492285
vn -0.0549657643 -0.9343814 0.352008641
vn -0.0307901632 -0.9351389 0.352940917
vn -0.030792851 -0.9560446 -0.2915999
vn 0.0307852477 -0.7732146 0.633396864
vn 0.0307849459 -0.225471914 0.973763168
vn 0.05495921 -0.772027731 0.6332082
vn -0.0286023635 -0.156103924 0.987326443
vn -1.13911517E-06 -0.15497978 0.987917662
vn 1.1339373E-06 -0.7258157 0.6878892
vn -0.9993806 0.0284625646 -0.02069572
vn -0.9993806 0.0284625646 -0.02069572
vn -0.9993806 0.0284625646 -0.02069572
vn -0.9987983 0.0133200623 -0.047164727
vn -0.9987983 0.0133200623 -0.047164727
vn -0.9987983 0.0133200623 -0.047164727
vn -0.999513865 0.0307453424 -0.005170721
vn -0.999513865 0.0307453424 -0.005170721
vn -0.999513865 0.0307453424 -0.005170721
vn -0.999789834 0.0104847262 0.0176171362
vn -0.999789834 0.0104847262 0.0176171362
vn -0.999789834 0.0104847262 0.0176171362
vn -1 -8.162466E-07 0
vn -1 -8.162466E-07 0
vn -1 -8.162466E-07 0
vn -0.9997899 -0.0104817105 0.01761637
vn -0.9997899 -0.0104817105 0.01761637
vn -0.9997899 -0.0104817105 0.01761637
vn -0.999514 -0.0307412986 -0.00517042261
vn -0.999514 -0.0307412986 -0.00517042261
vn -0.999514 -0.0307412986 -0.00517042261
vn -0.99961555 -0.02771182 -0.00089863
vn -0.999529362 -0.0214171447 -0.0219616536
vn -0.999529362 -0.0214171447 -0.0219616536
vn -0.999270141 -0.03132649 -0.021858871
vn -0.9993068 -0.017319873 -0.0329528153
vn -0.9993068 -0.017319873 -0.0329528153
vn -0.9993068 -0.017319873 -0.0329528153
vn -0.9994034 -0.0280646048 -0.0201293286
vn -0.9994034 -0.0280646048 -0.0201293286
vn -0.9994034 -0.0280646048 -0.0201293286
vn -0.998812556 -0.016106898 -0.04597899
vn -0.998812556 -0.016106898 -0.04597899
vn -0.998812556 -0.016106898 -0.04597899
vn -0.0362767726 0.998384535 0.04373063
vn -0.0362767726 0.998384535 0.04373063
vn -0.0362767726 0.998384535 0.04373063
vn 0.592949 0.119614258 -0.7963065
vn 0.593195736 0.130078182 -0.79448
vn 0.5928231 0.128247172 -0.7950557
vn 0.5985063 0.278571457 -0.7511247
vn 0.589129865 0.449917644 -0.671193063
vn 0.5839566 0.229385734 -0.778702
vn 0.611716568 0.2402233 -0.7537212
vn 0.6066213 0.28763932 -0.741130352
vn 0.5851448 0.4186798 -0.6944874
vn 0.575089 0.401860535 -0.7125874
vn 0.5730847 0.5023757 -0.647450864
vn 0.571031332 0.474770218 -0.6697137
vn 0.612590551 0.6287154 -0.479009122
vn 0.6368094 0.65951395 -0.399393439
vn 0.566189945 0.6577254 -0.496816218
vn 0.06072754 0.8553862 0.514418662
vn 0.06072754 0.8553862 0.514418662
vn 0.06072754 0.8553862 0.514418662
vn 0.0211196784 0.865832 0.499888927
vn 0.0211196784 0.865832 0.499888927
vn 0 0.8660483 0.4999604
vn 0 0.8660483 0.4999604
vn 0.01872345 0.863113046 0.5046636
vn 0.01872345 0.863113046 0.5046636
vn 0.01872345 0.863113046 0.5046636
vn 0.008748882 0.88644284 0.462755471
vn 0.008748882 0.88644284 0.462755471
vn 0.008748882 0.88644284 0.462755471
vn -0.547361732 -0.374437273 0.748459637
vn -0.5357931 -0.240189135 0.8094659
vn -0.5660475 -0.5494677 0.6145531
vn -0.461138517 -0.3286271 0.824230254
vn -0.4444202 -0.213670686 0.869963
vn -0.4446535 -0.195699 0.8740625
vn -0.5893891 -0.75256747 0.2937051
vn -0.5772124 -0.8158953 -0.0337742381
vn -0.5932339 -0.7960504 0.119905621
vn -0.460583836 -0.5418756 -0.7030173
vn -0.458423436 -0.2001912 -0.8658934
vn -0.447327435 -0.326237619 -0.8327468
vn -0.4719975 -0.194123656 -0.859961867
vn -0.461200833 -0.00314666331 -0.887290239
vn -0.4623679 -0.320997417 -0.82654494
vn -0.457555473 -0.1906235 -0.868507743
vn -0.457555443 0.190623462 -0.868507743
vn -0.4438234 7.946044E-06 -0.8961143
vn -0.4720162 0.194124267 -0.859951437
vn -0.462387621 0.320996463 -0.8265343
vn -0.461218 0.003149704 -0.887281239
vn -0.458429277 0.200192735 -0.86589
vn -0.460594922 0.5418754 -0.703010261
vn -0.44733572 0.326239884 -0.8327415
vn -0.577202141 0.8159029 -0.0337668024
vn -0.58937645 0.752574563 0.293712467
vn -0.593183637 0.7960861 0.119917326
vn -0.4896271 0.576340735 0.654291
vn -0.453500777 0.256792367 0.853460431
vn -0.4552601 0.4000195 0.795438647
vn -0.4540914 0.259587 0.8523002
vn -0.454889119 0.276671678 0.8464802
vn -0.4562312 0.3918077 0.798961759
vn -0.0292367917 0.8109962 0.5843205
vn -0.0282294285 0.700667739 0.71292907
vn -0.0289669819 0.7006521 0.7129148
vn -0.0102575356 0.07793205 -0.9969059
vn -0.02163151 -0.0289174467 -0.999347746
vn -0.000324904919 0.126583681 -0.9919559
vn 0.0250656251 0.0289061815 -0.9992678
vn -0.0522297733 -0.21371451 -0.9754989
vn 0.0572493151 0.1894955 -0.9802112
vn 0.009457606 -0.345484763 -0.9383767
vn 0.009816181 -0.370536923 -0.9287659
vn 0.0101606762 -0.3922743 -0.919792235
vn -0.10057053 -0.870281935 -0.482177347
vn -0.07483092 -0.984585762 -0.158086136
vn -0.104822114 -0.870312154 -0.4812163
vn -0.1327052 -0.847161651 0.5144964
vn -0.0592045076 -0.9772516 0.203652069
vn -0.122748785 -0.8467189 0.517687
vn 0.0601287 -0.6882587 0.722969234
vn 0.0213854332 -0.8389502 0.5437878
vn 0.033613123 -0.7446827 0.6665717
vn -0.0292365029 -0.810986459 0.584333956
vn -0.0289668646 -0.7006402 0.7129265
vn -0.028228946 -0.7006561 0.712940454
vn -0.009723101 -0.7820406 0.6231517
vn 0.0317353979 -0.6884783 0.724562347
vn 0.0179007184 -0.7278506 0.6855021
vn 0.049837362 -0.541085362 0.839489639
vn 0.00776759163 -0.4251499 0.9050897
vn 0.0452265777 -0.5001559 0.864753544
vn -0.0292362664 -0.3931294 0.9190182
vn -0.03777483 -0.306150347 0.951233447
vn 0.00659800274 -0.5288345 0.848699331
vn 0.0182788745 0.8373483 0.546364069
vn 0.05847098 0.686970949 0.7243287
vn 0.03082366 0.7432056 0.6683527
vn 0.0131844906 0.727669656 0.6858011
vn 0.02934052 0.688785136 0.7243716
vn -0.016165141 0.7817085 0.623434544
vn 0.0605537966 0.4984489 0.864801645
vn 0.02474845 0.423572451 0.9055241
vn 0.0631874353 0.5395981 0.83954823
vn -0.0194833875 0.5319052 0.846579731
vn -0.0259000212 0.303235829 0.9525635
vn -0.0277856942 0.347197562 0.9373803
vn -0.122750454 0.8467157 0.517691851
vn -0.05920438 0.9772503 0.203658625
vn -0.13270694 0.847158432 0.5145012
vn -0.07695602 0.9842545 -0.159125656
vn -0.0999844 0.8695413 -0.48363325
vn -0.104362033 0.8695407 -0.482708633
vn 0.9772534 -0.1576009 -0.1419076
vn 0.9772534 -0.1576009 -0.1419076
vn 0.9772534 -0.1576009 -0.1419076
vn 0.94917196 -0.178670377 -0.2591323
vn 0.94917196 -0.178670377 -0.2591323
vn 0.94917196 -0.178670377 -0.2591323
vn 0.991842151 -0.0518471636 -0.116452053
vn 0.991842151 -0.0518471636 -0.116452053
vn 0.991842151 -0.0518471636 -0.116452053
vn 0.9687405 -0.046327468 -0.243712
vn 0.9687405 -0.046327468 -0.243712
vn 0.9687405 -0.046327468 -0.243712
vn 0.99211216 0 -0.1253533
vn 0.99211216 0 -0.1253533
vn 0.99211216 0 -0.1253533
vn 0.9687502 0.0463231169 -0.243674457
vn 0.9687502 0.0463231169 -0.243674457
vn 0.9687502 0.0463231169 -0.243674457
vn 0.9918435 0.0518449619 -0.116440848
vn 0.9918435 0.0518449619 -0.116440848
vn 0.9918435 0.0518449619 -0.116440848
vn 0.9687117 0.133881122 -0.208982274
vn 0.9687117 0.133881122 -0.208982274
vn 0.9687117 0.133881122 -0.208982274
vn 0.9882009 0.11382176 -0.102486759
vn 0.9882009 0.11382176 -0.102486759
vn 0.9882009 0.11382176 -0.102486759
vn 0.979357839 -0.07347875 0.188305914
vn 0.979357839 -0.07347875 0.188305914
vn 0.979357839 -0.07347875 0.188305914
vn 0.992546856 0.09258619 0.07923688
vn 0.992546856 0.09258619 0.07923688
vn 0.992546856 0.09258619 0.07923688
vn 0.9795176 0.07854202 0.185408846
vn 0.9795176 0.07854202 0.185408846
vn 0.9842609 0.07483037 0.16009675
vn 0.9758244 0.113485731 0.186782643
vn 0.9758244 0.113485731 0.186782643
vn 0.9758244 0.113485731 0.186782643
vn -0.121589161 -0.872988343 -0.472342521
vn -0.121589161 -0.872988343 -0.472342521
vn -0.121589161 -0.872988343 -0.472342521
vn 0.190582335 -0.486170769 0.852828443
vn 0.237545356 -0.371461242 0.897545934
vn 0.191066384 -0.486611515 0.852468669
vn -0.122420818 0.86792016 -0.481381178
vn -0.122420818 0.86792016 -0.481381178
vn -0.122420818 0.86792016 -0.481381178
vn -0.140058368 -0.8517968 0.5048029
vn -0.140058368 -0.8517968 0.5048029
vn -0.140058368 -0.8517968 0.5048029
vn -0.12978375 0.865908146 0.483072758
vn -0.12978375 0.865908146 0.483072758
vn -0.12978375 0.865908146 0.483072758
vn 0.0729052052 -0.8528293 0.517075539
vn 0.0729052052 -0.8528293 0.517075539
vn 0.0729052052 -0.8528293 0.517075539
vn 0.0209578574 -0.8658341 0.499892145
vn 0.0209578574 -0.8658341 0.499892145
vn 0.0209578574 -0.8658341 0.499892145
vn 0 -0.8660475 0.499961734
vn 0 -0.8660475 0.499961734
vn 0.01863064 -0.8631494 0.504604757
vn 0.01863064 -0.8631494 0.504604757
vn 0.01863064 -0.8631494 0.504604757
vn 0.008657594 -0.8862151 0.4631931
vn 0.008657594 -0.8862151 0.4631931
vn 0.008657594 -0.8862151 0.4631931
vn -0.0414744839 -0.997850657 0.0507344566
vn -0.0414744839 -0.997850657 0.0507344566
vn -0.0414744839 -0.997850657 0.0507344566
vn 0.5935852 -0.135814264 -0.7932283
vn 0.593383849 -0.125315636 -0.795104742
vn 0.5932331 -0.133986786 -0.7938023
vn 0.5944223 -0.22613956 -0.771701455
vn 0.591701448 -0.272847474 -0.75858
vn 0.5961204 -0.227907375 -0.769869268
vn 0.601386 -0.448024422 -0.661520243
vn 0.599727869 -0.3239199 -0.7317119
vn 0.5716519 -0.474160373 -0.6696164
vn 0.5737652 -0.501754642 -0.6473297
vn 0.575772047 -0.401200265 -0.7124079
vn 0.566033244 -0.6583662 -0.4961454
vn 0.6366431 -0.66005677 -0.398761362
vn 0.6124715 -0.629347265 -0.478331059
vn 0.0246049613 0.9530102 -0.301937342
vn 0.0264402833 0.966350436 0.2558667
vn 0.0182013065 0.997096062 -0.07394778
vn -0.0161622949 0.998519 0.0519482
vn -0.01661285 0.9551658 0.2956051
vn -0.027783541 0.9605763 -0.276624948
vn -0.0323951729 0.9764495 0.213300243
vn -0.0318633765 0.7099505 0.703530431
vn -0.03449882 0.8925914 0.449544728
vn -0.0324008353 0.21936591 0.9751045
vn -0.0345537327 0.497001946 0.8670612
vn -0.0329979137 -0.3402804 0.93974483
vn -0.0346518978 -0.06286701 0.9974202
vn -0.03344018 -0.7914127 0.6103669
vn -0.0341399834 -0.6002024 0.799119234
vn -0.0388182253 0.7485798 0.6619075
vn -0.0378843 0.5479181 0.8356737
vn -0.0384492539 0.916673243 0.3977836
vn -0.0389134 0.276883572 0.960115254
vn -0.0374328233 -0.000230073958 0.999299169
vn -0.03923488 -0.280336142 0.95909977
vn -0.03696836 -0.548330545 0.8354442
vn -0.0406223126 -0.7504035 0.6597305
vn -0.0378005 -0.9167223 0.397732854
vn -0.0282063242 -0.9892781 0.143294662
vn 0.001058842 -0.9987399 0.0501752049
vn -0.008856163 -0.960832834 -0.2769872
vn 0.00165757909 -0.955417037 0.295255035
vn 0.010038265 -0.9866818 0.162352383
vn 0.00825793948 -0.9200705 -0.391665757
vn 0.00348626659 -0.985798657 -0.167895436
vn 0.92638576 -0.117495462 0.357776761
vn 0.92638576 -0.117495462 0.357776761
vn 0.92638576 -0.117495462 0.357776761
vn 0.9998028 0.0198562667 0.000199720045
vn 0.9998028 0.0198562667 0.000199720045
vn 0.9998028 0.0198562667 0.000199720045
vn 0.9272858 0.1163636 0.355809778
vn 0.9272858 0.1163636 0.355809778
vn 0.9272858 0.1163636 0.355809778
vn 0.9998043 -0.019782206 0.000267279567
vn 0.9998043 -0.019782206 0.000267279567
vn 0.9998043 -0.019782206 0.000267279567
vn 0.18146947 0.811431 0.555561543
vn 0.5341465 0.6704783 0.5149237
vn 0.178414181 0.8067899 0.563257
vn 0.7591866 0.6447289 0.0892212242
vn 0.913064 0.400249034 -0.0781974941
vn 0.7311767 0.670637369 0.125005022
vn 0.181267649 -0.8116312 0.555334866
vn 0.178239569 -0.8070004 0.5630107
vn 0.5340829 -0.6707861 0.5145888
vn 0.730968952 -0.6707373 0.1256814
vn 0.913050652 -0.400401741 -0.07756954
vn 0.7590985 -0.6447183 0.09004398
vn -0.0442571528 0.937499344 0.345161229
vn -0.04650613 0.593468666 0.803512335
vn -0.0440129042 0.9375073 0.345171
vn 1.37549478E-05 -0.08794912 0.996125
vn 0.00107736757 -0.620484948 0.7842176
vn -0.000465393037 -0.08794956 0.9961248
vn -0.07278217 -0.5482983 0.833109736
vn -0.07308849 -0.54829675 0.8330839
vn -0.0748659745 0.0008559243 0.9971933
vn -0.07017262 -0.484196067 0.872141063
vn -0.06218844 -0.8845666 0.4622494
vn -0.07061499 -0.4841852 0.8721114
vn -2.18302011E-05 -0.9178123 0.3970147
vn -1.37549223E-05 -0.9178122 0.397014737
vn 1.56871829E-05 -0.5490954 0.8357597
vn 0.9987304 -0.0427852049 -0.0265897438
vn 0.9987304 -0.0427852049 -0.0265897438
vn 0.9987304 -0.0427852049 -0.0265897438
vn 0.992114067 0.0421113558 -0.118051983
vn 0.992114067 0.0421113558 -0.118051983
vn 0.992114067 0.0421113558 -0.118051983
vn 0.989318 0.131414279 0.06308853
vn 0.989318 0.131414279 0.06308853
vn 0.989318 0.131414279 0.06308853
vn 0.9994727 -0.0295636877 0.0134304352
vn 0.9994727 -0.0295636877 0.0134304352
vn 0.9994727 -0.0295636877 0.0134304352
vn -0.6649374 -0.6345013 0.394038558
vn -0.672734737 -0.7397872 0.0119497916
vn -0.66518724 -0.74658674 0.0115836859
vn -0.6727172 -0.7398032 -0.0119493315
vn -0.664919138 -0.6345376 -0.394010872
vn -0.665171564 -0.746600747 -0.0115830163
vn -0.653382361 -0.757023 0.002791047
vn -0.6598079 -0.598701239 -0.454103827
vn -0.651175559 -0.655334949 -0.382761717
vn -0.6632922 -0.567799449 -0.487490773
vn -0.6608169 -0.323151827 -0.6774171
vn -0.660888851 -0.6244754 -0.4162409
vn -0.658796251 -0.5685735 -0.49265787
vn -0.659017146 -0.151021257 -0.73681
vn -0.654409349 -0.323172122 -0.6835994
vn -0.66020906 -0.126988262 -0.7402689
vn -0.6608657 0.09440782 -0.744542658
vn -0.660892248 -0.300327659 -0.6877679
vn -0.653142 -0.121300824 -0.7474568
vn -0.6618252 0.354474366 -0.660556853
vn -0.653743148 0.10284207 -0.7496956
vn -0.65854913 0.3706553 -0.654925764
vn -0.657648265 0.483164042 -0.5779717
vn -0.657605469 0.120387383 -0.7436814
vn -0.669703364 0.417618632 -0.6140782
vn -0.639626265 0.7286411 -0.244868174
vn -0.651852548 0.5327703 -0.5396703
vn -0.6143948 0.7666586 -0.186423242
vn -0.5776302 0.8024105 -0.149935648
vn -0.6605716 0.5834235 -0.4725063
vn -0.60480994 0.718338132 -0.343795419
vn -0.653154 0.7525948 0.0836116
vn -0.5688642 0.763505161 -0.305701524
vn -0.634294748 0.716880143 -0.289401233
vn -0.662085235 0.7241599 0.192965165
vn -0.646171153 0.747787058 0.152569264
vn -0.6622076 0.7001139 0.267061055
vn -0.657616 0.503400862 0.560471833
vn -0.6577352 0.718841136 0.22505942
vn -0.6623066 0.6980647 0.27213186
vn -0.653055966 0.392977923 0.6473687
vn -0.6520475 0.5021113 0.5680829
vn -0.661720157 0.36961773 0.652310669
vn -0.660843134 0.119184919 0.741000235
vn -0.6608822 0.481938869 0.5752997
vn -0.659012854 0.3631252 0.658667
vn -0.658842742 -0.113012731 0.7437435
vn -0.6554297 0.111600786 0.7469653
vn -0.6601959 -0.126991928 0.740280032
vn -0.6608767 -0.3003365 0.687779069
vn -0.660850644 0.09439642 0.7445574
vn -0.6532182 -0.144732729 0.74320817
vn -0.6629805 -0.560522437 0.496257544
vn -0.653041661 -0.315724641 0.688370943
vn -0.660253346 -0.5694918 0.4896373
vn -0.657693744 -0.6263799 0.418434173
vn -0.657612 -0.3250859 0.679607
vn -0.659969032 -0.6046079 0.445971131
vn -0.6451498 -0.763986051 -0.0103442483
vn -0.6479249 -0.662774563 0.375397354
vn -0.60053134 -0.7093384 -0.369054317
vn -0.60057503 -0.776563048 0.190419257
vn -0.5944928 -0.714162052 -0.369527936
vn -0.0895652249 -0.995981 -0.000119289369
vn -0.06302285 -0.998011947 0.0005938411
vn -0.0630226955 -0.8392529 -0.540076554
vn -0.530667841 -0.8443208 0.0742569938
vn -0.530752659 -0.6111119 0.5872341
vn -0.5252801 -0.847546 0.07580703
vn -0.09212949 -0.837406039 0.53876096
vn -0.07183758 -0.838660538 0.53989625
vn -0.07183762 -0.997416 -0.0007769167
vn -0.3511824 -0.7970179 0.491358817
vn -0.3747669 -0.3655259 0.8520215
vn -0.374761581 -0.7913508 0.483029783
vn 0.0170566142 -0.843896747 -0.5362345
vn 0.00328204059 -0.843800247 -0.5366474
vn 0.0171596035 -0.419907868 -0.907404542
vn -0.0140710613 -0.0131195486 -0.9998149
vn 1.04308128E-07 0.529299557 -0.848435044
vn 0 -0.0134582231 -0.999909461
vn -0.3973384 0.106508963 -0.911470234
vn -0.397339016 0.6190863 -0.677387536
vn -0.368925422 0.6228786 -0.6898669
vn -0.0474440046 0.6394072 -0.7674031
vn -0.06674475 0.9519205 -0.298985749
vn -0.03889935 0.639954567 -0.7674275
vn -0.322161078 0.886566639 -0.3319817
vn -0.4437507 0.8692378 0.217970029
vn -0.428123027 0.8762579 0.221094355
vn -0.1903352 0.9606737 0.202184632
vn -0.173978582 0.6943928 0.69824785
vn -0.173970461 0.9635597 0.203191966
vn -0.367768168 0.897851169 0.242094666
vn -0.367768437 0.593199253 0.7161432
vn -0.3491639 0.600089669 0.7197062
vn -0.187325835 0.7008308 0.6882915
vn -0.170447409 0.209395379 0.962861
vn -0.170441747 0.702764034 0.6907043
vn -0.3699292 0.6240294 0.6882875
vn -0.369924545 0.1114923 0.9223477
vn -0.3506806 0.115536034 0.9293409
vn -0.184204742 0.2198746 0.957979
vn -0.166787565 -0.3420967 0.9247442
vn -0.166779935 0.220226049 0.9610853
vn -0.3720371 0.153006643 0.915520251
vn -0.372037023 -0.404754847 0.8353215
vn -0.3521329 -0.4051277 0.8437263
vn -0.184217259 -0.3287532 0.926274955
vn -0.16417782 -0.7852006 0.597080946
vn -0.164165884 -0.33021152 0.9295213
vn -0.7219353 0.691757262 -0.0167738665
vn -0.7219353 0.691757262 -0.0167738665
vn -0.7219353 0.691757262 -0.0167738665
vn -0.9657629 0.185745627 -0.181109518
vn -0.9657629 0.185745627 -0.181109518
vn -0.9657629 0.185745627 -0.181109518
vn 0.112111084 -0.993513167 0.01904639
vn 0.112111084 -0.993513167 0.01904639
vn 0.112111084 -0.993513167 0.01904639
vn 0.06543128 -0.9978571 0
vn 0.06543128 -0.9978571 0
vn 0.06543128 -0.9978571 0
vn -1.13896033E-06 0.933061361 -0.359717339
vn 1.13412239E-06 0.958629966 0.284655333
vn -0.0285956636 0.9331117 -0.35844776
vn 0.0549658835 0.9343817 0.352007866
vn 0.0307911728 0.93513906 0.352940261
vn 0.0307918433 0.9560445 -0.291600525
vn -0.0307842474 0.7732145 0.6333969
vn -0.030785948 0.2254719 0.973763168
vn -0.0549590662 0.772027731 0.6332083
vn 0.028602289 0.156114385 0.9873248
vn 0 0.154989555 0.9879161
vn 0 0.72582227 0.687882364
vn -1.13895931E-06 -0.7780541 -0.6281973
vn 1.13399244E-06 -0.232841372 -0.972514749
vn -0.0285932627 -0.7769801 -0.6288755
vn 0.0549532361 -0.16238156 -0.9851966
vn 0.030785352 -0.161949 -0.9863188
vn 0.03078491 -0.730581164 -0.6821315
vn -0.0307844654 0.161946818 -0.9863192
vn -0.03078634 0.730546534 -0.6821686
vn -0.0549555235 0.16238004 -0.985196769
vn 0.02859947 0.7769877 -0.6288659
vn 0 0.7780628 -0.628186464
vn 0 0.2328091 -0.972522438
vn -0.9980685 0.0612628721 0.0103033129
vn -0.9980685 0.0612628721 0.0103033129
vn -0.9980685 0.0612628721 0.0103033129
vn -0.9986613 0.05078347 -0.00983892847
vn -0.999581039 0.0152814956 0.02458284
vn -0.999581039 0.0152814956 0.02458284
vn -0.999581039 0.0152814956 0.02458284
vn -0.999792 0.0203814637 -0.0008057044
vn -0.9997911 0.0204307884 -0.0005745376
vn -1 3.39246185E-06 0
vn -1 3.39246185E-06 0
vn -1 3.39246185E-06 0
vn -1 4.70703435E-06 2.19898857E-06
vn -0.999098837 0.0406292267 -0.0122802127
vn -0.999098837 0.0406292267 -0.0122802127
vn -0.999098837 0.0406292267 -0.0122802127
vn -0.9991019 0.0412233025 -0.009801101
vn -1 0 0
vn -1 0 0
vn -1 -2.18005516E-06 0
vn -1 1.10392818E-06 0
vn -1 0 0
vn -1 0 -6.586464E-06
vn -1 0 0
vn -1 -1.10392818E-06 0
vn -1 1.09002758E-06 0
vn -1 0 0
vn -0.9990878 -0.0415443145 -0.009877939
vn -0.999082 -0.0410066061 -0.0123942168
vn -0.9986638 -0.05070524 -0.009985506
vn -0.9986638 -0.05070524 -0.009985506
vn -0.9986638 -0.05070524 -0.009985506
vn -0.9980679 -0.06127242 0.0103043057
vn -0.999553 -0.013916485 0.02645929
vn -0.999553 -0.013916485 0.02645929
vn -0.999553 -0.013916485 0.02645929
vn -0.9997856 -0.0206944514 0.0006740669
vn -0.999791 -0.0204348974 -0.000574809732
vn -1 -3.12024167E-06 0
vn -1 -3.12024167E-06 0
vn -1 -3.12024167E-06 0
vn -1 -2.31627337E-06 2.16419016E-06
vn 1.0945E-05 -0.9223499 0.3863557
vn 1.02953336E-05 -0.9979887 -0.0633927956
vn -1.46701941E-05 -0.9223499 0.386355728
vn -1.09450184E-05 -0.9979886 -0.0633936152
vn 1.06758907E-05 -0.8660329 -0.499987036
vn -1.09450048E-05 -0.8660334 -0.499986172
vn 1.02409649E-05 -0.553920865 -0.832569361
vn -1.09449966E-05 -0.553925455 -0.832566261
vn 1.0730284E-05 -0.126580909 -0.9919563
vn -1.09449975E-05 -0.126589 -0.9919553
vn -5.55898941E-06 -0.777311742 0.629115641
vn -0.0117075555 -0.6098098 0.792461336
vn 0.005597506 -0.777216 0.629209
vn -0.0144632524 -0.5911397 0.8064396
vn 1.09450057E-05 0.126586363 -0.9919556
vn 1.07846345E-05 0.5538985 -0.8325842
vn -1.49309626E-05 0.126586378 -0.9919556
vn -1.09450039E-05 0.553896248 -0.8325857
vn 1.02409758E-05 0.866018832 -0.500011444
vn -1.09450029E-05 0.866016 -0.500016332
vn 1.06780371E-05 0.997988939 -0.06338865
vn -1.09450139E-05 0.997986436 -0.06342774
vn 1.02953509E-05 0.9223469 0.38636288
vn -1.09449984E-05 0.9223502 0.386354834
vn 5.63117055E-06 0.777343035 0.629077
vn 0.0117078451 0.609811246 0.792460263
vn -0.00559993135 0.7772473 0.629170358
vn 0.01446415 0.5911353 0.8064427
vn -0.999547839 0.0204870645 -0.0220090132
vn -0.999547839 0.0204870645 -0.0220090132
vn -0.999547839 0.0204870645 -0.0220090132
vn -0.999631166 0.0271359 0.00107743882
vn -0.9992955 0.0301646981 -0.0223325565
vn -0.9993718 0.01870605 -0.0300998613
vn -1 -3.800085E-06 0
vn -1 -3.800085E-06 0
vn -1 -3.800085E-06 0
vn -1 0 0
vn -1 0 0
vn -1 9.09223161E-07 0
vn -1 0 0
vn -1 0 0
vn -1 0 0
vn -1 0 0
vn -1 -9.09223161E-07 0
vn -1 -9.09223161E-07 0
vn -1 0 0
vn -1 0 0
vn -1 3.800085E-06 0
vn -0.4529674 -0.767894864 0.4529438
vn -0.444902748 -0.609514236 0.656166136
vn -0.4458064 -0.5944131 0.6692756
vn -0.490222961 -0.514142454 0.7038033
vn -0.4617066 -0.7784226 -0.425306171
vn -0.466525465 -0.534168363 -0.704995155
vn -0.459853679 -0.5876148 -0.6657654
vn -0.4685741 -0.316891253 -0.8246322
vn -0.467918426 0.543573 -0.6968363
vn -0.4595733 0.5978628 -0.6567743
vn -0.46040678 0.326471925 -0.8254948
vn -0.468390971 0.758654654 -0.452827781
vn -0.444210976 0.5952119 0.669626355
vn -0.444587827 0.609982252 0.655944645
vn -0.47030884 0.7607886 0.4472251
vn -0.461356729 0.480381459 0.7459113
vn -9.729527E-06 0.8660361 -0.4999815
vn -0.0266221128 0.9903436 -0.136054918
vn 1.17793688E-05 0.991219938 -0.1322237
vn -1.61957E-05 0.854818761 -0.5189267
vn 6.03497028E-06 0.587806 -0.8090019
vn -1.46673992E-05 0.5747125 -0.8183554
vn 5.871058E-06 0.207928523 -0.97814405
vn -0.00152251846 0.185496643 -0.9826437
vn -0.00491423253 0.131742656 -0.9912718
vn -0.0251289047 0.9787792 -0.203371286
vn -0.00236255862 0.989706 0.143096
vn 1.00303441E-05 0.9609741 0.276638478
vn 8.009374E-07 0.8660371 0.499979824
vn 1.2230128E-05 0.7691813 0.639030635
vn 5.966053E-06 -0.2079285 -0.97814405
vn -0.00120854657 -0.188320115 -0.982107
vn 1.30757689E-05 -0.574737668 -0.818337739
vn -8.528121E-06 -0.587770939 -0.8090274
vn 1.459848E-06 -0.8548192 -0.518925965
vn -9.444076E-06 -0.8660362 -0.499981344
vn 1.17421159E-05 -0.991219938 -0.132223725
vn -0.0266241878 -0.9903437 -0.136053354
vn -0.00236421078 -0.989705861 0.143096909
vn -0.0251304172 -0.9787793 -0.203370422
vn 1.07102107E-06 -0.9609767 0.276629359
vn 5.945564E-06 -0.8660158 0.500016749
vn 1.2166799E-05 -0.7691813 0.639030635
vn 0.9988757 -0.03608611 0.0307441372
vn 0.9988757 -0.03608611 0.0307441372
vn 0.9988757 -0.03608611 0.0307441372
vn 0.9978667 -0.0282187071 0.0588705577
vn -0.0200119726 0.8458906 0.5329809
vn -0.0200119726 0.8458906 0.5329809
vn -0.0200119726 0.8458906 0.5329809
vn 0 0.8443934 0.5357236
vn 0.00210769637 0.8433904 0.5372971
vn 0.00210769544 -0.8433906 0.537296832
vn 0.00210769544 -0.8433906 0.537296832
vn 0.00210769544 -0.8433906 0.537296832
vn 0.00721417554 -0.8409373 0.5410845
vn -0.0240866188 -0.8432554 0.536973238
vn -2.18153E-05 0.5490629 0.835781038
vn -1.37549205E-05 0.549062967 0.835781038
vn 1.5687192E-05 0.9177969 0.397050232
vn -1.60312975E-05 -1.90734863E-05 1
vn -1.375494E-05 -1.9043684E-05 1
vn 0.9998048 -0.0144284908 0.0134973051
vn 0.9998048 -0.0144284908 0.0134973051
vn 0.9998048 -0.0144284908 0.0134973051
vn 0.99982053 -0.0143940216 0.01232001
vn 0.9998243 -0.0176794045 0.00623590965
vn 0.9998243 -0.0176794045 0.00623590965
vn 0.9998243 -0.0176794045 0.00623590965
vn 0.9989384 -0.019342687 0.04180986
vn 1 -2.09237243E-07 0
vn 1 -2.09237243E-07 0
vn 1 -2.09237243E-07 0
vn 0.998029649 -0.0362917446 -0.051183302
vn 0.998029649 -0.0362917446 -0.051183302
vn 0.998029649 -0.0362917446 -0.051183302
vn 0.998055458 -0.0522778258 -0.0339453034
vn 0.9977902 -0.0508645177 -0.042748563
vn 0.9983209 -0.0302558951 -0.0493961163
vn 0.997767 -0.0191403534 -0.0639897361
vn 0.99802494 0.0284657683 -0.0559993722
vn 0.99802494 0.0284657683 -0.0559993722
vn 0.99802494 0.0284657683 -0.0559993722
vn 0.9986249 0.0150227817 -0.0502248332
vn 0.9987018 0.0389962 -0.0327733643
vn 0.9996703 0.0253352765 -0.0041702427
vn 0.999821246 0.0178308 0.00628955057
vn 0.999664545 0.0153084071 0.0208906755
vn 0.999664545 0.0153084071 0.0208906755
vn 0.999633551 -0.00140107237 0.0270350631
vn 1 0 0
vn 1 0 0
vn 1 0 0
vn 0.9992361 0.03601433 -0.0151696345
vn 0.9992361 0.03601433 -0.0151696345
vn 0.9992361 0.03601433 -0.0151696345
vn 0.999633551 -0.00140107237 0.0270350631
vn 0.999633551 -0.00140107237 0.0270350631
vn 0.999741733 0.00435494259 0.02230687
vn 0 -0.8412409 -0.54066056
vn 0 -0.415406018 -0.90963614
vn 5.3773083E-06 -0.415406078 -0.9096361
vn 0 0.142287835 -0.9898253
vn 0 0.142287925 -0.9898253
vn -1 4.805844E-06 0
vn -1 4.805844E-06 0
vn -1 4.805844E-06 0
vn -1 -2.09422342E-06 0
vn -1 1.67188944E-06 0
vn -1 1.22357087E-05 -0.000261735433
vn 0.119883396 0.992774963 -0.0050923666
vn 0.119883396 0.992774963 -0.0050923666
vn 0.119883396 0.992774963 -0.0050923666
vn 0.0860654041 0.9962502 0.008848129
vn 1 -0.0003270298 0
vn 1 -0.0003270298 0
vn 1 -0.0003270298 0
vn 1 0 -0.000232083112
vn 0.09259501 -0.01361286 -0.9956108
vn 0.09259501 -0.01361286 -0.9956108
vn 0.09259501 -0.01361286 -0.9956108
vn 0.0683523342 0 -0.997661233
vn 0.4610047 0.8432142 0.276522
vn 0.419848919 0.7955207 0.43689096
vn 0.447606862 0.8454376 0.291347653
vn 0.766752958 0.419447631 0.4859564
vn 0.8277316 0.221802026 0.5154262
vn 0.785915554 0.3665809 0.497951061
vn 0.842173338 0.22118625 0.491752684
vn 0.8264964 0.163795173 0.538585961
vn 0.8234267 0.34265554 0.4522783
vn 0.5667357 0.06551899 0.821290433
vn 0.5458426 -0.111363977 0.8304541
vn 0.5350113 -0.0216471925 0.844567537
vn 0.6917489 -0.3176888 0.6485039
vn 0.772856653 -0.409302354 0.4849373
vn 0.7541431 -0.369819969 0.542679846
vn 0.814973831 -0.361027449 0.453295618
vn 0.824351132 -0.4508346 0.3423352
vn 0.7952591 -0.336038232 0.504619956
vn 0.504621446 -0.77351433 0.383448631
vn 0.5334657 -0.8168825 0.219356611
vn 0.5195559 -0.821864367 0.23366791
vn 0.7714613 -0.619496 -0.145162553
vn 0.766858637 -0.619767249 -0.166782469
vn 0.808482766 -0.587215066 0.0391667038
vn 0.6322239 -0.73962003 -0.230770692
vn 0.5916807 -0.7012437 -0.3977075
vn 0.6221249 -0.74261564 -0.247957066
vn 0.7755766 -0.366852015 -0.513712466
vn 0.7553384 -0.334767342 -0.563378036
vn 0.79723376 -0.45286867 -0.3991595
vn 0.748976231 -0.406396061 -0.5233325
vn 0.6692452 -0.303274781 -0.6783327
vn 0.72917676 -0.36592263 -0.578274965
vn 0.557639658 -0.08448527 -0.8257725
vn 0.5849052 0.09375992 -0.805664361
vn 0.5523271 0.006644186 -0.833601058
vn 0.824077368 0.200727984 -0.5297214
vn 0.809950233 0.3215239 -0.490513057
vn 0.805919468 0.141630247 -0.574834466
vn 0.7278582 0.309332848 -0.6119932
vn 0.688149452 0.488648117 -0.53635186
vn 0.6930683 0.441951543 -0.569504261
vn 0.6138207 0.700863361 -0.363338262
vn 0.680775762 0.7078202 -0.188507229
vn 0.6759873 0.705287933 -0.213565186
vn 0.809247732 0.5713219 -0.136782065
vn 0.842803836 0.536424935 0.04393114
vn 0.803405046 0.5742808 -0.1572957
vn 0.008833895 -0.934542835 0.355741
vn -0.03269573 -0.9961106 0.08182052
vn 0.0162352249 -0.935129941 0.3539328
vn 0.00545823667 -0.9541296 -0.299344331
vn 0.0334197357 -0.831754148 -0.554137349
vn -0.004336953 -0.9539334 -0.299987167
vn 0.003810074 -0.857898533 -0.513805032
vn -0.00566145172 -0.8575447 -0.5143783
vn -0.03457516 -0.966645062 -0.2537753
vn 0.0194195658 0.159594014 -0.986991763
vn 0.0188122746 0.159553751 -0.98701
vn 0.0244806614 -0.12462645 -0.9919017
vn -0.01684587 0.381971538 -0.9240206
vn -0.009604637 0.6258005 -0.7799241
vn -0.02255291 0.3816419 -0.924035132
vn 0.00540107163 0.6704847 -0.7419037
vn -0.00204219972 0.670809269 -0.741627157
vn -0.0237664189 0.4355493 -0.8998511
vn -0.0174159911 0.9766721 -0.214028791
vn -0.0101591283 0.9771691 -0.212220132
vn 0.0323485732 0.879268348 -0.4752271
vn 0.00883152 0.9345353 -0.3557608
vn -0.03269611 0.996108949 -0.08184091
vn 0.016232023 0.935123 -0.353951216
vn 0.005468079 0.954125345 0.299357653
vn 0.0334308632 0.8317462 0.554148555
vn -0.00432750955 0.953929663 0.299999118
vn 0.00381436222 0.8578633 0.513863742
vn -0.00566035556 0.8575093 0.514437258
vn -0.0344872735 0.9666462 0.253782839
vn 0.0194047373 -0.159611881 0.986989141
vn 0.01879779 -0.159569964 0.9870076
vn 0.0244663246 0.124609016 0.9919042
vn -0.01684918 -0.381987274 0.924014
vn -0.00966585 -0.625819743 0.7799079
vn -0.022553632 -0.381657541 0.924028635
vn 0.005412262 -0.6704587 0.7419272
vn -0.00203033723 -0.670784354 0.7416497
vn -0.0237466656 -0.435560882 0.899846
vn -0.0174244251 -0.9766759 0.214010745
vn -0.0101669794 -0.977173 0.212201968
vn 0.0323432423 -0.879277647 0.475210249
vn -1 -2.08201482E-06 0
vn -1 -2.08201482E-06 0
vn -1 -2.08201482E-06 0
vn -0.0129635511 0.9737927 -0.227067724
vn -0.0343205854 0.9679374 -0.248835757
vn -0.179890051 0.983477235 0.0203006156
vn 0.262233347 0.922230661 -0.2841203
vn 0.333162427 0.7834072 -0.524667561
vn 0.2638482 0.9222351 -0.282606959
vn -0.197503865 0.507376969 -0.83878535
vn -0.190316051 0.5103894 -0.8386194
vn -0.216716871 0.7375064 -0.639623463
vn 0.1228812 0.140864089 -0.9823734
vn 0.141529381 -0.157959849 -0.9772503
vn 0.13479504 0.1448325 -0.9802316
vn -0.0492402725 -0.284929931 -0.9572828
vn -0.0327848271 -0.284470022 -0.9581242
vn -0.009954655 0.0206432119 -0.9997373
vn 0.03146328 -0.6044032 -0.796057045
vn 0.008900557 -0.81843257 -0.5745337
vn 0.0478609763 -0.6034651 -0.795951843
vn -0.0717645362 -0.8554285 -0.51292485
vn -0.05584814 -0.8556436 -0.5145436
vn -0.03851129 -0.659100533 -0.7510682
vn 0.07124595 -0.9973526 0.0145520568
vn 0.0414546579 -0.94823873 0.314841
vn 0.09299625 -0.9955785 0.0132305594
vn 0.10596925 -0.9589082 0.263183683
vn 0.130390123 -0.952733159 0.2744047
vn 0.2311574 -0.972689867 -0.0209927242
vn -0.158744365 -0.5393708 0.826970041
vn -0.1697942 -0.530466437 0.8305271
vn -0.271887183 -0.7293559 0.627787769
vn 0.245868012 -0.368847579 0.896381855
vn 0.309400141 -0.08970902 0.946691
vn 0.248275116 -0.370329082 0.8951066
vn -0.144252852 0.277886152 0.9497212
vn -0.136715963 0.275714725 0.9514674
vn -0.161113113 -0.0247569345 0.986625433
vn 0.131068215 0.5994991 0.789570749
vn 0.138813749 0.806655347 0.5744893
vn 0.146669731 0.5942824 0.7907695
vn -0.0195608977 0.854036152 0.5198458
vn 0.002662223 0.856657565 0.5158786
vn 0.06724102 0.6593019 0.7488656
vn 0.6881318 0.709933758 0.1498955
vn 0.687538564 0.663047433 0.296072483
vn 0.6798337 0.7020604 0.211984128
vn 0.7218026 0.577525735 0.381398857
vn 0.72049737 0.453171968 0.524898767
vn 0.718091 0.5974313 0.3569611
vn 0.7100688 0.5403835 0.45142886
vn 0.704926252 0.430545866 0.563657045
vn 0.7021392 0.406641215 0.584502757
vn 0.695519149 0.273036361 0.664608359
vn 0.708354831 0.122735217 0.695103943
vn 0.696370661 0.185026735 0.693421245
vn 0.714052439 0.135957181 0.686764
vn 0.731038749 -0.0199988633 0.682042837
vn 0.704053164 0.19900091 0.681694865
vn 0.688174367 -0.149837509 0.7099048
vn 0.6875742 -0.296049058 0.6630209
vn 0.6798711 -0.211978778 0.702025831
vn 0.721810162 -0.3813563 0.5775444
vn 0.7205181 -0.5248871 0.453152627
vn 0.7181031 -0.3569551 0.5974202
vn 0.7100452 -0.451438725 0.540406168
vn 0.704900563 -0.5636757 0.43056345
vn 0.7021237 -0.58451277 0.406653523
vn 0.6954947 -0.664623439 0.273062021
vn 0.708319664 -0.695129037 0.122796342
vn 0.6963488 -0.6934408 0.185035884
vn 0.714054048 -0.6867629 0.135954171
vn 0.731038749 -0.6820426 -0.0200072
vn 0.7040562 -0.681693554 0.198994279
vn 0.688181 -0.709884942 -0.1499009
vn 0.687587 -0.663009346 -0.296045274
vn 0.679871857 -0.702019155 -0.211998567
vn 0.721801043 -0.5775208 -0.381409258
vn 0.720491469 -0.4531703 -0.524908364
vn 0.7180859 -0.5974303 -0.356973052
vn 0.7100732 -0.5403815 -0.45142433
vn 0.70493 -0.430584669 -0.5636228
vn 0.7021483 -0.40663904 -0.5844933
vn 0.695526361 -0.2730363 -0.6646009
vn 0.708360434 -0.122736029 -0.695098162
vn 0.6963751 -0.1850261 -0.693416953
vn 0.714048147 -0.135999888 -0.686759949
vn 0.7310362 0.0200066287 -0.6820454
vn 0.704052448 -0.199042216 -0.68168354
vn 0.6741358 0.213429421 -0.7070989
vn 0.661839366 0.3588874 -0.6581554
vn 0.66111064 0.274462044 -0.698286
vn 0.6854855 0.404583752 -0.6053277
vn 0.6847001 0.5479118 -0.480602235
vn 0.6822772 0.3797422 -0.624734938
vn 0.692217946 0.393934429 -0.60469
vn 0.7022209 0.508939445 -0.497861862
vn 0.6993866 0.5329145 -0.476298779
vn 0.695539355 0.66459024 -0.27302894
vn 0.7083633 0.6950849 -0.122794352
vn 0.69638145 0.69340533 -0.185045615
vn 0.714032352 0.68678683 -0.135947108
vn 0.7310173 0.682065964 0.0199943166
vn 0.7040295 0.6817198 -0.198998973
vn -0.193087891 -0.9416792 0.2756039
vn -0.312333435 -0.9447903 0.09909162
vn -0.181481421 -0.9494762 0.256045878
vn 0.0940671638 -0.9555814 -0.279312551
vn 0.155308053 -0.8670053 -0.4734778
vn 0.08380494 -0.954955637 -0.2846691
vn -0.262179077 -0.88829 -0.377098143
vn -0.27084446 -0.8827344 -0.383957356
vn -0.3525086 -0.917002559 -0.1866656
vn 0.346627921 -0.596818864 -0.723641038
vn 0.3521524 -0.590176642 -0.726416051
vn 0.4334027 -0.700573146 -0.566885769
vn -0.385780126 -0.4361154 -0.813005
vn -0.4452111 -0.249014229 -0.8601041
vn -0.3879653 -0.4378635 -0.8110231
vn 0.107950613 -0.1686718 -0.979743063
vn 0.101784587 -0.170546442 -0.980078459
vn 0.120598041 -0.379575968 -0.9172667
vn -0.103234515 0.163289726 -0.981162131
vn -0.113085128 0.3725744 -0.9210864
vn -0.109819159 0.161439463 -0.980753362
vn 0.00280045741 0.8045588 -0.5938664
vn -0.00474681752 0.806991458 -0.5905441
vn -0.08296084 0.6643429 -0.742809534
vn 0.151557729 0.962086558 -0.226759374
vn 0.163774967 0.9647174 -0.2061508
vn 0.2828005 0.8866505 -0.365889
vn -0.3186688 0.9262668 -0.201196566
vn -0.4070732 0.913244069 -0.0166330468
vn -0.313812226 0.9294043 -0.194240943
vn 0.259517729 0.8950859 0.362590462
vn 0.264490038 0.8912654 0.368362665
vn 0.3512149 0.9182478 0.1829454
vn -0.218001187 0.88978225 0.4009526
vn -0.3056353 0.777466059 0.5496669
vn -0.2134156 0.8881573 0.406977177
vn 0.146396279 0.6323551 0.760720134
vn 0.150894761 0.6280038 0.7634409
vn 0.234799027 0.750951469 0.6172045
vn -0.240202785 0.570627332 0.785294235
vn -0.3111574 0.3952759 0.8642558
vn -0.2395246 0.5701289 0.7858632
vn 0.336371571 0.184956253 0.923388
vn 0.337337434 0.183778822 0.923270762
vn 0.40667522 0.3581587 0.8404389
vn -0.339233458 0.0326566733 0.9401352
vn -0.408331126 -0.156063721 0.899394155
vn -0.338319719 0.0316080563 0.940500259
vn 0.2453841 -0.375110239 0.8939122
vn 0.246115863 -0.375769049 0.893434167
vn 0.3163918 -0.186761454 0.9300626
vn -0.313049763 -0.478513867 0.820380569
vn -0.377309263 -0.619498134 0.6883748
vn -0.314074457 -0.4773782 0.8206506
vn 0.2904588 -0.760281146 0.581039
vn 0.2863622 -0.760543048 0.582727253
vn 0.30431056 -0.603611052 0.7369185
vn -0.0141946925 -0.963729858 0.266501844
vn 0.006765627 -0.9771488 0.212448776
vn 0.182264984 -0.92253834 0.340150654
vn -1 6.923194E-06 0
vn -1 6.923194E-06 0
vn -1 6.923194E-06 0
vn -1 -3.88283161E-06 0
vn -1 -3.88283161E-06 0
vn -1 -3.88283161E-06 0
vn -0.997243941 -0.0121759279 -0.073186785
vn -0.997243941 -0.0121759279 -0.073186785
vn -0.997243941 -0.0121759279 -0.073186785
vn -1 -5.025732E-07 0
vn -1 -5.025732E-07 0
vn -1 0 0
vn -1 -2.75376152E-07 0
vn -1 0 0
vn -1 3.581662E-06 0
vn -1 -2.75376152E-07 0
vn -1 -6.42928569E-07 0
vn -1 0 0
vn -1 0 0
vn -1 0 0
vn -1 0 0
vn -1 0 0
vn -1 0 0
vn -1 0 0
vn -1 -6.150445E-07 0
vn -1 0 0
vn -1 0 0
vn -1 -6.150445E-07 0
vn -1 -6.150445E-07 0
vn 0.008234731 -0.9997585 -0.0203770157
vn 0.02817686 -0.9993185 -0.02384534
vn 0.02817665 -0.99507916 0.09499207
vn -0.00823679 -0.9997584 0.0203770883
vn -0.0281789489 -0.9993185 0.0238453187
vn -0.0281787347 -0.99507916 -0.09499204
vn -0.0206922386 -0.752720952 0.6580145
vn -0.004284434 -0.7578297 0.652438343
vn 0.09243058 -0.461746573 0.8821829
vn 0.004285224 -0.6525068 0.7577708
vn -0.092414394 -0.882226169 0.46166712
vn 0.02069117 -0.658076763 0.752666533
vn 0.0418581665 -0.9973042 0.0602677055
vn 0.0418581665 -0.9973042 0.0602677055
vn 0.0418581665 -0.9973042 0.0602677055
vn 0.0163513683 -0.9991268 0.0384491533
vn 0.0163513683 -0.9991268 0.0384491533
vn 0.0163513683 -0.9991268 0.0384491533
vn -0.008144121 0.0204000846 0.9997588
vn -0.0280865878 0.0238720067 0.9993204
vn -0.02808641 -0.0949681252 0.995084047
vn 0.008144569 -0.0204002466 0.9997587
vn 0.02808658 -0.0238720085 0.9993204
vn 0.02808641 0.09496811 0.995084047
vn -0.0206372514 0.6580734 0.752670944
vn -0.00423657848 0.652496338 0.7577801
vn 0.09246215 0.8822189 0.461671561
vn 0.004275881 0.75782764 0.6524408
vn -0.09243985 0.4617422 0.882184267
vn 0.0206836089 0.7527184 0.6580177
vn 0.00823679 0.9997584 0.0203770883
vn 0.0281789489 0.9993185 0.0238453187
vn 0.0281787347 0.99507916 -0.09499204
vn -0.008234731 0.9997585 -0.0203770157
vn -0.02817686 0.9993185 -0.02384534
vn -0.02817665 0.99507916 0.09499207
vn 0.0206731521 0.6580606 -0.7526811
vn 0.00426997244 0.652487636 -0.757787347
vn -0.0924288854 0.8822142 -0.461687177
vn -0.0042790994 0.757808566 -0.652462959
vn 0.09243304 0.46171847 -0.8821974
vn -0.0206864085 0.752701 -0.658037543
vn 0.008246101 0.0204682574 -0.9997565
vn 0.0282206554 0.0239400528 -0.999315
vn 0.0282208156 -0.09489649 -0.9950871
vn -0.008247017 -0.0204678383 -0.9997565
vn -0.0282211266 -0.0239394754 -0.999315
vn -0.0282212831 0.09489703 -0.995086968
vn 0.0206609 -0.75271 -0.658028
vn 0.00425753742 -0.757821 -0.6524486
vn -0.09245439 -0.461730748 -0.882188737
vn -0.00427337037 -0.652476 -0.75779736
vn 0.0924288 -0.8822068 -0.4617014
vn -0.0206777025 -0.658049345 -0.752690852
vn -1 3.11907365E-06 0
vn -1 3.11907365E-06 0
vn -1 3.11907365E-06 0
vn -1 4.95604E-06 0
vn -1 4.95604E-06 0
vn -1 -2.999526E-06 0
vn -1 -2.999526E-06 0
vn -1 -2.999526E-06 0
vn -1 0 0
vn -1 0 0
vn -1 0 0
vn -1 0 0
vn -1 0 0
vn -1 0 0
vn -1 0 0
vn -1 0 0
vn -1 0 0
vn -1 0 0
vn -1 0 0
vn -1 0 0
vn -1 -4.955549E-06 0
vn -1 -4.955549E-06 0
vn -1 -4.955549E-06 0
vn 0.9999981 -0.00052390137 -0.00189889944
vn 0.9999983 -0.000821244 -0.00167496793
vn 0.999998868 -0.000854086 -0.00124897668
vn 0.9999981 -0.00052390137 -0.00189889944
vn 0.9999981 -0.00052390137 -0.00189889944
vn 0.9999873 7.44409554E-05 0.005041115
vn -0.010185888 -0.405600041 -0.913993955
vn -0.00363884866 -0.404429257 -0.9145621
vn 0.03029787 -0.643615 -0.7647495
vn -0.0362401381 -0.178417787 -0.9832872
vn -0.0101727974 0.405653119 0.91397053
vn -0.00362767256 0.404482782 0.914538443
vn 0.0303672981 0.6436564 0.7647119
vn -0.0362491161 0.178408653 0.9832886
vn -1 -5.05888556E-06 0
vn -1 -5.05888556E-06 0
vn -1 -5.05888556E-06 0
vn -1 0 0
vn -1 1.04837625E-06 0
vn -1 1.04837625E-06 0
vn -1 1.04837625E-06 0
vn -1 5.16699765E-06 0
vn -1 0 0
vn -1 0 0
vn -1 0 0
vn -1 0 0
vn -1 0 0
vn -1 0 0
vn -1 -4.16001058E-07 0
vn -1 -4.16001058E-07 0
vn -1 -4.16001058E-07 0
vn -1 0 0
vn -1 0 0
vn -1 0 0
vn -1 0 0
vn -1 -2.94884353E-06 0
vn -1 -2.94884353E-06 0
vn -1 -2.94884353E-06 0
vn -1 0 0
vn -1 5.27321959E-07 0
vn -1 0 0
vn -1 5.27321959E-07 0
vn -1 5.27321959E-07 0
vn -1 1.47957007E-06 0
vn -0.9974759 0.06436734 -0.0299775172
vn -0.9974759 0.06436734 -0.0299775172
vn -0.9974759 0.06436734 -0.0299775172
vn -0.997235239 0.07425451 -0.00285786483
vn 0.0164043587 -0.0384731144 -0.999125
vn 0.0164043587 -0.0384731144 -0.999125
vn 0.0164043587 -0.0384731144 -0.999125
vn 0.0418781526 -0.060272675 -0.997303069
vn -0.0164034273 -0.03847111 0.999125063
vn -0.0164034273 -0.03847111 0.999125063
vn -0.0164034273 -0.03847111 0.999125063
vn -0.04182249 -0.0602570027 0.997306347
vn -0.0163615346 0.99912703 0.03843842
vn -0.0163615346 0.99912703 0.03843842
vn -0.0163615346 0.99912703 0.03843842
vn -0.0418658443 0.9973045 0.06025781
vn 0.04184259 0.0602568835 0.9973055
vn 0.04184259 0.0602568835 0.9973055
vn 0.04184259 0.0602568835 0.9973055
vn 0.0163850244 0.0384709463 0.9991254
vn -0.04188318 0.0602725148 -0.9973029
vn -0.04188318 0.0602725148 -0.9973029
vn -0.04188318 0.0602725148 -0.9973029
vn -0.0163473468 0.0384893343 -0.9991253
vn 0.0163799152 0.9991254 -0.0384723432
vn 0.0163799152 0.9991254 -0.0384723432
vn 0.0163799152 0.9991254 -0.0384723432
vn 0.0418639556 0.997304559 -0.0602587238
vn -0.04185765 -0.9973042 -0.0602687746
vn -0.04185765 -0.9973042 -0.0602687746
vn -0.04185765 -0.9973042 -0.0602687746
vn -0.0163711458 -0.9991256 -0.038471695
vn 0.223226562 -0.970537543 -0.0907018557
vn -0.153767481 -0.821687 -0.548804164
vn 0.279500365 -0.945226133 -0.168603539
vn 0.251443952 -0.9600149 -0.123074718
vn 5.39422035E-06 -1 -1.661107E-05
vn -1.11860809E-05 -0.809004366 -0.587802649
vn 0 -0.809004545 -0.5878024
vn 0 -0.3089988 -0.951062441
vn 0 -0.3089988 -0.951062441
vn 0 0.309033334 -0.951051235
vn 0 0.309036225 -0.9510503
vn 1.77919846E-05 0.8090063 -0.587799966
vn 0 0.8090066 -0.587799549
vn 0 1 0
vn 0 1 0
vn 0 1 0
vn 0 1 0
vn 0 1 0
vn 0 1 0
vn 0.879815161 -0.00183215539 -0.475312531
vn 0.5242988 -0.0018321767 -0.851532459
vn 0.879773259 -0.00698419427 -0.475342244
vn 0.4694583 0.00729343 -0.882924557
vn 0.4694307 0.00226583867 -0.8829664
vn 0.848014355 0.00226584682 -0.5299684
vn 0 -1 0
vn 0 -1 0
vn 0 -1 0
vn 0 -1 0
vn 0 -1 0
vn 0 -1 0
vn 0 1 -6.877824E-06
vn 0 1 -6.877824E-06
vn 0 1 -6.877824E-06
vn 0 1 0
vn 0 1 0
vn 0 1 0
vn -0.4725803 -0.0016493937 -0.8812861
vn -0.8499015 -0.00164937787 -0.526939034
vn -0.47261408 -0.00691091735 -0.8812424
vn -0.8780639 0.00711820275 -0.478490472
vn -0.878106833 0.00199673628 -0.478460521
vn -0.521245241 0.00199673674 -0.853404641
vn 0 -1 0
vn 0 -1 0
vn 0 -1 0
vn 0 -1 6.93696165E-06
vn 0 -1 6.93696165E-06
vn 0 -1 6.93696165E-06
vn 0.0009281989 -0.00524858 -0.9999858
vn 0.0009281989 -0.00524858 -0.9999858
vn 0.00268903421 -0.00226159021 -0.9999938
vn 0.00355720823 -0.00121958 -0.999992967
vn 0.00355720823 -0.00121958 -0.999992967
vn 0.00355720823 -0.00121958 -0.999992967
vn 0.00133864814 0.00112724036 -0.99999845
vn 5.28913961E-06 0 -1
vn -4.52655149E-05 0 -1
vn -5.82992652E-05 0 -1
vn 0.00154818781 0.00129400787 -0.999998
vn 0.00154818781 0.00129400787 -0.999998
vn -7.660928E-06 0 -1
vn 5.7569694E-05 0 -1
vn 0 0 -1
vn -0.00251521682 0.000912927557 -0.9999964
vn -0.00248406315 0.000945874141 -0.9999965
vn -0.0004079532 0.0102030365 -0.9999479
vn -0.0004079532 0.0102030365 -0.9999479
vn -0.00249828026 0.00090855587 -0.9999965
vn -0.00376150245 -0.0004068601 -0.999992847
vn -0.00376150245 -0.0004068601 -0.999992847
vn -0.00174296193 -0.00301867817 -0.9999939
vn 0.00020199173 -0.00676923152 -0.9999771
vn 0.000785852666 0.00452326331 -0.9999895
vn 0.000785852666 0.00452326331 -0.9999895
vn 0.000785852666 0.00452326331 -0.9999895
vn 0 -1 0
vn 0 -1 0
vn 0 -1 0
vn 0 -1 -1.80036409E-07
vn 0 -1 -1.80036409E-07
vn 0 -1 -1.80036409E-07
vn -1 2.17854977E-05 0
vn -1 2.12788545E-05 0
vn -0.7660311 -0.6428036 1.2256206E-05
vn -0.7660311 -0.6428036 0
vn -0.173667863 -0.9848043 0
vn -0.173667863 -0.9848043 0
vn 0.499977559 -0.8660384 0
vn 0.499986529 -0.8660332 0
vn 0.939685345 -0.342040181 0
vn 0.939685345 -0.342040181 0
vn 0.939698339 0.3420044 0
vn 0.939685464 0.342039764 0
vn 0.499978125 0.866038 0
vn 0.499978125 0.866038 0
vn -0.173626676 0.984811544 0
vn -0.173626527 0.984811544 0
vn -0.7660311 0.6428036 0
vn -0.766030848 0.642803848 0
vn -1 -2.12490522E-05 1.22562033E-05
vn -1 -2.12788545E-05 0
vn -1 2.14278662E-05 0
vn -1 2.11298466E-05 0
vn -0.766030848 -0.6428038 -1.41113969E-05
vn -0.766030848 -0.642803848 0
vn -0.17366904 -0.9848041 0
vn -0.17366904 -0.9848041 0
vn 0.499978721 -0.8660377 0
vn 0.499979 -0.866037548 0
vn 0.939685345 -0.342040151 0
vn 0.939685345 -0.342040151 0
vn 0.939698756 0.342003226 0
vn 0.939698935 0.342002928 0
vn 0.5000186 0.8660147 0
vn 0.5000186 0.8660147 0
vn -0.173629239 0.984811068 0
vn -0.1736691 0.984804034 0
vn -0.766030848 0.642803848 0
vn -0.766030669 0.6428041 0
vn -1 -2.11298466E-05 -1.40964985E-05
vn -1 -2.11298466E-05 0
vn 1.17365535E-05 -0.809005737 -0.5878008
vn 2.0065565E-05 -0.30903402 -0.951051
vn 3.02493549E-06 -0.809004545 -0.5878024
vn -1.48312083E-05 -0.30903995 -0.95104903
vn 1.91814852E-05 0.308998764 -0.9510625
vn -1.4831211E-05 0.308998764 -0.9510625
vn 1.932881E-05 0.8090032 -0.5878043
vn -1.48312183E-05 0.8090054 -0.5878013
vn 1.94762E-05 1 -1.53779984E-05
vn -1.48311983E-05 1 -2.14576721E-05
vn 1.48311983E-05 -1 -2.14576721E-05
vn 1.94762015E-05 -0.8090268 -0.587771833
vn 6.69062138E-06 -1 -2.13682652E-05
vn -1.48333856E-05 -0.809002161 -0.5878056
vn 1.932881E-05 -0.309034735 -0.951050758
vn -1.48312192E-05 -0.3090311 -0.95105195
vn 1.91814852E-05 0.308998764 -0.9510625
vn -1.4831211E-05 0.308998764 -0.9510625
vn 1.91814815E-05 0.80900526 -0.5878014
vn -1.48312074E-05 0.80900526 -0.5878014
vn 0.04696362 0.9988907 -0.00343582057
vn -9.116782E-06 1 -2.16960925E-05
vn 1 0 0
vn 1 -4.14357316E-07 0
vn 1 0 0
vn 1 -4.14357316E-07 0
vn 1 -4.14357316E-07 0
vn 1 0 0
vn 1 0 0
vn 1 1.48241625E-07 0
vn 1 0 0
vn 1 0 0
vn 1 0 0
vn 1 0 0
vn 1 5.670632E-07 0
vn 1 0 0
vn 1 0 0
vn 1 0 0
vn 0 1 2.23517418E-05
vn 0 1 2.16662884E-05
vn -1.230836E-05 0.766031444 -0.642803133
vn 0 0.766031444 -0.642803133
vn 0 0.173630342 -0.9848109
vn 0 0.173630074 -0.984810948
vn 0 -0.4999846 -0.8660343
vn 0 -0.499995619 -0.866027951
vn 0 -0.939685345 -0.342040151
vn 0 -0.939685345 -0.342040181
vn 0 -0.9396849 0.3420412
vn 0 -0.939697266 0.342007458
vn 0 -0.4999854 0.866033852
vn 0 -0.499985635 0.866033733
vn 0 0.173641428 0.984809
vn 0 0.1736343 0.9848102
vn 0 0.766030967 0.6428037
vn 0 0.766031444 0.642803133
vn -1.23083591E-05 1 -2.23517418E-05
vn 0 1 -2.23517418E-05
vn -1.48311983E-05 1 -2.14576721E-05
vn -1.94762015E-05 0.8090268 -0.587771833
vn -6.63101673E-06 1 -2.13906169E-05
vn 1.48333875E-05 0.809001863 -0.587806046
vn -1.94761542E-05 0.309034735 -0.951050758
vn 1.48312211E-05 0.309029967 -0.9510523
vn -1.92551579E-05 -0.3089988 -0.951062441
vn 1.4831211E-05 -0.308998764 -0.9510625
vn -1.92551524E-05 -0.80900526 -0.5878014
vn 1.48312065E-05 -0.809004545 -0.5878024
vn -0.046963688 -0.9988907 -0.00343582057
vn 9.116771E-06 -1 -2.21729279E-05
vn 0 -0.8090066 -0.587799549
vn 0 -0.309036225 -0.9510503
vn -1.78962928E-05 -0.8090063 -0.587799966
vn 0 -0.309032351 -0.951051533
vn 0 0.308998764 -0.9510625
vn 0 0.3089988 -0.951062441
vn 0 0.809004545 -0.5878024
vn 0 0.809006035 -0.5878003
vn -9.116782E-06 1 -2.16960925E-05
vn -0.0469582826 0.8101361 -0.5843582
vn 0.0248687025 0.9996903 -0.0009749682
vn 1.4831211E-05 0.8090265 -0.58777225
vn -1.92551543E-05 0.309034467 -0.9510508
vn 1.4831201E-05 0.3090367 -0.9510501
vn -1.92551579E-05 -0.308998764 -0.9510625
vn 1.4831211E-05 -0.308998764 -0.9510625
vn -1.94761542E-05 -0.8090032 -0.5878043
vn 1.4831211E-05 -0.809004664 -0.587802231
vn -1.94762E-05 -1 -1.53779984E-05
vn 1.48311965E-05 -1 -2.19643116E-05
vn -1 0 0
vn -1 0 0
vn -1 0 0
vn -1 0 0
vn -1 0 0
vn -1 0 0
vn -1 1.174365E-06 0
vn -1 1.29311772E-07 0
vn -1 2.455506E-06 0
vn -1 -2.14121746E-06 0
vn -1 2.455506E-06 0
vn -1 1.47396975E-07 0
vn -1 -3.10833161E-06 0
vn -1 0 0
vn -1 0 0
vn -1 0 0
vn -1 0 0
vn -1 0 0
vn -1 0 0
vn -1 -1.0465593E-06 0
vn -1 1.48292614E-07 0
vn -1 0 0
vn -1 0 0
vn -1 0 0
vn -1 0 0
vn 0 1 0
vn 0 1 0
vn 0 1 0
vn 0 1 0
vn 0 -1 0
vn 0 -1 0
vn 0 -1 0
vn 0 -1 0
vn 0 -1 0
vn 0 -1 0
vn 1 0 0
vn 1 0 0
vn 1 0 0
vn 1 0 0
vn 1 0 0
vn 1 0 0
vn 1 0 0
vn 0.9999931 0.002087841 -0.00307975081
vn 1 0 0
vn 0.9999915 0.00388348056 -0.0014130919
vn 1 0 0
vn 0.99999243 0.00194594346 -0.00337233464
vn 1 0 0
vn 0.999986231 0.0002612772 -0.005244044
vn 0.9999913 -0.0007237732 -0.00410652161
vn 1 0 0
vn 1 0 0
vn 1 0 0
vn 0.999994457 -0.00255597685 -0.002144881
vn 1 0 0
vn 0.9999944 -0.001942395 -0.00274193543
vn 1 0 0
vn 1 0 0
vn 1 0 0
vn 1 0 0
vn 0 1 0
vn 0 1 0
vn 0 1 0
vn 0 1 0
vn 0 1 0
vn 0 1 0
vn -1 1.24223307E-05 7.033348E-06
vn -0.866029859 -1.472497E-05 0.499992281
vn -1 1.52569237E-05 7.003545E-06
vn -0.8660299 -1.24223307E-05 0.499992281
vn -0.499991924 -1.47867477E-05 0.8660301
vn -0.5000161 -1.24222861E-05 0.86601615
vn 6.690622E-06 9.881354E-05 1
vn 1.65700912E-05 -1.2424478E-05 1
vn 0 -1 0
vn 0 -1 0
vn 0 -1 0
vn 0 -1 0
vn 0 -1 0
vn 0 -1 2.01877469E-06
vn 0 1 0
vn 0 1 0
vn 0 1 0
vn 0 1 0
vn 0 1 0
vn 0 1 0
vn -1.65700912E-05 1.2424478E-05 1
vn 0.5000134 -1.47250639E-05 0.8660177
vn -1.807511E-05 1.52401635E-05 1
vn 0.49998045 -1.242227E-05 0.8660367
vn 0.866026759 -1.47867322E-05 0.499997675
vn 0.8660368 -1.24245E-05 0.499980271
vn 1 -1.47249693E-05 8.001924E-06
vn 1 -1.24223316E-05 7.82311054E-06
vn -1 0 0
vn -1 0 0
vn -1 0 0
vn -1 -1.71508233E-07 0
vn -0.999996 0.0007048954 -0.00274193473
vn -0.9999962 0.00163534132 -0.00225011236
vn -0.9999912 -0.0008384651 -0.004121485
vn -0.9999942 0 -0.00340062124
vn -0.9999926 -0.00226806127 -0.00312155369
vn -0.9999923 -0.0009771804 -0.003800534
vn -1 0 0
vn -1 2.8353287E-07 0
vn -1 0 0
vn -1 0 0
vn -1 0 0
vn -1 0 0
vn 0 0 1
vn 0 0 1
vn 0 0 1
vn 0 0 1
vn 0 0 1
vn 0 0 1
vn -3.13935425E-06 0 1
vn 2.41616817E-06 0 1
vn 0 0 1
vn 0 0 1
vn 0 0 1
vn 2.41616817E-06 0 1
vn 0 0 1
vn 0 0 1
vn 1.77616748E-05 0 1
vn -1.26001714E-05 0 1
vn 1.7630465E-06 0 1
vn 0 0 1
vn 4.52652566E-05 0 1
vn 1.7747052E-06 0 1
vn 0 0 1
vn 0 0 1
vn 0.00718618976 -0.8786796 0.477357984
vn -0.005125578 -0.522926033 0.8523627
vn 0.014061518 -0.878661335 0.477238476
vn -0.0136529729 -0.480780721 0.8767346
vn -0.005966504 -0.4806907 0.8768699
vn 0.0138023468 -0.8543134 0.519575
vn -0.008800885 -0.0290250089 0.99954
vn -0.008800885 -0.0290250089 0.99954
vn -0.008800885 -0.0290250089 0.99954
vn 0.07802607 0.0440321229 0.9959785
vn 0.07802607 0.0440321229 0.9959785
vn 0.07802607 0.0440321229 0.9959785
vn 0.00596642029 0.48067838 0.8768767
vn -0.0136827054 0.854311645 0.519581
vn 0.0136531368 0.480768561 0.87674123
vn -0.0140799209 0.878659546 0.477241158
vn -0.007204293 0.8786797 0.477357417
vn 0.005228291 0.522931337 0.8523588
vn 0.0136595732 0.99989146 0.005524033
vn 0.0136595732 0.99989146 0.005524033
vn 0.0136595732 0.99989146 0.005524033
vn 0.00121743768 0.999992669 0.00363524724
vn 0.00121743768 0.999992669 0.00363524724
vn 0.00121743768 0.999992669 0.00363524724
vn -0.005966501 -0.480691135 0.8768697
vn 0.0138022332 -0.8543136 0.5195746
vn -0.0136528667 -0.480781168 0.8767343
vn 0.01406143 -0.878661335 0.4772385
vn 0.00718619768 -0.8786796 0.477357984
vn -0.00512551656 -0.522926033 0.8523627
vn -0.008800885 -0.02902506 0.99954
vn -0.008800885 -0.02902506 0.99954
vn -0.008800885 -0.02902506 0.99954
vn 0.07802539 0.04403175 0.995978534
vn 0.07802539 0.04403175 0.995978534
vn 0.07802539 0.04403175 0.995978534
vn -0.999982238 0.004505734 0.00391297368
vn -0.999982238 0.004505734 0.00391297368
vn -0.999982238 0.004505734 0.00391297368
vn -0.9999933 -0.00182308711 0.00315944827
vn -0.999985635 -0.00467599137 0.00262903818
vn -0.999985635 -0.00467599137 0.00262903818
vn -0.999992132 -0.00268156 0.00291552115
vn -0.999972463 0.000616969948 0.007396184
vn -0.9999856 4.637561E-06 0.0053699105
vn -1 -1.21412666E-06 0
vn -1 0 0
vn -0.999972463 0.000616969948 0.007396184
vn -1 7.465896E-07 0
vn -1 -2.055245E-06 0
vn -1 1.17445882E-06 0
vn -1 -1.37547045E-06 0
vn -1 2.422457E-06 0
vn -1 -7.56814359E-07 0
vn -1 0 0
vn -1 8.840795E-07 0
vn -1 0 0
vn -1 1.73678654E-06 0
vn -1 0 0
vn -1 0 0
vn -0.00720428675 0.8786801 0.477356672
vn 0.00522828847 0.5229322 0.8523583
vn -0.01407984 0.878659964 0.477240443
vn 0.01365307 0.480768561 0.87674123
vn 0.005966419 0.48067838 0.8768767
vn -0.013682643 0.854311645 0.519581
vn 0.008800885 0.02902506 0.99954
vn 0.008800885 0.02902506 0.99954
vn 0.008800885 0.02902506 0.99954
vn -0.07802573 -0.04403194 0.9959785
vn -0.07802573 -0.04403194 0.9959785
vn -0.07802573 -0.04403194 0.9959785
vn 0.00703118462 -0.9999132 0.0111446353
vn 0.00703118462 -0.9999132 0.0111446353
vn 0.00703118462 -0.9999132 0.0111446353
vn 0.07851355 -0.9959747 0.04324357
vn 0.07851355 -0.9959747 0.04324357
vn 0.07851355 -0.9959747 0.04324357
vn -0.007031155 0.9999131 0.0111514218
vn -0.007031155 0.9999131 0.0111514218
vn -0.007031155 0.9999131 0.0111514218
vn -0.07851303 0.9959747 0.0432436578
vn -0.07851303 0.9959747 0.0432436578
vn -0.07851303 0.9959747 0.0432436578
vn -0.00255481154 -0.868036866 0.4964932
vn -0.0146085182 -0.8669948 0.4981031
vn -0.06719827 -0.9977397 0.000197442729
vn 0.00867863 -0.891417265 0.453100383
vn 0.0416258834 -0.5466193 0.83634603
vn 0.005942888 -0.8912619 0.4534501
vn -0.005923934 -0.453448385 0.8912629
vn -0.008660466 -0.45310235 0.89141643
vn -0.041737102 -0.836342156 0.5466168
vn 0.0146110207 -0.4981027 0.8669949
vn 0.06720456 -0.00019753653 0.9977392
vn 0.00255639874 -0.4964926 0.8680372
vn -0.00703117251 0.999913156 0.0111480346
vn -0.00703117251 0.999913156 0.0111480346
vn -0.00703117251 0.999913156 0.0111480346
vn -0.07851303 0.9959747 0.0432436578
vn -0.07851303 0.9959747 0.0432436578
vn -0.07851303 0.9959747 0.0432436578
vn -0.00255638338 0.4964926 0.868037164
vn -0.01461102 0.498102844 0.866994858
vn -0.06712209 0.00019262133 0.9977448
vn 0.008660462 0.4531027 0.8914163
vn 0.0417370945 0.836342335 0.546616435
vn 0.005923912 0.453448653 0.89126277
vn -0.00594295561 0.8912616 0.4534507
vn -0.008678675 0.8914169 0.453101069
vn -0.0416683778 0.5466173 0.8363452
vn 0.01460848 0.866995 0.4981027
vn 0.06719821 0.9977397 0.000197085392
vn 0.0025547517 0.868037 0.496492922
vn 0.9999714 -0.000439291878 0.00755513553
vn 0.9999714 -0.000439291878 0.00755513553
vn 0.9999813 -5.470837E-06 0.00612116838
vn 0.9999897 0.00340864481 0.00300558377
vn 1 0 0
vn 1 6.406906E-07 0
vn 1 0 0
vn 1 6.406906E-07 0
vn 1 6.406906E-07 0
vn 1 2.14358224E-07 0
vn 1 0 0
vn 1 0 0
vn 1 -2.15727511E-07 0
vn 1 -4.63828769E-07 0
vn 1 1.99257812E-07 0
vn 0.999982238 -0.00450517749 0.00391291361
vn 0.999982238 -0.00450517749 0.00391291361
vn 0.999982238 -0.00450517749 0.00391291361
vn 0.00255638338 -0.4964926 0.868037164
vn 0.01461102 -0.498102844 0.866994858
vn 0.06720456 -0.000197745161 0.9977392
vn -0.008660466 -0.45310235 0.89141643
vn -0.041737102 -0.836342156 0.5466168
vn -0.005923934 -0.453448385 0.8912629
vn 0.0059429775 -0.8912636 0.453446746
vn 0.00867876 -0.8914191 0.453096747
vn 0.0416259468 -0.5466229 0.8363437
vn -0.014608453 -0.8669952 0.498102367
vn -0.0671981648 -0.9977397 0.000196742927
vn -0.00255472166 -0.868037164 0.496492654
vn 0.00703117857 -0.9999132 0.011144625
vn 0.00703117857 -0.9999132 0.011144625
vn 0.00703117857 -0.9999132 0.011144625
vn 0.07851359 -0.9959747 0.0432436019
vn 0.07851359 -0.9959747 0.0432436019
vn 0.07851359 -0.9959747 0.0432436019
vn 0.002554707 0.868037164 0.496492654
vn 0.0146084344 0.866995156 0.498102367
vn 0.0671981648 0.9977397 0.000196742927
vn -0.008678675 0.8914169 0.453101069
vn -0.0416683778 0.5466173 0.8363452
vn -0.00594295561 0.8912616 0.4534507
vn 0.00592419459 0.453454077 0.891259968
vn 0.008660864 0.4531084 0.8914134
vn 0.0417370647 0.836346 0.546610832
vn -0.0146109872 0.4981032 0.8669947
vn -0.06712209 0.000192978987 0.9977448
vn -0.00255639129 0.496492922 0.868037
vn 0.013651561 0.9998902 0.00576105434
vn 0.013651561 0.9998902 0.00576105434
vn 0.013651561 0.9998902 0.00576105434
vn -0.00100107549 0.999993443 0.00347906374
vn -0.00100107549 0.999993443 0.00347906374
vn -0.00100107549 0.999993443 0.00347906374
vn -0.880805433 -0.00196007476 0.4734744
vn -0.526075244 -0.001960101 0.850435734
vn -0.880764663 -0.007010829 0.473502368
vn -0.477148741 0.006715935 0.878796935
vn -0.4771169 0.00153741625 0.878838539
vn -0.852631569 0.00153744523 0.5225103
vn 1 0 3.507691E-05
vn 1 0 3.507691E-05
vn 1 0 3.507691E-05
vn -0.0136632891 -0.9998914 0.005525154
vn -0.0136632891 -0.9998914 0.005525154
vn -0.0136632891 -0.9998914 0.005525154
vn -0.001217435 -0.999992669 0.00363451219
vn -0.001217435 -0.999992669 0.00363451219
vn -0.001217435 -0.999992669 0.00363451219
vn 0 1 -9.622236E-06
vn 0 1 -9.622236E-06
vn 0 1 -9.622236E-06
vn 0 1 9.222776E-06
vn 0 1 9.222776E-06
vn 0 1 9.222776E-06
vn 0 1 4.063393E-06
vn 0 1 4.063393E-06
vn 0 1 4.063393E-06
vn 0 1 -5.36454763E-06
vn 0 1 0
vn 0 1 0
vn 0 1 0
vn 0 1 0
vn 0 1 0
vn 0.4712431 -0.00211201864 0.882000864
vn 0.8491264 -0.002112036 0.5281855
vn 0.47126928 -0.00689189928 0.8819625
vn 0.881819069 0.00673002563 0.471539855
vn 0.881857455 0.0018686644 0.4715124
vn 0.5279676 0.00186865323 0.8492625
vn 0 -1 0
vn 0 -1 0
vn 0 -1 0
vn 0 -1 0
vn 0 -1 0
vn 0 -1 0
vn 0.0008033065 -0.004426 0.999989867
vn 0.0008033065 -0.004426 0.999989867
vn 0.0008033065 -0.004426 0.999989867
vn 0.0009104667 0.005183014 0.9999862
vn 0.0009104667 0.005183014 0.9999862
vn 0.00324383052 0.002716356 0.999991059
vn 0.0002747395 0.0060771904 0.9999815
vn 0.00541920541 0.00112421194 0.999984741
vn 0.0023461096 -0.000579266634 0.999997139
vn 0.00162085216 -0.00135533174 0.9999978
vn -5.289121E-06 0 1
vn 4.52652566E-05 0 1
vn 0 0 1
vn 0.00266029942 0 0.9999965
vn 0.001924696 -0.00160379685 0.9999969
vn 1.53218552E-05 0 1
vn 0 0 1
vn 0 0 1
vn -0.00330078485 -0.00120275852 0.9999938
vn -0.00326257013 -0.0012410722 0.9999939
vn -0.00580100156 0.0003817182 0.9999831
vn -0.0005600574 -0.008090584 0.9999671
vn -0.00580100156 0.0003817182 0.9999831
vn -0.00580100156 0.0003817182 0.9999831
vn -0.00192353 0.00333391479 0.9999926
vn 0.0002747395 0.0060771904 0.9999815
vn -0.0021871815 -0.00376991788 0.9999905
vn -0.0021871815 -0.00376991788 0.9999905
vn -0.013655344 -0.9998902 0.005762242
vn -0.013655344 -0.9998902 0.005762242
vn -0.013655344 -0.9998902 0.005762242
vn 0.00101330935 -0.999993443 0.00347722927
vn 0.00101330935 -0.999993443 0.00347722927
vn 0.00101330935 -0.999993443 0.00347722927
vn 0.008800885 0.0290250089 0.99954
vn 0.008800885 0.0290250089 0.99954
vn 0.008800885 0.0290250089 0.99954
vn -0.07802573 -0.0440318733 0.9959785
vn -0.07802573 -0.0440318733 0.9959785
vn -0.07802573 -0.0440318733 0.9959785
vn -1 0 0
vn -1 0 0
vn -1 0 0
vn -1 -2.31935047E-07 0
vn -1 5.75273361E-07 0
vn -1 4.8079886E-07 0
vn -1 0 0
vn -1 0 0
vn -1 0 0
vn -1 -3.941638E-07 0
vn -1 2.88316045E-07 0
vn -1 2.38790221E-07 0
vn -1 1.60170984E-07 0
vn -1 0 0
vn -1 -1.5940625E-06 0
vn -1 -1.5940625E-06 0
vn -1 -1.5940625E-06 0
vn -1 2.31935047E-07 0
vn -1 0 0
vn 0.007117855 0.000893566 0.999974251
vn 0.007117855 0.000893566 0.999974251
vn 0.007117855 0.000893566 0.999974251
vn -0.0071204314 -0.0008935669 0.999974251
vn 0.007117855 0.000893567863 0.999974251
vn 0.007117855 0.000893567863 0.999974251
vn 0.007117855 0.000893567863 0.999974251
vn -0.00712041743 -0.000893564255 0.999974251
vn -1 -2.17854977E-05 0
vn -1 -2.12788545E-05 0
vn -0.7660311 0.6428036 -1.2256206E-05
vn -0.7660311 0.6428036 0
vn -0.173667863 0.9848043 0
vn -0.173667863 0.9848043 0
vn 0.4999867 0.8660331 0
vn 0.4999778 0.8660382 0
vn 0.939685345 0.342040181 0
vn 0.939685345 0.342040181 0
vn 0.9396856 -0.342039436 0
vn 0.939698458 -0.34200418 0
vn 0.499978125 -0.866038 0
vn 0.499978125 -0.866038 0
vn -0.173626676 -0.984811544 0
vn -0.173626527 -0.984811544 0
vn -0.7660311 -0.6428036 0
vn -0.766030848 -0.642803848 0
vn -1 2.12490522E-05 -1.22562033E-05
vn -1 2.12788545E-05 0
vn -1 -2.14278662E-05 0
vn -1 -2.11298466E-05 0
vn -0.766030848 0.6428038 1.41113969E-05
vn -0.766030848 0.642803848 0
vn -0.17366904 0.9848041 0
vn -0.17366904 0.9848041 0
vn 0.499978721 0.8660377 0
vn 0.499988377 0.8660321 0
vn 0.939685345 0.342040151 0
vn 0.939685345 0.342040151 0
vn 0.939698756 -0.342003226 0
vn 0.939686239 -0.342037767 0
vn 0.5000186 -0.8660147 0
vn 0.5000186 -0.8660147 0
vn -0.173629239 -0.984811068 0
vn -0.173629075 -0.9848111 0
vn -0.766030848 -0.642803848 0
vn -0.766030669 -0.6428041 0
vn -1 2.11298466E-05 1.40964985E-05
vn -1 2.11298466E-05 0
vn 0 -1 -1.59442425E-05
vn 0 -1 -1.59740448E-05
vn 2.19792128E-05 -0.7660376 -0.6427958
vn 0 -0.7660376 -0.6427958
vn 0 -0.173660308 -0.984805644
vn 0 -0.173662737 -0.984805167
vn 0 0.5000142 -0.8660172
vn 0 0.5000142 -0.8660172
vn 0 0.939685345 -0.342040151
vn 0 0.939685345 -0.342040151
vn 0 0.9396868 0.3420363
vn 0 0.9396866 0.342036754
vn 0 0.499997973 0.8660266
vn 0 0.49999997 0.866025448
vn 0 -0.173656613 0.98480624
vn 0 -0.1736563 0.984806359
vn 0 -0.7660311 0.64280355
vn 0 -0.766030848 0.6428038
vn 1.88052654E-05 -1 -2.14576721E-05
vn 0 -1 -2.14576721E-05
vn 1 0 -1.31567572E-06
vn 1 0 -1.31567572E-06
vn 1 -6.43074657E-07 0
vn 1 0 -1.31567572E-06
vn 1 0 0
vn 1 0 4.32699721E-07
vn 1 -1.970813E-07 -1.47886908E-07
vn 1 0 -3.16302334E-07
vn 1 0 -3.1527577E-07
vn 1 1.00048351E-06 1.374764E-07
vn 1 2.16855778E-06 5.29557155E-07
vn 1 0 0
vn 1 -1.37046381E-05 1.16226784E-06
vn 1 0 -5.383626E-07
vn 1 0 -2.94915822E-07
vn 1 0 -7.542307E-07
vn 1 2.64058485E-06 0
vn 1 -1.53356677E-06 -1.28709857E-07
vn 1 -1.55113787E-06 0
vn 1 1.33661251E-06 5.17933245E-07
vn 1 1.90008109E-06 -8.076079E-07
vn 1 1.34512743E-06 0
vn 1 1.34512743E-06 0
vn 0 -1 4.081391E-06
vn 0 -1 4.081391E-06
vn 0 -1 4.081391E-06
vn 0 -1 0
vn 0 -1 0
vn 0 -1 0
vn 1 1.242233E-05 -8.061528E-06
vn 0.8660294 8.661386E-06 -0.499993145
vn 1 -6.67385757E-06 -8.031726E-06
vn 0.866029561 -1.24223316E-05 -0.4999929
vn 0.50001 8.661385E-06 -0.8660196
vn 0.5000102 -1.24223307E-05 -0.866019547
vn 3.322959E-06 8.599681E-06 -1
vn 3.322959E-06 -1.24223307E-05 -1
vn 0 -1 0
vn 0 -1 0
vn 0 -1 0
vn 0 -1 3.688642E-06
vn 0 -1 -4.030771E-06
vn 0 -1 4.055471E-06
vn 0 1 0
vn 0 1 0
vn 0 1 0
vn 0 1 -1.4290451E-05
vn 0 1 8.16189549E-06
vn 0 1 0
vn -3.322959E-06 1.24223307E-05 -1
vn -0.499989 8.59968E-06 -0.866031766
vn -3.33786E-06 -6.6626817E-06 -1
vn -0.499989 -1.24223307E-05 -0.866031766
vn -0.8660232 8.66138453E-06 -0.5000039
vn -0.8660233 -1.24223307E-05 -0.5000037
vn -1 8.661385E-06 -8.046627E-06
vn -1 -1.24223316E-05 -7.763506E-06
vn 0 0 -1
vn -9.12123051E-06 0 -1
vn 0 0 -1
vn 2.40368286E-06 0 -1
vn 0 0 -1
vn -2.91997662E-06 0 -1
vn -4.52652566E-05 0 -1
vn -1.76304036E-06 0 -1
vn 0 0 -1
vn 0 0 -1
vn 0 0 -1
vn 0 0 -1
vn -1.77368529E-05 0 -1
vn 0 0 -1
vn 0 0 -1
vn 2.715453E-05 0 -1
vn 0 0 -1
vn -2.919985E-06 0 -1
vn 3.09974826E-06 0 -1
vn 0 0 -1
vn 0 0 -1
vn 0 0 -1
f 1//1 2//2 3//3
f 4//4 5//5 6//6
f 7//7 8//8 9//9
f 10//10 11//11 12//12
f 13//13 14//14 15//15
f 16//16 17//17 18//18
f 19//19 20//20 21//21
f 22//22 23//23 24//24
f 25//25 26//26 27//27
f 28//28 29//29 30//30
f 31//31 32//32 33//33
f 34//34 35//35 36//36
f 37//37 38//38 39//39
f 40//40 37//37 41//41
f 40//40 41//41 42//42
f 43//43 40//40 42//42
f 43//43 42//42 44//44
f 40//40 45//45 37//37
f 45//45 46//46 37//37
f 47//47 46//46 45//45
f 47//47 48//48 46//46
f 49//49 47//47 45//45
f 50//50 49//49 45//45
f 50//50 51//51 49//49
f 50//50 45//45 52//52
f 53//53 50//50 52//52
f 54//54 53//53 52//52
f 54//54 55//55 53//53
f 55//55 56//56 53//53
f 57//57 53//53 56//56
f 55//55 58//58 56//56
f 59//59 58//58 55//55
f 59//59 60//60 58//58
f 61//61 59//59 55//55
f 59//59 61//61 62//62
f 61//61 55//55 63//63
f 64//64 61//61 63//63
f 64//64 63//63 65//65
f 63//63 66//66 65//65
f 66//66 67//67 65//65
f 68//68 69//69 70//70
f 71//71 72//72 73//73
f 74//74 75//75 76//76
f 77//77 78//78 79//79
f 80//80 81//81 82//82
f 83//83 84//84 85//85
f 86//86 87//87 88//88
f 89//89 90//90 91//91
f 92//92 93//93 94//94
f 95//95 96//96 97//97
f 98//98 99//99 100//100
f 101//101 102//102 103//103
f 104//104 105//105 106//106
f 107//107 108//108 106//106
f 107//107 106//106 109//109
f 110//110 107//107 109//109
f 111//111 109//109 112//112
f 112//112 109//109 113//113
f 114//114 115//115 116//116
f 117//117 118//118 119//119
f 120//120 117//117 121//121
f 117//117 122//122 121//121
f 117//117 123//123 122//122
f 124//124 123//123 125//125
f 126//126 124//124 125//125
f 127//127 128//128 123//123
f 123//123 128//128 129//129
f 128//128 127//127 130//130
f 131//131 132//132 130//130
f 131//131 133//133 134//134
f 135//135 133//133 136//136
f 137//137 138//138 130//130
f 137//137 139//139 140//140
f 141//141 130//130 142//142
f 143//143 141//141 142//142
f 144//144 136//136 145//145
f 146//146 144//144 145//145
f 146//146 145//145 129//129
f 129//129 145//145 147//147
f 148//148 149//149 147//147
f 150//150 151//151 152//152
f 153//153 154//154 155//155
f 156//156 157//157 158//158
f 159//159 160//160 161//161
f 162//162 163//163 164//164
f 165//165 166//166 167//167
f 168//168 169//169 170//170
f 171//171 172//172 173//173
f 174//174 175//175 176//176
f 177//177 178//178 179//179
f 180//180 181//181 182//182
f 183//183 184//184 185//185
f 186//186 187//187 188//188
f 189//189 190//190 191//191
f 192//192 193//193 190//190
f 194//194 195//195 196//196
f 197//197 194//194 198//198
f 197//197 198//198 199//199
f 200//200 201//201 202//202
f 203//203 204//204 205//205
f 206//206 207//207 208//208
f 209//209 210//210 211//211
f 212//212 213//213 214//214
f 215//215 216//216 217//217
f 218//218 219//219 220//220
f 221//221 222//222 223//223
f 224//224 225//225 226//226
f 225//225 227//227 228//228
f 227//227 229//229 230//230
f 229//229 231//231 232//232
f 231//231 233//233 234//234
f 235//235 236//236 234//234
f 235//235 237//237 236//236
f 237//237 238//238 239//239
f 240//240 241//241 239//239
f 240//240 242//242 241//241
f 243//243 244//244 245//245
f 246//246 247//247 248//248
f 249//249 250//250 251//251
f 252//252 253//253 254//254
f 255//255 252//252 256//256
f 255//255 256//256 257//257
f 258//258 259//259 260//260
f 259//259 261//261 262//262
f 261//261 259//259 263//263
f 261//261 263//263 264//264
f 265//265 266//266 267//267
f 268//268 269//269 270//270
f 271//271 272//272 273//273
f 271//271 274//274 275//275
f 276//276 271//271 275//275
f 275//275 277//277 276//276
f 277//277 278//278 276//276
f 279//279 280//280 281//281
f 282//282 283//283 284//284
f 285//285 282//282 286//286
f 285//285 286//286 287//287
f 288//288 289//289 290//290
f 288//288 291//291 292//292
f 293//293 294//294 295//295
f 296//296 293//293 297//297
f 296//296 297//297 298//298
f 299//299 296//296 298//298
f 300//300 301//301 302//302
f 303//303 300//300 304//304
f 303//303 304//304 305//305
f 306//306 307//307 308//308
f 309//309 310//310 311//311
f 309//309 312//312 313//313
f 314//314 309//309 313//313
f 314//314 313//313 315//315
f 316//316 317//317 318//318
f 319//319 320//320 321//321
f 322//322 323//323 324//324
f 325//325 322//322 326//326
f 325//325 326//326 327//327
f 328//328 329//329 330//330
f 331//331 332//332 333//333
f 334//334 335//335 336//336
f 337//337 338//338 339//339
f 340//340 339//339 341//341
f 342//342 343//343 344//344
f 345//345 342//342 346//346
f 345//345 347//347 348//348
f 349//349 345//345 348//348
f 349//349 348//348 350//350
f 351//351 352//352 350//350
f 352//352 353//353 350//350
f 354//354 355//355 353//353
f 356//356 353//353 357//357
f 358//358 356//356 357//357
f 359//359 360//360 353//353
f 359//359 361//361 360//360
f 361//361 359//359 362//362
f 363//363 361//361 362//362
f 363//363 362//362 364//364
f 365//365 363//363 364//364
f 365//365 364//364 366//366
f 367//367 365//365 366//366
f 362//362 368//368 369//369
f 370//370 371//371 360//360
f 371//371 372//372 360//360
f 360//360 372//372 373//373
f 374//374 375//375 373//373
f 367//367 376//376 377//377
f 378//378 367//367 377//377
f 378//378 377//377 379//379
f 380//380 381//381 379//379
f 380//380 379//379 382//382
f 383//383 384//384 382//382
f 383//383 382//382 385//385
f 386//386 385//385 372//372
f 387//387 386//386 372//372
f 386//386 388//388 389//389
f 390//390 391//391 392//392
f 393//393 394//394 395//395
f 396//396 397//397 398//398
f 399//399 400//400 401//401
f 402//402 403//403 404//404
f 405//405 406//406 407//407
f 408//408 409//409 410//410
f 411//411 412//412 413//413
f 414//414 415//415 416//416
f 417//417 418//418 419//419
f 420//420 421//421 422//422
f 423//423 424//424 425//425
f 426//426 427//427 428//428
f 429//429 430//430 431//431
f 432//432 433//433 434//434
f 435//435 436//436 437//437
f 438//438 439//439 440//440
f 441//441 442//442 443//443
f 444//444 445//445 446//446
f 447//447 448//448 449//449
f 450//450 451//451 452//452
f 453//453 454//454 455//455
f 456//456 457//457 458//458
f 459//459 460//460 461//461
f 462//462 463//463 460//460
f 464//464 465//465 466//466
f 467//467 468//468 465//465
f 469//469 470//470 468//468
f 471//471 472//472 473//473
f 474//474 475//475 476//476
f 477//477 478//478 479//479
f 480//480 481//481 482//482
f 483//483 484//484 485//485
f 486//486 487//487 488//488
f 489//489 490//490 491//491
f 492//492 493//493 490//490
f 494//494 495//495 496//496
f 497//497 498//498 499//499
f 500//500 501//501 498//498
f 502//502 503//503 501//501
f 504//504 505//505 506//506
f 507//507 508//508 509//509
f 510//510 511//511 512//512
f 510//510 513//513 514//514
f 515//515 516//516 517//517
f 518//518 519//519 520//520
f 521//521 522//522 523//523
f 524//524 525//525 526//526
f 527//527 528//528 529//529
f 527//527 530//530 531//531
f 530//530 532//532 531//531
f 533//533 534//534 535//535
f 536//536 537//537 534//534
f 538//538 539//539 537//537
f 540//540 541//541 542//542
f 543//543 544//544 545//545
f 546//546 547//547 548//548
f 549//549 550//550 551//551
f 552//552 553//553 554//554
f 555//555 556//556 557//557
f 558//558 559//559 556//556
f 558//558 560//560 561//561
f 562//562 563//563 564//564
f 565//565 566//566 567//567
f 568//568 569//569 566//566
f 570//570 571//571 569//569
f 572//572 573//573 571//571
f 572//572 574//574 575//575
f 574//574 576//576 575//575
f 577//577 578//578 579//579
f 580//580 581//581 582//582
f 583//583 584//584 585//585
f 586//586 587//587 588//588
f 586//586 589//589 590//590
f 591//591 592//592 593//593
f 594//594 595//595 596//596
f 597//597 598//598 599//599
f 600//600 601//601 602//602
f 603//603 604//604 601//601
f 605//605 606//606 607//607
f 608//608 609//609 610//610
f 611//611 612//612 613//613
f 614//614 615//615 616//616
f 617//617 618//618 616//616
f 617//617 616//616 619//619
f 619//619 620//620 621//621
f 620//620 622//622 617//617
f 623//623 624//624 621//621
f 625//625 626//626 617//617
f 625//625 617//617 627//627
f 628//628 627//627 629//629
f 630//630 628//628 629//629
f 630//630 629//629 631//631
f 632//632 630//630 631//631
f 633//633 632//632 631//631
f 633//633 631//631 634//634
f 635//635 636//636 637//637
f 638//638 639//639 640//640
f 641//641 642//642 643//643
f 644//644 645//645 646//646
f 647//647 648//648 649//649
f 650//650 651//651 652//652
f 652//652 653//653 654//654
f 655//655 656//656 657//657
f 658//658 659//659 660//660
f 661//661 660//660 662//662
f 663//663 661//661 662//662
f 661//661 663//663 664//664
f 663//663 662//662 665//665
f 663//663 665//665 666//666
f 663//663 666//666 667//667
f 668//668 663//663 667//667
f 668//668 667//667 669//669
f 670//670 669//669 671//671
f 670//670 672//672 669//669
f 673//673 674//674 675//675
f 676//676 677//677 678//678
f 679//679 680//680 681//681
f 682//682 683//683 684//684
f 685//685 686//686 687//687
f 688//688 689//689 690//690
f 691//691 692//692 693//693
f 694//694 692//692 695//695
f 692//692 696//696 695//695
f 697//697 698//698 696//696
f 696//696 698//698 699//699
f 698//698 700//700 699//699
f 698//698 701//701 700//700
f 698//698 702//702 701//701
f 703//703 704//704 705//705
f 706//706 707//707 708//708
f 709//709 710//710 711//711
f 712//712 713//713 714//714
f 715//715 716//716 717//717
f 718//718 719//719 720//720
f 721//721 722//722 723//723
f 724//724 725//725 726//726
f 727//727 728//728 729//729
f 730//730 731//731 732//732
f 733//733 734//734 735//735
f 736//736 737//737 735//735
f 738//738 739//739 740//740
f 741//741 742//742 743//743
f 744//744 745//745 746//746
f 747//747 748//748 749//749
f 750//750 751//751 752//752
f 753//753 754//754 755//755
f 756//756 757//757 758//758
f 759//759 760//760 758//758
f 760//760 761//761 762//762
f 761//761 763//763 764//764
f 765//765 759//759 766//766
f 765//765 766//766 767//767
f 768//768 769//769 767//767
f 770//770 768//768 771//771
f 772//772 773//773 764//764
f 772//772 774//774 773//773
f 774//774 775//775 776//776
f 775//775 777//777 778//778
f 779//779 780//780 781//781
f 782//782 783//783 784//784
f 785//785 786//786 787//787
f 788//788 789//789 790//790
f 791//791 792//792 793//793
f 794//794 795//795 796//796
f 797//797 798//798 799//799
f 800//800 801//801 802//802
f 803//803 804//804 805//805
f 806//806 807//807 808//808
f 809//809 810//810 811//811
f 812//812 813//813 814//814
f 815//815 816//816 817//817
f 818//818 819//819 820//820
f 821//821 822//822 823//823
f 824//824 825//825 826//826
f 827//827 828//828 829//829
f 830//830 831//831 832//832
f 833//833 834//834 835//835
f 833//833 836//836 837//837
f 833//833 837//837 838//838
f 839//839 840//840 841//841
f 842//842 843//843 844//844
f 845//845 846//846 847//847
f 848//848 849//849 850//850
f 849//849 851//851 852//852
f 851//851 849//849 853//853
f 854//854 851//851 853//853
f 854//854 853//853 855//855
f 856//856 857//857 858//858
f 859//859 860//860 861//861
f 862//862 863//863 861//861
f 864//864 865//865 866//866
f 867//867 866//866 868//868
f 869//869 867//867 868//868
f 868//868 870//870 869//869
f 871//871 872//872 873//873
f 874//874 875//875 876//876
f 877//877 874//874 878//878
f 878//878 879//879 877//877
f 879//879 880//880 877//877
f 881//881 882//882 883//883
f 882//882 884//884 885//885
f 884//884 882//882 886//886
f 884//884 886//886 887//887
f 888//888 889//889 890//890
f 891//891 892//892 893//893
f 894//894 895//895 896//896
f 897//897 898//898 899//899
f 900//900 901//901 902//902
f 903//903 904//904 905//905
f 906//906 907//907 908//908
f 909//909 910//910 911//911
f 912//912 913//913 914//914
f 915//915 916//916 914//914
f 917//917 915//915 914//914
f 917//917 918//918 915//915
f 917//917 914//914 919//919
f 920//920 917//917 919//919
f 921//921 922//922 923//923
f 921//921 924//924 925//925
f 926//926 921//921 925//925
f 927//927 926//926 925//925
f 921//921 926//926 928//928
f 926//926 929//929 928//928
f 930//930 931//931 932//932
f 933//933 934//934 932//932
f 935//935 936//936 937//937
f 938//938 939//939 940//940
f 941//941 942//942 943//943
f 944//944 945//945 946//946
f 947//947 948//948 949//949
f 950//950 951//951 952//952
f 953//953 954//954 955//955
f 956//956 957//957 958//958
f 956//956 959//959 960//960
f 959//959 961//961 962//962
f 961//961 959//959 963//963
f 961//961 963//963 964//964
f 965//965 964//964 966//966
f 967//967 964//964 968//968
f 969//969 970//970 967//967
f 971//971 972//972 968//968
f 973//973 974//974 966//966
f 974//974 975//975 976//976
f 977//977 978//978 966//966
f 979//979 978//978 977//977
f 979//979 980//980 978//978
f 980//980 981//981 978//978
f 980//980 982//982 981//981
f 982//982 983//983 981//981
f 982//982 984//984 983//983
f 984//984 985//985 983//983
f 984//984 986//986 985//985
f 986//986 987//987 985//985
f 986//986 988//988 987//987
f 980//980 989//989 990//990
f 991//991 988//988 992//992
f 991//991 993//993 994//994
f 995//995 991//991 994//994
f 996//996 995//995 997//997
f 998//998 996//996 997//997
f 996//996 998//998 977//977
f 998//998 999//999 977//977
f 1000//1000 977//977 1001//1001
f 1002//1002 1000//1000 1001//1001
f 1003//1003 1004//1004 1005//1005
f 1006//1006 1007//1007 1004//1004
f 1008//1008 1009//1009 1010//1010
f 1011//1011 1012//1012 1013//1013
f 1014//1014 1015//1015 1016//1016
f 1017//1017 1018//1018 1019//1019
f 1020//1020 1021//1021 1022//1022
f 1023//1023 1024//1024 1025//1025
f 1026//1026 1027//1027 1028//1028
f 1029//1029 1030//1030 1031//1031
f 1032//1032 1033//1033 1034//1034
f 1035//1035 1036//1036 1037//1037
f 1038//1038 1039//1039 1040//1040
f 1041//1041 1042//1042 1043//1043
f 1044//1044 1045//1045 1046//1046
f 1047//1047 1048//1048 1049//1049
f 1050//1050 1049//1049 1051//1051
f 1052//1052 1053//1053 1054//1054
f 1055//1055 1056//1056 1057//1057
f 1058//1058 1059//1059 1056//1056
f 1060//1060 1061//1061 1062//1062
f 1063//1063 1064//1064 1065//1065
f 1066//1066 1067//1067 1064//1064
f 1068//1068 1069//1069 1070//1070
f 1069//1069 1071//1071 1072//1072
f 1071//1071 1073//1073 1074//1074
f 1075//1075 1076//1076 1077//1077
f 1078//1078 1079//1079 1080//1080
f 1081//1081 1082//1082 1083//1083
f 1084//1084 1085//1085 1086//1086
f 1087//1087 1088//1088 1089//1089
f 1090//1090 1091//1091 1092//1092
f 1093//1093 1094//1094 1091//1091
f 1094//1094 1095//1095 1096//1096
f 1095//1095 1097//1097 1096//1096
f 1098//1098 1099//1099 1100//1100
f 1101//1101 1102//1102 1103//1103
f 1102//1102 1104//1104 1105//1105
f 1104//1104 1106//1106 1107//1107
f 1108//1108 1109//1109 1110//1110
f 1111//1111 1112//1112 1113//1113
f 1114//1114 1115//1115 1116//1116
f 1117//1117 1116//1116 1118//1118
f 1119//1119 1120//1120 1121//1121
f 1122//1122 1123//1123 1124//1124
f 1125//1125 1126//1126 1127//1127
f 1128//1128 1129//1129 1126//1126
f 1130//1130 1131//1131 1132//1132
f 1131//1131 1133//1133 1134//1134
f 1133//1133 1135//1135 1136//1136
f 1137//1137 1138//1138 1139//1139
f 1140//1140 1141//1141 1142//1142
f 1143//1143 1144//1144 1145//1145
f 1146//1146 1147//1147 1148//1148
f 1149//1149 1148//1148 1150//1150
f 1151//1151 1149//1149 1152//1152
f 1153//1153 1154//1154 1155//1155
f 1156//1156 1157//1157 1158//1158
f 1159//1159 1160//1160 1161//1161
f 1162//1162 1163//1163 1164//1164
f 1165//1165 1166//1166 1167//1167
f 1166//1166 1168//1168 1169//1169
f 1168//1168 1170//1170 1171//1171
f 1172//1172 1173//1173 1174//1174
f 1175//1175 1176//1176 1177//1177
f 1178//1178 1179//1179 1180//1180
f 1181//1181 1182//1182 1183//1183
f 1184//1184 1185//1185 1186//1186
f 1187//1187 1188//1188 1189//1189
f 1190//1190 1191//1191 1192//1192
f 1193//1193 1194//1194 1195//1195
f 1196//1196 1197//1197 1198//1198
f 1197//1197 1199//1199 1200//1200
f 1201//1201 1202//1202 1203//1203
f 1204//1204 1205//1205 1206//1206
f 1207//1207 1208//1208 1209//1209
f 1210//1210 1211//1211 1208//1208
f 1208//1208 1211//1211 1212//1212
f 1213//1213 1214//1214 1212//1212
f 1215//1215 1216//1216 1214//1214
f 1215//1215 1217//1217 1216//1216
f 1218//1218 1217//1217 1215//1215
f 1219//1219 1218//1218 1215//1215
f 1220//1220 1218//1218 1219//1219
f 1220//1220 1221//1221 1218//1218
f 1220//1220 1222//1222 1221//1221
f 1222//1222 1223//1223 1221//1221
f 1223//1223 1222//1222 1224//1224
f 1225//1225 1219//1219 1226//1226
f 1223//1223 1227//1227 1228//1228
f 1229//1229 1224//1224 1230//1230
f 1231//1231 1229//1229 1230//1230
f 1232//1232 1227//1227 1233//1233
f 1227//1227 1234//1234 1233//1233
f 1235//1235 1234//1234 1236//1236
f 1234//1234 1216//1216 1236//1236
f 1216//1216 1237//1237 1236//1236
f 1238//1238 1239//1239 1240//1240
f 1241//1241 1242//1242 1243//1243
f 1244//1244 1245//1245 1246//1246
f 1247//1247 1248//1248 1249//1249
f 1250//1250 1251//1251 1252//1252
f 1253//1253 1254//1254 1255//1255
f 1256//1256 1257//1257 1258//1258
f 1259//1259 1260//1260 1261//1261
f 1262//1262 1263//1263 1264//1264
f 1265//1265 1266//1266 1267//1267
f 1268//1268 1269//1269 1270//1270
f 1271//1271 1272//1272 1273//1273
f 1274//1274 1275//1275 1276//1276
f 1277//1277 1278//1278 1279//1279
f 1280//1280 1281//1281 1282//1282
f 1283//1283 1284//1284 1285//1285
f 1286//1286 1287//1287 1288//1288
f 1289//1289 1290//1290 1291//1291
f 1292//1292 1293//1293 1294//1294
f 1295//1295 1296//1296 1297//1297
f 1298//1298 1299//1299 1300//1300
f 1301//1301 1302//1302 1303//1303
f 1304//1304 1305//1305 1306//1306
f 1307//1307 1308//1308 1309//1309
f 1310//1310 1311//1311 1312//1312
f 1313//1313 1314//1314 1315//1315
f 1316//1316 1317//1317 1318//1318
f 1319//1319 1320//1320 1321//1321
f 1322//1322 1319//1319 1323//1323
f 1322//1322 1323//1323 1324//1324
f 1325//1325 1326//1326 1327//1327
f 1328//1328 1329//1329 1330//1330
f 1331//1331 1332//1332 1333//1333
f 1334//1334 1335//1335 1336//1336
f 1337//1337 1338//1338 1339//1339
f 1340//1340 1341//1341 1342//1342
f 1343//1343 1344//1344 1345//1345
f 1346//1346 1347//1347 1348//1348
f 1349//1349 1350//1350 1351//1351
f 1352//1352 1353//1353 1354//1354
f 1355//1355 1356//1356 1357//1357
f 1358//1358 1359//1359 1360//1360
f 1361//1361 1362//1362 1360//1360
f 1363//1363 1364//1364 1365//1365
f 1366//1366 1367//1367 1368//1368
f 1369//1369 1370//1370 1371//1371
f 1372//1372 1373//1373 1374//1374
f 1375//1375 1376//1376 1377//1377
f 1378//1378 1379//1379 1380//1380
f 1381//1381 1382//1382 1383//1383
f 1384//1384 1385//1385 1386//1386
f 1387//1387 1388//1388 1389//1389
f 1390//1390 1391//1391 1392//1392
f 1393//1393 1394//1394 1395//1395
f 1396//1396 1397//1397 1398//1398
f 1399//1399 1400//1400 1401//1401
f 1402//1402 1403//1403 1404//1404
f 1405//1405 1406//1406 1407//1407
f 1408//1408 1409//1409 1410//1410
f 1411//1411 1412//1412 1413//1413
f 1414//1414 1415//1415 1416//1416
f 1417//1417 1418//1418 1419//1419
f 1420//1420 1421//1421 1422//1422
f 1423//1423 1424//1424 1425//1425
f 1426//1426 1427//1427 1428//1428
f 1429//1429 1430//1430 1431//1431
f 1432//1432 1433//1433 1434//1434
f 1435//1435 1436//1436 1437//1437
f 1438//1438 1439//1439 1440//1440
f 1441//1441 1442//1442 1443//1443
f 1444//1444 1445//1445 1446//1446
f 1447//1447 1448//1448 1449//1449
f 1450//1450 1451//1451 1452//1452
f 1453//1453 1454//1454 1455//1455
f 1456//1456 1457//1457 1458//1458
f 1459//1459 1460//1460 1461//1461
f 1462//1462 1463//1463 1464//1464
f 1465//1465 1466//1466 1467//1467
f 1468//1468 1469//1469 1470//1470
f 1471//1471 1472//1472 1473//1473
f 1474//1474 1475//1475 1476//1476
f 1477//1477 1478//1478 1479//1479
f 1480//1480 1481//1481 1482//1482
f 1483//1483 1484//1484 1485//1485
f 1486//1486 1487//1487 1488//1488
f 1489//1489 1490//1490 1491//1491
f 1492//1492 1493//1493 1494//1494
f 1495//1495 1496//1496 1492//1492
f 1497//1497 1496//1496 1498//1498
f 1499//1499 1500//1500 1501//1501
f 1502//1502 1503//1503 1499//1499
f 1503//1503 1504//1504 1499//1499
f 1503//1503 1505//1505 1504//1504
f 1506//1506 1507//1507 1508//1508
f 1509//1509 1510//1510 1511//1511
f 1512//1512 1513//1513 1514//1514
f 1515//1515 1516//1516 1517//1517
f 1518//1518 1519//1519 1520//1520
f 1521//1521 1522//1522 1523//1523
f 1524//1524 1525//1525 1526//1526
f 1527//1527 1528//1528 1529//1529
f 1530//1530 1531//1531 1532//1532
f 1533//1533 1534//1534 1535//1535
f 1536//1536 1537//1537 1538//1538
f 1539//1539 1540//1540 1541//1541
f 1542//1542 1543//1543 1544//1544
f 1545//1545 1546//1546 1547//1547
f 1548//1548 1549//1549 1550//1550
f 1551//1551 1552//1552 1553//1553
f 1554//1554 1555//1555 1556//1556
f 1557//1557 1558//1558 1559//1559
f 1560//1560 1561//1561 1562//1562
f 1563//1563 1564//1564 1565//1565
f 1566//1566 1567//1567 1568//1568
f 1569//1569 1570//1570 1571//1571
f 1572//1572 1573//1573 1574//1574
f 1575//1575 1576//1576 1577//1577
f 1578//1578 1579//1579 1580//1580
f 1581//1581 1582//1582 1583//1583
f 1584//1584 1585//1585 1586//1586
f 1587//1587 1588//1588 1589//1589
f 1590//1590 1591//1591 1592//1592
f 1593//1593 1594//1594 1595//1595
f 1596//1596 1597//1597 1598//1598
f 1599//1599 1600//1600 1601//1601
f 1602//1602 1603//1603 1604//1604
f 1605//1605 1606//1606 1607//1607
f 1608//1608 1609//1609 1610//1610
f 1611//1611 1612//1612 1613//1613
f 1614//1614 1615//1615 1616//1616
f 1617//1617 1618//1618 1615//1615
f 1619//1619 1617//1617 1615//1615
f 1619//1619 1620//1620 1617//1617
f 1621//1621 1622//1622 1623//1623
f 1624//1624 1625//1625 1621//1621
f 1626//1626 1627//1627 1625//1625
f 1628//1628 1629//1629 1630//1630
f 1631//1631 1632//1632 1633//1633
f 1634//1634 1635//1635 1636//1636
f 1637//1637 1638//1638 1639//1639
f 1640//1640 1641//1641 1642//1642
f 1643//1643 1644//1644 1645//1645
f 1646//1646 1647//1647 1648//1648
f 1649//1649 1650//1650 1647//1647
f 1651//1651 1652//1652 1653//1653
f 1654//1654 1655//1655 1656//1656
f 1657//1657 1658//1658 1659//1659
f 1660//1660 1661//1661 1662//1662
f 1663//1663 1664//1664 1665//1665
f 1666//1666 1667//1667 1668//1668
f 1669//1669 1670//1670 1671//1671
f 1672//1672 1673//1673 1674//1674
f 1675//1675 1676//1676 1677//1677
f 1678//1678 1679//1679 1680//1680
f 1681//1681 1682//1682 1683//1683
f 1684//1684 1685//1685 1686//1686
f 1687//1687 1688//1688 1689//1689
f 1690//1690 1691//1691 1692//1692
f 1691//1691 1693//1693 1694//1694
f 1695//1695 1696//1696 1697//1697
f 1698//1698 1699//1699 1700//1700
f 1701//1701 1702//1702 1703//1703
f 1704//1704 1705//1705 1706//1706
f 1707//1707 1708//1708 1709//1709
f 1710//1710 1711//1711 1712//1712
f 1713//1713 1714//1714 1715//1715
f 1716//1716 1717//1717 1718//1718
f 1719//1719 1720//1720 1721//1721
f 1722//1722 1723//1723 1724//1724
f 1725//1725 1726//1726 1727//1727
f 1728//1728 1729//1729 1730//1730
f 1731//1731 1732//1732 1733//1733
f 1734//1734 1735//1735 1732//1732
f 1734//1734 1736//1736 1735//1735
f 1735//1735 1737//1737 1738//1738
f 1738//1738 1739//1739 1740//1740
f 1741//1741 1742//1742 1738//1738
f 1743//1743 1744//1744 1742//1742
f 1745//1745 1746//1746 1747//1747
f 1748//1748 1749//1749 1750//1750
f 1751//1751 1752//1752 1753//1753
f 1754//1754 1755//1755 1756//1756
f 1757//1757 1758//1758 1759//1759
f 1760//1760 1761//1761 1762//1762
f 1763//1763 1764//1764 1765//1765
f 1766//1766 1767//1767 1768//1768
f 1769//1769 1770//1770 1771//1771
f 1772//1772 1773//1773 1774//1774
f 1775//1775 1776//1776 1774//1774
f 1777//1777 1778//1778 1779//1779
f 1780//1780 1781//1781 1782//1782
f 1783//1783 1784//1784 1785//1785
f 1786//1786 1787//1787 1788//1788
f 1789//1789 1790//1790 1791//1791
f 1792//1792 1793//1793 1794//1794
f 1795//1795 1796//1796 1797//1797
f 1798//1798 1799//1799 1800//1800
f 1801//1801 1802//1802 1803//1803
f 1804//1804 1805//1805 1806//1806
f 1807//1807 1808//1808 1809//1809
f 1810//1810 1811//1811 1812//1812
f 1813//1813 1814//1814 1815//1815
f 1816//1816 1817//1817 1818//1818
f 1819//1819 1818//1818 1820//1820
f 1821//1821 1820//1820 1822//1822
f 1823//1823 1824//1824 1825//1825
f 1826//1826 1827//1827 1828//1828
f 1829//1829 1830//1830 1831//1831
f 1832//1832 1833//1833 1834//1834
f 1835//1835 1836//1836 1837//1837
f 1838//1838 1839//1839 1840//1840
f 1841//1841 1842//1842 1843//1843
f 1844//1844 1845//1845 1846//1846
f 1847//1847 1846//1846 1848//1848
f 1849//1849 1850//1850 1851//1851
f 1852//1852 1853//1853 1854//1854
f 1855//1855 1856//1856 1857//1857
f 1858//1858 1859//1859 1857//1857
f 1860//1860 1861//1861 1862//1862
f 1863//1863 1862//1862 1864//1864
f 1865//1865 1866//1866 1867//1867
f 1868//1868 1869//1869 1870//1870
f 1871//1871 1872//1872 1873//1873
f 1874//1874 1875//1875 1873//1873
f 1874//1874 1876//1876 1875//1875
f 1876//1876 1877//1877 1875//1875
f 1876//1876 1878//1878 1877//1877
f 1878//1878 1879//1879 1877//1877
f 1878//1878 1880//1880 1879//1879
f 1880//1880 1881//1881 1879//1879
f 1880//1880 1882//1882 1881//1881
f 1882//1882 1883//1883 1881//1881
f 1882//1882 1884//1884 1883//1883
f 1884//1884 1885//1885 1883//1883
f 1886//1886 1887//1887 1888//1888
f 1889//1889 1890//1890 1891//1891
f 1892//1892 1893//1893 1894//1894
f 1895//1895 1896//1896 1897//1897
f 1898//1898 1899//1899 1900//1900
f 1901//1901 1902//1902 1903//1903
f 1901//1901 1904//1904 1905//1905
f 1906//1906 1907//1907 1908//1908
f 1909//1909 1910//1910 1911//1911
f 1912//1912 1913//1913 1914//1914
f 1915//1915 1916//1916 1917//1917
f 1918//1918 1919//1919 1920//1920
f 1921//1921 1922//1922 1923//1923
f 1924//1924 1925//1925 1926//1926
f 1927//1927 1928//1928 1929//1929
f 1930//1930 1931//1931 1932//1932
f 1933//1933 1934//1934 1935//1935
f 1936//1936 1937//1937 1938//1938
f 1939//1939 1940//1940 1941//1941
f 1942//1942 1943//1943 1944//1944
f 1945//1945 1946//1946 1947//1947
f 1948//1948 1949//1949 1950//1950
f 1951//1951 1952//1952 1953//1953
f 1954//1954 1955//1955 1956//1956
f 1955//1955 1957//1957 1958//1958
f 1959//1959 1960//1960 1961//1961
f 1962//1962 1963//1963 1964//1964
f 1965//1965 1966//1966 1967//1967
f 1968//1968 1969//1969 1970//1970
f 1971//1971 1972//1972 1973//1973
f 1974//1974 1975//1975 1976//1976
f 1977//1977 1978//1978 1979//1979
f 1980//1980 1981//1981 1982//1982
f 1983//1983 1984//1984 1985//1985
f 1986//1986 1987//1987 1988//1988
f 1989//1989 1990//1990 1991//1991
f 1992//1992 1993//1993 1994//1994
f 1995//1995 1996//1996 1997//1997
f 1998//1998 1999//1999 2000//2000
f 2001//2001 2002//2002 2003//2003
f 2004//2004 2005//2005 2006//2006
f 2007//2007 2008//2008 2009//2009
f 2010//2010 2011//2011 2012//2012
f 2013//2013 2014//2014 2015//2015
f 2016//2016 2017//2017 2014//2014
f 2018//2018 2019//2019 2020//2020
f 2021//2021 2022//2022 2023//2023
f 2024//2024 2025//2025 2026//2026
f 2027//2027 2028//2028 2029//2029
f 2030//2030 2031//2031 2032//2032
f 2033//2033 2034//2034 2035//2035
f 2036//2036 2037//2037 2038//2038
f 2039//2039 2040//2040 2041//2041
f 2039//2039 2042//2042 2043//2043
f 2044//2044 2045//2045 2046//2046
f 2047//2047 2048//2048 2049//2049
f 2050//2050 2051//2051 2052//2052
f 2053//2053 2054//2054 2055//2055
f 2056//2056 2057//2057 2058//2058
f 2059//2059 2060//2060 2061//2061
f 2062//2062 2063//2063 2064//2064
f 2065//2065 2066//2066 2067//2067
f 2068//2068 2069//2069 2070//2070
f 2071//2071 2072//2072 2073//2073
f 2074//2074 2075//2075 2076//2076
f 2077//2077 2078//2078 2079//2079
f 2080//2080 2081//2081 2082//2082
f 2083//2083 2084//2084 2085//2085
f 2086//2086 2087//2087 2088//2088
f 2089//2089 2090//2090 2091//2091
f 2092//2092 2093//2093 2094//2094
f 2095//2095 2096//2096 2097//2097
f 2098//2098 2099//2099 2100//2100
f 2101//2101 2102//2102 2103//2103
f 2104//2104 2105//2105 2106//2106
f 2107//2107 2108//2108 2104//2104
f 2109//2109 2108//2108 2110//2110
f 2111//2111 2112//2112 2108//2108
f 2112//2112 2113//2113 2114//2114
f 2112//2112 2114//2114 2115//2115
f 2115//2115 2116//2116 2117//2117
f 2118//2118 2119//2119 2120//2120
f 2121//2121 2122//2122 2123//2123
f 2124//2124 2125//2125 2126//2126
f 2127//2127 2128//2128 2129//2129
f 2130//2130 2131//2131 2132//2132
f 2133//2133 2134//2134 2135//2135
f 2136//2136 2137//2137 2138//2138
f 2139//2139 2140//2140 2141//2141
f 2142//2142 2143//2143 2144//2144
f 2145//2145 2146//2146 2147//2147
f 2148//2148 2149//2149 2150//2150
f 2151//2151 2152//2152 2153//2153
f 2154//2154 2155//2155 2156//2156
f 2157//2157 2158//2158 2159//2159
f 2160//2160 2161//2161 2162//2162
f 2163//2163 2164//2164 2165//2165
f 2166//2166 2167//2167 2168//2168
f 2169//2169 2170//2170 2167//2167
f 2171//2171 2172//2172 2173//2173
f 2174//2174 2175//2175 2176//2176
f 2177//2177 2178//2178 2179//2179
f 2180//2180 2181//2181 2182//2182
f 2183//2183 2184//2184 2185//2185
f 2186//2186 2187//2187 2188//2188
f 2189//2189 2190//2190 2191//2191
f 2192//2192 2193//2193 2194//2194
f 2195//2195 2196//2196 2197//2197
f 2198//2198 2199//2199 2200//2200
f 2201//2201 2202//2202 2203//2203
f 2204//2204 2205//2205 2206//2206
f 2207//2207 2208//2208 2209//2209
f 2210//2210 2211//2211 2212//2212
f 2213//2213 2214//2214 2215//2215
f 2214//2214 2216//2216 2217//2217
f 2218//2218 2219//2219 2220//2220
f 2221//2221 2222//2222 2223//2223
f 2224//2224 2225//2225 2226//2226
f 2227//2227 2228//2228 2229//2229
f 2230//2230 2231//2231 2232//2232
f 2233//2233 2234//2234 2235//2235
f 2236//2236 2237//2237 2238//2238
f 2239//2239 2240//2240 2241//2241
f 2242//2242 2243//2243 2244//2244
f 2245//2245 2246//2246 2247//2247
f 2248//2248 2249//2249 2250//2250
f 2251//2251 2252//2252 2253//2253
f 2254//2254 2255//2255 2256//2256
f 2257//2257 2258//2258 2259//2259
f 2260//2260 2261//2261 2262//2262
f 2263//2263 2264//2264 2265//2265
f 2266//2266 2267//2267 2268//2268
f 2269//2269 2270//2270 2271//2271
f 2272//2272 2273//2273 2274//2274
f 2275//2275 2276//2276 2277//2277
f 2278//2278 2279//2279 2280//2280
f 2281//2281 2282//2282 2283//2283
f 2284//2284 2285//2285 2286//2286
f 2287//2287 2288//2288 2289//2289
f 2290//2290 2291//2291 2292//2292
f 2293//2293 2294//2294 2295//2295
f 2296//2296 2297//2297 2298//2298
f 2299//2299 2300//2300 2301//2301
f 2302//2302 2303//2303 2304//2304
f 2305//2305 2306//2306 2307//2307
f 2308//2308 2309//2309 2310//2310
f 2309//2309 2311//2311 2310//2310
f 2312//2312 2313//2313 2314//2314
f 2313//2313 2315//2315 2314//2314
f 2316//2316 2317//2317 2318//2318
f 2317//2317 2319//2319 2318//2318
f 2320//2320 2321//2321 2322//2322
f 2321//2321 2323//2323 2322//2322
f 2324//2324 2325//2325 2326//2326
f 2325//2325 2327//2327 2326//2326
f 2328//2328 2329//2329 2330//2330
f 2329//2329 2331//2331 2330//2330
f 2332//2332 2333//2333 2334//2334
f 2333//2333 2335//2335 2334//2334
f 2333//2333 2336//2336 2335//2335
f 2336//2336 2337//2337 2335//2335
f 2336//2336 2338//2338 2337//2337
f 2338//2338 2339//2339 2337//2337
f 2340//2340 2341//2341 2342//2342
f 2341//2341 2343//2343 2342//2342
f 2344//2344 2345//2345 2346//2346
f 2345//2345 2347//2347 2346//2346
f 2348//2348 2349//2349 2350//2350
f 2349//2349 2351//2351 2350//2350
f 2352//2352 2353//2353 2354//2354
f 2353//2353 2355//2355 2354//2354
f 2356//2356 2357//2357 2358//2358
f 2357//2357 2359//2359 2358//2358
f 2357//2357 2360//2360 2359//2359
f 2360//2360 2361//2361 2359//2359
f 2360//2360 2362//2362 2361//2361
f 2362//2362 2363//2363 2361//2361
f 2364//2364 2365//2365 2366//2366
f 2367//2367 2364//2364 2366//2366
f 2366//2366 2368//2368 2367//2367
f 2369//2369 2370//2370 2371//2371
f 2372//2372 2369//2369 2371//2371
f 2369//2369 2372//2372 2373//2373
f 2374//2374 2369//2369 2373//2373
f 2369//2369 2374//2374 2375//2375
f 2374//2374 2376//2376 2375//2375
f 2376//2376 2377//2377 2375//2375
f 2378//2378 2379//2379 2380//2380
f 2379//2379 2381//2381 2380//2380
f 2379//2379 2382//2382 2381//2381
f 2382//2382 2383//2383 2381//2381
f 2382//2382 2384//2384 2383//2383
f 2382//2382 2385//2385 2384//2384
f 2385//2385 2386//2386 2384//2384
f 2385//2385 2387//2387 2386//2386
f 2387//2387 2388//2388 2386//2386
f 2387//2387 2389//2389 2388//2388
f 2389//2389 2390//2390 2388//2388
f 2384//2384 2391//2391 2383//2383
f 2391//2391 2392//2392 2383//2383
f 2391//2391 2393//2393 2392//2392
f 2381//2381 2383//2383 2394//2394
f 2383//2383 2395//2395 2394//2394
f 2381//2381 2394//2394 2396//2396
f 2397//2397 2381//2381 2396//2396
f 2398//2398 2399//2399 2400//2400
f 2398//2398 2401//2401 2399//2399
f 2398//2398 2402//2402 2401//2401
f 2402//2402 2403//2403 2401//2401
f 2402//2402 2404//2404 2403//2403
f 2405//2405 2406//2406 2407//2407
f 2408//2408 2405//2405 2407//2407
f 2407//2407 2409//2409 2408//2408
f 2410//2410 2411//2411 2412//2412
f 2413//2413 2410//2410 2412//2412
f 2413//2413 2412//2412 2414//2414
f 2415//2415 2416//2416 2417//2417
f 2415//2415 2417//2417 2418//2418
f 2419//2419 2420//2420 2421//2421
f 2419//2419 2421//2421 2422//2422
f 2419//2419 2422//2422 2423//2423
f 2424//2424 2419//2419 2423//2423
f 2423//2423 2425//2425 2424//2424
f 2426//2426 2427//2427 2428//2428
f 2428//2428 2429//2429 2426//2426
f 2429//2429 2430//2430 2426//2426
f 2429//2429 2431//2431 2430//2430
f 2431//2431 2432//2432 2430//2430
f 2432//2432 2433//2433 2430//2430
f 2434//2434 2435//2435 2436//2436
f 2435//2435 2434//2434 2437//2437
f 2438//2438 2435//2435 2437//2437
f 2439//2439 2438//2438 2437//2437
f 2440//2440 2441//2441 2442//2442
f 2441//2441 2443//2443 2442//2442
f 2441//2441 2444//2444 2443//2443
f 2444//2444 2441//2441 2445//2445
f 2446//2446 2444//2444 2445//2445
f 2447//2447 2448//2448 2449//2449
f 2448//2448 2450//2450 2449//2449
f 2451//2451 2452//2452 2453//2453
f 2452//2452 2454//2454 2453//2453
f 2455//2455 2456//2456 2457//2457
f 2456//2456 2458//2458 2457//2457
f 2459//2459 2460//2460 2461//2461
f 2460//2460 2462//2462 2461//2461
f 2460//2460 2463//2463 2462//2462
f 2464//2464 2465//2465 2466//2466
f 2465//2465 2467//2467 2466//2466
f 2465//2465 2468//2468 2467//2467
f 2469//2469 2470//2470 2471//2471
f 2470//2470 2472//2472 2471//2471
f 2473//2473 2474//2474 2475//2475
f 2474//2474 2476//2476 2475//2475
f 2474//2474 2477//2477 2476//2476
f 2478//2478 2479//2479 2480//2480
f 2479//2479 2481//2481 2480//2480
f 2479//2479 2482//2482 2481//2481
f 2483//2483 2484//2484 2485//2485
f 2483//2483 2486//2486 2484//2484
f 2487//2487 2488//2488 2489//2489
f 2487//2487 2490//2490 2488//2488
f 2491//2491 2492//2492 2493//2493
f 2492//2492 2494//2494 2493//2493
f 2495//2495 2496//2496 2497//2497
f 2498//2498 2495//2495 2497//2497
f 2497//2497 2499//2499 2498//2498
f 2500//2500 2501//2501 2502//2502
f 2503//2503 2504//2504 2501//2501
f 2502//2502 2505//2505 2506//2506
f 2505//2505 2507//2507 2506//2506
f 2507//2507 2508//2508 2506//2506
f 2509//2509 2510//2510 2508//2508
f 2510//2510 2511//2511 2508//2508
f 2512//2512 2513//2513 2504//2504
f 2512//2512 2514//2514 2513//2513
f 2514//2514 2515//2515 2513//2513
f 2514//2514 2516//2516 2515//2515
f 2517//2517 2518//2518 2519//2519
f 2517//2517 2519//2519 2520//2520
f 2517//2517 2520//2520 2521//2521
f 2522//2522 2523//2523 2524//2524
f 2523//2523 2525//2525 2524//2524
f 2523//2523 2526//2526 2525//2525
f 2527//2527 2528//2528 2529//2529
f 2530//2530 2527//2527 2529//2529
f 2530//2530 2529//2529 2531//2531
f 2532//2532 2533//2533 2534//2534
f 2533//2533 2535//2535 2534//2534
f 2536//2536 2537//2537 2538//2538
f 2537//2537 2539//2539 2538//2538
f 2540//2540 2541//2541 2542//2542
f 2541//2541 2543//2543 2542//2542
f 2544//2544 2545//2545 2546//2546
f 2545//2545 2547//2547 2546//2546
f 2545//2545 2548//2548 2547//2547
f 2548//2548 2545//2545 2549//2549
f 2550//2550 2548//2548 2549//2549
f 2551//2551 2552//2552 2553//2553
f 2554//2554 2551//2551 2553//2553
f 2554//2554 2553//2553 2555//2555
f 2556//2556 2557//2557 2558//2558
f 2559//2559 2556//2556 2558//2558
f 2559//2559 2558//2558 2560//2560
f 2561//2561 2562//2562 2563//2563
f 2562//2562 2564//2564 2563//2563
f 2562//2562 2565//2565 2564//2564
f 2565//2565 2566//2566 2564//2564
f 2565//2565 2567//2567 2566//2566
f 2565//2565 2568//2568 2567//2567
f 2569//2569 2570//2570 2571//2571
f 2572//2572 2569//2569 2571//2571
f 2572//2572 2571//2571 2573//2573
f 2574//2574 2575//2575 2576//2576
f 2577//2577 2574//2574 2576//2576
f 2577//2577 2576//2576 2578//2578
f 2579//2579 2580//2580 2581//2581
f 2579//2579 2581//2581 2582//2582
f 2579//2579 2582//2582 2583//2583
f 2584//2584 2579//2579 2583//2583
f 2583//2583 2585//2585 2584//2584
f 2586//2586 2587//2587 2588//2588
f 2587//2587 2589//2589 2588//2588
f 2590//2590 2591//2591 2592//2592
f 2591//2591 2593//2593 2592//2592
f 2594//2594 2595//2595 2596//2596
f 2595//2595 2597//2597 2596//2596
f 2598//2598 2599//2599 2600//2600
f 2599//2599 2601//2601 2600//2600
f 2602//2602 2603//2603 2604//2604
f 2602//2602 2604//2604 2605//2605
f 2606//2606 2602//2602 2605//2605
f 2602//2602 2606//2606 2607//2607
f 2608//2608 2609//2609 2610//2610
f 2609//2609 2611//2611 2610//2610
f 2609//2609 2612//2612 2611//2611
f 2612//2612 2609//2609 2613//2613
f 2614//2614 2615//2615 2616//2616
f 2615//2615 2617//2617 2616//2616
f 2615//2615 2618//2618 2617//2617
f 2615//2615 2619//2619 2618//2618
f 2620//2620 2621//2621 2622//2622
f 2621//2621 2623//2623 2622//2622
f 2624//2624 2625//2625 2626//2626
f 2625//2625 2627//2627 2626//2626
f 2628//2628 2629//2629 2630//2630
f 2629//2629 2631//2631 2630//2630
f 2632//2632 2633//2633 2634//2634
f 2633//2633 2635//2635 2634//2634
f 2636//2636 2637//2637 2638//2638
f 2637//2637 2639//2639 2638//2638
f 2640//2640 2641//2641 2642//2642
f 2640//2640 2642//2642 2643//2643
f 2640//2640 2643//2643 2644//2644
f 2645//2645 2646//2646 2647//2647
f 2646//2646 2648//2648 2647//2647
f 2649//2649 2650//2650 2651//2651
f 2649//2649 2651//2651 2652//2652
f 2649//2649 2652//2652 2653//2653
f 2654//2654 2655//2655 2656//2656
f 2655//2655 2657//2657 2656//2656
f 2658//2658 2659//2659 2660//2660
f 2658//2658 2660//2660 2661//2661
f 2658//2658 2661//2661 2662//2662
f 2663//2663 2664//2664 2665//2665
f 2664//2664 2666//2666 2665//2665
f 2667//2667 2668//2668 2669//2669
f 2667//2667 2669//2669 2670//2670
f 2667//2667 2670//2670 2671//2671
f 2672//2672 2673//2673 2674//2674
f 2673//2673 2675//2675 2674//2674
f 2676//2676 2677//2677 2678//2678
f 2677//2677 2679//2679 2678//2678
f 2680//2680 2681//2681 2682//2682
f 2681//2681 2683//2683 2682//2682
f 2684//2684 2685//2685 2686//2686
f 2685//2685 2687//2687 2686//2686
f 2688//2688 2689//2689 2690//2690
f 2689//2689 2691//2691 2690//2690
f 2692//2692 2693//2693 2694//2694
f 2695//2695 2692//2692 2694//2694
f 2695//2695 2694//2694 2696//2696
f 2697//2697 2698//2698 2699//2699
f 2698//2698 2700//2700 2699//2699
f 2701//2701 2702//2702 2703//2703
f 2704//2704 2701//2701 2703//2703
f 2704//2704 2703//2703 2705//2705
f 2706//2706 2707//2707 2708//2708
f 2709//2709 2706//2706 2708//2708
f 2709//2709 2708//2708 2710//2710
f 2711//2711 2712//2712 2713//2713
f 2712//2712 2714//2714 2713//2713
f 2715//2715 2716//2716 2717//2717
f 2718//2718 2715//2715 2717//2717
f 2718//2718 2717//2717 2719//2719
f 2720//2720 2721//2721 2722//2722
f 2721//2721 2723//2723 2722//2722
f 2724//2724 2725//2725 2726//2726
f 2725//2725 2727//2727 2726//2726
f 2728//2728 2729//2729 2730//2730
f 2729//2729 2731//2731 2730//2730
f 2732//2732 2733//2733 2734//2734
f 2732//2732 2735//2735 2733//2733
f 2736//2736 2737//2737 2738//2738
f 2737//2737 2739//2739 2738//2738
f 2740//2740 2741//2741 2742//2742
f 2740//2740 2743//2743 2741//2741
f 2744//2744 2745//2745 2746//2746
f 2744//2744 2747//2747 2745//2745
f 2747//2747 2748//2748 2745//2745
f 2747//2747 2749//2749 2748//2748
f 2749//2749 2750//2750 2748//2748
f 2749//2749 2751//2751 2750//2750
f 2751//2751 2752//2752 2750//2750
f 2751//2751 2753//2753 2752//2752
f 2753//2753 2754//2754 2752//2752
f 2753//2753 2755//2755 2754//2754
f 2755//2755 2756//2756 2754//2754
f 2755//2755 2757//2757 2756//2756
f 2757//2757 2758//2758 2756//2756
f 2757//2757 2759//2759 2758//2758
f 2760//2760 2761//2761 2762//2762
f 2761//2761 2763//2763 2762//2762
f 2764//2764 2765//2765 2766//2766
f 2765//2765 2767//2767 2766//2766
f 2768//2768 2769//2769 2770//2770
f 2769//2769 2771//2771 2770//2770
f 2772//2772 2773//2773 2774//2774
f 2773//2773 2775//2775 2774//2774
f 2776//2776 2777//2777 2778//2778
f 2778//2778 2779//2779 2776//2776
f 2779//2779 2780//2780 2776//2776
f 2779//2779 2781//2781 2780//2780
f 2781//2781 2782//2782 2780//2780
f 2781//2781 2783//2783 2782//2782
f 2784//2784 2785//2785 2786//2786
f 2784//2784 2787//2787 2785//2785
f 2787//2787 2788//2788 2785//2785
f 2787//2787 2789//2789 2788//2788
f 2789//2789 2790//2790 2788//2788
f 2789//2789 2791//2791 2790//2790
f 2791//2791 2792//2792 2790//2790
f 2792//2792 2793//2793 2790//2790
f 2792//2792 2794//2794 2793//2793
f 2792//2792 2795//2795 2794//2794
f 2796//2796 2797//2797 2798//2798
f 2797//2797 2799//2799 2798//2798
f 2800//2800 2801//2801 2802//2802
f 2801//2801 2803//2803 2802//2802
f 2804//2804 2805//2805 2806//2806
f 2805//2805 2807//2807 2806//2806
f 2808//2808 2809//2809 2810//2810
f 2808//2808 2811//2811 2809//2809
f 2812//2812 2813//2813 2814//2814
f 2812//2812 2815//2815 2813//2813
f 2816//2816 2817//2817 2818//2818
f 2817//2817 2819//2819 2818//2818
f 2820//2820 2821//2821 2822//2822
f 2821//2821 2820//2820 2823//2823
f 2824//2824 2825//2825 2826//2826
f 2825//2825 2827//2827 2826//2826
f 2828//2828 2829//2829 2830//2830
f 2829//2829 2831//2831 2830//2830
f 2831//2831 2832//2832 2830//2830
f 2832//2832 2833//2833 2830//2830
f 2833//2833 2834//2834 2830//2830
f 2834//2834 2835//2835 2830//2830
f 2834//2834 2836//2836 2835//2835
f 2837//2837 2830//2830 2835//2835
f 2838//2838 2837//2837 2835//2835
f 2830//2830 2837//2837 2839//2839
f 2830//2830 2839//2839 2840//2840
f 2841//2841 2830//2830 2840//2840
f 2842//2842 2843//2843 2841//2841
f 2844//2844 2830//2830 2845//2845
f 2845//2845 2843//2843 2846//2846
f 2847//2847 2848//2848 2849//2849
f 2847//2847 2850//2850 2848//2848
f 2850//2850 2851//2851 2848//2848
f 2850//2850 2852//2852 2851//2851
f 2852//2852 2853//2853 2851//2851
f 2852//2852 2854//2854 2853//2853
f 2854//2854 2855//2855 2853//2853
f 2854//2854 2856//2856 2855//2855
f 2856//2856 2857//2857 2855//2855
f 2858//2858 2859//2859 2860//2860
f 2859//2859 2861//2861 2860//2860
f 2862//2862 2863//2863 2864//2864
f 2862//2862 2864//2864 2865//2865
f 2866//2866 2862//2862 2865//2865
f 2866//2866 2865//2865 2867//2867
f 2868//2868 2866//2866 2867//2867
f 2868//2868 2867//2867 2869//2869
f 2870//2870 2868//2868 2869//2869
f 2871//2871 2872//2872 2873//2873
f 2871//2871 2874//2874 2872//2872
f 2875//2875 2876//2876 2877//2877
f 2878//2878 2875//2875 2877//2877
f 2878//2878 2877//2877 2879//2879
f 2877//2877 2880//2880 2879//2879
f 2880//2880 2881//2881 2879//2879
f 2880//2880 2882//2882 2881//2881
f 2882//2882 2883//2883 2881//2881
f 2882//2882 2884//2884 2883//2883
f 2884//2884 2885//2885 2883//2883
f 2884//2884 2886//2886 2885//2885
f 2886//2886 2887//2887 2885//2885
f 2886//2886 2888//2888 2887//2887
f 2889//2889 2890//2890 2891//2891
f 2889//2889 2892//2892 2890//2890
f 2892//2892 2893//2893 2890//2890
f 2892//2892 2894//2894 2893//2893
f 2895//2895 2896//2896 2897//2897
f 2896//2896 2898//2898 2897//2897
f 2899//2899 2900//2900 2901//2901
f 2900//2900 2902//2902 2901//2901
f 2903//2903 2904//2904 2905//2905
f 2904//2904 2906//2906 2905//2905
f 2907//2907 2908//2908 2909//2909
f 2908//2908 2910//2910 2909//2909
f 2910//2910 2911//2911 2909//2909
f 2911//2911 2912//2912 2909//2909
f 2913//2913 2914//2914 2915//2915
f 2914//2914 2916//2916 2915//2915
f 2917//2917 2918//2918 2919//2919
f 2918//2918 2920//2920 2919//2919
f 2920//2920 2918//2918 2921//2921
f 2918//2918 2922//2922 2921//2921
f 2923//2923 2924//2924 2925//2925
f 2924//2924 2926//2926 2925//2925
f 2927//2927 2928//2928 2929//2929
f 2928//2928 2930//2930 2929//2929
f 2931//2931 2932//2932 2933//2933
f 2931//2931 2934//2934 2932//2932
f 2935//2935 2936//2936 2937//2937
f 2936//2936 2938//2938 2937//2937
f 2939//2939 2940//2940 2941//2941
f 2939//2939 2942//2942 2940//2940
f 2942//2942 2943//2943 2940//2940
f 2942//2942 2944//2944 2943//2943
f 2944//2944 2945//2945 2943//2943
f 2944//2944 2946//2946 2945//2945
f 2946//2946 2947//2947 2945//2945
f 2946//2946 2948//2948 2947//2947
f 2948//2948 2949//2949 2947//2947
f 2948//2948 2950//2950 2949//2949
f 2950//2950 2951//2951 2949//2949
f 2950//2950 2952//2952 2951//2951
f 2952//2952 2953//2953 2951//2951
f 2952//2952 2954//2954 2953//2953
f 2954//2954 2955//2955 2953//2953
f 2954//2954 2956//2956 2955//2955
f 2957//2957 2958//2958 2959//2959
f 2958//2958 2960//2960 2959//2959
f 2961//2961 2962//2962 2963//2963
f 2962//2962 2964//2964 2963//2963
f 2965//2965 2966//2966 2967//2967
f 2966//2966 2968//2968 2967//2967
f 2969//2969 2970//2970 2971//2971
f 2970//2970 2972//2972 2971//2971
f 2973//2973 2974//2974 2975//2975
f 2974//2974 2976//2976 2975//2975
f 2976//2976 2977//2977 2975//2975
f 2977//2977 2978//2978 2975//2975
f 2979//2979 2980//2980 2981//2981
f 2980//2980 2982//2982 2981//2981
f 2980//2980 2983//2983 2982//2982
f 2984//2984 2985//2985 2986//2986
f 2985//2985 2987//2987 2986//2986
f 2985//2985 2988//2988 2987//2987
f 2988//2988 2989//2989 2987//2987
f 2987//2987 2990//2990 2986//2986
f 2987//2987 2991//2991 2990//2990
f 2991//2991 2992//2992 2990//2990
f 2990//2990 2993//2993 2986//2986
f 2993//2993 2994//2994 2986//2986
f 2993//2993 2995//2995 2994//2994
f 2996//2996 2997//2997 2998//2998
f 2997//2997 2999//2999 2998//2998
f 3000//3000 3001//3001 3002//3002
f 3001//3001 3003//3003 3002//3002
f 3003//3003 3004//3004 3002//3002
f 3005//3005 3006//3006 3007//3007
f 3006//3006 3008//3008 3007//3007
f 3007//3007 3008//3008 3009//3009
f 3006//3006 3010//3010 3008//3008
f 3010//3010 3011//3011 3008//3008
f 3012//3012 3013//3013 3014//3014
f 3013//3013 3015//3015 3014//3014
f 3014//3014 3015//3015 3016//3016
f 3013//3013 3017//3017 3015//3015
f 3017//3017 3013//3013 3018//3018
f 3019//3019 3017//3017 3018//3018
f 3015//3015 3020//3020 3016//3016
f 3019//3019 3018//3018 3021//3021
f 3021//3021 3018//3018 3022//3022
f 3023//3023 3019//3019 3021//3021
f 3023//3023 3021//3021 3024//3024
f 3025//3025 3023//3023 3024//3024
f 3025//3025 3024//3024 3026//3026
f 3024//3024 3027//3027 3026//3026
f 3020//3020 3028//3028 3016//3016
f 3029//3029 3016//3016 3028//3028
f 3020//3020 3030//3030 3028//3028
f 3020//3020 3031//3031 3030//3030
f 3031//3031 3032//3032 3030//3030
f 3032//3032 3033//3033 3030//3030
f 3032//3032 3034//3034 3033//3033
f 3032//3032 3035//3035 3034//3034
f 3035//3035 3036//3036 3034//3034
f 3035//3035 3025//3025 3036//3036
f 3025//3025 3037//3037 3036//3036
f 3038//3038 3039//3039 3040//3040
f 3041//3041 3038//3038 3040//3040
f 3038//3038 3041//3041 3042//3042
f 3043//3043 3044//3044 3045//3045
f 3044//3044 3046//3046 3045//3045
f 3046//3046 3044//3044 3047//3047
f 3048//3048 3049//3049 3050//3050
f 3049//3049 3051//3051 3050//3050
f 3052//3052 3053//3053 3054//3054
f 3052//3052 3055//3055 3053//3053
f 3055//3055 3056//3056 3053//3053
f 3055//3055 3057//3057 3056//3056
f 3057//3057 3058//3058 3056//3056
f 3059//3059 3060//3060 3061//3061
f 3059//3059 3062//3062 3060//3060
f 3062//3062 3063//3063 3060//3060
f 3062//3062 3064//3064 3063//3063
f 3064//3064 3065//3065 3063//3063
f 3066//3066 3067//3067 3068//3068
f 3066//3066 3069//3069 3067//3067
f 3069//3069 3066//3066 3070//3070
f 3069//3069 3071//3071 3067//3067
f 3069//3069 3072//3072 3071//3071
f 3073//3073 3074//3074 3075//3075
f 3074//3074 3076//3076 3075//3075
f 3074//3074 3077//3077 3076//3076
f 3077//3077 3078//3078 3076//3076
f 3077//3077 3079//3079 3078//3078
f 3079//3079 3080//3080 3078//3078
f 3081//3081 3082//3082 3083//3083
f 3082//3082 3084//3084 3083//3083
f 3085//3085 3086//3086 3087//3087
f 3086//3086 3088//3088 3087//3087
f 3086//3086 3089//3089 3088//3088
f 3089//3089 3090//3090 3088//3088
f 3089//3089 3091//3091 3090//3090
f 3091//3091 3092//3092 3090//3090
f 3091//3091 3093//3093 3092//3092
f 3094//3094 3095//3095 3096//3096
f 3095//3095 3097//3097 3096//3096
f 3098//3098 3099//3099 3100//3100
f 3099//3099 3101//3101 3100//3100
f 3102//3102 3103//3103 3104//3104
f 3105//3105 3106//3106 3107//3107
f 3106//3106 3108//3108 3107//3107
f 3108//3108 3109//3109 3107//3107
f 3110//3110 3111//3111 3112//3112
f 3111//3111 3113//3113 3112//3112
f 3114//3114 3115//3115 3116//3116
f 3117//3117 3114//3114 3116//3116
f 3117//3117 3116//3116 3118//3118
f 3119//3119 3117//3117 3118//3118
f 3119//3119 3118//3118 3120//3120
f 3121//3121 3119//3119 3120//3120
f 3121//3121 3120//3120 3122//3122
f 3123//3123 3121//3121 3122//3122
f 3123//3123 3122//3122 3124//3124
f 3125//3125 3123//3123 3124//3124
f 3125//3125 3124//3124 3126//3126
f 3127//3127 3125//3125 3126//3126
f 3127//3127 3126//3126 3128//3128
f 3129//3129 3127//3127 3128//3128
f 3129//3129 3128//3128 3130//3130
f 3131//3131 3129//3129 3130//3130
f 3131//3131 3130//3130 3132//3132
f 3133//3133 3131//3131 3132//3132
f 3134//3134 3135//3135 3136//3136
f 3137//3137 3138//3138 3139//3139
f 3140//3140 3141//3141 3142//3142
f 3143//3143 3144//3144 3145//3145
f 3146//3146 3147//3147 3148//3148
f 3149//3149 3150//3150 3151//3151
f 3152//3152 3153//3153 3154//3154
f 3155//3155 3156//3156 3157//3157
f 3158//3158 3159//3159 3160//3160
f 3159//3159 3161//3161 3160//3160
f 3159//3159 3162//3162 3161//3161
f 3159//3159 3163//3163 3162//3162
f 3164//3164 3165//3165 3166//3166
f 3165//3165 3167//3167 3166//3166
f 3168//3168 3169//3169 3170//3170
f 3169//3169 3171//3171 3170//3170
f 3172//3172 3173//3173 3174//3174
f 3173//3173 3175//3175 3174//3174
f 3176//3176 3177//3177 3178//3178
f 3177//3177 3176//3176 3179//3179
f 3180//3180 3177//3177 3179//3179
f 3181//3181 3182//3182 3183//3183
f 3182//3182 3184//3184 3183//3183
f 3184//3184 3185//3185 3183//3183
f 3186//3186 3187//3187 3188//3188
f 3189//3189 3190//3190 3191//3191
f 3192//3192 3193//3193 3194//3194
f 3195//3195 3196//3196 3197//3197
f 3198//3198 3199//3199 3200//3200
f 3201//3201 3202//3202 3203//3203
f 3204//3204 3205//3205 3206//3206
f 3207//3207 3208//3208 3209//3209
f 3210//3210 3211//3211 3212//3212
f 3213//3213 3214//3214 3215//3215
f 3216//3216 3217//3217 3218//3218
f 3219//3219 3220//3220 3221//3221
f 3222//3222 3223//3223 3224//3224
f 3225//3225 3226//3226 3227//3227
f 3226//3226 3228//3228 3229//3229
f 3230//3230 3231//3231 3228//3228
f 3232//3232 3233//3233 3234//3234
f 3235//3235 3236//3236 3237//3237
f 3238//3238 3239//3239 3240//3240
f 3241//3241 3242//3242 3243//3243
f 3241//3241 3244//3244 3245//3245
f 3246//3246 3247//3247 3248//3248
f 3249//3249 3250//3250 3251//3251
f 3252//3252 3253//3253 3254//3254
f 3255//3255 3256//3256 3257//3257
f 3258//3258 3259//3259 3260//3260
f 3261//3261 3262//3262 3263//3263
f 3264//3264 3265//3265 3266//3266
f 3267//3267 3268//3268 3269//3269
f 3270//3270 3271//3271 3272//3272
f 3273//3273 3274//3274 3275//3275
f 3276//3276 3277//3277 3278//3278
f 3279//3279 3280//3280 3281//3281
f 3282//3282 3283//3283 3284//3284
f 3285//3285 3286//3286 3287//3287
f 3288//3288 3289//3289 3290//3290
f 3291//3291 3292//3292 3290//3290
f 3292//3292 3293//3293 3290//3290
f 3294//3294 3295//3295 3296//3296
f 3297//3297 3298//3298 3299//3299
f 3300//3300 3301//3301 3302//3302
f 3303//3303 3300//3300 3304//3304
f 3303//3303 3304//3304 3305//3305
f 3306//3306 3303//3303 3305//3305
f 3307//3307 3306//3306 3305//3305
f 3308//3308 3307//3307 3309//3309
f 3310//3310 3311//3311 3309//3309
f 3312//3312 3313//3313 3314//3314
f 3315//3315 3316//3316 3317//3317
f 3318//3318 3315//3315 3319//3319
f 3320//3320 3318//3318 3319//3319
f 3321//3321 3322//3322 3323//3323
f 3324//3324 3325//3325 3322//3322
f 3326//3326 3327//3327 3328//3328
f 3329//3329 3330//3330 3327//3327
f 3331//3331 3332//3332 3333//3333
f 3334//3334 3333//3333 3335//3335
f 3336//3336 3334//3334 3335//3335
f 3336//3336 3335//3335 3337//3337
f 3338//3338 3339//3339 3340//3340
f 3341//3341 3342//3342 3339//3339
f 3343//3343 3344//3344 3339//3339
f 3345//3345 3346//3346 3344//3344
f 3347//3347 3348//3348 3349//3349
f 3350//3350 3351//3351 3348//3348
f 3352//3352 3353//3353 3354//3354
f 3355//3355 3356//3356 3357//3357
f 3358//3358 3359//3359 3360//3360
f 3361//3361 3362//3362 3363//3363
f 3364//3364 3365//3365 3366//3366
f 3367//3367 3368//3368 3369//3369
f 3370//3370 3371//3371 3372//3372
f 3373//3373 3374//3374 3375//3375
f 3376//3376 3377//3377 3378//3378
f 3379//3379 3380//3380 3381//3381
f 3382//3382 3383//3383 3384//3384
f 3385//3385 3386//3386 3387//3387
f 3388//3388 3389//3389 3390//3390
f 3391//3391 3392//3392 3393//3393
f 3394//3394 3395//3395 3396//3396
f 3397//3397 3398//3398 3399//3399
f 3400//3400 3401//3401 3402//3402
f 3403//3403 3404//3404 3405//3405
f 3406//3406 3407//3407 3408//3408
f 3409//3409 3410//3410 3411//3411
f 3412//3412 3413//3413 3414//3414
f 3415//3415 3416//3416 3417//3417
f 3418//3418 3419//3419 3420//3420
f 3421//3421 3422//3422 3423//3423
f 3424//3424 3425//3425 3426//3426
f 3427//3427 3428//3428 3429//3429
f 3430//3430 3431//3431 3432//3432
f 3433//3433 3434//3434 3435//3435
f 3436//3436 3437//3437 3438//3438
f 3439//3439 3440//3440 3441//3441
f 3442//3442 3443//3443 3444//3444
f 3445//3445 3446//3446 3447//3447
f 3448//3448 3449//3449 3450//3450
f 3451//3451 3452//3452 3453//3453
f 3454//3454 3455//3455 3456//3456
f 3457//3457 3458//3458 3459//3459
f 3460//3460 3461//3461 3462//3462
f 3463//3463 3464//3464 3465//3465
f 3466//3466 3467//3467 3468//3468
f 3469//3469 3470//3470 3471//3471
f 3472//3472 3473//3473 3474//3474
f 3475//3475 3476//3476 3477//3477
f 3478//3478 3479//3479 3480//3480
f 3481//3481 3482//3482 3483//3483
f 3484//3484 3485//3485 3486//3486
f 3487//3487 3488//3488 3489//3489
f 3488//3488 3490//3490 3491//3491
f 3488//3488 3492//3492 3493//3493
f 3492//3492 3494//3494 3493//3493
f 3495//3495 3496//3496 3497//3497
f 3498//3498 3499//3499 3500//3500
f 3498//3498 3501//3501 3502//3502
f 3503//3503 3504//3504 3505//3505
f 3506//3506 3507//3507 3508//3508
f 3509//3509 3510//3510 3511//3511
f 3510//3510 3512//3512 3511//3511
f 3513//3513 3514//3514 3515//3515
f 3514//3514 3516//3516 3515//3515
f 3517//3517 3518//3518 3519//3519
f 3518//3518 3520//3520 3519//3519
f 3521//3521 3522//3522 3523//3523
f 3521//3521 3523//3523 3524//3524
f 3525//3525 3526//3526 3527//3527
f 3525//3525 3528//3528 3526//3526
f 3529//3529 3530//3530 3531//3531
f 3532//3532 3529//3529 3531//3531
f 3532//3532 3533//3533 3529//3529
f 3532//3532 3534//3534 3533//3533
f 3535//3535 3536//3536 3537//3537
f 3535//3535 3538//3538 3536//3536
f 3539//3539 3540//3540 3541//3541
f 3539//3539 3542//3542 3540//3540
f 3543//3543 3544//3544 3545//3545
f 3543//3543 3546//3546 3544//3544
f 3547//3547 3548//3548 3549//3549
f 3547//3547 3550//3550 3548//3548
f 3551//3551 3552//3552 3553//3553
f 3551//3551 3554//3554 3552//3552
f 3555//3555 3556//3556 3557//3557
f 3555//3555 3558//3558 3556//3556
f 3559//3559 3560//3560 3561//3561
f 3562//3562 3563//3563 3564//3564
f 3565//3565 3566//3566 3567//3567
f 3568//3568 3569//3569 3570//3570
f 3571//3571 3572//3572 3573//3573
f 3574//3574 3575//3575 3576//3576
f 3577//3577 3578//3578 3579//3579
f 3580//3580 3581//3581 3582//3582
f 3583//3583 3584//3584 3585//3585
f 3586//3586 3587//3587 3588//3588
f 3589//3589 3590//3590 3591//3591
f 3592//3592 3593//3593 3594//3594
f 3595//3595 3596//3596 3597//3597
f 3598//3598 3599//3599 3600//3600
f 3601//3601 3602//3602 3603//3603
f 3604//3604 3605//3605 3606//3606
f 3607//3607 3608//3608 3609//3609
f 3608//3608 3610//3610 3609//3609
f 3611//3611 3612//3612 3613//3613
f 3612//3612 3614//3614 3613//3613
f 3614//3614 3615//3615 3613//3613
f 3616//3616 3617//3617 3618//3618
f 3617//3617 3619//3619 3618//3618
f 3617//3617 3620//3620 3619//3619
f 3620//3620 3621//3621 3619//3619
f 3620//3620 3622//3622 3621//3621
f 3622//3622 3623//3623 3621//3621
f 3623//3623 3624//3624 3621//3621
f 3625//3625 3626//3626 3627//3627
f 3626//3626 3628//3628 3627//3627
f 3628//3628 3629//3629 3627//3627
f 3628//3628 3630//3630 3629//3629
f 3630//3630 3631//3631 3629//3629
f 3631//3631 3632//3632 3629//3629
f 3633//3633 3634//3634 3635//3635
f 3634//3634 3636//3636 3635//3635
f 3637//3637 3638//3638 3639//3639
f 3638//3638 3640//3640 3639//3639
f 3638//3638 3641//3641 3640//3640
f 3642//3642 3643//3643 3644//3644
f 3643//3643 3645//3645 3644//3644
f 3645//3645 3646//3646 3644//3644
f 3646//3646 3647//3647 3644//3644
f 3646//3646 3648//3648 3647//3647
f 3648//3648 3649//3649 3647//3647
f 3648//3648 3650//3650 3649//3649
f 3651//3651 3652//3652 3653//3653
f 3652//3652 3654//3654 3653//3653
f 3654//3654 3655//3655 3653//3653
f 3655//3655 3656//3656 3653//3653
f 3657//3657 3658//3658 3659//3659
f 3658//3658 3660//3660 3659//3659
f 3658//3658 3661//3661 3660//3660
f 3661//3661 3662//3662 3660//3660
f 3661//3661 3663//3663 3662//3662
f 3663//3663 3661//3661 3664//3664
f 3665//3665 3666//3666 3667//3667
f 3666//3666 3668//3668 3667//3667
f 3669//3669 3670//3670 3671//3671
f 3670//3670 3672//3672 3671//3671
f 3672//3672 3673//3673 3671//3671
f 3673//3673 3674//3674 3671//3671
f 3675//3675 3676//3676 3677//3677
f 3676//3676 3678//3678 3677//3677
f 3679//3679 3680//3680 3681//3681
f 3680//3680 3682//3682 3681//3681
f 3683//3683 3684//3684 3685//3685
f 3684//3684 3686//3686 3685//3685
f 3687//3687 3688//3688 3689//3689
f 3688//3688 3690//3690 3689//3689
f 3689//3689 3690//3690 3691//3691
f 3688//3688 3692//3692 3690//3690
f 3690//3690 3693//3693 3691//3691
f 3688//3688 3694//3694 3692//3692
f 3688//3688 3695//3695 3694//3694
f 3694//3694 3696//3696 3692//3692
f 3693//3693 3697//3697 3691//3691
f 3693//3693 3696//3696 3697//3697
f 3691//3691 3697//3697 3698//3698
f 3697//3697 3699//3699 3698//3698
f 3696//3696 3694//3694 3700//3700
f 3696//3696 3700//3700 3697//3697
f 3695//3695 3701//3701 3694//3694
f 3697//3697 3700//3700 3702//3702
f 3703//3703 3697//3697 3702//3702
f 3700//3700 3704//3704 3702//3702
f 3704//3704 3705//3705 3702//3702
f 3706//3706 3704//3704 3701//3701
f 3695//3695 3706//3706 3701//3701
f 3706//3706 3707//3707 3704//3704
f 3704//3704 3707//3707 3705//3705
f 3706//3706 3695//3695 3708//3708
f 3707//3707 3709//3709 3705//3705
f 3708//3708 3695//3695 3710//3710
f 3695//3695 3711//3711 3710//3710
f 3708//3708 3710//3710 3712//3712
f 3709//3709 3708//3708 3712//3712
f 3709//3709 3712//3712 3705//3705
f 3705//3705 3712//3712 3713//3713
f 3714//3714 3705//3705 3713//3713
f 3715//3715 3716//3716 3717//3717
f 3716//3716 3718//3718 3717//3717
f 3719//3719 3720//3720 3721//3721
f 3720//3720 3722//3722 3721//3721
f 3720//3720 3723//3723 3722//3722
f 3723//3723 3720//3720 3724//3724
f 3725//3725 3726//3726 3727//3727
f 3726//3726 3728//3728 3727//3727
f 3729//3729 3730//3730 3731//3731
f 3730//3730 3732//3732 3731//3731
f 3733//3733 3734//3734 3735//3735
f 3734//3734 3736//3736 3735//3735
f 3736//3736 3737//3737 3735//3735
f 3737//3737 3738//3738 3735//3735
f 3739//3739 3740//3740 3741//3741
f 3740//3740 3742//3742 3741//3741
f 3743//3743 3744//3744 3745//3745
f 3744//3744 3746//3746 3745//3745
f 3747//3747 3748//3748 3749//3749
f 3748//3748 3750//3750 3749//3749
f 3751//3751 3752//3752 3753//3753
f 3752//3752 3754//3754 3753//3753
f 3755//3755 3756//3756 3757//3757
f 3756//3756 3758//3758 3757//3757
f 3759//3759 3760//3760 3761//3761
f 3760//3760 3762//3762 3761//3761
f 3763//3763 3764//3764 3765//3765
f 3764//3764 3766//3766 3765//3765
f 3767//3767 3768//3768 3769//3769
f 3768//3768 3770//3770 3769//3769
f 3771//3771 3772//3772 3773//3773
f 3772//3772 3774//3774 3773//3773
f 3775//3775 3776//3776 3777//3777
f 3776//3776 3778//3778 3777//3777
f 3779//3779 3780//3780 3781//3781
f 3780//3780 3782//3782 3781//3781
f 3783//3783 3784//3784 3785//3785
f 3784//3784 3786//3786 3785//3785
f 3787//3787 3788//3788 3789//3789
f 3788//3788 3790//3790 3789//3789
f 3791//3791 3792//3792 3793//3793
f 3792//3792 3794//3794 3793//3793
f 3795//3795 3796//3796 3797//3797
f 3796//3796 3798//3798 3797//3797
f 3799//3799 3800//3800 3801//3801
f 3800//3800 3802//3802 3801//3801
f 3803//3803 3804//3804 3805//3805
f 3804//3804 3806//3806 3805//3805
f 3807//3807 3808//3808 3809//3809
f 3808//3808 3810//3810 3809//3809
f 3810//3810 3811//3811 3809//3809
f 3812//3812 3813//3813 3814//3814
f 3813//3813 3815//3815 3814//3814
f 3813//3813 3816//3816 3815//3815
f 3816//3816 3817//3817 3815//3815
f 3816//3816 3818//3818 3817//3817
f 3818//3818 3819//3819 3817//3817
f 3819//3819 3820//3820 3817//3817
f 3821//3821 3822//3822 3823//3823
f 3822//3822 3824//3824 3823//3823
f 3824//3824 3825//3825 3823//3823
f 3824//3824 3826//3826 3825//3825
f 3826//3826 3827//3827 3825//3825
f 3827//3827 3828//3828 3825//3825
f 3829//3829 3830//3830 3831//3831
f 3830//3830 3832//3832 3831//3831
f 3833//3833 3834//3834 3835//3835
f 3834//3834 3836//3836 3835//3835
f 3834//3834 3837//3837 3836//3836
f 3838//3838 3839//3839 3840//3840
f 3839//3839 3841//3841 3840//3840
f 3841//3841 3842//3842 3840//3840
f 3842//3842 3843//3843 3840//3840
f 3842//3842 3844//3844 3843//3843
f 3844//3844 3845//3845 3843//3843
f 3844//3844 3846//3846 3845//3845
f 3847//3847 3848//3848 3849//3849
f 3848//3848 3850//3850 3849//3849
f 3850//3850 3851//3851 3849//3849
f 3851//3851 3852//3852 3849//3849
f 3853//3853 3854//3854 3855//3855
f 3854//3854 3856//3856 3855//3855
f 3854//3854 3857//3857 3856//3856
f 3857//3857 3858//3858 3856//3856
f 3857//3857 3859//3859 3858//3858
f 3859//3859 3857//3857 3860//3860
f 3861//3861 3862//3862 3863//3863
f 3862//3862 3864//3864 3863//3863
f 3865//3865 3866//3866 3867//3867
f 3866//3866 3868//3868 3867//3867
f 3868//3868 3869//3869 3867//3867
f 3869//3869 3870//3870 3867//3867
f 3871//3871 3872//3872 3873//3873
f 3872//3872 3874//3874 3873//3873
f 3875//3875 3876//3876 3877//3877
f 3876//3876 3878//3878 3877//3877
f 3879//3879 3880//3880 3881//3881
f 3880//3880 3882//3882 3881//3881
f 3883//3883 3884//3884 3885//3885
f 3884//3884 3886//3886 3885//3885
f 3885//3885 3886//3886 3887//3887
f 3884//3884 3888//3888 3886//3886
f 3886//3886 3889//3889 3887//3887
f 3884//3884 3890//3890 3888//3888
f 3884//3884 3891//3891 3890//3890
f 3890//3890 3892//3892 3888//3888
f 3889//3889 3893//3893 3887//3887
f 3889//3889 3892//3892 3893//3893
f 3887//3887 3893//3893 3894//3894
f 3893//3893 3895//3895 3894//3894
f 3892//3892 3890//3890 3896//3896
f 3892//3892 3896//3896 3893//3893
f 3891//3891 3897//3897 3890//3890
f 3893//3893 3896//3896 3898//3898
f 3899//3899 3893//3893 3898//3898
f 3896//3896 3900//3900 3898//3898
f 3900//3900 3901//3901 3898//3898
f 3902//3902 3900//3900 3897//3897
f 3891//3891 3902//3902 3897//3897
f 3902//3902 3903//3903 3900//3900
f 3900//3900 3903//3903 3901//3901
f 3902//3902 3891//3891 3904//3904
f 3903//3903 3905//3905 3901//3901
f 3904//3904 3891//3891 3906//3906
f 3891//3891 3907//3907 3906//3906
f 3904//3904 3906//3906 3908//3908
f 3905//3905 3904//3904 3908//3908
f 3905//3905 3908//3908 3901//3901
f 3901//3901 3908//3908 3909//3909
f 3910//3910 3901//3901 3909//3909
f 3911//3911 3912//3912 3913//3913
f 3912//3912 3914//3914 3913//3913
f 3915//3915 3916//3916 3917//3917
f 3916//3916 3918//3918 3917//3917
f 3916//3916 3919//3919 3918//3918
f 3919//3919 3916//3916 3920//3920
f 3921//3921 3922//3922 3923//3923
f 3922//3922 3924//3924 3923//3923
f 3925//3925 3926//3926 3927//3927
f 3926//3926 3928//3928 3927//3927
f 3929//3929 3930//3930 3931//3931
f 3930//3930 3932//3932 3931//3931
f 3932//3932 3933//3933 3931//3931
f 3933//3933 3934//3934 3931//3931
f 3935//3935 3936//3936 3937//3937
f 3936//3936 3938//3938 3937//3937
f 3939//3939 3940//3940 3941//3941
f 3940//3940 3942//3942 3941//3941
f 3943//3943 3944//3944 3945//3945
f 3944//3944 3946//3946 3945//3945
f 3947//3947 3948//3948 3949//3949
f 3948//3948 3950//3950 3949//3949
f 3951//3951 3952//3952 3953//3953
f 3952//3952 3954//3954 3953//3953
f 3955//3955 3956//3956 3957//3957
f 3956//3956 3958//3958 3957//3957
f 3959//3959 3960//3960 3961//3961
f 3960//3960 3962//3962 3961//3961
f 3963//3963 3964//3964 3965//3965
f 3964//3964 3966//3966 3965//3965
f 3967//3967 3968//3968 3969//3969
f 3968//3968 3970//3970 3969//3969
f 3971//3971 3972//3972 3973//3973
f 3972//3972 3974//3974 3973//3973
f 3975//3975 3976//3976 3977//3977
f 3976//3976 3978//3978 3977//3977
f 3979//3979 3980//3980 3981//3981
f 3980//3980 3982//3982 3981//3981
f 3983//3983 3984//3984 3985//3985
f 3984//3984 3986//3986 3985//3985
f 3987//3987 3988//3988 3989//3989
f 3988//3988 3990//3990 3989//3989
f 3991//3991 3992//3992 3993//3993
f 3992//3992 3994//3994 3993//3993
f 3995//3995 3996//3996 3997//3997
f 3996//3996 3998//3998 3997//3997
f 3999//3999 4000//4000 4001//4001
f 4000//4000 4002//4002 4001//4001
f 4003//4003 3999//3999 4001//4001
f 3999//3999 4003//4003 4004//4004
f 4002//4002 4005//4005 4001//4001
f 4005//4005 4002//4002 4004//4004
f 4003//4003 4001//4001 4006//4006
f 4005//4005 4004//4004 4007//4007
f 4003//4003 4007//4007 4004//4004
f 4008//4008 4005//4005 4007//4007
f 4009//4009 4003//4003 4006//4006
f 4010//4010 4008//4008 4007//4007
f 4010//4010 4009//4009 4011//4011
f 4009//4009 4006//4006 4011//4011
f 4010//4010 4011//4011 4012//4012
f 4008//4008 4010//4010 4012//4012
f 4011//4011 4006//4006 4013//4013
f 4008//4008 4012//4012 4014//4014
f 4006//4006 4008//4008 4014//4014
f 4006//4006 4014//4014 4013//4013
f 4015//4015 4016//4016 4017//4017
f 4016//4016 4018//4018 4017//4017
f 4019//4019 4015//4015 4017//4017
f 4015//4015 4019//4019 4020//4020
f 4018//4018 4021//4021 4017//4017
f 4021//4021 4018//4018 4020//4020
f 4019//4019 4017//4017 4022//4022
f 4021//4021 4020//4020 4023//4023
f 4019//4019 4023//4023 4020//4020
f 4024//4024 4021//4021 4023//4023
f 4025//4025 4019//4019 4022//4022
f 4026//4026 4024//4024 4023//4023
f 4026//4026 4025//4025 4027//4027
f 4025//4025 4022//4022 4027//4027
f 4026//4026 4027//4027 4028//4028
f 4024//4024 4026//4026 4028//4028
f 4027//4027 4022//4022 4029//4029
f 4024//4024 4028//4028 4030//4030
f 4022//4022 4024//4024 4030//4030
f 4022//4022 4030//4030 4029//4029
f 4031//4031 4032//4032 4033//4033
f 4032//4032 4034//4034 4033//4033
f 4035//4035 4036//4036 4037//4037
f 4036//4036 4038//4038 4037//4037
f 4039//4039 4040//4040 4041//4041
f 4040//4040 4042//4042 4041//4041
f 4043//4043 4044//4044 4045//4045
f 4044//4044 4046//4046 4045//4045
f 4047//4047 4048//4048 4049//4049
f 4048//4048 4050//4050 4049//4049
f 4051//4051 4052//4052 4053//4053
f 4052//4052 4054//4054 4053//4053
f 4055//4055 4056//4056 4057//4057
f 4056//4056 4058//4058 4057//4057
f 4059//4059 4060//4060 4061//4061
f 4060//4060 4062//4062 4061//4061
f 4063//4063 4064//4064 4065//4065
f 4064//4064 4066//4066 4065//4065
f 4067//4067 4068//4068 4069//4069
f 4068//4068 4070//4070 4069//4069
f 4071//4071 4072//4072 4073//4073
f 4072//4072 4074//4074 4073//4073
f 4075//4075 4076//4076 4077//4077
f 4076//4076 4078//4078 4077//4077
f 4079//4079 4080//4080 4081//4081
f 4080//4080 4082//4082 4081//4081
f 4083//4083 4084//4084 4085//4085
f 4084//4084 4086//4086 4085//4085
f 4087//4087 4088//4088 4089//4089
f 4088//4088 4090//4090 4089//4089
f 4091//4091 4092//4092 4093//4093
f 4092//4092 4094//4094 4093//4093
f 4095//4095 4096//4096 4097//4097
f 4096//4096 4098//4098 4097//4097
f 4099//4099 4100//4100 4101//4101
f 4100//4100 4102//4102 4101//4101
f 4103//4103 4104//4104 4105//4105
f 4104//4104 4106//4106 4105//4105
f 4107//4107 4108//4108 4109//4109
f 4108//4108 4110//4110 4109//4109
f 4111//4111 4112//4112 4113//4113
f 4112//4112 4114//4114 4113//4113
f 4115//4115 4116//4116 4117//4117
f 4116//4116 4118//4118 4117//4117
f 4119//4119 4120//4120 4121//4121
f 4120//4120 4122//4122 4121//4121
f 4123//4123 4124//4124 4125//4125
f 4124//4124 4126//4126 4125//4125
f 4127//4127 4128//4128 4129//4129
f 4128//4128 4130//4130 4129//4129
f 4131//4131 4132//4132 4133//4133
f 4132//4132 4134//4134 4133//4133
f 4135//4135 4136//4136 4137//4137
f 4136//4136 4138//4138 4137//4137
f 4139//4139 4140//4140 4141//4141
f 4140//4140 4142//4142 4141//4141
f 4143//4143 4144//4144 4145//4145
f 4144//4144 4146//4146 4145//4145
f 4147//4147 4148//4148 4149//4149
f 4148//4148 4150//4150 4149//4149
f 4151//4151 4152//4152 4153//4153
f 4154//4154 4155//4155 4156//4156
f 4157//4157 4158//4158 4159//4159
f 4160//4160 4161//4161 4162//4162
f 4163//4163 4164//4164 4165//4165
f 4166//4166 4167//4167 4168//4168
f 4169//4169 4168//4168 4170//4170
f 4169//4169 4170//4170 4171//4171
f 4172//4172 4169//4169 4171//4171
f 4173//4173 4172//4172 4171//4171
f 4173//4173 4171//4171 4174//4174
f 4175//4175 4173//4173 4174//4174
f 4175//4175 4174//4174 4176//4176
f 4175//4175 4176//4176 4177//4177
f 4178//4178 4179//4179 4180//4180
f 4181//4181 4179//4179 4182//4182
f 4179//4179 4183//4183 4182//4182
f 4179//4179 4184//4184 4183//4183
f 4185//4185 4186//4186 4184//4184
f 4186//4186 4187//4187 4184//4184
f 4187//4187 4188//4188 4184//4184
f 4187//4187 4189//4189 4188//4188
f 4187//4187 4190//4190 4189//4189
f 4191//4191 4192//4192 4193//4193
f 4194//4194 4195//4195 4196//4196
f 4197//4197 4198//4198 4199//4199
f 4200//4200 4201//4201 4202//4202
f 4203//4203 4204//4204 4205//4205
f 4206//4206 4207//4207 4208//4208
f 4209//4209 4210//4210 4211//4211
f 4212//4212 4213//4213 4214//4214
f 4215//4215 4216//4216 4217//4217
f 4218//4218 4219//4219 4220//4220
f 4221//4221 4222//4222 4223//4223
f 4224//4224 4221//4221 4225//4225
f 4221//4221 4226//4226 4225//4225
f 4221//4221 4227//4227 4226//4226
f 4226//4226 4227//4227 4228//4228
f 4227//4227 4229//4229 4228//4228
f 4229//4229 4230//4230 4228//4228
f 4229//4229 4231//4231 4230//4230
f 4232//4232 4233//4233 4234//4234
f 4235//4235 4236//4236 4237//4237
f 4238//4238 4237//4237 4239//4239
f 4240//4240 4238//4238 4239//4239
f 4241//4241 4242//4242 4243//4243
f 4244//4244 4245//4245 4246//4246
f 4247//4247 4248//4248 4249//4249
f 4250//4250 4251//4251 4252//4252
f 4253//4253 4254//4254 4255//4255
f 4256//4256 4257//4257 4258//4258
f 4259//4259 4260//4260 4261//4261
f 4262//4262 4263//4263 4264//4264
f 4265//4265 4266//4266 4267//4267
f 4268//4268 4269//4269 4270//4270
f 4271//4271 4272//4272 4273//4273
f 4274//4274 4275//4275 4276//4276
f 4277//4277 4278//4278 4279//4279
f 4277//4277 4280//4280 4281//4281
f 4282//4282 4283//4283 4284//4284
f 4285//4285 4286//4286 4287//4287
f 4288//4288 4289//4289 4290//4290
f 4291//4291 4292//4292 4293//4293
f 4294//4294 4295//4295 4296//4296
f 4297//4297 4298//4298 4299//4299
f 4300//4300 4301//4301 4302//4302
f 4303//4303 4304//4304 4305//4305
f 4306//4306 4307//4307 4308//4308
f 4306//4306 4309//4309 4310//4310
f 4311//4311 4306//4306 4310//4310
f 4311//4311 4310//4310 4312//4312
f 4311//4311 4312//4312 4313//4313
f 4312//4312 4314//4314 4313//4313
f 4314//4314 4315//4315 4313//4313
f 4315//4315 4316//4316 4313//4313
f 4317//4317 4318//4318 4319//4319
f 4320//4320 4321//4321 4322//4322
f 4323//4323 4324//4324 4325//4325
f 4326//4326 4327//4327 4328//4328
f 4329//4329 4330//4330 4331//4331
f 4332//4332 4333//4333 4334//4334
f 4335//4335 4336//4336 4337//4337
f 4338//4338 4339//4339 4340//4340
f 4341//4341 4342//4342 4343//4343
f 4344//4344 4345//4345 4346//4346
f 4347//4347 4348//4348 4349//4349
f 4350//4350 4351//4351 4352//4352
f 4353//4353 4354//4354 4355//4355
f 4356//4356 4357//4357 4358//4358
f 4359//4359 4360//4360 4361//4361
f 4362//4362 4363//4363 4364//4364
f 4365//4365 4366//4366 4367//4367
f 4365//4365 4368//4368 4369//4369
f 4370//4370 4371//4371 4372//4372
f 4373//4373 4374//4374 4375//4375
f 4376//4376 4377//4377 4378//4378
f 4379//4379 4380//4380 4381//4381
f 4382//4382 4383//4383 4384//4384
f 4385//4385 4386//4386 4387//4387
f 4388//4388 4389//4389 4390//4390
f 4391//4391 4392//4392 4393//4393
f 4394//4394 4395//4395 4396//4396
f 4395//4395 4397//4397 4396//4396
f 4395//4395 4398//4398 4397//4397
f 4397//4397 4398//4398 4399//4399
f 4397//4397 4399//4399 4400//4400
f 4401//4401 4397//4397 4400//4400
f 4401//4401 4400//4400 4402//4402
f 4403//4403 4401//4401 4402//4402
f 4404//4404 4401//4401 4403//4403
f 4404//4404 4405//4405 4401//4401
f 4405//4405 4406//4406 4401//4401
f 4405//4405 4407//4407 4406//4406
f 4408//4408 4409//4409 4410//4410
f 4409//4409 4411//4411 4410//4410
f 4409//4409 4412//4412 4411//4411
f 4412//4412 4413//4413 4411//4411
f 4412//4412 4414//4414 4413//4413
f 4414//4414 4415//4415 4413//4413
f 4416//4416 4417//4417 4418//4418
f 4416//4416 4419//4419 4417//4417
f 4419//4419 4420//4420 4417//4417
f 4420//4420 4421//4421 4417//4417
f 4420//4420 4422//4422 4421//4421
f 4422//4422 4423//4423 4421//4421
f 4423//4423 4424//4424 4421//4421
f 4424//4424 4425//4425 4421//4421
f 4424//4424 4426//4426 4425//4425
f 4426//4426 4427//4427 4425//4425
f 4421//4421 4428//4428 4417//4417
f 4428//4428 4429//4429 4417//4417
f 4428//4428 4430//4430 4429//4429
f 4430//4430 4428//4428 4431//4431
f 4428//4428 4432//4432 4431//4431
f 4428//4428 4433//4433 4432//4432
f 4433//4433 4434//4434 4432//4432
f 4433//4433 4435//4435 4434//4434
f 4436//4436 4437//4437 4438//4438
f 4439//4439 4437//4437 4436//4436
f 4439//4439 4436//4436 4440//4440
f 4441//4441 4436//4436 4442//4442
f 4441//4441 4442//4442 4443//4443
f 4444//4444 4445//4445 4446//4446
f 4444//4444 4446//4446 4447//4447
f 4448//4448 4444//4444 4447//4447
f 4449//4449 4448//4448 4447//4447
f 4449//4449 4450//4450 4448//4448
f 4450//4450 4451//4451 4448//4448
f 4450//4450 4452//4452 4451//4451
f 4452//4452 4453//4453 4451//4451
f 4453//4453 4454//4454 4451//4451
f 4451//4451 4454//4454 4455//4455
f 4454//4454 4456//4456 4455//4455
f 4455//4455 4456//4456 4457//4457
f 4458//4458 4459//4459 4460//4460
f 4458//4458 4461//4461 4459//4459
f 4458//4458 4462//4462 4461//4461
f 4462//4462 4463//4463 4461//4461
f 4462//4462 4464//4464 4463//4463
f 4465//4465 4466//4466 4467//4467
f 4466//4466 4468//4468 4467//4467
f 4468//4468 4469//4469 4467//4467
f 4469//4469 4470//4470 4467//4467
f 4470//4470 4471//4471 4467//4467
f 4471//4471 4472//4472 4467//4467
f 4472//4472 4473//4473 4467//4467
f 4472//4472 4474//4474 4473//4473
f 4474//4474 4475//4475 4473//4473
f 4475//4475 4476//4476 4473//4473
f 4476//4476 4477//4477 4473//4473
f 4477//4477 4478//4478 4473//4473
f 4478//4478 4479//4479 4473//4473
f 4479//4479 4480//4480 4473//4473
f 4481//4481 4482//4482 4483//4483
f 4482//4482 4484//4484 4483//4483
f 4482//4482 4485//4485 4484//4484
f 4485//4485 4486//4486 4484//4484
f 4485//4485 4487//4487 4486//4486
f 4487//4487 4488//4488 4486//4486
f 4489//4489 4490//4490 4491//4491
f 4490//4490 4492//4492 4491//4491
f 4493//4493 4494//4494 4495//4495
f 4496//4496 4493//4493 4495//4495
f 4496//4496 4495//4495 4497//4497
f 4498//4498 4496//4496 4497//4497
f 4498//4498 4497//4497 4499//4499
f 4498//4498 4499//4499 4500//4500
f 4501//4501 4498//4498 4500//4500
f 4501//4501 4500//4500 4502//4502
f 4503//4503 4504//4504 4505//4505
f 4503//4503 4506//4506 4504//4504
f 4506//4506 4507//4507 4504//4504
f 4508//4508 4509//4509 4510//4510
f 4509//4509 4508//4508 4511//4511
f 4512//4512 4509//4509 4511//4511
f 4513//4513 4514//4514 4515//4515
f 4513//4513 4516//4516 4514//4514
f 4517//4517 4518//4518 4519//4519
f 4518//4518 4520//4520 4519//4519
f 4518//4518 4521//4521 4520//4520
f 4520//4520 4521//4521 4522//4522
f 4521//4521 4523//4523 4522//4522
f 4523//4523 4524//4524 4522//4522
f 4524//4524 4525//4525 4522//4522
f 4524//4524 4526//4526 4525//4525
f 4527//4527 4528//4528 4529//4529
f 4528//4528 4530//4530 4529//4529
f 4531//4531 4532//4532 4533//4533
f 4532//4532 4534//4534 4533//4533
f 4535//4535 4536//4536 4537//4537
f 4536//4536 4538//4538 4537//4537
f 4539//4539 4540//4540 4541//4541
f 4540//4540 4542//4542 4541//4541
f 4540//4540 4543//4543 4542//4542
f 4544//4544 4545//4545 4543//4543
f 4545//4545 4546//4546 4543//4543
f 4545//4545 4547//4547 4546//4546
f 4548//4548 4549//4549 4550//4550
f 4549//4549 4551//4551 4550//4550
f 4552//4552 4553//4553 4554//4554
f 4553//4553 4555//4555 4554//4554
f 4556//4556 4557//4557 4558//4558
f 4557//4557 4559//4559 4558//4558
f 4560//4560 4561//4561 4562//4562
f 4561//4561 4563//4563 4562//4562
f 4561//4561 4564//4564 4563//4563
f 4564//4564 4565//4565 4563//4563
f 4565//4565 4566//4566 4563//4563
f 4565//4565 4567//4567 4566//4566
f 4567//4567 4568//4568 4566//4566
f 4569//4569 4570//4570 4571//4571
f 4570//4570 4572//4572 4571//4571
f 4573//4573 4574//4574 4575//4575
f 4576//4576 4573//4573 4575//4575
f 4577//4577 4576//4576 4575//4575
f 4576//4576 4577//4577 4578//4578
f 4576//4576 4578//4578 4579//4579
f 4580//4580 4576//4576 4579//4579
f 4576//4576 4580//4580 4581//4581
f 4576//4576 4581//4581 4582//4582
f 4583//4583 4576//4576 4582//4582
f 4583//4583 4582//4582 4584//4584
f 4585//4585 4583//4583 4584//4584
f 4583//4583 4585//4585 4586//4586
f 4583//4583 4586//4586 4587//4587
f 4588//4588 4583//4583 4587//4587
f 4583//4583 4588//4588 4589//4589
f 4583//4583 4589//4589 4590//4590
f 4591//4591 4583//4583 4590//4590
f 4591//4591 4590//4590 4592//4592
f 4593//4593 4594//4594 4595//4595
f 4594//4594 4596//4596 4595//4595
f 4597//4597 4598//4598 4599//4599
f 4598//4598 4600//4600 4599//4599
f 4598//4598 4601//4601 4600//4600
f 4601//4601 4602//4602 4600//4600
f 4601//4601 4603//4603 4602//4602
f 4603//4603 4604//4604 4602//4602
f 4605//4605 4606//4606 4607//4607
f 4606//4606 4608//4608 4607//4607
f 4609//4609 4610//4610 4611//4611
f 4610//4610 4612//4612 4611//4611
f 4613//4613 4614//4614 4615//4615
f 4616//4616 4617//4617 4618//4618
f 4619//4619 4620//4620 4621//4621
f 4622//4622 4623//4623 4624//4624
f 4625//4625 4626//4626 4627//4627
f 4628//4628 4629//4629 4630//4630
f 4631//4631 4632//4632 4633//4633
f 4634//4634 4635//4635 4632//4632
f 4636//4636 4637//4637 4638//4638
f 4639//4639 4640//4640 4641//4641
f 4642//4642 4643//4643 4644//4644
f 4645//4645 4646//4646 4647//4647
f 4648//4648 4649//4649 4650//4650
f 4651//4651 4652//4652 4653//4653
f 4654//4654 4655//4655 4656//4656
f 4657//4657 4658//4658 4659//4659
f 4660//4660 4661//4661 4662//4662
f 4663//4663 4664//4664 4665//4665
f 4666//4666 4667//4667 4668//4668
f 4669//4669 4670//4670 4671//4671
f 4672//4672 4673//4673 4674//4674
f 4675//4675 4676//4676 4677//4677
f 4678//4678 4679//4679 4680//4680
f 4681//4681 4682//4682 4683//4683
f 4684//4684 4685//4685 4686//4686
f 4687//4687 4688//4688 4689//4689
f 4690//4690 4691//4691 4692//4692
f 4693//4693 4694//4694 4695//4695
f 4696//4696 4697//4697 4698//4698
f 4699//4699 4700//4700 4701//4701
f 4702//4702 4703//4703 4704//4704
f 4705//4705 4706//4706 4707//4707
f 4708//4708 4709//4709 4710//4710
f 4711//4711 4712//4712 4713//4713
f 4714//4714 4715//4715 4716//4716
f 4717//4717 4718//4718 4719//4719
f 4720//4720 4721//4721 4722//4722
f 4723//4723 4724//4724 4725//4725
f 4726//4726 4727//4727 4728//4728
f 4729//4729 4730//4730 4731//4731
f 4732//4732 4733//4733 4734//4734
f 4735//4735 4736//4736 4737//4737
f 4738//4738 4739//4739 4740//4740
f 4741//4741 4742//4742 4743//4743
f 4744//4744 4745//4745 4746//4746
f 4747//4747 4748//4748 4749//4749
f 4750//4750 4751//4751 4752//4752
f 4753//4753 4754//4754 4755//4755
f 4756//4756 4757//4757 4758//4758
f 4759//4759 4760//4760 4761//4761
f 4762//4762 4763//4763 4764//4764
f 4765//4765 4766//4766 4767//4767
f 4768//4768 4769//4769 4770//4770
f 4771//4771 4772//4772 4773//4773
f 4774//4774 4775//4775 4776//4776
f 4777//4777 4778//4778 4779//4779
f 4780//4780 4781//4781 4782//4782
f 4783//4783 4784//4784 4785//4785
f 4786//4786 4787//4787 4788//4788
f 4789//4789 4787//4787 4790//4790
f 4791//4791 4792//4792 4789//4789
f 4793//4793 4790//4790 4794//4794
f 4795//4795 4793//4793 4794//4794
f 4796//4796 4791//4791 4797//4797
f 4796//4796 4797//4797 4798//4798
f 4795//4795 4799//4799 4800//4800
f 4795//4795 4801//4801 4799//4799
f 4802//4802 4803//4803 4804//4804
f 4805//4805 4806//4806 4807//4807
f 4808//4808 4809//4809 4810//4810
f 4811//4811 4812//4812 4813//4813
f 4814//4814 4815//4815 4816//4816
f 4817//4817 4818//4818 4819//4819
f 4820//4820 4821//4821 4822//4822
f 4823//4823 4824//4824 4825//4825
f 4826//4826 4827//4827 4828//4828
f 4829//4829 4830//4830 4831//4831
f 4832//4832 4833//4833 4834//4834
f 4835//4835 4836//4836 4837//4837
f 4838//4838 4839//4839 4840//4840
f 4839//4839 4841//4841 4842//4842
f 4843//4843 4844//4844 4845//4845
f 4846//4846 4847//4847 4844//4844
f 4848//4848 4849//4849 4850//4850
f 4851//4851 4852//4852 4853//4853
f 4854//4854 4855//4855 4856//4856
f 4857//4857 4858//4858 4859//4859
f 4860//4860 4861//4861 4862//4862
f 4863//4863 4864//4864 4865//4865
f 4866//4866 4867//4867 4868//4868
f 4869//4869 4870//4870 4871//4871
f 4872//4872 4873//4873 4874//4874
f 4875//4875 4876//4876 4873//4873
f 4877//4877 4878//4878 4879//4879
f 4880//4880 4881//4881 4882//4882
f 4883//4883 4884//4884 4885//4885
f 4886//4886 4887//4887 4888//4888
f 4889//4889 4890//4890 4891//4891
f 4892//4892 4893//4893 4894//4894
f 4895//4895 4896//4896 4897//4897
f 4898//4898 4899//4899 4900//4900
f 4901//4901 4902//4902 4903//4903
f 4904//4904 4905//4905 4906//4906
f 4907//4907 4908//4908 4909//4909
f 4910//4910 4911//4911 4912//4912
f 4913//4913 4914//4914 4915//4915
f 4916//4916 4917//4917 4918//4918
f 4919//4919 4920//4920 4921//4921
f 4922//4922 4923//4923 4924//4924
f 4925//4925 4926//4926 4927//4927
f 4928//4928 4929//4929 4930//4930
f 4931//4931 4932//4932 4933//4933
f 4934//4934 4935//4935 4936//4936
f 4937//4937 4938//4938 4939//4939
f 4940//4940 4941//4941 4942//4942
f 4943//4943 4944//4944 4945//4945
f 4946//4946 4947//4947 4948//4948
f 4949//4949 4950//4950 4951//4951
f 4952//4952 4953//4953 4954//4954
f 4955//4955 4956//4956 4957//4957
f 4958//4958 4959//4959 4960//4960
f 4961//4961 4962//4962 4963//4963
f 4964//4964 4965//4965 4966//4966
f 4967//4967 4968//4968 4969//4969
f 4970//4970 4971//4971 4972//4972
f 4973//4973 4974//4974 4975//4975
f 4976//4976 4977//4977 4978//4978
f 4979//4979 4980//4980 4981//4981
f 4982//4982 4983//4983 4984//4984
f 4985//4985 4986//4986 4987//4987
f 4988//4988 4989//4989 4990//4990
f 4991//4991 4992//4992 4993//4993
f 4994//4994 4995//4995 4996//4996
f 4997//4997 4998//4998 4999//4999
f 5000//5000 5001//5001 5002//5002
f 5003//5003 5004//5004 5005//5005
f 5006//5006 5007//5007 5008//5008
f 5009//5009 5010//5010 5011//5011
f 5012//5012 5013//5013 5014//5014
f 5015//5015 5016//5016 5017//5017
f 5018//5018 5019//5019 5020//5020
f 5021//5021 5022//5022 5023//5023
f 5024//5024 5025//5025 5026//5026
f 5027//5027 5028//5028 5029//5029
f 5030//5030 5028//5028 5031//5031
f 5032//5032 5033//5033 5030//5030
f 5034//5034 5031//5031 5035//5035
f 5032//5032 5034//5034 5035//5035
f 5036//5036 5032//5032 5037//5037
f 5036//5036 5037//5037 5038//5038
f 5036//5036 5039//5039 5040//5040
f 5039//5039 5041//5041 5042//5042
f 5039//5039 5043//5043 5041//5041
f 5044//5044 5045//5045 5046//5046
f 5047//5047 5048//5048 5049//5049
f 5050//5050 5051//5051 5052//5052
f 5053//5053 5054//5054 5055//5055
f 5056//5056 5057//5057 5058//5058
f 5059//5059 5060//5060 5061//5061
f 5062//5062 5063//5063 5064//5064
f 5065//5065 5066//5066 5067//5067
f 5068//5068 5069//5069 5070//5070
f 5071//5071 5072//5072 5073//5073
f 5074//5074 5075//5075 5076//5076
f 5077//5077 5078//5078 5079//5079
f 5080//5080 5081//5081 5082//5082
f 5081//5081 5083//5083 5084//5084
f 5085//5085 5086//5086 5087//5087
f 5088//5088 5089//5089 5086//5086
f 5090//5090 5091//5091 5092//5092
f 5093//5093 5094//5094 5095//5095
f 5096//5096 5097//5097 5098//5098
f 5099//5099 5100//5100 5101//5101
f 5102//5102 5103//5103 5104//5104
f 5105//5105 5106//5106 5107//5107
f 5108//5108 5109//5109 5110//5110
f 5111//5111 5112//5112 5113//5113
f 5114//5114 5115//5115 5116//5116
f 5117//5117 5118//5118 5119//5119
f 5120//5120 5121//5121 5122//5122
f 5123//5123 5124//5124 5125//5125
f 5126//5126 5127//5127 5128//5128
f 5129//5129 5130//5130 5131//5131
f 5132//5132 5133//5133 5134//5134
f 5135//5135 5136//5136 5137//5137
f 5138//5138 5139//5139 5140//5140
f 5141//5141 5142//5142 5143//5143
f 5144//5144 5145//5145 5146//5146
f 5147//5147 5148//5148 5149//5149
f 5150//5150 5151//5151 5152//5152
f 5153//5153 5154//5154 5155//5155
f 5156//5156 5157//5157 5158//5158
f 5159//5159 5160//5160 5161//5161
f 5162//5162 5163//5163 5164//5164
f 5165//5165 5166//5166 5167//5167
f 5168//5168 5169//5169 5170//5170
f 5171//5171 5172//5172 5173//5173
f 5174//5174 5175//5175 5176//5176
f 5177//5177 5178//5178 5179//5179
f 5180//5180 5181//5181 5182//5182
f 5183//5183 5184//5184 5185//5185
f 5186//5186 5187//5187 5188//5188
f 5189//5189 5190//5190 5191//5191
f 5192//5192 5193//5193 5194//5194
f 5195//5195 5196//5196 5197//5197
f 5198//5198 5199//5199 5200//5200
f 5201//5201 5202//5202 5203//5203
f 5204//5204 5205//5205 5206//5206
f 5207//5207 5208//5208 5209//5209
f 5210//5210 5211//5211 5212//5212
f 5213//5213 5214//5214 5215//5215
f 5216//5216 5217//5217 5218//5218
f 5219//5219 5220//5220 5221//5221
f 5222//5222 5223//5223 5224//5224
f 5225//5225 5226//5226 5227//5227
f 5228//5228 5229//5229 5230//5230
f 5231//5231 5232//5232 5233//5233
f 5234//5234 5235//5235 5236//5236
f 5237//5237 5238//5238 5239//5239
f 5240//5240 5241//5241 5242//5242
f 5243//5243 5244//5244 5245//5245
f 5246//5246 5247//5247 5248//5248
f 5249//5249 5250//5250 5251//5251
f 5252//5252 5253//5253 5254//5254
f 5255//5255 5256//5256 5257//5257
f 5258//5258 5259//5259 5260//5260
f 5261//5261 5262//5262 5263//5263
f 5264//5264 5265//5265 5266//5266
f 5267//5267 5268//5268 5269//5269
f 5270//5270 5271//5271 5272//5272
f 5273//5273 5274//5274 5275//5275
f 5276//5276 5277//5277 5278//5278
f 5279//5279 5280//5280 5281//5281
f 5282//5282 5283//5283 5284//5284
f 5285//5285 5286//5286 5287//5287
f 5288//5288 5289//5289 5290//5290
f 5291//5291 5292//5292 5293//5293
f 5294//5294 5295//5295 5296//5296
f 5297//5297 5298//5298 5299//5299
f 5300//5300 5301//5301 5302//5302
f 5303//5303 5304//5304 5305//5305
f 5306//5306 5307//5307 5308//5308
f 5309//5309 5310//5310 5311//5311
f 5312//5312 5313//5313 5314//5314
f 5313//5313 5315//5315 5316//5316
f 5317//5317 5318//5318 5319//5319
f 5320//5320 5321//5321 5318//5318
f 5322//5322 5323//5323 5324//5324
f 5325//5325 5326//5326 5327//5327
f 5328//5328 5329//5329 5330//5330
f 5331//5331 5332//5332 5333//5333
f 5334//5334 5335//5335 5336//5336
f 5337//5337 5338//5338 5339//5339
f 5340//5340 5341//5341 5342//5342
f 5343//5343 5344//5344 5345//5345
f 5346//5346 5347//5347 5348//5348
f 5349//5349 5350//5350 5347//5347
f 5351//5351 5352//5352 5353//5353
f 5354//5354 5355//5355 5356//5356
f 5357//5357 5358//5358 5359//5359
f 5360//5360 5361//5361 5362//5362
f 5363//5363 5364//5364 5365//5365
f 5366//5366 5367//5367 5368//5368
f 5369//5369 5370//5370 5371//5371
f 5372//5372 5373//5373 5374//5374
f 5375//5375 5376//5376 5377//5377
f 5378//5378 5379//5379 5380//5380
f 5381//5381 5382//5382 5383//5383
f 5384//5384 5385//5385 5386//5386
f 5387//5387 5388//5388 5389//5389
f 5390//5390 5391//5391 5392//5392
f 5393//5393 5394//5394 5395//5395
f 5396//5396 5397//5397 5398//5398
f 5399//5399 5400//5400 5401//5401
f 5402//5402 5403//5403 5404//5404
f 5405//5405 5406//5406 5407//5407
f 5408//5408 5409//5409 5410//5410
f 5411//5411 5412//5412 5413//5413
f 5414//5414 5415//5415 5416//5416
f 5417//5417 5418//5418 5419//5419
f 5420//5420 5421//5421 5422//5422
f 5423//5423 5424//5424 5425//5425
f 5426//5426 5427//5427 5428//5428
f 5429//5429 5430//5430 5431//5431
f 5432//5432 5433//5433 5434//5434
f 5435//5435 5436//5436 5437//5437
f 5438//5438 5439//5439 5440//5440
f 5441//5441 5442//5442 5443//5443
f 5444//5444 5445//5445 5446//5446
f 5447//5447 5448//5448 5449//5449
f 5450//5450 5451//5451 5452//5452
f 5453//5453 5454//5454 5455//5455
f 5456//5456 5457//5457 5458//5458
f 5459//5459 5460//5460 5461//5461
f 5462//5462 5463//5463 5464//5464
f 5465//5465 5466//5466 5467//5467
f 5468//5468 5469//5469 5470//5470
f 5471//5471 5472//5472 5473//5473
f 5474//5474 5475//5475 5476//5476
f 5477//5477 5478//5478 5479//5479
f 5480//5480 5481//5481 5482//5482
f 5483//5483 5484//5484 5485//5485
f 5486//5486 5487//5487 5488//5488
f 5489//5489 5490//5490 5491//5491
f 5492//5492 5493//5493 5494//5494
f 5495//5495 5496//5496 5497//5497
f 5498//5498 5499//5499 5500//5500
f 5501//5501 5502//5502 5503//5503
f 5504//5504 5505//5505 5506//5506
f 5507//5507 5508//5508 5509//5509
f 5510//5510 5511//5511 5512//5512
f 5513//5513 5514//5514 5515//5515
f 5516//5516 5517//5517 5518//5518
f 5519//5519 5520//5520 5521//5521
f 5522//5522 5523//5523 5524//5524
f 5525//5525 5526//5526 5527//5527
f 5528//5528 5529//5529 5530//5530
f 5531//5531 5532//5532 5533//5533
f 5534//5534 5535//5535 5536//5536
f 5537//5537 5538//5538 5539//5539
f 5540//5540 5541//5541 5542//5542
f 5541//5541 5543//5543 5544//5544
f 5545//5545 5546//5546 5547//5547
f 5548//5548 5549//5549 5546//5546
f 5550//5550 5551//5551 5552//5552
f 5553//5553 5554//5554 5555//5555
f 5556//5556 5557//5557 5558//5558
f 5559//5559 5560//5560 5561//5561
f 5562//5562 5563//5563 5564//5564
f 5565//5565 5566//5566 5567//5567
f 5568//5568 5569//5569 5570//5570
f 5571//5571 5572//5572 5573//5573
f 5574//5574 5575//5575 5576//5576
f 5577//5577 5578//5578 5579//5579
f 5580//5580 5581//5581 5582//5582
f 5583//5583 5584//5584 5585//5585
f 5586//5586 5587//5587 5588//5588
f 5589//5589 5590//5590 5591//5591
f 5592//5592 5593//5593 5594//5594
f 5595//5595 5596//5596 5597//5597
f 5598//5598 5599//5599 5600//5600
f 5601//5601 5602//5602 5603//5603
f 5604//5604 5605//5605 5606//5606
f 5607//5607 5608//5608 5609//5609
f 5610//5610 5611//5611 5612//5612
f 5613//5613 5614//5614 5615//5615
f 5616//5616 5617//5617 5618//5618
f 5619//5619 5620//5620 5621//5621
f 5622//5622 5623//5623 5624//5624
f 5625//5625 5626//5626 5627//5627
f 5628//5628 5629//5629 5630//5630
f 5631//5631 5632//5632 5633//5633
f 5634//5634 5635//5635 5636//5636
f 5637//5637 5638//5638 5639//5639
f 5640//5640 5641//5641 5642//5642
f 5643//5643 5644//5644 5645//5645
f 5646//5646 5647//5647 5648//5648
f 5649//5649 5650//5650 5651//5651
f 5652//5652 5653//5653 5654//5654
f 5655//5655 5656//5656 5657//5657
f 5658//5658 5659//5659 5660//5660
f 5661//5661 5662//5662 5663//5663
f 5664//5664 5665//5665 5666//5666
f 5667//5667 5668//5668 5669//5669
f 5670//5670 5671//5671 5672//5672
f 5673//5673 5674//5674 5675//5675
f 5676//5676 5677//5677 5678//5678
f 5679//5679 5680//5680 5681//5681
f 5682//5682 5683//5683 5684//5684
f 5685//5685 5686//5686 5687//5687
f 5688//5688 5689//5689 5690//5690
f 5691//5691 5692//5692 5693//5693
f 5694//5694 5695//5695 5696//5696
f 5697//5697 5698//5698 5699//5699
f 5700//5700 5701//5701 5702//5702
f 5703//5703 5704//5704 5705//5705
f 5706//5706 5707//5707 5708//5708
f 5709//5709 5710//5710 5711//5711
f 5712//5712 5713//5713 5714//5714
f 5715//5715 5716//5716 5717//5717
f 5718//5718 5719//5719 5720//5720
f 5721//5721 5722//5722 5723//5723
f 5724//5724 5725//5725 5726//5726
f 5727//5727 5728//5728 5729//5729
f 5730//5730 5731//5731 5732//5732
f 5733//5733 5734//5734 5735//5735
f 5736//5736 5733//5733 5737//5737
f 5738//5738 5737//5737 5739//5739
f 5740//5740 5738//5738 5739//5739
f 5740//5740 5741//5741 5738//5738
f 5739//5739 5742//5742 5740//5740
f 5742//5742 5743//5743 5740//5740
f 5744//5744 5745//5745 5746//5746
f 5747//5747 5745//5745 5748//5748
f 5749//5749 5750//5750 5747//5747
f 5751//5751 5748//5748 5752//5752
f 5753//5753 5751//5751 5752//5752
f 5754//5754 5749//5749 5755//5755
f 5754//5754 5755//5755 5756//5756
f 5753//5753 5757//5757 5758//5758
f 5753//5753 5759//5759 5757//5757
f 5760//5760 5761//5761 5762//5762
f 5763//5763 5764//5764 5765//5765
f 5766//5766 5767//5767 5768//5768
f 5769//5769 5770//5770 5771//5771
f 5772//5772 5773//5773 5774//5774
f 5775//5775 5776//5776 5777//5777
f 5778//5778 5779//5779 5780//5780
f 5781//5781 5782//5782 5783//5783
f 5784//5784 5785//5785 5786//5786
f 5787//5787 5788//5788 5789//5789
f 5790//5790 5791//5791 5792//5792
f 5793//5793 5794//5794 5795//5795
f 5796//5796 5797//5797 5798//5798
f 5797//5797 5799//5799 5800//5800
f 5801//5801 5802//5802 5803//5803
f 5804//5804 5805//5805 5802//5802
f 5806//5806 5807//5807 5808//5808
f 5809//5809 5810//5810 5811//5811
f 5812//5812 5813//5813 5814//5814
f 5815//5815 5816//5816 5817//5817
f 5818//5818 5819//5819 5820//5820
f 5821//5821 5822//5822 5823//5823
f 5824//5824 5825//5825 5826//5826
f 5827//5827 5828//5828 5829//5829
f 5830//5830 5831//5831 5832//5832
f 5833//5833 5834//5834 5835//5835
f 5836//5836 5837//5837 5838//5838
f 5839//5839 5840//5840 5841//5841
f 5842//5842 5843//5843 5844//5844
f 5845//5845 5846//5846 5847//5847
f 5848//5848 5849//5849 5850//5850
f 5851//5851 5852//5852 5853//5853
f 5854//5854 5855//5855 5856//5856
f 5857//5857 5858//5858 5859//5859
f 5860//5860 5861//5861 5862//5862
f 5863//5863 5864//5864 5865//5865
f 5866//5866 5867//5867 5868//5868
f 5869//5869 5870//5870 5871//5871
f 5872//5872 5873//5873 5874//5874
f 5875//5875 5876//5876 5877//5877
f 5878//5878 5879//5879 5880//5880
f 5881//5881 5882//5882 5883//5883
f 5884//5884 5885//5885 5886//5886
f 5887//5887 5888//5888 5889//5889
f 5890//5890 5891//5891 5892//5892
f 5893//5893 5894//5894 5895//5895
f 5896//5896 5897//5897 5898//5898
f 5899//5899 5900//5900 5901//5901
f 5902//5902 5903//5903 5904//5904
f 5905//5905 5906//5906 5907//5907
f 5908//5908 5909//5909 5910//5910
f 5911//5911 5912//5912 5913//5913
f 5914//5914 5915//5915 5916//5916
f 5917//5917 5918//5918 5919//5919
f 5920//5920 5921//5921 5922//5922
f 5923//5923 5924//5924 5925//5925
f 5926//5926 5927//5927 5928//5928
f 5929//5929 5930//5930 5931//5931
f 5932//5932 5933//5933 5934//5934
f 5935//5935 5936//5936 5937//5937
f 5938//5938 5939//5939 5940//5940
f 5941//5941 5942//5942 5943//5943
f 5944//5944 5945//5945 5946//5946
f 5947//5947 5948//5948 5949//5949
f 5950//5950 5951//5951 5952//5952
f 5953//5953 5954//5954 5955//5955
f 5956//5956 5957//5957 5958//5958
f 5959//5959 5960//5960 5961//5961
f 5962//5962 5963//5963 5964//5964
f 5965//5965 5966//5966 5967//5967
f 5968//5968 5969//5969 5970//5970
f 5971//5971 5972//5972 5973//5973
f 5974//5974 5975//5975 5976//5976
f 5977//5977 5978//5978 5979//5979
f 5980//5980 5981//5981 5982//5982
f 5983//5983 5984//5984 5985//5985
f 5986//5986 5987//5987 5988//5988
f 5989//5989 5990//5990 5991//5991
f 5992//5992 5989//5989 5993//5993
f 5994//5994 5993//5993 5995//5995
f 5996//5996 5994//5994 5995//5995
f 5996//5996 5997//5997 5994//5994
f 5995//5995 5998//5998 5996//5996
f 5996//5996 5998//5998 5999//5999
f 6000//6000 6001//6001 6002//6002
f 6003//6003 6001//6001 6004//6004
f 6005//6005 6006//6006 6003//6003
f 6007//6007 6004//6004 6008//6008
f 6009//6009 6007//6007 6008//6008
f 6010//6010 6005//6005 6011//6011
f 6010//6010 6011//6011 6012//6012
f 6009//6009 6013//6013 6014//6014
f 6009//6009 6015//6015 6013//6013
f 6016//6016 6017//6017 6018//6018
f 6019//6019 6020//6020 6021//6021
f 6022//6022 6023//6023 6024//6024
f 6025//6025 6026//6026 6027//6027
f 6028//6028 6029//6029 6030//6030
f 6031//6031 6032//6032 6033//6033
f 6034//6034 6035//6035 6036//6036
f 6037//6037 6038//6038 6039//6039
f 6040//6040 6041//6041 6042//6042
f 6043//6043 6044//6044 6045//6045
f 6046//6046 6047//6047 6048//6048
f 6049//6049 6050//6050 6051//6051
f 6052//6052 6053//6053 6054//6054
f 6053//6053 6055//6055 6056//6056
f 6057//6057 6058//6058 6059//6059
f 6060//6060 6061//6061 6058//6058
f 6062//6062 6063//6063 6064//6064
f 6065//6065 6066//6066 6067//6067
f 6068//6068 6069//6069 6070//6070
f 6071//6071 6072//6072 6073//6073
f 6074//6074 6075//6075 6076//6076
f 6077//6077 6078//6078 6079//6079
f 6080//6080 6081//6081 6082//6082
f 6083//6083 6084//6084 6085//6085
f 6086//6086 6087//6087 6088//6088
f 6089//6089 6090//6090 6087//6087
f 6091//6091 6092//6092 6093//6093
f 6094//6094 6095//6095 6096//6096
f 6097//6097 6098//6098 6099//6099
f 6100//6100 6101//6101 6102//6102
f 6103//6103 6104//6104 6105//6105
f 6106//6106 6107//6107 6108//6108
f 6109//6109 6110//6110 6111//6111
f 6112//6112 6113//6113 6114//6114
f 6115//6115 6116//6116 6117//6117
f 6118//6118 6119//6119 6120//6120
f 6121//6121 6122//6122 6123//6123
f 6124//6124 6125//6125 6126//6126
f 6127//6127 6128//6128 6129//6129
f 6130//6130 6131//6131 6132//6132
f 6133//6133 6134//6134 6135//6135
f 6136//6136 6137//6137 6138//6138
f 6139//6139 6140//6140 6141//6141
f 6142//6142 6143//6143 6144//6144
f 6145//6145 6146//6146 6147//6147
f 6148//6148 6149//6149 6150//6150
f 6151//6151 6152//6152 6153//6153
f 6154//6154 6155//6155 6156//6156
f 6157//6157 6158//6158 6159//6159
f 6160//6160 6161//6161 6162//6162
f 6163//6163 6164//6164 6165//6165
f 6166//6166 6167//6167 6168//6168
f 6169//6169 6170//6170 6171//6171
f 6172//6172 6173//6173 6174//6174
f 6175//6175 6176//6176 6177//6177
f 6178//6178 6179//6179 6180//6180
f 6181//6181 6182//6182 6183//6183
f 6184//6184 6185//6185 6186//6186
f 6187//6187 6188//6188 6189//6189
f 6190//6190 6191//6191 6192//6192
f 6193//6193 6194//6194 6195//6195
f 6196//6196 6197//6197 6198//6198
f 6199//6199 6200//6200 6201//6201
f 6202//6202 6203//6203 6204//6204
f 6205//6205 6206//6206 6207//6207
f 6208//6208 6209//6209 6210//6210
f 6211//6211 6212//6212 6213//6213
f 6214//6214 6215//6215 6216//6216
f 6217//6217 6218//6218 6219//6219
f 6220//6220 6221//6221 6222//6222
f 6223//6223 6224//6224 6225//6225
f 6226//6226 6227//6227 6228//6228
f 6229//6229 6230//6230 6231//6231
f 6232//6232 6233//6233 6234//6234
f 6235//6235 6236//6236 6237//6237
f 6238//6238 6239//6239 6240//6240
f 6241//6241 6242//6242 6243//6243
f 6244//6244 6241//6241 6245//6245
f 6246//6246 6245//6245 6247//6247
f 6248//6248 6246//6246 6247//6247
f 6248//6248 6249//6249 6246//6246
f 6247//6247 6250//6250 6248//6248
f 6250//6250 6251//6251 6248//6248
f 6252//6252 6253//6253 6254//6254
f 6255//6255 6253//6253 6256//6256
f 6257//6257 6258//6258 6255//6255
f 6259//6259 6256//6256 6260//6260
f 6261//6261 6259//6259 6260//6260
f 6262//6262 6257//6257 6263//6263
f 6262//6262 6263//6263 6264//6264
f 6261//6261 6265//6265 6266//6266
f 6261//6261 6267//6267 6265//6265
f 6268//6268 6269//6269 6270//6270
f 6271//6271 6272//6272 6273//6273
f 6274//6274 6275//6275 6276//6276
f 6277//6277 6278//6278 6279//6279
f 6280//6280 6281//6281 6282//6282
f 6283//6283 6284//6284 6285//6285
f 6286//6286 6287//6287 6288//6288
f 6289//6289 6290//6290 6291//6291
f 6292//6292 6293//6293 6294//6294
f 6295//6295 6296//6296 6297//6297
f 6298//6298 6299//6299 6300//6300
f 6301//6301 6302//6302 6303//6303
f 6304//6304 6305//6305 6306//6306
f 6305//6305 6307//6307 6308//6308
f 6309//6309 6310//6310 6311//6311
f 6312//6312 6313//6313 6310//6310
f 6314//6314 6315//6315 6316//6316
f 6317//6317 6318//6318 6319//6319
f 6320//6320 6321//6321 6322//6322
f 6323//6323 6324//6324 6325//6325
f 6326//6326 6327//6327 6328//6328
f 6329//6329 6330//6330 6331//6331
f 6332//6332 6333//6333 6334//6334
f 6335//6335 6336//6336 6337//6337
f 6338//6338 6339//6339 6340//6340
f 6341//6341 6342//6342 6343//6343
f 6344//6344 6345//6345 6346//6346
f 6347//6347 6348//6348 6349//6349
f 6350//6350 6351//6351 6352//6352
f 6353//6353 6354//6354 6355//6355
f 6356//6356 6357//6357 6358//6358
f 6359//6359 6360//6360 6361//6361
f 6362//6362 6363//6363 6364//6364
f 6365//6365 6366//6366 6367//6367
f 6368//6368 6369//6369 6370//6370
f 6371//6371 6372//6372 6373//6373
f 6374//6374 6375//6375 6376//6376
f 6377//6377 6378//6378 6379//6379
f 6380//6380 6381//6381 6382//6382
f 6383//6383 6384//6384 6385//6385
f 6386//6386 6387//6387 6388//6388
f 6389//6389 6390//6390 6391//6391
f 6392//6392 6393//6393 6394//6394
f 6395//6395 6396//6396 6397//6397
f 6398//6398 6399//6399 6400//6400
f 6401//6401 6402//6402 6403//6403
f 6404//6404 6405//6405 6406//6406
f 6407//6407 6408//6408 6409//6409
f 6410//6410 6411//6411 6412//6412
f 6413//6413 6414//6414 6415//6415
f 6416//6416 6417//6417 6418//6418
f 6419//6419 6420//6420 6421//6421
f 6422//6422 6423//6423 6424//6424
f 6425//6425 6426//6426 6427//6427
f 6428//6428 6429//6429 6430//6430
f 6431//6431 6432//6432 6433//6433
f 6434//6434 6435//6435 6436//6436
f 6437//6437 6438//6438 6439//6439
f 6440//6440 6441//6441 6442//6442
f 6443//6443 6444//6444 6445//6445
f 6446//6446 6447//6447 6448//6448
f 6449//6449 6450//6450 6451//6451
f 6452//6452 6453//6453 6454//6454
f 6455//6455 6456//6456 6457//6457
f 6458//6458 6459//6459 6460//6460
f 6461//6461 6462//6462 6463//6463
f 6464//6464 6465//6465 6466//6466
f 6467//6467 6468//6468 6469//6469
f 6470//6470 6471//6471 6472//6472
f 6473//6473 6474//6474 6475//6475
f 6476//6476 6477//6477 6478//6478
f 6479//6479 6480//6480 6481//6481
f 6482//6482 6483//6483 6484//6484
f 6485//6485 6486//6486 6487//6487
f 6488//6488 6489//6489 6490//6490
f 6491//6491 6492//6492 6493//6493
f 6494//6494 6495//6495 6496//6496
f 6497//6497 6498//6498 6499//6499
f 6500//6500 6497//6497 6501//6501
f 6502//6502 6501//6501 6503//6503
f 6504//6504 6502//6502 6503//6503
f 6504//6504 6505//6505 6502//6502
f 6503//6503 6506//6506 6504//6504
f 6506//6506 6507//6507 6504//6504
f 6508//6508 6509//6509 6510//6510
f 6511//6511 6509//6509 6512//6512
f 6513//6513 6514//6514 6511//6511
f 6515//6515 6512//6512 6516//6516
f 6517//6517 6515//6515 6516//6516
f 6518//6518 6513//6513 6519//6519
f 6518//6518 6519//6519 6520//6520
f 6517//6517 6521//6521 6522//6522
f 6517//6517 6523//6523 6521//6521
f 6524//6524 6525//6525 6526//6526
f 6527//6527 6528//6528 6529//6529
f 6530//6530 6531//6531 6532//6532
f 6533//6533 6534//6534 6535//6535
f 6536//6536 6537//6537 6538//6538
f 6539//6539 6540//6540 6541//6541
f 6542//6542 6543//6543 6544//6544
f 6545//6545 6546//6546 6547//6547
f 6548//6548 6549//6549 6550//6550
f 6551//6551 6552//6552 6553//6553
f 6554//6554 6555//6555 6556//6556
f 6557//6557 6558//6558 6559//6559
f 6560//6560 6561//6561 6562//6562
f 6561//6561 6563//6563 6564//6564
f 6565//6565 6566//6566 6567//6567
f 6568//6568 6569//6569 6566//6566
f 6570//6570 6571//6571 6572//6572
f 6573//6573 6574//6574 6575//6575
f 6576//6576 6577//6577 6578//6578
f 6576//6576 6578//6578 6579//6579
f 6580//6580 6581//6581 6582//6582
f 6580//6580 6583//6583 6581//6581
f 6584//6584 6585//6585 6586//6586
f 6585//6585 6587//6587 6586//6586
f 6585//6585 6588//6588 6587//6587
f 6589//6589 6590//6590 6591//6591
f 6589//6589 6592//6592 6590//6590
f 6593//6593 6594//6594 6595//6595
f 6593//6593 6596//6596 6594//6594
f 6597//6597 6598//6598 6599//6599
f 6600//6600 6597//6597 6599//6599
f 6601//6601 6602//6602 6603//6603
f 6602//6602 6604//6604 6603//6603
f 6605//6605 6606//6606 6607//6607
f 6607//6607 6608//6608 6605//6605
f 6609//6609 6610//6610 6611//6611
f 6609//6609 6612//6612 6610//6610
f 6613//6613 6614//6614 6615//6615
f 6616//6616 6613//6613 6615//6615
f 6615//6615 6617//6617 6616//6616
f 6615//6615 6618//6618 6617//6617
f 6617//6617 6619//6619 6616//6616
f 6620//6620 6621//6621 6622//6622
f 6620//6620 6623//6623 6621//6621
f 6624//6624 6625//6625 6626//6626
f 6624//6624 6627//6627 6625//6625
f 6627//6627 6624//6624 6628//6628
f 6629//6629 6630//6630 6631//6631
f 6629//6629 6631//6631 6632//6632
f 6633//6633 6634//6634 6635//6635
f 6633//6633 6636//6636 6634//6634
f 6637//6637 6638//6638 6639//6639
f 6638//6638 6640//6640 6639//6639
f 6638//6638 6641//6641 6640//6640
f 6642//6642 6643//6643 6644//6644
f 6642//6642 6645//6645 6643//6643
f 6646//6646 6647//6647 6648//6648
f 6646//6646 6649//6649 6647//6647
f 6650//6650 6651//6651 6652//6652
f 6653//6653 6650//6650 6652//6652
f 6654//6654 6655//6655 6656//6656
f 6655//6655 6657//6657 6656//6656
f 6658//6658 6659//6659 6660//6660
f 6660//6660 6661//6661 6658//6658
f 6662//6662 6663//6663 6664//6664
f 6662//6662 6665//6665 6663//6663
f 6666//6666 6667//6667 6668//6668
f 6669//6669 6666//6666 6668//6668
f 6668//6668 6670//6670 6669//6669
f 6668//6668 6671//6671 6670//6670
f 6670//6670 6672//6672 6669//6669
f 6673//6673 6674//6674 6675//6675
f 6673//6673 6676//6676 6674//6674
f 6677//6677 6678//6678 6679//6679
f 6677//6677 6680//6680 6678//6678
f 6681//6681 6682//6682 6683//6683
f 6681//6681 6683//6683 6684//6684
f 6685//6685 6686//6686 6687//6687
f 6685//6685 6688//6688 6686//6686
f 6689//6689 6690//6690 6691//6691
f 6689//6689 6692//6692 6690//6690
f 6692//6692 6693//6693 6694//6694
f 6693//6693 6695//6695 6694//6694
f 6696//6696 6697//6697 6695//6695
f 6696//6696 6698//6698 6697//6697
f 6699//6699 6700//6700 6701//6701
f 6702//6702 6699//6699 6701//6701
f 6703//6703 6704//6704 6705//6705
f 6704//6704 6706//6706 6705//6705
f 6707//6707 6708//6708 6709//6709
f 6710//6710 6707//6707 6709//6709
f 6709//6709 6711//6711 6710//6710
f 6712//6712 6713//6713 6714//6714
f 6712//6712 6715//6715 6713//6713
f 6716//6716 6717//6717 6718//6718
f 6719//6719 6716//6716 6718//6718
f 6718//6718 6720//6720 6719//6719
f 6718//6718 6721//6721 6720//6720
f 6720//6720 6722//6722 6719//6719
f 6723//6723 6724//6724 6725//6725
f 6723//6723 6726//6726 6724//6724
f 6727//6727 6728//6728 6729//6729
f 6727//6727 6730//6730 6728//6728
f 6730//6730 6727//6727 6731//6731
f 6732//6732 6733//6733 6734//6734
f 6732//6732 6735//6735 6733//6733
f 6736//6736 6737//6737 6738//6738
f 6736//6736 6739//6739 6737//6737
f 6740//6740 6741//6741 6742//6742
f 6743//6743 6740//6740 6742//6742
f 6743//6743 6744//6744 6740//6740
f 6745//6745 6746//6746 6747//6747
f 6745//6745 6747//6747 6748//6748
f 6749//6749 6750//6750 6751//6751
f 6749//6749 6752//6752 6750//6750
f 6753//6753 6754//6754 6755//6755
f 6754//6754 6756//6756 6755//6755
f 6754//6754 6757//6757 6756//6756
f 6758//6758 6759//6759 6760//6760
f 6758//6758 6761//6761 6759//6759
f 6762//6762 6763//6763 6764//6764
f 6762//6762 6765//6765 6763//6763
f 6766//6766 6767//6767 6768//6768
f 6769//6769 6766//6766 6768//6768
f 6770//6770 6771//6771 6772//6772
f 6771//6771 6773//6773 6772//6772
f 6774//6774 6775//6775 6776//6776
f 6777//6777 6774//6774 6776//6776
f 6776//6776 6778//6778 6777//6777
f 6779//6779 6780//6780 6781//6781
f 6779//6779 6782//6782 6780//6780
f 6783//6783 6784//6784 6785//6785
f 6786//6786 6783//6783 6785//6785
f 6786//6786 6787//6787 6783//6783
f 6785//6785 6788//6788 6786//6786
f 6786//6786 6788//6788 6789//6789
f 6790//6790 6791//6791 6792//6792
f 6790//6790 6793//6793 6791//6791
f 6794//6794 6795//6795 6796//6796
f 6794//6794 6797//6797 6795//6795
f 6797//6797 6794//6794 6798//6798
f 6799//6799 6800//6800 6801//6801
f 6799//6799 6802//6802 6800//6800
f 6803//6803 6804//6804 6805//6805
f 6803//6803 6806//6806 6804//6804
f 6807//6807 6808//6808 6809//6809
f 6810//6810 6807//6807 6809//6809
f 6810//6810 6811//6811 6807//6807
f 6812//6812 6813//6813 6814//6814
f 6812//6812 6814//6814 6815//6815
f 6816//6816 6817//6817 6818//6818
f 6816//6816 6819//6819 6817//6817
f 6820//6820 6821//6821 6822//6822
f 6820//6820 6823//6823 6821//6821
f 6823//6823 6824//6824 6825//6825
f 6824//6824 6826//6826 6825//6825
f 6827//6827 6828//6828 6826//6826
f 6827//6827 6829//6829 6828//6828
f 6830//6830 6831//6831 6832//6832
f 6833//6833 6830//6830 6832//6832
f 6834//6834 6835//6835 6836//6836
f 6835//6835 6837//6837 6836//6836
f 6838//6838 6839//6839 6840//6840
f 6840//6840 6841//6841 6838//6838
f 6842//6842 6843//6843 6844//6844
f 6842//6842 6845//6845 6843//6843
f 6846//6846 6847//6847 6848//6848
f 6846//6846 6849//6849 6847//6847
f 6849//6849 6846//6846 6850//6850
f 6851//6851 6852//6852 6853//6853
f 6851//6851 6853//6853 6854//6854
f 6855//6855 6856//6856 6857//6857
f 6855//6855 6858//6858 6856//6856
f 6859//6859 6860//6860 6861//6861
f 6859//6859 6862//6862 6860//6860
f 6862//6862 6863//6863 6864//6864
f 6863//6863 6865//6865 6864//6864
f 6866//6866 6867//6867 6865//6865
f 6866//6866 6868//6868 6867//6867
f 6869//6869 6870//6870 6871//6871
f 6872//6872 6869//6869 6871//6871
f 6873//6873 6874//6874 6875//6875
f 6874//6874 6876//6876 6875//6875
f 6877//6877 6878//6878 6879//6879
f 6879//6879 6880//6880 6877//6877
f 6881//6881 6882//6882 6883//6883
f 6881//6881 6884//6884 6882//6882
f 6885//6885 6886//6886 6887//6887
f 6885//6885 6888//6888 6886//6886
f 6888//6888 6885//6885 6889//6889
f 6890//6890 6891//6891 6892//6892
f 6890//6890 6892//6892 6893//6893
f 6894//6894 6895//6895 6896//6896
f 6894//6894 6897//6897 6895//6895
f 6898//6898 6899//6899 6900//6900
f 6899//6899 6901//6901 6900//6900
f 6899//6899 6902//6902 6901//6901
f 6903//6903 6904//6904 6905//6905
f 6903//6903 6906//6906 6904//6904
f 6907//6907 6908//6908 6909//6909
f 6907//6907 6910//6910 6908//6908
f 6911//6911 6912//6912 6913//6913
f 6914//6914 6911//6911 6913//6913
f 6915//6915 6916//6916 6917//6917
f 6916//6916 6918//6918 6917//6917
f 6919//6919 6920//6920 6921//6921
f 6921//6921 6922//6922 6919//6919
f 6923//6923 6924//6924 6925//6925
f 6923//6923 6926//6926 6924//6924
f 6927//6927 6928//6928 6929//6929
f 6927//6927 6930//6930 6928//6928
f 6930//6930 6927//6927 6931//6931
f 6932//6932 6933//6933 6934//6934
f 6932//6932 6934//6934 6935//6935
f 6936//6936 6937//6937 6938//6938
f 6936//6936 6939//6939 6937//6937
f 6940//6940 6941//6941 6942//6942
f 6940//6940 6943//6943 6941//6941
f 6943//6943 6944//6944 6945//6945
f 6944//6944 6946//6946 6945//6945
f 6947//6947 6948//6948 6946//6946
f 6947//6947 6949//6949 6948//6948
f 6950//6950 6951//6951 6952//6952
f 6953//6953 6950//6950 6952//6952
f 6954//6954 6955//6955 6956//6956
f 6955//6955 6957//6957 6956//6956
f 6958//6958 6959//6959 6960//6960
f 6960//6960 6961//6961 6958//6958
f 6962//6962 6963//6963 6964//6964
f 6962//6962 6965//6965 6963//6963
f 6966//6966 6967//6967 6968//6968
f 6966//6966 6969//6969 6967//6967
f 6969//6969 6966//6966 6970//6970
f 6971//6971 6972//6972 6973//6973
f 6974//6974 6975//6975 6976//6976
f 6977//6977 6978//6978 6979//6979
f 6980//6980 6981//6981 6982//6982
f 6983//6983 6984//6984 6985//6985
f 6986//6986 6987//6987 6988//6988
f 6989//6989 6990//6990 6991//6991
f 6992//6992 6993//6993 6994//6994
f 6995//6995 6996//6996 6997//6997
f 6998//6998 6999//6999 7000//7000
f 7001//7001 7002//7002 7003//7003
f 7004//7004 7005//7005 7006//7006
f 7007//7007 7008//7008 7009//7009
f 7010//7010 7011//7011 7012//7012
f 7013//7013 7014//7014 7015//7015
f 7016//7016 7017//7017 7018//7018
f 7019//7019 7020//7020 7021//7021
f 7022//7022 7023//7023 7024//7024
f 7025//7025 7026//7026 7027//7027
f 7028//7028 7029//7029 7030//7030
f 7031//7031 7032//7032 7033//7033
f 7034//7034 7035//7035 7036//7036
f 7037//7037 7038//7038 7039//7039
f 7040//7040 7041//7041 7042//7042
f 7043//7043 7044//7044 7045//7045
f 7046//7046 7047//7047 7048//7048
f 7049//7049 7050//7050 7051//7051
f 7052//7052 7053//7053 7054//7054
f 7055//7055 7056//7056 7057//7057
f 7058//7058 7059//7059 7060//7060
f 7061//7061 7062//7062 7063//7063
f 7064//7064 7065//7065 7066//7066
f 7067//7067 7068//7068 7069//7069
f 7070//7070 7071//7071 7072//7072
f 7073//7073 7074//7074 7075//7075
f 7076//7076 7077//7077 7078//7078
f 7079//7079 7080//7080 7081//7081
f 7082//7082 7083//7083 7084//7084
f 7085//7085 7086//7086 7087//7087
f 7088//7088 7089//7089 7090//7090
f 7091//7091 7092//7092 7093//7093
f 7094//7094 7095//7095 7096//7096
f 7097//7097 7098//7098 7099//7099
f 7100//7100 7101//7101 7102//7102
f 7103//7103 7104//7104 7105//7105
f 7106//7106 7107//7107 7108//7108
f 7109//7109 7110//7110 7111//7111
f 7112//7112 7113//7113 7114//7114
f 7115//7115 7116//7116 7117//7117
f 7118//7118 7119//7119 7120//7120
f 7121//7121 7122//7122 7123//7123
f 7124//7124 7125//7125 7126//7126
f 7127//7127 7128//7128 7129//7129
f 7130//7130 7131//7131 7132//7132
f 7133//7133 7134//7134 7135//7135
f 7136//7136 7137//7137 7138//7138
f 7139//7139 7140//7140 7141//7141
f 7142//7142 7143//7143 7144//7144
f 7145//7145 7146//7146 7147//7147
f 7148//7148 7149//7149 7150//7150
f 7151//7151 7152//7152 7153//7153
f 7154//7154 7155//7155 7156//7156
f 7157//7157 7158//7158 7159//7159
f 7160//7160 7161//7161 7162//7162
f 7163//7163 7164//7164 7165//7165
f 7166//7166 7167//7167 7168//7168
f 7169//7169 7170//7170 7171//7171
f 7172//7172 7173//7173 7174//7174
f 7175//7175 7176//7176 7177//7177
f 7178//7178 7179//7179 7180//7180
f 7181//7181 7182//7182 7183//7183
f 7184//7184 7185//7185 7186//7186
f 7187//7187 7188//7188 7189//7189
f 7190//7190 7191//7191 7192//7192
f 7193//7193 7194//7194 7195//7195
f 7196//7196 7197//7197 7198//7198
f 7199//7199 7200//7200 7201//7201
f 7202//7202 7203//7203 7204//7204
f 7205//7205 7206//7206 7207//7207
f 7208//7208 7209//7209 7210//7210
f 7211//7211 7212//7212 7213//7213
f 7214//7214 7215//7215 7216//7216
f 7217//7217 7218//7218 7219//7219
f 7220//7220 7221//7221 7222//7222
f 7223//7223 7224//7224 7220//7220
f 7225//7225 7223//7223 7220//7220
f 7226//7226 7227//7227 7224//7224
f 7225//7225 7228//7228 7229//7229
f 7228//7228 7225//7225 7230//7230
f 7231//7231 7232//7232 7233//7233
f 7234//7234 7235//7235 7236//7236
f 7237//7237 7238//7238 7239//7239
f 7240//7240 7237//7237 7241//7241
f 7237//7237 7242//7242 7241//7241
f 7243//7243 7244//7244 7242//7242
f 7243//7243 7245//7245 7244//7244
f 7243//7243 7246//7246 7247//7247
f 7248//7248 7249//7249 7250//7250
f 7251//7251 7252//7252 7253//7253
f 7254//7254 7255//7255 7256//7256
f 7257//7257 7258//7258 7259//7259
f 7260//7260 7261//7261 7262//7262
f 7263//7263 7264//7264 7265//7265
f 7266//7266 7267//7267 7268//7268
f 7269//7269 7270//7270 7271//7271
f 7272//7272 7273//7273 7274//7274
f 7275//7275 7276//7276 7277//7277
f 7278//7278 7279//7279 7280//7280
f 7281//7281 7282//7282 7283//7283
f 7284//7284 7285//7285 7286//7286
f 7287//7287 7288//7288 7289//7289
f 7290//7290 7291//7291 7292//7292
f 7293//7293 7294//7294 7295//7295
f 7296//7296 7297//7297 7298//7298
f 7299//7299 7300//7300 7301//7301
f 7302//7302 7303//7303 7304//7304
f 7305//7305 7306//7306 7307//7307
f 7308//7308 7309//7309 7310//7310
f 7311//7311 7312//7312 7313//7313
f 7314//7314 7315//7315 7316//7316
f 7317//7317 7318//7318 7319//7319
f 7320//7320 7321//7321 7322//7322
f 7323//7323 7324//7324 7325//7325
f 7326//7326 7327//7327 7328//7328
f 7329//7329 7330//7330 7331//7331
f 7332//7332 7333//7333 7334//7334
f 7335//7335 7336//7336 7337//7337
f 7338//7338 7339//7339 7340//7340
f 7341//7341 7342//7342 7343//7343
f 7344//7344 7345//7345 7346//7346
f 7347//7347 7348//7348 7349//7349
f 7350//7350 7351//7351 7352//7352
f 7353//7353 7354//7354 7355//7355
f 7356//7356 7357//7357 7358//7358
f 7359//7359 7360//7360 7361//7361
f 7362//7362 7363//7363 7364//7364
f 7365//7365 7366//7366 7367//7367
f 7368//7368 7369//7369 7370//7370
f 7371//7371 7372//7372 7373//7373
f 7374//7374 7375//7375 7376//7376
f 7377//7377 7378//7378 7379//7379
f 7380//7380 7381//7381 7382//7382
f 7383//7383 7384//7384 7385//7385
f 7386//7386 7387//7387 7388//7388
f 7389//7389 7390//7390 7391//7391
f 7392//7392 7393//7393 7394//7394
f 7395//7395 7396//7396 7397//7397
f 7398//7398 7399//7399 7400//7400
f 7401//7401 7402//7402 7403//7403
f 7402//7402 7404//7404 7403//7403
f 7405//7405 7406//7406 7407//7407
f 7405//7405 7407//7407 7408//7408
f 7407//7407 7409//7409 7408//7408
f 7409//7409 7410//7410 7408//7408
f 7410//7410 7411//7411 7408//7408
f 7410//7410 7412//7412 7411//7411
f 7413//7413 7414//7414 7415//7415
f 7414//7414 7416//7416 7415//7415
f 7417//7417 7418//7418 7419//7419
f 7420//7420 7421//7421 7422//7422
f 7423//7423 7424//7424 7425//7425
f 7426//7426 7427//7427 7428//7428
f 7429//7429 7430//7430 7431//7431
f 7432//7432 7433//7433 7434//7434
f 7435//7435 7436//7436 7437//7437
f 7438//7438 7439//7439 7440//7440
f 7441//7441 7442//7442 7443//7443
f 7444//7444 7445//7445 7446//7446
f 7447//7447 7448//7448 7449//7449
f 7450//7450 7451//7451 7452//7452
f 7453//7453 7454//7454 7455//7455
f 7456//7456 7457//7457 7458//7458
f 7459//7459 7460//7460 7461//7461
f 7462//7462 7463//7463 7464//7464
f 7465//7465 7466//7466 7467//7467
f 7468//7468 7469//7469 7470//7470
f 7471//7471 7472//7472 7473//7473
f 7474//7474 7475//7475 7476//7476
f 7477//7477 7478//7478 7479//7479
f 7480//7480 7481//7481 7482//7482
f 7483//7483 7484//7484 7485//7485
f 7486//7486 7487//7487 7488//7488
f 7489//7489 7490//7490 7491//7491
f 7492//7492 7493//7493 7494//7494
f 7495//7495 7496//7496 7497//7497
f 7498//7498 7499//7499 7500//7500
f 7501//7501 7502//7502 7503//7503
f 7504//7504 7505//7505 7506//7506
f 7507//7507 7508//7508 7509//7509
f 7510//7510 7511//7511 7512//7512
f 7513//7513 7514//7514 7515//7515
f 7516//7516 7517//7517 7518//7518
f 7519//7519 7520//7520 7521//7521
f 7520//7520 7522//7522 7521//7521
f 7523//7523 7524//7524 7525//7525
f 7526//7526 7523//7523 7525//7525
f 7526//7526 7525//7525 7527//7527
f 7528//7528 7529//7529 7530//7530
f 7531//7531 7532//7532 7533//7533
f 7534//7534 7535//7535 7536//7536
f 7536//7536 7537//7537 7538//7538
f 7539//7539 7540//7540 7541//7541
f 7542//7542 7543//7543 7541//7541
f 7544//7544 7543//7543 7542//7542
f 7545//7545 7544//7544 7546//7546
f 7547//7547 7548//7548 7549//7549
f 7550//7550 7551//7551 7552//7552
f 7553//7553 7554//7554 7555//7555
f 7556//7556 7557//7557 7558//7558
f 7559//7559 7560//7560 7561//7561
f 7562//7562 7563//7563 7564//7564
f 7565//7565 7566//7566 7564//7564
f 7567//7567 7568//7568 7569//7569
f 7570//7570 7571//7571 7572//7572
f 7572//7572 7573//7573 7574//7574
f 7573//7573 7575//7575 7574//7574
f 7573//7573 7576//7576 7575//7575
f 7577//7577 7573//7573 7578//7578
f 7573//7573 7579//7579 7578//7578
f 7579//7579 7580//7580 7578//7578
f 7579//7579 7581//7581 7580//7580
f 7581//7581 7582//7582 7580//7580
f 7581//7581 7583//7583 7582//7582
f 7583//7583 7581//7581 7584//7584
f 7576//7576 7585//7585 7586//7586
f 7576//7576 7587//7587 7585//7585
f 7576//7576 7588//7588 7587//7587
f 7588//7588 7576//7576 7589//7589
f 7589//7589 7576//7576 7590//7590
f 7590//7590 7576//7576 7591//7591
f 7592//7592 7590//7590 7593//7593
f 7590//7590 7592//7592 7594//7594
f 7595//7595 7596//7596 7594//7594
f 7596//7596 7597//7597 7594//7594
f 7596//7596 7598//7598 7597//7597
f 7599//7599 7600//7600 7597//7597
f 7599//7599 7601//7601 7600//7600
f 7602//7602 7603//7603 7601//7601
f 7604//7604 7603//7603 7605//7605
f 7601//7601 7606//7606 7607//7607
f 7606//7606 7608//7608 7609//7609
f 7606//7606 7610//7610 7608//7608
f 7611//7611 7612//7612 7610//7610
f 7612//7612 7613//7613 7610//7610
f 7610//7610 7613//7613 7614//7614
f 7613//7613 7615//7615 7616//7616
f 7617//7617 7613//7613 7616//7616
f 7617//7617 7618//7618 7619//7619
f 7620//7620 7621//7621 7618//7618
f 7620//7620 7622//7622 7623//7623
f 7624//7624 7620//7620 7625//7625
f 7626//7626 7627//7627 7624//7624
f 7626//7626 7624//7624 7628//7628
f 7629//7629 7628//7628 7630//7630
f 7626//7626 7631//7631 7632//7632
f 7631//7631 7633//7633 7632//7632
f 7633//7633 7634//7634 7635//7635
f 7624//7624 7636//7636 7637//7637
f 7637//7637 7636//7636 7638//7638
f 7636//7636 7639//7639 7640//7640
f 7641//7641 7642//7642 7640//7640
f 7643//7643 7644//7644 7638//7638
f 7644//7644 7643//7643 7645//7645
f 7646//7646 7645//7645 7647//7647
f 7646//7646 7648//7648 7649//7649
f 7648//7648 7650//7650 7649//7649
f 7648//7648 7651//7651 7650//7650
f 7651//7651 7652//7652 7653//7653
f 7651//7651 7654//7654 7652//7652
f 7654//7654 7651//7651 7655//7655
f 7654//7654 7655//7655 7656//7656
f 7657//7657 7658//7658 7659//7659
f 7660//7660 7661//7661 7662//7662
f 7663//7663 7664//7664 7665//7665
f 7666//7666 7667//7667 7668//7668
f 7669//7669 7670//7670 7671//7671
f 7672//7672 7673//7673 7674//7674
f 7675//7675 7676//7676 7677//7677
f 7678//7678 7679//7679 7680//7680
f 7681//7681 7682//7682 7683//7683
f 7684//7684 7685//7685 7686//7686
f 7687//7687 7688//7688 7689//7689
f 7690//7690 7691//7691 7692//7692
f 7693//7693 7694//7694 7695//7695
f 7696//7696 7697//7697 7698//7698
f 7699//7699 7700//7700 7701//7701
f 7702//7702 7703//7703 7704//7704
f 7705//7705 7706//7706 7707//7707
f 7708//7708 7709//7709 7710//7710
f 7711//7711 7712//7712 7713//7713
f 7714//7714 7715//7715 7716//7716
f 7717//7717 7718//7718 7719//7719
f 7720//7720 7721//7721 7718//7718
f 7722//7722 7723//7723 7724//7724
f 7725//7725 7726//7726 7727//7727
f 7728//7728 7729//7729 7730//7730
f 7731//7731 7732//7732 7733//7733
f 7734//7734 7735//7735 7736//7736
f 7737//7737 7738//7738 7739//7739
f 7740//7740 7741//7741 7742//7742
f 7743//7743 7744//7744 7745//7745
f 7746//7746 7747//7747 7748//7748
f 7749//7749 7750//7750 7751//7751
f 7752//7752 7753//7753 7750//7750
f 7754//7754 7752//7752 7755//7755
f 7754//7754 7755//7755 7756//7756
f 7754//7754 7756//7756 7757//7757
f 7758//7758 7757//7757 7759//7759
f 7758//7758 7759//7759 7760//7760
f 7761//7761 7756//7756 7762//7762
f 7761//7761 7762//7762 7763//7763
f 7764//7764 7761//7761 7763//7763
f 7765//7765 7766//7766 7763//7763
f 7766//7766 7765//7765 7767//7767
f 7768//7768 7766//7766 7767//7767
f 7765//7765 7769//7769 7770//7770
f 7771//7771 7772//7772 7770//7770
f 7772//7772 7771//7771 7773//7773
f 7774//7774 7772//7772 7773//7773
f 7775//7775 7774//7774 7776//7776
f 7777//7777 7775//7775 7778//7778
f 7779//7779 7780//7780 7776//7776
f 7779//7779 7781//7781 7780//7780
f 7781//7781 7782//7782 7783//7783
f 7784//7784 7753//7753 7769//7769
f 7753//7753 7785//7785 7769//7769
f 7753//7753 7786//7786 7785//7785
f 7787//7787 7786//7786 7753//7753
f 7786//7786 7788//7788 7785//7785
f 7786//7786 7789//7789 7788//7788
f 7789//7789 7786//7786 7790//7790
f 7791//7791 7769//7769 7785//7785
f 7792//7792 7791//7791 7785//7785
f 7791//7791 7793//7793 7769//7769
f 7794//7794 7791//7791 7795//7795
f 7796//7796 7793//7793 7795//7795
f 7797//7797 7795//7795 7798//7798
f 7799//7799 7797//7797 7798//7798
f 7795//7795 7800//7800 7798//7798
f 7799//7799 7798//7798 7801//7801
f 7799//7799 7801//7801 7802//7802
f 7800//7800 7803//7803 7798//7798
f 7800//7800 7804//7804 7803//7803
f 7804//7804 7805//7805 7803//7803
f 7804//7804 7806//7806 7805//7805
f 7806//7806 7807//7807 7805//7805
f 7808//7808 7809//7809 7807//7807
f 7807//7807 7810//7810 7811//7811
f 7777//7777 7812//7812 7802//7802
f 7813//7813 7812//7812 7777//7777
f 7813//7813 7814//7814 7812//7812
f 7813//7813 7815//7815 7814//7814
f 7816//7816 7817//7817 7805//7805
f 7816//7816 7818//7818 7817//7817
f 7818//7818 7819//7819 7817//7817
f 7818//7818 7820//7820 7819//7819
f 7821//7821 7822//7822 7819//7819
f 7823//7823 7824//7824 7819//7819
f 7825//7825 7826//7826 7827//7827
f 7828//7828 7829//7829 7830//7830
f 7831//7831 7832//7832 7833//7833
f 7834//7834 7835//7835 7836//7836
f 7837//7837 7838//7838 7839//7839
f 7838//7838 7840//7840 7841//7841
f 7842//7842 7843//7843 7844//7844
f 7845//7845 7846//7846 7847//7847
f 7848//7848 7849//7849 7850//7850
f 7851//7851 7852//7852 7853//7853
f 7854//7854 7855//7855 7856//7856
f 7855//7855 7857//7857 7858//7858
f 7859//7859 7860//7860 7857//7857
f 7861//7861 7862//7862 7863//7863
f 7862//7862 7864//7864 7865//7865
f 7866//7866 7867//7867 7864//7864
f 7868//7868 7869//7869 7870//7870
f 7871//7871 7872//7872 7873//7873
f 7874//7874 7875//7875 7876//7876
f 7877//7877 7878//7878 7879//7879
f 7880//7880 7881//7881 7882//7882
f 7883//7883 7884//7884 7885//7885
f 7886//7886 7887//7887 7888//7888
f 7889//7889 7890//7890 7891//7891
f 7892//7892 7893//7893 7894//7894
f 7895//7895 7896//7896 7897//7897
f 7898//7898 7899//7899 7900//7900
f 7901//7901 7902//7902 7903//7903
f 7904//7904 7905//7905 7906//7906
f 7907//7907 7908//7908 7909//7909
f 7910//7910 7911//7911 7912//7912
f 7913//7913 7914//7914 7915//7915
f 7916//7916 7917//7917 7918//7918
f 7919//7919 7920//7920 7921//7921
f 7922//7922 7923//7923 7924//7924
f 7923//7923 7925//7925 7926//7926
f 7925//7925 7927//7927 7928//7928
f 7927//7927 7929//7929 7930//7930
f 7931//7931 7932//7932 7933//7933
f 7934//7934 7935//7935 7936//7936
f 7937//7937 7938//7938 7939//7939
f 7940//7940 7941//7941 7942//7942
f 7941//7941 7943//7943 7944//7944
f 7943//7943 7945//7945 7946//7946
f 7947//7947 7948//7948 7949//7949
f 7950//7950 7951//7951 7952//7952
f 7953//7953 7954//7954 7955//7955
f 7956//7956 7957//7957 7958//7958
f 7959//7959 7960//7960 7961//7961
f 7960//7960 7962//7962 7963//7963
f 7964//7964 7965//7965 7966//7966
f 7967//7967 7968//7968 7969//7969
f 7968//7968 7970//7970 7971//7971
f 7970//7970 7972//7972 7973//7973
f 7974//7974 7975//7975 7976//7976
f 7977//7977 7978//7978 7979//7979
f 7980//7980 7981//7981 7982//7982
f 7983//7983 7984//7984 7985//7985
f 7986//7986 7987//7987 7988//7988
f 7989//7989 7990//7990 7991//7991
f 7992//7992 7993//7993 7994//7994
f 7995//7995 7996//7996 7997//7997
f 7998//7998 7999//7999 8000//8000
f 8001//8001 8002//8002 8003//8003
f 8004//8004 8005//8005 8006//8006
f 8007//8007 8008//8008 8009//8009
f 8010//8010 8011//8011 8012//8012
f 8013//8013 8014//8014 8015//8015
f 8016//8016 8017//8017 8018//8018
f 8019//8019 8020//8020 8021//8021
f 8022//8022 8023//8023 8024//8024
f 8025//8025 8026//8026 8027//8027
f 8028//8028 8029//8029 8030//8030
f 8031//8031 8032//8032 8033//8033
f 8034//8034 8035//8035 8036//8036
f 8037//8037 8038//8038 8039//8039
f 8040//8040 8041//8041 8042//8042
f 8043//8043 8044//8044 8045//8045
f 8046//8046 8047//8047 8048//8048
f 8049//8049 8050//8050 8051//8051
f 8052//8052 8053//8053 8054//8054
f 8055//8055 8056//8056 8057//8057
f 8058//8058 8059//8059 8060//8060
f 8061//8061 8062//8062 8063//8063
f 8064//8064 8065//8065 8066//8066
f 8067//8067 8068//8068 8069//8069
f 8070//8070 8071//8071 8072//8072
f 8073//8073 8074//8074 8075//8075
f 8076//8076 8077//8077 8078//8078
f 8079//8079 8080//8080 8081//8081
f 8082//8082 8083//8083 8084//8084
f 8085//8085 8086//8086 8087//8087
f 8088//8088 8087//8087 8089//8089
f 8090//8090 8088//8088 8089//8089
f 8090//8090 8091//8091 8092//8092
f 8093//8093 8090//8090 8094//8094
f 8093//8093 8095//8095 8096//8096
f 8097//8097 8093//8093 8098//8098
f 8099//8099 8098//8098 8100//8100
f 8101//8101 8099//8099 8102//8102
f 8101//8101 8102//8102 8103//8103
f 8104//8104 8101//8101 8105//8105
f 8106//8106 8105//8105 8107//8107
f 8108//8108 8106//8106 8109//8109
f 8110//8110 8109//8109 8111//8111
f 8112//8112 8110//8110 8113//8113
f 8114//8114 8113//8113 8115//8115
f 8116//8116 8114//8114 8117//8117
f 8118//8118 8117//8117 8119//8119
f 8120//8120 8118//8118 8119//8119
f 8120//8120 8121//8121 8122//8122
f 8123//8123 8124//8124 8125//8125
f 8126//8126 8127//8127 8128//8128
f 8129//8129 8130//8130 8131//8131
f 8132//8132 8133//8133 8134//8134
f 8135//8135 8136//8136 8137//8137
f 8138//8138 8139//8139 8140//8140
f 8141//8141 8142//8142 8143//8143
f 8142//8142 8144//8144 8143//8143
f 8142//8142 8145//8145 8144//8144
f 8142//8142 8146//8146 8145//8145
f 8146//8146 8147//8147 8145//8145
f 8146//8146 8148//8148 8147//8147
f 8148//8148 8149//8149 8147//8147
f 8148//8148 8150//8150 8149//8149
f 8150//8150 8151//8151 8149//8149
f 8150//8150 8152//8152 8151//8151
f 8152//8152 8153//8153 8151//8151
f 8152//8152 8154//8154 8153//8153
f 8154//8154 8155//8155 8153//8153
f 8154//8154 8156//8156 8155//8155
f 8156//8156 8157//8157 8155//8155
f 8157//8157 8158//8158 8155//8155
f 8159//8159 8160//8160 8161//8161
f 8160//8160 8162//8162 8161//8161
f 8160//8160 8163//8163 8162//8162
f 8160//8160 8164//8164 8163//8163
f 8164//8164 8165//8165 8163//8163
f 8164//8164 8166//8166 8165//8165
f 8166//8166 8167//8167 8165//8165
f 8166//8166 8168//8168 8167//8167
f 8168//8168 8169//8169 8167//8167
f 8168//8168 8170//8170 8169//8169
f 8170//8170 8171//8171 8169//8169
f 8170//8170 8172//8172 8171//8171
f 8172//8172 8173//8173 8171//8171
f 8172//8172 8174//8174 8173//8173
f 8174//8174 8175//8175 8173//8173
f 8175//8175 8176//8176 8173//8173
f 8177//8177 8178//8178 8179//8179
f 8178//8178 8180//8180 8179//8179
f 8181//8181 8182//8182 8183//8183
f 8182//8182 8184//8184 8183//8183
f 8185//8185 8184//8184 8182//8182
f 8184//8184 8185//8185 8186//8186
f 8185//8185 8187//8187 8186//8186
f 8187//8187 8188//8188 8186//8186
f 8189//8189 8184//8184 8190//8190
f 8189//8189 8190//8190 8191//8191
f 8192//8192 8189//8189 8191//8191
f 8187//8187 8193//8193 8194//8194
f 8193//8193 8195//8195 8194//8194
f 8194//8194 8195//8195 8196//8196
f 8197//8197 8194//8194 8196//8196
f 8196//8196 8198//8198 8199//8199
f 8200//8200 8196//8196 8199//8199
f 8201//8201 8200//8200 8202//8202
f 8200//8200 8201//8201 8203//8203
f 8201//8201 8204//8204 8203//8203
f 8205//8205 8206//8206 8207//8207
f 8205//8205 8207//8207 8208//8208
f 8209//8209 8210//8210 8211//8211
f 8209//8209 8211//8211 8212//8212
f 8213//8213 8214//8214 8215//8215
f 8216//8216 8213//8213 8215//8215
f 8216//8216 8215//8215 8217//8217
f 8218//8218 8216//8216 8217//8217
f 8218//8218 8217//8217 8219//8219
f 8220//8220 8218//8218 8219//8219
f 8220//8220 8219//8219 8221//8221
f 8222//8222 8220//8220 8221//8221
f 8222//8222 8221//8221 8223//8223
f 8224//8224 8222//8222 8223//8223
f 8224//8224 8223//8223 8225//8225
f 8226//8226 8224//8224 8225//8225
f 8226//8226 8225//8225 8227//8227
f 8228//8228 8226//8226 8227//8227
f 8228//8228 8227//8227 8229//8229
f 8230//8230 8228//8228 8229//8229
f 8230//8230 8229//8229 8231//8231
f 8232//8232 8230//8230 8231//8231
f 8233//8233 8234//8234 8235//8235
f 8234//8234 8236//8236 8235//8235
f 8234//8234 8237//8237 8236//8236
f 8237//8237 8238//8238 8236//8236
f 8237//8237 8239//8239 8238//8238
f 8239//8239 8240//8240 8238//8238
f 8239//8239 8241//8241 8240//8240
f 8242//8242 8243//8243 8244//8244
f 8245//8245 8243//8243 8242//8242
f 8246//8246 8247//8247 8248//8248
f 8247//8247 8249//8249 8248//8248
f 8247//8247 8250//8250 8249//8249
f 8250//8250 8251//8251 8249//8249
f 8249//8249 8251//8251 8252//8252
f 8253//8253 8254//8254 8255//8255
f 8253//8253 8256//8256 8254//8254
f 8253//8253 8257//8257 8256//8256
f 8258//8258 8253//8253 8259//8259
f 8260//8260 8257//8257 8259//8259
f 8261//8261 8262//8262 8263//8263
f 8262//8262 8264//8264 8263//8263
f 8262//8262 8265//8265 8264//8264
f 8266//8266 8267//8267 8268//8268
f 8267//8267 8269//8269 8268//8268
f 8270//8270 8271//8271 8272//8272
f 8271//8271 8273//8273 8272//8272
f 8274//8274 8275//8275 8276//8276
f 8275//8275 8277//8277 8276//8276
f 8278//8278 8279//8279 8280//8280
f 8279//8279 8281//8281 8280//8280
f 8282//8282 8283//8283 8284//8284
f 8283//8283 8285//8285 8284//8284
f 8286//8286 8287//8287 8288//8288
f 8287//8287 8289//8289 8288//8288
f 8290//8290 8291//8291 8292//8292
f 8290//8290 8292//8292 8293//8293
f 8294//8294 8295//8295 8296//8296
f 8295//8295 8297//8297 8296//8296
f 8295//8295 8298//8298 8297//8297
f 8299//8299 8300//8300 8301//8301
f 8299//8299 8302//8302 8300//8300
f 8303//8303 8304//8304 8305//8305
f 8303//8303 8306//8306 8304//8304
f 8307//8307 8308//8308 8309//8309
f 8308//8308 8310//8310 8309//8309
f 8311//8311 8312//8312 8310//8310
f 8311//8311 8313//8313 8312//8312
f 8314//8314 8315//8315 8316//8316
f 8317//8317 8314//8314 8318//8318
f 8319//8319 8317//8317 8320//8320
f 8319//8319 8321//8321 8322//8322
f 8323//8323 8319//8319 8322//8322
f 8323//8323 8322//8322 8324//8324
f 8325//8325 8323//8323 8326//8326
f 8327//8327 8325//8325 8328//8328
f 8328//8328 8329//8329 8330//8330
f 8331//8331 8332//8332 8333//8333
f 8334//8334 8335//8335 8336//8336
f 8337//8337 8338//8338 8339//8339
f 8340//8340 8341//8341 8342//8342
f 8343//8343 8344//8344 8345//8345
f 8346//8346 8347//8347 8348//8348
f 8349//8349 8350//8350 8351//8351
f 8352//8352 8353//8353 8354//8354
f 8355//8355 8356//8356 8357//8357
f 8358//8358 8359//8359 8360//8360
f 8361//8361 8362//8362 8363//8363
f 8364//8364 8365//8365 8366//8366
f 8367//8367 8368//8368 8369//8369
f 8370//8370 8371//8371 8372//8372
f 8373//8373 8374//8374 8375//8375
f 8376//8376 8377//8377 8378//8378
f 8379//8379 8380//8380 8381//8381
f 8382//8382 8383//8383 8384//8384
f 8385//8385 8386//8386 8387//8387
f 8388//8388 8389//8389 8390//8390
f 8391//8391 8392//8392 8393//8393
f 8394//8394 8395//8395 8392//8392
f 8395//8395 8396//8396 8397//8397
f 8395//8395 8398//8398 8396//8396
f 8399//8399 8400//8400 8401//8401
f 8399//8399 8402//8402 8403//8403
f 8399//8399 8404//8404 8402//8402
f 8404//8404 8405//8405 8406//8406
f 8405//8405 8407//8407 8406//8406
f 8408//8408 8399//8399 8409//8409
f 8408//8408 8409//8409 8410//8410
f 8411//8411 8408//8408 8412//8412
f 8413//8413 8414//8414 8415//8415
f 8416//8416 8415//8415 8417//8417
f 8416//8416 8418//8418 8415//8415
f 8419//8419 8420//8420 8421//8421
f 8422//8422 8419//8419 8423//8423
f 8419//8419 8424//8424 8423//8423
f 8425//8425 8426//8426 8427//8427
f 8428//8428 8429//8429 8430//8430
f 8431//8431 8432//8432 8433//8433
f 8434//8434 8435//8435 8436//8436
f 8437//8437 8438//8438 8439//8439
f 8440//8440 8441//8441 8442//8442
f 8443//8443 8444//8444 8445//8445
f 8446//8446 8447//8447 8448//8448
f 8449//8449 8450//8450 8451//8451
f 8452//8452 8453//8453 8454//8454
f 8455//8455 8456//8456 8457//8457
f 8458//8458 8459//8459 8460//8460
f 8461//8461 8462//8462 8463//8463
f 8464//8464 8465//8465 8466//8466
f 8467//8467 8468//8468 8469//8469
f 8470//8470 8471//8471 8472//8472
f 8473//8473 8474//8474 8475//8475
f 8476//8476 8477//8477 8478//8478
f 8477//8477 8479//8479 8480//8480
f 8477//8477 8480//8480 8481//8481
f 8482//8482 8483//8483 8484//8484
f 8485//8485 8486//8486 8487//8487
f 8488//8488 8489//8489 8490//8490
f 8491//8491 8488//8488 8492//8492
f 8493//8493 8494//8494 8495//8495
f 8496//8496 8497//8497 8498//8498
f 8499//8499 8500//8500 8501//8501
f 8502//8502 8503//8503 8504//8504
f 8505//8505 8506//8506 8507//8507
f 8508//8508 8509//8509 8510//8510
f 8511//8511 8512//8512 8513//8513
f 8514//8514 8515//8515 8516//8516
f 8517//8517 8518//8518 8519//8519
f 8520//8520 8521//8521 8522//8522
f 8523//8523 8524//8524 8525//8525
f 8526//8526 8527//8527 8528//8528
f 8529//8529 8530//8530 8531//8531
f 8532//8532 8533//8533 8534//8534
f 8535//8535 8536//8536 8537//8537
f 8538//8538 8539//8539 8540//8540
f 8541//8541 8542//8542 8543//8543
f 8544//8544 8545//8545 8546//8546
f 8547//8547 8548//8548 8549//8549
f 8550//8550 8551//8551 8552//8552
f 8550//8550 8553//8553 8554//8554
f 8554//8554 8555//8555 8556//8556
f 8557//8557 8558//8558 8559//8559
f 8560//8560 8561//8561 8562//8562
f 8563//8563 8564//8564 8565//8565
f 8566//8566 8567//8567 8568//8568
f 8569//8569 8570//8570 8571//8571
f 8572//8572 8571//8571 8573//8573
f 8574//8574 8572//8572 8573//8573
f 8575//8575 8576//8576 8577//8577
f 8578//8578 8579//8579 8580//8580
f 8581//8581 8582//8582 8583//8583
f 8584//8584 8581//8581 8585//8585
f 8584//8584 8585//8585 8586//8586
f 8586//8586 8585//8585 8587//8587
f 8588//8588 8584//8584 8589//8589
f 8590//8590 8588//8588 8589//8589
f 8591//8591 8592//8592 8590//8590
f 8592//8592 8591//8591 8593//8593
f 8594//8594 8592//8592 8593//8593
f 8594//8594 8593//8593 8595//8595
f 8596//8596 8594//8594 8595//8595
f 8596//8596 8597//8597 8585//8585
f 8596//8596 8598//8598 8597//8597
f 8598//8598 8599//8599 8597//8597
f 8598//8598 8600//8600 8599//8599
f 8601//8601 8602//8602 8593//8593
f 8601//8601 8603//8603 8602//8602
f 8602//8602 8603//8603 8604//8604
f 8604//8604 8603//8603 8605//8605
f 8604//8604 8605//8605 8606//8606
f 8603//8603 8607//8607 8605//8605
f 8607//8607 8608//8608 8605//8605
f 8608//8608 8609//8609 8605//8605
f 8608//8608 8610//8610 8609//8609
f 8607//8607 8611//8611 8608//8608
f 8607//8607 8612//8612 8611//8611
f 8612//8612 8613//8613 8611//8611
f 8614//8614 8601//8601 8615//8615
f 8616//8616 8611//8611 8617//8617
f 8618//8618 8604//8604 8619//8619
f 8618//8618 8619//8619 8620//8620
f 8612//8612 8621//8621 8622//8622
f 8621//8621 8623//8623 8622//8622
f 8621//8621 8624//8624 8625//8625
f 8614//8614 8626//8626 8627//8627
f 8626//8626 8628//8628 8627//8627
f 8628//8628 8629//8629 8627//8627
f 8630//8630 8631//8631 8617//8617
f 8630//8630 8632//8632 8631//8631
f 8631//8631 8632//8632 8633//8633
f 8634//8634 8635//8635 8633//8633
f 8634//8634 8633//8633 8636//8636
f 8637//8637 8636//8636 8638//8638
f 8639//8639 8637//8637 8638//8638
f 8640//8640 8637//8637 8641//8641
f 8642//8642 8640//8640 8641//8641
f 8643//8643 8639//8639 8644//8644
f 8645//8645 8643//8643 8644//8644
f 8645//8645 8644//8644 8646//8646
f 8647//8647 8641//8641 8648//8648
f 8649//8649 8647//8647 8648//8648
f 8647//8647 8650//8650 8651//8651
f 8652//8652 8653//8653 8650//8650
f 8648//8648 8654//8654 8655//8655
f 8656//8656 8648//8648 8657//8657
f 8658//8658 8656//8656 8657//8657
f 8659//8659 8660//8660 8657//8657
f 8661//8661 8662//8662 8646//8646
f 8662//8662 8663//8663 8646//8646
f 8643//8643 8663//8663 8664//8664
f 8664//8664 8665//8665 8666//8666
f 8665//8665 8667//8667 8666//8666
f 8661//8661 8624//8624 8668//8668
f 8624//8624 8669//8669 8667//8667
f 8670//8670 8671//8671 8668//8668
f 8668//8668 8672//8672 8673//8673
f 8674//8674 8675//8675 8672//8672
f 8669//8669 8676//8676 8674//8674
f 8669//8669 8677//8677 8676//8676
f 8677//8677 8678//8678 8676//8676
f 8677//8677 8679//8679 8678//8678
f 8680//8680 8679//8679 8677//8677
f 8680//8680 8677//8677 8681//8681
f 8682//8682 8680//8680 8681//8681
f 8683//8683 8682//8682 8681//8681
f 8684//8684 8682//8682 8685//8685
f 8678//8678 8686//8686 8687//8687
f 8687//8687 8688//8688 8678//8678
f 8689//8689 8683//8683 8690//8690
f 8691//8691 8689//8689 8690//8690
f 8691//8691 8690//8690 8692//8692
f 8693//8693 8694//8694 8692//8692
f 8693//8693 8692//8692 8695//8695
f 8696//8696 8693//8693 8695//8695
f 8696//8696 8695//8695 8697//8697
f 8585//8585 8696//8696 8697//8697
f 8695//8695 8698//8698 8697//8697
f 8693//8693 8699//8699 8700//8700
f 8700//8700 8699//8699 8701//8701
f 8702//8702 8701//8701 8703//8703
f 8704//8704 8705//8705 8698//8698
f 8705//8705 8706//8706 8698//8698
f 8705//8705 8707//8707 8706//8706
f 8707//8707 8708//8708 8706//8706
f 8699//8699 8709//8709 8710//8710
f 8709//8709 8711//8711 8710//8710
f 8711//8711 8709//8709 8712//8712
f 8712//8712 8713//8713 8714//8714
f 8709//8709 8715//8715 8713//8713
f 8713//8713 8715//8715 8716//8716
f 8715//8715 8717//8717 8716//8716
f 8717//8717 8718//8718 8719//8719
f 8717//8717 8643//8643 8720//8720
f 8721//8721 8717//8717 8720//8720
f 8673//8673 8721//8721 8720//8720
f 8722//8722 8723//8723 8724//8724
f 8725//8725 8726//8726 8727//8727
f 8728//8728 8729//8729 8730//8730
f 8731//8731 8732//8732 8733//8733
f 8734//8734 8735//8735 8736//8736
f 8737//8737 8738//8738 8739//8739
f 8740//8740 8741//8741 8742//8742
f 8743//8743 8744//8744 8745//8745
f 8746//8746 8747//8747 8748//8748
f 8749//8749 8750//8750 8751//8751
f 8752//8752 8753//8753 8754//8754
f 8755//8755 8756//8756 8757//8757
f 8758//8758 8759//8759 8760//8760
f 8761//8761 8762//8762 8763//8763
f 8764//8764 8765//8765 8766//8766
f 8767//8767 8768//8768 8769//8769
f 8770//8770 8771//8771 8772//8772
f 8773//8773 8774//8774 8775//8775
f 8776//8776 8775//8775 8777//8777
f 8778//8778 8776//8776 8777//8777
f 8779//8779 8780//8780 8781//8781
f 8782//8782 8783//8783 8784//8784
f 8785//8785 8786//8786 8783//8783
f 8787//8787 8788//8788 8789//8789
f 8790//8790 8791//8791 8792//8792
f 8793//8793 8794//8794 8795//8795
f 8796//8796 8797//8797 8798//8798
f 8799//8799 8800//8800 8797//8797
f 8800//8800 8801//8801 8802//8802
f 8803//8803 8804//8804 8805//8805
f 8806//8806 8807//8807 8804//8804
f 8807//8807 8808//8808 8809//8809
f 8808//8808 8810//8810 8811//8811
f 8810//8810 8812//8812 8813//8813
f 8812//8812 8814//8814 8815//8815
f 8814//8814 8816//8816 8817//8817
f 8818//8818 8817//8817 8815//8815
f 8819//8819 8820//8820 8821//8821
f 8822//8822 8823//8823 8824//8824
f 8825//8825 8826//8826 8827//8827
f 8828//8828 8829//8829 8830//8830
f 8831//8831 8828//8828 8832//8832
f 8833//8833 8831//8831 8834//8834
f 8833//8833 8834//8834 8835//8835
f 8836//8836 8833//8833 8835//8835
f 8837//8837 8836//8836 8838//8838
f 8837//8837 8838//8838 8839//8839
f 8840//8840 8837//8837 8839//8839
f 8841//8841 8840//8840 8842//8842
f 8841//8841 8842//8842 8843//8843
f 8844//8844 8841//8841 8843//8843
f 8845//8845 8844//8844 8846//8846
f 8847//8847 8848//8848 8849//8849
f 8850//8850 8851//8851 8852//8852
f 8853//8853 8854//8854 8855//8855
f 8856//8856 8857//8857 8858//8858
f 8859//8859 8856//8856 8860//8860
f 8861//8861 8859//8859 8862//8862
f 8863//8863 8861//8861 8864//8864
f 8865//8865 8866//8866 8867//8867
f 8868//8868 8869//8869 8867//8867
f 8870//8870 8868//8868 8871//8871
f 8872//8872 8870//8870 8873//8873
f 8874//8874 8871//8871 8873//8873
f 8875//8875 8876//8876 8877//8877
f 8876//8876 8878//8878 8879//8879
f 8880//8880 8881//8881 8882//8882
f 8883//8883 8884//8884 8885//8885
f 8886//8886 8887//8887 8888//8888
f 8889//8889 8890//8890 8891//8891
f 8892//8892 8893//8893 8894//8894
f 8895//8895 8896//8896 8897//8897
f 8898//8898 8899//8899 8900//8900
f 8901//8901 8902//8902 8903//8903
f 8904//8904 8905//8905 8906//8906
f 8907//8907 8908//8908 8909//8909
f 8910//8910 8911//8911 8912//8912
f 8913//8913 8914//8914 8915//8915
f 8916//8916 8917//8917 8918//8918
f 8919//8919 8920//8920 8921//8921
f 8922//8922 8923//8923 8924//8924
f 8925//8925 8926//8926 8927//8927
f 8928//8928 8929//8929 8930//8930
f 8931//8931 8932//8932 8933//8933
f 8934//8934 8931//8931 8935//8935
f 8931//8931 8934//8934 8936//8936
f 8936//8936 8937//8937 8938//8938
f 8939//8939 8940//8940 8941//8941
f 8942//8942 8943//8943 8944//8944
f 8945//8945 8946//8946 8947//8947
f 8948//8948 8949//8949 8950//8950
f 8951//8951 8952//8952 8953//8953
f 8954//8954 8955//8955 8956//8956
f 8957//8957 8958//8958 8959//8959
f 8960//8960 8961//8961 8962//8962
f 8963//8963 8964//8964 8965//8965
f 8966//8966 8967//8967 8968//8968
f 8969//8969 8970//8970 8971//8971
f 8972//8972 8973//8973 8974//8974
f 8975//8975 8976//8976 8977//8977
f 8978//8978 8979//8979 8980//8980
f 8981//8981 8982//8982 8983//8983
f 8984//8984 8985//8985 8986//8986
f 8987//8987 8988//8988 8989//8989
f 8990//8990 8991//8991 8992//8992
f 8993//8993 8994//8994 8995//8995
f 8996//8996 8997//8997 8998//8998
f 8999//8999 9000//9000 9001//9001
f 9002//9002 9003//9003 9004//9004
f 9005//9005 9006//9006 9007//9007
f 9008//9008 9009//9009 9010//9010
f 9011//9011 9012//9012 9013//9013
f 9014//9014 9015//9015 9016//9016
f 9017//9017 9018//9018 9019//9019
f 9020//9020 9021//9021 9022//9022
f 9023//9023 9024//9024 9025//9025
f 9026//9026 9027//9027 9028//9028
f 9029//9029 9030//9030 9031//9031
f 9032//9032 9033//9033 9034//9034
f 9035//9035 9036//9036 9037//9037
f 9038//9038 9039//9039 9040//9040
f 9041//9041 9042//9042 9043//9043
f 9044//9044 9045//9045 9046//9046
f 9047//9047 9048//9048 9049//9049
f 9050//9050 9051//9051 9052//9052
f 9053//9053 9054//9054 9055//9055
f 9056//9056 9057//9057 9058//9058
f 9059//9059 9060//9060 9061//9061
f 9062//9062 9063//9063 9064//9064
f 9065//9065 9066//9066 9067//9067
f 9068//9068 9069//9069 9070//9070
f 9071//9071 9072//9072 9073//9073
f 9074//9074 9075//9075 9076//9076
f 9077//9077 9078//9078 9079//9079
f 9080//9080 9081//9081 9082//9082
f 9083//9083 9084//9084 9085//9085
f 9086//9086 9087//9087 9088//9088
f 9089//9089 9090//9090 9091//9091
f 9092//9092 9093//9093 9094//9094
f 9095//9095 9096//9096 9097//9097
f 9098//9098 9099//9099 9100//9100
f 9101//9101 9102//9102 9103//9103
f 9104//9104 9105//9105 9106//9106
f 9107//9107 9108//9108 9109//9109
f 9110//9110 9111//9111 9112//9112
f 9113//9113 9114//9114 9115//9115
f 9116//9116 9117//9117 9118//9118
f 9119//9119 9120//9120 9121//9121
f 9122//9122 9123//9123 9124//9124
f 9125//9125 9126//9126 9127//9127
f 9128//9128 9129//9129 9130//9130
f 9131//9131 9132//9132 9133//9133
f 9134//9134 9135//9135 9136//9136
f 9137//9137 9138//9138 9139//9139
f 9140//9140 9141//9141 9142//9142
f 9143//9143 9144//9144 9145//9145
f 9146//9146 9147//9147 9148//9148
f 9149//9149 9150//9150 9151//9151
f 9152//9152 9153//9153 9154//9154
f 9155//9155 9156//9156 9157//9157
f 9158//9158 9159//9159 9160//9160
f 9161//9161 9162//9162 9163//9163
f 9164//9164 9161//9161 9163//9163
f 9164//9164 9163//9163 9165//9165
f 9166//9166 9164//9164 9165//9165
f 9166//9166 9165//9165 9167//9167
f 9168//9168 9166//9166 9167//9167
f 9168//9168 9167//9167 9169//9169
f 9170//9170 9168//9168 9169//9169
f 9170//9170 9169//9169 9171//9171
f 9172//9172 9170//9170 9171//9171
f 9172//9172 9171//9171 9173//9173
f 9174//9174 9172//9172 9173//9173
f 9174//9174 9173//9173 9175//9175
f 9176//9176 9174//9174 9175//9175
f 9176//9176 9175//9175 9177//9177
f 9178//9178 9176//9176 9177//9177
f 9178//9178 9177//9177 9179//9179
f 9180//9180 9178//9178 9179//9179
f 9180//9180 9179//9179 9181//9181
f 9182//9182 9180//9180 9181//9181
f 9182//9182 9181//9181 9183//9183
f 9184//9184 9182//9182 9183//9183
f 9184//9184 9183//9183 9185//9185
f 9186//9186 9184//9184 9185//9185
f 9186//9186 9185//9185 9187//9187
f 9188//9188 9186//9186 9187//9187
f 9188//9188 9187//9187 9189//9189
f 9190//9190 9188//9188 9189//9189
f 9190//9190 9189//9189 9191//9191
f 9192//9192 9190//9190 9191//9191
f 9193//9193 9194//9194 9195//9195
f 9194//9194 9196//9196 9195//9195
f 9197//9197 9198//9198 9199//9199
f 9198//9198 9200//9200 9199//9199
f 9201//9201 9202//9202 9203//9203
f 9204//9204 9201//9201 9203//9203
f 9205//9205 9204//9204 9203//9203
f 9206//9206 9207//9207 9208//9208
f 9207//9207 9209//9209 9208//9208
f 9210//9210 9209//9209 9211//9211
f 9209//9209 9212//9212 9211//9211
f 9213//9213 9214//9214 9215//9215
f 9216//9216 9213//9213 9215//9215
f 9216//9216 9215//9215 9217//9217
f 9218//9218 9219//9219 9220//9220
f 9221//9221 9218//9218 9220//9220
f 9221//9221 9220//9220 9222//9222
f 9223//9223 9221//9221 9222//9222
f 9223//9223 9222//9222 9224//9224
f 9225//9225 9223//9223 9224//9224
f 9225//9225 9224//9224 9226//9226
f 9227//9227 9225//9225 9226//9226
f 9227//9227 9226//9226 9228//9228
f 9229//9229 9227//9227 9228//9228
f 9229//9229 9228//9228 9230//9230
f 9231//9231 9229//9229 9230//9230
f 9231//9231 9230//9230 9232//9232
f 9233//9233 9231//9231 9232//9232
f 9233//9233 9232//9232 9234//9234
f 9235//9235 9233//9233 9234//9234
f 9235//9235 9234//9234 9236//9236
f 9237//9237 9235//9235 9236//9236
f 9237//9237 9236//9236 9238//9238
f 9239//9239 9237//9237 9238//9238
f 9239//9239 9238//9238 9240//9240
f 9241//9241 9239//9239 9240//9240
f 9241//9241 9240//9240 9242//9242
f 9243//9243 9241//9241 9242//9242
f 9244//9244 9245//9245 9246//9246
f 9247//9247 9244//9244 9246//9246
f 9247//9247 9246//9246 9248//9248
f 9249//9249 9247//9247 9248//9248
f 9249//9249 9248//9248 9250//9250
f 9251//9251 9249//9249 9250//9250
f 9251//9251 9250//9250 9252//9252
f 9253//9253 9251//9251 9252//9252
f 9253//9253 9252//9252 9254//9254
f 9255//9255 9253//9253 9254//9254
f 9255//9255 9254//9254 9256//9256
f 9257//9257 9255//9255 9256//9256
f 9257//9257 9256//9256 9258//9258
f 9259//9259 9257//9257 9258//9258
f 9259//9259 9258//9258 9260//9260
f 9261//9261 9259//9259 9260//9260
f 9261//9261 9260//9260 9262//9262
f 9263//9263 9261//9261 9262//9262
f 9263//9263 9262//9262 9264//9264
f 9265//9265 9263//9263 9264//9264
f 9265//9265 9264//9264 9266//9266
f 9267//9267 9265//9265 9266//9266
f 9268//9268 9269//9269 9270//9270
f 9268//9268 9271//9271 9269//9269
f 9271//9271 9272//9272 9269//9269
f 9273//9273 9274//9274 9275//9275
f 9273//9273 9275//9275 9276//9276
f 8600//8600 9276//9276 9277//9277
f 9277//9277 9276//9276 9278//9278
f 8654//8654 9277//9277 9278//9278
f 8654//8654 9278//9278 9279//9279
f 9278//9278 9280//9280 9279//9279
f 9281//9281 9282//9282 9283//9283
f 9281//9281 9284//9284 9282//9282
f 9285//9285 9286//9286 8623//8623
f 9286//9286 9287//9287 8623//8623
f 9288//9288 9289//9289 8623//8623
f 9288//9288 9290//9290 9289//9289
f 9290//9290 9287//9287 9291//9291
f 9292//9292 9290//9290 9291//9291
f 9293//9293 9294//9294 9295//9295
f 9295//9295 9294//9294 9296//9296
f 9297//9297 9298//9298 9299//9299
f 9298//9298 9300//9300 9299//9299
f 9301//9301 9302//9302 9303//9303
f 9302//9302 9304//9304 9303//9303
f 9305//9305 9306//9306 9307//9307
f 9307//9307 9308//9308 9305//9305
f 9308//9308 9309//9309 9305//9305
f 9310//9310 9311//9311 9312//9312
f 9311//9311 9313//9313 9312//9312
f 9314//9314 9315//9315 9316//9316
f 9315//9315 9317//9317 9316//9316
f 9318//9318 9319//9319 9320//9320
f 9318//9318 9321//9321 9319//9319
f 9322//9322 9323//9323 9324//9324
f 9325//9325 9322//9322 9324//9324
f 9325//9325 9326//9326 9322//9322
f 9326//9326 9325//9325 9327//9327
f 9328//9328 9329//9329 9330//9330
f 9329//9329 9331//9331 9330//9330
f 9332//9332 9333//9333 9334//9334
f 9333//9333 9335//9335 9334//9334
f 9336//9336 9337//9337 9338//9338
f 9337//9337 9339//9339 9338//9338
f 9340//9340 9341//9341 9342//9342
f 9341//9341 9343//9343 9342//9342
f 9344//9344 9345//9345 9346//9346
f 9345//9345 9347//9347 9346//9346
f 9348//9348 9349//9349 9350//9350
f 9349//9349 9351//9351 9350//9350
f 9352//9352 9353//9353 9354//9354
f 9354//9354 9353//9353 9355//9355
f 9356//9356 9357//9357 9358//9358
f 9356//9356 9359//9359 9357//9357
f 9360//9360 9361//9361 9362//9362
f 9360//9360 9363//9363 9361//9361
f 9364//9364 9365//9365 9366//9366
f 9364//9364 9367//9367 9365//9365
f 9368//9368 9369//9369 9370//9370
f 9368//9368 9371//9371 9369//9369
f 9372//9372 9373//9373 9374//9374
f 9372//9372 9375//9375 9373//9373
f 9376//9376 9377//9377 9378//9378
f 9376//9376 9379//9379 9377//9377
f 9380//9380 9381//9381 9382//9382
f 9380//9380 9383//9383 9381//9381
f 9384//9384 9385//9385 9386//9386
f 9385//9385 9387//9387 9386//9386
f 9384//9384 9386//9386 9388//9388
f 9387//9387 9389//9389 9386//9386
f 9390//9390 9384//9384 9388//9388
f 9387//9387 9391//9391 9389//9389
f 9390//9390 9388//9388 9392//9392
f 9391//9391 9393//9393 9389//9389
f 9394//9394 9390//9390 9392//9392
f 9391//9391 9395//9395 9393//9393
f 9394//9394 9392//9392 9396//9396
f 9395//9395 9397//9397 9393//9393
f 9398//9398 9394//9394 9396//9396
f 9395//9395 9399//9399 9397//9397
f 9398//9398 9396//9396 9400//9400
f 9399//9399 9401//9401 9397//9397
f 9402//9402 9398//9398 9400//9400
f 9399//9399 9403//9403 9401//9401
f 9402//9402 9400//9400 9404//9404
f 9403//9403 9405//9405 9401//9401
f 9406//9406 9402//9402 9404//9404
f 9403//9403 9406//9406 9405//9405
f 9406//9406 9404//9404 9405//9405
f 9407//9407 9408//9408 9409//9409
f 9410//9410 9411//9411 9412//9412
f 9413//9413 9414//9414 9411//9411
f 9413//9413 9415//9415 9416//9416
f 9417//9417 9418//9418 9414//9414
f 9419//9419 9420//9420 9418//9418
f 9419//9419 9421//9421 9422//9422
f 9421//9421 9423//9423 9422//9422
f 9424//9424 9425//9425 9426//9426
f 9427//9427 9428//9428 9429//9429
f 9430//9430 9431//9431 9432//9432
f 9433//9433 9432//9432 9434//9434
f 9435//9435 9434//9434 9436//9436
f 9437//9437 9435//9435 9436//9436
f 9438//9438 9439//9439 9440//9440
f 9438//9438 9441//9441 9442//9442
f 9441//9441 9443//9443 9444//9444
f 9445//9445 9446//9446 9443//9443
f 9447//9447 9448//9448 9446//9446
f 9449//9449 9450//9450 9448//9448
f 9451//9451 9452//9452 9450//9450
f 9451//9451 9453//9453 9452//9452
f 9453//9453 9454//9454 9452//9452
f 9455//9455 9456//9456 9454//9454
f 9455//9455 9457//9457 9458//9458
f 9457//9457 9459//9459 9456//9456
f 9460//9460 9461//9461 9462//9462
f 9463//9463 9464//9464 9465//9465
f 9466//9466 9467//9467 9468//9468
f 9469//9469 9470//9470 9471//9471
f 9472//9472 9473//9473 9470//9470
f 9474//9474 9475//9475 9473//9473
f 9476//9476 9477//9477 9475//9475
f 9478//9478 9479//9479 9477//9477
f 9480//9480 9481//9481 9479//9479
f 9482//9482 9483//9483 9481//9481
f 9484//9484 9485//9485 9483//9483
f 9486//9486 9487//9487 9485//9485
f 9488//9488 9489//9489 9490//9490
f 9491//9491 9492//9492 9493//9493
f 9494//9494 9495//9495 9496//9496
f 9497//9497 9498//9498 9499//9499
f 9500//9500 9501//9501 9502//9502
f 9503//9503 9504//9504 9505//9505
f 9506//9506 9507//9507 9508//9508
f 9509//9509 9510//9510 9511//9511
f 9512//9512 9513//9513 9510//9510
f 9514//9514 9515//9515 9516//9516
f 9517//9517 9518//9518 9519//9519
f 9520//9520 9521//9521 9518//9518
f 9522//9522 9523//9523 9521//9521
f 9524//9524 9525//9525 9526//9526
f 9527//9527 9528//9528 9529//9529
f 9530//9530 9531//9531 9532//9532
f 9533//9533 9534//9534 9531//9531
f 9535//9535 9536//9536 9534//9534
f 9537//9537 9538//9538 9539//9539
f 9540//9540 9541//9541 9542//9542
f 9543//9543 9544//9544 9545//9545
f 9546//9546 9547//9547 9548//9548
f 9549//9549 9550//9550 9551//9551
f 9552//9552 9553//9553 9554//9554
f 9555//9555 9556//9556 9557//9557
f 9558//9558 9559//9559 9560//9560
f 9561//9561 9562//9562 9563//9563
f 9564//9564 9565//9565 9566//9566
f 9567//9567 9568//9568 9569//9569
f 9570//9570 9571//9571 9572//9572
f 9573//9573 9574//9574 9575//9575
f 9576//9576 9577//9577 9578//9578
f 9579//9579 9580//9580 9581//9581
f 9582//9582 9583//9583 9584//9584
f 9585//9585 9586//9586 9587//9587
f 9588//9588 9589//9589 9590//9590
f 9591//9591 9592//9592 9593//9593
f 9594//9594 9595//9595 9596//9596
f 9597//9597 9598//9598 9599//9599
f 9600//9600 9601//9601 9602//9602
f 9603//9603 9600//9600 9604//9604
f 9605//9605 9603//9603 9604//9604
f 9605//9605 9604//9604 9606//9606
f 9607//9607 9608//9608 9609//9609
f 9610//9610 9611//9611 9612//9612
f 9613//9613 9614//9614 9615//9615
f 9616//9616 9617//9617 9618//9618
f 9619//9619 9620//9620 9621//9621
f 9622//9622 9623//9623 9624//9624
f 9625//9625 9626//9626 9627//9627
f 9628//9628 9629//9629 9630//9630
f 9631//9631 9632//9632 9633//9633
f 9631//9631 9634//9634 9635//9635
f 9636//9636 9634//9634 9637//9637
f 9638//9638 9639//9639 9640//9640
f 9641//9641 9642//9642 9643//9643
f 9644//9644 9645//9645 9646//9646
f 9647//9647 9648//9648 9649//9649
f 9650//9650 9651//9651 9652//9652
f 9653//9653 9654//9654 9655//9655
f 9656//9656 9657//9657 9658//9658
f 9659//9659 9660//9660 9661//9661
f 9662//9662 9663//9663 9664//9664
f 9665//9665 9666//9666 9667//9667
f 9668//9668 9669//9669 9670//9670
f 9671//9671 9672//9672 9673//9673
f 9674//9674 9675//9675 9676//9676
f 9677//9677 9678//9678 9679//9679
f 9680//9680 9681//9681 9682//9682
f 9683//9683 9684//9684 9685//9685
f 9686//9686 9687//9687 9688//9688
f 9689//9689 9690//9690 9691//9691
f 9692//9692 9693//9693 9694//9694
f 9695//9695 9696//9696 9697//9697
f 9698//9698 9699//9699 9700//9700
f 9701//9701 9702//9702 9703//9703
f 9704//9704 9705//9705 9706//9706
f 9707//9707 9708//9708 9709//9709
f 9710//9710 9711//9711 9712//9712
f 9713//9713 9714//9714 9715//9715
f 9716//9716 9717//9717 9718//9718
f 9719//9719 9720//9720 9721//9721
f 9722//9722 9723//9723 9724//9724
f 9725//9725 9726//9726 9727//9727
f 9728//9728 9729//9729 9730//9730
f 9731//9731 9732//9732 9733//9733
f 9734//9734 9735//9735 9736//9736
f 9737//9737 9738//9738 9739//9739
f 9740//9740 9741//9741 9742//9742
f 9743//9743 9744//9744 9745//9745
f 9746//9746 9747//9747 9748//9748
f 9749//9749 9750//9750 9751//9751
f 9752//9752 9753//9753 9754//9754
f 9755//9755 9756//9756 9757//9757
f 9758//9758 9759//9759 9760//9760
f 9761//9761 9762//9762 9763//9763
f 9764//9764 9763//9763 9765//9765
f 9766//9766 9764//9764 9765//9765
f 9767//9767 9768//9768 9769//9769
f 9770//9770 9771//9771 9772//9772
f 9773//9773 9774//9774 9775//9775
f 9776//9776 9777//9777 9778//9778
f 9779//9779 9780//9780 9781//9781
f 9782//9782 9783//9783 9784//9784
f 9785//9785 9786//9786 9787//9787
f 9788//9788 9785//9785 9789//9789
f 9790//9790 9791//9791 9792//9792
f 9793//9793 9794//9794 9795//9795
f 9796//9796 9797//9797 9798//9798
f 9799//9799 9800//9800 9801//9801
f 9802//9802 9801//9801 9803//9803
f 9804//9804 9805//9805 9806//9806
f 9807//9807 9808//9808 9809//9809
f 9810//9810 9811//9811 9812//9812
f 9813//9813 9814//9814 9815//9815
f 9816//9816 9817//9817 9818//9818
f 9819//9819 9820//9820 9821//9821
f 9820//9820 9822//9822 9823//9823
f 9822//9822 9824//9824 9825//9825
f 9824//9824 9826//9826 9827//9827
f 9828//9828 9829//9829 9830//9830
f 9831//9831 9832//9832 9829//9829
f 9833//9833 9834//9834 9832//9832
f 9835//9835 9836//9836 9834//9834
f 9835//9835 9837//9837 9836//9836
f 9838//9838 9839//9839 9840//9840
f 9841//9841 9842//9842 9843//9843
f 9844//9844 9845//9845 9846//9846
f 9847//9847 9848//9848 9849//9849
f 9850//9850 9851//9851 9852//9852
f 9853//9853 9854//9854 9855//9855
f 9856//9856 9857//9857 9858//9858
f 9859//9859 9860//9860 9861//9861
f 9862//9862 9863//9863 9864//9864
f 9865//9865 9866//9866 9867//9867
f 9868//9868 9869//9869 9870//9870
f 9871//9871 9872//9872 9873//9873
f 9874//9874 9875//9875 9876//9876
f 9877//9877 9878//9878 9879//9879
f 9880//9880 9881//9881 9882//9882
f 9883//9883 9884//9884 9885//9885
f 9886//9886 9887//9887 9888//9888
f 9889//9889 9890//9890 9891//9891
f 9892//9892 9893//9893 9894//9894
f 9895//9895 9896//9896 9897//9897
f 9898//9898 9899//9899 9900//9900
f 9901//9901 9902//9902 9903//9903
f 9904//9904 9905//9905 9906//9906
f 9907//9907 9908//9908 9909//9909
f 9910//9910 9911//9911 9912//9912
f 9913//9913 9914//9914 9915//9915
f 9916//9916 9917//9917 9918//9918
f 9919//9919 9920//9920 9921//9921
f 9922//9922 9923//9923 9924//9924
f 9925//9925 9926//9926 9927//9927
f 9928//9928 9929//9929 9930//9930
f 9931//9931 9932//9932 9933//9933
f 9934//9934 9935//9935 9936//9936
f 9937//9937 9938//9938 9939//9939
f 9940//9940 9941//9941 9942//9942
f 9943//9943 9944//9944 9945//9945
f 9946//9946 9947//9947 9948//9948
f 9949//9949 9950//9950 9951//9951
f 9952//9952 9953//9953 9954//9954
f 9955//9955 9956//9956 9957//9957
f 9958//9958 9959//9959 9960//9960
f 9961//9961 9962//9962 9963//9963
f 9964//9964 9965//9965 9966//9966
f 9967//9967 9968//9968 9969//9969
f 9970//9970 9971//9971 9972//9972
f 9973//9973 9974//9974 9975//9975
f 9976//9976 9977//9977 9978//9978
f 9979//9979 9980//9980 9981//9981
f 9982//9982 9983//9983 9984//9984
f 9985//9985 9986//9986 9987//9987
f 9988//9988 9989//9989 9990//9990
f 9991//9991 9992//9992 9993//9993
f 9994//9994 9995//9995 9996//9996
f 9997//9997 9998//9998 9999//9999
f 10000//10000 10001//10001 10002//10002
f 10003//10003 10004//10004 10005//10005
f 10006//10006 10007//10007 10008//10008
f 10009//10009 10010//10010 10011//10011
f 10012//10012 10013//10013 10014//10014
f 10015//10015 10016//10016 10017//10017
f 10018//10018 10019//10019 10020//10020
f 10021//10021 10022//10022 10023//10023
f 10024//10024 10025//10025 10026//10026
f 10027//10027 10028//10028 10029//10029
f 10030//10030 10031//10031 10032//10032
f 10033//10033 10034//10034 10035//10035
f 10036//10036 10037//10037 10038//10038
f 10039//10039 10040//10040 10041//10041
f 10042//10042 10043//10043 10044//10044
f 10044//10044 10045//10045 10042//10042
f 10046//10046 10047//10047 10048//10048
f 10047//10047 10049//10049 10048//10048
f 10049//10049 10050//10050 10048//10048
f 10051//10051 10052//10052 10053//10053
f 10052//10052 10054//10054 10053//10053
f 10055//10055 10056//10056 10057//10057
f 10055//10055 10058//10058 10056//10056
f 10059//10059 10060//10060 10056//10056
f 10059//10059 10061//10061 10060//10060
f 10061//10061 10062//10062 10060//10060
f 10061//10061 10063//10063 10062//10062
f 10063//10063 10064//10064 10062//10062
f 10061//10061 10065//10065 10063//10063
f 10065//10065 10066//10066 10063//10063
f 10065//10065 10067//10067 10066//10066
f 10067//10067 10068//10068 10066//10066
f 10067//10067 10069//10069 10068//10068
f 10069//10069 10070//10070 10068//10068
f 10071//10071 10072//10072 10073//10073
f 10072//10072 10074//10074 10073//10073
f 10075//10075 10076//10076 10077//10077
f 10076//10076 10075//10075 10078//10078
f 10075//10075 10079//10079 10078//10078
f 10080//10080 10081//10081 10082//10082
f 10081//10081 10080//10080 10083//10083
f 10084//10084 10085//10085 10086//10086
f 10085//10085 10087//10087 10086//10086
f 10085//10085 10088//10088 10087//10087
f 10088//10088 10089//10089 10087//10087
f 10088//10088 10090//10090 10089//10089
f 10090//10090 10091//10091 10089//10089
f 10090//10090 10092//10092 10091//10091
f 10092//10092 10093//10093 10091//10091
f 10094//10094 10095//10095 10096//10096
f 10095//10095 10097//10097 10096//10096
f 10098//10098 10099//10099 10100//10100
f 10099//10099 10101//10101 10100//10100
f 10099//10099 10102//10102 10101//10101
f 10102//10102 10103//10103 10101//10101
f 10102//10102 10104//10104 10103//10103
f 10104//10104 10105//10105 10103//10103
f 10104//10104 10106//10106 10105//10105
f 10106//10106 10107//10107 10105//10105
f 10108//10108 10109//10109 10110//10110
f 10109//10109 10111//10111 10110//10110
f 10112//10112 10113//10113 10114//10114
f 10112//10112 10115//10115 10113//10113
f 10112//10112 10116//10116 10115//10115
f 10116//10116 10117//10117 10115//10115
f 10118//10118 10119//10119 10120//10120
f 10118//10118 10121//10121 10119//10119
f 10121//10121 10122//10122 10119//10119
f 10121//10121 10123//10123 10122//10122
f 10124//10124 10121//10121 10125//10125
f 10121//10121 10126//10126 10125//10125
f 10126//10126 10127//10127 10125//10125
f 10127//10127 10128//10128 10129//10129
f 10128//10128 10127//10127 10130//10130
f 10127//10127 10131//10131 10130//10130
f 10131//10131 10132//10132 10130//10130
f 10133//10133 10134//10134 10135//10135
f 10134//10134 10136//10136 10135//10135
f 10137//10137 10138//10138 10139//10139
f 10138//10138 10140//10140 10139//10139
f 10141//10141 10142//10142 10143//10143
f 10141//10141 10144//10144 10142//10142
f 10145//10145 10146//10146 10147//10147
f 10145//10145 10148//10148 10146//10146
f 10149//10149 10150//10150 10151//10151
f 10149//10149 10151//10151 10152//10152
f 10153//10153 10149//10149 10152//10152
f 10152//10152 10154//10154 10153//10153
f 10154//10154 10155//10155 10153//10153
f 10154//10154 10156//10156 10155//10155
f 10156//10156 10157//10157 10155//10155
f 10158//10158 10159//10159 10151//10151
f 10159//10159 10160//10160 10151//10151
f 10159//10159 10161//10161 10160//10160
f 10161//10161 10162//10162 10160//10160
f 10163//10163 10164//10164 10165//10165
f 10166//10166 10163//10163 10165//10165
f 10165//10165 10167//10167 10166//10166
f 10167//10167 10168//10168 10166//10166
f 10167//10167 10169//10169 10168//10168
f 10169//10169 10170//10170 10168//10168
f 10169//10169 10171//10171 10172//10172
f 10171//10171 10169//10169 10173//10173
f 10171//10171 10173//10173 10174//10174
f 10174//10174 10173//10173 10175//10175
f 10176//10176 10177//10177 10178//10178
f 10178//10178 10177//10177 10179//10179
f 10180//10180 10181//10181 10182//10182
f 10181//10181 10183//10183 10182//10182
f 10181//10181 10184//10184 10183//10183
f 10185//10185 10186//10186 10187//10187
f 10185//10185 10188//10188 10186//10186
f 10188//10188 10185//10185 10189//10189
f 10190//10190 10191//10191 10192//10192
f 10190//10190 10193//10193 10191//10191
f 10193//10193 10194//10194 10191//10191
f 10195//10195 10196//10196 10197//10197
f 10196//10196 10198//10198 10197//10197
f 10199//10199 10200//10200 10201//10201
f 10200//10200 10202//10202 10201//10201
f 10203//10203 10200//10200 10204//10204
f 10205//10205 10203//10203 10204//10204
f 10206//10206 10207//10207 10208//10208
f 10207//10207 10209//10209 10208//10208
f 10207//10207 10210//10210 10209//10209
f 10210//10210 10211//10211 10209//10209
f 10210//10210 10212//10212 10211//10211
f 10213//10213 10214//10214 10215//10215
f 10213//10213 10216//10216 10214//10214
f 10216//10216 10217//10217 10214//10214
f 10218//10218 10217//10217 10219//10219
f 10218//10218 10219//10219 10220//10220
f 10221//10221 10218//10218 10220//10220
f 10221//10221 10220//10220 10222//10222
f 10223//10223 10224//10224 10219//10219
f 10223//10223 10225//10225 10224//10224
f 10226//10226 10220//10220 10227//10227
f 10228//10228 10226//10226 10227//10227
f 10229//10229 10222//10222 10230//10230
f 10229//10229 10231//10231 10222//10222
f 10232//10232 10233//10233 10234//10234
f 10233//10233 10235//10235 10234//10234
f 10233//10233 10236//10236 10235//10235
f 10237//10237 10238//10238 10239//10239
f 10238//10238 10240//10240 10239//10239
f 10238//10238 10241//10241 10240//10240
f 10241//10241 10242//10242 10240//10240
f 10243//10243 10244//10244 10245//10245
f 10244//10244 10246//10246 10245//10245
f 10247//10247 10248//10248 10249//10249
f 10248//10248 10250//10250 10249//10249
f 10251//10251 10252//10252 10253//10253
f 10252//10252 10254//10254 10253//10253
f 10255//10255 10256//10256 10257//10257
f 10258//10258 10259//10259 10260//10260
f 10261//10261 10262//10262 10263//10263
f 10264//10264 10265//10265 10266//10266
f 10267//10267 10268//10268 10269//10269
f 10270//10270 10271//10271 10272//10272
f 10273//10273 10274//10274 10275//10275
f 10276//10276 10277//10277 10278//10278
f 10279//10279 10280//10280 10281//10281
f 10282//10282 10283//10283 10284//10284
f 10285//10285 10286//10286 10287//10287
f 10288//10288 10289//10289 10290//10290
f 10291//10291 10292//10292 10293//10293
f 10294//10294 10295//10295 10296//10296
f 10297//10297 10298//10298 10299//10299
f 10300//10300 10301//10301 10302//10302
f 10303//10303 10304//10304 10305//10305
f 10306//10306 10307//10307 10308//10308
f 10309//10309 10310//10310 10311//10311
f 10312//10312 10313//10313 10314//10314
f 10315//10315 10316//10316 10317//10317
f 10318//10318 10319//10319 10320//10320
f 10321//10321 10322//10322 10323//10323
f 10324//10324 10325//10325 10326//10326
f 10327//10327 10328//10328 10329//10329
f 10330//10330 10331//10331 10332//10332
f 10333//10333 10334//10334 10335//10335
f 10336//10336 10337//10337 10338//10338
f 10339//10339 10340//10340 10341//10341
f 10342//10342 10343//10343 10344//10344
f 10345//10345 10346//10346 10347//10347
f 10348//10348 10349//10349 10350//10350
f 10351//10351 10352//10352 10353//10353
f 10354//10354 10355//10355 10356//10356
f 10357//10357 10358//10358 10359//10359
f 10360//10360 10361//10361 10362//10362
f 10363//10363 10364//10364 10365//10365
f 10366//10366 10367//10367 10368//10368
f 10369//10369 10370//10370 10371//10371
f 10372//10372 10373//10373 10374//10374
f 10375//10375 10376//10376 10377//10377
f 10378//10378 10379//10379 10380//10380
f 10381//10381 10382//10382 10383//10383
f 10384//10384 10385//10385 10386//10386
f 10387//10387 10388//10388 10389//10389
f 10390//10390 10391//10391 10392//10392
f 10393//10393 10394//10394 10395//10395
f 10396//10396 10397//10397 10398//10398
f 10399//10399 10400//10400 10401//10401
f 10402//10402 10403//10403 10404//10404
f 10405//10405 10406//10406 10407//10407
f 10408//10408 10409//10409 10410//10410
f 10411//10411 10412//10412 10413//10413
f 10414//10414 10415//10415 10416//10416
f 10417//10417 10418//10418 10419//10419
f 10420//10420 10421//10421 10422//10422
f 10423//10423 10424//10424 10425//10425
f 10426//10426 10427//10427 10428//10428
f 10429//10429 10430//10430 10431//10431
f 10432//10432 10433//10433 10434//10434
f 10435//10435 10436//10436 10437//10437
f 10438//10438 10439//10439 10440//10440
f 10441//10441 10442//10442 10443//10443
f 10444//10444 10445//10445 10446//10446
f 10447//10447 10448//10448 10449//10449
f 10450//10450 10451//10451 10452//10452
f 10453//10453 10454//10454 10455//10455
f 10456//10456 10457//10457 10458//10458
f 10459//10459 10460//10460 10461//10461
f 10462//10462 10463//10463 10464//10464
f 10465//10465 10466//10466 10467//10467
f 10468//10468 10469//10469 10470//10470
f 10471//10471 10472//10472 10473//10473
f 10474//10474 10475//10475 10476//10476
f 10477//10477 10478//10478 10479//10479
f 10480//10480 10481//10481 10482//10482
f 10483//10483 10484//10484 10485//10485
f 10486//10486 10487//10487 10488//10488
f 10489//10489 10490//10490 10491//10491
f 10492//10492 10493//10493 10494//10494
f 10495//10495 10496//10496 10497//10497
f 10498//10498 10499//10499 10500//10500
f 10501//10501 10502//10502 10503//10503
f 10504//10504 10505//10505 10506//10506
f 10507//10507 10508//10508 10509//10509
f 10510//10510 10511//10511 10512//10512
f 10513//10513 10514//10514 10515//10515
f 10516//10516 10517//10517 10518//10518
f 10519//10519 10520//10520 10521//10521
f 10522//10522 10523//10523 10521//10521
f 10522//10522 10521//10521 10524//10524
f 10525//10525 10522//10522 10524//10524
f 10525//10525 10524//10524 10526//10526
f 10524//10524 10527//10527 10526//10526
f 10527//10527 10524//10524 10528//10528
f 10527//10527 10528//10528 10529//10529
f 10530//10530 10531//10531 10529//10529
f 10531//10531 10532//10532 10529//10529
f 10532//10532 10533//10533 10529//10529
f 10523//10523 10534//10534 10535//10535
f 10523//10523 10536//10536 10534//10534
f 10534//10534 10536//10536 10537//10537
f 10534//10534 10537//10537 10538//10538
f 10539//10539 10540//10540 10541//10541
f 10542//10542 10543//10543 10544//10544
f 10545//10545 10546//10546 10547//10547
f 10548//10548 10549//10549 10550//10550
f 10551//10551 10552//10552 10553//10553
f 10554//10554 10555//10555 10556//10556
f 10557//10557 10558//10558 10559//10559
f 10560//10560 10561//10561 10562//10562
f 10563//10563 10564//10564 10565//10565
f 10566//10566 10567//10567 10568//10568
f 10569//10569 10570//10570 10571//10571
f 10572//10572 10573//10573 10574//10574
f 10575//10575 10576//10576 10577//10577
f 10578//10578 10579//10579 10580//10580
f 10581//10581 10582//10582 10583//10583
f 10584//10584 10585//10585 10586//10586
f 10587//10587 10588//10588 10589//10589
f 10590//10590 10591//10591 10592//10592
f 10593//10593 10594//10594 10595//10595
f 10596//10596 10595//10595 10597//10597
f 10598//10598 10599//10599 10600//10600
f 10601//10601 10600//10600 10602//10602
f 10602//10602 10603//10603 10601//10601
f 10603//10603 10602//10602 10604//10604
f 10600//10600 10605//10605 10602//10602
f 10605//10605 10606//10606 10602//10602
f 10605//10605 10607//10607 10606//10606
f 10605//10605 10608//10608 10607//10607
f 10608//10608 10605//10605 10609//10609
f 10606//10606 10610//10610 10611//10611
f 10606//10606 10612//10612 10610//10610
f 10613//10613 10614//10614 10615//10615
f 10616//10616 10617//10617 10618//10618
f 10616//10616 10618//10618 10619//10619
f 10620//10620 10616//10616 10619//10619
f 10619//10619 10621//10621 10620//10620
f 10622//10622 10623//10623 10624//10624
f 10622//10622 10625//10625 10623//10623
f 10626//10626 10627//10627 10628//10628
f 10626//10626 10629//10629 10627//10627
f 10630//10630 10631//10631 10632//10632
f 10631//10631 10633//10633 10632//10632
f 10634//10634 10635//10635 10636//10636
f 10635//10635 10637//10637 10636//10636
f 10638//10638 10639//10639 10640//10640
f 10638//10638 10641//10641 10639//10639
f 10641//10641 10642//10642 10639//10639
f 10641//10641 10643//10643 10642//10642
f 10644//10644 10645//10645 10646//10646
f 10645//10645 10647//10647 10646//10646
f 10645//10645 10648//10648 10647//10647
f 10648//10648 10649//10649 10647//10647
f 10648//10648 10650//10650 10649//10649
f 10651//10651 10652//10652 10653//10653
f 10653//10653 10654//10654 10651//10651
f 10655//10655 10653//10653 10656//10656
f 10657//10657 10655//10655 10656//10656
f 10657//10657 10658//10658 10655//10655
f 10658//10658 10659//10659 10655//10655
f 10660//10660 10661//10661 10662//10662
f 10660//10660 10663//10663 10661//10661
f 10664//10664 10665//10665 10666//10666
f 10665//10665 10667//10667 10666//10666
f 10668//10668 10669//10669 10670//10670
f 10669//10669 10671//10671 10670//10670
f 10672//10672 10673//10673 10674//10674
f 10673//10673 10675//10675 10674//10674
f 10676//10676 10677//10677 10678//10678
f 10677//10677 10679//10679 10678//10678
f 10680//10680 10681//10681 10682//10682
f 10681//10681 10683//10683 10682//10682
f 10684//10684 10685//10685 10686//10686
f 10685//10685 10687//10687 10686//10686
f 10688//10688 10689//10689 10690//10690
f 10689//10689 10691//10691 10690//10690
f 10692//10692 10693//10693 10694//10694
f 10695//10695 10696//10696 10697//10697
f 10698//10698 10697//10697 10699//10699
f 10700//10700 10698//10698 10699//10699
f 10700//10700 10699//10699 10701//10701
f 10702//10702 10700//10700 10701//10701
f 10702//10702 10701//10701 10703//10703
f 10704//10704 10702//10702 10703//10703
f 10705//10705 10706//10706 10707//10707
f 10708//10708 10709//10709 10710//10710
f 10711//10711 10712//10712 10713//10713
f 10714//10714 10715//10715 10716//10716
f 10717//10717 10718//10718 10719//10719
f 10720//10720 10721//10721 10722//10722
f 10723//10723 10724//10724 10725//10725
f 10726//10726 10727//10727 10728//10728
f 10729//10729 10730//10730 10731//10731
f 10732//10732 10733//10733 10734//10734
f 10735//10735 10736//10736 10737//10737
f 10738//10738 10739//10739 10740//10740
f 10741//10741 10742//10742 10743//10743
f 10744//10744 10743//10743 10745//10745
f 10746//10746 10744//10744 10745//10745
f 10746//10746 10745//10745 10747//10747
f 10748//10748 10746//10746 10747//10747
f 10749//10749 10746//10746 10748//10748
f 10750//10750 10749//10749 10748//10748
f 10749//10749 10751//10751 10746//10746
f 10746//10746 10751//10751 10752//10752
f 10750//10750 10748//10748 10753//10753
f 10754//10754 10750//10750 10753//10753
f 10755//10755 10754//10754 10753//10753
f 10755//10755 10753//10753 10756//10756
f 10757//10757 10755//10755 10756//10756
f 10758//10758 10757//10757 10756//10756
f 10758//10758 10746//10746 10759//10759
f 10757//10757 10758//10758 10760//10760
f 10758//10758 10759//10759 10760//10760
f 10758//10758 10756//10756 10761//10761
f 10762//10762 10758//10758 10761//10761
f 10762//10762 10761//10761 10763//10763
f 10762//10762 10763//10763 10764//10764
f 10744//10744 10762//10762 10764//10764
f 10765//10765 10766//10766 10767//10767
f 10768//10768 10769//10769 10770//10770
f 10771//10771 10772//10772 10773//10773
f 10774//10774 10775//10775 10776//10776
f 10777//10777 10774//10774 10776//10776
f 10777//10777 10776//10776 10778//10778
f 10779//10779 10777//10777 10778//10778
f 10779//10779 10778//10778 10780//10780
f 10781//10781 10779//10779 10780//10780
f 10781//10781 10780//10780 10782//10782
f 10783//10783 10781//10781 10782//10782
f 10783//10783 10782//10782 10784//10784
f 10785//10785 10783//10783 10784//10784
f 10785//10785 10784//10784 10786//10786
f 10787//10787 10785//10785 10786//10786
f 10787//10787 10786//10786 10788//10788
f 10789//10789 10787//10787 10788//10788
f 10789//10789 10788//10788 10790//10790
f 10791//10791 10789//10789 10790//10790
f 10791//10791 10790//10790 10792//10792
f 10793//10793 10791//10791 10792//10792
f 10794//10794 10795//10795 10796//10796
f 10797//10797 10794//10794 10796//10796
f 10797//10797 10796//10796 10798//10798
f 10799//10799 10797//10797 10798//10798
f 10799//10799 10798//10798 10800//10800
f 10801//10801 10799//10799 10800//10800
f 10801//10801 10800//10800 10802//10802
f 10803//10803 10801//10801 10802//10802
f 10803//10803 10802//10802 10804//10804
f 10805//10805 10803//10803 10804//10804
f 10805//10805 10804//10804 10806//10806
f 10807//10807 10805//10805 10806//10806
f 10807//10807 10806//10806 10808//10808
f 10809//10809 10807//10807 10808//10808
f 10809//10809 10808//10808 10810//10810
f 10811//10811 10809//10809 10810//10810
f 10811//10811 10810//10810 10812//10812
f 10813//10813 10811//10811 10812//10812
f 10814//10814 10815//10815 10816//10816
f 10815//10815 10817//10817 10816//10816
f 10815//10815 10818//10818 10817//10817
f 10818//10818 10819//10819 10817//10817
f 10818//10818 10820//10820 10819//10819
f 10820//10820 10821//10821 10819//10819
f 10820//10820 10822//10822 10821//10821
f 10822//10822 10823//10823 10821//10821
f 10824//10824 10825//10825 10826//10826
f 10825//10825 10827//10827 10826//10826
f 10825//10825 10828//10828 10827//10827
f 10828//10828 10829//10829 10827//10827
f 10828//10828 10830//10830 10829//10829
f 10830//10830 10831//10831 10829//10829
f 10830//10830 10832//10832 10831//10831
f 10832//10832 10833//10833 10831//10831
f 10832//10832 10834//10834 10833//10833
f 10834//10834 10835//10835 10833//10833
f 10836//10836 10837//10837 10838//10838
f 10837//10837 10839//10839 10838//10838
f 10837//10837 10840//10840 10839//10839
f 10840//10840 10841//10841 10839//10839
f 10840//10840 10842//10842 10841//10841
f 10842//10842 10843//10843 10841//10841
f 10842//10842 10844//10844 10843//10843
f 10842//10842 10845//10845 10844//10844
f 10845//10845 10846//10846 10844//10844
f 10845//10845 10847//10847 10846//10846
f 10847//10847 10848//10848 10846//10846
f 10848//10848 10849//10849 10846//10846
f 10848//10848 10850//10850 10849//10849
f 10850//10850 10851//10851 10849//10849
f 10852//10852 10853//10853 10854//10854
f 10855//10855 10852//10852 10854//10854
f 10855//10855 10854//10854 10856//10856
f 10857//10857 10855//10855 10856//10856
f 10857//10857 10856//10856 10858//10858
f 10859//10859 10857//10857 10858//10858
f 10859//10859 10858//10858 10860//10860
f 10861//10861 10859//10859 10860//10860
f 10861//10861 10860//10860 10862//10862
f 10863//10863 10861//10861 10862//10862
f 10863//10863 10862//10862 10864//10864
f 10865//10865 10863//10863 10864//10864
f 10865//10865 10864//10864 10866//10866
f 10867//10867 10865//10865 10866//10866
f 10867//10867 10866//10866 10868//10868
f 10869//10869 10867//10867 10868//10868
f 10869//10869 10868//10868 10870//10870
f 10871//10871 10869//10869 10870//10870
f 10872//10872 10873//10873 10874//10874
f 10873//10873 10875//10875 10874//10874
f 10873//10873 10876//10876 10875//10875
f 10876//10876 10877//10877 10875//10875
f 10876//10876 10878//10878 10877//10877
f 10878//10878 10879//10879 10877//10877
f 10878//10878 10880//10880 10879//10879
f 10880//10880 10881//10881 10879//10879
f 10880//10880 10882//10882 10881//10881
f 10882//10882 10883//10883 10881//10881
f 10884//10884 10885//10885 10886//10886
f 10885//10885 10887//10887 10886//10886
f 10885//10885 10888//10888 10887//10887
f 10888//10888 10889//10889 10887//10887
f 10888//10888 10890//10890 10889//10889
f 10890//10890 10891//10891 10889//10889
f 10892//10892 10893//10893 10894//10894
f 10893//10893 10895//10895 10894//10894
f 10893//10893 10896//10896 10895//10895
f 10896//10896 10897//10897 10895//10895
f 10896//10896 10898//10898 10897//10897
f 10898//10898 10899//10899 10897//10897
f 10898//10898 10900//10900 10899//10899
f 10900//10900 10901//10901 10899//10899
f 10900//10900 10902//10902 10901//10901
f 10902//10902 10903//10903 10901//10901
f 10904//10904 10905//10905 10906//10906
f 10905//10905 10907//10907 10906//10906
f 10905//10905 10908//10908 10907//10907
f 10908//10908 10909//10909 10907//10907
f 10909//10909 10908//10908 10910//10910
f 10908//10908 10911//10911 10910//10910
f 10909//10909 10910//10910 10912//10912
f 10911//10911 10913//10913 10910//10910
f 10914//10914 10909//10909 10912//10912
f 10911//10911 10915//10915 10913//10913
f 10912//10912 10916//10916 10914//10914
f 10911//10911 10917//10917 10915//10915
f 10917//10917 10918//10918 10915//10915
f 10916//10916 10919//10919 10914//10914
f 10916//10916 10920//10920 10919//10919
f 10920//10920 10921//10921 10919//10919
f 10917//10917 10922//10922 10918//10918
f 10921//10921 10923//10923 10919//10919
f 10921//10921 10922//10922 10923//10923
f 10922//10922 10917//10917 10924//10924
f 10922//10922 10924//10924 10923//10923
f 10924//10924 10925//10925 10923//10923
f 10925//10925 10926//10926 10923//10923
f 10925//10925 10927//10927 10926//10926
f 10927//10927 10928//10928 10926//10926
f 10929//10929 10930//10930 10931//10931
f 10930//10930 10932//10932 10931//10931
f 10933//10933 10934//10934 10935//10935
f 10933//10933 10936//10936 10934//10934
f 10936//10936 10937//10937 10934//10934
f 10936//10936 10938//10938 10937//10937
f 10939//10939 10940//10940 10941//10941
f 10940//10940 10942//10942 10941//10941
f 10940//10940 10943//10943 10942//10942
f 10943//10943 10944//10944 10942//10942
f 10943//10943 10945//10945 10944//10944
f 10944//10944 10945//10945 10946//10946
f 10943//10943 10947//10947 10945//10945
f 10945//10945 10948//10948 10946//10946
f 10947//10947 10943//10943 10949//10949
f 10948//10948 10950//10950 10946//10946
f 10951//10951 10947//10947 10949//10949
f 10950//10950 10952//10952 10946//10946
f 10950//10950 10953//10953 10952//10952
f 10951//10951 10949//10949 10954//10954
f 10955//10955 10951//10951 10954//10954
f 10956//10956 10955//10955 10954//10954
f 10953//10953 10957//10957 10952//10952
f 10956//10956 10954//10954 10958//10958
f 10957//10957 10956//10956 10958//10958
f 10957//10957 10959//10959 10952//10952
f 10957//10957 10958//10958 10959//10959
f 10958//10958 10960//10960 10959//10959
f 10960//10960 10961//10961 10959//10959
f 10960//10960 10962//10962 10961//10961
f 10962//10962 10963//10963 10961//10961
f 10964//10964 10965//10965 10966//10966
f 10965//10965 10967//10967 10966//10966
f 10965//10965 10968//10968 10967//10967
f 10968//10968 10969//10969 10967//10967
f 10970//10970 10971//10971 10972//10972
f 10971//10971 10973//10973 10972//10972
f 10971//10971 10974//10974 10973//10973
f 10974//10974 10975//10975 10973//10973
f 10974//10974 10976//10976 10975//10975
f 10976//10976 10977//10977 10975//10975
f 10978//10978 10979//10979 10980//10980
f 10979//10979 10981//10981 10980//10980
f 10979//10979 10982//10982 10981//10981
f 10982//10982 10983//10983 10981//10981
f 10984//10984 10985//10985 10986//10986
f 10985//10985 10987//10987 10986//10986
f 10987//10987 10988//10988 10986//10986
f 10987//10987 10989//10989 10988//10988
f 10990//10990 10991//10991 10992//10992
f 10991//10991 10993//10993 10992//10992
f 10991//10991 10994//10994 10993//10993
f 10994//10994 10995//10995 10993//10993
f 10994//10994 10996//10996 10995//10995
f 10996//10996 10997//10997 10995//10995
f 10998//10998 10999//10999 11000//11000
f 11001//11001 10998//10998 11000//11000
f 11001//11001 11000//11000 11002//11002
f 11003//11003 11001//11001 11002//11002
f 11003//11003 11002//11002 11004//11004
f 11005//11005 11003//11003 11004//11004
f 11006//11006 11005//11005 11004//11004
f 11006//11006 11004//11004 11007//11007
f 11008//11008 11006//11006 11007//11007
f 11008//11008 11007//11007 11009//11009
f 11008//11008 11009//11009 11010//11010
f 11011//11011 11008//11008 11010//11010
f 11011//11011 11010//11010 11012//11012
f 11013//11013 11011//11011 11012//11012
f 11014//11014 11015//11015 11016//11016
f 11014//11014 11017//11017 11015//11015
f 11018//11018 11014//11014 11016//11016
f 11014//11014 11019//11019 11017//11017
f 11019//11019 11020//11020 11017//11017
f 11019//11019 11021//11021 11020//11020
f 11021//11021 11019//11019 11022//11022
f 11019//11019 11023//11023 11022//11022
f 11024//11024 11018//11018 11016//11016
f 11023//11023 11025//11025 11022//11022
f 11026//11026 11018//11018 11024//11024
f 11027//11027 11026//11026 11024//11024
f 11026//11026 11028//11028 11018//11018
f 11028//11028 11029//11029 11018//11018
f 11029//11029 11023//11023 11018//11018
f 11027//11027 11024//11024 11030//11030
f 11031//11031 11027//11027 11030//11030
f 11032//11032 11031//11031 11030//11030
f 11032//11032 11030//11030 11025//11025
f 11033//11033 11032//11032 11025//11025
f 11023//11023 11033//11033 11025//11025
f 11029//11029 11034//11034 11023//11023
f 11035//11035 11033//11033 11023//11023
f 11034//11034 11035//11035 11023//11023
f 11036//11036 11037//11037 11038//11038
f 11039//11039 11040//11040 11041//11041
f 11042//11042 11043//11043 11044//11044
f 11045//11045 11046//11046 11047//11047
f 11048//11048 11049//11049 11050//11050
f 11051//11051 11052//11052 11053//11053
f 11054//11054 11055//11055 11056//11056
f 11057//11057 11058//11058 11059//11059
f 11060//11060 11061//11061 11062//11062
f 11063//11063 11064//11064 11065//11065
f 11066//11066 11067//11067 11068//11068
f 11069//11069 11070//11070 11071//11071
f 11072//11072 11073//11073 11074//11074
f 11075//11075 11076//11076 11077//11077
f 11078//11078 11075//11075 11079//11079
f 11080//11080 11078//11078 11079//11079
f 11080//11080 11081//11081 11078//11078
f 11082//11082 11080//11080 11079//11079
f 11082//11082 11079//11079 11083//11083
f 11080//11080 11084//11084 11081//11081
f 11084//11084 11085//11085 11081//11081
f 11084//11084 11086//11086 11085//11085
f 11086//11086 11084//11084 11087//11087
f 11088//11088 11086//11086 11087//11087
f 11088//11088 11087//11087 11089//11089
f 11090//11090 11088//11088 11089//11089
f 11091//11091 11090//11090 11089//11089
f 11090//11090 11091//11091 11092//11092
f 11093//11093 11090//11090 11092//11092
f 11094//11094 11093//11093 11092//11092
f 11095//11095 11094//11094 11092//11092
f 11096//11096 11097//11097 11098//11098
f 11099//11099 11100//11100 11101//11101
f 11102//11102 11103//11103 11104//11104
f 11105//11105 11106//11106 11107//11107
f 11108//11108 11109//11109 11110//11110
f 11111//11111 11112//11112 11113//11113
f 11114//11114 11115//11115 11116//11116
f 11117//11117 11118//11118 11119//11119
f 11120//11120 11121//11121 11122//11122
f 11123//11123 11124//11124 11125//11125
f 11126//11126 11127//11127 11128//11128
f 11129//11129 11130//11130 11131//11131
f 11132//11132 11133//11133 11134//11134
f 11135//11135 11136//11136 11137//11137
f 11138//11138 11139//11139 11140//11140
f 11141//11141 11142//11142 11143//11143
f 11144//11144 11145//11145 11146//11146
f 11147//11147 11148//11148 11149//11149
f 11150//11150 11151//11151 11152//11152
f 11153//11153 11152//11152 11154//11154
f 11155//11155 11153//11153 11154//11154
f 11155//11155 11154//11154 11156//11156
f 11157//11157 11155//11155 11156//11156
f 11155//11155 11157//11157 11158//11158
f 11155//11155 11158//11158 11159//11159
f 11160//11160 11161//11161 11152//11152
f 11161//11161 11160//11160 11162//11162
f 11160//11160 11163//11163 11162//11162
f 11160//11160 11164//11164 11163//11163
f 11165//11165 11166//11166 11167//11167
f 11168//11168 11169//11169 11170//11170
f 11171//11171 11172//11172 11173//11173
f 11174//11174 11175//11175 11176//11176
f 11177//11177 11178//11178 11179//11179
f 11180//11180 11181//11181 11182//11182
f 11183//11183 11184//11184 11185//11185
f 11186//11186 11187//11187 11188//11188
f 11189//11189 11190//11190 11191//11191
f 11192//11192 11193//11193 11194//11194
f 11195//11195 11196//11196 11197//11197
f 11198//11198 11199//11199 11200//11200
f 11201//11201 11202//11202 11203//11203
f 11204//11204 11205//11205 11206//11206
f 11207//11207 11208//11208 11209//11209
f 11210//11210 11211//11211 11212//11212
f 11213//11213 11214//11214 11215//11215
f 11216//11216 11217//11217 11218//11218
f 11219//11219 11220//11220 11221//11221
f 11222//11222 11223//11223 11224//11224
f 11225//11225 11226//11226 11227//11227
f 11228//11228 11229//11229 11230//11230
f 11231//11231 11228//11228 11232//11232
f 11233//11233 11231//11231 11232//11232
f 11234//11234 11235//11235 11236//11236
f 11237//11237 11238//11238 11239//11239
f 11240//11240 11241//11241 11242//11242
f 11243//11243 11244//11244 11245//11245
f 11246//11246 11247//11247 11248//11248
f 11249//11249 11250//11250 11251//11251
f 11252//11252 11251//11251 11253//11253
f 11254//11254 11252//11252 11253//11253
f 11254//11254 11253//11253 11255//11255
f 11256//11256 11254//11254 11255//11255
f 11257//11257 11254//11254 11256//11256
f 11258//11258 11257//11257 11256//11256
f 11257//11257 11259//11259 11254//11254
f 11259//11259 11260//11260 11254//11254
f 11258//11258 11256//11256 11261//11261
f 11262//11262 11258//11258 11261//11261
f 11263//11263 11262//11262 11261//11261
f 11263//11263 11261//11261 11264//11264
f 11265//11265 11263//11263 11264//11264
f 11266//11266 11265//11265 11264//11264
f 11267//11267 11266//11266 11254//11254
f 11266//11266 11264//11264 11268//11268
f 11269//11269 11266//11266 11268//11268
f 11269//11269 11268//11268 11270//11270
f 11269//11269 11270//11270 11271//11271
f 11252//11252 11269//11269 11271//11271
f 11272//11272 11265//11265 11273//11273
f 11267//11267 11272//11272 11273//11273
f 11274//11274 11275//11275 11276//11276
f 11277//11277 11278//11278 11279//11279
f 11280//11280 11281//11281 11282//11282
f 11283//11283 11284//11284 11285//11285
f 11286//11286 11287//11287 11288//11288
f 11287//11287 11289//11289 11288//11288
f 11289//11289 11290//11290 11288//11288
f 11290//11290 11291//11291 11288//11288
f 11291//11291 11292//11292 11288//11288
f 11291//11291 11293//11293 11292//11292
f 11291//11291 11294//11294 11293//11293
f 11294//11294 11295//11295 11293//11293
f 11294//11294 11296//11296 11295//11295
f 11296//11296 11297//11297 11295//11295
f 11297//11297 11298//11298 11295//11295
f 11298//11298 11299//11299 11295//11295
f 11300//11300 11301//11301 11302//11302
f 11301//11301 11303//11303 11302//11302
f 11303//11303 11304//11304 11302//11302
f 11304//11304 11082//11082 11302//11302
f 11305//11305 11306//11306 11307//11307
f 11306//11306 11308//11308 11307//11307
f 11309//11309 11310//11310 11311//11311
f 11310//11310 11312//11312 11311//11311
f 11313//11313 11314//11314 11315//11315
f 11316//11316 11313//11313 11315//11315
f 11316//11316 11315//11315 11317//11317
f 11318//11318 11316//11316 11317//11317
f 11318//11318 11317//11317 11319//11319
f 11320//11320 11318//11318 11319//11319
f 11320//11320 11319//11319 11321//11321
f 11322//11322 11320//11320 11321//11321
f 11322//11322 11321//11321 11323//11323
f 11324//11324 11322//11322 11323//11323
f 11324//11324 11323//11323 11325//11325
f 11326//11326 11324//11324 11325//11325
f 11326//11326 11325//11325 11327//11327
f 11328//11328 11326//11326 11327//11327
f 11328//11328 11327//11327 11329//11329
f 11330//11330 11328//11328 11329//11329
f 11330//11330 11329//11329 11331//11331
f 11332//11332 11330//11330 11331//11331
f 11333//11333 11334//11334 11335//11335
f 11336//11336 11333//11333 11335//11335
f 11336//11336 11335//11335 11337//11337
f 11338//11338 11336//11336 11337//11337
f 11338//11338 11337//11337 11339//11339
f 11340//11340 11338//11338 11339//11339
f 11340//11340 11339//11339 11341//11341
f 11342//11342 11340//11340 11341//11341
f 11342//11342 11341//11341 11343//11343
f 11344//11344 11342//11342 11343//11343
f 11344//11344 11343//11343 11345//11345
f 11346//11346 11344//11344 11345//11345
f 11346//11346 11345//11345 11347//11347
f 11348//11348 11346//11346 11347//11347
f 11348//11348 11347//11347 11349//11349
f 11350//11350 11348//11348 11349//11349
f 11350//11350 11349//11349 11351//11351
f 11352//11352 11350//11350 11351//11351
f 11353//11353 11354//11354 11355//11355
f 11356//11356 11353//11353 11355//11355
f 11356//11356 11355//11355 11357//11357
f 11358//11358 11356//11356 11357//11357
f 11358//11358 11357//11357 11359//11359
f 11360//11360 11358//11358 11359//11359
f 11360//11360 11359//11359 11361//11361
f 11362//11362 11360//11360 11361//11361
f 11362//11362 11361//11361 11363//11363
f 11364//11364 11362//11362 11363//11363
f 11364//11364 11363//11363 11365//11365
f 11366//11366 11364//11364 11365//11365
f 11366//11366 11365//11365 11367//11367
f 11368//11368 11366//11366 11367//11367
f 11368//11368 11367//11367 11369//11369
f 11370//11370 11368//11368 11369//11369
f 11370//11370 11369//11369 11371//11371
f 11372//11372 11370//11370 11371//11371
f 11373//11373 11374//11374 11375//11375
f 11373//11373 11376//11376 11374//11374
f 11376//11376 11373//11373 11377//11377
f 11373//11373 11378//11378 11377//11377
f 11373//11373 11379//11379 11378//11378
f 11379//11379 11380//11380 11378//11378
f 11379//11379 11381//11381 11380//11380
f 11381//11381 11382//11382 11380//11380
f 11382//11382 11383//11383 11380//11380
f 11383//11383 11384//11384 11380//11380
f 11385//11385 11382//11382 11381//11381
f 11385//11385 11381//11381 11386//11386
f 11387//11387 11385//11385 11386//11386
f 11388//11388 11387//11387 11386//11386
f 11389//11389 11388//11388 11386//11386
f 11390//11390 11389//11389 11386//11386
f 11389//11389 11390//11390 11391//11391
f 11389//11389 11391//11391 11392//11392
f 11393//11393 11389//11389 11392//11392
f 11393//11393 11392//11392 11384//11384
f 11394//11394 11393//11393 11384//11384
f 11395//11395 11394//11394 11384//11384
f 11396//11396 11397//11397 11398//11398
f 11397//11397 11399//11399 11398//11398
f 11397//11397 11400//11400 11399//11399
f 11400//11400 11401//11401 11399//11399
f 11402//11402 11403//11403 11404//11404
f 11403//11403 11405//11405 11404//11404
f 11403//11403 11406//11406 11405//11405
f 11406//11406 11407//11407 11405//11405
f 11406//11406 11408//11408 11407//11407
f 11408//11408 11409//11409 11407//11407
f 11410//11410 11411//11411 11412//11412
f 11411//11411 11413//11413 11412//11412
f 11411//11411 11414//11414 11413//11413
f 11414//11414 11415//11415 11413//11413
f 11416//11416 11417//11417 11418//11418
f 11417//11417 11419//11419 11418//11418
f 11419//11419 11420//11420 11418//11418
f 11419//11419 11421//11421 11420//11420
f 11422//11422 11423//11423 11424//11424
f 11423//11423 11425//11425 11424//11424
f 11423//11423 11426//11426 11425//11425
f 11426//11426 11427//11427 11425//11425
f 11426//11426 11428//11428 11427//11427
f 11428//11428 11429//11429 11427//11427
f 11430//11430 11431//11431 11432//11432
f 11433//11433 11430//11430 11432//11432
f 11430//11430 11434//11434 11431//11431
f 11430//11430 11433//11433 11435//11435
f 11433//11433 11436//11436 11435//11435
f 11436//11436 11437//11437 11435//11435
f 11436//11436 11438//11438 11437//11437
f 11438//11438 11439//11439 11437//11437
f 11439//11439 11440//11440 11437//11437
f 11430//11430 11435//11435 11441//11441
f 11439//11439 11442//11442 11440//11440
f 11430//11430 11443//11443 11434//11434
f 11442//11442 11443//11443 11440//11440
f 11444//11444 11430//11430 11441//11441
f 11443//11443 11445//11445 11434//11434
f 11443//11443 11442//11442 11445//11445
f 11440//11440 11443//11443 11446//11446
f 11447//11447 11444//11444 11441//11441
f 11444//11444 11447//11447 11448//11448
f 11444//11444 11448//11448 11449//11449
f 11443//11443 11450//11450 11446//11446
f 11450//11450 11444//11444 11449//11449
f 11450//11450 11451//11451 11446//11446
f 11450//11450 11449//11449 11451//11451
