# Generated from the Unity FBX import by robot-human-interface
o knee_ll.obj
v -0.140072465 0.0658 0.5214384
v -0.152197823 0.06652269 0.52143234
v -0.15019694 0.06605424 0.37793234
v -0.140072465 0.0658 0.5214384
v -0.139999986 0.0658 0.37793234
v -0.0781135857 0.0658 0.458314568
v -0.126658082 0.0658 0.358393073
v -0.139999986 0.0658 0.372682333
v -0.103234306 0.0658 0.3380073
v -0.07993118 0.0658 0.4829548
v -0.07260128 0.0658 0.439477772
v -0.06521511 0.0658 0.423676163
v -0.0751792639 0.0658 0.511297643
v -0.07007288 0.0658 0.317299068
v -0.05187465 0.0658 0.405470759
v -0.0394141674 0.0658 0.393764257
v -0.1386383 0.0658 0.5463168
v -0.03389609 0.0658 0.302474678
v -0.131284133 0.0658 0.5732083
v -0.1182041 0.0658 0.59782815
v -0.10003642 0.0658 0.618975163
v -0.0665017962 0.0658 0.530982
v -0.0824675 0.0658 0.63245666
v -0.054543566 0.0658 0.5488684
v -0.02417807 0.0658 0.3832023
v -0.0652449 0.0658 0.6419828
v -0.0147 0.0658 0.333821118
v -0.0134261446 0.0658 0.327457
v -0.00341294659 0.0658 0.295422673
v -0.0130403358 0.0658 0.3409424
v -0.008640445 0.0658 0.345713645
v -0.00502620731 0.0658 0.374933153
v -0.0497356355 0.0658 0.609721363
v -0.0458024628 0.0658 0.6014235
v -0.04898053 0.0658 0.6161675
v -0.0452015549 0.0658 0.6224274
v -0.0410808064 0.0658 0.649749935
v -0.0380652249 0.0658 0.6260812
v -0.0282526538 0.0658 0.6496615
v -0.0195888821 0.0658 0.626742661
v -0.0163311865 0.0658 0.6452503
v -0.0138414511 0.0658 0.6310311
v -0.0123312213 0.0658 0.63888514
v -0.0347293131 0.0658 0.5673314
v -0.0386775844 0.0658 0.5973144
v -0.020122841 0.0658 0.596663356
v -0.0153185017 0.0658 0.5789743
v -0.020122841 0.0658 0.596663356
v -0.0142756235 0.0658 0.592840254
v -0.0122113191 0.0658 0.5851132
v 0.0211585518 0.0658 0.3532272
v 0.019991301 0.0658 0.3660654
v 0.01466173 0.0658 0.36961934
v 0.0154111208 0.0658 0.3489388
v 0.01466173 0.0658 0.36961934
v -0.00306516234 0.0658 0.34827736
v -0.00306516234 0.0658 0.34827736
v -0.008640445 0.0658 0.345713645
v 0.0211585518 0.0658 0.3532272
v 0.02266878 0.0658 0.3610813
v 0.019991301 0.0658 0.3660654
v -0.008640445 0.0658 0.321928561
v -0.0134261446 0.0658 0.327457
v -0.00367767271 0.0658 0.319510549
v -0.008640445 0.0658 0.321928561
v 0.00815663952 0.0658 0.296036065
v 0.0148773659 0.0658 0.318859428
v -0.00367767271 0.0658 0.319510549
v 0.0192307122 0.0658 0.3006656
v 0.0195047818 0.0658 0.316168427
v 0.0148773659 0.0658 0.318859428
v 0.0225083083 0.0658 0.31137374
v 0.0192307122 0.0658 0.3006656
v 0.0220645927 0.0658 0.305010438
v -0.0436404422 0.21419999 0.5997324
v -0.03806523 0.21420002 0.5971688
v -0.0366645232 0.21420002 0.5658993
v -0.0195890386 0.21420002 0.5965074
v -0.0155937327 0.21420002 0.578703761
v -0.039213296 0.21420002 0.64070636
v -0.03733046 0.21420002 0.635952055
v -0.0436404422 0.21419999 0.6235175
v -0.0270812474 0.21420002 0.649435
v -0.03160213 0.21419999 0.642093658
v -0.03527346 0.21420002 0.6439663
v -0.09780116 0.21419999 0.4161573
v -0.09594878 0.21420002 0.4116241
v -0.126658082 0.21419999 0.358393073
v -0.03139787 0.21419999 0.3313524
v -0.0277265087 0.21420002 0.329479843
v -0.0371909179 0.21420002 0.303536415
v -0.0322132967 0.21420002 0.3349025
v -0.0371909179 0.21420002 0.303536415
v -0.0292978715 0.21419999 0.337815523
v -0.0221316628 0.21420002 0.382081658
v -0.0394141674 0.21419999 0.393764257
v -0.05105061 0.21420002 0.404566824
v -0.07314155 0.21420002 0.318900734
v -0.0322132967 0.21420002 0.3349025
v -0.06409454 0.21420002 0.4217905
v -0.0858765 0.21420002 0.414875269
v -0.08997409 0.21420002 0.410342067
v -0.0744633451 0.21420002 0.4442166
v -0.0858765 0.21420002 0.414875269
v -0.086698316 0.21419999 0.4191323
v -0.09056909 0.21420002 0.422132
v -0.0744633451 0.21420002 0.4442166
v -0.07953675 0.21420002 0.468397319
v -0.08997409 0.21420002 0.410342067
v -0.105989225 0.21420002 0.340103179
v -0.09594878 0.21420002 0.4116241
v -0.126658082 0.21419999 0.358393073
v -0.09056909 0.21420002 0.422132
v -0.09638435 0.21420002 0.420254946
v -0.140115708 0.21420002 0.5214516
v -0.07905608 0.21420002 0.4930998
v -0.1382293 0.21420002 0.548757255
v -0.130349189 0.21420002 0.575499356
v -0.07370147 0.21420002 0.51507926
v -0.1167889 0.21420002 0.599857867
v -0.09821007 0.21420002 0.6206445
v -0.0665017962 0.21419999 0.530982
v -0.0824675 0.21419999 0.63245666
v -0.05606794 0.21420002 0.547005057
v -0.0629738 0.21420002 0.642965555
v -0.04804033 0.21420002 0.6045037
v -0.0436404422 0.21419999 0.5997324
v -0.0497 0.21419999 0.611624956
v -0.0484261252 0.21420002 0.6179891
v -0.0366645232 0.21420002 0.5658993
v -0.05606794 0.21420002 0.547005057
v -0.03806523 0.21420002 0.5971688
v -0.0195890386 0.21420002 0.5965074
v -0.0629738 0.21420002 0.642965555
v -0.04804033 0.21420002 0.6045037
v -0.0399309136 0.21420002 0.6499132
v -0.0138414567 0.21420002 0.5922189
v -0.0155937327 0.21420002 0.578703761
v -0.0123312157 0.21420002 0.5843649
v -0.0436404422 0.21419999 0.6235175
v -0.0484261252 0.21420002 0.6179891
v -0.039213296 0.21420002 0.64070636
v -0.03527346 0.21420002 0.6439663
v -0.039213296 0.21420002 0.64070636
v -0.0270812474 0.21420002 0.649435
v -0.0307867061 0.21420002 0.638543546
v -0.03160213 0.21419999 0.642093658
v -0.0201226473 0.21420002 0.6265866
v -0.01579171 0.21420002 0.6448045
v -0.0142756309 0.21420002 0.6304098
v -0.0122113209 0.21420002 0.638136744
v -0.0307867061 0.21420002 0.638543546
v -0.038677603 0.21420002 0.6259356
v -0.03370213 0.21419999 0.635630548
v -0.0277265087 0.21420002 0.329479843
v -0.0237867013 0.21420002 0.332739741
v -0.0371909179 0.21420002 0.303536415
v -0.013040347 0.21420002 0.326699823
v -0.008640445 0.21419999 0.321928561
v -0.00348528149 0.21420002 0.295357257
v -0.008640445 0.21419999 0.321928561
v -0.003065264 0.21420002 0.319364876
v -0.00348528149 0.21420002 0.295357257
v -0.013040347 0.21420002 0.326699823
v -0.0237867013 0.21420002 0.332739741
v -0.0147356344 0.21420002 0.335724771
v -0.0256695449 0.21420002 0.337494045
v -0.0108024394 0.21420002 0.344022572
v -0.00502620731 0.21419999 0.374933153
v -0.00367755 0.21420002 0.348131716
v 0.0122719575 0.21420002 0.3703605
v 0.0148773715 0.21420002 0.348782748
v 0.0193503965 0.21420002 0.366847038
v 0.020724399 0.21420002 0.35260585
v 0.022788683 0.21420002 0.360332847
v -0.003065264 0.21420002 0.319364876
v 0.008138943 0.21420002 0.296118081
v 0.0154111367 0.21420002 0.318703443
v 0.0186989028 0.21420002 0.300223082
v 0.0211585462 0.21420002 0.314415
v 0.02266878 0.21420002 0.3065609
v -0.0256695449 0.21420002 0.337494045
v -0.0292978715 0.21419999 0.337815523
v -0.0221316628 0.21420002 0.382081658
v -0.09638435 0.21420002 0.420254946
v -0.09780116 0.21419999 0.4161573
v -0.140115708 0.21420002 0.5214516
v -0.07370149 0.0727999955 0.5150792
v -0.0665017962 0.0727999955 0.530982
v -0.0751792639 0.0658 0.511297643
v -0.0560679361 0.0727999955 0.547005057
v -0.054543566 0.0658 0.5488684
v -0.0665017962 0.0658 0.530982
v -0.0665017962 0.0727999955 0.530982
v -0.0665017962 0.0658 0.530982
v -0.0751792639 0.0658 0.511297643
v -0.0560679361 0.0727999955 0.547005057
v -0.03666452 0.0727999955 0.5658993
v -0.054543566 0.0658 0.5488684
v -0.03666452 0.0727999955 0.5658993
v -0.0347293131 0.0658 0.5673314
v -0.054543566 0.0658 0.5488684
v -0.03666452 0.0727999955 0.5658993
v -0.0155937355 0.0727999955 0.578703761
v -0.0347293131 0.0658 0.5673314
v -0.0155937355 0.0727999955 0.578703761
v -0.0153185017 0.0658 0.5789743
v -0.0347293131 0.0658 0.5673314
v -0.0751792639 0.0658 0.511297643
v -0.0776974 0.0727999955 0.5002539
v -0.07370149 0.0727999955 0.5150792
v -0.0751792639 0.0658 0.511297643
v -0.07993118 0.0658 0.4829548
v -0.0776974 0.0727999955 0.5002539
v -0.07993118 0.0658 0.4829548
v -0.07999583 0.0727999955 0.480762243
v -0.0776974 0.0727999955 0.5002539
v -0.0781135857 0.0658 0.458314568
v -0.0744633451 0.0727999955 0.4442166
v -0.07878528 0.0727999955 0.463361531
v -0.0781135857 0.0658 0.458314568
v -0.07260128 0.0658 0.439477772
v -0.0744633451 0.0727999955 0.4442166
v -0.06521511 0.0658 0.423676163
v -0.05187465 0.0658 0.405470759
v -0.06409454 0.0727999955 0.4217905
v -0.05187465 0.0658 0.405470759
v -0.0510506146 0.0727999955 0.404566824
v -0.06409454 0.0727999955 0.4217905
v -0.05187465 0.0658 0.405470759
v -0.0394141674 0.0658 0.393764257
v -0.0510506146 0.0727999955 0.404566824
v 0.01466173 0.0658 0.36961934
v 0.0122719575 0.0727999955 0.3703605
v -0.00502620731 0.0727999955 0.374933153
v -0.0518746451 0.2072 0.405470759
v -0.0394141674 0.2072 0.393764257
v -0.05105061 0.21420002 0.404566824
v 0.0146616464 0.2072 0.3696194
v 0.0122719575 0.21420002 0.3703605
v -0.00502620731 0.21419999 0.374933153
v -0.05105061 0.21420002 0.404566824
v -0.06409454 0.21420002 0.4217905
v -0.0518746451 0.2072 0.405470759
v -0.06409454 0.21420002 0.4217905
v -0.06521511 0.2072 0.423676163
v -0.0518746451 0.2072 0.405470759
v -0.0744633451 0.21420002 0.4442166
v -0.0781135857 0.2072 0.458314568
v -0.07260128 0.2072 0.439477772
v -0.0744633451 0.21420002 0.4442166
v -0.07953675 0.21420002 0.468397319
v -0.0781135857 0.2072 0.458314568
v -0.07953675 0.21420002 0.468397319
v -0.07993118 0.2072 0.4829548
v -0.0781135857 0.2072 0.458314568
v -0.07953675 0.21420002 0.468397319
v -0.07905608 0.21420002 0.4930998
v -0.07993118 0.2072 0.4829548
v -0.07905608 0.21420002 0.4930998
v -0.0776974 0.2072 0.5002539
v -0.07993118 0.2072 0.4829548
v -0.07905608 0.21420002 0.4930998
v -0.07370147 0.21420002 0.51507926
v -0.0776974 0.2072 0.5002539
v -0.07370147 0.21420002 0.51507926
v -0.0732865259 0.2072 0.5162285
v -0.0776974 0.2072 0.5002539
v -0.07370147 0.21420002 0.51507926
v -0.0665017962 0.21419999 0.530982
v -0.0732865259 0.2072 0.5162285
v -0.05606794 0.21420002 0.547005057
v -0.0366645232 0.21420002 0.5658993
v -0.054543566 0.2072 0.5488684
v -0.0366645232 0.21420002 0.5658993
v -0.0347293131 0.2072 0.5673314
v -0.054543566 0.2072 0.5488684
v -0.0366645232 0.21420002 0.5658993
v -0.0155937327 0.21420002 0.578703761
v -0.0347293131 0.2072 0.5673314
v -0.0155937327 0.21420002 0.578703761
v -0.0153185092 0.2072 0.578974247
v -0.0347293131 0.2072 0.5673314
v -0.0976664 0.2072 0.418034345
v -0.09780116 0.21419999 0.4161573
v -0.09638435 0.21420002 0.420254946
v -0.0976664 0.2072 0.418034345
v -0.09638435 0.2072 0.4120597
v -0.09780116 0.21419999 0.4161573
v -0.09638435 0.2072 0.4120597
v -0.09594878 0.21420002 0.4116241
v -0.09780116 0.21419999 0.4161573
v -0.09638435 0.2072 0.4120597
v -0.09056909 0.2072 0.410182655
v -0.09594878 0.21420002 0.4116241
v -0.09056909 0.2072 0.410182655
v -0.08997409 0.21420002 0.410342067
v -0.09594878 0.21420002 0.4116241
v -0.09056909 0.2072 0.410182655
v -0.086698316 0.2072 0.413182318
v -0.08997409 0.21420002 0.410342067
v -0.086698316 0.2072 0.413182318
v -0.0858765 0.21420002 0.414875269
v -0.08997409 0.21420002 0.410342067
v -0.086698316 0.2072 0.413182318
v -0.0858765 0.2072 0.417439342
v -0.0858765 0.21420002 0.414875269
v -0.0858765 0.2072 0.417439342
v -0.086698316 0.21419999 0.4191323
v -0.0858765 0.21420002 0.414875269
v -0.0858765 0.2072 0.417439342
v -0.0888761654 0.2072 0.421310157
v -0.086698316 0.21419999 0.4191323
v -0.0888761654 0.2072 0.421310157
v -0.09056909 0.21420002 0.422132
v -0.086698316 0.21419999 0.4191323
v -0.0888761654 0.2072 0.421310157
v -0.09313324 0.2072 0.422132
v -0.09056909 0.21420002 0.422132
v -0.09313324 0.2072 0.422132
v -0.09638435 0.21420002 0.420254946
v -0.09056909 0.21420002 0.422132
v -0.09313324 0.2072 0.422132
v -0.0976664 0.2072 0.418034345
v -0.09638435 0.21420002 0.420254946
v -0.153847665 0.07790036 0.37793234
v -0.1610799 0.08237287 0.377885222
v -0.154 0.0832999945 0.37793234
v -0.153578162 0.07677455 0.52143234
v -0.154 0.08374554 0.5210492
v -0.161165118 0.08244567 0.521505356
v -0.153578162 0.07677455 0.52143234
v -0.150025442 0.07322184 0.37793234
v -0.153847665 0.07790036 0.37793234
v -0.153578162 0.07677455 0.52143234
v -0.14918308 0.07309077 0.52143234
v -0.150025442 0.07322184 0.37793234
v -0.15978682 0.07373897 0.37793234
v -0.155229 0.0684737638 0.37793234
v -0.159419388 0.07301784 0.52143234
v -0.152197823 0.06652269 0.52143234
v -0.140072465 0.0658 0.5214384
v -0.14918308 0.07309077 0.52143234
v -0.140072465 0.0658 0.5214384
v -0.140115708 0.0727999955 0.5214516
v -0.14918308 0.07309077 0.52143234
v -0.10598921 0.0727999955 0.340103179
v -0.07314151 0.0727999955 0.3189007
v -0.103234306 0.0658 0.3380073
v -0.07314151 0.0727999955 0.3189007
v -0.07007288 0.0658 0.317299068
v -0.103234306 0.0658 0.3380073
v -0.07314151 0.0727999955 0.3189007
v -0.03719091 0.0727999955 0.303536415
v -0.07007288 0.0658 0.317299068
v -0.03719091 0.0727999955 0.303536415
v -0.03389609 0.0658 0.302474678
v -0.07007288 0.0658 0.317299068
v -0.03719091 0.0727999955 0.303536415
v -0.00348528149 0.0727999955 0.295357257
v -0.03389609 0.0658 0.302474678
v -0.00348528149 0.0727999955 0.295357257
v -0.00341294659 0.0658 0.295422673
v -0.03389609 0.0658 0.302474678
v -0.0399309136 0.0727999955 0.6499132
v -0.0629738 0.0727999955 0.642965555
v -0.0410808064 0.0658 0.649749935
v -0.0629738 0.0727999955 0.642965555
v -0.0652449 0.0658 0.6419828
v -0.0410808064 0.0658 0.649749935
v -0.09821006 0.0727999955 0.6206445
v -0.116788909 0.0727999955 0.599857867
v -0.10003642 0.0658 0.618975163
v -0.116788909 0.0727999955 0.599857867
v -0.1182041 0.0658 0.59782815
v -0.10003642 0.0658 0.618975163
v -0.116788909 0.0727999955 0.599857867
v -0.130349189 0.0727999955 0.5754993
v -0.1182041 0.0658 0.59782815
v -0.130349189 0.0727999955 0.5754993
v -0.131284133 0.0658 0.5732083
v -0.1182041 0.0658 0.59782815
v -0.130349189 0.0727999955 0.5754993
v -0.1382293 0.0727999955 0.548757255
v -0.131284133 0.0658 0.5732083
v -0.1382293 0.0727999955 0.548757255
v -0.1386383 0.0658 0.5463168
v -0.131284133 0.0658 0.5732083
v -0.1382293 0.0727999955 0.548757255
v -0.140115708 0.0727999955 0.5214516
v -0.1386383 0.0658 0.5463168
v -0.140115708 0.0727999955 0.5214516
v -0.140072465 0.0658 0.5214384
v -0.1386383 0.0658 0.5463168
v 0.008138943 0.0727999955 0.296118081
v 0.0186988972 0.0727999955 0.300223053
v 0.00815663952 0.0658 0.296036065
v 0.0186988972 0.0727999955 0.300223053
v 0.0192307122 0.0658 0.3006656
v 0.00815663952 0.0658 0.296036065
v 0.0193504021 0.0727999955 0.3668471
v 0.0122719575 0.0727999955 0.3703605
v 0.01466173 0.0658 0.36961934
v -0.00367767271 0.0658 0.319510549
v 0.0148773659 0.0658 0.318859428
v -0.003065264 0.0727999955 0.319364876
v 0.0148773659 0.0658 0.318859428
v 0.0154111367 0.0727999955 0.318703443
v -0.003065264 0.0727999955 0.319364876
v 0.0148773715 0.0727999955 0.348782748
v 0.02072441 0.0727999955 0.3526059
v 0.0154111208 0.0658 0.3489388
v 0.02072441 0.0727999955 0.3526059
v 0.0211585518 0.0658 0.3532272
v 0.0154111208 0.0658 0.3489388
v 0.02072441 0.0727999955 0.3526059
v 0.022788683 0.0727999955 0.360332847
v 0.0211585518 0.0658 0.3532272
v 0.022788683 0.0727999955 0.360332847
v 0.02266878 0.0658 0.3610813
v 0.0211585518 0.0658 0.3532272
v 0.0193504021 0.0727999955 0.3668471
v 0.01466173 0.0658 0.36961934
v 0.019991301 0.0658 0.3660654
v 0.0154111208 0.0658 0.3489388
v -0.00306516234 0.0658 0.34827736
v 0.0148773715 0.0727999955 0.348782748
v -0.00306516234 0.0658 0.34827736
v -0.00367755 0.0727999955 0.348131716
v 0.0148773715 0.0727999955 0.348782748
v -0.008640445 0.0727999955 0.321928561
v -0.013040347 0.0727999955 0.326699823
v -0.008640445 0.0658 0.321928561
v -0.013040347 0.0727999955 0.326699823
v -0.0134261446 0.0658 0.327457
v -0.008640445 0.0658 0.321928561
v -0.013040347 0.0727999955 0.326699823
v -0.0147 0.0727999955 0.333821118
v -0.0134261446 0.0658 0.327457
v -0.0147 0.0727999955 0.333821118
v -0.0147 0.0658 0.333821118
v -0.0134261446 0.0658 0.327457
v -0.0147 0.0727999955 0.333821118
v -0.0134261409 0.0727999955 0.3401852
v -0.0147 0.0658 0.333821118
v -0.0134261409 0.0727999955 0.3401852
v -0.0130403358 0.0658 0.3409424
v -0.0147 0.0658 0.333821118
v -0.0134261409 0.0727999955 0.3401852
v -0.008640445 0.0727999955 0.345713645
v -0.0130403358 0.0658 0.3409424
v -0.008640445 0.0727999955 0.345713645
v -0.008640445 0.0658 0.345713645
v -0.0130403358 0.0658 0.3409424
v -0.03806523 0.0727999955 0.5971688
v -0.0436404422 0.0727999955 0.5997324
v -0.0386775844 0.0658 0.5973144
v -0.0436404422 0.0727999955 0.5997324
v -0.0458024628 0.0658 0.6014235
v -0.0386775844 0.0658 0.5973144
v -0.0436404422 0.0727999955 0.5997324
v -0.04804033 0.0727999955 0.6045037
v -0.0458024628 0.0658 0.6014235
v -0.04804033 0.0727999955 0.6045037
v -0.0497356355 0.0658 0.609721363
v -0.0458024628 0.0658 0.6014235
v -0.04804033 0.0727999955 0.6045037
v -0.0497 0.0727999955 0.611624956
v -0.0497356355 0.0658 0.609721363
v -0.0497 0.0727999955 0.611624956
v -0.04842613 0.0727999955 0.6179891
v -0.0497356355 0.0658 0.609721363
v -0.04842613 0.0727999955 0.6179891
v -0.04898053 0.0658 0.6161675
v -0.0497356355 0.0658 0.609721363
v -0.04842613 0.0727999955 0.6179891
v -0.0452015549 0.0658 0.6224274
v -0.04898053 0.0658 0.6161675
v -0.04842613 0.0727999955 0.6179891
v -0.0436404422 0.0727999955 0.6235175
v -0.0452015549 0.0658 0.6224274
v -0.0386775844 0.0658 0.5973144
v -0.020122841 0.0658 0.596663356
v -0.03806523 0.0727999955 0.5971688
v -0.020122841 0.0658 0.596663356
v -0.0195890386 0.0727999955 0.5965074
v -0.03806523 0.0727999955 0.5971688
v -0.0155937355 0.0727999955 0.578703761
v -0.0123312185 0.0727999955 0.5843649
v -0.0153185017 0.0658 0.5789743
v -0.0123312185 0.0727999955 0.5843649
v -0.0122113191 0.0658 0.5851132
v -0.0153185017 0.0658 0.5789743
v -0.0123312185 0.0727999955 0.5843649
v -0.0138414577 0.0727999955 0.5922189
v -0.0122113191 0.0658 0.5851132
v -0.0138414577 0.0727999955 0.5922189
v -0.0142756235 0.0658 0.592840254
v -0.0122113191 0.0658 0.5851132
v -0.0138414577 0.0727999955 0.5922189
v -0.0195890386 0.0727999955 0.5965074
v -0.0142756235 0.0658 0.592840254
v -0.0195890386 0.0727999955 0.5965074
v -0.020122841 0.0658 0.596663356
v -0.0142756235 0.0658 0.592840254
v -0.0282526538 0.0658 0.6496615
v -0.0163311865 0.0658 0.6452503
v -0.0270812474 0.0727999955 0.649435
v -0.0163311865 0.0658 0.6452503
v -0.0157917142 0.0727999955 0.644804537
v -0.0270812474 0.0727999955 0.649435
v -0.0201226361 0.0727999955 0.6265866
v -0.0142756142 0.0727999955 0.6304098
v -0.0195888821 0.0658 0.626742661
v -0.0142756142 0.0727999955 0.6304098
v -0.0138414511 0.0658 0.6310311
v -0.0195888821 0.0658 0.626742661
v -0.0142756142 0.0727999955 0.6304098
v -0.0122113209 0.0727999955 0.638136744
v -0.0138414511 0.0658 0.6310311
v -0.0122113209 0.0727999955 0.638136744
v -0.0123312213 0.0658 0.63888514
v -0.0138414511 0.0658 0.6310311
v -0.0122113209 0.0727999955 0.638136744
v -0.0157917142 0.0727999955 0.644804537
v -0.0123312213 0.0658 0.63888514
v -0.0157917142 0.0727999955 0.644804537
v -0.0163311865 0.0658 0.6452503
v -0.0123312213 0.0658 0.63888514
v -0.0195888821 0.0658 0.626742661
v -0.0380652249 0.0658 0.6260812
v -0.0201226361 0.0727999955 0.6265866
v -0.0380652249 0.0658 0.6260812
v -0.038677603 0.0727999955 0.6259356
v -0.0201226361 0.0727999955 0.6265866
v -0.0221316628 0.0727999955 0.382081658
v -0.0134261409 0.0727999955 0.3401852
v -0.0147 0.0727999955 0.333821118
v -0.0436404422 0.0727999955 0.5997324
v -0.03806523 0.0727999955 0.5971688
v -0.03666452 0.0727999955 0.5658993
v -0.0195890386 0.0727999955 0.5965074
v -0.0155937355 0.0727999955 0.578703761
v -0.0138414577 0.0727999955 0.5922189
v -0.0123312185 0.0727999955 0.5843649
v -0.03806523 0.0727999955 0.5971688
v -0.03666452 0.0727999955 0.5658993
v -0.0436404422 0.0727999955 0.5997324
v -0.0560679361 0.0727999955 0.547005057
v -0.0629738 0.0727999955 0.642965555
v -0.04804033 0.0727999955 0.6045037
v -0.04804033 0.0727999955 0.6045037
v -0.0560679361 0.0727999955 0.547005057
v -0.0629738 0.0727999955 0.642965555
v -0.0497 0.0727999955 0.611624956
v -0.04842613 0.0727999955 0.6179891
v -0.0399309136 0.0727999955 0.6499132
v -0.0824675 0.0727999955 0.63245666
v -0.0665017962 0.0727999955 0.530982
v -0.09821006 0.0727999955 0.6206445
v -0.07370149 0.0727999955 0.5150792
v -0.116788909 0.0727999955 0.599857867
v -0.130349189 0.0727999955 0.5754993
v -0.0776974 0.0727999955 0.5002539
v -0.1382293 0.0727999955 0.548757255
v -0.140115708 0.0727999955 0.5214516
v -0.07999583 0.0727999955 0.480762243
v -0.07878528 0.0727999955 0.463361531
v -0.139999986 0.0727999955 0.37793234
v -0.150025442 0.07322184 0.37793234
v -0.14918308 0.07309077 0.52143234
v -0.126658082 0.0727999955 0.358393073
v -0.139999986 0.0727999955 0.372682333
v -0.0744633451 0.0727999955 0.4442166
v -0.10598921 0.0727999955 0.340103179
v -0.06409454 0.0727999955 0.4217905
v -0.07314151 0.0727999955 0.3189007
v -0.0510506146 0.0727999955 0.404566824
v -0.0394141674 0.0727999955 0.393764257
v -0.03719091 0.0727999955 0.303536415
v -0.0221316628 0.0727999955 0.382081658
v -0.0147 0.0727999955 0.333821118
v -0.013040347 0.0727999955 0.326699823
v -0.00348528149 0.0727999955 0.295357257
v -0.008640445 0.0727999955 0.321928561
v -0.003065264 0.0727999955 0.319364876
v -0.008640445 0.0727999955 0.345713645
v -0.0134261409 0.0727999955 0.3401852
v -0.00502620731 0.0727999955 0.374933153
v -0.00367755 0.0727999955 0.348131716
v -0.008640445 0.0727999955 0.345713645
v 0.0122719575 0.0727999955 0.3703605
v 0.0148773715 0.0727999955 0.348782748
v -0.00367755 0.0727999955 0.348131716
v -0.003065264 0.0727999955 0.319364876
v 0.008138943 0.0727999955 0.296118081
v 0.0154111367 0.0727999955 0.318703443
v 0.0186988972 0.0727999955 0.300223053
v 0.0195047818 0.0727999955 0.316168427
v 0.0226778 0.0727999955 0.310634941
v 0.0220645927 0.0727999955 0.305010438
v 0.0193504021 0.0727999955 0.3668471
v 0.0148773715 0.0727999955 0.348782748
v 0.02072441 0.0727999955 0.3526059
v 0.022788683 0.0727999955 0.360332847
v -0.0436404422 0.0727999955 0.6235175
v -0.04842613 0.0727999955 0.6179891
v -0.038677603 0.0727999955 0.6259356
v -0.0436404422 0.0727999955 0.6235175
v -0.0270812474 0.0727999955 0.649435
v -0.0201226361 0.0727999955 0.6265866
v -0.038677603 0.0727999955 0.6259356
v -0.0157917142 0.0727999955 0.644804537
v -0.0142756142 0.0727999955 0.6304098
v -0.0122113209 0.0727999955 0.638136744
v -0.013040347 0.0727999955 0.326699823
v -0.008640445 0.0727999955 0.321928561
v -0.00348528149 0.0727999955 0.295357257
v -0.0303304549 0.2072 0.337494045
v -0.0322133 0.2072 0.332739741
v -0.0322132967 0.21420002 0.3349025
v -0.0322133 0.2072 0.332739741
v -0.03139787 0.21419999 0.3313524
v -0.0322132967 0.21420002 0.3349025
v -0.0322133 0.2072 0.332739741
v -0.0282734931 0.2072 0.329479843
v -0.03139787 0.21419999 0.3313524
v -0.0282734931 0.2072 0.329479843
v -0.0277265087 0.21420002 0.329479843
v -0.03139787 0.21419999 0.3313524
v -0.0282734931 0.2072 0.329479843
v -0.02460213 0.2072 0.3313524
v -0.0277265087 0.21420002 0.329479843
v -0.02460213 0.2072 0.3313524
v -0.0237867013 0.21420002 0.332739741
v -0.0277265087 0.21420002 0.329479843
v -0.02460213 0.2072 0.3313524
v -0.023786705 0.2072 0.3349025
v -0.0237867013 0.21420002 0.332739741
v -0.023786705 0.2072 0.3349025
v -0.0256695449 0.21420002 0.337494045
v -0.0237867013 0.21420002 0.332739741
v -0.023786705 0.2072 0.3349025
v -0.02670213 0.2072 0.337815523
v -0.0256695449 0.21420002 0.337494045
v -0.02670213 0.2072 0.337815523
v -0.0303304549 0.2072 0.337494045
v -0.0256695449 0.21420002 0.337494045
v -0.0303304549 0.2072 0.337494045
v -0.0292978715 0.21419999 0.337815523
v -0.0256695449 0.21420002 0.337494045
v -0.0303304549 0.2072 0.337494045
v -0.0322132967 0.21420002 0.3349025
v -0.0292978715 0.21419999 0.337815523
v -0.03904426 0.2072 0.6412266
v -0.03777298 0.2072 0.636273563
v -0.039213296 0.21420002 0.64070636
v -0.03777298 0.2072 0.636273563
v -0.03733046 0.21420002 0.635952055
v -0.039213296 0.21420002 0.64070636
v -0.03777298 0.2072 0.636273563
v -0.03370213 0.2072 0.635630548
v -0.03733046 0.21420002 0.635952055
v -0.03370213 0.2072 0.635630548
v -0.03370213 0.21419999 0.635630548
v -0.03733046 0.21420002 0.635952055
v -0.03370213 0.2072 0.635630548
v -0.0309557375 0.2072 0.6380234
v -0.03370213 0.21419999 0.635630548
v -0.0309557375 0.2072 0.6380234
v -0.0307867061 0.21420002 0.638543546
v -0.03370213 0.21419999 0.635630548
v -0.0309557375 0.2072 0.6380234
v -0.03160213 0.2072 0.642093658
v -0.0307867061 0.21420002 0.638543546
v -0.03160213 0.2072 0.642093658
v -0.03160213 0.21419999 0.642093658
v -0.0307867061 0.21420002 0.638543546
v -0.03160213 0.2072 0.642093658
v -0.03472649 0.2072 0.6439663
v -0.03160213 0.21419999 0.642093658
v -0.03472649 0.2072 0.6439663
v -0.03527346 0.21420002 0.6439663
v -0.03160213 0.21419999 0.642093658
v -0.03472649 0.2072 0.6439663
v -0.03904426 0.2072 0.6412266
v -0.03527346 0.21420002 0.6439663
v -0.03904426 0.2072 0.6412266
v -0.039213296 0.21420002 0.64070636
v -0.03527346 0.21420002 0.6439663
v -0.153664574 0.203104571 0.37793234
v -0.154 0.196699992 0.37793234
v -0.1611338 0.197623178 0.377853483
v -0.153800055 0.20219709 0.52143234
v -0.161101654 0.197584525 0.521477342
v -0.154 0.196699992 0.52143234
v -0.154 0.196699992 0.37793234
v -0.154 0.17420654 0.383712262
v -0.1611338 0.197623178 0.377853483
v -0.154 0.17420654 0.383712262
v -0.161 0.17133756 0.3842195
v -0.1611338 0.197623178 0.377853483
v -0.154 0.17420654 0.383712262
v -0.154 0.141456708 0.386840582
v -0.161 0.17133756 0.3842195
v -0.154 0.141456708 0.386840582
v -0.161 0.138543278 0.386840582
v -0.161 0.17133756 0.3842195
v -0.154 0.141456708 0.386840582
v -0.154 0.108662456 0.3842195
v -0.161 0.138543278 0.386840582
v -0.154 0.108662456 0.3842195
v -0.161 0.1057935 0.3837123
v -0.161 0.138543278 0.386840582
v -0.154 0.108662456 0.3842195
v -0.154 0.0832999945 0.37793234
v -0.161 0.1057935 0.3837123
v -0.154 0.0832999945 0.37793234
v -0.1610799 0.08237287 0.377885222
v -0.161 0.1057935 0.3837123
v -0.154 0.08374554 0.5210492
v -0.161 0.108662792 0.5151451
v -0.161165118 0.08244567 0.521505356
v -0.154 0.08374554 0.5210492
v -0.154 0.122099943 0.513371468
v -0.161 0.108662792 0.5151451
v -0.154 0.122099943 0.513371468
v -0.161 0.141456768 0.5125241
v -0.161 0.108662792 0.5151451
v -0.154 0.122099943 0.513371468
v -0.154 0.154997736 0.5131169
v -0.161 0.141456768 0.5125241
v -0.154 0.154997736 0.5131169
v -0.161 0.174206227 0.515652359
v -0.161 0.141456768 0.5125241
v -0.154 0.154997736 0.5131169
v -0.154 0.180812687 0.517163754
v -0.161 0.174206227 0.515652359
v -0.154 0.180812687 0.517163754
v -0.154 0.196699992 0.52143234
v -0.161 0.174206227 0.515652359
v -0.154 0.196699992 0.52143234
v -0.161101654 0.197584525 0.521477342
v -0.161 0.174206227 0.515652359
v -0.154 0.196699992 0.37793234
v -0.153664574 0.203104571 0.37793234
v -0.154 0.17420654 0.383712262
v -0.153800055 0.20219709 0.52143234
v -0.154 0.196699992 0.52143234
v -0.154 0.180812687 0.517163754
v -0.154 0.08374554 0.5210492
v -0.153578162 0.07677455 0.52143234
v -0.153847665 0.07790036 0.37793234
v -0.154 0.108662456 0.3842195
v -0.153847665 0.07790036 0.37793234
v -0.154 0.0832999945 0.37793234
v -0.1611338 0.197623178 0.377853483
v -0.1594194 0.206982121 0.37793234
v -0.153664574 0.203104571 0.37793234
v -0.155229 0.211526245 0.37793234
v -0.1499193 0.213967845 0.37793234
v -0.148997083 0.207000062 0.37793234
v -0.153664574 0.203104571 0.37793234
v -0.1502302 0.20663175 0.52143234
v -0.153800055 0.20219709 0.52143234
v -0.153664574 0.203104571 0.37793234
v -0.148997083 0.207000062 0.37793234
v -0.1502302 0.20663175 0.52143234
v -0.152679086 0.213374913 0.52143234
v -0.1499193 0.213967845 0.37793234
v -0.155229 0.211526245 0.37793234
v -0.1499193 0.213967845 0.37793234
v -0.139999986 0.21419999 0.37793234
v -0.148997083 0.207000062 0.37793234
v -0.139999986 0.21419999 0.37793234
v -0.139999986 0.2072 0.37793234
v -0.148997083 0.207000062 0.37793234
v -0.1502302 0.20663175 0.52143234
v -0.140072465 0.2072 0.5214384
v -0.152679086 0.213374913 0.52143234
v -0.140072465 0.2072 0.5214384
v -0.140115708 0.21420002 0.5214516
v -0.152679086 0.213374913 0.52143234
v -0.00341294659 0.2072 0.295422673
v -0.0338960923 0.2072 0.302474678
v -0.00348528149 0.21420002 0.295357257
v -0.0338960923 0.2072 0.302474678
v -0.0371909179 0.21420002 0.303536415
v -0.00348528149 0.21420002 0.295357257
v -0.0338960923 0.2072 0.302474678
v -0.0700728744 0.2072 0.317299068
v -0.0371909179 0.21420002 0.303536415
v -0.0700728744 0.2072 0.317299068
v -0.07314155 0.21420002 0.318900734
v -0.0371909179 0.21420002 0.303536415
v -0.0700728744 0.2072 0.317299068
v -0.103234321 0.2072 0.3380073
v -0.07314155 0.21420002 0.318900734
v -0.103234321 0.2072 0.3380073
v -0.105989225 0.21420002 0.340103179
v -0.07314155 0.21420002 0.318900734
v -0.140072465 0.2072 0.5214384
v -0.1386383 0.2072 0.5463168
v -0.140115708 0.21420002 0.5214516
v -0.1386383 0.2072 0.5463168
v -0.1382293 0.21420002 0.548757255
v -0.140115708 0.21420002 0.5214516
v -0.1386383 0.2072 0.5463168
v -0.1312841 0.2072 0.5732083
v -0.1382293 0.21420002 0.548757255
v -0.1312841 0.2072 0.5732083
v -0.130349189 0.21420002 0.575499356
v -0.1382293 0.21420002 0.548757255
v -0.1312841 0.2072 0.5732083
v -0.118204117 0.2072 0.59782815
v -0.130349189 0.21420002 0.575499356
v -0.118204117 0.2072 0.59782815
v -0.1167889 0.21420002 0.599857867
v -0.130349189 0.21420002 0.575499356
v -0.118204117 0.2072 0.59782815
v -0.100036435 0.2072 0.6189751
v -0.1167889 0.21420002 0.599857867
v -0.100036435 0.2072 0.6189751
v -0.09821007 0.21420002 0.6206445
v -0.1167889 0.21420002 0.599857867
v -0.0652449 0.2072 0.6419828
v -0.0410808064 0.2072 0.649749935
v -0.0629738 0.21420002 0.642965555
v -0.0410808064 0.2072 0.649749935
v -0.0399309136 0.21420002 0.6499132
v -0.0629738 0.21420002 0.642965555
v 0.008138943 0.21420002 0.296118081
v 0.0186989028 0.21420002 0.300223082
v 0.00815663952 0.2072 0.296036065
v 0.0186989028 0.21420002 0.300223082
v 0.0192307234 0.2072 0.300665617
v 0.00815663952 0.2072 0.296036065
v 0.0193503965 0.21420002 0.366847038
v 0.0122719575 0.21420002 0.3703605
v 0.0146616464 0.2072 0.3696194
v 0.0154111367 0.21420002 0.318703443
v -0.003065264 0.21420002 0.319364876
v 0.0148773659 0.2072 0.318859428
v -0.003065264 0.21420002 0.319364876
v -0.00367761264 0.2072 0.3195105
v 0.0148773659 0.2072 0.318859428
v 0.0148773659 0.2072 0.318859428
v 0.0207243953 0.2072 0.315036356
v 0.0154111367 0.21420002 0.318703443
v 0.0207243953 0.2072 0.315036356
v 0.0211585462 0.21420002 0.314415
v 0.0154111367 0.21420002 0.318703443
v 0.0207243953 0.2072 0.315036356
v 0.022788683 0.2072 0.307309359
v 0.0211585462 0.21420002 0.314415
v 0.022788683 0.2072 0.307309359
v 0.02266878 0.21420002 0.3065609
v 0.0211585462 0.21420002 0.314415
v 0.022788683 0.2072 0.307309359
v 0.0192307234 0.2072 0.300665617
v 0.02266878 0.21420002 0.3065609
v 0.0192307234 0.2072 0.300665617
v 0.0186989028 0.21420002 0.300223082
v 0.02266878 0.21420002 0.3065609
v 0.0146616464 0.2072 0.3696194
v 0.019991301 0.2072 0.3660654
v 0.0193503965 0.21420002 0.366847038
v 0.02266878 0.2072 0.361081272
v 0.0211585462 0.2072 0.3532272
v 0.022788683 0.21420002 0.360332847
v 0.0211585462 0.2072 0.3532272
v 0.020724399 0.21420002 0.35260585
v 0.022788683 0.21420002 0.360332847
v 0.0211585462 0.2072 0.3532272
v 0.0154111208 0.2072 0.3489388
v 0.020724399 0.21420002 0.35260585
v 0.0154111208 0.2072 0.3489388
v 0.0148773715 0.21420002 0.348782748
v 0.020724399 0.21420002 0.35260585
v -0.00367755 0.21420002 0.348131716
v 0.0148773715 0.21420002 0.348782748
v -0.00306516234 0.2072 0.34827736
v 0.0148773715 0.21420002 0.348782748
v 0.0154111208 0.2072 0.3489388
v -0.00306516234 0.2072 0.34827736
v -0.00306516234 0.2072 0.34827736
v -0.0102015492 0.2072 0.344623476
v -0.00367755 0.21420002 0.348131716
v -0.0102015492 0.2072 0.344623476
v -0.0108024394 0.21420002 0.344022572
v -0.00367755 0.21420002 0.348131716
v -0.0102015492 0.2072 0.344623476
v -0.0146026947 0.2072 0.336564153
v -0.0108024394 0.21420002 0.344022572
v -0.0146026947 0.2072 0.336564153
v -0.0147356344 0.21420002 0.335724771
v -0.0108024394 0.21420002 0.344022572
v -0.0146026947 0.2072 0.336564153
v -0.0134261446 0.2072 0.327457
v -0.0147356344 0.21420002 0.335724771
v -0.0134261446 0.2072 0.327457
v -0.013040347 0.21420002 0.326699823
v -0.0147356344 0.21420002 0.335724771
v -0.0134261446 0.2072 0.327457
v -0.008640445 0.2072 0.321928561
v -0.013040347 0.21420002 0.326699823
v -0.008640445 0.2072 0.321928561
v -0.008640445 0.21419999 0.321928561
v -0.013040347 0.21420002 0.326699823
v -0.0452015549 0.2072 0.6224274
v -0.0484261252 0.21420002 0.6179891
v -0.0436404422 0.21419999 0.6235175
v -0.0452015549 0.2072 0.6224274
v -0.04898053 0.2072 0.6161675
v -0.0484261252 0.21420002 0.6179891
v -0.04898053 0.2072 0.6161675
v -0.0497356355 0.2072 0.609721363
v -0.0484261252 0.21420002 0.6179891
v -0.0497356355 0.2072 0.609721363
v -0.0497 0.21419999 0.611624956
v -0.0484261252 0.21420002 0.6179891
v -0.0497356355 0.2072 0.609721363
v -0.04804033 0.21420002 0.6045037
v -0.0497 0.21419999 0.611624956
v -0.0497356355 0.2072 0.609721363
v -0.0458024628 0.2072 0.6014235
v -0.04804033 0.21420002 0.6045037
v -0.0458024628 0.2072 0.6014235
v -0.0436404422 0.21419999 0.5997324
v -0.04804033 0.21420002 0.6045037
v -0.0458024628 0.2072 0.6014235
v -0.0386775844 0.2072 0.5973144
v -0.0436404422 0.21419999 0.5997324
v -0.0386775844 0.2072 0.5973144
v -0.03806523 0.21420002 0.5971688
v -0.0436404422 0.21419999 0.5997324
v -0.0195890386 0.21420002 0.5965074
v -0.03806523 0.21420002 0.5971688
v -0.020122841 0.2072 0.596663356
v -0.03806523 0.21420002 0.5971688
v -0.0386775844 0.2072 0.5973144
v -0.020122841 0.2072 0.596663356
v -0.020122841 0.2072 0.596663356
v -0.0142756067 0.2072 0.592840254
v -0.0195890386 0.21420002 0.5965074
v -0.0142756067 0.2072 0.592840254
v -0.0138414567 0.21420002 0.5922189
v -0.0195890386 0.21420002 0.5965074
v -0.0142756067 0.2072 0.592840254
v -0.0122113163 0.2072 0.5851132
v -0.0138414567 0.21420002 0.5922189
v -0.0122113163 0.2072 0.5851132
v -0.0123312157 0.21420002 0.5843649
v -0.0138414567 0.21420002 0.5922189
v -0.0122113163 0.2072 0.5851132
v -0.0153185092 0.2072 0.578974247
v -0.0123312157 0.21420002 0.5843649
v -0.0153185092 0.2072 0.578974247
v -0.0155937327 0.21420002 0.578703761
v -0.0123312157 0.21420002 0.5843649
v -0.0282526538 0.2072 0.6496615
v -0.0163312033 0.2072 0.6452503
v -0.0270812474 0.21420002 0.649435
v -0.0163312033 0.2072 0.6452503
v -0.01579171 0.21420002 0.6448045
v -0.0270812474 0.21420002 0.649435
v -0.0163312033 0.2072 0.6452503
v -0.0123312231 0.2072 0.6388852
v -0.01579171 0.21420002 0.6448045
v -0.0123312231 0.2072 0.6388852
v -0.0122113209 0.21420002 0.638136744
v -0.01579171 0.21420002 0.6448045
v -0.0123312231 0.2072 0.6388852
v -0.0138414707 0.2072 0.6310311
v -0.0122113209 0.21420002 0.638136744
v -0.0138414707 0.2072 0.6310311
v -0.0142756309 0.21420002 0.6304098
v -0.0122113209 0.21420002 0.638136744
v -0.0138414707 0.2072 0.6310311
v -0.0195888057 0.2072 0.626742661
v -0.0142756309 0.21420002 0.6304098
v -0.0195888057 0.2072 0.626742661
v -0.0201226473 0.21420002 0.6265866
v -0.0142756309 0.21420002 0.6304098
v -0.038677603 0.21420002 0.6259356
v -0.0201226473 0.21420002 0.6265866
v -0.0380652249 0.2072 0.6260812
v -0.0201226473 0.21420002 0.6265866
v -0.0195888057 0.2072 0.626742661
v -0.0380652249 0.2072 0.6260812
v -0.0976664 0.2072 0.418034345
v -0.09313324 0.2072 0.422132
v -0.07993118 0.2072 0.4829548
v -0.09313324 0.2072 0.422132
v -0.0781135857 0.2072 0.458314568
v -0.07993118 0.2072 0.4829548
v -0.140072465 0.2072 0.5214384
v -0.0976664 0.2072 0.418034345
v -0.0776974 0.2072 0.5002539
v -0.1386383 0.2072 0.5463168
v -0.1312841 0.2072 0.5732083
v -0.0732865259 0.2072 0.5162285
v -0.118204117 0.2072 0.59782815
v -0.100036435 0.2072 0.6189751
v -0.0665017962 0.2072 0.530982
v -0.0824675 0.2072 0.63245666
v -0.054543566 0.2072 0.5488684
v -0.0652449 0.2072 0.6419828
v -0.139999986 0.2072 0.37793234
v -0.148997083 0.207000062 0.37793234
v -0.126658082 0.2072 0.358393073
v -0.139999986 0.2072 0.372682333
v -0.0497356355 0.2072 0.609721363
v -0.04898053 0.2072 0.6161675
v -0.0452015549 0.2072 0.6224274
v -0.0410808064 0.2072 0.649749935
v -0.140072465 0.2072 0.5214384
v -0.1502302 0.20663175 0.52143234
v -0.054543566 0.2072 0.5488684
v -0.0458024628 0.2072 0.6014235
v -0.0452015549 0.2072 0.6224274
v -0.03904426 0.2072 0.6412266
v -0.03777298 0.2072 0.636273563
v -0.0380652249 0.2072 0.6260812
v -0.03370213 0.2072 0.635630548
v -0.03904426 0.2072 0.6412266
v -0.03472649 0.2072 0.6439663
v -0.0282526538 0.2072 0.6496615
v -0.03160213 0.2072 0.642093658
v -0.0309557375 0.2072 0.6380234
v -0.0195888057 0.2072 0.626742661
v -0.0163312033 0.2072 0.6452503
v -0.0380652249 0.2072 0.6260812
v -0.03370213 0.2072 0.635630548
v -0.0138414707 0.2072 0.6310311
v -0.0123312231 0.2072 0.6388852
v -0.09313324 0.2072 0.422132
v -0.0888761654 0.2072 0.421310157
v -0.0781135857 0.2072 0.458314568
v -0.0394141674 0.2072 0.393764257
v -0.0322133 0.2072 0.332739741
v -0.0303304549 0.2072 0.337494045
v -0.0338960923 0.2072 0.302474678
v -0.0282734931 0.2072 0.329479843
v -0.0322133 0.2072 0.332739741
v -0.0134261446 0.2072 0.327457
v -0.02460213 0.2072 0.3313524
v -0.023786705 0.2072 0.3349025
v -0.0146026947 0.2072 0.336564153
v -0.0102015492 0.2072 0.344623476
v -0.0241780709 0.2072 0.3832023
v -0.00502620731 0.2072 0.374933153
v -0.00306516234 0.2072 0.34827736
v 0.0146616464 0.2072 0.3696194
v 0.0154111208 0.2072 0.3489388
v 0.0211585462 0.2072 0.3532272
v -0.0241780709 0.2072 0.3832023
v -0.02670213 0.2072 0.337815523
v 0.019991301 0.2072 0.3660654
v 0.0146616464 0.2072 0.3696194
v -0.0394141674 0.2072 0.393764257
v -0.0303304549 0.2072 0.337494045
v -0.0338960923 0.2072 0.302474678
v -0.00341294659 0.2072 0.295422673
v -0.008640445 0.2072 0.321928561
v -0.0134261446 0.2072 0.327457
v -0.00367761264 0.2072 0.3195105
v -0.008640445 0.2072 0.321928561
v 0.00815663952 0.2072 0.296036065
v 0.0148773659 0.2072 0.318859428
v -0.00367761264 0.2072 0.3195105
v 0.0192307234 0.2072 0.300665617
v 0.0207243953 0.2072 0.315036356
v 0.022788683 0.2072 0.307309359
v -0.0700728744 0.2072 0.317299068
v -0.0322133 0.2072 0.332739741
v -0.0518746451 0.2072 0.405470759
v -0.06521511 0.2072 0.423676163
v -0.086698316 0.2072 0.413182318
v -0.0858765 0.2072 0.417439342
v -0.07260128 0.2072 0.439477772
v -0.0781135857 0.2072 0.458314568
v -0.0888761654 0.2072 0.421310157
v -0.09056909 0.2072 0.410182655
v -0.103234321 0.2072 0.3380073
v -0.09638435 0.2072 0.4120597
v -0.0241780709 0.2072 0.3832023
v -0.0303304549 0.2072 0.337494045
v -0.02670213 0.2072 0.337815523
v 0.0211585462 0.2072 0.3532272
v 0.02266878 0.2072 0.361081272
v 0.019991301 0.2072 0.3660654
v -0.086698316 0.2072 0.413182318
v -0.09056909 0.2072 0.410182655
v -0.0700728744 0.2072 0.317299068
v -0.09638435 0.2072 0.4120597
v -0.0976664 0.2072 0.418034345
v -0.126658082 0.2072 0.358393073
v -0.0452015549 0.2072 0.6224274
v -0.03777298 0.2072 0.636273563
v -0.03904426 0.2072 0.6412266
v -0.03472649 0.2072 0.6439663
v -0.03160213 0.2072 0.642093658
v -0.0282526538 0.2072 0.6496615
v -0.0282734931 0.2072 0.329479843
v -0.0338960923 0.2072 0.302474678
v -0.02460213 0.2072 0.3313524
v -0.03733046 0.21420002 0.635952055
v -0.038677603 0.21420002 0.6259356
v -0.0436404422 0.21419999 0.6235175
v -0.03370213 0.21419999 0.635630548
v -0.152679086 0.213374913 0.52143234
v -0.140115708 0.21420002 0.5214516
v -0.1499193 0.213967845 0.37793234
v -0.139999986 0.21419999 0.37793234
v -0.09780116 0.21419999 0.4161573
v -0.139999986 0.21419999 0.372682333
v -0.07993118 0.0658 0.4829548
v -0.0781135857 0.0658 0.458314568
v -0.07999583 0.0727999955 0.480762243
v -0.07878528 0.0727999955 0.463361531
v -0.07260128 0.0658 0.439477772
v -0.06521511 0.0658 0.423676163
v -0.0744633451 0.0727999955 0.4442166
v -0.06409454 0.0727999955 0.4217905
v -0.0394141674 0.0658 0.393764257
v -0.0394141674 0.0727999955 0.393764257
v -0.0510506146 0.0727999955 0.404566824
v -0.02417807 0.0658 0.3832023
v -0.0221316628 0.0727999955 0.382081658
v -0.02417807 0.0658 0.3832023
v -0.00502620731 0.0658 0.374933153
v -0.0221316628 0.0727999955 0.382081658
v -0.00502620731 0.0727999955 0.374933153
v 0.01466173 0.0658 0.36961934
v -0.0394141674 0.2072 0.393764257
v -0.0394141674 0.21419999 0.393764257
v -0.05105061 0.21420002 0.404566824
v -0.0241780709 0.2072 0.3832023
v -0.0221316628 0.21420002 0.382081658
v -0.0241780709 0.2072 0.3832023
v -0.00502620731 0.2072 0.374933153
v -0.0221316628 0.21420002 0.382081658
v -0.00502620731 0.21419999 0.374933153
v 0.0146616464 0.2072 0.3696194
v -0.06409454 0.21420002 0.4217905
v -0.0744633451 0.21420002 0.4442166
v -0.06521511 0.2072 0.423676163
v -0.07260128 0.2072 0.439477772
v -0.0665017962 0.21419999 0.530982
v -0.0665017962 0.2072 0.530982
v -0.0732865259 0.2072 0.5162285
v -0.05606794 0.21420002 0.547005057
v -0.054543566 0.2072 0.5488684
v -0.1610799 0.08237287 0.377885222
v -0.153847665 0.07790036 0.37793234
v -0.15978682 0.07373897 0.37793234
v -0.150025442 0.07322184 0.37793234
v -0.150025442 0.07322184 0.37793234
v -0.155229 0.0684737638 0.37793234
v -0.15978682 0.07373897 0.37793234
v -0.15019694 0.06605424 0.37793234
v -0.161165118 0.08244567 0.521505356
v -0.159419388 0.07301784 0.52143234
v -0.153578162 0.07677455 0.52143234
v -0.152197823 0.06652269 0.52143234
v -0.14918308 0.07309077 0.52143234
v -0.1610799 0.08237287 0.377885222
v -0.15978682 0.07373897 0.37793234
v -0.161165118 0.08244567 0.521505356
v -0.159419388 0.07301784 0.52143234
v -0.155229 0.0684737638 0.37793234
v -0.152197823 0.06652269 0.52143234
v -0.159419388 0.07301784 0.52143234
v -0.15019694 0.06605424 0.37793234
v -0.150025442 0.07322184 0.37793234
v -0.139999986 0.0727999955 0.37793234
v -0.15019694 0.06605424 0.37793234
v -0.139999986 0.0658 0.37793234
v -0.139999986 0.0727999955 0.37793234
v -0.139999986 0.0727999955 0.372682333
v -0.139999986 0.0658 0.37793234
v -0.139999986 0.0658 0.372682333
v -0.139999986 0.0727999955 0.372682333
v -0.126658082 0.0727999955 0.358393073
v -0.139999986 0.0658 0.372682333
v -0.126658082 0.0658 0.358393073
v -0.10598921 0.0727999955 0.340103179
v -0.103234306 0.0658 0.3380073
v -0.0629738 0.0727999955 0.642965555
v -0.0824675 0.0727999955 0.63245666
v -0.0652449 0.0658 0.6419828
v -0.0824675 0.0658 0.63245666
v -0.09821006 0.0727999955 0.6206445
v -0.10003642 0.0658 0.618975163
v -0.00348528149 0.0727999955 0.295357257
v 0.00815663952 0.0658 0.296036065
v -0.00341294659 0.0658 0.295422673
v 0.008138943 0.0727999955 0.296118081
v 0.0186988972 0.0727999955 0.300223053
v 0.0220645927 0.0727999955 0.305010438
v 0.0192307122 0.0658 0.3006656
v 0.0220645927 0.0658 0.305010438
v 0.0220645927 0.0727999955 0.305010438
v 0.0226778 0.0727999955 0.310634941
v 0.0220645927 0.0658 0.305010438
v 0.0225083083 0.0658 0.31137374
v 0.0226778 0.0727999955 0.310634941
v 0.0195047818 0.0727999955 0.316168427
v 0.0225083083 0.0658 0.31137374
v 0.0195047818 0.0658 0.316168427
v 0.0195047818 0.0727999955 0.316168427
v 0.0154111367 0.0727999955 0.318703443
v 0.0195047818 0.0658 0.316168427
v 0.0148773659 0.0658 0.318859428
v 0.022788683 0.0727999955 0.360332847
v 0.0193504021 0.0727999955 0.3668471
v 0.02266878 0.0658 0.3610813
v 0.019991301 0.0658 0.3660654
v -0.003065264 0.0727999955 0.319364876
v -0.008640445 0.0727999955 0.321928561
v -0.00367767271 0.0658 0.319510549
v -0.008640445 0.0658 0.321928561
v -0.008640445 0.0727999955 0.345713645
v -0.00367755 0.0727999955 0.348131716
v -0.008640445 0.0658 0.345713645
v -0.00306516234 0.0658 0.34827736
v -0.0436404422 0.0727999955 0.6235175
v -0.038677603 0.0727999955 0.6259356
v -0.0452015549 0.0658 0.6224274
v -0.0380652249 0.0658 0.6260812
v -0.0410808064 0.0658 0.649749935
v -0.0282526538 0.0658 0.6496615
v -0.0399309136 0.0727999955 0.6499132
v -0.0270812474 0.0727999955 0.649435
v -0.153664574 0.203104571 0.37793234
v -0.153800055 0.20219709 0.52143234
v -0.154 0.180812687 0.517163754
v -0.154 0.17420654 0.383712262
v -0.154 0.154997736 0.5131169
v -0.154 0.141456708 0.386840582
v -0.154 0.122099943 0.513371468
v -0.154 0.108662456 0.3842195
v -0.154 0.08374554 0.5210492
v -0.153847665 0.07790036 0.37793234
v -0.1610799 0.08237287 0.377885222
v -0.161165118 0.08244567 0.521505356
v -0.161 0.108662792 0.5151451
v -0.161 0.1057935 0.3837123
v -0.161 0.141456768 0.5125241
v -0.161 0.138543278 0.386840582
v -0.161 0.17133756 0.3842195
v -0.161 0.174206227 0.515652359
v -0.1611338 0.197623178 0.377853483
v -0.161101654 0.197584525 0.521477342
v -0.1594194 0.206982121 0.37793234
v -0.155229 0.211526245 0.37793234
v -0.153664574 0.203104571 0.37793234
v -0.148997083 0.207000062 0.37793234
v -0.161101654 0.197584525 0.521477342
v -0.153800055 0.20219709 0.52143234
v -0.15978682 0.206261 0.52143234
v -0.1502302 0.20663175 0.52143234
v -0.152679086 0.213374913 0.52143234
v -0.161101654 0.197584525 0.521477342
v -0.15978682 0.206261 0.52143234
v -0.1611338 0.197623178 0.377853483
v -0.1594194 0.206982121 0.37793234
v -0.15978682 0.206261 0.52143234
v -0.152679086 0.213374913 0.52143234
v -0.1594194 0.206982121 0.37793234
v -0.155229 0.211526245 0.37793234
v -0.139999986 0.21419999 0.37793234
v -0.139999986 0.21419999 0.372682333
v -0.139999986 0.2072 0.37793234
v -0.139999986 0.2072 0.372682333
v -0.103234321 0.2072 0.3380073
v -0.126658082 0.2072 0.358393073
v -0.105989225 0.21420002 0.340103179
v -0.126658082 0.21419999 0.358393073
v -0.139999986 0.2072 0.372682333
v -0.139999986 0.21419999 0.372682333
v -0.100036435 0.2072 0.6189751
v -0.0824675 0.2072 0.63245666
v -0.09821007 0.21420002 0.6206445
v -0.0824675 0.21419999 0.63245666
v -0.0652449 0.2072 0.6419828
v -0.0629738 0.21420002 0.642965555
v -0.00348528149 0.21420002 0.295357257
v 0.00815663952 0.2072 0.296036065
v -0.00341294659 0.2072 0.295422673
v 0.008138943 0.21420002 0.296118081
v 0.019991301 0.2072 0.3660654
v 0.02266878 0.2072 0.361081272
v 0.0193503965 0.21420002 0.366847038
v 0.022788683 0.21420002 0.360332847
v -0.008640445 0.2072 0.321928561
v -0.00367761264 0.2072 0.3195105
v -0.008640445 0.21419999 0.321928561
v -0.003065264 0.21420002 0.319364876
v -0.0380652249 0.2072 0.6260812
v -0.0452015549 0.2072 0.6224274
v -0.038677603 0.21420002 0.6259356
v -0.0436404422 0.21419999 0.6235175
v -0.0410808064 0.2072 0.649749935
v -0.0282526538 0.2072 0.6496615
v -0.0399309136 0.21420002 0.6499132
v -0.0270812474 0.21420002 0.649435
v -0.0153185092 0.2072 0.578974247
v -0.0122113163 0.2072 0.5851132
v -0.0142756067 0.2072 0.592840254
v -0.020122841 0.2072 0.596663356
v -0.0347293131 0.2072 0.5673314
v -0.0386775844 0.2072 0.5973144
v -0.0458024628 0.2072 0.6014235
v -0.0329781137 0.199489161 0.6076913
v -0.03819342 0.199769408 0.6075755
v -0.03472254 0.200043455 0.6062507
v -0.0399225429 0.199718267 0.6101793
v -0.03702353 0.199490815 0.6155619
v -0.0397714 0.200010121 0.6143541
v -0.03702353 0.199490815 0.6155619
v -0.03527749 0.200043455 0.6169993
v -0.0397714 0.200010121 0.6143541
v -0.03702353 0.199490815 0.6155619
v -0.03180658 0.199769408 0.6156745
v -0.03527749 0.200043455 0.6169993
v -0.03007746 0.199718267 0.6130707
v -0.0329781137 0.199489161 0.6076913
v -0.030228598 0.200010121 0.608895957
v -0.0329781137 0.199489161 0.6076913
v -0.03472254 0.200043455 0.6062507
v -0.030228598 0.200010121 0.608895957
v -0.03784801 0.204268008 0.6070609
v -0.03349904 0.204192981 0.6064591
v -0.03472254 0.200043455 0.6062507
v -0.03349904 0.204192981 0.6064591
v -0.030228598 0.200010121 0.608895957
v -0.03472254 0.200043455 0.6062507
v -0.03349904 0.204192981 0.6064591
v -0.030926859 0.204801872 0.608653247
v -0.030228598 0.200010121 0.608895957
v -0.030926859 0.204801872 0.608653247
v -0.02997033 0.204813555 0.6113636
v -0.030228598 0.200010121 0.608895957
v -0.02997033 0.204813555 0.6113636
v -0.03007746 0.199718267 0.6130707
v -0.030228598 0.200010121 0.608895957
v -0.02997033 0.204813555 0.6113636
v -0.0305463672 0.204241738 0.6144922
v -0.03007746 0.199718267 0.6130707
v -0.03281404 0.204243183 0.616449952
v -0.03527749 0.200043455 0.6169993
v -0.03180658 0.199769408 0.6156745
v -0.03281404 0.204243183 0.616449952
v -0.03585165 0.204753771 0.616629243
v -0.03527749 0.200043455 0.6169993
v -0.03585165 0.204753771 0.616629243
v -0.03849935 0.204244182 0.6156023
v -0.03527749 0.200043455 0.6169993
v -0.03849935 0.204244182 0.6156023
v -0.0397714 0.200010121 0.6143541
v -0.03527749 0.200043455 0.6169993
v -0.03849935 0.204244182 0.6156023
v -0.04009789 0.20424372 0.61306715
v -0.0397714 0.200010121 0.6143541
v -0.04009789 0.20424372 0.61306715
v -0.0400650352 0.204242513 0.6100698
v -0.0397714 0.200010121 0.6143541
v -0.0400650352 0.204242513 0.6100698
v -0.0399225429 0.199718267 0.6101793
v -0.0397714 0.200010121 0.6143541
v -0.0400650352 0.204242513 0.6100698
v -0.03784801 0.204268008 0.6070609
v -0.0399225429 0.199718267 0.6101793
v -0.03784801 0.204268008 0.6070609
v -0.03819342 0.199769408 0.6075755
v -0.0399225429 0.199718267 0.6101793
v -0.03784801 0.204268008 0.6070609
v -0.03472254 0.200043455 0.6062507
v -0.03819342 0.199769408 0.6075755
v -0.03180658 0.199769408 0.6156745
v -0.03702353 0.199490815 0.6155619
v -0.0329781137 0.199489161 0.6076913
v -0.03702353 0.199490815 0.6155619
v -0.03819342 0.199769408 0.6075755
v -0.0329781137 0.199489161 0.6076913
v -0.0329781137 0.199489161 0.6076913
v -0.03007746 0.199718267 0.6130707
v -0.03180658 0.199769408 0.6156745
v -0.03702353 0.199490815 0.6155619
v -0.0399225429 0.199718267 0.6101793
v -0.03819342 0.199769408 0.6075755
v -0.03760613 0.207516029 0.611385047
v -0.04056215 0.213474885 0.610627353
v -0.0406218469 0.213468462 0.612389445
v -0.0347600542 0.207516029 0.6090188
v -0.034002468 0.213473171 0.6060649
v -0.03576445 0.213468462 0.606003165
v -0.0294046625 0.213470921 0.612612247
v -0.0294156522 0.213473067 0.610847652
v -0.0323938727 0.207516029 0.6118649
v -0.03598727 0.213470921 0.6172203
v -0.0342227034 0.213471249 0.6172074
v -0.0352399461 0.207516059 0.6142311
v -0.03413196 0.206664145 0.611069858
v -0.0338507742 0.213503763 0.610520661
v -0.0347600542 0.207516029 0.6090188
v -0.0339065976 0.213503256 0.6127606
v -0.0352399461 0.207516059 0.6142311
v -0.0342227034 0.213471249 0.6172074
v -0.0339065976 0.213503256 0.6127606
v -0.0344218276 0.206660271 0.6124707
v -0.0352399461 0.207516059 0.6142311
v -0.0338507742 0.213503763 0.610520661
v -0.0323938727 0.207516029 0.6118649
v -0.0294156522 0.213473067 0.610847652
v -0.0338507742 0.213503763 0.610520661
v -0.03413196 0.206664145 0.611069858
v -0.0323938727 0.207516029 0.6118649
v -0.04056215 0.213474885 0.610627353
v -0.03760613 0.207516029 0.611385047
v -0.0360934064 0.213503256 0.6104894
v -0.0360934064 0.213503256 0.6104894
v -0.0347600542 0.207516029 0.6090188
v -0.03576445 0.213468462 0.606003165
v -0.0360934064 0.213503256 0.6104894
v -0.0355781727 0.206660271 0.6107793
v -0.0347600542 0.207516029 0.6090188
v -0.0355781727 0.206660271 0.6107793
v -0.0360934064 0.213503256 0.6104894
v -0.03760613 0.207516029 0.611385047
v -0.03598727 0.213470921 0.6172203
v -0.0352399461 0.207516059 0.6142311
v -0.0361355655 0.213503256 0.6127184
v -0.0361355655 0.213503256 0.6127184
v -0.03760613 0.207516029 0.611385047
v -0.0406218469 0.213468462 0.612389445
v -0.0361355655 0.213503256 0.6127184
v -0.0358457342 0.206660271 0.6122031
v -0.03760613 0.207516029 0.611385047
v -0.0358457342 0.206660271 0.6122031
v -0.0361355655 0.213503256 0.6127184
v -0.0352399461 0.207516059 0.6142311
v -0.0344218276 0.206660271 0.6124707
v -0.0339065976 0.213503256 0.6127606
v -0.0323938727 0.207516029 0.6118649
v -0.0294046625 0.213470921 0.612612247
v -0.0323938727 0.207516029 0.6118649
v -0.0339065976 0.213503256 0.6127606
v -0.034002468 0.213473171 0.6060649
v -0.0347600542 0.207516029 0.6090188
v -0.0338507742 0.213503763 0.610520661
v -0.0350170322 0.2126376 0.6018684
v -0.030010758 0.213251084 0.60318625
v -0.0356756859 0.2078607 0.606526256
v -0.030010758 0.213251084 0.60318625
v -0.0325720236 0.207638487 0.6073351
v -0.0356756859 0.2078607 0.606526256
v -0.030010758 0.213251084 0.60318625
v -0.0310383644 0.207707986 0.608748853
v -0.0325720236 0.207638487 0.6073351
v -0.030010758 0.213251084 0.60318625
v -0.0265518632 0.212645113 0.606743455
v -0.0310383644 0.207707986 0.608748853
v -0.0265518632 0.212645113 0.606743455
v -0.0301403385 0.207660913 0.610726058
v -0.0310383644 0.207707986 0.608748853
v -0.0265518632 0.212645113 0.606743455
v -0.0253291223 0.21262309 0.6136157
v -0.0301403385 0.207660913 0.610726058
v -0.0253291223 0.21262309 0.6136157
v -0.03060579 0.207860932 0.614293158
v -0.0301403385 0.207660913 0.610726058
v -0.0253291223 0.21262309 0.6136157
v -0.0285688285 0.212620437 0.6188498
v -0.03060579 0.207860932 0.614293158
v -0.0285688285 0.212620437 0.6188498
v -0.0332299 0.207714781 0.616228
v -0.03060579 0.207860932 0.614293158
v -0.0360511169 0.212620929 0.62124
v -0.03541659 0.207648039 0.6165442
v -0.0332299 0.207714781 0.616228
v -0.0360511169 0.212620929 0.62124
v -0.038215 0.207772657 0.615505636
v -0.03541659 0.207648039 0.6165442
v -0.0360511169 0.212620929 0.62124
v -0.04073566 0.212644845 0.6195183
v -0.038215 0.207772657 0.615505636
v -0.04073566 0.212644845 0.6195183
v -0.04386814 0.21262002 0.6154881
v -0.038215 0.207772657 0.615505636
v -0.04386814 0.21262002 0.6154881
v -0.0398862362 0.207912564 0.612977743
v -0.038215 0.207772657 0.615505636
v -0.04386814 0.21262002 0.6154881
v -0.0447016731 0.212643459 0.610583544
v -0.0398862362 0.207912564 0.612977743
v -0.0447016731 0.212643459 0.610583544
v -0.03979359 0.207678586 0.610413969
v -0.0398862362 0.207912564 0.612977743
v -0.0447016731 0.212643459 0.610583544
v -0.0427571535 0.212620348 0.6058446
v -0.03979359 0.207678586 0.610413969
v -0.0427571535 0.212620348 0.6058446
v -0.0384939834 0.207728744 0.608129561
v -0.03979359 0.207678586 0.610413969
v -0.0427571535 0.212620348 0.6058446
v -0.0393042862 0.21333082 0.6027932
v -0.0384939834 0.207728744 0.608129561
v -0.0393042862 0.21333082 0.6027932
v -0.0356756859 0.2078607 0.606526256
v -0.0384939834 0.207728744 0.608129561
v -0.0393042862 0.21333082 0.6027932
v -0.0350170322 0.2126376 0.6018684
v -0.0356756859 0.2078607 0.606526256
v -0.0355781727 0.206660271 0.6107793
v -0.035 0.20615 0.611624956
v -0.0347600542 0.207516029 0.6090188
v -0.0347600542 0.207516029 0.6090188
v -0.035 0.20615 0.611624956
v -0.03413196 0.206664145 0.611069858
v -0.035 0.20615 0.611624956
v -0.0323938727 0.207516029 0.6118649
v -0.03413196 0.206664145 0.611069858
v -0.0323938727 0.207516029 0.6118649
v -0.035 0.20615 0.611624956
v -0.0344218276 0.206660271 0.6124707
v -0.035 0.20615 0.611624956
v -0.0352399461 0.207516059 0.6142311
v -0.0344218276 0.206660271 0.6124707
v -0.0352399461 0.207516059 0.6142311
v -0.035 0.20615 0.611624956
v -0.0358457342 0.206660271 0.6122031
v -0.035 0.20615 0.611624956
v -0.03760613 0.207516029 0.611385047
v -0.0358457342 0.206660271 0.6122031
v -0.03760613 0.207516029 0.611385047
v -0.035 0.20615 0.611624956
v -0.0355781727 0.206660271 0.6107793
v -0.0337965228 0.213500008 0.602007866
v -0.034002468 0.213473171 0.6060649
v -0.030010758 0.213251084 0.60318625
v -0.034002468 0.213473171 0.6060649
v -0.0338507742 0.213503763 0.610520661
v -0.030010758 0.213251084 0.60318625
v -0.0294156522 0.213473067 0.610847652
v -0.0294046625 0.213470921 0.612612247
v -0.0261876825 0.213500008 0.6160875
v -0.0339065976 0.213503256 0.6127606
v -0.0342227034 0.213471249 0.6172074
v -0.0317276232 0.213329881 0.620880544
v -0.03598727 0.213470921 0.6172203
v -0.0361355655 0.213503256 0.6127184
v -0.038517002 0.213500008 0.6208555
v -0.0406218469 0.213468462 0.612389445
v -0.04056215 0.213474885 0.610627353
v -0.0442129076 0.213500008 0.6151878
v -0.0361355655 0.213503256 0.6127184
v -0.038517002 0.213500008 0.6208555
v -0.0442129076 0.213500008 0.6151878
v -0.0342227034 0.213471249 0.6172074
v -0.0317276232 0.213329881 0.620880544
v -0.03598727 0.213470921 0.6172203
v -0.04056215 0.213474885 0.610627353
v -0.04381232 0.213500008 0.6071625
v -0.0393042862 0.21333082 0.6027932
v -0.0360934064 0.213503256 0.6104894
v -0.03576445 0.213468462 0.606003165
v -0.0393042862 0.21333082 0.6027932
v -0.0393042862 0.21333082 0.6027932
v -0.0337965228 0.213500008 0.602007866
v -0.0350170322 0.2126376 0.6018684
v -0.0337965228 0.213500008 0.602007866
v -0.030010758 0.213251084 0.60318625
v -0.0350170322 0.2126376 0.6018684
v -0.0393042862 0.21333082 0.6027932
v -0.0427571535 0.212620348 0.6058446
v -0.04381232 0.213500008 0.6071625
v -0.0427571535 0.212620348 0.6058446
v -0.0447016731 0.212643459 0.610583544
v -0.04381232 0.213500008 0.6071625
v -0.0447016731 0.212643459 0.610583544
v -0.0442129076 0.213500008 0.6151878
v -0.04381232 0.213500008 0.6071625
v -0.0447016731 0.212643459 0.610583544
v -0.04386814 0.21262002 0.6154881
v -0.0442129076 0.213500008 0.6151878
v -0.04386814 0.21262002 0.6154881
v -0.04073566 0.212644845 0.6195183
v -0.0442129076 0.213500008 0.6151878
v -0.04073566 0.212644845 0.6195183
v -0.038517002 0.213500008 0.6208555
v -0.0442129076 0.213500008 0.6151878
v -0.04073566 0.212644845 0.6195183
v -0.0360511169 0.212620929 0.62124
v -0.038517002 0.213500008 0.6208555
v -0.0360511169 0.212620929 0.62124
v -0.0317276232 0.213329881 0.620880544
v -0.038517002 0.213500008 0.6208555
v -0.0285688285 0.212620437 0.6188498
v -0.0261876825 0.213500008 0.6160875
v -0.0317276232 0.213329881 0.620880544
v -0.0285688285 0.212620437 0.6188498
v -0.0253291223 0.21262309 0.6136157
v -0.0261876825 0.213500008 0.6160875
v -0.0253291223 0.21262309 0.6136157
v -0.02578709 0.213500008 0.6080622
v -0.0261876825 0.213500008 0.6160875
v -0.0253291223 0.21262309 0.6136157
v -0.0265518632 0.212645113 0.606743455
v -0.02578709 0.213500008 0.6080622
v -0.0265518632 0.212645113 0.606743455
v -0.030010758 0.213251084 0.60318625
v -0.02578709 0.213500008 0.6080622
v -0.0325720236 0.207638487 0.6073351
v -0.0342262574 0.205534279 0.606992
v -0.0356756859 0.2078607 0.606526256
v -0.0342262574 0.205534279 0.606992
v -0.0374153033 0.205665708 0.607565165
v -0.0356756859 0.2078607 0.606526256
v -0.03060579 0.207860932 0.614293158
v -0.0329629034 0.205375716 0.6160077
v -0.0307473037 0.205552176 0.613561332
v -0.03060579 0.207860932 0.614293158
v -0.0332299 0.207714781 0.616228
v -0.0329629034 0.205375716 0.6160077
v -0.0384939834 0.207728744 0.608129561
v -0.0356756859 0.2078607 0.606526256
v -0.0374153033 0.205665708 0.607565165
v -0.038215 0.207772657 0.615505636
v -0.0398862362 0.207912564 0.612977743
v -0.03870748 0.205611661 0.614465952
v -0.03870748 0.205611661 0.614465952
v -0.0398862362 0.207912564 0.612977743
v -0.03981336 0.205381915 0.611229539
v -0.03981336 0.205381915 0.611229539
v -0.0398862362 0.207912564 0.612977743
v -0.03979359 0.207678586 0.610413969
v -0.0325720236 0.207638487 0.6073351
v -0.030926859 0.204801872 0.608653247
v -0.0342262574 0.205534279 0.606992
v -0.0325720236 0.207638487 0.6073351
v -0.0310383644 0.207707986 0.608748853
v -0.030926859 0.204801872 0.608653247
v -0.0310383644 0.207707986 0.608748853
v -0.0301403385 0.207660913 0.610726058
v -0.030926859 0.204801872 0.608653247
v -0.0301403385 0.207660913 0.610726058
v -0.02997033 0.204813555 0.6113636
v -0.030926859 0.204801872 0.608653247
v -0.0301403385 0.207660913 0.610726058
v -0.03060579 0.207860932 0.614293158
v -0.02997033 0.204813555 0.6113636
v -0.03060579 0.207860932 0.614293158
v -0.0307473037 0.205552176 0.613561332
v -0.02997033 0.204813555 0.6113636
v -0.0332299 0.207714781 0.616228
v -0.03541659 0.207648039 0.6165442
v -0.0329629034 0.205375716 0.6160077
v -0.03541659 0.207648039 0.6165442
v -0.03585165 0.204753771 0.616629243
v -0.0329629034 0.205375716 0.6160077
v -0.03541659 0.207648039 0.6165442
v -0.038215 0.207772657 0.615505636
v -0.03585165 0.204753771 0.616629243
v -0.038215 0.207772657 0.615505636
v -0.03870748 0.205611661 0.614465952
v -0.03585165 0.204753771 0.616629243
v -0.03979359 0.207678586 0.610413969
v -0.0384939834 0.207728744 0.608129561
v -0.03981336 0.205381915 0.611229539
v -0.0384939834 0.207728744 0.608129561
v -0.0374153033 0.205665708 0.607565165
v -0.03981336 0.205381915 0.611229539
v -0.0374153033 0.205665708 0.607565165
v -0.0342262574 0.205534279 0.606992
v -0.03784801 0.204268008 0.6070609
v -0.0342262574 0.205534279 0.606992
v -0.03349904 0.204192981 0.6064591
v -0.03784801 0.204268008 0.6070609
v -0.03784801 0.204268008 0.6070609
v -0.0400650352 0.204242513 0.6100698
v -0.0374153033 0.205665708 0.607565165
v -0.0400650352 0.204242513 0.6100698
v -0.03981336 0.205381915 0.611229539
v -0.0374153033 0.205665708 0.607565165
v -0.0400650352 0.204242513 0.6100698
v -0.04009789 0.20424372 0.61306715
v -0.03981336 0.205381915 0.611229539
v -0.04009789 0.20424372 0.61306715
v -0.03870748 0.205611661 0.614465952
v -0.03981336 0.205381915 0.611229539
v -0.04009789 0.20424372 0.61306715
v -0.03849935 0.204244182 0.6156023
v -0.03870748 0.205611661 0.614465952
v -0.03849935 0.204244182 0.6156023
v -0.03585165 0.204753771 0.616629243
v -0.03870748 0.205611661 0.614465952
v -0.03585165 0.204753771 0.616629243
v -0.03281404 0.204243183 0.616449952
v -0.0329629034 0.205375716 0.6160077
v -0.03281404 0.204243183 0.616449952
v -0.0305463672 0.204241738 0.6144922
v -0.0329629034 0.205375716 0.6160077
v -0.0305463672 0.204241738 0.6144922
v -0.0307473037 0.205552176 0.613561332
v -0.0329629034 0.205375716 0.6160077
v -0.0305463672 0.204241738 0.6144922
v -0.02997033 0.204813555 0.6113636
v -0.0307473037 0.205552176 0.613561332
v -0.03349904 0.204192981 0.6064591
v -0.0342262574 0.205534279 0.606992
v -0.030926859 0.204801872 0.608653247
v -0.004010533 0.199489161 0.335685968
v -0.00323097315 0.200012922 0.3382681
v -0.00537428353 0.200043455 0.3335436
v -0.004010533 0.199489161 0.335685968
v 0.0009771974 0.199718982 0.3388496
v -0.00323097315 0.200012922 0.3382681
v 0.0036576686 0.199755564 0.337463468
v 0.004013769 0.199490815 0.331954718
v 0.005374283 0.200043455 0.334098637
v 0.004013769 0.199490815 0.331954718
v 0.00323097268 0.200012922 0.329374135
v 0.005374283 0.200043455 0.334098637
v 0.004013769 0.199490815 0.331954718
v -0.0009772005 0.199718982 0.3287926
v 0.00323097268 0.200012922 0.329374135
v -0.00365766627 0.199755564 0.330178738
v -0.004010533 0.199489161 0.335685968
v -0.00537428353 0.200043455 0.3335436
v -0.00456405431 0.204268023 0.336669147
v -0.00516591 0.204193026 0.3323201
v -0.00537428353 0.200043455 0.3335436
v -0.00516591 0.204193026 0.3323201
v -0.00365766627 0.199755564 0.330178738
v -0.00537428353 0.200043455 0.3335436
v -0.00516591 0.204193026 0.3323201
v -0.00297170482 0.204801872 0.329747915
v -0.00365766627 0.199755564 0.330178738
v -0.00297170482 0.204801872 0.329747915
v -0.0009772005 0.199718982 0.3287926
v -0.00365766627 0.199755564 0.330178738
v -0.00297170482 0.204801872 0.329747915
v -0.000261458976 0.204813555 0.32879144
v -0.0009772005 0.199718982 0.3287926
v -0.000261458976 0.204813555 0.32879144
v 0.00323097268 0.200012922 0.329374135
v -0.0009772005 0.199718982 0.3287926
v -0.000261458976 0.204813555 0.32879144
v 0.00286716945 0.204241753 0.329367459
v 0.00323097268 0.200012922 0.329374135
v 0.00286716945 0.204241753 0.329367459
v 0.00482489727 0.204243138 0.331635147
v 0.00323097268 0.200012922 0.329374135
v 0.00482489727 0.204243138 0.331635147
v 0.005374283 0.200043455 0.334098637
v 0.00323097268 0.200012922 0.329374135
v 0.00482489727 0.204243138 0.331635147
v 0.005004219 0.204753786 0.334672779
v 0.005374283 0.200043455 0.334098637
v 0.005004219 0.204753786 0.334672779
v 0.0039773 0.204244182 0.337320447
v 0.005374283 0.200043455 0.334098637
v 0.0039773 0.204244182 0.337320447
v 0.0036576686 0.199755564 0.337463468
v 0.005374283 0.200043455 0.334098637
v 0.0039773 0.204244182 0.337320447
v 0.00144219783 0.20424372 0.338918984
v 0.0036576686 0.199755564 0.337463468
v 0.00144219783 0.20424372 0.338918984
v 0.0009771974 0.199718982 0.3388496
v 0.0036576686 0.199755564 0.337463468
v 0.00144219783 0.20424372 0.338918984
v -0.00155527354 0.204242527 0.3388861
v 0.0009771974 0.199718982 0.3388496
v -0.00155527354 0.204242527 0.3388861
v -0.00323097315 0.200012922 0.3382681
v 0.0009771974 0.199718982 0.3388496
v -0.00155527354 0.204242527 0.3388861
v -0.00456405431 0.204268023 0.336669147
v -0.00323097315 0.200012922 0.3382681
v -0.00456405431 0.204268023 0.336669147
v -0.00537428353 0.200043455 0.3335436
v -0.00323097315 0.200012922 0.3382681
v 0.004013769 0.199490815 0.331954718
v -0.004010533 0.199489161 0.335685968
v -0.00365766627 0.199755564 0.330178738
v -0.00365766627 0.199755564 0.330178738
v -0.0009772005 0.199718982 0.3287926
v 0.004013769 0.199490815 0.331954718
v 0.004013769 0.199490815 0.331954718
v 0.0036576686 0.199755564 0.337463468
v -0.004010533 0.199489161 0.335685968
v 0.0036576686 0.199755564 0.337463468
v 0.0009771974 0.199718982 0.3388496
v -0.004010533 0.199489161 0.335685968
v -0.000239950634 0.207516029 0.336427242
v -0.0009976475 0.213474885 0.339383245
v 0.0007644427 0.213468432 0.339442939
v -0.00559533341 0.213470921 0.332833827
v -0.00558244344 0.213471249 0.3345984
v -0.00260613626 0.207516059 0.333581179
v 0.000239947578 0.207516059 0.331215
v 0.0009976471 0.213474885 0.328258961
v -0.00076444057 0.213468462 0.328199238
v 0.002606133 0.207516029 0.334061056
v 0.005560137 0.213473171 0.334818631
v 0.00562184257 0.213468462 0.333056659
v -0.000565008668 0.206673458 0.332937747
v -0.00108755589 0.213503242 0.332681775
v -0.00260613626 0.207516059 0.333581179
v 0.00113556581 0.213503256 0.332727671
v 0.002606133 0.207516029 0.334061056
v 0.00562184257 0.213468462 0.333056659
v 0.00113556581 0.213503256 0.332727671
v 0.0008457118 0.206660271 0.333242983
v 0.002606133 0.207516029 0.334061056
v -0.00108755589 0.213503242 0.332681775
v 0.000239947578 0.207516059 0.331215
v -0.00076444057 0.213468462 0.328199238
v -0.00108755589 0.213503242 0.332681775
v -0.000565008668 0.206673458 0.332937747
v 0.000239947578 0.207516059 0.331215
v -0.0009976475 0.213474885 0.339383245
v -0.000239950634 0.207516029 0.336427242
v -0.00113556371 0.213503256 0.334914535
v -0.00113556371 0.213503256 0.334914535
v -0.00260613626 0.207516059 0.333581179
v -0.00558244344 0.213471249 0.3345984
v -0.00113556371 0.213503256 0.334914535
v -0.0008457253 0.206660271 0.334399283
v -0.00260613626 0.207516059 0.333581179
v -0.0008457253 0.206660271 0.334399283
v -0.00113556371 0.213503256 0.334914535
v -0.000239950634 0.207516029 0.336427242
v 0.005560137 0.213473171 0.334818631
v 0.002606133 0.207516029 0.334061056
v 0.00110434648 0.213503763 0.334970325
v 0.00110434648 0.213503763 0.334970325
v -0.000239950634 0.207516029 0.336427242
v 0.0007644427 0.213468432 0.339442939
v 0.00110434648 0.213503763 0.334970325
v 0.0005550807 0.20666413 0.33468917
v -0.000239950634 0.207516029 0.336427242
v 0.0005550807 0.20666413 0.33468917
v 0.00110434648 0.213503763 0.334970325
v 0.002606133 0.207516029 0.334061056
v 0.0008457118 0.206660271 0.333242983
v 0.00113556581 0.213503256 0.332727671
v 0.000239947578 0.207516059 0.331215
v 0.0009976471 0.213474885 0.328258961
v 0.000239947578 0.207516059 0.331215
v 0.00113556581 0.213503256 0.332727671
v -0.00559533341 0.213470921 0.332833827
v -0.00260613626 0.207516059 0.333581179
v -0.00108755589 0.213503242 0.332681775
v -0.009756594 0.2126376 0.333838075
v -0.008359795 0.212621272 0.328956485
v -0.00509879 0.207860723 0.334496677
v -0.008359795 0.212621272 0.328956485
v -0.004289899 0.207638443 0.331393152
v -0.00509879 0.207860723 0.334496677
v -0.008359795 0.212621272 0.328956485
v -0.00287609873 0.207707942 0.3298595
v -0.004289899 0.207638443 0.331393152
v -0.008359795 0.212621272 0.328956485
v -0.004881542 0.212645128 0.325372964
v -0.00287609873 0.207707942 0.3298595
v -0.004881542 0.212645128 0.325372964
v -0.000898951141 0.2076609 0.328961432
v -0.00287609873 0.207707942 0.3298595
v -0.004881542 0.212645128 0.325372964
v 0.0001938121 0.21327728 0.324014574
v -0.000898951141 0.2076609 0.328961432
v 0.0001938121 0.21327728 0.324014574
v 0.00266827457 0.207860932 0.3294269
v -0.000898951141 0.2076609 0.328961432
v 0.0001938121 0.21327728 0.324014574
v 0.00414585136 0.213212922 0.324969918
v 0.00266827457 0.207860932 0.3294269
v 0.00414585136 0.213212922 0.324969918
v 0.008513527 0.212618977 0.328820884
v 0.00266827457 0.207860932 0.3294269
v 0.008513527 0.212618977 0.328820884
v 0.004602987 0.207714781 0.332050979
v 0.00266827457 0.207860932 0.3294269
v 0.008513527 0.212618977 0.328820884
v 0.009615011 0.212620929 0.334872156
v 0.004602987 0.207714781 0.332050979
v 0.009615011 0.212620929 0.334872156
v 0.004919184 0.207648039 0.334237516
v 0.004602987 0.207714781 0.332050979
v 0.009615011 0.212620929 0.334872156
v 0.00388072361 0.207772627 0.337035984
v 0.004919184 0.207648039 0.334237516
v 0.009615011 0.212620929 0.334872156
v 0.007893356 0.212644845 0.3395567
v 0.00388072361 0.207772627 0.337035984
v 0.007893356 0.212644845 0.3395567
v 0.003195203 0.213286 0.343148261
v 0.00388072361 0.207772627 0.337035984
v 0.003195203 0.213286 0.343148261
v 0.001352704 0.207912534 0.338707358
v 0.00388072361 0.207772627 0.337035984
v 0.003195203 0.213286 0.343148261
v -0.00104159769 0.212643459 0.3435228
v 0.001352704 0.207912534 0.338707358
v -0.00104159769 0.212643459 0.3435228
v -0.00121096021 0.207678542 0.338614672
v 0.001352704 0.207912534 0.338707358
v -0.00104159769 0.212643459 0.3435228
v -0.00578047475 0.212620348 0.341578156
v -0.00121096021 0.207678542 0.338614672
v -0.00578047475 0.212620348 0.341578156
v -0.00349541777 0.207728714 0.3373151
v -0.00121096021 0.207678542 0.338614672
v -0.00578047475 0.212620348 0.341578156
v -0.008355752 0.213286147 0.338973373
v -0.00349541777 0.207728714 0.3373151
v -0.008355752 0.213286147 0.338973373
v -0.00509879 0.207860723 0.334496677
v -0.00349541777 0.207728714 0.3373151
v -0.008355752 0.213286147 0.338973373
v -0.009756594 0.2126376 0.333838075
v -0.00509879 0.207860723 0.334496677
v -0.0008457253 0.206660271 0.334399283
v -2.83122059E-09 0.20615 0.333821118
v -0.00260613626 0.207516059 0.333581179
v -0.00260613626 0.207516059 0.333581179
v -2.83122059E-09 0.20615 0.333821118
v -0.000565008668 0.206673458 0.332937747
v -2.83122059E-09 0.20615 0.333821118
v 0.000239947578 0.207516059 0.331215
v -0.000565008668 0.206673458 0.332937747
v 0.000239947578 0.207516059 0.331215
v -2.83122059E-09 0.20615 0.333821118
v 0.0008457118 0.206660271 0.333242983
v -2.83122059E-09 0.20615 0.333821118
v 0.002606133 0.207516029 0.334061056
v 0.0008457118 0.206660271 0.333242983
v 0.002606133 0.207516029 0.334061056
v -2.83122059E-09 0.20615 0.333821118
v 0.0005550807 0.20666413 0.33468917
v -2.83122059E-09 0.20615 0.333821118
v -0.000239950634 0.207516029 0.336427242
v 0.0005550807 0.20666413 0.33468917
v -0.000239950634 0.207516029 0.336427242
v -2.83122059E-09 0.20615 0.333821118
v -0.0008457253 0.206660271 0.334399283
v -0.00559533341 0.213470921 0.332833827
v -0.00108755589 0.213503242 0.332681775
v -0.008864645 0.213500008 0.329662532
v -0.0009976475 0.213474885 0.339383245
v -0.00344197545 0.213500008 0.342951536
v 0.003195203 0.213286 0.343148261
v -0.00344197545 0.213500008 0.342951536
v -0.0009976475 0.213474885 0.339383245
v -0.008355752 0.213286147 0.338973373
v -0.0009976475 0.213474885 0.339383245
v -0.00113556371 0.213503256 0.334914535
v -0.008355752 0.213286147 0.338973373
v -0.009553295 0.213500008 0.335655242
v -0.008864645 0.213500008 0.329662532
v -0.009756594 0.2126376 0.333838075
v -0.008864645 0.213500008 0.329662532
v -0.008359795 0.212621272 0.328956485
v -0.009756594 0.2126376 0.333838075
v -0.009756594 0.2126376 0.333838075
v -0.008355752 0.213286147 0.338973373
v -0.009553295 0.213500008 0.335655242
v -0.00578047475 0.212620348 0.341578156
v -0.00344197545 0.213500008 0.342951536
v -0.008355752 0.213286147 0.338973373
v -0.00578047475 0.212620348 0.341578156
v -0.00104159769 0.212643459 0.3435228
v -0.00344197545 0.213500008 0.342951536
v -0.00104159769 0.212643459 0.3435228
v 0.003195203 0.213286 0.343148261
v -0.00344197545 0.213500008 0.342951536
v 0.003195203 0.213286 0.343148261
v 0.007893356 0.212644845 0.3395567
v 0.006933455 0.213500008 0.340564936
v 0.007893356 0.212644845 0.3395567
v 0.00976000447 0.213500008 0.335342079
v 0.006933455 0.213500008 0.340564936
v 0.007893356 0.212644845 0.3395567
v 0.009615011 0.212620929 0.334872156
v 0.00976000447 0.213500008 0.335342079
v 0.009615011 0.212620929 0.334872156
v 0.008513527 0.212618977 0.328820884
v 0.00976000447 0.213500008 0.335342079
v 0.008513527 0.212618977 0.328820884
v 0.008151354 0.213500008 0.3284576
v 0.00976000447 0.213500008 0.335342079
v 0.008513527 0.212618977 0.328820884
v 0.00414585136 0.213212922 0.324969918
v 0.008151354 0.213500008 0.3284576
v 0.0001938121 0.21327728 0.324014574
v -0.004881542 0.212645128 0.325372964
v -0.00448208675 0.213500008 0.325153768
v -0.004881542 0.212645128 0.325372964
v -0.008864645 0.213500008 0.329662532
v -0.00448208675 0.213500008 0.325153768
v -0.008359795 0.212621272 0.328956485
v -0.008864645 0.213500008 0.329662532
v -0.004289899 0.207638443 0.331393152
v -0.004633015 0.205534324 0.3330474
v -0.00509879 0.207860723 0.334496677
v -0.004633015 0.205534324 0.3330474
v -0.00405985 0.205665663 0.336236447
v -0.00509879 0.207860723 0.334496677
v 0.00266827457 0.207860932 0.3294269
v 0.004382759 0.205375671 0.331784159
v 0.00193640718 0.205552161 0.329568416
v 0.00266827457 0.207860932 0.3294269
v 0.004602987 0.207714781 0.332050979
v 0.004382759 0.205375671 0.331784159
v -0.00349541777 0.207728714 0.3373151
v -0.00509879 0.207860723 0.334496677
v -0.00405985 0.205665663 0.336236447
v 0.00388072361 0.207772627 0.337035984
v 0.001352704 0.207912534 0.338707358
v 0.00284102466 0.205611631 0.337528557
v 0.00284102466 0.205611631 0.337528557
v 0.001352704 0.207912534 0.338707358
v -0.000395471434 0.205381915 0.338634431
v -0.000395471434 0.205381915 0.338634431
v 0.001352704 0.207912534 0.338707358
v -0.00121096021 0.207678542 0.338614672
v -0.004289899 0.207638443 0.331393152
v -0.00297170482 0.204801872 0.329747915
v -0.004633015 0.205534324 0.3330474
v -0.004289899 0.207638443 0.331393152
v -0.00287609873 0.207707942 0.3298595
v -0.00297170482 0.204801872 0.329747915
v -0.00287609873 0.207707942 0.3298595
v -0.000898951141 0.2076609 0.328961432
v -0.00297170482 0.204801872 0.329747915
v -0.000898951141 0.2076609 0.328961432
v -0.000261458976 0.204813555 0.32879144
v -0.00297170482 0.204801872 0.329747915
v -0.000898951141 0.2076609 0.328961432
v 0.00266827457 0.207860932 0.3294269
v -0.000261458976 0.204813555 0.32879144
v 0.00266827457 0.207860932 0.3294269
v 0.00193640718 0.205552161 0.329568416
v -0.000261458976 0.204813555 0.32879144
v 0.004602987 0.207714781 0.332050979
v 0.004919184 0.207648039 0.334237516
v 0.004382759 0.205375671 0.331784159
v 0.004919184 0.207648039 0.334237516
v 0.005004219 0.204753786 0.334672779
v 0.004382759 0.205375671 0.331784159
v 0.004919184 0.207648039 0.334237516
v 0.00388072361 0.207772627 0.337035984
v 0.005004219 0.204753786 0.334672779
v 0.00388072361 0.207772627 0.337035984
v 0.00284102466 0.205611631 0.337528557
v 0.005004219 0.204753786 0.334672779
v -0.00121096021 0.207678542 0.338614672
v -0.00349541777 0.207728714 0.3373151
v -0.000395471434 0.205381915 0.338634431
v -0.00349541777 0.207728714 0.3373151
v -0.00405985 0.205665663 0.336236447
v -0.000395471434 0.205381915 0.338634431
v -0.00405985 0.205665663 0.336236447
v -0.004633015 0.205534324 0.3330474
v -0.00456405431 0.204268023 0.336669147
v -0.004633015 0.205534324 0.3330474
v -0.00516591 0.204193026 0.3323201
v -0.00456405431 0.204268023 0.336669147
v -0.00456405431 0.204268023 0.336669147
v -0.00155527354 0.204242527 0.3388861
v -0.00405985 0.205665663 0.336236447
v -0.00155527354 0.204242527 0.3388861
v -0.000395471434 0.205381915 0.338634431
v -0.00405985 0.205665663 0.336236447
v -0.00155527354 0.204242527 0.3388861
v 0.00144219783 0.20424372 0.338918984
v -0.000395471434 0.205381915 0.338634431
v 0.00144219783 0.20424372 0.338918984
v 0.00284102466 0.205611631 0.337528557
v -0.000395471434 0.205381915 0.338634431
v 0.00144219783 0.20424372 0.338918984
v 0.0039773 0.204244182 0.337320447
v 0.00284102466 0.205611631 0.337528557
v 0.0039773 0.204244182 0.337320447
v 0.005004219 0.204753786 0.334672779
v 0.00284102466 0.205611631 0.337528557
v 0.005004219 0.204753786 0.334672779
v 0.00482489727 0.204243138 0.331635147
v 0.004382759 0.205375671 0.331784159
v 0.00482489727 0.204243138 0.331635147
v 0.00286716945 0.204241753 0.329367459
v 0.004382759 0.205375671 0.331784159
v 0.00286716945 0.204241753 0.329367459
v 0.00193640718 0.205552161 0.329568416
v 0.004382759 0.205375671 0.331784159
v 0.00286716945 0.204241753 0.329367459
v -0.000261458976 0.204813555 0.32879144
v 0.00193640718 0.205552161 0.329568416
v -0.00516591 0.204193026 0.3323201
v -0.004633015 0.205534324 0.3330474
v -0.00297170482 0.204801872 0.329747915
v -0.0305463672 0.204241738 0.6144922
v -0.03180658 0.199769408 0.6156745
v -0.03007746 0.199718267 0.6130707
v -0.03281404 0.204243183 0.616449952
v -0.0285688285 0.212620437 0.6188498
v -0.0317276232 0.213329881 0.620880544
v -0.0332299 0.207714781 0.616228
v -0.0360511169 0.212620929 0.62124
v -0.0338507742 0.213503763 0.610520661
v -0.0294156522 0.213473067 0.610847652
v -0.030010758 0.213251084 0.60318625
v -0.02578709 0.213500008 0.6080622
v -0.0261876825 0.213500008 0.6160875
v -0.0294046625 0.213470921 0.612612247
v -0.0317276232 0.213329881 0.620880544
v -0.0339065976 0.213503256 0.6127606
v -0.03576445 0.213468462 0.606003165
v -0.0337965228 0.213500008 0.602007866
v -0.0393042862 0.21333082 0.6027932
v -0.034002468 0.213473171 0.6060649
v -0.009553295 0.213500008 0.335655242
v -0.00558244344 0.213471249 0.3345984
v -0.00559533341 0.213470921 0.332833827
v -0.008864645 0.213500008 0.329662532
v -0.00108755589 0.213503242 0.332681775
v -0.00076444057 0.213468462 0.328199238
v -0.00448208675 0.213500008 0.325153768
v 0.0001938121 0.21327728 0.324014574
v -0.00448208675 0.213500008 0.325153768
v 0.0009976471 0.213474885 0.328258961
v 0.00414585136 0.213212922 0.324969918
v 0.008151354 0.213500008 0.3284576
v 0.0009976471 0.213474885 0.328258961
v 0.00113556581 0.213503256 0.332727671
v 0.008151354 0.213500008 0.3284576
v 0.00562184257 0.213468462 0.333056659
v 0.00562184257 0.213468462 0.333056659
v 0.00976000447 0.213500008 0.335342079
v 0.005560137 0.213473171 0.334818631
v 0.006933455 0.213500008 0.340564936
v 0.00110434648 0.213503763 0.334970325
v 0.0007644427 0.213468432 0.339442939
v 0.0007644427 0.213468432 0.339442939
v 0.003195203 0.213286 0.343148261
v 0.006933455 0.213500008 0.340564936
v -0.0009976475 0.213474885 0.339383245
v -0.00113556371 0.213503256 0.334914535
v -0.00558244344 0.213471249 0.3345984
v -0.008355752 0.213286147 0.338973373
v -0.009553295 0.213500008 0.335655242
v -0.03237911 0.19425 0.5758477
v -0.0323664658 0.2065 0.5761092
v -0.0312847532 0.19425 0.57617
v -0.0323664658 0.2065 0.5761092
v -0.03130459 0.2065 0.576167166
v -0.0312847532 0.19425 0.57617
v -0.03869541 0.19425 0.576167166
v -0.0387152471 0.2065 0.57617
v -0.0376335345 0.19425 0.5761092
v -0.0387152471 0.2065 0.57617
v -0.03762089 0.2065 0.5758477
v -0.0376335345 0.19425 0.5761092
v -0.0374933332 0.205624983 0.6311168
v -0.0374933332 0.2065 0.6288832
v -0.036297746 0.206375 0.632458448
v -0.0374933332 0.205624983 0.6311168
v -0.0370108671 0.205624983 0.6283127
v -0.0374933332 0.2065 0.6288832
v -0.0370108671 0.205624983 0.6283127
v -0.03545584 0.20628123 0.627414942
v -0.0374933332 0.2065 0.6288832
v -0.0322750621 0.205624983 0.6298033
v -0.03227506 0.2065 0.630196631
v -0.0336875133 0.2060625 0.6277266
v -0.0322750621 0.205624983 0.6298033
v -0.03368753 0.20615 0.6322734
v -0.03227506 0.2065 0.630196631
v -0.0370108671 0.205624983 0.6283127
v -0.0374933332 0.205624983 0.6311168
v -0.0322750621 0.205624983 0.6298033
v -0.0374933332 0.205624983 0.6311168
v -0.03368753 0.20615 0.6322734
v -0.0322750621 0.205624983 0.6298033
v -0.0374933332 0.205624983 0.6311168
v -0.036297746 0.206375 0.632458448
v -0.03368753 0.20615 0.6322734
v -0.03545584 0.20628123 0.627414942
v -0.0370108671 0.205624983 0.6283127
v -0.0336875133 0.2060625 0.6277266
v -0.0370108671 0.205624983 0.6283127
v -0.0322750621 0.205624983 0.6298033
v -0.0336875133 0.2060625 0.6277266
v -0.0534065478 0.205624983 0.6035543
v -0.0534065478 0.2065 0.6013207
v -0.052210968 0.206375 0.604895949
v -0.0534065478 0.205624983 0.6035543
v -0.0529240854 0.205624983 0.6007502
v -0.0534065478 0.2065 0.6013207
v -0.0529240854 0.205624983 0.6007502
v -0.05136906 0.20628123 0.599852443
v -0.0534065478 0.2065 0.6013207
v -0.04818828 0.205624983 0.6022408
v -0.0481882766 0.2065 0.602634132
v -0.0496007241 0.206208318 0.6001641
v -0.04818828 0.205624983 0.6022408
v -0.0496007428 0.20615 0.6047108
v -0.0481882766 0.2065 0.602634132
v -0.0529240854 0.205624983 0.6007502
v -0.0534065478 0.205624983 0.6035543
v -0.04818828 0.205624983 0.6022408
v -0.0534065478 0.205624983 0.6035543
v -0.0496007428 0.20615 0.6047108
v -0.04818828 0.205624983 0.6022408
v -0.0534065478 0.205624983 0.6035543
v -0.052210968 0.206375 0.604895949
v -0.0496007428 0.20615 0.6047108
v -0.05136906 0.20628123 0.599852443
v -0.0529240854 0.205624983 0.6007502
v -0.0496007241 0.206208318 0.6001641
v -0.0529240854 0.205624983 0.6007502
v -0.04818828 0.205624983 0.6022408
v -0.0496007241 0.206208318 0.6001641
v -0.0215801187 0.205624983 0.6035543
v -0.0215801187 0.2065 0.6013207
v -0.0203845315 0.206354141 0.604895949
v -0.0215801187 0.205624983 0.6035543
v -0.02109765 0.205624983 0.6007502
v -0.0215801187 0.2065 0.6013207
v -0.02109765 0.205624983 0.6007502
v -0.0195426252 0.206208318 0.599852443
v -0.0215801187 0.2065 0.6013207
v -0.0163618457 0.205624983 0.6022408
v -0.0163618419 0.2065 0.602634132
v -0.0177742988 0.206208318 0.6001641
v -0.0163618457 0.205624983 0.6022408
v -0.0177743156 0.20615 0.6047108
v -0.0163618419 0.2065 0.602634132
v -0.02109765 0.205624983 0.6007502
v -0.0215801187 0.205624983 0.6035543
v -0.0163618457 0.205624983 0.6022408
v -0.0215801187 0.205624983 0.6035543
v -0.0177743156 0.20615 0.6047108
v -0.0163618457 0.205624983 0.6022408
v -0.0215801187 0.205624983 0.6035543
v -0.0203845315 0.206354141 0.604895949
v -0.0177743156 0.20615 0.6047108
v -0.0195426252 0.206208318 0.599852443
v -0.02109765 0.205624983 0.6007502
v -0.0177742988 0.206208318 0.6001641
v -0.02109765 0.205624983 0.6007502
v -0.0163618457 0.205624983 0.6022408
v -0.0177742988 0.206208318 0.6001641
v -0.0357773 0.19425 0.331200242
v -0.035515815 0.2065 0.331187576
v -0.035454955 0.19425 0.3301059
v -0.035515815 0.2065 0.331187576
v -0.0354578 0.2065 0.330125719
v -0.035454955 0.19425 0.3301059
v -0.0354578 0.19425 0.337516516
v -0.03545495 0.2065 0.337536335
v -0.035515815 0.19425 0.33645466
v -0.03545495 0.2065 0.337536335
v -0.0357773043 0.2065 0.336442
v -0.035515815 0.19425 0.33645466
v 0.0194918066 0.205624983 0.33631447
v 0.0166876912 0.205974981 0.33583197
v 0.01912217 0.2065 0.336449
v 0.0164727848 0.205624983 0.3318601
v 0.0167741161 0.2065 0.331607252
v 0.01578988 0.20628123 0.3342769
v 0.0164727848 0.205624983 0.3318601
v 0.01997588 0.205624983 0.331607252
v 0.0167741161 0.2065 0.331607252
v 0.01997588 0.205624983 0.331607252
v 0.02027721 0.2065 0.3318601
v 0.0167741161 0.2065 0.331607252
v 0.01997588 0.205624983 0.331607252
v 0.0209601261 0.20628123 0.334276974
v 0.02027721 0.2065 0.3318601
v 0.0194918066 0.205624983 0.33631447
v 0.01912217 0.2065 0.336449
v 0.0209601261 0.20628123 0.334276974
v 0.0166876912 0.205974981 0.33583197
v 0.0194918066 0.205624983 0.33631447
v 0.0164727848 0.205624983 0.3318601
v 0.0194918066 0.205624983 0.33631447
v 0.01997588 0.205624983 0.331607252
v 0.0164727848 0.205624983 0.3318601
v 0.0194918066 0.205624983 0.33631447
v 0.0209601261 0.20628123 0.334276974
v 0.01997588 0.205624983 0.331607252
v 0.01578988 0.20628123 0.3342769
v 0.0166876912 0.205974981 0.33583197
v 0.0164727848 0.205624983 0.3318601
v -0.008070691 0.205624983 0.3522277
v -0.010874806 0.2060625 0.3517452
v -0.008440327 0.2065 0.3523622
v -0.011089717 0.205624983 0.347773284
v -0.0107883867 0.2065 0.347520471
v -0.01177262 0.20628123 0.350190133
v -0.011089717 0.205624983 0.347773284
v -0.00758661469 0.205624983 0.347520471
v -0.0107883867 0.2065 0.347520471
v -0.00758661469 0.205624983 0.347520471
v -0.00728528667 0.2065 0.347773284
v -0.0107883867 0.2065 0.347520471
v -0.00758661469 0.205624983 0.347520471
v -0.00660237623 0.20628123 0.350190163
v -0.00728528667 0.2065 0.347773284
v -0.008070691 0.205624983 0.3522277
v -0.008440327 0.2065 0.3523622
v -0.00660237623 0.20628123 0.350190163
v -0.010874806 0.2060625 0.3517452
v -0.008070691 0.205624983 0.3522277
v -0.011089717 0.205624983 0.347773284
v -0.008070691 0.205624983 0.3522277
v -0.00758661469 0.205624983 0.347520471
v -0.011089717 0.205624983 0.347773284
v -0.008070691 0.205624983 0.3522277
v -0.00660237623 0.20628123 0.350190163
v -0.00758661469 0.205624983 0.347520471
v -0.01177262 0.20628123 0.350190133
v -0.010874806 0.2060625 0.3517452
v -0.011089717 0.205624983 0.347773284
v -0.008070701 0.205624983 0.320401222
v -0.0103043 0.2065 0.320401222
v -0.0067290063 0.206354141 0.3192056
v -0.008070701 0.205624983 0.320401222
v -0.010874819 0.205624983 0.319918752
v -0.0103043 0.2065 0.320401222
v -0.010874819 0.205624983 0.319918752
v -0.0117726251 0.206208318 0.3183637
v -0.0103043 0.2065 0.320401222
v -0.009384172 0.205624983 0.315182954
v -0.008990832 0.2065 0.315182954
v -0.0114608221 0.206208318 0.3165954
v -0.009384172 0.205624983 0.315182954
v -0.00691418163 0.20615 0.3165954
v -0.008990832 0.2065 0.315182954
v -0.010874819 0.205624983 0.319918752
v -0.008070701 0.205624983 0.320401222
v -0.009384172 0.205624983 0.315182954
v -0.008070701 0.205624983 0.320401222
v -0.00691418163 0.20615 0.3165954
v -0.009384172 0.205624983 0.315182954
v -0.008070701 0.205624983 0.320401222
v -0.0067290063 0.206354141 0.3192056
v -0.00691418163 0.20615 0.3165954
v -0.0117726251 0.206208318 0.3183637
v -0.010874819 0.205624983 0.319918752
v -0.0114608221 0.206208318 0.3165954
v -0.010874819 0.205624983 0.319918752
v -0.009384172 0.205624983 0.315182954
v -0.0114608221 0.206208318 0.3165954
v -0.03445756 0.19425 0.6472284
v -0.0344403572 0.2065 0.647226632
v -0.0355596431 0.19425 0.647226632
v -0.03554244 0.2065 0.6472284
v 0.0356033742 0.19425 0.3332787
v 0.0356016345 0.2065 0.3332615
v 0.03560164 0.19425 0.334380716
v 0.0356033742 0.2065 0.33436352
v -0.03237911 0.19425 0.5758477
v -0.03762089 0.2065 0.5758477
v -0.0323664658 0.2065 0.5761092
v -0.03237911 0.19425 0.5758477
v -0.0376335345 0.19425 0.5761092
v -0.03762089 0.2065 0.5758477
v -0.03762089 0.2065 0.5758477
v -0.036751017 0.206330359 0.5802592
v -0.0341799222 0.206299216 0.579936445
v -0.0320174135 0.20625405 0.5813416
v -0.03130459 0.2065 0.576167166
v -0.0320174135 0.20625405 0.5813416
v -0.01841263 0.2065 0.579815
v -0.03130459 0.2065 0.576167166
v -0.0323664658 0.2065 0.5761092
v -0.0341799222 0.206299216 0.579936445
v -0.03762089 0.2065 0.5758477
v -0.036751017 0.206330359 0.5802592
v -0.0387152471 0.2065 0.57617
v 0.0008402878 0.2065 0.6132027
v -0.00110809412 0.2065 0.5998626
v -0.00380357 0.206285462 0.6096478
v -0.00110809412 0.2065 0.5998626
v -0.0058196946 0.206220984 0.6080931
v -0.00380357 0.206285462 0.6096478
v -0.00110809412 0.2065 0.5998626
v -0.008408216 0.206325769 0.608117
v -0.0058196946 0.206220984 0.6080931
v 0.0008402878 0.2065 0.6132027
v -0.00380357 0.206285462 0.6096478
v -0.00331673259 0.20622097 0.612174034
v -0.0100076292 0.2065 0.637362063
v -0.00227276469 0.2065 0.62632
v -0.0121983588 0.2065 0.632179737
v -0.0212719645 0.2065 0.6447695
v -0.0154238837 0.2065 0.6345123
v -0.0100076292 0.2065 0.637362063
v -0.0121983588 0.2065 0.632179737
v -0.0344403572 0.2065 0.647226632
v -0.0327161551 0.206324 0.642709434
v -0.03524712 0.2062832 0.6434324
v -0.03554244 0.2065 0.6472284
v -0.0212719645 0.2065 0.6447695
v -0.03129337 0.206283212 0.6405296
v -0.0177774355 0.2065 0.632911444
v -0.0315568261 0.206351876 0.637895167
v -0.03129337 0.206283212 0.6405296
v -0.0177640971 0.2065 0.629686832
v -0.03227506 0.2065 0.630196631
v -0.0306737628 0.2065 0.6249398
v -0.0236737616 0.2065 0.619854
v -0.013935335 0.2065 0.6285982
v -0.009338297 0.2063533 0.6146139
v -0.0210000016 0.2065 0.611624956
v -0.0106489239 0.20622097 0.6123688
v -0.010333647 0.206325755 0.609842956
v -0.006885964 0.206285492 0.615381837
v -0.009338297 0.2063533 0.6146139
v -0.013935335 0.2065 0.6285982
v -0.0327161551 0.206324 0.642709434
v -0.03524712 0.2062832 0.6434324
v -0.0344403572 0.2065 0.647226632
v -0.05999237 0.2065 0.637362063
v -0.0487280339 0.2065 0.6447695
v -0.05555475 0.2065 0.6344266
v -0.06772724 0.2065 0.62632
v -0.0578872561 0.2065 0.6312011
v -0.05511574 0.2065 0.62834394
v -0.06362579 0.2062926 0.6154387
v -0.04632624 0.2065 0.619854
v -0.0609866157 0.206358343 0.614966154
v -0.049 0.2065 0.611624956
v -0.05511574 0.2065 0.62834394
v -0.05182071 0.2065 0.630577266
v -0.03932624 0.2065 0.6249398
v -0.0374933332 0.2065 0.6288832
v -0.05182071 0.2065 0.630577266
v -0.0382196568 0.206351891 0.637508
v -0.0525200069 0.2065 0.633336246
v -0.0387924537 0.206283212 0.6400428
v -0.0487280339 0.2065 0.6447695
v -0.0525200069 0.2065 0.633336246
v -0.05555475 0.2065 0.6344266
v -0.0387924537 0.206283212 0.6400428
v -0.0376409329 0.206324 0.642409742
v -0.0487280339 0.2065 0.6447695
v -0.0525200069 0.2065 0.633336246
v -0.03554244 0.2065 0.6472284
v -0.03524712 0.2062832 0.6434324
v -0.0374933332 0.2065 0.6288832
v -0.03545584 0.20628123 0.627414942
v -0.03932624 0.2065 0.6249398
v -0.03545584 0.20628123 0.627414942
v -0.0306737628 0.2065 0.6249398
v -0.03932624 0.2065 0.6249398
v -0.03545584 0.20628123 0.627414942
v -0.0336875133 0.2060625 0.6277266
v -0.0306737628 0.2065 0.6249398
v -0.0336875133 0.2060625 0.6277266
v -0.03227506 0.2065 0.630196631
v -0.0306737628 0.2065 0.6249398
v -0.05999237 0.2065 0.637362063
v -0.05555475 0.2065 0.6344266
v -0.0578872561 0.2065 0.6312011
v -0.06772724 0.2065 0.62632
v -0.06362579 0.2062926 0.6154387
v -0.06593075 0.2062926 0.6141442
v -0.05511574 0.2065 0.62834394
v -0.0609866157 0.206358343 0.614966154
v -0.06362579 0.2062926 0.6154387
v -0.0688919052 0.2065 0.5998626
v -0.07084029 0.2065 0.6132027
v -0.0659898445 0.2062926 0.6091762
v -0.07084029 0.2065 0.6132027
v -0.06683028 0.206229955 0.6116451
v -0.0659898445 0.2062926 0.6091762
v -0.0534065478 0.2065 0.6013207
v -0.05136906 0.20628123 0.599852443
v -0.05479899 0.2065 0.594801
v -0.0496007241 0.206208318 0.6001641
v -0.03932624 0.2065 0.5983102
v -0.05223591 0.2065 0.593563139
v -0.03932624 0.2065 0.5983102
v -0.0345139131 0.20625405 0.587349653
v -0.0370322019 0.206299216 0.586810648
v -0.038468685 0.20625405 0.5821836
v -0.036751017 0.206330359 0.5802592
v -0.0387152471 0.2065 0.57617
v -0.049 0.2065 0.611624956
v -0.05939383 0.206229955 0.6129161
v -0.0609866157 0.206358343 0.614966154
v -0.049 0.2065 0.611624956
v -0.0593698919 0.206331655 0.6102377
v -0.05939383 0.206229955 0.6129161
v -0.009338297 0.2063533 0.6146139
v -0.0106489239 0.20622097 0.6123688
v -0.0210000016 0.2065 0.611624956
v -0.010333647 0.206325755 0.609842956
v -0.0177743156 0.20615 0.6047108
v -0.010333647 0.206325755 0.609842956
v -0.0163618419 0.2065 0.602634132
v -0.0177743156 0.20615 0.6047108
v -0.0236737616 0.2065 0.603396
v -0.0210000016 0.2065 0.611624956
v -0.0203845315 0.206354141 0.604895949
v -0.0210000016 0.2065 0.611624956
v -0.0177743156 0.20615 0.6047108
v -0.0203845315 0.206354141 0.604895949
v -0.0236737616 0.2065 0.603396
v -0.0203845315 0.206354141 0.604895949
v -0.0215801187 0.2065 0.6013207
v -0.0174799934 0.2065 0.593738258
v -0.0180268027 0.2065 0.5905604
v -0.0312250946 0.206299216 0.58379215
v -0.03223347 0.20625405 0.586165845
v -0.0306737628 0.2065 0.5983102
v -0.03223347 0.20625405 0.586165845
v -0.0345139131 0.20625405 0.587349653
v -0.0236737616 0.2065 0.603396
v -0.0215801187 0.2065 0.6013207
v -0.0180268027 0.2065 0.5905604
v -0.03932624 0.2065 0.5983102
v -0.0345139131 0.20625405 0.587349653
v -0.0481882766 0.2065 0.602634132
v -0.04632624 0.2065 0.603396
v -0.0370322019 0.206299216 0.586810648
v -0.05223591 0.2065 0.593563139
v -0.0522225648 0.2065 0.5903385
v -0.0385836475 0.20625405 0.584750533
v -0.0385836475 0.20625405 0.584750533
v -0.051587373 0.2065 0.579815
v -0.038468685 0.20625405 0.5821836
v -0.0387152471 0.2065 0.57617
v -0.01841263 0.2065 0.579815
v -0.0144452481 0.2065 0.5888233
v -0.007842761 0.2065 0.5881836
v -0.0121127348 0.2065 0.592048943
v -0.00110809412 0.2065 0.5998626
v -0.0148842586 0.2065 0.5949061
v -0.0163618419 0.2065 0.602634132
v -0.0320174135 0.20625405 0.5813416
v -0.0312250946 0.206299216 0.58379215
v -0.008408216 0.206325769 0.608117
v -0.0163618419 0.2065 0.602634132
v -0.010333647 0.206325755 0.609842956
v -0.0496007241 0.206208318 0.6001641
v -0.0481882766 0.2065 0.602634132
v -0.03932624 0.2065 0.5983102
v -0.0481882766 0.2065 0.602634132
v -0.0496007428 0.20615 0.6047108
v -0.04632624 0.2065 0.603396
v -0.0496007428 0.20615 0.6047108
v -0.049 0.2065 0.611624956
v -0.04632624 0.2065 0.603396
v -0.0496007428 0.20615 0.6047108
v -0.052210968 0.206375 0.604895949
v -0.049 0.2065 0.611624956
v -0.052210968 0.206375 0.604895949
v -0.0593698919 0.206331655 0.6102377
v -0.049 0.2065 0.611624956
v -0.0522225648 0.2065 0.5903385
v -0.051587373 0.2065 0.579815
v -0.0545760952 0.2065 0.5887377
v -0.0177774355 0.2065 0.632911444
v -0.0212719645 0.2065 0.6447695
v -0.0154238837 0.2065 0.6345123
v -0.0215801187 0.2065 0.6013207
v -0.0195426252 0.206208318 0.599852443
v -0.0174799934 0.2065 0.593738258
v -0.0195426252 0.206208318 0.599852443
v -0.0177742988 0.206208318 0.6001641
v -0.0174799934 0.2065 0.593738258
v -0.0177742988 0.206208318 0.6001641
v -0.0148842586 0.2065 0.5949061
v -0.0174799934 0.2065 0.593738258
v -0.0148842586 0.2065 0.5949061
v -0.0177742988 0.206208318 0.6001641
v -0.0163618419 0.2065 0.602634132
v -0.06111095 0.206331655 0.608228862
v -0.0688919052 0.2065 0.5998626
v -0.0636848658 0.206229955 0.6078564
v -0.0688919052 0.2065 0.5998626
v -0.0659898445 0.2062926 0.6091762
v -0.0636848658 0.206229955 0.6078564
v -0.03227506 0.2065 0.630196631
v -0.03368753 0.20615 0.6322734
v -0.0315568261 0.206351876 0.637895167
v -0.03368753 0.20615 0.6322734
v -0.0334655978 0.206283212 0.636131763
v -0.0315568261 0.206351876 0.637895167
v -0.03368753 0.20615 0.6322734
v -0.036297746 0.206375 0.632458448
v -0.0334655978 0.206283212 0.636131763
v -0.036297746 0.206375 0.632458448
v -0.0360700227 0.206283212 0.6359627
v -0.0334655978 0.206283212 0.636131763
v -0.036297746 0.206375 0.632458448
v -0.0382196568 0.206351891 0.637508
v -0.0360700227 0.206283212 0.6359627
v -0.036297746 0.206375 0.632458448
v -0.0374933332 0.2065 0.6288832
v -0.0382196568 0.206351891 0.637508
v -0.0343922339 0.19425 0.580178142
v -0.0379518047 0.19425 0.581490457
v -0.0376335345 0.19425 0.5761092
v -0.07084029 0.19425 0.6132027
v -0.0688919052 0.19425 0.5998626
v -0.0662776157 0.19425 0.610035539
v -0.0573620722 0.19425 0.593563139
v -0.0599846169 0.19425 0.6095813
v -0.063 0.19425 0.608125
v -0.05479899 0.19425 0.594801
v -0.0599846169 0.19425 0.6095813
v -0.0520130135 0.19425 0.5931771
v -0.01001539 0.19425 0.6136687
v -0.0329562463 0.19425 0.586640358
v -0.0376146771 0.19425 0.5861613
v -0.0522225648 0.19425 0.5903385
v -0.0174799934 0.19425 0.593738258
v -0.0181792751 0.19425 0.5909793
v -0.0179869924 0.19425 0.630072951
v -0.0370437726 0.19425 0.6366097
v -0.0519731753 0.19425 0.6301583
v -0.0525200069 0.19425 0.633336246
v -0.0385 0.19425 0.639625
v -0.0323853232 0.19425 0.637088656
v -0.0177774355 0.19425 0.632911444
v -0.0212719645 0.19425 0.6447695
v -0.0148842586 0.19425 0.588745952
v -0.01841263 0.19425 0.579815
v -0.0329562463 0.19425 0.586640358
v -0.0316755474 0.19425 0.5821359
v -0.0143542383 0.19425 0.6284457
v -0.00551098445 0.19425 0.614949465
v -0.00227276469 0.19425 0.62632
v -0.0121209538 0.19425 0.6317407
v -0.0100076292 0.19425 0.637362063
v -0.0149781415 0.19425 0.6345123
v -0.0177774355 0.19425 0.632911444
v -0.0320481956 0.19425 0.6417596
v -0.0323853232 0.19425 0.637088656
v -0.03445756 0.19425 0.6472284
v -0.0365895741 0.19425 0.6429026
v -0.0355596431 0.19425 0.647226632
v -0.0487280339 0.19425 0.6447695
v -0.0385 0.19425 0.639625
v -0.0551157147 0.19425 0.634504
v -0.05999237 0.19425 0.637362063
v -0.0578872524 0.19425 0.631646931
v -0.06772724 0.19425 0.62632
v -0.0578872524 0.19425 0.631646931
v -0.0555547364 0.19425 0.6284213
v -0.0604637 0.19425 0.6142397
v -0.06513453 0.19425 0.6145768
v -0.00346746831 0.19425 0.6107359
v -0.007262232 0.19425 0.6079917
v -0.00110809412 0.19425 0.5998626
v -0.0519731753 0.19425 0.6301583
v -0.0604637 0.19425 0.6142397
v -0.0599846169 0.19425 0.6095813
v -0.0604637 0.19425 0.6142397
v -0.0519731753 0.19425 0.6301583
v -0.0555547364 0.19425 0.6284213
v -0.0143542383 0.19425 0.6284457
v -0.0179869924 0.19425 0.630072951
v -0.01001539 0.19425 0.6136687
v -0.007262232 0.19425 0.6079917
v -0.010031091 0.19425 0.609874964
v -0.0144452648 0.19425 0.594828665
v -0.01001539 0.19425 0.6136687
v -0.0174799934 0.19425 0.593738258
v -0.010031091 0.19425 0.609874964
v -0.0174799934 0.19425 0.593738258
v -0.0144452648 0.19425 0.594828665
v -0.0382196568 0.206351891 0.637508
v -0.0387924537 0.206283212 0.6400428
v -0.0370437726 0.19425 0.6366097
v -0.0387924537 0.206283212 0.6400428
v -0.0385 0.19425 0.639625
v -0.0370437726 0.19425 0.6366097
v -0.0387924537 0.206283212 0.6400428
v -0.0376409329 0.206324 0.642409742
v -0.0385 0.19425 0.639625
v -0.03524712 0.2062832 0.6434324
v -0.0365895741 0.19425 0.6429026
v -0.0376409329 0.206324 0.642409742
v -0.0365895741 0.19425 0.6429026
v -0.0385 0.19425 0.639625
v -0.0327161551 0.206324 0.642709434
v -0.03129337 0.206283212 0.6405296
v -0.0320481956 0.19425 0.6417596
v -0.0315568261 0.206351876 0.637895167
v -0.0334655978 0.206283212 0.636131763
v -0.0323853232 0.19425 0.637088656
v -0.0360700227 0.206283212 0.6359627
v -0.0382196568 0.206351891 0.637508
v -0.0370437726 0.19425 0.6366097
v -0.0360700227 0.206283212 0.6359627
v -0.0323853232 0.19425 0.637088656
v -0.0334655978 0.206283212 0.636131763
v -0.06111095 0.206331655 0.608228862
v -0.0636848658 0.206229955 0.6078564
v -0.0599846169 0.19425 0.6095813
v -0.0636848658 0.206229955 0.6078564
v -0.063 0.19425 0.608125
v -0.0599846169 0.19425 0.6095813
v -0.0659898445 0.2062926 0.6091762
v -0.06683028 0.206229955 0.6116451
v -0.0662776157 0.19425 0.610035539
v -0.0659898445 0.2062926 0.6091762
v -0.063 0.19425 0.608125
v -0.0636848658 0.206229955 0.6078564
v -0.06683028 0.206229955 0.6116451
v -0.06593075 0.2062926 0.6141442
v -0.0662776157 0.19425 0.610035539
v -0.06593075 0.2062926 0.6141442
v -0.06513453 0.19425 0.6145768
v -0.0662776157 0.19425 0.610035539
v -0.06593075 0.2062926 0.6141442
v -0.06362579 0.2062926 0.6154387
v -0.06513453 0.19425 0.6145768
v -0.06362579 0.2062926 0.6154387
v -0.0609866157 0.206358343 0.614966154
v -0.06513453 0.19425 0.6145768
v -0.0609866157 0.206358343 0.614966154
v -0.0604637 0.19425 0.6142397
v -0.06513453 0.19425 0.6145768
v -0.0609866157 0.206358343 0.614966154
v -0.05939383 0.206229955 0.6129161
v -0.0604637 0.19425 0.6142397
v -0.05939383 0.206229955 0.6129161
v -0.0593698919 0.206331655 0.6102377
v -0.0604637 0.19425 0.6142397
v -0.0593698919 0.206331655 0.6102377
v -0.0599846169 0.19425 0.6095813
v -0.0604637 0.19425 0.6142397
v -0.0593698919 0.206331655 0.6102377
v -0.06111095 0.206331655 0.608228862
v -0.0599846169 0.19425 0.6095813
v -0.03223347 0.20625405 0.586165845
v -0.0312250946 0.206299216 0.58379215
v -0.0329562463 0.19425 0.586640358
v -0.0312250946 0.206299216 0.58379215
v -0.0316755474 0.19425 0.5821359
v -0.0329562463 0.19425 0.586640358
v -0.0312250946 0.206299216 0.58379215
v -0.0320174135 0.20625405 0.5813416
v -0.0316755474 0.19425 0.5821359
v -0.0341799222 0.206299216 0.579936445
v -0.0316755474 0.19425 0.5821359
v -0.036751017 0.206330359 0.5802592
v -0.0343922339 0.19425 0.580178142
v -0.038468685 0.20625405 0.5821836
v -0.0379518047 0.19425 0.581490457
v -0.0385836475 0.20625405 0.584750533
v -0.0379518047 0.19425 0.581490457
v -0.0370322019 0.206299216 0.586810648
v -0.0376146771 0.19425 0.5861613
v -0.0341799222 0.206299216 0.579936445
v -0.0343922339 0.19425 0.580178142
v -0.0316755474 0.19425 0.5821359
v -0.036751017 0.206330359 0.5802592
v -0.0379518047 0.19425 0.581490457
v -0.0343922339 0.19425 0.580178142
v -0.0385836475 0.20625405 0.584750533
v -0.0376146771 0.19425 0.5861613
v -0.0379518047 0.19425 0.581490457
v -0.0370322019 0.206299216 0.586810648
v -0.0345139131 0.20625405 0.587349653
v -0.0376146771 0.19425 0.5861613
v -0.0345139131 0.20625405 0.587349653
v -0.0329562463 0.19425 0.586640358
v -0.0376146771 0.19425 0.5861613
v -0.0345139131 0.20625405 0.587349653
v -0.03223347 0.20625405 0.586165845
v -0.0329562463 0.19425 0.586640358
v -0.009338297 0.2063533 0.6146139
v -0.006885964 0.206285492 0.615381837
v -0.01001539 0.19425 0.6136687
v -0.006885964 0.206285492 0.615381837
v -0.00551098445 0.19425 0.614949465
v -0.01001539 0.19425 0.6136687
v -0.006885964 0.206285492 0.615381837
v -0.00449788151 0.206285462 0.6144296
v -0.00551098445 0.19425 0.614949465
v -0.00331673259 0.20622097 0.612174034
v -0.00380357 0.206285462 0.6096478
v -0.00346746831 0.19425 0.6107359
v -0.0058196946 0.206220984 0.6080931
v -0.008408216 0.206325769 0.608117
v -0.007262232 0.19425 0.6079917
v -0.008408216 0.206325769 0.608117
v -0.010333647 0.206325755 0.609842956
v -0.007262232 0.19425 0.6079917
v -0.010333647 0.206325755 0.609842956
v -0.010031091 0.19425 0.609874964
v -0.007262232 0.19425 0.6079917
v -0.010333647 0.206325755 0.609842956
v -0.0106489239 0.20622097 0.6123688
v -0.010031091 0.19425 0.609874964
v -0.0106489239 0.20622097 0.6123688
v -0.01001539 0.19425 0.6136687
v -0.010031091 0.19425 0.609874964
v -0.0106489239 0.20622097 0.6123688
v -0.009338297 0.2063533 0.6146139
v -0.01001539 0.19425 0.6136687
v -0.0180268027 0.2065 0.5905604
v -0.0174799934 0.2065 0.593738258
v -0.0181792751 0.19425 0.5909793
v -0.0174799934 0.2065 0.593738258
v -0.0174799934 0.19425 0.593738258
v -0.0181792751 0.19425 0.5909793
v -0.0174799934 0.2065 0.593738258
v -0.0148842586 0.2065 0.5949061
v -0.0174799934 0.19425 0.593738258
v -0.0148842586 0.2065 0.5949061
v -0.0144452648 0.19425 0.594828665
v -0.0174799934 0.19425 0.593738258
v -0.0148842586 0.2065 0.5949061
v -0.0121127348 0.2065 0.592048943
v -0.0144452648 0.19425 0.594828665
v -0.0121127348 0.2065 0.592048943
v -0.0121127367 0.19425 0.5916031
v -0.0144452648 0.19425 0.594828665
v -0.0121127348 0.2065 0.592048943
v -0.0144452481 0.2065 0.5888233
v -0.0121127367 0.19425 0.5916031
v -0.0144452481 0.2065 0.5888233
v -0.0148842586 0.19425 0.588745952
v -0.0121127367 0.19425 0.5916031
v -0.0144452481 0.2065 0.5888233
v -0.0180268027 0.2065 0.5905604
v -0.0148842586 0.19425 0.588745952
v -0.0180268027 0.2065 0.5905604
v -0.0181792751 0.19425 0.5909793
v -0.0148842586 0.19425 0.588745952
v -0.013935335 0.2065 0.6285982
v -0.0177640971 0.2065 0.629686832
v -0.0143542383 0.19425 0.6284457
v -0.0177640971 0.2065 0.629686832
v -0.0179869924 0.19425 0.630072951
v -0.0143542383 0.19425 0.6284457
v -0.0177640971 0.2065 0.629686832
v -0.0177774355 0.2065 0.632911444
v -0.0179869924 0.19425 0.630072951
v -0.0177774355 0.2065 0.632911444
v -0.0177774355 0.19425 0.632911444
v -0.0179869924 0.19425 0.630072951
v -0.0177774355 0.2065 0.632911444
v -0.0154238837 0.2065 0.6345123
v -0.0177774355 0.19425 0.632911444
v -0.0154238837 0.2065 0.6345123
v -0.0149781415 0.19425 0.6345123
v -0.0177774355 0.19425 0.632911444
v -0.0154238837 0.2065 0.6345123
v -0.0121983588 0.2065 0.632179737
v -0.0149781415 0.19425 0.6345123
v -0.0121983588 0.2065 0.632179737
v -0.0121209538 0.19425 0.6317407
v -0.0149781415 0.19425 0.6345123
v -0.0121983588 0.2065 0.632179737
v -0.013935335 0.2065 0.6285982
v -0.0121209538 0.19425 0.6317407
v -0.013935335 0.2065 0.6285982
v -0.0143542383 0.19425 0.6284457
v -0.0121209538 0.19425 0.6317407
v -0.0525200069 0.2065 0.633336246
v -0.05182071 0.2065 0.630577266
v -0.0525200069 0.19425 0.633336246
v -0.05182071 0.2065 0.630577266
v -0.0519731753 0.19425 0.6301583
v -0.0525200069 0.19425 0.633336246
v -0.05182071 0.2065 0.630577266
v -0.05511574 0.2065 0.62834394
v -0.0519731753 0.19425 0.6301583
v -0.05511574 0.2065 0.62834394
v -0.0555547364 0.19425 0.6284213
v -0.0519731753 0.19425 0.6301583
v -0.05511574 0.2065 0.62834394
v -0.0578872561 0.2065 0.6312011
v -0.0555547364 0.19425 0.6284213
v -0.0578872561 0.2065 0.6312011
v -0.0578872524 0.19425 0.631646931
v -0.0555547364 0.19425 0.6284213
v -0.0578872561 0.2065 0.6312011
v -0.05555475 0.2065 0.6344266
v -0.0578872524 0.19425 0.631646931
v -0.05555475 0.2065 0.6344266
v -0.0551157147 0.19425 0.634504
v -0.0578872524 0.19425 0.631646931
v -0.05555475 0.2065 0.6344266
v -0.0525200069 0.2065 0.633336246
v -0.0551157147 0.19425 0.634504
v -0.0525200069 0.2065 0.633336246
v -0.0525200069 0.19425 0.633336246
v -0.0551157147 0.19425 0.634504
v -0.0575849675 0.2065 0.5931771
v -0.05479899 0.2065 0.594801
v -0.0573620722 0.19425 0.593563139
v -0.05479899 0.2065 0.594801
v -0.05479899 0.19425 0.594801
v -0.0573620722 0.19425 0.593563139
v -0.05479899 0.2065 0.594801
v -0.05223591 0.2065 0.593563139
v -0.05479899 0.19425 0.594801
v -0.05223591 0.2065 0.593563139
v -0.0520130135 0.19425 0.5931771
v -0.05479899 0.19425 0.594801
v -0.05223591 0.2065 0.593563139
v -0.0522225648 0.2065 0.5903385
v -0.0520130135 0.19425 0.5931771
v -0.0522225648 0.2065 0.5903385
v -0.0522225648 0.19425 0.5903385
v -0.0520130135 0.19425 0.5931771
v -0.0522225648 0.2065 0.5903385
v -0.0545760952 0.2065 0.5887377
v -0.0522225648 0.19425 0.5903385
v -0.0545760952 0.2065 0.5887377
v -0.05502188 0.19425 0.5887377
v -0.0522225648 0.19425 0.5903385
v -0.0545760952 0.2065 0.5887377
v -0.0573754162 0.2065 0.5903385
v -0.05502188 0.19425 0.5887377
v -0.0573754162 0.2065 0.5903385
v -0.0573754162 0.19425 0.5903385
v -0.05502188 0.19425 0.5887377
v -0.0573754162 0.2065 0.5903385
v -0.0575849675 0.2065 0.5931771
v -0.0573754162 0.19425 0.5903385
v -0.0575849675 0.2065 0.5931771
v -0.0573620722 0.19425 0.593563139
v -0.0573754162 0.19425 0.5903385
v -0.04632624 0.2065 0.603396
v -0.049 0.2065 0.611624956
v -0.04791062 0.212914333 0.606990457
v -0.04632624 0.2065 0.603396
v -0.042693045 0.21294342 0.6002367
v -0.03932624 0.2065 0.5983102
v -0.042693045 0.21294342 0.6002367
v -0.035 0.212099984 0.597624958
v -0.0306737628 0.2065 0.5983102
v -0.035 0.212099984 0.597624958
v -0.035 0.212099984 0.597624958
v -0.027306946 0.21294342 0.6002367
v -0.0236737616 0.2065 0.603396
v -0.027306946 0.21294342 0.6002367
v -0.0236737616 0.2065 0.603396
v -0.022089377 0.212914318 0.606990457
v -0.0210000016 0.2065 0.611624956
v -0.022089377 0.212914318 0.606990457
v -0.02188074 0.2128846 0.615510046
v -0.0236737616 0.2065 0.619854
v -0.02188074 0.2128846 0.615510046
v -0.0236737616 0.2065 0.619854
v -0.0267658457 0.212850288 0.622513831
v -0.0306737628 0.2065 0.6249398
v -0.0267658457 0.212850288 0.622513831
v -0.0306737628 0.2065 0.6249398
v -0.0350000337 0.2128303 0.625269
v -0.03932624 0.2065 0.6249398
v -0.0350000337 0.2128303 0.625269
v -0.03932624 0.2065 0.6249398
v -0.0432341471 0.212850273 0.6225139
v -0.04632624 0.2065 0.619854
v -0.0432341471 0.212850273 0.6225139
v -0.04632624 0.2065 0.619854
v -0.0481192581 0.2128846 0.615510046
v -0.049 0.2065 0.611624956
v -0.0481192581 0.2128846 0.615510046
v -0.04791062 0.212914333 0.606990457
v -0.035 0.212099984 0.597624958
v -0.042693045 0.21294342 0.6002367
v -0.027306946 0.21294342 0.6002367
v -0.0350000337 0.2128303 0.625269
v -0.0308 0.21314998 0.6188996
v -0.036458645 0.21314998 0.619897366
v -0.0350000337 0.2128303 0.625269
v -0.0267658457 0.212850288 0.622513831
v -0.0308 0.21314998 0.6188996
v -0.0267658457 0.212850288 0.622513831
v -0.0271065831 0.21314998 0.61449796
v -0.0308 0.21314998 0.6188996
v -0.042693045 0.21294342 0.6002367
v -0.041434776 0.21314998 0.60622555
v -0.036458645 0.21314998 0.6033526
v -0.04791062 0.212914333 0.606990457
v -0.0481192581 0.2128846 0.615510046
v -0.0434 0.21314998 0.611624956
v -0.0357773 0.19425 0.331200242
v -0.0357773043 0.2065 0.336442
v -0.035515815 0.2065 0.331187576
v -0.0357773 0.19425 0.331200242
v -0.035515815 0.19425 0.33645466
v -0.0357773043 0.2065 0.336442
v -0.0357773043 0.2065 0.336442
v -0.0313658156 0.206330344 0.335572124
v -0.0316885374 0.206299216 0.333001018
v -0.0302832816 0.20625405 0.330838531
v -0.0354578 0.2065 0.330125719
v -0.0302832816 0.20625405 0.330838531
v -0.03180998 0.2065 0.317233741
v -0.0354578 0.2065 0.330125719
v -0.035515815 0.2065 0.331187576
v -0.0316885374 0.206299216 0.333001018
v -0.0357773043 0.2065 0.336442
v -0.0313658156 0.206330344 0.335572124
v -0.03545495 0.2065 0.337536335
v -0.03180998 0.2065 0.317233741
v -0.0225849673 0.2065 0.3153732
v -0.022375416 0.2065 0.31253463
v 0.00157770712 0.2065 0.297980815
v -0.01176241 0.2065 0.2999292
v -0.00197711913 0.206285462 0.302624673
v -0.01176241 0.2065 0.2999292
v -0.00353197241 0.20622097 0.3046408
v -0.00197711913 0.206285462 0.302624673
v -0.01176241 0.2065 0.2999292
v -0.00350798946 0.206325755 0.30722934
v -0.00353197241 0.20622097 0.3046408
v 0.00157770712 0.2065 0.297980815
v -0.00197711913 0.206285462 0.302624673
v 0.0005490725 0.20622097 0.302137852
v 0.02202147 0.2065 0.316177964
v 0.0262701921 0.206351876 0.3303779
v 0.02890452 0.206283212 0.330114484
v 0.0257370677 0.2065 0.308828741
v 0.02230801 0.2065 0.312207729
v 0.03314448 0.2065 0.320093066
v 0.02890452 0.206283212 0.330114484
v 0.0310843829 0.206324 0.331537277
v 0.0356016345 0.2065 0.3332615
v 0.0318073779 0.206283212 0.334068239
v 0.0356033742 0.2065 0.33436352
v 0.018061826 0.2065 0.3165852
v 0.0262701921 0.206351876 0.3303779
v 0.00822899 0.2065 0.3224949
v 0.0168239847 0.2065 0.3140221
v 0.0146950195 0.2065 0.301093876
v 0.0184479021 0.2065 0.311236173
v 0.00375676644 0.206285492 0.3057071
v 0.002804548 0.206285492 0.303318948
v 0.018061826 0.2065 0.3165852
v 0.02027721 0.2065 0.3318601
v 0.0133147892 0.2065 0.329494864
v 0.0167741161 0.2065 0.331607252
v 0.0310843829 0.206324 0.331537277
v 0.0318073779 0.206283212 0.334068239
v 0.0356016345 0.2065 0.3332615
v 0.01912217 0.2065 0.336449
v 0.0166876912 0.205974981 0.33583197
v 0.0133147892 0.2065 0.3381473
v 0.0166876912 0.205974981 0.33583197
v 0.01578988 0.20628123 0.3342769
v 0.0133147892 0.2065 0.3381473
v 0.01578988 0.20628123 0.3342769
v 0.0133147892 0.2065 0.329494864
v 0.0133147892 0.2065 0.3381473
v 0.01578988 0.20628123 0.3342769
v 0.0167741161 0.2065 0.331607252
v 0.0133147892 0.2065 0.329494864
v 0.0146950195 0.2065 0.366548359
v 0.0257370677 0.2065 0.3588135
v 0.02161335 0.2065 0.35612914
v 0.02272879 0.2065 0.3531035
v 0.02161335 0.2065 0.35612914
v 0.03314448 0.2065 0.34754914
v 0.03314448 0.2065 0.34754914
v 0.0210647 0.2065 0.350794315
v 0.0284177661 0.206283212 0.337613583
v 0.0258830525 0.206351876 0.337040782
v 0.01723592 0.2065 0.351882935
v 0.0133147892 0.2065 0.3381473
v 0.0146950195 0.2065 0.366548359
v 0.0176431425 0.2065 0.3558426
v 0.00381367956 0.2062926 0.362446874
v 0.01912217 0.2065 0.336449
v 0.0210647 0.2065 0.350794315
v 0.0284177661 0.206283212 0.337613583
v 0.0307847355 0.206324 0.336462021
v 0.0356033742 0.2065 0.33436352
v 0.0318073779 0.206283212 0.334068239
v 0.01723592 0.2065 0.351882935
v 0.00334113254 0.206358343 0.35980767
v 0.00822899 0.2065 0.345147341
v -2.83122059E-09 0.2065 0.347821116
v 0.0146950195 0.2065 0.366548359
v 0.00381367956 0.2062926 0.362446874
v 0.00251920265 0.2062926 0.364751875
v 0.0176431425 0.2065 0.3558426
v 0.00334113254 0.206358343 0.35980767
v 0.00381367956 0.2062926 0.362446874
v -0.01176241 0.2065 0.367712975
v 0.00157770712 0.2065 0.369661421
v -0.00244876649 0.2062926 0.364811
v 0.00157770712 0.2065 0.369661421
v 2.01129915E-05 0.206229955 0.3656514
v -0.00244876649 0.2062926 0.364811
v -0.008440327 0.2065 0.3523622
v -0.010874806 0.2060625 0.3517452
v -0.0175200086 0.2065 0.355532378
v -0.010874806 0.2060625 0.3517452
v -0.0168207269 0.2065 0.352773339
v -0.0175200086 0.2065 0.355532378
v -0.0107883867 0.2065 0.347520471
v -0.0201157425 0.2065 0.350540072
v -0.0168207269 0.2065 0.352773339
v -0.013314792 0.2065 0.3381473
v -0.0242753569 0.20625405 0.333335
v -0.02481439 0.206299216 0.3358533
v -0.02944133 0.20625405 0.3372898
v -0.0313658156 0.206330344 0.335572124
v -0.03545495 0.2065 0.337536335
v -2.83122059E-09 0.2065 0.347821116
v 0.00129113614 0.206229955 0.3582149
v 0.00334113254 0.206358343 0.35980767
v -2.83122059E-09 0.2065 0.347821116
v -0.00138731394 0.206331655 0.358191
v 0.00129113614 0.206229955 0.3582149
v -0.00728528667 0.2065 0.347773284
v -0.008228993 0.2065 0.345147341
v -0.0107883867 0.2065 0.347520471
v -0.008228993 0.2065 0.345147341
v -0.013314792 0.2065 0.3381473
v -0.0201157425 0.2065 0.350540072
v -0.02481439 0.206299216 0.3358533
v -0.02687452 0.20625405 0.337404758
v -0.0201157425 0.2065 0.350540072
v -0.013314792 0.2065 0.329494864
v -0.0242753569 0.20625405 0.333335
v -0.0254592225 0.20625405 0.3310546
v -0.0242753569 0.20625405 0.333335
v -0.008228993 0.2065 0.3224949
v -0.0103043 0.2065 0.320401222
v -0.02687452 0.20625405 0.337404758
v -0.03180998 0.2065 0.350408465
v -0.02944133 0.20625405 0.3372898
v -0.03545495 0.2065 0.337536335
v -0.013314792 0.2065 0.329494864
v -0.0197989922 0.2065 0.316997141
v -0.0254592225 0.20625405 0.3310546
v -0.0197989922 0.2065 0.316997141
v -0.0278328862 0.2062992 0.3300462
v -0.0278328862 0.2062992 0.3300462
v -0.0225849673 0.2065 0.3153732
v -0.03180998 0.2065 0.317233741
v -0.0302832816 0.20625405 0.330838531
v -0.0234414153 0.2065 0.306663841
v -0.022375416 0.2065 0.31253463
v -0.0195760969 0.2065 0.310933828
v -0.01176241 0.2065 0.2999292
v -0.0172225665 0.2065 0.31253463
v -0.008990832 0.2065 0.315182954
v -0.00350798946 0.206325755 0.30722934
v -0.008990832 0.2065 0.315182954
v -0.00178206281 0.206325755 0.309154779
v 0.002988863 0.2063533 0.3081594
v 0.0007438106 0.20622097 0.309470028
v -2.83122059E-09 0.2065 0.319821119
v -0.00178206281 0.206325755 0.309154779
v -0.00691418163 0.20615 0.3165954
v 0.0007438106 0.20622097 0.309470028
v -0.00178206281 0.206325755 0.309154779
v -2.83122059E-09 0.2065 0.319821119
v 0.00822899 0.2065 0.3224949
v 0.002988863 0.2063533 0.3081594
v 0.0168239847 0.2065 0.3140221
v 0.002988863 0.2063533 0.3081594
v 0.0184479021 0.2065 0.311236173
v 0.00375676644 0.206285492 0.3057071
v -0.00178206281 0.206325755 0.309154779
v -0.008990832 0.2065 0.315182954
v -0.00691418163 0.20615 0.3165954
v -0.008228993 0.2065 0.3224949
v -2.83122059E-09 0.2065 0.319821119
v -0.0067290063 0.206354141 0.3192056
v -2.83122059E-09 0.2065 0.319821119
v -0.00691418163 0.20615 0.3165954
v -0.0067290063 0.206354141 0.3192056
v -0.008228993 0.2065 0.3224949
v -0.0067290063 0.206354141 0.3192056
v -0.0103043 0.2065 0.320401222
v -0.00728528667 0.2065 0.347773284
v -0.00660237623 0.20628123 0.350190163
v -2.83122059E-09 0.2065 0.347821116
v -0.00660237623 0.20628123 0.350190163
v -0.00138731394 0.206331655 0.358191
v -2.83122059E-09 0.2065 0.347821116
v -0.00660237623 0.20628123 0.350190163
v -0.008440327 0.2065 0.3523622
v -0.00138731394 0.206331655 0.358191
v -0.0201157425 0.2065 0.350540072
v -0.03180998 0.2065 0.350408465
v -0.02288726 0.2065 0.35339722
v 0.02230801 0.2065 0.312207729
v 0.0257370677 0.2065 0.308828741
v 0.0184479021 0.2065 0.311236173
v -0.0103043 0.2065 0.320401222
v -0.0172359142 0.2065 0.3157593
v -0.0197989922 0.2065 0.316997141
v -0.0103043 0.2065 0.320401222
v -0.0117726251 0.206208318 0.3183637
v -0.0172359142 0.2065 0.3157593
v -0.0117726251 0.206208318 0.3183637
v -0.0114608221 0.206208318 0.3165954
v -0.0172359142 0.2065 0.3157593
v -0.0114608221 0.206208318 0.3165954
v -0.0172225665 0.2065 0.31253463
v -0.0172359142 0.2065 0.3157593
v -0.0172225665 0.2065 0.31253463
v -0.0114608221 0.206208318 0.3165954
v -0.008990832 0.2065 0.315182954
v -0.00339612947 0.206331655 0.359932035
v -0.01176241 0.2065 0.367712975
v -0.0037685954 0.206229955 0.362506032
v -0.01176241 0.2065 0.367712975
v -0.00244876649 0.2062926 0.364811
v -0.0037685954 0.206229955 0.362506032
v 0.02027721 0.2065 0.3318601
v 0.0245067533 0.206283212 0.332286716
v 0.0262701921 0.206351876 0.3303779
v 0.02027721 0.2065 0.3318601
v 0.0209601261 0.20628123 0.334276974
v 0.0245067533 0.206283212 0.332286716
v 0.0209601261 0.20628123 0.334276974
v 0.0243377164 0.206283212 0.334891081
v 0.0245067533 0.206283212 0.332286716
v 0.0209601261 0.20628123 0.334276974
v 0.01912217 0.2065 0.336449
v 0.0243377164 0.206283212 0.334891081
v 0.01912217 0.2065 0.336449
v 0.0258830525 0.206351876 0.337040782
v 0.0243377164 0.206283212 0.334891081
v -0.03153253 0.19425 0.33471027
v -0.0277377684 0.19425 0.337454379
v -0.0354578 0.19425 0.337516516
v -0.03180998 0.19425 0.350408465
v -0.0205547679 0.19425 0.350617468
v -0.02288726 0.19425 0.353843
v -0.02496891 0.19425 0.3355711
v -0.0169731956 0.19425 0.3523544
v -0.0249846168 0.19425 0.3317774
v 0.000372651 0.19425 0.35819754
v -0.00268115452 0.19425 0.359571338
v -0.0180618316 0.19425 0.356183171
v -0.000372654031 0.19425 0.3094447
v -0.0249846168 0.19425 0.3317774
v -0.0170130152 0.19425 0.3153732
v -0.00328892935 0.19425 0.3070182
v -0.01798465 0.19425 0.311513066
v -0.01176241 0.19425 0.2999292
v -0.0234414153 0.19425 0.306663841
v -0.0029518106 0.19425 0.3036866
v -0.00328892935 0.19425 0.3070182
v 0.00157770712 0.19425 0.297980815
v 0.00158955134 0.19425 0.3025435
v 0.0146950195 0.19425 0.301093876
v 0.00350384018 0.19425 0.306817353
v 0.018061826 0.19425 0.311459064
v 0.0257370677 0.19425 0.308828741
v 0.018061826 0.19425 0.311459064
v 0.0168239847 0.19425 0.3140221
v 0.0184478853 0.19425 0.316808075
v 0.000372651 0.19425 0.35819754
v 0.02498462 0.19425 0.3358648
v 0.0185332783 0.19425 0.350794315
v 0.021711275 0.19425 0.3513411
v 0.0279999953 0.19425 0.3373211
v 0.02773776 0.19425 0.330187827
v 0.0249689054 0.19425 0.332071126
v 0.000372651 0.19425 0.35819754
v 0.0168691874 0.19425 0.3531035
v 0.003633263 0.19425 0.361558884
v 0.0279999953 0.19425 0.3373211
v 0.03314448 0.19425 0.34754914
v 0.031277623 0.19425 0.3354106
v 0.03560164 0.19425 0.334380716
v 0.0356033742 0.19425 0.3332787
v 0.0257370677 0.19425 0.3588135
v 0.0228790455 0.19425 0.353936821
v 0.0146950195 0.19425 0.366548359
v 0.0208164938 0.19425 0.356415659
v 0.017984638 0.19425 0.35612914
v 0.003633263 0.19425 0.361558884
v 0.0168691874 0.19425 0.3531035
v 0.017984638 0.19425 0.35612914
v 0.0310310852 0.19425 0.332071126
v 0.03314448 0.19425 0.320093066
v 0.0223080274 0.19425 0.315836459
v 0.02773776 0.19425 0.330187827
v 0.0184478853 0.19425 0.316808075
v 0.0168239847 0.19425 0.3140221
v -0.000372654031 0.19425 0.3094447
v 0.00350384018 0.19425 0.306817353
v 0.02202145 0.19425 0.311866224
v 0.0257370677 0.19425 0.308828741
v 0.018061826 0.19425 0.311459064
v 0.00157770712 0.19425 0.369661421
v -0.01176241 0.19425 0.367712975
v -0.00332445931 0.19425 0.363310158
v -0.0180618316 0.19425 0.356183171
v -0.00268115452 0.19425 0.359571338
v -0.00332445931 0.19425 0.363310158
v 0.0257370677 0.19425 0.3588135
v 0.0208164938 0.19425 0.356415659
v 0.0228790455 0.19425 0.353936821
v 0.031277623 0.19425 0.3354106
v 0.0310310852 0.19425 0.332071126
v 0.0356033742 0.19425 0.3332787
v 0.0228790455 0.19425 0.353936821
v 0.021711275 0.19425 0.3513411
v 0.03314448 0.19425 0.34754914
v 0.0249689054 0.19425 0.332071126
v 0.02498462 0.19425 0.3358648
v 0.0184478853 0.19425 0.316808075
v 0.0258830525 0.206351876 0.337040782
v 0.0284177661 0.206283212 0.337613583
v 0.02498462 0.19425 0.3358648
v 0.0284177661 0.206283212 0.337613583
v 0.0279999953 0.19425 0.3373211
v 0.02498462 0.19425 0.3358648
v 0.0284177661 0.206283212 0.337613583
v 0.0307847355 0.206324 0.336462021
v 0.0279999953 0.19425 0.3373211
v 0.0318073779 0.206283212 0.334068239
v 0.031277623 0.19425 0.3354106
v 0.0307847355 0.206324 0.336462021
v 0.031277623 0.19425 0.3354106
v 0.0279999953 0.19425 0.3373211
v 0.0318073779 0.206283212 0.334068239
v 0.0310843829 0.206324 0.331537277
v 0.031277623 0.19425 0.3354106
v 0.0310843829 0.206324 0.331537277
v 0.0310310852 0.19425 0.332071126
v 0.031277623 0.19425 0.3354106
v 0.0310843829 0.206324 0.331537277
v 0.02890452 0.206283212 0.330114484
v 0.0310310852 0.19425 0.332071126
v 0.0262701921 0.206351876 0.3303779
v 0.02773776 0.19425 0.330187827
v 0.02890452 0.206283212 0.330114484
v 0.02773776 0.19425 0.330187827
v 0.0310310852 0.19425 0.332071126
v 0.0262701921 0.206351876 0.3303779
v 0.0245067533 0.206283212 0.332286716
v 0.02773776 0.19425 0.330187827
v 0.0245067533 0.206283212 0.332286716
v 0.0249689054 0.19425 0.332071126
v 0.02773776 0.19425 0.330187827
v 0.0245067533 0.206283212 0.332286716
v 0.0243377164 0.206283212 0.334891081
v 0.0249689054 0.19425 0.332071126
v 0.0258830525 0.206351876 0.337040782
v 0.02498462 0.19425 0.3358648
v 0.0243377164 0.206283212 0.334891081
v 0.02498462 0.19425 0.3358648
v 0.0249689054 0.19425 0.332071126
v -0.00339612947 0.206331655 0.359932035
v -0.0037685954 0.206229955 0.362506032
v -0.00268115452 0.19425 0.359571338
v -0.0037685954 0.206229955 0.362506032
v -0.00332445931 0.19425 0.363310158
v -0.00268115452 0.19425 0.359571338
v -0.0037685954 0.206229955 0.362506032
v -0.00244876649 0.2062926 0.364811
v -0.00332445931 0.19425 0.363310158
v -0.00244876649 0.2062926 0.364811
v 2.01129915E-05 0.206229955 0.3656514
v -0.00332445931 0.19425 0.363310158
v 2.01129915E-05 0.206229955 0.3656514
v 0.000889158749 0.19425 0.365353644
v -0.00332445931 0.19425 0.363310158
v 2.01129915E-05 0.206229955 0.3656514
v 0.00251920265 0.2062926 0.364751875
v 0.000889158749 0.19425 0.365353644
v 0.00251920265 0.2062926 0.364751875
v 0.00381367956 0.2062926 0.362446874
v 0.000889158749 0.19425 0.365353644
v 0.00381367956 0.2062926 0.362446874
v 0.003633263 0.19425 0.361558884
v 0.000889158749 0.19425 0.365353644
v 0.00381367956 0.2062926 0.362446874
v 0.00334113254 0.206358343 0.35980767
v 0.003633263 0.19425 0.361558884
v 0.00334113254 0.206358343 0.35980767
v 0.00129113614 0.206229955 0.3582149
v 0.003633263 0.19425 0.361558884
v 0.00129113614 0.206229955 0.3582149
v 0.000372651 0.19425 0.35819754
v 0.003633263 0.19425 0.361558884
v 0.00129113614 0.206229955 0.3582149
v -0.00138731394 0.206331655 0.358191
v 0.000372651 0.19425 0.35819754
v -0.00138731394 0.206331655 0.358191
v -0.00339612947 0.206331655 0.359932035
v 0.000372651 0.19425 0.35819754
v -0.00339612947 0.206331655 0.359932035
v -0.00268115452 0.19425 0.359571338
v 0.000372651 0.19425 0.35819754
v -0.0254592225 0.20625405 0.3310546
v -0.0278328862 0.2062992 0.3300462
v -0.0249846168 0.19425 0.3317774
v -0.0278328862 0.2062992 0.3300462
v -0.02948908 0.19425 0.3304967
v -0.0249846168 0.19425 0.3317774
v -0.0278328862 0.2062992 0.3300462
v -0.0302832816 0.20625405 0.330838531
v -0.02948908 0.19425 0.3304967
v -0.0316885374 0.206299216 0.333001018
v -0.02948908 0.19425 0.3304967
v -0.0313658156 0.206330344 0.335572124
v -0.03153253 0.19425 0.33471027
v -0.02944133 0.20625405 0.3372898
v -0.03153253 0.19425 0.33471027
v -0.0316885374 0.206299216 0.333001018
v -0.03153253 0.19425 0.33471027
v -0.02948908 0.19425 0.3304967
v -0.02944133 0.20625405 0.3372898
v -0.0277377684 0.19425 0.337454379
v -0.03153253 0.19425 0.33471027
v -0.02944133 0.20625405 0.3372898
v -0.02687452 0.20625405 0.337404758
v -0.0277377684 0.19425 0.337454379
v -0.02687452 0.20625405 0.337404758
v -0.02481439 0.206299216 0.3358533
v -0.0277377684 0.19425 0.337454379
v -0.0242753569 0.20625405 0.333335
v -0.02496891 0.19425 0.3355711
v -0.0254592225 0.20625405 0.3310546
v -0.0249846168 0.19425 0.3317774
v -0.02481439 0.206299216 0.3358533
v -0.02496891 0.19425 0.3355711
v -0.0277377684 0.19425 0.337454379
v -0.0242753569 0.20625405 0.333335
v -0.0249846168 0.19425 0.3317774
v -0.02496891 0.19425 0.3355711
v 0.002988863 0.2063533 0.3081594
v 0.00375676644 0.206285492 0.3057071
v 0.00350384018 0.19425 0.306817353
v 0.002988863 0.2063533 0.3081594
v -0.000372654031 0.19425 0.3094447
v 0.00375676644 0.206285492 0.3057071
v 0.002804548 0.206285492 0.303318948
v 0.00350384018 0.19425 0.306817353
v 0.002804548 0.206285492 0.303318948
v 0.00158955134 0.19425 0.3025435
v 0.00350384018 0.19425 0.306817353
v 0.002804548 0.206285492 0.303318948
v 0.0005490725 0.20622097 0.302137852
v 0.0005490725 0.20622097 0.302137852
v -0.00197711913 0.206285462 0.302624673
v 0.00158955134 0.19425 0.3025435
v -0.00197711913 0.206285462 0.302624673
v -0.0029518106 0.19425 0.3036866
v 0.00158955134 0.19425 0.3025435
v -0.00197711913 0.206285462 0.302624673
v -0.00353197241 0.20622097 0.3046408
v -0.00353197241 0.20622097 0.3046408
v -0.00350798946 0.206325755 0.30722934
v -0.0029518106 0.19425 0.3036866
v -0.00178206281 0.206325755 0.309154779
v -0.00328892935 0.19425 0.3070182
v -0.00350798946 0.206325755 0.30722934
v -0.00328892935 0.19425 0.3070182
v -0.0029518106 0.19425 0.3036866
v -0.00178206281 0.206325755 0.309154779
v -0.000372654031 0.19425 0.3094447
v -0.00328892935 0.19425 0.3070182
v -0.00178206281 0.206325755 0.309154779
v 0.0007438106 0.20622097 0.309470028
v -0.000372654031 0.19425 0.3094447
v 0.0007438106 0.20622097 0.309470028
v 0.002988863 0.2063533 0.3081594
v -0.000372654031 0.19425 0.3094447
v -0.0225849673 0.2065 0.3153732
v -0.0197989922 0.2065 0.316997141
v -0.0223620683 0.19425 0.3157593
v -0.0197989922 0.2065 0.316997141
v -0.0197989922 0.19425 0.316997141
v -0.0223620683 0.19425 0.3157593
v -0.0197989922 0.2065 0.316997141
v -0.0172359142 0.2065 0.3157593
v -0.0197989922 0.19425 0.316997141
v -0.0172359142 0.2065 0.3157593
v -0.0170130152 0.19425 0.3153732
v -0.0197989922 0.19425 0.316997141
v -0.0172359142 0.2065 0.3157593
v -0.0172225665 0.2065 0.31253463
v -0.0170130152 0.19425 0.3153732
v -0.0172225665 0.2065 0.31253463
v -0.01798465 0.19425 0.311513066
v -0.0170130152 0.19425 0.3153732
v -0.0172225665 0.2065 0.31253463
v -0.0195760969 0.2065 0.310933828
v -0.01798465 0.19425 0.311513066
v -0.0195760969 0.2065 0.310933828
v -0.0219548419 0.19425 0.311799616
v -0.01798465 0.19425 0.311513066
v -0.0195760969 0.2065 0.310933828
v -0.022375416 0.2065 0.31253463
v -0.0219548419 0.19425 0.311799616
v 0.0184479021 0.2065 0.311236173
v 0.0168239847 0.2065 0.3140221
v 0.018061826 0.19425 0.311459064
v 0.0168239847 0.2065 0.3140221
v 0.0168239847 0.19425 0.3140221
v 0.018061826 0.19425 0.311459064
v 0.0168239847 0.2065 0.3140221
v 0.018061826 0.2065 0.3165852
v 0.0168239847 0.19425 0.3140221
v 0.018061826 0.2065 0.3165852
v 0.0184478853 0.19425 0.316808075
v 0.0168239847 0.19425 0.3140221
v 0.018061826 0.2065 0.3165852
v 0.02202147 0.2065 0.316177964
v 0.0184478853 0.19425 0.316808075
v 0.02202147 0.2065 0.316177964
v 0.0223080274 0.19425 0.315836459
v 0.0184478853 0.19425 0.316808075
v 0.02202147 0.2065 0.316177964
v 0.02230801 0.2065 0.312207729
v 0.0223080274 0.19425 0.315836459
v 0.02230801 0.2065 0.312207729
v 0.02202145 0.19425 0.311866224
v 0.0223080274 0.19425 0.315836459
v 0.02230801 0.2065 0.312207729
v 0.0184479021 0.2065 0.311236173
v 0.02202145 0.19425 0.311866224
v 0.0184479021 0.2065 0.311236173
v 0.018061826 0.19425 0.311459064
v 0.02202145 0.19425 0.311866224
v 0.0210647 0.2065 0.350794315
v 0.0185332783 0.19425 0.350794315
v 0.021711275 0.19425 0.3513411
v 0.0210647 0.2065 0.350794315
v 0.01723592 0.2065 0.351882935
v 0.0185332783 0.19425 0.350794315
v 0.01723592 0.2065 0.351882935
v 0.0168691874 0.19425 0.3531035
v 0.0185332783 0.19425 0.350794315
v 0.01723592 0.2065 0.351882935
v 0.0176431425 0.2065 0.3558426
v 0.0168691874 0.19425 0.3531035
v 0.0176431425 0.2065 0.3558426
v 0.017984638 0.19425 0.35612914
v 0.0168691874 0.19425 0.3531035
v 0.02161335 0.2065 0.35612914
v 0.0228790455 0.19425 0.353936821
v 0.0208164938 0.19425 0.356415659
v 0.02161335 0.2065 0.35612914
v 0.02272879 0.2065 0.3531035
v 0.0228790455 0.19425 0.353936821
v 0.02272879 0.2065 0.3531035
v 0.0210647 0.2065 0.350794315
v 0.0228790455 0.19425 0.353936821
v 0.0210647 0.2065 0.350794315
v 0.021711275 0.19425 0.3513411
v 0.0228790455 0.19425 0.353936821
v -0.0168207269 0.2065 0.352773339
v -0.0201157425 0.2065 0.350540072
v -0.0169731956 0.19425 0.3523544
v -0.0201157425 0.2065 0.350540072
v -0.0205547679 0.19425 0.350617468
v -0.0169731956 0.19425 0.3523544
v -0.0201157425 0.2065 0.350540072
v -0.02288726 0.2065 0.35339722
v -0.0205547679 0.19425 0.350617468
v -0.02288726 0.2065 0.35339722
v -0.02288726 0.19425 0.353843
v -0.0205547679 0.19425 0.350617468
v -0.0205547772 0.2065 0.356622756
v -0.0180618316 0.19425 0.356183171
v -0.02128649 0.19425 0.356196523
v -0.0205547772 0.2065 0.356622756
v -0.0175200086 0.2065 0.355532378
v -0.0180618316 0.19425 0.356183171
v -0.008228993 0.2065 0.345147341
v -2.83122059E-09 0.2065 0.347821116
v -0.00463451724 0.212914333 0.346731752
v -0.008228993 0.2065 0.345147341
v -0.0113882963 0.21294342 0.34151414
v -0.013314792 0.2065 0.3381473
v -0.0113882963 0.21294342 0.34151414
v -0.0140000014 0.212099984 0.333821118
v -0.013314792 0.2065 0.329494864
v -0.0140000014 0.212099984 0.333821118
v -0.0140000014 0.212099984 0.333821118
v -0.0113882963 0.21294342 0.326128066
v -0.008228993 0.2065 0.3224949
v -0.0113882963 0.21294342 0.326128066
v -0.008228993 0.2065 0.3224949
v -0.004634533 0.212914333 0.3209105
v -2.83122059E-09 0.2065 0.319821119
v -0.004634533 0.212914333 0.3209105
v 0.00388506032 0.2128846 0.320701838
v 0.00822899 0.2065 0.3224949
v 0.00388506032 0.2128846 0.320701838
v 0.00822899 0.2065 0.3224949
v 0.0108888531 0.212850288 0.325587
v 0.0133147892 0.2065 0.329494864
v 0.0108888531 0.212850288 0.325587
v 0.0133147892 0.2065 0.329494864
v 0.0136439959 0.2128303 0.333821118
v 0.0133147892 0.2065 0.3381473
v 0.0136439959 0.2128303 0.333821118
v 0.0133147892 0.2065 0.3381473
v 0.0108888531 0.212850288 0.342055231
v 0.00822899 0.2065 0.345147341
v 0.0108888531 0.212850288 0.342055231
v 0.00822899 0.2065 0.345147341
v 0.00388502632 0.21288462 0.346940368
v -2.83122059E-09 0.2065 0.347821116
v 0.00388502632 0.21288462 0.346940368
v -0.00463451724 0.212914333 0.346731752
v -0.0140000014 0.212099984 0.333821118
v -0.0113882963 0.21294342 0.34151414
v -0.0113882963 0.21294342 0.326128066
v 0.0136439959 0.2128303 0.333821118
v 0.00727461 0.21314998 0.329621077
v 0.008272382 0.21314998 0.335279733
v 0.0136439959 0.2128303 0.333821118
v 0.0108888531 0.212850288 0.325587
v 0.00727461 0.21314998 0.329621077
v 0.0108888531 0.212850288 0.325587
v 0.002872969 0.21314998 0.325927675
v 0.00727461 0.21314998 0.329621077
v -0.0113882963 0.21294342 0.34151414
v -0.00539941667 0.21314998 0.340255857
v -0.008272388 0.21314998 0.335279733
v -0.00463451724 0.212914333 0.346731752
v 0.00388502632 0.21288462 0.346940368
v -2.83122059E-09 0.21314998 0.342221081
v -0.03869541 0.19425 0.576167166
v -0.051587373 0.19425 0.579815
v -0.0387152471 0.2065 0.57617
v -0.051587373 0.2065 0.579815
v -0.06215724 0.2065 0.5881836
v -0.06215724 0.19425 0.5881836
v -0.0688919052 0.2065 0.5998626
v -0.0688919052 0.19425 0.5998626
v -0.07084029 0.2065 0.6132027
v -0.07084029 0.19425 0.6132027
v -0.06772724 0.2065 0.62632
v -0.06772724 0.19425 0.62632
v -0.05999237 0.2065 0.637362063
v -0.05999237 0.19425 0.637362063
v -0.0487280339 0.2065 0.6447695
v -0.0487280339 0.19425 0.6447695
v -0.0355596431 0.19425 0.647226632
v -0.03554244 0.2065 0.6472284
v -0.03130459 0.2065 0.576167166
v -0.01841263 0.2065 0.579815
v -0.0312847532 0.19425 0.57617
v -0.01841263 0.19425 0.579815
v -0.007842761 0.19425 0.5881836
v -0.007842761 0.2065 0.5881836
v -0.00110809412 0.19425 0.5998626
v -0.00110809412 0.2065 0.5998626
v 0.0008402878 0.19425 0.6132027
v 0.0008402878 0.2065 0.6132027
v -0.00227276469 0.19425 0.62632
v -0.00227276469 0.2065 0.62632
v -0.0100076292 0.19425 0.637362063
v -0.0100076292 0.2065 0.637362063
v -0.0212719645 0.19425 0.6447695
v -0.0212719645 0.2065 0.6447695
v -0.0344403572 0.2065 0.647226632
v -0.03445756 0.19425 0.6472284
v -0.00227276469 0.2065 0.62632
v 0.0008402878 0.2065 0.6132027
v -0.00449788151 0.206285462 0.6144296
v -0.00331673259 0.20622097 0.612174034
v -0.00227276469 0.2065 0.62632
v -0.013935335 0.2065 0.6285982
v -0.0121983588 0.2065 0.632179737
v -0.006885964 0.206285492 0.615381837
v -0.00449788151 0.206285462 0.6144296
v -0.07084029 0.2065 0.6132027
v -0.06772724 0.2065 0.62632
v -0.06593075 0.2062926 0.6141442
v -0.06683028 0.206229955 0.6116451
v -0.06215724 0.2065 0.5881836
v -0.0688919052 0.2065 0.5998626
v -0.0575849675 0.2065 0.5931771
v -0.0534065478 0.2065 0.6013207
v -0.06111095 0.206331655 0.608228862
v -0.052210968 0.206375 0.604895949
v -0.0593698919 0.206331655 0.6102377
v -0.05479899 0.2065 0.594801
v -0.0575849675 0.2065 0.5931771
v -0.06215724 0.2065 0.5881836
v -0.0573754162 0.2065 0.5903385
v -0.0545760952 0.2065 0.5887377
v -0.051587373 0.2065 0.579815
v -0.05136906 0.20628123 0.599852443
v -0.05223591 0.2065 0.593563139
v -0.05479899 0.2065 0.594801
v -0.0496007241 0.206208318 0.6001641
v -0.0434 0.20265 0.611624956
v -0.0434 0.21314998 0.611624956
v -0.041434776 0.21314998 0.6170244
v -0.041434776 0.20265 0.6170244
v -0.036458645 0.21314998 0.619897366
v -0.036458645 0.20265 0.619897366
v -0.0308 0.21314998 0.6188996
v -0.0308 0.20265 0.6188996
v -0.0271065831 0.21314998 0.61449796
v -0.0271065831 0.20265 0.61449796
v -0.0271065831 0.21314998 0.608752
v -0.0271065831 0.20265 0.608752
v -0.0308 0.21314998 0.6043503
v -0.0308 0.20265 0.6043503
v -0.036458645 0.21314998 0.6033526
v -0.036458645 0.20265 0.6033526
v -0.041434776 0.21314998 0.60622555
v -0.041434776 0.20265 0.60622555
v -0.0434 0.21314998 0.611624956
v -0.0434 0.20265 0.611624956
v -0.0434 0.20265 0.611624956
v -0.041434776 0.20265 0.6170244
v -0.041434776 0.20265 0.60622555
v -0.036458645 0.20265 0.6033526
v -0.036458645 0.20265 0.619897366
v -0.0308 0.20265 0.6043503
v -0.0308 0.20265 0.6188996
v -0.0271065831 0.20265 0.608752
v -0.0271065831 0.20265 0.61449796
v -0.051587373 0.19425 0.579815
v -0.0522225648 0.19425 0.5903385
v -0.05502188 0.19425 0.5887377
v -0.06215724 0.19425 0.5881836
v -0.05502188 0.19425 0.5887377
v -0.0573754162 0.19425 0.5903385
v -0.0376146771 0.19425 0.5861613
v -0.0379518047 0.19425 0.581490457
v -0.03869541 0.19425 0.576167166
v -0.0376335345 0.19425 0.5761092
v -0.06215724 0.19425 0.5881836
v -0.0573620722 0.19425 0.593563139
v -0.0688919052 0.19425 0.5998626
v -0.063 0.19425 0.608125
v -0.0662776157 0.19425 0.610035539
v -0.07084029 0.19425 0.6132027
v -0.06513453 0.19425 0.6145768
v -0.06772724 0.19425 0.62632
v -0.0343922339 0.19425 0.580178142
v -0.03237911 0.19425 0.5758477
v -0.0312847532 0.19425 0.57617
v -0.0181792751 0.19425 0.5909793
v -0.01841263 0.19425 0.579815
v -0.0312847532 0.19425 0.57617
v -0.0148842586 0.19425 0.588745952
v -0.007842761 0.19425 0.5881836
v -0.0121127367 0.19425 0.5916031
v -0.0121127367 0.19425 0.5916031
v -0.00110809412 0.19425 0.5998626
v -0.0144452648 0.19425 0.594828665
v -0.007262232 0.19425 0.6079917
v -0.00110809412 0.19425 0.5998626
v -0.00346746831 0.19425 0.6107359
v 0.0008402878 0.19425 0.6132027
v -0.00551098445 0.19425 0.614949465
v 0.0008402878 0.19425 0.6132027
v -0.00227276469 0.19425 0.62632
v -0.03524712 0.2062832 0.6434324
v -0.0327161551 0.206324 0.642709434
v -0.0365895741 0.19425 0.6429026
v -0.0320481956 0.19425 0.6417596
v -0.03129337 0.206283212 0.6405296
v -0.0315568261 0.206351876 0.637895167
v -0.0320481956 0.19425 0.6417596
v -0.0323853232 0.19425 0.637088656
v -0.00449788151 0.206285462 0.6144296
v -0.00331673259 0.20622097 0.612174034
v -0.00551098445 0.19425 0.614949465
v -0.00346746831 0.19425 0.6107359
v -0.00380357 0.206285462 0.6096478
v -0.0058196946 0.206220984 0.6080931
v -0.00346746831 0.19425 0.6107359
v -0.007262232 0.19425 0.6079917
v -0.0432341471 0.212850273 0.6225139
v -0.0350000337 0.2128303 0.625269
v -0.036458645 0.21314998 0.619897366
v -0.041434776 0.21314998 0.6170244
v -0.0267658457 0.212850288 0.622513831
v -0.02188074 0.2128846 0.615510046
v -0.0271065831 0.21314998 0.61449796
v -0.0271065831 0.21314998 0.608752
v -0.022089377 0.212914318 0.606990457
v -0.022089377 0.212914318 0.606990457
v -0.0308 0.21314998 0.6043503
v -0.0271065831 0.21314998 0.608752
v -0.027306946 0.21294342 0.6002367
v -0.027306946 0.21294342 0.6002367
v -0.036458645 0.21314998 0.6033526
v -0.0308 0.21314998 0.6043503
v -0.042693045 0.21294342 0.6002367
v -0.042693045 0.21294342 0.6002367
v -0.04791062 0.212914333 0.606990457
v -0.041434776 0.21314998 0.60622555
v -0.0434 0.21314998 0.611624956
v -0.0481192581 0.2128846 0.615510046
v -0.041434776 0.21314998 0.6170244
v -0.0432341471 0.212850273 0.6225139
v -0.0354578 0.19425 0.337516516
v -0.03180998 0.19425 0.350408465
v -0.03545495 0.2065 0.337536335
v -0.03180998 0.2065 0.350408465
v -0.0234414153 0.2065 0.360978335
v -0.0234414153 0.19425 0.360978335
v -0.01176241 0.2065 0.367712975
v -0.01176241 0.19425 0.367712975
v 0.00157770712 0.2065 0.369661421
v 0.00157770712 0.19425 0.369661421
v 0.0146950195 0.2065 0.366548359
v 0.0146950195 0.19425 0.366548359
v 0.0257370677 0.2065 0.3588135
v 0.0257370677 0.19425 0.3588135
v 0.03314448 0.2065 0.34754914
v 0.03314448 0.19425 0.34754914
v 0.03560164 0.19425 0.334380716
v 0.0356033742 0.2065 0.33436352
v -0.0354578 0.2065 0.330125719
v -0.03180998 0.2065 0.317233741
v -0.035454955 0.19425 0.3301059
v -0.03180998 0.19425 0.317233741
v -0.0234414153 0.19425 0.306663841
v -0.0234414153 0.2065 0.306663841
v -0.01176241 0.19425 0.2999292
v -0.01176241 0.2065 0.2999292
v 0.00157770712 0.19425 0.297980815
v 0.00157770712 0.2065 0.297980815
v 0.0146950195 0.19425 0.301093876
v 0.0146950195 0.2065 0.301093876
v 0.0257370677 0.19425 0.308828741
v 0.0257370677 0.2065 0.308828741
v 0.03314448 0.19425 0.320093066
v 0.03314448 0.2065 0.320093066
v 0.0356016345 0.2065 0.3332615
v 0.0356033742 0.19425 0.3332787
v 0.0146950195 0.2065 0.301093876
v 0.00157770712 0.2065 0.297980815
v 0.002804548 0.206285492 0.303318948
v 0.0005490725 0.20622097 0.302137852
v 0.00157770712 0.2065 0.369661421
v 0.0146950195 0.2065 0.366548359
v 0.00251920265 0.2062926 0.364751875
v 2.01129915E-05 0.206229955 0.3656514
v -0.010874806 0.2060625 0.3517452
v -0.01177262 0.20628123 0.350190133
v -0.0168207269 0.2065 0.352773339
v -0.0107883867 0.2065 0.347520471
v -0.03180998 0.2065 0.350408465
v -0.0234414153 0.2065 0.360978335
v -0.02288726 0.2065 0.35339722
v -0.0205547772 0.2065 0.356622756
v -0.01176241 0.2065 0.367712975
v -0.0175200086 0.2065 0.355532378
v -0.008440327 0.2065 0.3523622
v -0.00339612947 0.206331655 0.359932035
v -0.00138731394 0.206331655 0.358191
v -2.83122059E-09 0.20265 0.342221081
v -2.83122059E-09 0.21314998 0.342221081
v 0.00539941341 0.21314998 0.340255857
v 0.00539941341 0.20265 0.340255857
v 0.008272382 0.21314998 0.335279733
v 0.008272382 0.20265 0.335279733
v 0.00727461 0.21314998 0.329621077
v 0.00727461 0.20265 0.329621077
v 0.002872969 0.21314998 0.325927675
v 0.002872969 0.20265 0.325927675
v -0.002872972 0.21314998 0.325927675
v -0.002872972 0.20265 0.325927675
v -0.007274616 0.21314998 0.329621077
v -0.007274616 0.20265 0.329621077
v -0.008272388 0.21314998 0.335279733
v -0.008272388 0.20265 0.335279733
v -0.00539941667 0.21314998 0.340255857
v -0.00539941667 0.20265 0.340255857
v -2.83122059E-09 0.21314998 0.342221081
v -2.83122059E-09 0.20265 0.342221081
v -2.83122059E-09 0.20265 0.342221081
v 0.00539941341 0.20265 0.340255857
v -0.00539941667 0.20265 0.340255857
v -0.008272388 0.20265 0.335279733
v 0.008272382 0.20265 0.335279733
v -0.007274616 0.20265 0.329621077
v 0.00727461 0.20265 0.329621077
v -0.002872972 0.20265 0.325927675
v 0.002872969 0.20265 0.325927675
v -0.0357773 0.19425 0.331200242
v -0.02948908 0.19425 0.3304967
v -0.03153253 0.19425 0.33471027
v -0.035454955 0.19425 0.3301059
v -0.03153253 0.19425 0.33471027
v -0.035515815 0.19425 0.33645466
v -0.0357773 0.19425 0.331200242
v -0.0354578 0.19425 0.337516516
v -0.0277377684 0.19425 0.337454379
v -0.03180998 0.19425 0.350408465
v -0.0205547679 0.19425 0.350617468
v -0.02496891 0.19425 0.3355711
v -0.0234414153 0.19425 0.360978335
v -0.02288726 0.19425 0.353843
v -0.02128649 0.19425 0.356196523
v -0.01176241 0.19425 0.367712975
v -0.00332445931 0.19425 0.363310158
v 0.000889158749 0.19425 0.365353644
v 0.00157770712 0.19425 0.369661421
v 0.003633263 0.19425 0.361558884
v 0.0146950195 0.19425 0.366548359
v -0.0249846168 0.19425 0.3317774
v -0.0197989922 0.19425 0.316997141
v -0.0170130152 0.19425 0.3153732
v -0.0223620683 0.19425 0.3157593
v -0.02948908 0.19425 0.3304967
v -0.01798465 0.19425 0.311513066
v -0.0219548419 0.19425 0.311799616
v -0.0234414153 0.19425 0.306663841
v -0.03180998 0.19425 0.317233741
v -0.0219548419 0.19425 0.311799616
v -0.0223620683 0.19425 0.3157593
v -0.02948908 0.19425 0.3304967
v -0.035454955 0.19425 0.3301059
v -0.022375416 0.2065 0.31253463
v -0.0225849673 0.2065 0.3153732
v -0.0219548419 0.19425 0.311799616
v -0.0223620683 0.19425 0.3157593
v 0.0176431425 0.2065 0.3558426
v 0.02161335 0.2065 0.35612914
v 0.017984638 0.19425 0.35612914
v 0.0208164938 0.19425 0.356415659
v -0.0175200086 0.2065 0.355532378
v -0.0168207269 0.2065 0.352773339
v -0.0180618316 0.19425 0.356183171
v -0.0169731956 0.19425 0.3523544
v -0.02288726 0.2065 0.35339722
v -0.0205547772 0.2065 0.356622756
v -0.02288726 0.19425 0.353843
v -0.02128649 0.19425 0.356196523
v 0.0108888531 0.212850288 0.342055231
v 0.0136439959 0.2128303 0.333821118
v 0.008272382 0.21314998 0.335279733
v 0.00539941341 0.21314998 0.340255857
v 0.0108888531 0.212850288 0.325587
v 0.00388506032 0.2128846 0.320701838
v 0.002872969 0.21314998 0.325927675
v -0.002872972 0.21314998 0.325927675
v -0.004634533 0.212914333 0.3209105
v -0.004634533 0.212914333 0.3209105
v -0.007274616 0.21314998 0.329621077
v -0.002872972 0.21314998 0.325927675
v -0.0113882963 0.21294342 0.326128066
v -0.0113882963 0.21294342 0.326128066
v -0.008272388 0.21314998 0.335279733
v -0.007274616 0.21314998 0.329621077
v -0.0113882963 0.21294342 0.34151414
v -0.0113882963 0.21294342 0.34151414
v -0.00463451724 0.212914333 0.346731752
v -0.00539941667 0.21314998 0.340255857
v -2.83122059E-09 0.21314998 0.342221081
v 0.00388502632 0.21288462 0.346940368
v 0.00539941341 0.21314998 0.340255857
v 0.0108888531 0.212850288 0.342055231
v -0.0308340341 0.0735 0.352159
v -0.03562698 0.0735 0.338032275
v -0.0308024082 0.0737239942 0.339344352
v -0.0207096022 0.0735 0.3631149
v -0.01991358 0.07372371 0.357729942
v -0.007004291 0.0735 0.36900568
v -0.01589184 0.07372371 0.3586776
v 0.0002807086 0.07378686 0.363803
v 0.00236626342 0.0737215057 0.3652567
v 0.007912121 0.0735 0.3688127
v 0.004907207 0.07378686 0.364965677
v 0.0214604549 0.0735 0.362569362
v 0.00670093624 0.0737215 0.363164216
v 0.0193485189 0.07368019 0.3530415
v 0.00691154739 0.0736804 0.3606093
v 0.0214604549 0.0735 0.362569362
v 0.00670093624 0.0737215 0.363164216
v -0.03562698 0.0735 0.338032275
v -0.0315062068 0.07378965 0.3368972
v -0.0308024082 0.0737239942 0.339344352
v -0.03562698 0.0735 0.338032275
v -0.03052919 0.073724 0.334545732
v -0.0315062068 0.07378965 0.3368972
v -0.0308340341 0.0735 0.352159
v -0.0205139834 0.07378933 0.355626464
v -0.01991358 0.07372371 0.357729942
v -0.0308340341 0.0735 0.352159
v -0.0196938235 0.07368235 0.353590518
v -0.0205139834 0.07378933 0.355626464
v -0.0207096022 0.0735 0.3631149
v -0.0180676058 0.07378934 0.358903617
v -0.01589184 0.07372371 0.3586776
v -0.0207096022 0.0735 0.3631149
v -0.01991358 0.07372371 0.357729942
v -0.0180676058 0.07378934 0.358903617
v -0.007004291 0.0735 0.36900568
v -0.000467676145 0.0736804 0.361344576
v 0.0002807086 0.07378686 0.363803
v 0.007912121 0.0735 0.3688127
v 0.004907207 0.07378686 0.364965677
v 0.00670093624 0.0737215 0.363164216
v 0.0214604549 0.0735 0.362569362
v 0.0193485189 0.07368019 0.3530415
v 0.02120184 0.07378662 0.3542471
v 0.03572399 0.0735 0.3371092
v 0.0312980823 0.0735 0.3513552
v 0.023840094 0.0736314058 0.348470956
v 0.0312980823 0.0735 0.3513552
v 0.0250526182 0.07378662 0.350294381
v 0.023840094 0.0736314058 0.348470956
v 0.0312980823 0.0735 0.3513552
v 0.02489104 0.07378662 0.3524678
v 0.0250526182 0.07378662 0.350294381
v 0.0339728929 0.0735 0.3222947
v 0.03572399 0.0735 0.3371092
v 0.0314368121 0.07371452 0.3295614
v 0.03572399 0.0735 0.3371092
v 0.0311874952 0.07377902 0.3320952
v 0.0314368121 0.07371452 0.3295614
v 0.03572399 0.0735 0.3371092
v 0.0293949861 0.07371451 0.333940625
v 0.0311874952 0.07377902 0.3320952
v 0.0339728929 0.0735 0.3222947
v 0.0299306661 0.07377903 0.3274757
v 0.0274902843 0.07364669 0.326752663
v 0.0263475776 0.0735 0.3094732
v 0.02027795 0.0736742243 0.313233
v 0.02042863 0.07377902 0.311008483
v 0.0141665172 0.0735 0.300861657
v 0.01706086 0.0737790242 0.308647752
v 0.0150473779 0.07364669 0.309500962
v -0.000464061857 0.0735 0.2979491
v -0.00129788544 0.07378686 0.302882046
v -0.003789371 0.0737215057 0.3023045
v -0.000464061857 0.0735 0.2979491
v 0.0002982454 0.0736804 0.304864228
v -0.00129788544 0.07378686 0.302882046
v -0.0150143951 0.0735 0.301239133
v -0.0202627741 0.07365198 0.313721865
v -0.02242758 0.07372127 0.313294053
v -0.007027854 0.0737215057 0.305865377
v -0.006248576 0.0737215057 0.308305025
v -0.0127715915 0.0735 0.316712379
v -0.0202627741 0.07365198 0.313721865
v -0.00408341829 0.0737215057 0.309673
v -0.0150143951 0.0735 0.301239133
v -0.007027854 0.0737215057 0.305865377
v -0.0202627741 0.07365198 0.313721865
v -0.003789371 0.0737215057 0.3023045
v -0.006026441 0.07378686 0.303512037
v -0.000464061857 0.0735 0.2979491
v 0.0141665172 0.0735 0.300861657
v 0.0002982454 0.0736804 0.304864228
v 0.0150473779 0.07364669 0.309500962
v -0.026968604 0.0735 0.310162872
v -0.02242758 0.07372127 0.313294053
v -0.0243439358 0.07378662 0.314340264
v -0.0342597 0.0735 0.3231774
v -0.0252034366 0.0737212747 0.316363961
v -0.00408341829 0.0737215057 0.309673
v -0.002506157 0.0735 0.3126187
v -0.0127715915 0.0735 0.316712379
v -0.0190037321 0.0737212747 0.3176954
v -0.0196148939 0.0735 0.325390279
v -0.018951593 0.07378662 0.315512627
v 0.000177652168 0.0737215057 0.3074345
v 0.0002982454 0.0736804 0.304864228
v 0.0150473779 0.07364669 0.309500962
v -0.001545518 0.0737215057 0.3093292
v 0.008430806 0.0735 0.3142062
v 0.0150473779 0.07364669 0.309500962
v -0.026968604 0.0735 0.310162872
v -0.0243439358 0.07378662 0.314340264
v -0.0252034366 0.0737212747 0.316363961
v -0.03562698 0.0735 0.338032275
v -0.0342597 0.0735 0.3231774
v -0.03052919 0.073724 0.334545732
v -0.0342597 0.0735 0.3231774
v -0.0282477 0.0736826062 0.3333744
v -0.03052919 0.073724 0.334545732
v -0.0226616748 0.07368019 0.319652379
v -0.0196148939 0.0735 0.325390279
v -0.0282477 0.0736826062 0.3333744
v -0.0226616748 0.07368019 0.319652379
v -0.0205035247 0.0737866 0.319303066
v -0.0196148939 0.0735 0.325390279
v -0.0205035247 0.0737866 0.319303066
v -0.0190037321 0.0737212747 0.3176954
v -0.0196148939 0.0735 0.325390279
v -0.018951593 0.07378662 0.315512627
v -0.0202627741 0.07365198 0.313721865
v -0.0127715915 0.0735 0.316712379
v 0.008430806 0.0735 0.3142062
v 0.0150473779 0.07364669 0.309500962
v 0.0141511625 0.07377902 0.311554432
v 0.0212023966 0.0735 0.331314951
v 0.0171087366 0.0735 0.3210495
v 0.025148645 0.07371451 0.3278768
v 0.0171087366 0.0735 0.3210495
v 0.0274902843 0.07364669 0.326752663
v 0.025148645 0.07371451 0.3278768
v 0.0171087366 0.0735 0.3210495
v 0.0186903756 0.0737145 0.314772338
v 0.0274902843 0.07364669 0.326752663
v 0.0186903756 0.0737145 0.314772338
v 0.02027795 0.0736742243 0.313233
v 0.0274902843 0.07364669 0.326752663
v 0.01961489 0.0735 0.3422519
v 0.0212023966 0.0735 0.331314951
v 0.0247277413 0.07371451 0.332690269
v 0.0212023966 0.0735 0.331314951
v 0.0240954142 0.07377902 0.330223978
v 0.0247277413 0.07371451 0.332690269
v 0.0212023966 0.0735 0.331314951
v 0.025148645 0.07371451 0.3278768
v 0.0240954142 0.07377902 0.330223978
v 0.01961489 0.0735 0.3422519
v 0.0216670837 0.07378662 0.347989172
v 0.0196858868 0.07372129 0.348906726
v 0.01961489 0.0735 0.3422519
v 0.023840094 0.0736314058 0.348470956
v 0.0216670837 0.07378662 0.347989172
v 0.00250615366 0.0735 0.355023474
v 0.0127715888 0.0735 0.350929826
v 0.0053929775 0.0737215057 0.358532071
v 0.01961489 0.0735 0.3422519
v 0.0196858868 0.07372129 0.348906726
v 0.0188089591 0.07378662 0.3509229
v 0.0127715888 0.0735 0.350929826
v 0.00691154739 0.0736804 0.3606093
v 0.0053929775 0.0737215057 0.358532071
v 0.0127715888 0.0735 0.350929826
v 0.0193485189 0.07368019 0.3530415
v 0.00691154739 0.0736804 0.3606093
v -0.008430809 0.0735 0.353436
v 0.00250615366 0.0735 0.355023474
v 0.0006040612 0.0737215 0.359015763
v -0.0143661173 0.07368235 0.3570847
v -0.000467676145 0.0736804 0.361344576
v 0.00250615366 0.0735 0.355023474
v 0.002905779 0.07378688 0.357936472
v 0.0006040612 0.0737215 0.359015763
v 0.00250615366 0.0735 0.355023474
v 0.0053929775 0.0737215057 0.358532071
v 0.002905779 0.07378688 0.357936472
v -0.008430809 0.0735 0.353436
v -0.0143661173 0.07368235 0.3570847
v -0.0142917456 0.07378933 0.354891
v -0.0212023985 0.0735 0.336327255
v -0.0171087384 0.0735 0.3465927
v -0.0243715681 0.073724 0.3385842
v -0.0171087384 0.0735 0.3465927
v -0.0261148177 0.07368261 0.340465248
v -0.0243715681 0.073724 0.3385842
v -0.0171087384 0.0735 0.3465927
v -0.0196938235 0.07368235 0.353590518
v -0.0261148177 0.07368261 0.340465248
v -0.0196938235 0.07368235 0.353590518
v -0.0308340341 0.0735 0.352159
v -0.0261148177 0.07368261 0.340465248
v -0.0196148939 0.0735 0.325390279
v -0.0212023985 0.0735 0.336327255
v -0.0257560425 0.0737239942 0.333981574
v -0.0212023985 0.0735 0.336327255
v -0.0242577158 0.0737896562 0.3360404
v -0.0257560425 0.0737239942 0.333981574
v -0.0212023985 0.0735 0.336327255
v -0.0243715681 0.073724 0.3385842
v -0.0242577158 0.0737896562 0.3360404
v 0.0186903756 0.0737145 0.314772338
v 0.0171087366 0.0735 0.3210495
v 0.016508406 0.07377901 0.314924657
v 0.0171087366 0.0735 0.3210495
v 0.014680041 0.07371452 0.313676745
v 0.016508406 0.07377901 0.314924657
v 0.02489104 0.07378662 0.3524678
v 0.0312980823 0.0735 0.3513552
v 0.02337744 0.0737212747 0.3540624
v 0.0193485189 0.07368019 0.3530415
v 0.0127715888 0.0735 0.350929826
v 0.0188089591 0.07378662 0.3509229
v -0.0196938235 0.07368235 0.353590518
v -0.0171087384 0.0735 0.3465927
v -0.0177114289 0.0737893358 0.3526482
v -0.01589184 0.07372371 0.3586776
v -0.0143661173 0.07368235 0.3570847
v -0.007004291 0.0735 0.36900568
v -0.0143661173 0.07368235 0.3570847
v -0.000467676145 0.0736804 0.361344576
v -0.007004291 0.0735 0.36900568
v -0.008430809 0.0735 0.353436
v 0.0006040612 0.0737215 0.359015763
v -0.000467676145 0.0736804 0.361344576
v -0.0226616748 0.07368019 0.319652379
v -0.0342597 0.0735 0.3231774
v -0.0245058741 0.07378662 0.318432927
v -0.0342597 0.0735 0.3231774
v -0.0252034366 0.0737212747 0.316363961
v -0.0245058741 0.07378662 0.318432927
v -0.0226616748 0.07368019 0.319652379
v -0.0282477 0.0736826062 0.3333744
v -0.0196148939 0.0735 0.325390279
v -0.0257560425 0.0737239942 0.333981574
v -0.0261148177 0.07368261 0.340465248
v -0.0308340341 0.0735 0.352159
v -0.0286563579 0.07378965 0.340714872
v -0.0308340341 0.0735 0.352159
v -0.0308024082 0.0737239942 0.339344352
v -0.0286563579 0.07378965 0.340714872
v -0.007027854 0.0737215057 0.305865377
v -0.0150143951 0.0735 0.301239133
v -0.006026441 0.07378686 0.303512037
v 0.0299306661 0.07377903 0.3274757
v 0.0339728929 0.0735 0.3222947
v 0.0314368121 0.07371452 0.3295614
v 0.023840094 0.0736314058 0.348470956
v 0.01961489 0.0735 0.3422519
v 0.0268338155 0.07371451 0.3341648
v 0.023840094 0.0736314058 0.348470956
v 0.0293949861 0.07371451 0.333940625
v 0.03572399 0.0735 0.3371092
v 0.01961489 0.0735 0.3422519
v 0.0247277413 0.07371451 0.332690269
v 0.0268338155 0.07371451 0.3341648
v -0.0150143951 0.08575 0.301239133
v -0.00621346571 0.08575 0.3040952
v -0.00322560919 0.0857503861 0.302342534
v -0.000464061857 0.08575 0.2979491
v -0.00322560919 0.0857503861 0.302342534
v -0.026968604 0.08575 0.310162872
v -0.0112532927 0.08575 0.305014253
v -0.0197426658 0.08575 0.3104092
v -0.0228431467 0.08575 0.313634157
v -0.0250510685 0.0857502744 0.3158899
v -0.026968604 0.08575 0.310162872
v -0.02764571 0.08575 0.319958031
v -0.0342597 0.08575 0.3231774
v -0.030339824 0.08575 0.329651475
v -0.0266892184 0.08575 0.329217345
v -0.0282388125 0.08575018 0.33345
v -0.0228431467 0.08575 0.313634157
v -0.0199400056 0.0857502 0.314125478
v -0.0154774254 0.08575 0.316296548
v -0.0190905016 0.08575 0.3171654
v -0.020967491 0.0857502 0.319433928
v -0.02404123 0.08575 0.3227476
v -0.02025974 0.08575 0.322723657
v -0.0199400056 0.0857502 0.314125478
v -0.0166592877 0.08575 0.312598348
v -0.0154774254 0.08575 0.316296548
v -0.01604537 0.08575 0.326000065
v -0.0231734458 0.08575 0.33067435
v -0.0177265946 0.08575 0.33591643
v -0.0250017121 0.08575 0.335014164
v -0.02442242 0.08575021 0.338562369
v -0.0216138717 0.08575 0.341972828
v -0.013779752 0.08575 0.345167518
v -0.024435712 0.08575 0.344329119
v -0.0216138717 0.08575 0.341972828
v -0.013779752 0.08575 0.345167518
v -0.01752455 0.08575 0.349298537
v -0.0143398745 0.08575011 0.3549055
v -0.0110735148 0.08575 0.3578623
v -0.0159292854 0.08575014 0.3586033
v -0.0138630727 0.08575 0.3614668
v -0.007004291 0.08575 0.36900568
v -0.00416961871 0.08575 0.3641609
v 0.00293072173 0.08575032 0.3652829
v 0.000161088028 0.08575 0.3632024
v -0.00416961871 0.08575 0.3641609
v 0.007912121 0.08575 0.3688127
v 0.00682475 0.0857502744 0.362612933
v 0.00293072173 0.08575032 0.3652829
v -0.00460377242 0.08575 0.360510319
v 0.000161088028 0.08575 0.3632024
v 0.00029915027 0.0857502744 0.3594915
v -0.00314677833 0.08575 0.356994569
v 0.00459673628 0.08575 0.351069063
v -0.0207096022 0.08575 0.3631149
v -0.0138630727 0.08575 0.3614668
v -0.0159292854 0.08575014 0.3586033
v -0.0198469218 0.08575018 0.357680172
v -0.0234119184 0.08575 0.353563756
v 0.0214604549 0.08575 0.362569362
v 0.0112532955 0.08575 0.362627953
v 0.0197426677 0.08575 0.357233018
v 0.022843143 0.08575 0.354008049
v 0.0197571721 0.0857502 0.3533447
v 0.0197571721 0.0857502 0.3533447
v 0.0166592877 0.08575 0.355043828
v 0.01547742 0.08575 0.351345658
v 0.0249934923 0.08575023 0.3519967
v 0.0312980823 0.08575 0.3513552
v 0.027645709 0.08575 0.3476842
v 0.03572399 0.08575 0.3371092
v 0.01547742 0.08575 0.351345658
v 0.019090496 0.08575 0.3504768
v 0.0131919766 0.08575 0.345845819
v 0.0212079249 0.0857502 0.348135978
v 0.02404122 0.08575 0.344894648
v 0.020259738 0.08575 0.344918549
v 0.0303398259 0.08575 0.3379907
v 0.03572399 0.08575 0.3371092
v 0.0240249485 0.08575 0.348992556
v 0.0249934923 0.08575023 0.3519967
v 0.022843143 0.08575 0.354008049
v 0.0214604549 0.08575 0.362569362
v 0.027645709 0.08575 0.3476842
v 0.02404122 0.08575 0.344894648
v 0.0212079249 0.0857502 0.348135978
v 0.0240249485 0.08575 0.348992556
v 0.0131919766 0.08575 0.345845819
v 0.0212079249 0.0857502 0.348135978
v 0.01759886 0.08575 0.336804837
v 0.00459673628 0.08575 0.351069063
v 0.008151724 0.08575 0.355434954
v 0.004871541 0.08575032 0.3583144
v 0.00029915027 0.0857502744 0.3594915
v 0.00459673628 0.08575 0.351069063
v 0.004871541 0.08575032 0.3583144
v 0.0105080707 0.08575 0.3582569
v 0.00682475 0.0857502744 0.362612933
v 0.0112532955 0.08575 0.362627953
v 0.007912121 0.08575 0.3688127
v -0.005457936 0.08575 0.35081622
v -0.00314677833 0.08575 0.356994569
v -0.011097433 0.08575 0.354080826
v -0.0143398745 0.08575011 0.3549055
v -0.0110735148 0.08575 0.3578623
v -0.0105080716 0.08575 0.309385329
v -0.008151725 0.08575 0.312207252
v -0.00649752049 0.0857502744 0.30779776
v -0.0112532927 0.08575 0.305014253
v -0.00649752049 0.0857502744 0.30779776
v -0.00621346571 0.08575 0.3040952
v -0.0150143951 0.08575 0.301239133
v -0.008151725 0.08575 0.312207252
v -0.002088288 0.08575032 0.3094863
v 0.00044877766 0.08575 0.315976739
v 0.00044877766 0.08575 0.315976739
v -0.009269856 0.08575 0.318566859
v -0.01604537 0.08575 0.326000065
v 0.010024921 0.08575 0.3190521
v 0.00314677251 0.08575 0.310647666
v 0.0164182223 0.08575 0.3268165
v 0.0175245181 0.08575 0.318343639
v 0.0143164387 0.08575 0.312511
v 0.0110735148 0.08575 0.309779942
v 0.011097433 0.08575 0.31356138
v 0.010024921 0.08575 0.3190521
v 0.00314677251 0.08575 0.310647666
v 0.004603769 0.08575 0.3071319
v 0.000340213766 0.08575024 0.305437267
v 0.00416961545 0.08575 0.303481281
v 0.0175245181 0.08575 0.318343639
v 0.0166557059 0.08575 0.3147306
v 0.0194343589 0.08575 0.314113647
v 0.0216138717 0.08575 0.325669378
v 0.0245719869 0.08575 0.3288587
v 0.0175245181 0.08575 0.318343639
v 0.0212227367 0.08575 0.3171618
v 0.000340213766 0.08575024 0.305437267
v 0.0138630848 0.08575 0.3061754
v 0.02443572 0.08575 0.323313057
v 0.0216138717 0.08575 0.325669378
v 0.0273955781 0.08575 0.327058524
v 0.02880685 0.08575 0.322567821
v 0.0308747962 0.08575 0.328571081
v 0.0138630848 0.08575 0.3061754
v 0.0141665172 0.08575 0.300861657
v 0.0161474943 0.08575 0.30897665
v 0.0110735148 0.08575 0.309779942
v 0.0199461356 0.08575 0.310166121
v 0.0263475776 0.08575 0.3094732
v 0.0234119147 0.08575 0.31407845
v 0.0339728929 0.08575 0.3222947
v 0.0308747962 0.08575 0.328571081
v 0.0143164387 0.08575 0.312511
v 0.0161474943 0.08575 0.30897665
v 0.0303398259 0.08575 0.3379907
v 0.0302726924 0.08575 0.333215177
v 0.02668923 0.08575 0.3384249
v -0.01752455 0.08575 0.349298537
v -0.0177055225 0.08575014 0.352698117
v -0.0143398745 0.08575011 0.3549055
v -0.030339824 0.08575 0.329651475
v -0.03102198 0.08575 0.335725754
v -0.0282388125 0.08575018 0.33345
v -0.0307580642 0.0857502446 0.339311242
v -0.0288068652 0.08575 0.3450744
v -0.0273955781 0.08575 0.340583652
v 0.000340213766 0.08575024 0.305437267
v -0.000464061857 0.08575 0.2979491
v -0.00322560919 0.0857503861 0.302342534
v 0.03572399 0.08575 0.3371092
v 0.0308747962 0.08575 0.328571081
v 0.0302726924 0.08575 0.333215177
v -0.0200712476 0.08575 0.354632527
v -0.0177055225 0.08575014 0.352698117
v -0.0212227553 0.08575 0.3504804
v -0.0177055225 0.08575014 0.352698117
v -0.01752455 0.08575 0.349298537
v -0.0212227553 0.08575 0.3504804
v -0.02025974 0.08575 0.322723657
v -0.0154774254 0.08575 0.316296548
v -0.020967491 0.0857502 0.319433928
v 0.0150473779 0.07364669 0.309500962
v 0.01706086 0.0737790242 0.308647752
v 0.0161474943 0.08575 0.30897665
v 0.0150473779 0.07364669 0.309500962
v 0.0143164387 0.08575 0.312511
v 0.01706086 0.0737790242 0.308647752
v 0.0192057528 0.07371452 0.309195042
v 0.0161474943 0.08575 0.30897665
v 0.0192057528 0.07371452 0.309195042
v 0.0199461356 0.08575 0.310166121
v 0.0161474943 0.08575 0.30897665
v 0.0192057528 0.07371452 0.309195042
v 0.02042863 0.07377902 0.311008483
v 0.02042863 0.07377902 0.311008483
v 0.02027795 0.0736742243 0.313233
v 0.0199461356 0.08575 0.310166121
v 0.02027795 0.0736742243 0.313233
v 0.0194343589 0.08575 0.314113647
v 0.0199461356 0.08575 0.310166121
v 0.02027795 0.0736742243 0.313233
v 0.0186903756 0.0737145 0.314772338
v 0.016508406 0.07377901 0.314924657
v 0.0194343589 0.08575 0.314113647
v 0.014680041 0.07371452 0.313676745
v 0.0166557059 0.08575 0.3147306
v 0.0141511625 0.07377902 0.311554432
v 0.0143164387 0.08575 0.312511
v 0.016508406 0.07377901 0.314924657
v 0.0166557059 0.08575 0.3147306
v 0.0194343589 0.08575 0.314113647
v 0.014680041 0.07371452 0.313676745
v 0.0143164387 0.08575 0.312511
v 0.0166557059 0.08575 0.3147306
v 0.0141511625 0.07377902 0.311554432
v 0.0150473779 0.07364669 0.309500962
v 0.0143164387 0.08575 0.312511
v 0.0196858868 0.07372129 0.348906726
v 0.0216670837 0.07378662 0.347989172
v 0.0212079249 0.0857502 0.348135978
v 0.0188089591 0.07378662 0.3509229
v 0.019090496 0.08575 0.3504768
v 0.0193485189 0.07368019 0.3530415
v 0.0197571721 0.0857502 0.3533447
v 0.0216670837 0.07378662 0.347989172
v 0.023840094 0.0736314058 0.348470956
v 0.0212079249 0.0857502 0.348135978
v 0.023840094 0.0736314058 0.348470956
v 0.0240249485 0.08575 0.348992556
v 0.0212079249 0.0857502 0.348135978
v 0.023840094 0.0736314058 0.348470956
v 0.0250526182 0.07378662 0.350294381
v 0.0240249485 0.08575 0.348992556
v 0.0250526182 0.07378662 0.350294381
v 0.0249934923 0.08575023 0.3519967
v 0.0240249485 0.08575 0.348992556
v 0.0250526182 0.07378662 0.350294381
v 0.02489104 0.07378662 0.3524678
v 0.0249934923 0.08575023 0.3519967
v 0.02489104 0.07378662 0.3524678
v 0.02337744 0.0737212747 0.3540624
v 0.0249934923 0.08575023 0.3519967
v 0.02120184 0.07378662 0.3542471
v 0.022843143 0.08575 0.354008049
v 0.0193485189 0.07368019 0.3530415
v 0.0197571721 0.0857502 0.3533447
v 0.02337744 0.0737212747 0.3540624
v 0.022843143 0.08575 0.354008049
v 0.0249934923 0.08575023 0.3519967
v 0.02120184 0.07378662 0.3542471
v 0.0197571721 0.0857502 0.3533447
v 0.022843143 0.08575 0.354008049
v 0.0188089591 0.07378662 0.3509229
v 0.019090496 0.08575 0.3504768
v 0.0197571721 0.0857502 0.3533447
v 0.0196858868 0.07372129 0.348906726
v 0.0212079249 0.0857502 0.348135978
v 0.019090496 0.08575 0.3504768
v -0.01589184 0.07372371 0.3586776
v -0.0180676058 0.07378934 0.358903617
v -0.0159292854 0.08575014 0.3586033
v -0.0143661173 0.07368235 0.3570847
v -0.0159292854 0.08575014 0.3586033
v -0.0143398745 0.08575011 0.3549055
v -0.0142917456 0.07378933 0.354891
v -0.0143661173 0.07368235 0.3570847
v -0.0155753745 0.07372371 0.353119731
v -0.0143398745 0.08575011 0.3549055
v -0.0177055225 0.08575014 0.352698117
v -0.0177114289 0.0737893358 0.3526482
v -0.0196938235 0.07368235 0.353590518
v -0.0177055225 0.08575014 0.352698117
v -0.0205139834 0.07378933 0.355626464
v -0.0200712476 0.08575 0.354632527
v -0.01991358 0.07372371 0.357729942
v -0.0198469218 0.08575018 0.357680172
v -0.0180676058 0.07378934 0.358903617
v -0.0198469218 0.08575018 0.357680172
v -0.0180676058 0.07378934 0.358903617
v -0.0159292854 0.08575014 0.3586033
v -0.0205139834 0.07378933 0.355626464
v -0.0200712476 0.08575 0.354632527
v -0.0198469218 0.08575018 0.357680172
v -0.0196938235 0.07368235 0.353590518
v -0.0177055225 0.08575014 0.352698117
v -0.0200712476 0.08575 0.354632527
v -0.02242758 0.07372127 0.313294053
v -0.0199400056 0.0857502 0.314125478
v -0.0228431467 0.08575 0.313634157
v -0.02242758 0.07372127 0.313294053
v -0.0202627741 0.07365198 0.313721865
v -0.0199400056 0.0857502 0.314125478
v -0.0243439358 0.07378662 0.314340264
v -0.0228431467 0.08575 0.313634157
v -0.0252034366 0.0737212747 0.316363961
v -0.0250510685 0.0857502744 0.3158899
v -0.0202627741 0.07365198 0.313721865
v -0.018951593 0.07378662 0.315512627
v -0.0199400056 0.0857502 0.314125478
v -0.0190037321 0.0737212747 0.3176954
v -0.0190905016 0.08575 0.3171654
v -0.0205035247 0.0737866 0.319303066
v -0.020967491 0.0857502 0.319433928
v -0.0226616748 0.07368019 0.319652379
v -0.020967491 0.0857502 0.319433928
v -0.0245058741 0.07378662 0.318432927
v -0.0240249541 0.08575 0.318649679
v -0.018951593 0.07378662 0.315512627
v -0.0190905016 0.08575 0.3171654
v -0.0199400056 0.0857502 0.314125478
v -0.0190037321 0.0737212747 0.3176954
v -0.020967491 0.0857502 0.319433928
v -0.0190905016 0.08575 0.3171654
v -0.0226616748 0.07368019 0.319652379
v -0.0240249541 0.08575 0.318649679
v -0.020967491 0.0857502 0.319433928
v -0.0245058741 0.07378662 0.318432927
v -0.0250510685 0.0857502744 0.3158899
v -0.0240249541 0.08575 0.318649679
v -0.0245058741 0.07378662 0.318432927
v -0.0252034366 0.0737212747 0.316363961
v -0.0250510685 0.0857502744 0.3158899
v -0.0243439358 0.07378662 0.314340264
v -0.0228431467 0.08575 0.313634157
v -0.0250510685 0.0857502744 0.3158899
v 0.00422698 0.07875 0.30318445
v 0.0138630848 0.08575 0.3061754
v 0.00416961545 0.08575 0.303481281
v 0.00422698 0.07875 0.30318445
v 0.0137402145 0.07875 0.30645147
v 0.0138630848 0.08575 0.3061754
v 0.00288790581 0.07875 0.310902327
v 0.00452138949 0.07875 0.307608873
v 0.00314677251 0.08575 0.310647666
v 0.00452138949 0.07875 0.307608873
v 0.004603769 0.08575 0.3071319
v 0.00314677251 0.08575 0.310647666
v 0.00416961545 0.08575 0.303481281
v 0.004603769 0.08575 0.3071319
v 0.00422698 0.07875 0.30318445
v 0.004603769 0.08575 0.3071319
v 0.00452138949 0.07875 0.307608873
v 0.00422698 0.07875 0.30318445
v 0.0137402145 0.07875 0.30645147
v 0.0112522 0.07875 0.3092992
v 0.0138630848 0.08575 0.3061754
v 0.0112522 0.07875 0.3092992
v 0.0110735148 0.08575 0.309779942
v 0.0138630848 0.08575 0.3061754
v 0.011097433 0.08575 0.31356138
v 0.0110735148 0.08575 0.309779942
v 0.0109651387 0.07875 0.313171029
v 0.0110735148 0.08575 0.309779942
v 0.0112522 0.07875 0.3092992
v 0.0109651387 0.07875 0.313171029
v 0.00452138949 0.07875 0.307608873
v 0.0112522 0.07875 0.3092992
v 0.00422698 0.07875 0.30318445
v 0.0112522 0.07875 0.3092992
v 0.0137402145 0.07875 0.30645147
v 0.00422698 0.07875 0.30318445
v 0.00452138949 0.07875 0.307608873
v 0.0109651387 0.07875 0.313171029
v 0.00288790581 0.07875 0.310902327
v 0.0285315868 0.07875 0.322692782
v 0.02365172 0.07875 0.3138946
v 0.0248803012 0.07875 0.3231218
v -0.00452139 0.07875 0.360033363
v -0.0112522077 0.07875 0.358343
v -0.004226988 0.07875 0.364457726
v -0.0112522077 0.07875 0.358343
v -0.0137402164 0.07875 0.361190766
v -0.004226988 0.07875 0.364457726
v -0.00452139 0.07875 0.360033363
v -0.0109651387 0.07875 0.354471177
v -0.00288790883 0.07875 0.356739879
v -0.020796923 0.07875 0.350194544
v -0.0248803068 0.07875 0.34452042
v -0.02365174 0.07875 0.3537476
v -0.0248803068 0.07875 0.34452042
v -0.02853159 0.07875 0.3449494
v -0.02365174 0.07875 0.3537476
v -0.0248803068 0.07875 0.34452042
v -0.020796923 0.07875 0.350194544
v -0.0218011867 0.07875 0.342283934
v -0.020796923 0.07875 0.350194544
v -0.0171141047 0.07875 0.349336177
v -0.0218011867 0.07875 0.342283934
v -0.03063665 0.07875 0.329594165
v -0.02065009 0.07875 0.322855949
v -0.0245219674 0.07875 0.3225689
v -0.0262122639 0.07875 0.3292997
v -0.02065009 0.07875 0.322855949
v -0.02291877 0.07875 0.3309332
v -0.03063665 0.07875 0.329594165
v -0.0245219674 0.07875 0.3225689
v -0.0273696389 0.07875 0.320080876
v -0.0111283008 0.07875 0.3052895
v -0.0106993774 0.07875 0.308940738
v -0.0112532927 0.08575 0.305014253
v -0.0106993774 0.07875 0.308940738
v -0.0105080716 0.08575 0.309385329
v -0.0112532927 0.08575 0.305014253
v -0.008151725 0.08575 0.312207252
v -0.0105080716 0.08575 0.309385329
v -0.008462844 0.07875 0.3120199
v -0.0105080716 0.08575 0.309385329
v -0.0106993774 0.07875 0.308940738
v -0.008462844 0.07875 0.3120199
v -0.0199264865 0.07875 0.310169339
v -0.0112532927 0.08575 0.305014253
v -0.0197426658 0.08575 0.3104092
v -0.0199264865 0.07875 0.310169339
v -0.0111283008 0.07875 0.3052895
v -0.0112532927 0.08575 0.305014253
v -0.0155150741 0.07875 0.316707
v -0.016373435 0.07875 0.3130242
v -0.0154774254 0.08575 0.316296548
v -0.016373435 0.07875 0.3130242
v -0.0166592877 0.08575 0.312598348
v -0.0154774254 0.08575 0.316296548
v -0.0197426658 0.08575 0.3104092
v -0.0166592877 0.08575 0.312598348
v -0.0199264865 0.07875 0.310169339
v -0.0166592877 0.08575 0.312598348
v -0.016373435 0.07875 0.3130242
v -0.0199264865 0.07875 0.310169339
v 0.02365172 0.07875 0.3138946
v 0.02880685 0.08575 0.322567821
v 0.0234119147 0.08575 0.31407845
v 0.02365172 0.07875 0.3138946
v 0.0285315868 0.07875 0.322692782
v 0.02880685 0.08575 0.322567821
v 0.0171141028 0.07875 0.318306
v 0.02079693 0.07875 0.317447633
v 0.0175245181 0.08575 0.318343639
v 0.02079693 0.07875 0.317447633
v 0.0212227367 0.08575 0.3171618
v 0.0175245181 0.08575 0.318343639
v 0.0234119147 0.08575 0.31407845
v 0.0212227367 0.08575 0.3171618
v 0.02365172 0.07875 0.3138946
v 0.0212227367 0.08575 0.3171618
v 0.02079693 0.07875 0.317447633
v 0.02365172 0.07875 0.3138946
v 0.0285315868 0.07875 0.322692782
v 0.0248803012 0.07875 0.3231218
v 0.02880685 0.08575 0.322567821
v 0.0248803012 0.07875 0.3231218
v 0.02443572 0.08575 0.323313057
v 0.02880685 0.08575 0.322567821
v 0.0216138717 0.08575 0.325669378
v 0.02443572 0.08575 0.323313057
v 0.0218011718 0.07875 0.325358272
v 0.02443572 0.08575 0.323313057
v 0.0248803012 0.07875 0.3231218
v 0.0218011718 0.07875 0.325358272
v 0.030636644 0.07875 0.338048071
v 0.027645709 0.08575 0.3476842
v 0.0303398259 0.08575 0.3379907
v 0.030636644 0.07875 0.338048071
v 0.0273696352 0.07875 0.3475613
v 0.027645709 0.08575 0.3476842
v 0.0229187664 0.07875 0.336709023
v 0.0262122583 0.07875 0.3383425
v 0.0231734458 0.08575 0.3369679
v 0.0262122583 0.07875 0.3383425
v 0.02668923 0.08575 0.3384249
v 0.0231734458 0.08575 0.3369679
v 0.0303398259 0.08575 0.3379907
v 0.02668923 0.08575 0.3384249
v 0.030636644 0.07875 0.338048071
v 0.02668923 0.08575 0.3384249
v 0.0262122583 0.07875 0.3383425
v 0.030636644 0.07875 0.338048071
v 0.0273696352 0.07875 0.3475613
v 0.0245219618 0.07875 0.345073342
v 0.027645709 0.08575 0.3476842
v 0.0245219618 0.07875 0.345073342
v 0.02404122 0.08575 0.344894648
v 0.027645709 0.08575 0.3476842
v 0.020259738 0.08575 0.344918549
v 0.02404122 0.08575 0.344894648
v 0.0206500851 0.07875 0.3447863
v 0.02404122 0.08575 0.344894648
v 0.0245219618 0.07875 0.345073342
v 0.0206500851 0.07875 0.3447863
v 0.01992652 0.07875 0.357472837
v 0.0112532955 0.08575 0.362627953
v 0.0197426677 0.08575 0.357233018
v 0.01992652 0.07875 0.357472837
v 0.0111282971 0.07875 0.3623527
v 0.0112532955 0.08575 0.362627953
v 0.0155150695 0.07875 0.350935221
v 0.0163734425 0.07875 0.354618
v 0.01547742 0.08575 0.351345658
v 0.0163734425 0.07875 0.354618
v 0.0166592877 0.08575 0.355043828
v 0.01547742 0.08575 0.351345658
v 0.0197426677 0.08575 0.357233018
v 0.0166592877 0.08575 0.355043828
v 0.01992652 0.07875 0.357472837
v 0.0166592877 0.08575 0.355043828
v 0.0163734425 0.07875 0.354618
v 0.01992652 0.07875 0.357472837
v 0.0111282971 0.07875 0.3623527
v 0.0106993774 0.07875 0.3587015
v 0.0112532955 0.08575 0.362627953
v 0.0106993774 0.07875 0.3587015
v 0.0105080707 0.08575 0.3582569
v 0.0112532955 0.08575 0.362627953
v 0.008151724 0.08575 0.355434954
v 0.0105080707 0.08575 0.3582569
v 0.008462842 0.07875 0.3556223
v 0.0105080707 0.08575 0.3582569
v 0.0106993774 0.07875 0.3587015
v 0.008462842 0.07875 0.3556223
v -0.004226988 0.07875 0.364457726
v -0.0138630727 0.08575 0.3614668
v -0.00416961871 0.08575 0.3641609
v -0.004226988 0.07875 0.364457726
v -0.0137402164 0.07875 0.361190766
v -0.0138630727 0.08575 0.3614668
v -0.00288790883 0.07875 0.356739879
v -0.00452139 0.07875 0.360033363
v -0.00314677833 0.08575 0.356994569
v -0.00452139 0.07875 0.360033363
v -0.00460377242 0.08575 0.360510319
v -0.00314677833 0.08575 0.356994569
v -0.00416961871 0.08575 0.3641609
v -0.00460377242 0.08575 0.360510319
v -0.004226988 0.07875 0.364457726
v -0.00460377242 0.08575 0.360510319
v -0.00452139 0.07875 0.360033363
v -0.004226988 0.07875 0.364457726
v -0.0137402164 0.07875 0.361190766
v -0.0112522077 0.07875 0.358343
v -0.0138630727 0.08575 0.3614668
v -0.0112522077 0.07875 0.358343
v -0.0110735148 0.08575 0.3578623
v -0.0138630727 0.08575 0.3614668
v -0.011097433 0.08575 0.354080826
v -0.0110735148 0.08575 0.3578623
v -0.0109651387 0.07875 0.354471177
v -0.0110735148 0.08575 0.3578623
v -0.0112522077 0.07875 0.358343
v -0.0109651387 0.07875 0.354471177
v -0.02365174 0.07875 0.3537476
v -0.0288068652 0.08575 0.3450744
v -0.0234119184 0.08575 0.353563756
v -0.02365174 0.07875 0.3537476
v -0.02853159 0.07875 0.3449494
v -0.0288068652 0.08575 0.3450744
v -0.0171141047 0.07875 0.349336177
v -0.020796923 0.07875 0.350194544
v -0.01752455 0.08575 0.349298537
v -0.020796923 0.07875 0.350194544
v -0.0212227553 0.08575 0.3504804
v -0.01752455 0.08575 0.349298537
v -0.0234119184 0.08575 0.353563756
v -0.0212227553 0.08575 0.3504804
v -0.02365174 0.07875 0.3537476
v -0.0212227553 0.08575 0.3504804
v -0.020796923 0.07875 0.350194544
v -0.02365174 0.07875 0.3537476
v -0.02853159 0.07875 0.3449494
v -0.0248803068 0.07875 0.34452042
v -0.0288068652 0.08575 0.3450744
v -0.0248803068 0.07875 0.34452042
v -0.024435712 0.08575 0.344329119
v -0.0288068652 0.08575 0.3450744
v -0.0216138717 0.08575 0.341972828
v -0.024435712 0.08575 0.344329119
v -0.0218011867 0.07875 0.342283934
v -0.024435712 0.08575 0.344329119
v -0.0248803068 0.07875 0.34452042
v -0.0218011867 0.07875 0.342283934
v -0.03063665 0.07875 0.329594165
v -0.02764571 0.08575 0.319958031
v -0.030339824 0.08575 0.329651475
v -0.03063665 0.07875 0.329594165
v -0.0273696389 0.07875 0.320080876
v -0.02764571 0.08575 0.319958031
v -0.02291877 0.07875 0.3309332
v -0.0262122639 0.07875 0.3292997
v -0.0231734458 0.08575 0.33067435
v -0.0262122639 0.07875 0.3292997
v -0.0266892184 0.08575 0.329217345
v -0.0231734458 0.08575 0.33067435
v -0.030339824 0.08575 0.329651475
v -0.0266892184 0.08575 0.329217345
v -0.03063665 0.07875 0.329594165
v -0.0266892184 0.08575 0.329217345
v -0.0262122639 0.07875 0.3292997
v -0.03063665 0.07875 0.329594165
v -0.0273696389 0.07875 0.320080876
v -0.0245219674 0.07875 0.3225689
v -0.02764571 0.08575 0.319958031
v -0.0245219674 0.07875 0.3225689
v -0.02404123 0.08575 0.3227476
v -0.02764571 0.08575 0.319958031
v -0.02025974 0.08575 0.322723657
v -0.02404123 0.08575 0.3227476
v -0.02065009 0.07875 0.322855949
v -0.02404123 0.08575 0.3227476
v -0.0245219674 0.07875 0.3225689
v -0.02065009 0.07875 0.322855949
v -0.002226559 0.0735 0.5970333
v 0.0008749989 0.0735 0.611624956
v -0.003762196 0.0737239942 0.6097556
v -0.0109949429 0.0735 0.584964633
v -0.01241758 0.07372371 0.590218961
v -0.0239140168 0.0735 0.577505767
v -0.01630024 0.0737236962 0.5888058
v -0.0317593664 0.07378688 0.581817448
v -0.0336598679 0.07372149 0.580128968
v -0.03874996 0.0735 0.5759465
v -0.0362173878 0.0737868547 0.5801197
v -0.0529375 0.0735 0.580556333
v -0.0382101834 0.0737215057 0.5816981
v -0.051958587 0.0736802 0.5902663
v -0.0387192555 0.0736804 0.584210634
v -0.0529375 0.0735 0.580556333
v -0.0382101834 0.0737215057 0.5816981
v 0.0008749989 0.0735 0.611624956
v -0.0033505233 0.07378965 0.6122685
v -0.003762196 0.0737239942 0.6097556
v 0.0008749989 0.0735 0.611624956
v -0.00459681265 0.073724 0.614489
v -0.0033505233 0.07378965 0.6122685
v -0.002226559 0.0735 0.5970333
v -0.0120682362 0.0737893358 0.592378438
v -0.01241758 0.07372371 0.590218961
v -0.002226559 0.0735 0.5970333
v -0.0131217306 0.07368236 0.594303966
v -0.0120682362 0.0737893358 0.592378438
v -0.0109949429 0.0735 0.584964633
v -0.0141130062 0.07378931 0.5888367
v -0.01630024 0.0737236962 0.5888058
v -0.0109949429 0.0735 0.584964633
v -0.01241758 0.07372371 0.590218961
v -0.0141130062 0.07378931 0.5888367
v -0.0239140168 0.0735 0.577505767
v -0.031304732 0.0736804 0.5843467
v -0.0317593664 0.07378688 0.581817448
v -0.03874996 0.0735 0.5759465
v -0.0362173878 0.0737868547 0.5801197
v -0.0382101834 0.0737215057 0.5816981
v -0.0529375 0.0735 0.580556333
v -0.051958587 0.0736802 0.5902663
v -0.0536575727 0.0737866 0.588851452
v -0.07009105 0.0735 0.6041662
v -0.06402348 0.0735 0.5905382
v -0.0569556132 0.0736314058 0.594278
v -0.06402348 0.0735 0.5905382
v -0.0579457134 0.07378662 0.592324853
v -0.0569556132 0.0736314058 0.594278
v -0.06402348 0.0735 0.5905382
v -0.0575301349 0.07378662 0.590185463
v -0.0579457134 0.07378662 0.592324853
v -0.07009105 0.0735 0.6190838
v -0.07009105 0.0735 0.6041662
v -0.0667195 0.07371451 0.6121651
v -0.07009105 0.0735 0.6041662
v -0.06617446 0.0737790242 0.609678
v -0.0667195 0.07371451 0.6121651
v -0.07009105 0.0735 0.6041662
v -0.06417774 0.0737145 0.6080558
v -0.06617446 0.0737790242 0.609678
v -0.07009105 0.0735 0.6190838
v -0.0654686 0.07377902 0.614413142
v -0.06312997 0.07364669 0.6154177
v -0.06402348 0.0735 0.632711768
v -0.05755448 0.07367423 0.629690468
v -0.05796524 0.07377901 0.6318819
v -0.0529375 0.0735 0.6426936
v -0.0548978336 0.0737789944 0.6346217
v -0.0527981557 0.07364667 0.634010732
v -0.03874996 0.0735 0.647303462
v -0.0373428278 0.07378688 0.6425025
v -0.0349363945 0.0737215057 0.643368542
v -0.03874996 0.0735 0.647303462
v -0.03869527 0.0736804 0.6403467
v -0.0373428278 0.07378688 0.6425025
v -0.0239140168 0.0735 0.645744145
v -0.0172366332 0.07365198 0.6339638
v -0.0151370391 0.07372127 0.634642839
v -0.0313023031 0.0737215057 0.640212357
v -0.0317898169 0.0737215 0.637698054
v -0.024325 0.0735 0.6301146
v -0.0172366332 0.07365198 0.6339638
v -0.0337793864 0.0737215 0.636085451
v -0.0239140168 0.0735 0.645744145
v -0.0313023031 0.0737215057 0.640212357
v -0.0172366332 0.07365198 0.6339638
v -0.0349363945 0.0737215057 0.643368542
v -0.0325730331 0.07378686 0.6424319
v -0.03874996 0.0735 0.647303462
v -0.0529375 0.0735 0.6426936
v -0.03869527 0.0736804 0.6403467
v -0.0527981557 0.07364667 0.634010732
v -0.0109949429 0.0735 0.6382853
v -0.0151370391 0.07372127 0.634642839
v -0.0131111089 0.07378662 0.6338288
v -0.002226559 0.0735 0.62621665
v -0.0120199993 0.0737212747 0.63192
v -0.0337793864 0.0737215 0.636085451
v -0.035 0.0735 0.632975
v -0.024325 0.0735 0.6301146
v -0.0180205386 0.07372129 0.629869938
v -0.0165103581 0.0735 0.622299969
v -0.0183285512 0.07378662 0.6320315
v -0.03827379 0.07372151 0.637808263
v -0.03869527 0.0736804 0.6403467
v -0.0527981557 0.07364667 0.634010732
v -0.03634015 0.07372149 0.636129
v -0.045675 0.0735 0.6301146
v -0.0527981557 0.07364667 0.634010732
v -0.0109949429 0.0735 0.6382853
v -0.0131111089 0.07378662 0.6338288
v -0.0120199993 0.0737212747 0.63192
v 0.0008749989 0.0735 0.611624956
v -0.002226559 0.0735 0.62621665
v -0.00459681265 0.073724 0.614489
v -0.002226559 0.0735 0.62621665
v -0.00700000627 0.07368261 0.615384459
v -0.00459681265 0.073724 0.614489
v -0.0141581977 0.0736801848 0.6283558
v -0.0165103581 0.0735 0.622299969
v -0.00700000627 0.07368261 0.615384459
v -0.0141581977 0.0736801848 0.6283558
v -0.0163424276 0.0737866 0.62844944
v -0.0165103581 0.0735 0.622299969
v -0.0163424276 0.0737866 0.62844944
v -0.0180205386 0.07372129 0.629869938
v -0.0165103581 0.0735 0.622299969
v -0.0183285512 0.07378662 0.6320315
v -0.0172366332 0.07365198 0.6339638
v -0.024325 0.0735 0.6301146
v -0.045675 0.0735 0.6301146
v -0.0527981557 0.07364667 0.634010732
v -0.0516670831 0.07377902 0.6320767
v -0.05635 0.0735 0.611624956
v -0.05348964 0.0735 0.622299969
v -0.0606725663 0.07371452 0.614576161
v -0.05348964 0.0735 0.622299969
v -0.06312997 0.07364669 0.6154177
v -0.0606725663 0.07371452 0.614576161
v -0.05348964 0.0735 0.622299969
v -0.0557971969 0.07371451 0.6283482
v -0.06312997 0.07364669 0.6154177
v -0.0557971969 0.07371451 0.6283482
v -0.05755448 0.07367423 0.629690468
v -0.06312997 0.07364669 0.6154177
v -0.05348964 0.0735 0.600949943
v -0.05635 0.0735 0.611624956
v -0.05968953 0.07371452 0.6098454
v -0.05635 0.0735 0.611624956
v -0.05935107 0.07377902 0.6123688
v -0.05968953 0.07371452 0.6098454
v -0.05635 0.0735 0.611624956
v -0.0606725663 0.07371452 0.614576161
v -0.05935107 0.07377902 0.6123688
v -0.05348964 0.0735 0.600949943
v -0.0548542142 0.07378662 0.595011532
v -0.05277899 0.07372129 0.5943329
v -0.05348964 0.0735 0.600949943
v -0.0569556132 0.0736314058 0.594278
v -0.0548542142 0.07378662 0.595011532
v -0.035 0.0735 0.590275
v -0.045675 0.0735 0.5931353
v -0.0374549963 0.0737215 0.5864518
v -0.05348964 0.0735 0.600949943
v -0.05277899 0.07372129 0.5943329
v -0.0516714454 0.07378662 0.5924336
v -0.045675 0.0735 0.5931353
v -0.0387192555 0.0736804 0.584210634
v -0.0374549963 0.0737215 0.5864518
v -0.045675 0.0735 0.5931353
v -0.051958587 0.0736802 0.5902663
v -0.0387192555 0.0736804 0.584210634
v -0.024325 0.0735 0.5931353
v -0.035 0.0735 0.590275
v -0.0326424241 0.0737215 0.5865336
v -0.01800243 0.07368236 0.59020865
v -0.031304732 0.0736804 0.5843467
v -0.035 0.0735 0.590275
v -0.0350549258 0.07378686 0.5873353
v -0.0326424241 0.0737215 0.5865336
v -0.035 0.0735 0.590275
v -0.0374549963 0.0737215 0.5864518
v -0.0350549258 0.07378686 0.5873353
v -0.024325 0.0735 0.5931353
v -0.01800243 0.07368236 0.59020865
v -0.01833379 0.0737893358 0.592378438
v -0.013650002 0.0735 0.611624956
v -0.0165103581 0.0735 0.600949943
v -0.0102378037 0.073724 0.6097556
v -0.0165103581 0.0735 0.600949943
v -0.008285841 0.07368259 0.608092248
v -0.0102378037 0.073724 0.6097556
v -0.0165103581 0.0735 0.600949943
v -0.0131217306 0.07368236 0.594303966
v -0.008285841 0.07368259 0.608092248
v -0.0131217306 0.07368236 0.594303966
v -0.002226559 0.0735 0.5970333
v -0.008285841 0.07368259 0.608092248
v -0.0165103581 0.0735 0.622299969
v -0.013650002 0.0735 0.611624956
v -0.009403177 0.073724 0.614489
v -0.013650002 0.0735 0.611624956
v -0.010649479 0.07378965 0.612268448
v -0.009403177 0.073724 0.614489
v -0.013650002 0.0735 0.611624956
v -0.0102378037 0.073724 0.6097556
v -0.010649479 0.07378965 0.612268448
v -0.0557971969 0.07371451 0.6283482
v -0.05348964 0.0735 0.622299969
v -0.05361238 0.07377902 0.628452957
v -0.05348964 0.0735 0.622299969
v -0.0519431867 0.07371452 0.6299069
v -0.05361238 0.07377902 0.628452957
v -0.0575301349 0.07378662 0.590185463
v -0.06402348 0.0735 0.5905382
v -0.0558398031 0.07372125 0.588779449
v -0.051958587 0.0736802 0.5902663
v -0.045675 0.0735 0.5931353
v -0.0516714454 0.07378662 0.5924336
v -0.0131217306 0.07368236 0.594303966
v -0.0165103581 0.0735 0.600949943
v -0.0152009986 0.0737893358 0.5950071
v -0.01630024 0.0737236962 0.5888058
v -0.01800243 0.07368236 0.59020865
v -0.0239140168 0.0735 0.577505767
v -0.01800243 0.07368236 0.59020865
v -0.031304732 0.0736804 0.5843467
v -0.0239140168 0.0735 0.577505767
v -0.024325 0.0735 0.5931353
v -0.0326424241 0.0737215 0.5865336
v -0.031304732 0.0736804 0.5843467
v -0.0141581977 0.0736801848 0.6283558
v -0.002226559 0.0735 0.62621665
v -0.0124698728 0.07378662 0.629783332
v -0.002226559 0.0735 0.62621665
v -0.0120199993 0.0737212747 0.63192
v -0.0124698728 0.07378662 0.629783332
v -0.0141581977 0.0736801848 0.6283558
v -0.00700000627 0.07368261 0.615384459
v -0.0165103581 0.0735 0.622299969
v -0.009403177 0.073724 0.614489
v -0.008285841 0.07368259 0.608092248
v -0.002226559 0.0735 0.5970333
v -0.00573252467 0.0737896338 0.6081427
v -0.002226559 0.0735 0.5970333
v -0.003762196 0.0737239942 0.6097556
v -0.00573252467 0.0737896338 0.6081427
v -0.0313023031 0.0737215057 0.640212357
v -0.0239140168 0.0735 0.645744145
v -0.0325730331 0.07378686 0.6424319
v -0.0654686 0.07377902 0.614413142
v -0.07009105 0.0735 0.6190838
v -0.0667195 0.07371451 0.6121651
v -0.0569556132 0.0736314058 0.594278
v -0.05348964 0.0735 0.600949943
v -0.0616079569 0.0737145 0.6081338
v -0.0569556132 0.0736314058 0.594278
v -0.06417774 0.0737145 0.6080558
v -0.07009105 0.0735 0.6041662
v -0.05348964 0.0735 0.600949943
v -0.05968953 0.07371452 0.6098454
v -0.0616079569 0.0737145 0.6081338
v 0.0008749989 0.08575 0.611624956
v -0.004632397 0.08575021 0.61444664
v -0.00535937538 0.08575 0.6193272
v -0.009035686 0.08575 0.6193298
v -0.004632397 0.08575021 0.61444664
v 0.0008749989 0.08575 0.611624956
v -0.003553173 0.08575 0.6110172
v -0.00574026676 0.08575018 0.6081637
v -0.005071336 0.08575 0.603831
v -0.009499688 0.08575 0.6040579
v -0.002226559 0.08575 0.5970333
v -0.009432464 0.08575 0.594767
v -0.0109949429 0.08575 0.584964633
v -0.0109949429 0.08575 0.584964633
v -0.01211773 0.08575014 0.5923697
v -0.0141301583 0.08575018 0.588883936
v -0.0179875717 0.08575 0.5857977
v -0.0239140168 0.08575 0.577505767
v -0.0152010126 0.08575014 0.5949569
v -0.0119684869 0.08575 0.597572148
v -0.009432464 0.08575 0.594767
v -0.002226559 0.08575 0.62621665
v -0.00535937538 0.08575 0.6193272
v -0.009172737 0.08575 0.628637433
v -0.0109949429 0.08575 0.6382853
v -0.0272977948 0.08575 0.581984341
v -0.0179875717 0.08575 0.5857977
v -0.0272951555 0.08575 0.585660636
v -0.0313303024 0.0857502744 0.5837727
v -0.0291547831 0.08575 0.588981152
v -0.02118099 0.08575 0.5890499
v -0.0171133019 0.08575 0.589547
v -0.0182842985 0.08575011 0.5923697
v -0.0216011163 0.08575 0.592808
v -0.0275848415 0.08575 0.595388055
v -0.0199836269 0.08575 0.601974547
v -0.03754032 0.08575 0.593956649
v -0.0291547831 0.08575 0.588981152
v -0.0272977948 0.08575 0.581984341
v -0.03421728 0.08575032 0.5800367
v -0.03874996 0.08575 0.5759465
v -0.0529375 0.08575 0.580556333
v -0.0427940153 0.08575 0.581696332
v -0.05185799 0.08575 0.5860575
v -0.05531559 0.08575 0.5888962
v -0.052328825 0.0857502 0.5899172
v -0.0483133234 0.08575 0.5924048
v -0.052490212 0.08575023 0.5939272
v -0.0466892645 0.08575 0.5981348
v -0.052328825 0.0857502 0.5899172
v -0.0490528978 0.08575 0.5885934
v -0.0483133234 0.08575 0.5924048
v -0.05768717 0.08575023 0.5906412
v -0.06402348 0.08575 0.5905382
v -0.06082727 0.08575 0.594612539
v -0.07009105 0.08575 0.6041662
v -0.06464063 0.08575 0.603922844
v -0.06464063 0.08575 0.603922844
v -0.06273776 0.08575 0.6079917
v -0.06096429 0.08575 0.603920162
v -0.07009105 0.08575 0.6041662
v -0.06603108 0.08575 0.609874964
v -0.06627762 0.08575 0.6132145
v -0.0466892645 0.08575 0.5981348
v -0.04055824 0.08575 0.589203656
v -0.03754032 0.08575 0.593956649
v -0.03450815 0.08575032 0.5872646
v -0.0384988822 0.0857502744 0.5847413
v -0.0384988822 0.0857502744 0.5847413
v -0.0425670519 0.08575 0.586124659
v -0.0427940153 0.08575 0.581696332
v -0.0376811549 0.08575 0.5813752
v -0.03874996 0.08575 0.5759465
v -0.052490212 0.08575023 0.5939272
v -0.05381701 0.08575 0.59822613
v -0.0521269478 0.08575 0.606596053
v -0.0576438569 0.08575 0.605779767
v -0.0593764 0.08575 0.611252367
v -0.0521269478 0.08575 0.61665386
v -0.05742133 0.08575 0.6171832
v -0.0620038249 0.08575 0.6151289
v -0.0542201959 0.08575 0.62493825
v -0.0605003051 0.08575 0.619192
v -0.05742133 0.08575 0.6171832
v -0.05381701 0.08575 0.59822613
v -0.0564673 0.0857502 0.5944646
v -0.0575750619 0.08575 0.597806036
v -0.06273776 0.08575 0.6079917
v -0.0593764 0.08575 0.611252367
v -0.06096429 0.08575 0.603920162
v -0.0566133372 0.08575 0.6289149
v -0.05378148 0.08575 0.6286284
v -0.0517189242 0.08575 0.63110733
v -0.04881902 0.08575 0.634200156
v -0.0528867 0.08575 0.633702934
v -0.0483988859 0.08575 0.630441964
v -0.0466892645 0.08575 0.6251151
v -0.0408452079 0.08575 0.6342688
v -0.0466892645 0.08575 0.6251151
v -0.0542201959 0.08575 0.62493825
v -0.03754032 0.08575 0.6292933
v -0.0408452079 0.08575 0.6342688
v -0.04270484 0.08575 0.637589335
v -0.0382889248 0.08575 0.6384279
v -0.03771622 0.08575032 0.642096937
v -0.0427022055 0.08575 0.6412656
v -0.029441759 0.08575 0.6340463
v -0.0275848415 0.08575 0.627862
v -0.03874996 0.08575 0.647303462
v -0.03771622 0.08575032 0.642096937
v -0.03303724 0.08575032 0.6427292
v -0.0274329539 0.08575 0.6371253
v -0.0316021368 0.0857502744 0.6382311
v -0.0272059869 0.08575 0.6415537
v -0.0272059869 0.08575 0.6415537
v -0.0239140168 0.08575 0.645744145
v -0.03874996 0.08575 0.647303462
v -0.0181420129 0.08575 0.637192547
v -0.013532714 0.0857502744 0.6340626
v -0.0175097752 0.0857502 0.6335252
v -0.02094708 0.08575 0.6346566
v -0.0216866769 0.08575 0.6308452
v -0.0427022055 0.08575 0.6412656
v -0.0520124175 0.08575 0.6374523
v -0.029441759 0.08575 0.6340463
v -0.035782747 0.08575032 0.636036754
v -0.03754032 0.08575 0.6292933
v -0.0199836269 0.08575 0.621275365
v -0.01618299 0.08575 0.625023842
v -0.0199836269 0.08575 0.621275365
v -0.0123561509 0.08575 0.6174702
v -0.0171500016 0.08575 0.611624956
v -0.009367613 0.08575018 0.61444664
v -0.009035686 0.08575 0.6193298
v -0.0101898713 0.08575021 0.609783351
v -0.0125786709 0.08575 0.6060667
v -0.0124249365 0.08575 0.625444
v -0.0137501126 0.0857502 0.628659844
v -0.01767117 0.0857502744 0.6295152
v -0.00574026676 0.08575018 0.6081637
v -0.009499688 0.08575 0.6040579
v -0.0125786709 0.08575 0.6060667
v -0.0199836269 0.08575 0.601974547
v -0.01577979 0.08575 0.5983117
v -0.0182842985 0.08575011 0.5923697
v -0.0577287935 0.08575 0.631940544
v -0.0566133372 0.08575 0.6289149
v -0.0605675355 0.08575 0.628483
v -0.0566133372 0.08575 0.6289149
v -0.05803149 0.08575 0.6256779
v -0.0542201959 0.08575 0.62493825
v -0.05768717 0.08575023 0.5906412
v -0.05531559 0.08575 0.5888962
v -0.0529375 0.08575 0.580556333
v -0.06082727 0.08575 0.594612539
v -0.0564673 0.0857502 0.5944646
v -0.0575750619 0.08575 0.597806036
v -0.03874996 0.08575 0.5759465
v -0.0376811549 0.08575 0.5813752
v -0.03421728 0.08575032 0.5800367
v -0.0109949429 0.08575 0.584964633
v -0.0141301583 0.08575018 0.588883936
v -0.01211773 0.08575014 0.5923697
v -0.01577979 0.08575 0.5983117
v -0.0152010126 0.08575014 0.5949569
v -0.0182842985 0.08575011 0.5923697
v 0.0008749989 0.08575 0.611624956
v -0.005071336 0.08575 0.603831
v -0.00574026676 0.08575018 0.6081637
v -0.0171133019 0.08575 0.589547
v -0.0141301583 0.08575018 0.588883936
v -0.0179875717 0.08575 0.5857977
v -0.0152010126 0.08575014 0.5949569
v -0.01577979 0.08575 0.5983117
v -0.0119684869 0.08575 0.597572148
v -0.0122260135 0.08575 0.631424
v -0.0109949429 0.08575 0.6382853
v -0.009172737 0.08575 0.628637433
v -0.0122260135 0.08575 0.631424
v -0.013532714 0.0857502744 0.6340626
v -0.0109949429 0.08575 0.6382853
v -0.0527981557 0.07364667 0.634010732
v -0.0548978336 0.0737789944 0.6346217
v -0.0528867 0.08575 0.633702934
v -0.0548978336 0.0737789944 0.6346217
v -0.05606474 0.08575 0.6342498
v -0.0528867 0.08575 0.633702934
v -0.0548978336 0.0737789944 0.6346217
v -0.0569637 0.07371449 0.633826435
v -0.05606474 0.08575 0.6342498
v -0.0569637 0.07371449 0.633826435
v -0.05796524 0.07377901 0.6318819
v -0.05606474 0.08575 0.6342498
v -0.05755448 0.07367423 0.629690468
v -0.0577287935 0.08575 0.631940544
v -0.0557971969 0.07371451 0.6283482
v -0.0566133372 0.08575 0.6289149
v -0.05361238 0.07377902 0.628452957
v -0.0566133372 0.08575 0.6289149
v -0.0519431867 0.07371452 0.6299069
v -0.05378148 0.08575 0.6286284
v -0.0516670831 0.07377902 0.6320767
v -0.0517189242 0.08575 0.63110733
v -0.05796524 0.07377901 0.6318819
v -0.0577287935 0.08575 0.631940544
v -0.05606474 0.08575 0.6342498
v -0.05755448 0.07367423 0.629690468
v -0.0566133372 0.08575 0.6289149
v -0.0577287935 0.08575 0.631940544
v -0.05361238 0.07377902 0.628452957
v -0.05378148 0.08575 0.6286284
v -0.0566133372 0.08575 0.6289149
v -0.0519431867 0.07371452 0.6299069
v -0.0517189242 0.08575 0.63110733
v -0.05378148 0.08575 0.6286284
v -0.0516670831 0.07377902 0.6320767
v -0.0527981557 0.07364667 0.634010732
v -0.0517189242 0.08575 0.63110733
v -0.0527981557 0.07364667 0.634010732
v -0.0528867 0.08575 0.633702934
v -0.0517189242 0.08575 0.63110733
v -0.0548542142 0.07378662 0.595011532
v -0.0569556132 0.0736314058 0.594278
v -0.0564673 0.0857502 0.5944646
v -0.0564673 0.0857502 0.5944646
v -0.052490212 0.08575023 0.5939272
v -0.05277899 0.07372129 0.5943329
v -0.0516714454 0.07378662 0.5924336
v -0.052490212 0.08575023 0.5939272
v -0.0516714454 0.07378662 0.5924336
v -0.052328825 0.0857502 0.5899172
v -0.051958587 0.0736802 0.5902663
v -0.0569556132 0.0736314058 0.594278
v -0.0579457134 0.07378662 0.592324853
v -0.0564673 0.0857502 0.5944646
v -0.0579457134 0.07378662 0.592324853
v -0.05768717 0.08575023 0.5906412
v -0.0564673 0.0857502 0.5944646
v -0.0579457134 0.07378662 0.592324853
v -0.0575301349 0.07378662 0.590185463
v -0.0575301349 0.07378662 0.590185463
v -0.0558398031 0.07372125 0.588779449
v -0.05768717 0.08575023 0.5906412
v -0.0536575727 0.0737866 0.588851452
v -0.05531559 0.08575 0.5888962
v -0.051958587 0.0736802 0.5902663
v -0.052328825 0.0857502 0.5899172
v -0.0558398031 0.07372125 0.588779449
v -0.05531559 0.08575 0.5888962
v -0.05768717 0.08575023 0.5906412
v -0.0536575727 0.0737866 0.588851452
v -0.052328825 0.0857502 0.5899172
v -0.05531559 0.08575 0.5888962
v -0.01800243 0.07368236 0.59020865
v -0.0171133019 0.08575 0.589547
v -0.0182842985 0.08575011 0.5923697
v -0.01800243 0.07368236 0.59020865
v -0.01630024 0.0737236962 0.5888058
v -0.0171133019 0.08575 0.589547
v -0.01833379 0.0737893358 0.592378438
v -0.0182842985 0.08575011 0.5923697
v -0.0172669776 0.07372371 0.5942881
v -0.0182842985 0.08575011 0.5923697
v -0.0152010126 0.08575014 0.5949569
v -0.0152009986 0.0737893358 0.5950071
v -0.0131217306 0.07368236 0.594303966
v -0.0152010126 0.08575014 0.5949569
v -0.0131217306 0.07368236 0.594303966
v -0.01211773 0.08575014 0.5923697
v -0.0120682362 0.0737893358 0.592378438
v -0.01241758 0.07372371 0.590218961
v -0.01211773 0.08575014 0.5923697
v -0.0141301583 0.08575018 0.588883936
v -0.0141130062 0.07378931 0.5888367
v -0.01630024 0.0737236962 0.5888058
v -0.0141301583 0.08575018 0.588883936
v -0.0171133019 0.08575 0.589547
v -0.01630024 0.0737236962 0.5888058
v -0.0141130062 0.07378931 0.5888367
v -0.0141301583 0.08575018 0.588883936
v -0.0172366332 0.07365198 0.6339638
v -0.0183285512 0.07378662 0.6320315
v -0.0175097752 0.0857502 0.6335252
v -0.0141581977 0.0736801848 0.6283558
v -0.0124698728 0.07378662 0.629783332
v -0.0137501126 0.0857502 0.628659844
v -0.0120199993 0.0737212747 0.63192
v -0.0122260135 0.08575 0.631424
v -0.0124698728 0.07378662 0.629783332
v -0.0122260135 0.08575 0.631424
v -0.0137501126 0.0857502 0.628659844
v -0.0120199993 0.0737212747 0.63192
v -0.013532714 0.0857502744 0.6340626
v -0.0122260135 0.08575 0.631424
v -0.0120199993 0.0737212747 0.63192
v -0.0131111089 0.07378662 0.6338288
v -0.013532714 0.0857502744 0.6340626
v -0.0151370391 0.07372127 0.634642839
v -0.013532714 0.0857502744 0.6340626
v -0.0151370391 0.07372127 0.634642839
v -0.0175097752 0.0857502 0.6335252
v -0.0172366332 0.07365198 0.6339638
v -0.0427940153 0.07875 0.6415537
v -0.0520124175 0.08575 0.6374523
v -0.0427022055 0.08575 0.6412656
v -0.0427940153 0.07875 0.6415537
v -0.05185799 0.07875 0.637192547
v -0.0520124175 0.08575 0.6374523
v -0.04055824 0.07875 0.6340463
v -0.0425670445 0.07875 0.6371253
v -0.0408452079 0.08575 0.6342688
v -0.0425670445 0.07875 0.6371253
v -0.04270484 0.08575 0.637589335
v -0.0408452079 0.08575 0.6342688
v -0.0427022055 0.08575 0.6412656
v -0.04270484 0.08575 0.637589335
v -0.0427940153 0.07875 0.6415537
v -0.04270484 0.08575 0.637589335
v -0.0425670445 0.07875 0.6371253
v -0.0427940153 0.07875 0.6415537
v -0.05185799 0.07875 0.637192547
v -0.04905292 0.07875 0.6346566
v -0.0520124175 0.08575 0.6374523
v -0.04905292 0.07875 0.6346566
v -0.04881902 0.08575 0.634200156
v -0.0520124175 0.08575 0.6374523
v -0.0483988859 0.08575 0.630441964
v -0.04881902 0.08575 0.634200156
v -0.0483133234 0.07875 0.6308452
v -0.04881902 0.08575 0.634200156
v -0.04905292 0.07875 0.6346566
v -0.0483133234 0.07875 0.6308452
v -0.0425670445 0.07875 0.6371253
v -0.04905292 0.07875 0.6346566
v -0.0427940153 0.07875 0.6415537
v -0.04905292 0.07875 0.6346566
v -0.05185799 0.07875 0.637192547
v -0.0427940153 0.07875 0.6415537
v -0.0425670445 0.07875 0.6371253
v -0.0483133234 0.07875 0.6308452
v -0.04055824 0.07875 0.6340463
v -0.06464063 0.07875 0.6193272
v -0.06082726 0.07875 0.628637433
v -0.0609643124 0.07875 0.6193298
v -0.0605003126 0.07875 0.6040579
v -0.0542202145 0.07875 0.5983117
v -0.0580315143 0.07875 0.597572148
v -0.0542202145 0.07875 0.5983117
v -0.0605003126 0.07875 0.6040579
v -0.05742133 0.07875 0.6060667
v -0.0274329484 0.07875 0.586124659
v -0.0209471 0.07875 0.5885934
v -0.0272059869 0.07875 0.581696332
v -0.0209471 0.07875 0.5885934
v -0.0181420129 0.07875 0.5860575
v -0.0272059869 0.07875 0.581696332
v -0.0274329484 0.07875 0.586124659
v -0.0216866769 0.07875 0.5924048
v -0.029441759 0.07875 0.589203656
v -0.0124249365 0.07875 0.597806036
v -0.00903571 0.07875 0.603920162
v -0.009172729 0.07875 0.594612539
v -0.00903571 0.07875 0.603920162
v -0.00535937538 0.07875 0.603922844
v -0.009172729 0.07875 0.594612539
v -0.00903571 0.07875 0.603920162
v -0.0124249365 0.07875 0.597806036
v -0.0123561481 0.07875 0.605779767
v -0.0124249365 0.07875 0.597806036
v -0.01618299 0.07875 0.59822613
v -0.0123561481 0.07875 0.605779767
v -0.009499693 0.07875 0.619192
v -0.0125786709 0.07875 0.6171832
v -0.015779797 0.07875 0.62493825
v -0.00507133873 0.07875 0.619419
v -0.011968513 0.07875 0.6256779
v -0.009432464 0.07875 0.628483
v -0.0272977948 0.07875 0.6412656
v -0.027295161 0.07875 0.637589335
v -0.0272059869 0.08575 0.6415537
v -0.027295161 0.07875 0.637589335
v -0.0274329539 0.08575 0.6371253
v -0.0272059869 0.08575 0.6415537
v -0.029441759 0.08575 0.6340463
v -0.0274329539 0.08575 0.6371253
v -0.0291547943 0.07875 0.6342688
v -0.0274329539 0.08575 0.6371253
v -0.027295161 0.07875 0.637589335
v -0.0291547943 0.07875 0.6342688
v -0.0179875828 0.07875 0.6374523
v -0.0272059869 0.08575 0.6415537
v -0.0181420129 0.08575 0.637192547
v -0.0179875828 0.07875 0.6374523
v -0.0272977948 0.07875 0.6412656
v -0.0272059869 0.08575 0.6415537
v -0.0216011163 0.07875 0.630441964
v -0.02118098 0.07875 0.634200156
v -0.0216866769 0.08575 0.6308452
v -0.02118098 0.07875 0.634200156
v -0.02094708 0.08575 0.6346566
v -0.0216866769 0.08575 0.6308452
v -0.0181420129 0.08575 0.637192547
v -0.02094708 0.08575 0.6346566
v -0.0179875828 0.07875 0.6374523
v -0.02094708 0.08575 0.6346566
v -0.02118098 0.07875 0.634200156
v -0.0179875828 0.07875 0.6374523
v -0.06082726 0.07875 0.628637433
v -0.06492866 0.08575 0.619419
v -0.0605675355 0.08575 0.628483
v -0.06082726 0.07875 0.628637433
v -0.06464063 0.07875 0.6193272
v -0.06492866 0.08575 0.619419
v -0.05381701 0.07875 0.625023842
v -0.0575750619 0.07875 0.625444
v -0.0542201959 0.08575 0.62493825
v -0.0575750619 0.07875 0.625444
v -0.05803149 0.08575 0.6256779
v -0.0542201959 0.08575 0.62493825
v -0.0605675355 0.08575 0.628483
v -0.05803149 0.08575 0.6256779
v -0.06082726 0.07875 0.628637433
v -0.05803149 0.08575 0.6256779
v -0.0575750619 0.07875 0.625444
v -0.06082726 0.07875 0.628637433
v -0.06464063 0.07875 0.6193272
v -0.0609643124 0.07875 0.6193298
v -0.06492866 0.08575 0.619419
v -0.0609643124 0.07875 0.6193298
v -0.0605003051 0.08575 0.619192
v -0.06492866 0.08575 0.619419
v -0.05742133 0.08575 0.6171832
v -0.0605003051 0.08575 0.619192
v -0.05764384 0.07875 0.6174702
v -0.0605003051 0.08575 0.619192
v -0.0609643124 0.07875 0.6193298
v -0.05764384 0.07875 0.6174702
v -0.0649286658 0.07875 0.603831
v -0.06082727 0.08575 0.594612539
v -0.06464063 0.08575 0.603922844
v -0.0649286658 0.07875 0.603831
v -0.0605675355 0.07875 0.594767
v -0.06082727 0.08575 0.594612539
v -0.05742133 0.07875 0.6060667
v -0.0605003126 0.07875 0.6040579
v -0.0576438569 0.08575 0.605779767
v -0.0605003126 0.07875 0.6040579
v -0.06096429 0.08575 0.603920162
v -0.0576438569 0.08575 0.605779767
v -0.06464063 0.08575 0.603922844
v -0.06096429 0.08575 0.603920162
v -0.0649286658 0.07875 0.603831
v -0.06096429 0.08575 0.603920162
v -0.0605003126 0.07875 0.6040579
v -0.0649286658 0.07875 0.603831
v -0.0605675355 0.07875 0.594767
v -0.0580315143 0.07875 0.597572148
v -0.06082727 0.08575 0.594612539
v -0.0580315143 0.07875 0.597572148
v -0.0575750619 0.08575 0.597806036
v -0.06082727 0.08575 0.594612539
v -0.05381701 0.08575 0.59822613
v -0.0575750619 0.08575 0.597806036
v -0.0542202145 0.07875 0.5983117
v -0.0575750619 0.08575 0.597806036
v -0.0580315143 0.07875 0.597572148
v -0.0542202145 0.07875 0.5983117
v -0.0520124361 0.07875 0.5857977
v -0.0427940153 0.08575 0.581696332
v -0.05185799 0.08575 0.5860575
v -0.0520124361 0.07875 0.5857977
v -0.0427022055 0.07875 0.581984341
v -0.0427940153 0.08575 0.581696332
v -0.0483988859 0.07875 0.592808
v -0.04881901 0.07875 0.5890499
v -0.0483133234 0.08575 0.5924048
v -0.04881901 0.07875 0.5890499
v -0.0490528978 0.08575 0.5885934
v -0.0483133234 0.08575 0.5924048
v -0.05185799 0.08575 0.5860575
v -0.0490528978 0.08575 0.5885934
v -0.0520124361 0.07875 0.5857977
v -0.0490528978 0.08575 0.5885934
v -0.04881901 0.07875 0.5890499
v -0.0520124361 0.07875 0.5857977
v -0.0427022055 0.07875 0.581984341
v -0.0427048467 0.07875 0.585660636
v -0.0427940153 0.08575 0.581696332
v -0.0427048467 0.07875 0.585660636
v -0.0425670519 0.08575 0.586124659
v -0.0427940153 0.08575 0.581696332
v -0.04055824 0.08575 0.589203656
v -0.0425670519 0.08575 0.586124659
v -0.0408452153 0.07875 0.588981152
v -0.0425670519 0.08575 0.586124659
v -0.0427048467 0.07875 0.585660636
v -0.0408452153 0.07875 0.588981152
v -0.0272059869 0.07875 0.581696332
v -0.0179875717 0.08575 0.5857977
v -0.0272977948 0.08575 0.581984341
v -0.0272059869 0.07875 0.581696332
v -0.0181420129 0.07875 0.5860575
v -0.0179875717 0.08575 0.5857977
v -0.029441759 0.07875 0.589203656
v -0.0274329484 0.07875 0.586124659
v -0.0291547831 0.08575 0.588981152
v -0.0274329484 0.07875 0.586124659
v -0.0272951555 0.08575 0.585660636
v -0.0291547831 0.08575 0.588981152
v -0.0272977948 0.08575 0.581984341
v -0.0272951555 0.08575 0.585660636
v -0.0272059869 0.07875 0.581696332
v -0.0272951555 0.08575 0.585660636
v -0.0274329484 0.07875 0.586124659
v -0.0272059869 0.07875 0.581696332
v -0.0181420129 0.07875 0.5860575
v -0.0209471 0.07875 0.5885934
v -0.0179875717 0.08575 0.5857977
v -0.0209471 0.07875 0.5885934
v -0.02118099 0.08575 0.5890499
v -0.0179875717 0.08575 0.5857977
v -0.0216011163 0.08575 0.592808
v -0.02118099 0.08575 0.5890499
v -0.0216866769 0.07875 0.5924048
v -0.02118099 0.08575 0.5890499
v -0.0209471 0.07875 0.5885934
v -0.0216866769 0.07875 0.5924048
v -0.009172729 0.07875 0.594612539
v -0.005071336 0.08575 0.603831
v -0.009432464 0.08575 0.594767
v -0.009172729 0.07875 0.594612539
v -0.00535937538 0.07875 0.603922844
v -0.005071336 0.08575 0.603831
v -0.01618299 0.07875 0.59822613
v -0.0124249365 0.07875 0.597806036
v -0.01577979 0.08575 0.5983117
v -0.0124249365 0.07875 0.597806036
v -0.0119684869 0.08575 0.597572148
v -0.01577979 0.08575 0.5983117
v -0.009432464 0.08575 0.594767
v -0.0119684869 0.08575 0.597572148
v -0.009172729 0.07875 0.594612539
v -0.0119684869 0.08575 0.597572148
v -0.0124249365 0.07875 0.597806036
v -0.009172729 0.07875 0.594612539
v -0.00535937538 0.07875 0.603922844
v -0.00903571 0.07875 0.603920162
v -0.005071336 0.08575 0.603831
v -0.00903571 0.07875 0.603920162
v -0.009499688 0.08575 0.6040579
v -0.005071336 0.08575 0.603831
v -0.0125786709 0.08575 0.6060667
v -0.009499688 0.08575 0.6040579
v -0.0123561481 0.07875 0.605779767
v -0.009499688 0.08575 0.6040579
v -0.00903571 0.07875 0.603920162
v -0.0123561481 0.07875 0.605779767
v -0.00507133873 0.07875 0.619419
v -0.009172737 0.08575 0.628637433
v -0.00535937538 0.08575 0.6193272
v -0.00507133873 0.07875 0.619419
v -0.009432464 0.07875 0.628483
v -0.009172737 0.08575 0.628637433
v -0.0125786709 0.07875 0.6171832
v -0.009499693 0.07875 0.619192
v -0.0123561509 0.08575 0.6174702
v -0.009499693 0.07875 0.619192
v -0.009035686 0.08575 0.6193298
v -0.0123561509 0.08575 0.6174702
v -0.00535937538 0.08575 0.6193272
v -0.009035686 0.08575 0.6193298
v -0.00507133873 0.07875 0.619419
v -0.009035686 0.08575 0.6193298
v -0.009499693 0.07875 0.619192
v -0.00507133873 0.07875 0.619419
v -0.009432464 0.07875 0.628483
v -0.011968513 0.07875 0.6256779
v -0.009172737 0.08575 0.628637433
v -0.011968513 0.07875 0.6256779
v -0.0124249365 0.08575 0.625444
v -0.009172737 0.08575 0.628637433
v -0.01618299 0.08575 0.625023842
v -0.0124249365 0.08575 0.625444
v -0.015779797 0.07875 0.62493825
v -0.0124249365 0.08575 0.625444
v -0.011968513 0.07875 0.6256779
v -0.015779797 0.07875 0.62493825
v -0.03562698 0.0735 0.338032275
v -0.03562698 0.08575 0.338032275
v -0.0342597 0.08575 0.3231774
v -0.0342597 0.0735 0.3231774
v -0.026968604 0.08575 0.310162872
v -0.026968604 0.0735 0.310162872
v -0.0150143951 0.08575 0.301239133
v -0.0150143951 0.0735 0.301239133
v -0.000464061857 0.08575 0.2979491
v -0.000464061857 0.0735 0.2979491
v 0.0141665172 0.08575 0.300861657
v 0.0141665172 0.0735 0.300861657
v 0.0263475776 0.08575 0.3094732
v 0.0263475776 0.0735 0.3094732
v 0.0339728929 0.08575 0.3222947
v 0.0339728929 0.0735 0.3222947
v 0.03572399 0.08575 0.3371092
v 0.03572399 0.0735 0.3371092
v 0.0312980823 0.08575 0.3513552
v 0.0312980823 0.0735 0.3513552
v 0.0214604549 0.08575 0.362569362
v 0.0214604549 0.0735 0.362569362
v 0.007912121 0.08575 0.3688127
v 0.007912121 0.0735 0.3688127
v -0.007004291 0.08575 0.36900568
v -0.007004291 0.0735 0.36900568
v -0.0207096022 0.08575 0.3631149
v -0.0207096022 0.0735 0.3631149
v -0.0308340341 0.08575 0.352159
v -0.0308340341 0.0735 0.352159
v -0.03562698 0.08575 0.338032275
v -0.03562698 0.0735 0.338032275
v 0.0312980823 0.0735 0.3513552
v 0.0214604549 0.0735 0.362569362
v 0.02337744 0.0737212747 0.3540624
v 0.02120184 0.07378662 0.3542471
v 0.0263475776 0.0735 0.3094732
v 0.0339728929 0.0735 0.3222947
v 0.02027795 0.0736742243 0.313233
v 0.0274902843 0.07364669 0.326752663
v 0.0263475776 0.0735 0.3094732
v 0.02042863 0.07377902 0.311008483
v 0.0192057528 0.07371452 0.309195042
v 0.0141665172 0.0735 0.300861657
v 0.01706086 0.0737790242 0.308647752
v -0.00408341829 0.0737215057 0.309673
v -0.001545518 0.0737215057 0.3093292
v -0.002506157 0.0735 0.3126187
v 0.008430806 0.0735 0.3142062
v 0.0171087366 0.0735 0.3210495
v 0.014680041 0.07371452 0.313676745
v 0.0141511625 0.07377902 0.311554432
v -0.008430809 0.0735 0.353436
v -0.0142917456 0.07378933 0.354891
v -0.0155753745 0.07372371 0.353119731
v -0.0171087384 0.0735 0.3465927
v -0.0177114289 0.0737893358 0.3526482
v -0.002506157 0.0735 0.3126187
v -0.002506157 0.0777 0.3126187
v -0.0127715915 0.0777 0.316712379
v -0.0127715915 0.0735 0.316712379
v -0.0196148939 0.0777 0.325390279
v -0.0196148939 0.0735 0.325390279
v -0.0212023985 0.0777 0.336327255
v -0.0212023985 0.0735 0.336327255
v -0.0171087384 0.0777 0.3465927
v -0.0171087384 0.0735 0.3465927
v -0.008430809 0.0777 0.353436
v -0.008430809 0.0735 0.353436
v 0.00250615366 0.0777 0.355023474
v 0.00250615366 0.0735 0.355023474
v 0.0127715888 0.0777 0.350929826
v 0.0127715888 0.0735 0.350929826
v 0.01961489 0.0777 0.3422519
v 0.01961489 0.0735 0.3422519
v 0.0212023966 0.0777 0.331314951
v 0.0212023966 0.0735 0.331314951
v 0.0171087366 0.0777 0.3210495
v 0.0171087366 0.0735 0.3210495
v 0.008430806 0.0777 0.3142062
v 0.008430806 0.0735 0.3142062
v -0.002506157 0.0777 0.3126187
v -0.002506157 0.0735 0.3126187
v -0.0177265946 0.08575 0.33591643
v -0.0177265946 0.0777 0.33591643
v -0.01604537 0.0777 0.326000065
v -0.01604537 0.08575 0.326000065
v -0.009269856 0.0777 0.318566859
v -0.009269856 0.08575 0.318566859
v 0.00044877766 0.0777 0.315976739
v 0.00044877766 0.08575 0.315976739
v 0.010024921 0.0777 0.3190521
v 0.010024921 0.08575 0.3190521
v 0.0164182223 0.0777 0.3268165
v 0.0164182223 0.08575 0.3268165
v 0.01759886 0.0777 0.336804837
v 0.01759886 0.08575 0.336804837
v 0.0131919766 0.0777 0.345845819
v 0.0131919766 0.08575 0.345845819
v 0.00459673628 0.0777 0.351069063
v 0.00459673628 0.08575 0.351069063
v -0.005457936 0.0777 0.35081622
v -0.005457936 0.08575 0.35081622
v -0.013779752 0.0777 0.345167518
v -0.013779752 0.08575 0.345167518
v -0.0177265946 0.0777 0.33591643
v -0.0177265946 0.08575 0.33591643
v 0.00044877766 0.08575 0.315976739
v 0.00314677251 0.08575 0.310647666
v -0.002088288 0.08575032 0.3094863
v 0.000340213766 0.08575024 0.305437267
v 0.0199461356 0.08575 0.310166121
v 0.0194343589 0.08575 0.314113647
v 0.0234119147 0.08575 0.31407845
v 0.0212227367 0.08575 0.3171618
v 0.01759886 0.08575 0.336804837
v 0.0255945679 0.08575 0.333428681
v 0.0245719869 0.08575 0.3288587
v 0.0231734458 0.08575 0.3369679
v 0.02668923 0.08575 0.3384249
v 0.0302726924 0.08575 0.333215177
v -0.02442242 0.08575021 0.338562369
v -0.0273955781 0.08575 0.340583652
v -0.024435712 0.08575 0.344329119
v -0.0288068652 0.08575 0.3450744
v -0.03562698 0.08575 0.338032275
v -0.0307580642 0.0857502446 0.339311242
v -0.03562698 0.08575 0.338032275
v -0.03102198 0.08575 0.335725754
v -0.030339824 0.08575 0.329651475
v -0.0308340341 0.08575 0.352159
v -0.0234119184 0.08575 0.353563756
v -0.0212227553 0.08575 0.3504804
v -0.0200712476 0.08575 0.354632527
v -0.0198469218 0.08575018 0.357680172
v -0.0250017121 0.08575 0.335014164
v -0.0231734458 0.08575 0.33067435
v -0.0282388125 0.08575018 0.33345
v -0.0266892184 0.08575 0.329217345
v -0.0240249541 0.08575 0.318649679
v -0.0250510685 0.0857502744 0.3158899
v -0.02764571 0.08575 0.319958031
v -0.02404123 0.08575 0.3227476
v -0.020967491 0.0857502 0.319433928
v 0.0109651387 0.07875 0.313171029
v 0.00314677251 0.08575 0.310647666
v 0.011097433 0.08575 0.31356138
v 0.00288790581 0.07875 0.310902327
v -0.016373435 0.07875 0.3130242
v -0.0155150741 0.07875 0.316707
v -0.008462844 0.07875 0.3120199
v -0.0106993774 0.07875 0.308940738
v -0.0199264865 0.07875 0.310169339
v -0.0111283008 0.07875 0.3052895
v 0.02079693 0.07875 0.317447633
v 0.0171141028 0.07875 0.318306
v 0.0218011718 0.07875 0.325358272
v 0.02365172 0.07875 0.3138946
v 0.0248803012 0.07875 0.3231218
v 0.0245219618 0.07875 0.345073342
v 0.0273696352 0.07875 0.3475613
v 0.030636644 0.07875 0.338048071
v 0.0262122583 0.07875 0.3383425
v 0.0206500851 0.07875 0.3447863
v 0.0229187664 0.07875 0.336709023
v 0.0163734425 0.07875 0.354618
v 0.0106993774 0.07875 0.3587015
v 0.01992652 0.07875 0.357472837
v 0.0111282971 0.07875 0.3623527
v 0.0106993774 0.07875 0.3587015
v 0.0163734425 0.07875 0.354618
v 0.008462842 0.07875 0.3556223
v 0.0155150695 0.07875 0.350935221
v -0.008462844 0.07875 0.3120199
v -0.0154774254 0.08575 0.316296548
v -0.008151725 0.08575 0.312207252
v -0.0155150741 0.07875 0.316707
v 0.0218011718 0.07875 0.325358272
v 0.0175245181 0.08575 0.318343639
v 0.0216138717 0.08575 0.325669378
v 0.0171141028 0.07875 0.318306
v 0.0206500851 0.07875 0.3447863
v 0.0231734458 0.08575 0.3369679
v 0.020259738 0.08575 0.344918549
v 0.0229187664 0.07875 0.336709023
v 0.008462842 0.07875 0.3556223
v 0.01547742 0.08575 0.351345658
v 0.008151724 0.08575 0.355434954
v 0.0155150695 0.07875 0.350935221
v -0.0109651387 0.07875 0.354471177
v -0.00314677833 0.08575 0.356994569
v -0.011097433 0.08575 0.354080826
v -0.00288790883 0.07875 0.356739879
v -0.0218011867 0.07875 0.342283934
v -0.01752455 0.08575 0.349298537
v -0.0216138717 0.08575 0.341972828
v -0.0171141047 0.07875 0.349336177
v -0.02065009 0.07875 0.322855949
v -0.0231734458 0.08575 0.33067435
v -0.02025974 0.08575 0.322723657
v -0.02291877 0.07875 0.3309332
v 0.0008749989 0.0735 0.611624956
v 0.0008749989 0.08575 0.611624956
v -0.002226559 0.08575 0.62621665
v -0.002226559 0.0735 0.62621665
v -0.0109949429 0.08575 0.6382853
v -0.0109949429 0.0735 0.6382853
v -0.0239140168 0.08575 0.645744145
v -0.0239140168 0.0735 0.645744145
v -0.03874996 0.08575 0.647303462
v -0.03874996 0.0735 0.647303462
v -0.0529375 0.08575 0.6426936
v -0.0529375 0.0735 0.6426936
v -0.06402348 0.08575 0.632711768
v -0.06402348 0.0735 0.632711768
v -0.07009105 0.08575 0.6190838
v -0.07009105 0.0735 0.6190838
v -0.07009105 0.08575 0.6041662
v -0.07009105 0.0735 0.6041662
v -0.06402348 0.08575 0.5905382
v -0.06402348 0.0735 0.5905382
v -0.0529375 0.08575 0.580556333
v -0.0529375 0.0735 0.580556333
v -0.03874996 0.08575 0.5759465
v -0.03874996 0.0735 0.5759465
v -0.0239140168 0.08575 0.577505767
v -0.0239140168 0.0735 0.577505767
v -0.0109949429 0.08575 0.584964633
v -0.0109949429 0.0735 0.584964633
v -0.002226559 0.08575 0.5970333
v -0.002226559 0.0735 0.5970333
v 0.0008749989 0.08575 0.611624956
v 0.0008749989 0.0735 0.611624956
v -0.06402348 0.0735 0.5905382
v -0.0529375 0.0735 0.580556333
v -0.0558398031 0.07372125 0.588779449
v -0.0536575727 0.0737866 0.588851452
v -0.06402348 0.0735 0.632711768
v -0.07009105 0.0735 0.6190838
v -0.05755448 0.07367423 0.629690468
v -0.06312997 0.07364669 0.6154177
v -0.06402348 0.0735 0.632711768
v -0.05796524 0.07377901 0.6318819
v -0.0569637 0.07371449 0.633826435
v -0.0529375 0.0735 0.6426936
v -0.0548978336 0.0737789944 0.6346217
v -0.0337793864 0.0737215 0.636085451
v -0.03634015 0.07372149 0.636129
v -0.035 0.0735 0.632975
v -0.045675 0.0735 0.6301146
v -0.05348964 0.0735 0.622299969
v -0.0519431867 0.07371452 0.6299069
v -0.0516670831 0.07377902 0.6320767
v -0.024325 0.0735 0.5931353
v -0.01833379 0.0737893358 0.592378438
v -0.0172669776 0.07372371 0.5942881
v -0.0165103581 0.0735 0.600949943
v -0.0152009986 0.0737893358 0.5950071
v -0.035 0.0735 0.632975
v -0.035 0.0777 0.632975
v -0.024325 0.0777 0.6301146
v -0.024325 0.0735 0.6301146
v -0.0165103581 0.0777 0.622299969
v -0.0165103581 0.0735 0.622299969
v -0.013650002 0.0777 0.611624956
v -0.013650002 0.0735 0.611624956
v -0.0165103581 0.0777 0.600949943
v -0.0165103581 0.0735 0.600949943
v -0.024325 0.0777 0.5931353
v -0.024325 0.0735 0.5931353
v -0.035 0.0777 0.590275
v -0.035 0.0735 0.590275
v -0.045675 0.0777 0.5931353
v -0.045675 0.0735 0.5931353
v -0.05348964 0.0777 0.600949943
v -0.05348964 0.0735 0.600949943
v -0.05635 0.0777 0.611624956
v -0.05635 0.0735 0.611624956
v -0.05348964 0.0777 0.622299969
v -0.05348964 0.0735 0.622299969
v -0.045675 0.0777 0.6301146
v -0.045675 0.0735 0.6301146
v -0.035 0.0777 0.632975
v -0.035 0.0735 0.632975
v -0.0171500016 0.08575 0.611624956
v -0.0171500016 0.0777 0.611624956
v -0.0199836269 0.0777 0.621275365
v -0.0199836269 0.08575 0.621275365
v -0.0275848415 0.0777 0.627862
v -0.0275848415 0.08575 0.627862
v -0.03754032 0.0777 0.6292933
v -0.03754032 0.08575 0.6292933
v -0.0466892645 0.0777 0.6251151
v -0.0466892645 0.08575 0.6251151
v -0.0521269478 0.0777 0.61665386
v -0.0521269478 0.08575 0.61665386
v -0.0521269478 0.0777 0.606596053
v -0.0521269478 0.08575 0.606596053
v -0.0466892645 0.0777 0.5981348
v -0.0466892645 0.08575 0.5981348
v -0.03754032 0.0777 0.593956649
v -0.03754032 0.08575 0.593956649
v -0.0275848415 0.0777 0.595388055
v -0.0275848415 0.08575 0.595388055
v -0.0199836269 0.0777 0.601974547
v -0.0199836269 0.08575 0.601974547
v -0.0171500016 0.0777 0.611624956
v -0.0171500016 0.08575 0.611624956
v -0.03754032 0.08575 0.6292933
v -0.0408452079 0.08575 0.6342688
v -0.035782747 0.08575032 0.636036754
v -0.0382889248 0.08575 0.6384279
v -0.07009105 0.08575 0.6041662
v -0.07009105 0.08575 0.6190838
v -0.06627762 0.08575 0.6132145
v -0.06492866 0.08575 0.619419
v -0.0620038249 0.08575 0.6151289
v -0.0605003051 0.08575 0.619192
v -0.06402348 0.08575 0.632711768
v -0.0605675355 0.08575 0.628483
v -0.0577287935 0.08575 0.631940544
v -0.05606474 0.08575 0.6342498
v -0.0529375 0.08575 0.6426936
v -0.0520124175 0.08575 0.6374523
v -0.0528867 0.08575 0.633702934
v -0.03754032 0.08575 0.593956649
v -0.0291547831 0.08575 0.588981152
v -0.03450815 0.08575032 0.5872646
v -0.0313303024 0.0857502744 0.5837727
v -0.0137501126 0.0857502 0.628659844
v -0.0122260135 0.08575 0.631424
v -0.009172737 0.08575 0.628637433
v -0.0124249365 0.08575 0.625444
v -0.01618299 0.08575 0.625023842
v -0.0216866769 0.08575 0.6308452
v -0.01767117 0.0857502744 0.6295152
v -0.0175097752 0.0857502 0.6335252
v -0.0183285512 0.07378662 0.6320315
v -0.01767117 0.0857502744 0.6295152
v -0.0175097752 0.0857502 0.6335252
v -0.0180205386 0.07372129 0.629869938
v -0.0163424276 0.0737866 0.62844944
v -0.01767117 0.0857502744 0.6295152
v -0.0163424276 0.0737866 0.62844944
v -0.0137501126 0.0857502 0.628659844
v -0.0141581977 0.0736801848 0.6283558
v -0.0483133234 0.07875 0.6308452
v -0.0408452079 0.08575 0.6342688
v -0.0483988859 0.08575 0.630441964
v -0.04055824 0.07875 0.6340463
v -0.02118098 0.07875 0.634200156
v -0.0216011163 0.07875 0.630441964
v -0.0291547943 0.07875 0.6342688
v -0.027295161 0.07875 0.637589335
v -0.0179875828 0.07875 0.6374523
v -0.0272977948 0.07875 0.6412656
v -0.0575750619 0.07875 0.625444
v -0.05381701 0.07875 0.625023842
v -0.05764384 0.07875 0.6174702
v -0.06082726 0.07875 0.628637433
v -0.0609643124 0.07875 0.6193298
v -0.0605003126 0.07875 0.6040579
v -0.0580315143 0.07875 0.597572148
v -0.0649286658 0.07875 0.603831
v -0.0605675355 0.07875 0.594767
v -0.04881901 0.07875 0.5890499
v -0.0427048467 0.07875 0.585660636
v -0.0520124361 0.07875 0.5857977
v -0.0427022055 0.07875 0.581984341
v -0.0427048467 0.07875 0.585660636
v -0.04881901 0.07875 0.5890499
v -0.0408452153 0.07875 0.588981152
v -0.0483988859 0.07875 0.592808
v -0.009499693 0.07875 0.619192
v -0.015779797 0.07875 0.62493825
v -0.00507133873 0.07875 0.619419
v -0.011968513 0.07875 0.6256779
v -0.0291547943 0.07875 0.6342688
v -0.0216866769 0.08575 0.6308452
v -0.029441759 0.08575 0.6340463
v -0.0216011163 0.07875 0.630441964
v -0.05764384 0.07875 0.6174702
v -0.0542201959 0.08575 0.62493825
v -0.05742133 0.08575 0.6171832
v -0.05381701 0.07875 0.625023842
v -0.0542202145 0.07875 0.5983117
v -0.0576438569 0.08575 0.605779767
v -0.05381701 0.08575 0.59822613
v -0.05742133 0.07875 0.6060667
v -0.0408452153 0.07875 0.588981152
v -0.0483133234 0.08575 0.5924048
v -0.04055824 0.08575 0.589203656
v -0.0483988859 0.07875 0.592808
v -0.0216866769 0.07875 0.5924048
v -0.0291547831 0.08575 0.588981152
v -0.0216011163 0.08575 0.592808
v -0.029441759 0.07875 0.589203656
v -0.0123561481 0.07875 0.605779767
v -0.01577979 0.08575 0.5983117
v -0.0125786709 0.08575 0.6060667
v -0.01618299 0.07875 0.59822613
v -0.015779797 0.07875 0.62493825
v -0.0123561509 0.08575 0.6174702
v -0.01618299 0.08575 0.625023842
v -0.0125786709 0.07875 0.6171832
v -0.0165103581 0.0777 0.600949943
v -0.013650002 0.0777 0.611624956
v -0.0171500016 0.0777 0.611624956
v -0.0165103581 0.0777 0.622299969
v -0.0199836269 0.0777 0.601974547
v -0.0199836269 0.0777 0.621275365
v -0.024325 0.0777 0.5931353
v -0.024325 0.0777 0.6301146
v -0.0275848415 0.0777 0.595388055
v -0.0275848415 0.0777 0.627862
v -0.035 0.0777 0.590275
v -0.035 0.0777 0.632975
v -0.03754032 0.0777 0.593956649
v -0.03754032 0.0777 0.6292933
v -0.045675 0.0777 0.5931353
v -0.045675 0.0777 0.6301146
v -0.0466892645 0.0777 0.5981348
v -0.0466892645 0.0777 0.6251151
v -0.05348964 0.0777 0.600949943
v -0.05348964 0.0777 0.622299969
v -0.0521269478 0.0777 0.606596053
v -0.0521269478 0.0777 0.61665386
v -0.05635 0.0777 0.611624956
v -0.0171087384 0.0777 0.3465927
v -0.0212023985 0.0777 0.336327255
v -0.0177265946 0.0777 0.33591643
v -0.0196148939 0.0777 0.325390279
v -0.013779752 0.0777 0.345167518
v -0.01604537 0.0777 0.326000065
v -0.008430809 0.0777 0.353436
v -0.0127715915 0.0777 0.316712379
v -0.005457936 0.0777 0.35081622
v -0.009269856 0.0777 0.318566859
v 0.00250615366 0.0777 0.355023474
v -0.002506157 0.0777 0.3126187
v 0.00459673628 0.0777 0.351069063
v 0.00044877766 0.0777 0.315976739
v 0.0127715888 0.0777 0.350929826
v 0.008430806 0.0777 0.3142062
v 0.0131919766 0.0777 0.345845819
v 0.010024921 0.0777 0.3190521
v 0.01961489 0.0777 0.3422519
v 0.0171087366 0.0777 0.3210495
v 0.01759886 0.0777 0.336804837
v 0.0164182223 0.0777 0.3268165
v 0.0212023966 0.0777 0.331314951
v 0.00682475 0.0857502744 0.362612933
v 0.00691154739 0.0736804 0.3606093
v 0.00670093624 0.0737215 0.363164216
v 0.004871541 0.08575032 0.3583144
v 0.00691154739 0.0736804 0.3606093
v 0.004871541 0.08575032 0.3583144
v 0.0053929775 0.0737215057 0.358532071
v 0.00691154739 0.0736804 0.3606093
v 0.004871541 0.08575032 0.3583144
v 0.002905779 0.07378688 0.357936472
v 0.00029915027 0.0857502744 0.3594915
v 0.002905779 0.07378688 0.357936472
v 0.0006040612 0.0737215 0.359015763
v 0.00029915027 0.0857502744 0.3594915
v -0.000467676145 0.0736804 0.361344576
v 0.000161088028 0.08575 0.3632024
v 0.0002807086 0.07378686 0.363803
v 0.00293072173 0.08575032 0.3652829
v 0.00236626342 0.0737215057 0.3652567
v 0.00293072173 0.08575032 0.3652829
v 0.004907207 0.07378686 0.364965677
v 0.00682475 0.0857502744 0.362612933
v 0.004907207 0.07378686 0.364965677
v 0.00670093624 0.0737215 0.363164216
v 0.00029915027 0.0857502744 0.3594915
v 0.000161088028 0.08575 0.3632024
v -0.000467676145 0.0736804 0.361344576
v 0.000161088028 0.08575 0.3632024
v 0.00293072173 0.08575032 0.3652829
v 0.0002807086 0.07378686 0.363803
v -0.0307580642 0.0857502446 0.339311242
v -0.0273955781 0.08575 0.340583652
v -0.0286563579 0.07378965 0.340714872
v -0.0273955781 0.08575 0.340583652
v -0.0261148177 0.07368261 0.340465248
v -0.0286563579 0.07378965 0.340714872
v -0.02442242 0.08575021 0.338562369
v -0.0243715681 0.073724 0.3385842
v -0.02442242 0.08575021 0.338562369
v -0.0242577158 0.0737896562 0.3360404
v -0.0250017121 0.08575 0.335014164
v -0.0257560425 0.0737239942 0.333981574
v -0.0282388125 0.08575018 0.33345
v -0.0282477 0.0736826062 0.3333744
v -0.0282388125 0.08575018 0.33345
v -0.03052919 0.073724 0.334545732
v -0.03102198 0.08575 0.335725754
v -0.0315062068 0.07378965 0.3368972
v -0.0307580642 0.0857502446 0.339311242
v -0.0308024082 0.0737239942 0.339344352
v -0.0307580642 0.0857502446 0.339311242
v -0.0286563579 0.07378965 0.340714872
v -0.0273955781 0.08575 0.340583652
v -0.02442242 0.08575021 0.338562369
v -0.0261148177 0.07368261 0.340465248
v -0.02442242 0.08575021 0.338562369
v -0.0250017121 0.08575 0.335014164
v -0.0242577158 0.0737896562 0.3360404
v -0.0250017121 0.08575 0.335014164
v -0.0282388125 0.08575018 0.33345
v -0.0257560425 0.0737239942 0.333981574
v -0.0282388125 0.08575018 0.33345
v -0.03102198 0.08575 0.335725754
v -0.03052919 0.073724 0.334545732
v -0.03102198 0.08575 0.335725754
v -0.0307580642 0.0857502446 0.339311242
v -0.0315062068 0.07378965 0.3368972
v -0.00621346571 0.08575 0.3040952
v -0.00649752049 0.0857502744 0.30779776
v -0.007027854 0.0737215057 0.305865377
v -0.00649752049 0.0857502744 0.30779776
v -0.006248576 0.0737215057 0.308305025
v -0.007027854 0.0737215057 0.305865377
v -0.00649752049 0.0857502744 0.30779776
v -0.00408341829 0.0737215057 0.309673
v -0.002088288 0.08575032 0.3094863
v -0.001545518 0.0737215057 0.3093292
v -0.002088288 0.08575032 0.3094863
v 0.000177652168 0.0737215057 0.3074345
v 0.000340213766 0.08575024 0.305437267
v 0.0002982454 0.0736804 0.304864228
v 0.000340213766 0.08575024 0.305437267
v -0.00129788544 0.07378686 0.302882046
v -0.00322560919 0.0857503861 0.302342534
v -0.003789371 0.0737215057 0.3023045
v -0.00129788544 0.07378686 0.302882046
v -0.00322560919 0.0857503861 0.302342534
v -0.006026441 0.07378686 0.303512037
v -0.00621346571 0.08575 0.3040952
v -0.007027854 0.0737215057 0.305865377
v -0.00322560919 0.0857503861 0.302342534
v -0.00621346571 0.08575 0.3040952
v -0.006026441 0.07378686 0.303512037
v 0.0308747962 0.08575 0.328571081
v 0.0273955781 0.08575 0.327058524
v 0.0299306661 0.07377903 0.3274757
v 0.0273955781 0.08575 0.327058524
v 0.0274902843 0.07364669 0.326752663
v 0.0299306661 0.07377903 0.3274757
v 0.0273955781 0.08575 0.327058524
v 0.0245719869 0.08575 0.3288587
v 0.0274902843 0.07364669 0.326752663
v 0.0245719869 0.08575 0.3288587
v 0.025148645 0.07371451 0.3278768
v 0.0274902843 0.07364669 0.326752663
v 0.0245719869 0.08575 0.3288587
v 0.0240954142 0.07377902 0.330223978
v 0.025148645 0.07371451 0.3278768
v 0.0255945679 0.08575 0.333428681
v 0.0268338155 0.07371451 0.3341648
v 0.0247277413 0.07371451 0.332690269
v 0.0255945679 0.08575 0.333428681
v 0.0302726924 0.08575 0.333215177
v 0.0268338155 0.07371451 0.3341648
v 0.0302726924 0.08575 0.333215177
v 0.0293949861 0.07371451 0.333940625
v 0.0268338155 0.07371451 0.3341648
v 0.0302726924 0.08575 0.333215177
v 0.0311874952 0.07377902 0.3320952
v 0.0293949861 0.07371451 0.333940625
v 0.0308747962 0.08575 0.328571081
v 0.0299306661 0.07377903 0.3274757
v 0.0314368121 0.07371452 0.3295614
v -0.0376811549 0.08575 0.5813752
v -0.0384988822 0.0857502744 0.5847413
v -0.0382101834 0.0737215057 0.5816981
v -0.0384988822 0.0857502744 0.5847413
v -0.0387192555 0.0736804 0.584210634
v -0.0382101834 0.0737215057 0.5816981
v -0.0384988822 0.0857502744 0.5847413
v -0.0374549963 0.0737215 0.5864518
v -0.03450815 0.08575032 0.5872646
v -0.0374549963 0.0737215 0.5864518
v -0.03450815 0.08575032 0.5872646
v -0.0350549258 0.07378686 0.5873353
v -0.03450815 0.08575032 0.5872646
v -0.0326424241 0.0737215 0.5865336
v -0.0313303024 0.0857502744 0.5837727
v -0.0326424241 0.0737215 0.5865336
v -0.031304732 0.0736804 0.5843467
v -0.0313303024 0.0857502744 0.5837727
v -0.0317593664 0.07378688 0.581817448
v -0.031304732 0.0736804 0.5843467
v -0.03421728 0.08575032 0.5800367
v -0.0376811549 0.08575 0.5813752
v -0.0362173878 0.0737868547 0.5801197
v -0.0376811549 0.08575 0.5813752
v -0.0382101834 0.0737215057 0.5816981
v -0.0362173878 0.0737868547 0.5801197
v -0.03421728 0.08575032 0.5800367
v -0.0336598679 0.07372149 0.580128968
v -0.03421728 0.08575032 0.5800367
v -0.0317593664 0.07378688 0.581817448
v -0.0313303024 0.0857502744 0.5837727
v -0.00574026676 0.08575018 0.6081637
v -0.008285841 0.07368259 0.608092248
v -0.00573252467 0.0737896338 0.6081427
v -0.0101898713 0.08575021 0.609783351
v -0.008285841 0.07368259 0.608092248
v -0.0102378037 0.073724 0.6097556
v -0.008285841 0.07368259 0.608092248
v -0.0101898713 0.08575021 0.609783351
v -0.010649479 0.07378965 0.612268448
v -0.009367613 0.08575018 0.61444664
v -0.009403177 0.073724 0.614489
v -0.009367613 0.08575018 0.61444664
v -0.00700000627 0.07368261 0.615384459
v -0.004632397 0.08575021 0.61444664
v -0.00459681265 0.073724 0.614489
v -0.004632397 0.08575021 0.61444664
v -0.0033505233 0.07378965 0.6122685
v -0.003553173 0.08575 0.6110172
v -0.003762196 0.0737239942 0.6097556
v -0.00574026676 0.08575018 0.6081637
v -0.00573252467 0.0737896338 0.6081427
v -0.004632397 0.08575021 0.61444664
v -0.003553173 0.08575 0.6110172
v -0.0033505233 0.07378965 0.6122685
v -0.003553173 0.08575 0.6110172
v -0.00574026676 0.08575018 0.6081637
v -0.003762196 0.0737239942 0.6097556
v -0.03303724 0.08575032 0.6427292
v -0.0316021368 0.0857502744 0.6382311
v -0.0313023031 0.0737215057 0.640212357
v -0.0316021368 0.0857502744 0.6382311
v -0.0317898169 0.0737215 0.637698054
v -0.0313023031 0.0737215057 0.640212357
v -0.0316021368 0.0857502744 0.6382311
v -0.0337793864 0.0737215 0.636085451
v -0.035782747 0.08575032 0.636036754
v -0.03634015 0.07372149 0.636129
v -0.035782747 0.08575032 0.636036754
v -0.03827379 0.07372151 0.637808263
v -0.0382889248 0.08575 0.6384279
v -0.03869527 0.0736804 0.6403467
v -0.03771622 0.08575032 0.642096937
v -0.0373428278 0.07378688 0.6425025
v -0.03771622 0.08575032 0.642096937
v -0.0349363945 0.0737215057 0.643368542
v -0.03303724 0.08575032 0.6427292
v -0.0325730331 0.07378686 0.6424319
v -0.03771622 0.08575032 0.642096937
v -0.0349363945 0.0737215057 0.643368542
v -0.03303724 0.08575032 0.6427292
v -0.0313023031 0.0737215057 0.640212357
v -0.035782747 0.08575032 0.636036754
v -0.0382889248 0.08575 0.6384279
v -0.03827379 0.07372151 0.637808263
v -0.0382889248 0.08575 0.6384279
v -0.03771622 0.08575032 0.642096937
v -0.03869527 0.0736804 0.6403467
v -0.0620038249 0.08575 0.6151289
v -0.0606725663 0.07371452 0.614576161
v -0.06312997 0.07364669 0.6154177
v -0.0593764 0.08575 0.611252367
v -0.05935107 0.07377902 0.6123688
v -0.0620038249 0.08575 0.6151289
v -0.0593764 0.08575 0.611252367
v -0.0606725663 0.07371452 0.614576161
v -0.0593764 0.08575 0.611252367
v -0.05968953 0.07371452 0.6098454
v -0.05935107 0.07377902 0.6123688
v -0.06273776 0.08575 0.6079917
v -0.05968953 0.07371452 0.6098454
v -0.06273776 0.08575 0.6079917
v -0.0616079569 0.0737145 0.6081338
v -0.05968953 0.07371452 0.6098454
v -0.06273776 0.08575 0.6079917
v -0.06417774 0.0737145 0.6080558
v -0.0616079569 0.0737145 0.6081338
v -0.06603108 0.08575 0.609874964
v -0.06617446 0.0737790242 0.609678
v -0.06627762 0.08575 0.6132145
v -0.0667195 0.07371451 0.6121651
v -0.06273776 0.08575 0.6079917
v -0.06603108 0.08575 0.609874964
v -0.06417774 0.0737145 0.6080558
v -0.06603108 0.08575 0.609874964
v -0.06627762 0.08575 0.6132145
v -0.06617446 0.0737790242 0.609678
v -0.06627762 0.08575 0.6132145
v -0.0654686 0.07377902 0.614413142
v -0.0667195 0.07371451 0.6121651
v 0.0245719869 0.08575 0.3288587
v 0.0255945679 0.08575 0.333428681
v 0.0240954142 0.07377902 0.330223978
v 0.0247277413 0.07371451 0.332690269
v 0.0302726924 0.08575 0.333215177
v 0.0308747962 0.08575 0.328571081
v 0.0311874952 0.07377902 0.3320952
v 0.0314368121 0.07371452 0.3295614
v -0.06627762 0.08575 0.6132145
v -0.0620038249 0.08575 0.6151289
v -0.0654686 0.07377902 0.614413142
v -0.06312997 0.07364669 0.6154177
v -0.0120362267 0.0742 0.340622544
v -0.01461349 0.07429435 0.34301278
v -0.01740789 0.0743913651 0.33319962
v -0.005783995 0.0742 0.346471637
v -0.0009845933 0.07478318 0.346774966
v -0.00263609877 0.0742 0.350590169
v -0.0119321905 0.0742 0.321747422
v -0.008955984 0.0742 0.323289216
v -0.01270145 0.0742 0.3283618
v -0.0162434466 0.074351266 0.327943265
v -0.0138046984 0.0742 0.33457008
v -0.0119321905 0.0742 0.321747422
v -0.0119321905 0.0742 0.321747422
v -0.00203192 0.07418716 0.316631079
v -0.008955984 0.0742 0.323289216
v -0.00203192 0.07418716 0.316631079
v -0.00334745413 0.0742 0.32040748
v -0.008955984 0.0742 0.323289216
v -0.00203192 0.07418716 0.316631079
v 0.006253705 0.0742 0.321491361
v 0.000127878928 0.0742 0.319996685
v -0.00203192 0.07418716 0.316631079
v 0.008788442 0.0742 0.3192982
v 0.006253705 0.0742 0.321491361
v 0.01678327 0.0743913651 0.329158157
v 0.0163537487 0.07429435 0.339352429
v 0.0132902609 0.0742 0.337628931
v 0.004132951 0.07498739 0.346410871
v 0.0090287365 0.0742 0.3444028
v 0.00647308026 0.0742 0.349513471
v 0.00401600869 0.06999999 0.3466635
v 0.008574011 0.06999999 0.344774485
v 0.004132951 0.07498739 0.346410871
v 0.008574011 0.06999999 0.344774485
v 0.0090287365 0.0742 0.3444028
v 0.004132951 0.07498739 0.346410871
v -0.0009845933 0.07478318 0.346774966
v -0.005783995 0.0742 0.346471637
v -0.0009301132 0.06999999 0.3474159
v -0.005783995 0.0742 0.346471637
v -0.006312869 0.06999999 0.3462162
v -0.0009301132 0.06999999 0.3474159
v 0.0119083449 0.06999999 0.340844065
v 0.0116109569 0.06999999 0.338969439
v 0.0119083449 0.0742 0.340844065
v 0.0116109569 0.06999999 0.338969439
v 0.0117253941 0.0742 0.3387032
v 0.0119083449 0.0742 0.340844065
v 0.0116109569 0.06999999 0.338969439
v 0.0132902609 0.06999999 0.337628931
v 0.0117253941 0.0742 0.3387032
v 0.0132902609 0.06999999 0.337628931
v 0.0132902609 0.0742 0.337628931
v 0.0117253941 0.0742 0.3387032
v 0.00722173648 0.07012248 0.3400751
v 0.008574011 0.06999999 0.344774485
v 0.00333924964 0.0701990649 0.342552751
v 0.008574011 0.06999999 0.344774485
v 0.00401600869 0.06999999 0.3466635
v 0.00333924964 0.0701990649 0.342552751
v 0.009244899 0.07012816 0.336233467
v 0.0135988872 0.06999999 0.331330925
v 0.0132902609 0.06999999 0.337628931
v 0.009244899 0.07012816 0.336233467
v 0.008317801 0.06999999 0.3289781
v 0.0135988872 0.06999999 0.331330925
v -0.00921770651 0.06999999 0.331050783
v -0.0084277 0.07012816 0.3383224
v -0.0138046984 0.06999999 0.33457008
v -0.0084277 0.07012816 0.3383224
v -0.0120362267 0.06999999 0.340622544
v -0.0138046984 0.06999999 0.33457008
v -0.009942813 0.06999999 0.343426883
v -0.005604922 0.0701267347 0.341552526
v -0.006312869 0.06999999 0.3462162
v -0.005604922 0.0701267347 0.341552526
v -0.01026403 0.06999999 0.341302335
v -0.0084277 0.07012816 0.3383224
v -0.0120362267 0.06999999 0.340622544
v -0.005604922 0.0701267347 0.341552526
v -0.00121146091 0.07020314 0.34308663
v -0.006312869 0.06999999 0.3462162
v -0.00121146091 0.07020314 0.34308663
v -0.0009301132 0.06999999 0.3474159
v -0.006312869 0.06999999 0.3462162
v 0.00333924964 0.0701990649 0.342552751
v 0.00401600869 0.06999999 0.3466635
v 0.004132951 0.07498739 0.346410871
v 0.004132951 0.07498739 0.346410871
v 0.00572171248 0.07870076 0.3483858
v 0.00333924964 0.0701990649 0.342552751
v 0.00572171248 0.07870076 0.3483858
v 0.00722173648 0.07012248 0.3400751
v 0.00333924964 0.0701990649 0.342552751
v 0.00572171248 0.07870076 0.3483858
v 0.008247192 0.0804139 0.348610133
v 0.00722173648 0.07012248 0.3400751
v 0.008247192 0.0804139 0.348610133
v 0.0146724787 0.08055394 0.343278617
v 0.00722173648 0.07012248 0.3400751
v 0.0146724787 0.08055394 0.343278617
v 0.009244899 0.07012816 0.336233467
v 0.00722173648 0.07012248 0.3400751
v 0.004132951 0.07498739 0.346410871
v 0.00647308026 0.0742 0.349513471
v 0.00572171248 0.07870076 0.3483858
v 0.00647308026 0.0742 0.349513471
v 0.006904702 0.0777 0.350091666
v 0.00572171248 0.07870076 0.3483858
v 0.006904702 0.0777 0.350091666
v 0.00647308026 0.0742 0.349513471
v 0.00750611164 0.07749491 0.350897282
v 0.0109114461 0.07667462 0.3488863
v 0.00647308026 0.0742 0.349513471
v 0.0125546176 0.0742 0.345246166
v 0.0109114461 0.07667462 0.3488863
v 0.00750611164 0.07749491 0.350897282
v 0.00647308026 0.0742 0.349513471
v 0.0163537487 0.07429435 0.339352429
v 0.01678327 0.0743913651 0.329158157
v 0.0176464189 0.0752888843 0.334825844
v 0.008788442 0.0742 0.3192982
v -0.00203192 0.07418716 0.316631079
v 0.00475872448 0.0775218 0.3157435
v -0.00203192 0.07418716 0.316631079
v -0.00219420763 0.07752269 0.315258
v 0.00475872448 0.0775218 0.3157435
v -0.00203192 0.07418716 0.316631079
v -0.00884232 0.0775218 0.317351162
v -0.00203192 0.07418716 0.316631079
v -0.0119321905 0.0742 0.321747422
v -0.00884232 0.0775218 0.317351162
v -0.01740789 0.0743913651 0.33319962
v -0.01461349 0.07429435 0.34301278
v -0.01692586 0.0752888843 0.338912368
v -0.009544937 0.0742 0.347858369
v -0.00263609877 0.0742 0.350590169
v -0.00723944046 0.07748366 0.351093143
v -0.00263609877 0.0742 0.350590169
v -0.00317855575 0.0775831044 0.351859778
v -0.00723944046 0.07748366 0.351093143
v -0.0141637949 0.0777 0.3443943
v -0.0120631643 0.08055395 0.346438736
v -0.0121752694 0.0882 0.346633941
v -0.004829211 0.0846999958 0.316818625
v 0.000646532862 0.0846981853 0.316032171
v -0.00567886326 0.0777 0.31708324
v 0.000646532862 0.0846981853 0.316032171
v 0.00162000663 0.0777 0.3162205
v -0.00567886326 0.0777 0.31708324
v 0.000646532862 0.0846981853 0.316032171
v 0.001050998 0.08790146 0.316166729
v 0.00162000663 0.0777 0.3162205
v 0.0141637893 0.0777 0.3232479
v 0.01678327 0.0743913651 0.329158157
v 0.0144682275 0.074353084 0.32439208
v 0.0163537487 0.07429435 0.339352429
v 0.0176464189 0.0752888843 0.334825844
v 0.0162385553 0.0777 0.3408007
v 0.0123595977 0.07769908 0.34665367
v 0.0162385553 0.0777 0.3408007
v 0.0146724787 0.08055394 0.343278617
v 0.0162385553 0.0777 0.3408007
v 0.0148269907 0.0882 0.3434422
v 0.0146724787 0.08055394 0.343278617
v 0.0146724787 0.08055394 0.343278617
v 0.01242722 0.08050175 0.346429646
v 0.0123595977 0.07769908 0.34665367
v 0.01242722 0.08050175 0.346429646
v 0.007824961 0.0800783 0.349716663
v 0.0123595977 0.07769908 0.34665367
v 0.007824961 0.0800783 0.349716663
v 0.006904702 0.0777 0.350091666
v 0.0123595977 0.07769908 0.34665367
v -0.0141637949 0.0777 0.3443943
v -0.008876658 0.07769835 0.349291921
v -0.0120631643 0.08055395 0.346438736
v -0.008876658 0.07769835 0.349291921
v -0.00914514 0.08050175 0.3489795
v -0.0120631643 0.08055395 0.346438736
v -0.008876658 0.07769835 0.349291921
v -0.003903007 0.08007841 0.351103067
v -0.00914514 0.08050175 0.3489795
v -0.008876658 0.07769835 0.349291921
v -0.00317855575 0.0775831044 0.351859778
v -0.003903007 0.08007841 0.351103067
v -0.0141637949 0.0777 0.3443943
v -0.01692586 0.0752888843 0.338912368
v -0.01461349 0.07429435 0.34301278
v -0.01740789 0.0743913651 0.33319962
v -0.016238559 0.0777 0.326841474
v -0.0162434466 0.074351266 0.327943265
v 0.0141637893 0.0777 0.3232479
v 0.0108480584 0.0774163753 0.3186005
v 0.008638757 0.0777 0.318401068
v 0.0108480584 0.0774163753 0.3186005
v 0.00475872448 0.0775218 0.3157435
v 0.008638757 0.0777 0.318401068
v 0.00475872448 0.0775218 0.3157435
v 0.00162000663 0.0777 0.3162205
v 0.008638757 0.0777 0.318401068
v 0.00475872448 0.0775218 0.3157435
v -0.00219420763 0.07752269 0.315258
v 0.00162000663 0.0777 0.3162205
v -0.00219420763 0.07752269 0.315258
v -0.00567886326 0.0777 0.31708324
v 0.00162000663 0.0777 0.3162205
v -0.00219420763 0.07752269 0.315258
v -0.00884232 0.0775218 0.317351162
v -0.00567886326 0.0777 0.31708324
v -0.00884232 0.0775218 0.317351162
v -0.0119958026 0.0777 0.3208401
v -0.00567886326 0.0777 0.31708324
v -0.00884232 0.0775218 0.317351162
v -0.0140309371 0.07750289 0.32151562
v -0.0119958026 0.0777 0.3208401
v -0.0140309371 0.07750289 0.32151562
v -0.016238559 0.0777 0.326841474
v -0.0119958026 0.0777 0.3208401
v 0.00750611164 0.07749491 0.350897282
v 0.0135532 0.0776470751 0.346838742
v 0.006904702 0.0777 0.350091666
v -0.0141637949 0.0777 0.3443943
v -0.0107101789 0.07755989 0.349134356
v -0.008876658 0.07769835 0.349291921
v 0.0141637893 0.0777 0.3232479
v 0.0144682275 0.074353084 0.32439208
v 0.0108480584 0.0774163753 0.3186005
v 0.0135532 0.0776470751 0.346838742
v 0.00750611164 0.07749491 0.350897282
v 0.0109114461 0.07667462 0.3488863
v -0.0140309371 0.07750289 0.32151562
v -0.0162434466 0.074351266 0.327943265
v -0.016238559 0.0777 0.326841474
v 0.0135532 0.0776470751 0.346838742
v 0.0163537487 0.07429435 0.339352429
v 0.0162385553 0.0777 0.3408007
v -0.0141637949 0.0777 0.3443943
v -0.01461349 0.07429435 0.34301278
v -0.0107101789 0.07755989 0.349134356
v -0.00263609877 0.0742 0.350590169
v -0.0009845933 0.07478318 0.346774966
v -0.00216481369 0.07869898 0.349312067
v -0.00263609877 0.0742 0.350590169
v -0.00216481369 0.07869898 0.349312067
v -0.00317855575 0.0775831044 0.351859778
v -0.0009845933 0.07478318 0.346774966
v -0.0009301132 0.06999999 0.3474159
v -0.00121146091 0.07020314 0.34308663
v -0.00216481369 0.07869898 0.349312067
v -0.0009845933 0.07478318 0.346774966
v -0.00121146091 0.07020314 0.34308663
v -0.00216481369 0.07869898 0.349312067
v -0.00121146091 0.07020314 0.34308663
v -0.004570837 0.08041408 0.350120783
v -0.00121146091 0.07020314 0.34308663
v -0.005604922 0.0701267347 0.341552526
v -0.004570837 0.08041408 0.350120783
v -0.005604922 0.0701267347 0.341552526
v -0.0120631643 0.08055395 0.346438736
v -0.004570837 0.08041408 0.350120783
v -0.005604922 0.0701267347 0.341552526
v -0.0084277 0.07012816 0.3383224
v -0.0120631643 0.08055395 0.346438736
v 0.009221378 0.0819 0.336579144
v 0.008681312 0.08190197 0.330836266
v 0.009244899 0.07012816 0.336233467
v 0.008681312 0.08190197 0.330836266
v 0.008317801 0.06999999 0.3289781
v 0.009244899 0.07012816 0.336233467
v 0.008681312 0.08190197 0.330836266
v 0.00570713542 0.0819020346 0.3266317
v 0.008317801 0.06999999 0.3289781
v 0.000937393459 0.081902124 0.3246908
v 0.00429832377 0.06999999 0.3252092
v -0.00412579626 0.08190218 0.3256236
v -0.00112982676 0.06999999 0.324262649
v -0.007812738 0.0819022954 0.3290491
v -0.00618769927 0.06999999 0.326448649
v 0.00570713542 0.0819020346 0.3266317
v 0.00429832377 0.06999999 0.3252092
v 0.008317801 0.06999999 0.3289781
v 0.000937393459 0.081902124 0.3246908
v -0.00112982676 0.06999999 0.324262649
v -0.00412579626 0.08190218 0.3256236
v -0.00618769927 0.06999999 0.326448649
v -0.007812738 0.0819022954 0.3290491
v -0.00921770651 0.06999999 0.331050783
v -0.009289836 0.08190158 0.3336756
v -0.009289836 0.08190158 0.3336756
v -0.0084277 0.07012816 0.3383224
v -0.00921770651 0.06999999 0.331050783
v -0.009289836 0.08190158 0.3336756
v -0.008148402 0.0819012 0.33839637
v -0.0084277 0.07012816 0.3383224
v 0.007824961 0.0800783 0.349716663
v 0.01242722 0.08050175 0.346429646
v 0.008247192 0.0804139 0.348610133
v 0.01242722 0.08050175 0.346429646
v 0.0146724787 0.08055394 0.343278617
v 0.008247192 0.0804139 0.348610133
v -0.003903007 0.08007841 0.351103067
v -0.004570837 0.08041408 0.350120783
v -0.00914514 0.08050175 0.3489795
v -0.004570837 0.08041408 0.350120783
v -0.0120631643 0.08055395 0.346438736
v -0.00914514 0.08050175 0.3489795
v 0.006904702 0.0777 0.350091666
v 0.007824961 0.0800783 0.349716663
v 0.00572171248 0.07870076 0.3483858
v 0.007824961 0.0800783 0.349716663
v 0.008247192 0.0804139 0.348610133
v 0.00572171248 0.07870076 0.3483858
v -0.00317855575 0.0775831044 0.351859778
v -0.00216481369 0.07869898 0.349312067
v -0.003903007 0.08007841 0.351103067
v -0.00216481369 0.07869898 0.349312067
v -0.004570837 0.08041408 0.350120783
v -0.003903007 0.08007841 0.351103067
v 0.00603956031 0.0819 0.340720415
v 0.009221378 0.0819 0.336579144
v 0.0061925957 0.0882 0.3411894
v 0.009221378 0.0819 0.336579144
v 0.009221378 0.0882 0.336579144
v 0.0061925957 0.0882 0.3411894
v -0.005029712 0.087814495 0.316862136
v -0.0117860651 0.0882 0.3206494
v -0.004276357 0.08803262 0.324736744
v 0.009221378 0.0882 0.336579144
v 0.004605811 0.08775522 0.334937751
v 0.00285675167 0.08795692 0.3375871
v 0.009221378 0.0882 0.336579144
v 0.00426013162 0.08796227 0.331769258
v 0.004605811 0.08775522 0.334937751
v -0.00398607 0.08795903 0.3312793
v -0.0013759 0.08789791 0.329286128
v -0.004276357 0.08803262 0.324736744
v -0.0078653805 0.0832999945 0.329987258
v -0.00467973761 0.0878541544 0.334374279
v -0.008689509 0.0832999945 0.334848225
v -0.00467973761 0.0878541544 0.334374279
v -0.00675478345 0.0832999945 0.339383066
v -0.008689509 0.0832999945 0.334848225
v -0.00467973761 0.0878541544 0.334374279
v -0.00328888767 0.08790153 0.3372341
v -0.00675478345 0.0832999945 0.339383066
v -0.00328888767 0.08790153 0.3372341
v -0.00267545925 0.0832999945 0.342152029
v -0.00675478345 0.0832999945 0.339383066
v -0.00328888767 0.08790153 0.3372341
v -0.0002806934 0.08789791 0.3385519
v -0.00267545925 0.0832999945 0.342152029
v -0.0002806934 0.08789791 0.3385519
v 0.00225330051 0.0832999945 0.342276
v -0.00267545925 0.0832999945 0.342152029
v -0.0002806934 0.08789791 0.3385519
v 0.00285675167 0.08795692 0.3375871
v 0.00225330051 0.0832999945 0.342276
v 0.00285675167 0.08795692 0.3375871
v 0.006466655 0.0832999945 0.3397156
v 0.00225330051 0.0832999945 0.342276
v 0.00285675167 0.08795692 0.3375871
v 0.004605811 0.08775522 0.334937751
v 0.006466655 0.0832999945 0.3397156
v 0.004605811 0.08775522 0.334937751
v 0.008787654 0.08220029 0.335308582
v 0.006466655 0.0832999945 0.3397156
v 0.004605811 0.08775522 0.334937751
v 0.008048149 0.0832999945 0.330387473
v 0.008787654 0.08220029 0.335308582
v 0.004605811 0.08775522 0.334937751
v 0.00426013162 0.08796227 0.331769258
v 0.008048149 0.0832999945 0.330387473
v 0.00426013162 0.08796227 0.331769258
v 0.004914177 0.0832999945 0.3265814
v 0.008048149 0.0832999945 0.330387473
v 0.00426013162 0.08796227 0.331769258
v 0.00190252264 0.08789911 0.3294804
v 0.004914177 0.0832999945 0.3265814
v 0.00190252264 0.08789911 0.3294804
v 0.00021998561 0.0832999945 0.325073868
v 0.004914177 0.0832999945 0.3265814
v 0.00190252264 0.08789911 0.3294804
v -0.0013759 0.08789791 0.329286128
v 0.00021998561 0.0832999945 0.325073868
v -0.0013759 0.08789791 0.329286128
v -0.004544048 0.0832999945 0.326343536
v 0.00021998561 0.0832999945 0.325073868
v -0.0013759 0.08789791 0.329286128
v -0.00398607 0.08795903 0.3312793
v -0.004544048 0.0832999945 0.326343536
v -0.00398607 0.08795903 0.3312793
v -0.0078653805 0.0832999945 0.329987258
v -0.004544048 0.0832999945 0.326343536
v -0.00398607 0.08795903 0.3312793
v -0.00467973761 0.0878541544 0.334374279
v -0.0078653805 0.0832999945 0.329987258
v -0.008148402 0.0819012 0.33839637
v -0.009289836 0.08190158 0.3336756
v -0.00675478345 0.0832999945 0.339383066
v -0.009289836 0.08190158 0.3336756
v -0.008689509 0.0832999945 0.334848225
v -0.00675478345 0.0832999945 0.339383066
v -0.009289836 0.08190158 0.3336756
v -0.007812738 0.0819022954 0.3290491
v -0.008689509 0.0832999945 0.334848225
v -0.007812738 0.0819022954 0.3290491
v -0.0078653805 0.0832999945 0.329987258
v -0.008689509 0.0832999945 0.334848225
v -0.007812738 0.0819022954 0.3290491
v -0.004544048 0.0832999945 0.326343536
v -0.0078653805 0.0832999945 0.329987258
v -0.008148402 0.0819012 0.33839637
v -0.00675478345 0.0832999945 0.339383066
v -0.00391014665 0.0819 0.34211722
v -0.00675478345 0.0832999945 0.339383066
v -0.00267545925 0.0832999945 0.342152029
v -0.00391014665 0.0819 0.34211722
v -0.00267545925 0.0832999945 0.342152029
v 0.00127316907 0.0819 0.3429025
v -0.00391014665 0.0819 0.34211722
v -0.00267545925 0.0832999945 0.342152029
v 0.00225330051 0.0832999945 0.342276
v 0.00127316907 0.0819 0.3429025
v 0.00225330051 0.0832999945 0.342276
v 0.00603956031 0.0819 0.340720415
v 0.00127316907 0.0819 0.3429025
v 0.00225330051 0.0832999945 0.342276
v 0.006466655 0.0832999945 0.3397156
v 0.00603956031 0.0819 0.340720415
v 0.006466655 0.0832999945 0.3397156
v 0.008787654 0.08220029 0.335308582
v 0.00603956031 0.0819 0.340720415
v 0.008787654 0.08220029 0.335308582
v 0.008048149 0.0832999945 0.330387473
v 0.008681312 0.08190197 0.330836266
v 0.008048149 0.0832999945 0.330387473
v 0.00570713542 0.0819020346 0.3266317
v 0.008681312 0.08190197 0.330836266
v 0.008048149 0.0832999945 0.330387473
v 0.004914177 0.0832999945 0.3265814
v 0.00570713542 0.0819020346 0.3266317
v 0.004914177 0.0832999945 0.3265814
v 0.000937393459 0.081902124 0.3246908
v 0.00570713542 0.0819020346 0.3266317
v 0.004914177 0.0832999945 0.3265814
v 0.00021998561 0.0832999945 0.325073868
v 0.000937393459 0.081902124 0.3246908
v 0.00021998561 0.0832999945 0.325073868
v -0.00412579626 0.08190218 0.3256236
v 0.000937393459 0.081902124 0.3246908
v 0.00021998561 0.0832999945 0.325073868
v -0.004544048 0.0832999945 0.326343536
v -0.00412579626 0.08190218 0.3256236
v -0.004544048 0.0832999945 0.326343536
v -0.007812738 0.0819022954 0.3290491
v -0.00412579626 0.08190218 0.3256236
v 0.008681312 0.08190197 0.330836266
v 0.009221378 0.0819 0.336579144
v 0.008787654 0.08220029 0.335308582
v 0.009221378 0.0819 0.336579144
v 0.00603956031 0.0819 0.340720415
v 0.008787654 0.08220029 0.335308582
v -0.004276357 0.08803262 0.324736744
v -0.00392535236 0.0846999958 0.3244654
v -0.005029712 0.087814495 0.316862136
v -0.00392535236 0.0846999958 0.3244654
v -0.004829211 0.0846999958 0.316818625
v -0.005029712 0.087814495 0.316862136
v -0.009942813 0.0742 0.343426883
v -0.0100906771 0.0742 0.341534585
v -0.009942813 0.06999999 0.343426883
v -0.0100906771 0.0742 0.341534585
v -0.01026403 0.06999999 0.341302335
v -0.009942813 0.06999999 0.343426883
v -0.0100906771 0.0742 0.341534585
v -0.0120362267 0.0742 0.340622544
v -0.01026403 0.06999999 0.341302335
v -0.0120362267 0.0742 0.340622544
v -0.0120362267 0.06999999 0.340622544
v -0.01026403 0.06999999 0.341302335
v -0.00334745413 0.0742 0.32040748
v -0.00163474586 0.0742 0.321225584
v -0.00334745413 0.06999999 0.32040748
v -0.00163474586 0.0742 0.321225584
v -0.00134695193 0.06999999 0.321191579
v -0.00334745413 0.06999999 0.32040748
v -0.00163474586 0.0742 0.321225584
v 0.000127878928 0.0742 0.319996685
v -0.00134695193 0.06999999 0.321191579
v 0.000127878928 0.0742 0.319996685
v 0.000127878928 0.06999999 0.319996685
v -0.00134695193 0.06999999 0.321191579
v -0.0222486015 0.0742 0.606283367
v -0.0194085855 0.07429435 0.6042123
v -0.0177854113 0.07439135 0.6142855
v -0.0277709868 0.0742 0.5997409
v -0.03250164 0.07478319 0.598876357
v -0.0304137021 0.0742 0.595281243
v -0.0245675612 0.0742 0.625015855
v -0.0273422152 0.0742 0.6231354
v -0.0230272 0.0742 0.6185375
v -0.0195588376 0.07435126 0.6193689
v -0.0212028231 0.0742 0.6125016
v -0.0245675612 0.0742 0.625015855
v -0.0245675612 0.0742 0.625015855
v -0.035 0.07418716 0.6289347
v -0.0273422152 0.0742 0.6231354
v -0.035 0.07418716 0.6289347
v -0.03325024 0.0742 0.6253388
v -0.0273422152 0.0742 0.6231354
v -0.035 0.07418716 0.6289347
v -0.0426577851 0.0742 0.6231354
v -0.03674976 0.0742 0.6253388
v -0.035 0.07418716 0.6289347
v -0.0454324372 0.0742 0.625015855
v -0.0426577851 0.0742 0.6231354
v -0.05221459 0.07439135 0.6142855
v -0.0505914167 0.07429435 0.6042123
v -0.0477513969 0.0742 0.606283367
v -0.03748075 0.06999999 0.5984
v -0.04222901 0.06999999 0.5997409
v -0.0379484855 0.0742 0.598118067
v -0.04222901 0.06999999 0.5997409
v -0.042724207 0.0742 0.600056648
v -0.0379484855 0.0742 0.598118067
v -0.03250164 0.07478319 0.598876357
v -0.0277709868 0.0742 0.5997409
v -0.0324805081 0.06999999 0.598233461
v -0.0277709868 0.0742 0.5997409
v -0.0272757914 0.06999999 0.600056648
v -0.0324805081 0.06999999 0.598233461
v -0.04600164 0.06999999 0.6032527
v -0.0459263772 0.06999999 0.6051493
v -0.04600164 0.0742 0.6032527
v -0.0459263772 0.06999999 0.6051493
v -0.04607128 0.0742 0.6054003
v -0.04600164 0.0742 0.6032527
v -0.0459263772 0.06999999 0.6051493
v -0.0477513969 0.06999999 0.606283367
v -0.04607128 0.0742 0.6054003
v -0.0477513969 0.06999999 0.606283367
v -0.0477513969 0.0742 0.606283367
v -0.04607128 0.0742 0.6054003
v -0.0414376259 0.07012248 0.604566455
v -0.04222901 0.06999999 0.5997409
v -0.03729121 0.07019904 0.6025618
v -0.04222901 0.06999999 0.5997409
v -0.03748075 0.06999999 0.5984
v -0.03729121 0.07019904 0.6025618
v -0.0438978262 0.07012816 0.6081441
v -0.04879718 0.06999999 0.6125016
v -0.0477513969 0.06999999 0.606283367
v -0.0438978262 0.07012816 0.6081441
v -0.0438287929 0.06999999 0.615458131
v -0.04879718 0.06999999 0.6125016
v -0.03674976 0.06999999 0.6253388
v -0.04027951 0.06999999 0.6196728
v -0.0351448953 0.06999999 0.624325335
v -0.02617121 0.06999999 0.615458131
v -0.0261021741 0.07012816 0.6081441
v -0.0212028231 0.06999999 0.6125016
v -0.0261021741 0.07012816 0.6081441
v -0.0222486015 0.06999999 0.606283367
v -0.0212028231 0.06999999 0.6125016
v -0.0239983629 0.06999999 0.6032527
v -0.0285262726 0.07012675 0.6046049
v -0.0272757914 0.06999999 0.600056648
v -0.0285262726 0.07012675 0.6046049
v -0.02392872 0.06999999 0.6054003
v -0.0261021741 0.07012816 0.6081441
v -0.0222486015 0.06999999 0.606283367
v -0.0285262726 0.07012675 0.6046049
v -0.03270929 0.07020314 0.602565765
v -0.0272757914 0.06999999 0.600056648
v -0.03270929 0.07020314 0.602565765
v -0.0324805081 0.06999999 0.598233461
v -0.0272757914 0.06999999 0.600056648
v -0.03729121 0.07019904 0.6025618
v -0.03748075 0.06999999 0.5984
v -0.0372750759 0.07459388 0.59928447
v -0.0372750759 0.07459388 0.59928447
v -0.0390098542 0.0787341446 0.59647125
v -0.03729121 0.07019904 0.6025618
v -0.0390098542 0.0787341446 0.59647125
v -0.0414376259 0.07012248 0.604566455
v -0.03729121 0.07019904 0.6025618
v -0.0390098542 0.0787341446 0.59647125
v -0.0414541364 0.08041389 0.5959701
v -0.0414376259 0.07012248 0.604566455
v -0.0414541364 0.08041389 0.5959701
v -0.0484608822 0.08055395 0.6005106
v -0.0414376259 0.07012248 0.604566455
v -0.0484608822 0.08055395 0.6005106
v -0.0438978262 0.07012816 0.6081441
v -0.0414376259 0.07012248 0.604566455
v -0.0379484855 0.0742 0.598118067
v -0.0372750759 0.07459388 0.59928447
v -0.03748075 0.06999999 0.5984
v -0.0395863 0.0742 0.595281243
v -0.0390098542 0.0787341446 0.59647125
v -0.0399470665 0.0777 0.5946564
v -0.0404497646 0.07749491 0.593785763
v -0.0379484855 0.0742 0.598118067
v -0.0390098542 0.0787341446 0.59647125
v -0.0372750759 0.07459388 0.59928447
v -0.0395863 0.0742 0.595281243
v -0.0399470665 0.0777 0.5946564
v -0.0390098542 0.0787341446 0.59647125
v -0.04406763 0.07667462 0.595383167
v -0.0395863 0.0742 0.595281243
v -0.0461267 0.0742 0.5988052
v -0.04406763 0.07667462 0.595383167
v -0.0404497646 0.07749491 0.593785763
v -0.0395863 0.0742 0.595281243
v -0.0505914167 0.07429435 0.6042123
v -0.05221459 0.07439135 0.6142855
v -0.0524064749 0.0752888843 0.6085558
v -0.0454324372 0.0742 0.625015855
v -0.035 0.07418716 0.6289347
v -0.0418478027 0.07752181 0.6290191
v -0.035 0.07418716 0.6289347
v -0.035 0.0775226951 0.6303174
v -0.0418478027 0.07752181 0.6290191
v -0.035 0.07418716 0.6289347
v -0.0281521529 0.0775218 0.6290191
v -0.035 0.07418716 0.6289347
v -0.0245675612 0.0742 0.625015855
v -0.0281521529 0.0775218 0.6290191
v -0.0177854113 0.07439135 0.6142855
v -0.0194085855 0.07429435 0.6042123
v -0.0175935235 0.0752888843 0.6085558
v -0.0238733012 0.0742 0.5988052
v -0.0304137021 0.0742 0.595281243
v -0.0257829763 0.07748366 0.595322251
v -0.0304137021 0.0742 0.595281243
v -0.0297259558 0.07758311 0.5940842
v -0.0257829763 0.07748366 0.595322251
v -0.0196930021 0.0777 0.6027875
v -0.0215391163 0.08055395 0.6005106
v -0.0214048848 0.0882 0.600329936
v -0.0322 0.0846999958 0.6290768
v -0.0377302 0.0846981853 0.629215062
v -0.03132516 0.0777 0.62891376
v -0.0377302 0.0846981853 0.629215062
v -0.03867484 0.0777 0.62891376
v -0.03132516 0.0777 0.62891376
v -0.0377302 0.0846981853 0.629215062
v -0.03811608 0.08790146 0.629034
v -0.03867484 0.0777 0.62891376
v -0.050307 0.0777 0.6204625
v -0.05221459 0.07439135 0.6142855
v -0.0504749827 0.07435308 0.619290531
v -0.0505914167 0.07429435 0.6042123
v -0.0524064749 0.0752888843 0.6085558
v -0.050307 0.0777 0.6027875
v -0.0457677953 0.07769908 0.5974303
v -0.050307 0.0777 0.6027875
v -0.0484608822 0.08055395 0.6005106
v -0.050307 0.0777 0.6027875
v -0.0485951155 0.0882 0.600329936
v -0.0484608822 0.08055395 0.6005106
v -0.0484608822 0.08055395 0.6005106
v -0.04586129 0.08050175 0.597644866
v -0.0457677953 0.07769908 0.5974303
v -0.04586129 0.08050175 0.597644866
v -0.0409049876 0.0800783 0.5949208
v -0.0457677953 0.07769908 0.5974303
v -0.0409049876 0.0800783 0.5949208
v -0.0399470665 0.0777 0.5946564
v -0.0457677953 0.07769908 0.5974303
v -0.0196930021 0.0777 0.6027875
v -0.024368722 0.07769835 0.597303033
v -0.0215391163 0.08055395 0.6005106
v -0.024368722 0.07769835 0.597303033
v -0.02413871 0.08050175 0.597644866
v -0.0215391163 0.08055395 0.6005106
v -0.024368722 0.07769835 0.597303033
v -0.02909535 0.08007841 0.594920635
v -0.02413871 0.08050175 0.597644866
v -0.024368722 0.07769835 0.597303033
v -0.0297259558 0.07758311 0.5940842
v -0.02909535 0.08007841 0.594920635
v -0.0196930021 0.0777 0.6027875
v -0.0175935235 0.0752888843 0.6085558
v -0.0194085855 0.07429435 0.6042123
v -0.0177854113 0.07439135 0.6142855
v -0.0196930021 0.0777 0.6204625
v -0.0195588376 0.07435126 0.6193689
v -0.050307 0.0777 0.6204625
v -0.0475597419 0.0774163753 0.6254669
v -0.0453891 0.0777 0.625924349
v -0.0475597419 0.0774163753 0.6254669
v -0.0418478027 0.07752181 0.6290191
v -0.0453891 0.0777 0.625924349
v -0.0418478027 0.07752181 0.6290191
v -0.03867484 0.0777 0.62891376
v -0.0453891 0.0777 0.625924349
v -0.0418478027 0.07752181 0.6290191
v -0.035 0.0775226951 0.6303174
v -0.03867484 0.0777 0.62891376
v -0.035 0.0775226951 0.6303174
v -0.03132516 0.0777 0.62891376
v -0.03867484 0.0777 0.62891376
v -0.035 0.0775226951 0.6303174
v -0.0281521529 0.0775218 0.6290191
v -0.03132516 0.0777 0.62891376
v -0.0281521529 0.0775218 0.6290191
v -0.0246108975 0.0777 0.625924349
v -0.03132516 0.0777 0.62891376
v -0.0281521529 0.0775218 0.6290191
v -0.0225105435 0.07750288 0.625492454
v -0.0246108975 0.0777 0.625924349
v -0.0225105435 0.07750288 0.625492454
v -0.0196930021 0.0777 0.6204625
v -0.0246108975 0.0777 0.625924349
v -0.0404497646 0.07749491 0.593785763
v -0.0469314419 0.0776470751 0.5971064
v -0.0399470665 0.0777 0.5946564
v -0.0196930021 0.0777 0.6027875
v -0.0225664377 0.07755988 0.5976747
v -0.024368722 0.07769835 0.597303033
v -0.050307 0.0777 0.6204625
v -0.0504749827 0.07435308 0.619290531
v -0.0475597419 0.0774163753 0.6254669
v -0.0469314419 0.0776470751 0.5971064
v -0.0404497646 0.07749491 0.593785763
v -0.04406763 0.07667462 0.595383167
v -0.0225105435 0.07750288 0.625492454
v -0.0195588376 0.07435126 0.6193689
v -0.0196930021 0.0777 0.6204625
v -0.0469314419 0.0776470751 0.5971064
v -0.0505914167 0.07429435 0.6042123
v -0.050307 0.0777 0.6027875
v -0.0196930021 0.0777 0.6027875
v -0.0194085855 0.07429435 0.6042123
v -0.0225664377 0.07755988 0.5976747
v -0.0304137021 0.0742 0.595281243
v -0.03250164 0.07478319 0.598876357
v -0.031031765 0.07869898 0.5964953
v -0.0304137021 0.0742 0.595281243
v -0.031031765 0.07869898 0.5964953
v -0.0297259558 0.07758311 0.5940842
v -0.03250164 0.07478319 0.598876357
v -0.0324805081 0.06999999 0.598233461
v -0.03270929 0.07020314 0.602565765
v -0.031031765 0.07869898 0.5964953
v -0.03250164 0.07478319 0.598876357
v -0.03270929 0.07020314 0.602565765
v -0.031031765 0.07869898 0.5964953
v -0.03270929 0.07020314 0.602565765
v -0.0285474584 0.08041407 0.595974565
v -0.03270929 0.07020314 0.602565765
v -0.0285262726 0.07012675 0.6046049
v -0.0285474584 0.08041407 0.595974565
v -0.0285262726 0.07012675 0.6046049
v -0.0215391163 0.08055395 0.6005106
v -0.0285474584 0.08041407 0.595974565
v -0.0285262726 0.07012675 0.6046049
v -0.0261021741 0.07012816 0.6081441
v -0.0215391163 0.08055395 0.6005106
v -0.04383388 0.0819 0.6078036
v -0.0439716652 0.08190197 0.6135702
v -0.0438978262 0.07012816 0.6081441
v -0.0439716652 0.08190197 0.6135702
v -0.0438287929 0.06999999 0.615458131
v -0.0438978262 0.07012816 0.6081441
v -0.0439716652 0.08190197 0.6135702
v -0.0415115729 0.0819020346 0.6180948
v -0.0438287929 0.06999999 0.615458131
v -0.0370028354 0.081902124 0.6205821
v -0.04027951 0.06999999 0.6196728
v -0.0318649337 0.08190218 0.6202501
v -0.035 0.06999999 0.62125
v -0.0278014 0.0819022954 0.6172811
v -0.0297204889 0.06999999 0.6196728
v -0.0415115729 0.0819020346 0.6180948
v -0.04027951 0.06999999 0.6196728
v -0.0438287929 0.06999999 0.615458131
v -0.0370028354 0.081902124 0.6205821
v -0.035 0.06999999 0.62125
v -0.0318649337 0.08190218 0.6202501
v -0.0297204889 0.06999999 0.6196728
v -0.0278014 0.0819022954 0.6172811
v -0.02617121 0.06999999 0.615458131
v -0.0257914644 0.08190158 0.612859964
v -0.0257914644 0.08190158 0.612859964
v -0.0261021741 0.07012816 0.6081441
v -0.02617121 0.06999999 0.615458131
v -0.0257914644 0.08190158 0.612859964
v -0.0263708439 0.0819012 0.6080378
v -0.0261021741 0.07012816 0.6081441
v -0.0409049876 0.0800783 0.5949208
v -0.04586129 0.08050175 0.597644866
v -0.0414541364 0.08041389 0.5959701
v -0.04586129 0.08050175 0.597644866
v -0.0484608822 0.08055395 0.6005106
v -0.0414541364 0.08041389 0.5959701
v -0.02909535 0.08007841 0.594920635
v -0.0285474584 0.08041407 0.595974565
v -0.02413871 0.08050175 0.597644866
v -0.0285474584 0.08041407 0.595974565
v -0.0215391163 0.08055395 0.6005106
v -0.02413871 0.08050175 0.597644866
v -0.0399470665 0.0777 0.5946564
v -0.0409049876 0.0800783 0.5949208
v -0.0390098542 0.0787341446 0.59647125
v -0.0409049876 0.0800783 0.5949208
v -0.0414541364 0.08041389 0.5959701
v -0.0390098542 0.0787341446 0.59647125
v -0.0297259558 0.07758311 0.5940842
v -0.031031765 0.07869898 0.5964953
v -0.02909535 0.08007841 0.594920635
v -0.031031765 0.07869898 0.5964953
v -0.0285474584 0.08041407 0.595974565
v -0.02909535 0.08007841 0.594920635
v -0.04018795 0.0819 0.6040644
v -0.04383388 0.0819 0.6078036
v -0.04028486 0.0882 0.6035807
v -0.04383388 0.0819 0.6078036
v -0.04383388 0.0882 0.6078036
v -0.04028486 0.0882 0.6035807
v -0.0319957733 0.087814495 0.629057169
v -0.0248415731 0.0882 0.626089156
v -0.03181956 0.08803262 0.6211485
v -0.04383388 0.0882 0.6078036
v -0.03944289 0.08775522 0.609975457
v -0.0373949781 0.08795692 0.6075497
v -0.04383388 0.0882 0.6078036
v -0.0394715331 0.08796227 0.6131625
v -0.03944289 0.08775522 0.609975457
v -0.0313398354 0.08795903 0.61461705
v -0.03416599 0.08789793 0.616290152
v -0.03181956 0.08803262 0.6211485
v -0.0276390314 0.0832999945 0.6163556
v -0.0302876867 0.08785417 0.611625
v -0.026250001 0.0832999945 0.611624956
v -0.0302876867 0.08785417 0.611625
v -0.0276390314 0.0832999945 0.6068944
v -0.026250001 0.0832999945 0.611624956
v -0.0302876867 0.08785417 0.611625
v -0.0313332155 0.08790154 0.608621657
v -0.0276390314 0.0832999945 0.6068944
v -0.0313332155 0.08790154 0.608621657
v -0.03136512 0.0832999945 0.6036657
v -0.0276390314 0.0832999945 0.6068944
v -0.0313332155 0.08790154 0.608621657
v -0.03416595 0.08789791 0.6069599
v -0.03136512 0.0832999945 0.6036657
v -0.03416595 0.08789791 0.6069599
v -0.0362452529 0.0832999945 0.602964044
v -0.03136512 0.0832999945 0.6036657
v -0.03416595 0.08789791 0.6069599
v -0.0373949781 0.08795692 0.6075497
v -0.0362452529 0.0832999945 0.602964044
v -0.0373949781 0.08795692 0.6075497
v -0.0407300331 0.0832999945 0.6050122
v -0.0362452529 0.0832999945 0.602964044
v -0.0373949781 0.08795692 0.6075497
v -0.03944289 0.08775522 0.609975457
v -0.0407300331 0.0832999945 0.6050122
v -0.03944289 0.08775522 0.609975457
v -0.0435522981 0.08220029 0.609116256
v -0.0407300331 0.0832999945 0.6050122
v -0.03944289 0.08775522 0.609975457
v -0.04339556 0.0832999945 0.614090145
v -0.0435522981 0.08220029 0.609116256
v -0.03944289 0.08775522 0.609975457
v -0.0394715331 0.08796227 0.6131625
v -0.04339556 0.0832999945 0.614090145
v -0.0394715331 0.08796227 0.6131625
v -0.0407300331 0.0832999945 0.6182378
v -0.04339556 0.0832999945 0.614090145
v -0.0394715331 0.08796227 0.6131625
v -0.03739889 0.08789911 0.615712345
v -0.0407300331 0.0832999945 0.6182378
v -0.03739889 0.08789911 0.615712345
v -0.0362452529 0.0832999945 0.620285869
v -0.0407300331 0.0832999945 0.6182378
v -0.03739889 0.08789911 0.615712345
v -0.03416599 0.08789793 0.616290152
v -0.0362452529 0.0832999945 0.620285869
v -0.03416599 0.08789793 0.616290152
v -0.03136512 0.0832999945 0.619584262
v -0.0362452529 0.0832999945 0.620285869
v -0.03416599 0.08789793 0.616290152
v -0.0313398354 0.08795903 0.61461705
v -0.03136512 0.0832999945 0.619584262
v -0.0313398354 0.08795903 0.61461705
v -0.0276390314 0.0832999945 0.6163556
v -0.03136512 0.0832999945 0.619584262
v -0.0313398354 0.08795903 0.61461705
v -0.0302876867 0.08785417 0.611625
v -0.0276390314 0.0832999945 0.6163556
v -0.0263708439 0.0819012 0.6080378
v -0.0257914644 0.08190158 0.612859964
v -0.0276390314 0.0832999945 0.6068944
v -0.0257914644 0.08190158 0.612859964
v -0.026250001 0.0832999945 0.611624956
v -0.0276390314 0.0832999945 0.6068944
v -0.0257914644 0.08190158 0.612859964
v -0.0278014 0.0819022954 0.6172811
v -0.026250001 0.0832999945 0.611624956
v -0.0278014 0.0819022954 0.6172811
v -0.0276390314 0.0832999945 0.6163556
v -0.026250001 0.0832999945 0.611624956
v -0.0278014 0.0819022954 0.6172811
v -0.03136512 0.0832999945 0.619584262
v -0.0276390314 0.0832999945 0.6163556
v -0.0263708439 0.0819012 0.6080378
v -0.0276390314 0.0832999945 0.6068944
v -0.0301430225 0.0819 0.603845239
v -0.0276390314 0.0832999945 0.6068944
v -0.03136512 0.0832999945 0.6036657
v -0.0301430225 0.0819 0.603845239
v -0.03136512 0.0832999945 0.6036657
v -0.0351983644 0.0819 0.6024569
v -0.0301430225 0.0819 0.603845239
v -0.03136512 0.0832999945 0.6036657
v -0.0362452529 0.0832999945 0.602964044
v -0.0351983644 0.0819 0.6024569
v -0.0362452529 0.0832999945 0.602964044
v -0.04018795 0.0819 0.6040644
v -0.0351983644 0.0819 0.6024569
v -0.0362452529 0.0832999945 0.602964044
v -0.0407300331 0.0832999945 0.6050122
v -0.04018795 0.0819 0.6040644
v -0.0407300331 0.0832999945 0.6050122
v -0.0435522981 0.08220029 0.609116256
v -0.04018795 0.0819 0.6040644
v -0.0435522981 0.08220029 0.609116256
v -0.04339556 0.0832999945 0.614090145
v -0.0439716652 0.08190197 0.6135702
v -0.04339556 0.0832999945 0.614090145
v -0.0415115729 0.0819020346 0.6180948
v -0.0439716652 0.08190197 0.6135702
v -0.04339556 0.0832999945 0.614090145
v -0.0407300331 0.0832999945 0.6182378
v -0.0415115729 0.0819020346 0.6180948
v -0.0407300331 0.0832999945 0.6182378
v -0.0370028354 0.081902124 0.6205821
v -0.0415115729 0.0819020346 0.6180948
v -0.0407300331 0.0832999945 0.6182378
v -0.0362452529 0.0832999945 0.620285869
v -0.0370028354 0.081902124 0.6205821
v -0.0362452529 0.0832999945 0.620285869
v -0.0318649337 0.08190218 0.6202501
v -0.0370028354 0.081902124 0.6205821
v -0.0362452529 0.0832999945 0.620285869
v -0.03136512 0.0832999945 0.619584262
v -0.0318649337 0.08190218 0.6202501
v -0.03136512 0.0832999945 0.619584262
v -0.0278014 0.0819022954 0.6172811
v -0.0318649337 0.08190218 0.6202501
v -0.0439716652 0.08190197 0.6135702
v -0.04383388 0.0819 0.6078036
v -0.0435522981 0.08220029 0.609116256
v -0.04383388 0.0819 0.6078036
v -0.04018795 0.0819 0.6040644
v -0.0435522981 0.08220029 0.609116256
v -0.03181956 0.08803262 0.6211485
v -0.0322 0.0846999958 0.621376753
v -0.0319957733 0.087814495 0.629057169
v -0.0322 0.0846999958 0.621376753
v -0.0322 0.0846999958 0.6290768
v -0.0319957733 0.087814495 0.629057169
v -0.0239983629 0.0742 0.6032527
v -0.024073625 0.0742 0.6051493
v -0.0239983629 0.06999999 0.6032527
v -0.024073625 0.0742 0.6051493
v -0.02392872 0.06999999 0.6054003
v -0.0239983629 0.06999999 0.6032527
v -0.024073625 0.0742 0.6051493
v -0.0222486015 0.0742 0.606283367
v -0.02392872 0.06999999 0.6054003
v -0.0222486015 0.0742 0.606283367
v -0.0222486015 0.06999999 0.606283367
v -0.02392872 0.06999999 0.6054003
v -0.03325024 0.0742 0.6253388
v -0.034855105 0.0742 0.624325335
v -0.03325024 0.06999999 0.6253388
v -0.034855105 0.0742 0.624325335
v -0.0351448953 0.06999999 0.624325335
v -0.03325024 0.06999999 0.6253388
v -0.034855105 0.0742 0.624325335
v -0.03674976 0.0742 0.6253388
v -0.0351448953 0.06999999 0.624325335
v -0.03674976 0.0742 0.6253388
v -0.03674976 0.06999999 0.6253388
v -0.0351448953 0.06999999 0.624325335
v -0.0138046984 0.0742 0.33457008
v -0.0120362267 0.0742 0.340622544
v -0.01740789 0.0743913651 0.33319962
v -0.0162434466 0.074351266 0.327943265
v -0.0120362267 0.0742 0.340622544
v -0.0100906771 0.0742 0.341534585
v -0.01461349 0.07429435 0.34301278
v -0.009942813 0.0742 0.343426883
v -0.009544937 0.0742 0.347858369
v -0.009942813 0.0742 0.343426883
v -0.005783995 0.0742 0.346471637
v -0.009544937 0.0742 0.347858369
v -0.00263609877 0.0742 0.350590169
v -0.00203192 0.07418716 0.316631079
v 0.000127878928 0.0742 0.319996685
v -0.00334745413 0.0742 0.32040748
v -0.00163474586 0.0742 0.321225584
v 0.008788442 0.0742 0.3192982
v 0.0110786054 0.0742 0.325550973
v 0.006253705 0.0742 0.321491361
v 0.0144682275 0.074353084 0.32439208
v 0.0135988872 0.0742 0.331330925
v 0.0144682275 0.074353084 0.32439208
v 0.01678327 0.0743913651 0.329158157
v 0.0135988872 0.0742 0.331330925
v 0.0132902609 0.0742 0.337628931
v 0.0163537487 0.07429435 0.339352429
v 0.0117253941 0.0742 0.3387032
v 0.0132902609 0.0742 0.337628931
v 0.0119083449 0.0742 0.340844065
v 0.0125546176 0.0742 0.345246166
v 0.0125546176 0.0742 0.345246166
v 0.0090287365 0.0742 0.3444028
v 0.0119083449 0.0742 0.340844065
v 0.00647308026 0.0742 0.349513471
v 0.0132902609 0.06999999 0.337628931
v 0.0135988872 0.06999999 0.331330925
v 0.0132902609 0.0742 0.337628931
v 0.0135988872 0.0742 0.331330925
v 0.0110786054 0.06999999 0.325550973
v 0.0110786054 0.0742 0.325550973
v 0.006253705 0.06999999 0.321491361
v 0.006253705 0.0742 0.321491361
v 0.000127878928 0.06999999 0.319996685
v 0.000127878928 0.0742 0.319996685
v 0.0119083449 0.0742 0.340844065
v 0.0090287365 0.0742 0.3444028
v 0.0119083449 0.06999999 0.340844065
v 0.008574011 0.06999999 0.344774485
v -0.00334745413 0.06999999 0.32040748
v -0.008955984 0.06999999 0.323289216
v -0.00334745413 0.0742 0.32040748
v -0.008955984 0.0742 0.323289216
v -0.01270145 0.06999999 0.3283618
v -0.01270145 0.0742 0.3283618
v -0.0138046984 0.06999999 0.33457008
v -0.0138046984 0.0742 0.33457008
v -0.0120362267 0.06999999 0.340622544
v -0.0120362267 0.0742 0.340622544
v -0.009942813 0.06999999 0.343426883
v -0.006312869 0.06999999 0.3462162
v -0.009942813 0.0742 0.343426883
v -0.005783995 0.0742 0.346471637
v 0.00722173648 0.07012248 0.3400751
v 0.0119083449 0.06999999 0.340844065
v 0.008574011 0.06999999 0.344774485
v 0.0116109569 0.06999999 0.338969439
v 0.009244899 0.07012816 0.336233467
v 0.0132902609 0.06999999 0.337628931
v 0.008317801 0.06999999 0.3289781
v 0.0110786054 0.06999999 0.325550973
v 0.0135988872 0.06999999 0.331330925
v 0.00429832377 0.06999999 0.3252092
v 0.006253705 0.06999999 0.321491361
v 0.000127878928 0.06999999 0.319996685
v -0.00134695193 0.06999999 0.321191579
v -0.00112982676 0.06999999 0.324262649
v -0.00618769927 0.06999999 0.326448649
v -0.00334745413 0.06999999 0.32040748
v -0.008955984 0.06999999 0.323289216
v -0.01270145 0.06999999 0.3283618
v -0.00921770651 0.06999999 0.331050783
v -0.0138046984 0.06999999 0.33457008
v 0.0163537487 0.07429435 0.339352429
v 0.0135532 0.0776470751 0.346838742
v 0.0125546176 0.0742 0.345246166
v 0.0109114461 0.07667462 0.3488863
v 0.0144682275 0.074353084 0.32439208
v 0.008788442 0.0742 0.3192982
v 0.0108480584 0.0774163753 0.3186005
v 0.00475872448 0.0775218 0.3157435
v -0.0119321905 0.0742 0.321747422
v -0.0140309371 0.07750289 0.32151562
v -0.00884232 0.0775218 0.317351162
v -0.0162434466 0.074351266 0.327943265
v -0.009544937 0.0742 0.347858369
v -0.0107101789 0.07755989 0.349134356
v -0.01461349 0.07429435 0.34301278
v -0.00723944046 0.07748366 0.351093143
v -0.016238559 0.0777 0.326841474
v -0.01740789 0.0743913651 0.33319962
v -0.01767302 0.0882 0.333556384
v -0.0160812642 0.0882 0.326486349
v -0.0119958026 0.0777 0.3208401
v -0.0117860651 0.0882 0.3206494
v -0.00567886326 0.0777 0.31708324
v -0.005029712 0.087814495 0.316862136
v -0.004829211 0.0846999958 0.316818625
v -0.01740789 0.0743913651 0.33319962
v -0.01692586 0.0752888843 0.338912368
v -0.0162937269 0.0882 0.3406709
v -0.0141637949 0.0777 0.3443943
v -0.0121752694 0.0882 0.346633941
v 0.00162000663 0.0777 0.3162205
v 0.001050998 0.08790146 0.316166729
v 0.008390334 0.0882 0.318264484
v 0.008638757 0.0777 0.318401068
v 0.0139280315 0.0882 0.322939217
v 0.0141637893 0.0777 0.3232479
v 0.0171242617 0.0882 0.3294433
v 0.01678327 0.0743913651 0.329158157
v 0.0176464189 0.0752888843 0.334825844
v 0.01678327 0.0743913651 0.329158157
v 0.017441703 0.0882 0.336683333
v 0.0162385553 0.0777 0.3408007
v 0.0148269907 0.0882 0.3434422
v 0.0162385553 0.0777 0.3408007
v 0.0123595977 0.07769908 0.34665367
v 0.0135532 0.0776470751 0.346838742
v 0.006904702 0.0777 0.350091666
v -0.0107101789 0.07755989 0.349134356
v -0.00723944046 0.07748366 0.351093143
v -0.008876658 0.07769835 0.349291921
v -0.00317855575 0.0775831044 0.351859778
v 0.009244899 0.07012816 0.336233467
v 0.0146724787 0.08055394 0.343278617
v 0.009221378 0.0819 0.336579144
v 0.009221378 0.0882 0.336579144
v 0.0148269907 0.0882 0.3434422
v -0.0120631643 0.08055395 0.346438736
v -0.008324235 0.0882 0.338653058
v -0.0121752694 0.0882 0.346633941
v -0.008148402 0.0819012 0.33839637
v -0.0084277 0.07012816 0.3383224
v -0.008148402 0.0819012 0.33839637
v -0.00391014665 0.0819 0.34211722
v -0.008324235 0.0882 0.338653058
v -0.004304051 0.0882 0.342430145
v 0.00127316907 0.0819 0.3429025
v 0.00112982374 0.0882 0.3433796
v 0.00603956031 0.0819 0.340720415
v 0.0061925957 0.0882 0.3411894
v -0.0117860651 0.0882 0.3206494
v -0.0160812642 0.0882 0.326486349
v -0.004276357 0.08803262 0.324736744
v -0.00398607 0.08795903 0.3312793
v -0.0160812642 0.0882 0.326486349
v -0.01767302 0.0882 0.333556384
v -0.00398607 0.08795903 0.3312793
v -0.00467973761 0.0878541544 0.334374279
v -0.008324235 0.0882 0.338653058
v -0.0162937269 0.0882 0.3406709
v -0.0121752694 0.0882 0.346633941
v -0.01767302 0.0882 0.333556384
v -0.008324235 0.0882 0.338653058
v -0.00467973761 0.0878541544 0.334374279
v -0.00328888767 0.08790153 0.3372341
v -0.004304051 0.0882 0.342430145
v -0.0002806934 0.08789791 0.3385519
v 0.00112982374 0.0882 0.3433796
v 0.00112982374 0.0882 0.3433796
v 0.00285675167 0.08795692 0.3375871
v -0.0002806934 0.08789791 0.3385519
v 0.0061925957 0.0882 0.3411894
v 0.009221378 0.0882 0.336579144
v 0.00426013162 0.08796227 0.331769258
v 0.0171242617 0.0882 0.3294433
v 0.0139280315 0.0882 0.322939217
v 0.00190252264 0.08789911 0.3294804
v 0.001960398 0.08802153 0.3240848
v 0.009221378 0.0882 0.336579144
v 0.017441703 0.0882 0.336683333
v 0.0148269907 0.0882 0.3434422
v 0.001960398 0.08802153 0.3240848
v 0.008390334 0.0882 0.318264484
v 0.001050998 0.08790146 0.316166729
v -0.0013759 0.08789791 0.329286128
v -0.004276357 0.08803262 0.324736744
v 0.00190252264 0.08789911 0.3294804
v 0.001050998 0.08790146 0.316166729
v 0.000646532862 0.0846981853 0.316032171
v 0.001960398 0.08802153 0.3240848
v 0.00163593458 0.0846999958 0.323808044
v -0.004829211 0.0846999958 0.316818625
v -0.00392535236 0.0846999958 0.3244654
v 0.000646532862 0.0846981853 0.316032171
v 0.00163593458 0.0846999958 0.323808044
v 0.001960398 0.08802153 0.3240848
v 0.00163593458 0.0846999958 0.323808044
v -0.004276357 0.08803262 0.324736744
v -0.00392535236 0.0846999958 0.3244654
v -0.0212028231 0.0742 0.6125016
v -0.0222486015 0.0742 0.606283367
v -0.0177854113 0.07439135 0.6142855
v -0.0195588376 0.07435126 0.6193689
v -0.0222486015 0.0742 0.606283367
v -0.024073625 0.0742 0.6051493
v -0.0194085855 0.07429435 0.6042123
v -0.0239983629 0.0742 0.6032527
v -0.0238733012 0.0742 0.5988052
v -0.0239983629 0.0742 0.6032527
v -0.0277709868 0.0742 0.5997409
v -0.0238733012 0.0742 0.5988052
v -0.0304137021 0.0742 0.595281243
v -0.035 0.07418716 0.6289347
v -0.03674976 0.0742 0.6253388
v -0.03325024 0.0742 0.6253388
v -0.034855105 0.0742 0.624325335
v -0.0454324372 0.0742 0.625015855
v -0.0469728 0.0742 0.6185375
v -0.0426577851 0.0742 0.6231354
v -0.0504749827 0.07435308 0.619290531
v -0.04879718 0.0742 0.6125016
v -0.0504749827 0.07435308 0.619290531
v -0.05221459 0.07439135 0.6142855
v -0.04879718 0.0742 0.6125016
v -0.0477513969 0.0742 0.606283367
v -0.0505914167 0.07429435 0.6042123
v -0.04607128 0.0742 0.6054003
v -0.0477513969 0.0742 0.606283367
v -0.04600164 0.0742 0.6032527
v -0.0461267 0.0742 0.5988052
v -0.0461267 0.0742 0.5988052
v -0.042724207 0.0742 0.600056648
v -0.04600164 0.0742 0.6032527
v -0.0395863 0.0742 0.595281243
v -0.0379484855 0.0742 0.598118067
v -0.0477513969 0.06999999 0.606283367
v -0.04879718 0.06999999 0.6125016
v -0.0477513969 0.0742 0.606283367
v -0.04879718 0.0742 0.6125016
v -0.0469728 0.06999999 0.6185375
v -0.0469728 0.0742 0.6185375
v -0.0426577851 0.06999999 0.6231354
v -0.0426577851 0.0742 0.6231354
v -0.03674976 0.06999999 0.6253388
v -0.03674976 0.0742 0.6253388
v -0.04600164 0.0742 0.6032527
v -0.042724207 0.0742 0.600056648
v -0.04600164 0.06999999 0.6032527
v -0.04222901 0.06999999 0.5997409
v -0.03325024 0.06999999 0.6253388
v -0.0273422152 0.06999999 0.6231354
v -0.03325024 0.0742 0.6253388
v -0.0273422152 0.0742 0.6231354
v -0.0230272 0.06999999 0.6185375
v -0.0230272 0.0742 0.6185375
v -0.0212028231 0.06999999 0.6125016
v -0.0212028231 0.0742 0.6125016
v -0.0222486015 0.06999999 0.606283367
v -0.0222486015 0.0742 0.606283367
v -0.0239983629 0.06999999 0.6032527
v -0.0272757914 0.06999999 0.600056648
v -0.0239983629 0.0742 0.6032527
v -0.0277709868 0.0742 0.5997409
v -0.0414376259 0.07012248 0.604566455
v -0.04600164 0.06999999 0.6032527
v -0.04222901 0.06999999 0.5997409
v -0.0459263772 0.06999999 0.6051493
v -0.0438978262 0.07012816 0.6081441
v -0.0477513969 0.06999999 0.606283367
v -0.0438287929 0.06999999 0.615458131
v -0.0469728 0.06999999 0.6185375
v -0.04879718 0.06999999 0.6125016
v -0.04027951 0.06999999 0.6196728
v -0.0426577851 0.06999999 0.6231354
v -0.03674976 0.06999999 0.6253388
v -0.035 0.06999999 0.62125
v -0.0351448953 0.06999999 0.624325335
v -0.0297204889 0.06999999 0.6196728
v -0.03325024 0.06999999 0.6253388
v -0.0273422152 0.06999999 0.6231354
v -0.0230272 0.06999999 0.6185375
v -0.02617121 0.06999999 0.615458131
v -0.0212028231 0.06999999 0.6125016
v -0.0505914167 0.07429435 0.6042123
v -0.0469314419 0.0776470751 0.5971064
v -0.0461267 0.0742 0.5988052
v -0.04406763 0.07667462 0.595383167
v -0.0504749827 0.07435308 0.619290531
v -0.0454324372 0.0742 0.625015855
v -0.0475597419 0.0774163753 0.6254669
v -0.0418478027 0.07752181 0.6290191
v -0.0245675612 0.0742 0.625015855
v -0.0225105435 0.07750288 0.625492454
v -0.0281521529 0.0775218 0.6290191
v -0.0195588376 0.07435126 0.6193689
v -0.0238733012 0.0742 0.5988052
v -0.0225664377 0.07755988 0.5976747
v -0.0194085855 0.07429435 0.6042123
v -0.0257829763 0.07748366 0.595322251
v -0.0196930021 0.0777 0.6204625
v -0.0177854113 0.07439135 0.6142855
v -0.0174802355 0.0882 0.6139624
v -0.019890897 0.0882 0.62079674
v -0.0246108975 0.0777 0.625924349
v -0.0248415731 0.0882 0.626089156
v -0.03132516 0.0777 0.62891376
v -0.0319957733 0.087814495 0.629057169
v -0.0322 0.0846999958 0.6290768
v -0.0177854113 0.07439135 0.6142855
v -0.0175935235 0.0752888843 0.6085558
v -0.0180148575 0.0882 0.6067351
v -0.0196930021 0.0777 0.6027875
v -0.0214048848 0.0882 0.600329936
v -0.03867484 0.0777 0.62891376
v -0.03811608 0.08790146 0.629034
v -0.0451584272 0.0882 0.626089156
v -0.0453891 0.0777 0.625924349
v -0.0501091033 0.0882 0.62079674
v -0.050307 0.0777 0.6204625
v -0.0525197648 0.0882 0.6139624
v -0.05221459 0.07439135 0.6142855
v -0.0524064749 0.0752888843 0.6085558
v -0.05221459 0.07439135 0.6142855
v -0.0519851446 0.0882 0.6067351
v -0.050307 0.0777 0.6027875
v -0.0485951155 0.0882 0.600329936
v -0.050307 0.0777 0.6027875
v -0.0457677953 0.07769908 0.5974303
v -0.0469314419 0.0776470751 0.5971064
v -0.0399470665 0.0777 0.5946564
v -0.0225664377 0.07755988 0.5976747
v -0.0257829763 0.07748366 0.595322251
v -0.024368722 0.07769835 0.597303033
v -0.0297259558 0.07758311 0.5940842
v -0.0438978262 0.07012816 0.6081441
v -0.0484608822 0.08055395 0.6005106
v -0.04383388 0.0819 0.6078036
v -0.04383388 0.0882 0.6078036
v -0.0485951155 0.0882 0.600329936
v -0.0215391163 0.08055395 0.6005106
v -0.0261661187 0.0882 0.6078036
v -0.0214048848 0.0882 0.600329936
v -0.0263708439 0.0819012 0.6080378
v -0.0261021741 0.07012816 0.6081441
v -0.0263708439 0.0819012 0.6080378
v -0.0301430225 0.0819 0.603845239
v -0.0261661187 0.0882 0.6078036
v -0.02971514 0.0882 0.6035807
v -0.0351983644 0.0819 0.6024569
v -0.035 0.0882 0.601999938
v -0.04018795 0.0819 0.6040644
v -0.04028486 0.0882 0.6035807
v -0.0248415731 0.0882 0.626089156
v -0.019890897 0.0882 0.62079674
v -0.03181956 0.08803262 0.6211485
v -0.0313398354 0.08795903 0.61461705
v -0.019890897 0.0882 0.62079674
v -0.0174802355 0.0882 0.6139624
v -0.0313398354 0.08795903 0.61461705
v -0.0302876867 0.08785417 0.611625
v -0.0261661187 0.0882 0.6078036
v -0.0180148575 0.0882 0.6067351
v -0.0214048848 0.0882 0.600329936
v -0.0174802355 0.0882 0.6139624
v -0.0261661187 0.0882 0.6078036
v -0.0302876867 0.08785417 0.611625
v -0.0313332155 0.08790154 0.608621657
v -0.02971514 0.0882 0.6035807
v -0.03416595 0.08789791 0.6069599
v -0.035 0.0882 0.601999938
v -0.035 0.0882 0.601999938
v -0.0373949781 0.08795692 0.6075497
v -0.03416595 0.08789791 0.6069599
v -0.04028486 0.0882 0.6035807
v -0.04383388 0.0882 0.6078036
v -0.0394715331 0.08796227 0.6131625
v -0.0525197648 0.0882 0.6139624
v -0.0501091033 0.0882 0.62079674
v -0.03739889 0.08789911 0.615712345
v -0.0380897373 0.08802153 0.6210638
v -0.04383388 0.0882 0.6078036
v -0.0519851446 0.0882 0.6067351
v -0.0485951155 0.0882 0.600329936
v -0.0380897373 0.08802153 0.6210638
v -0.0451584272 0.0882 0.626089156
v -0.03811608 0.08790146 0.629034
v -0.03416599 0.08789793 0.616290152
v -0.03181956 0.08803262 0.6211485
v -0.03739889 0.08789911 0.615712345
v -0.03811608 0.08790146 0.629034
v -0.0377302 0.0846981853 0.629215062
v -0.0380897373 0.08802153 0.6210638
v -0.0378 0.0846999958 0.621376753
v -0.0322 0.0846999958 0.6290768
v -0.0322 0.0846999958 0.621376753
v -0.0377302 0.0846981853 0.629215062
v -0.0378 0.0846999958 0.621376753
v -0.0380897373 0.08802153 0.6210638
v -0.0378 0.0846999958 0.621376753
v -0.03181956 0.08803262 0.6211485
v -0.0322 0.0846999958 0.621376753
v -0.00325315678 0.09918952 0.337576538
v 0.004244321 0.0991293862 0.3364923
v 0.004131204 0.0994049162 0.331967533
v -0.00325315678 0.09918952 0.337576538
v 0.00123164139 0.09941323 0.338257074
v 0.004244321 0.0991293862 0.3364923
v -0.00325315678 0.09918952 0.337576538
v -0.00438129343 0.09941303 0.332283139
v -0.00532479957 0.0985106 0.334594637
v 0.0007962228 0.09858141 0.339253724
v 0.00123164139 0.09941323 0.338257074
v -0.00325315678 0.09918952 0.337576538
v 0.0007962228 0.09858141 0.339253724
v 0.004244321 0.0991293862 0.3364923
v 0.00123164139 0.09941323 0.338257074
v 0.005324797 0.0985106 0.3330476
v 0.004131204 0.0994049162 0.331967533
v 0.004244321 0.0991293862 0.3364923
v 0.005324797 0.0985106 0.3330476
v 0.00229519326 0.09858253 0.328832984
v 0.004131204 0.0994049162 0.331967533
v 0.00229519326 0.09858253 0.328832984
v 0.000163463643 0.09941323 0.329220235
v 0.004131204 0.0994049162 0.331967533
v 0.00229519326 0.09858253 0.328832984
v -0.003629631 0.09857869 0.329701245
v 0.000163463643 0.09941323 0.329220235
v -0.003629631 0.09857869 0.329701245
v -0.00438129343 0.09941303 0.332283139
v 0.000163463643 0.09941323 0.329220235
v -0.003629631 0.09857869 0.329701245
v -0.00532479957 0.0985106 0.334594637
v -0.00438129343 0.09941303 0.332283139
v 0.00516293151 0.08889999 0.3357196
v 0.00427767355 0.08889999 0.3305548
v 0.005324797 0.0985106 0.3330476
v 0.00427767355 0.08889999 0.3305548
v 0.00229519326 0.09858253 0.328832984
v 0.005324797 0.0985106 0.3330476
v 0.00427767355 0.08889999 0.3305548
v -0.000417848147 0.08889999 0.3283361
v 0.00229519326 0.09858253 0.328832984
v -0.000417848147 0.08889999 0.3283361
v -0.003629631 0.09857869 0.329701245
v 0.00229519326 0.09858253 0.328832984
v -0.000417848147 0.08889999 0.3283361
v -0.00474812463 0.08889999 0.331286877
v -0.003629631 0.09857869 0.329701245
v -0.00474812463 0.08889999 0.331286877
v -0.00532479957 0.0985106 0.334594637
v -0.003629631 0.09857869 0.329701245
v -0.00474812463 0.08889999 0.331286877
v -0.00515197171 0.08889999 0.3350524
v -0.00532479957 0.0985106 0.334594637
v -0.003184196 0.08889999 0.338160217
v 0.0007962228 0.09858141 0.339253724
v -0.00325315678 0.09918952 0.337576538
v -0.003184196 0.08889999 0.338160217
v 0.0011941375 0.08889999 0.3390691
v 0.0007962228 0.09858141 0.339253724
v 0.00516293151 0.08889999 0.3357196
v 0.005324797 0.0985106 0.3330476
v 0.004244321 0.0991293862 0.3364923
v 0.0044506737 0.08889999 0.333110631
v 0.00427767355 0.08889999 0.3305548
v 0.00516293151 0.08889999 0.3357196
v -0.00132079667 0.08889999 0.3296009
v -0.004018283 0.08889999 0.331779867
v -0.000417848147 0.08889999 0.3283361
v -0.00372373778 0.08889999 0.336564541
v -0.00515197171 0.08889999 0.3350524
v -0.00474812463 0.08889999 0.331286877
v -0.00372373778 0.08889999 0.336564541
v -0.003184196 0.08889999 0.338160217
v -0.00515197171 0.08889999 0.3350524
v -0.00372373778 0.08889999 0.336564541
v -4.78933E-05 0.08889999 0.338242918
v -0.003184196 0.08889999 0.338160217
v -0.004018283 0.08889999 0.331779867
v -0.00474812463 0.08889999 0.331286877
v -0.000417848147 0.08889999 0.3283361
v -4.78933E-05 0.08889999 0.338242918
v 0.0011941375 0.08889999 0.3390691
v -0.003184196 0.08889999 0.338160217
v -4.78933E-05 0.08889999 0.338242918
v 0.00319085317 0.08889999 0.337004155
v 0.0011941375 0.08889999 0.3390691
v -0.00372373778 0.08889999 0.336564541
v -0.004018283 0.08889999 0.331779867
v -0.00415428542 0.08716374 0.335558772
v -0.004018283 0.08889999 0.331779867
v -0.004105576 0.0871618539 0.332180679
v -0.00415428542 0.08716374 0.335558772
v -0.004018283 0.08889999 0.331779867
v -0.00173761451 0.08716374 0.329666823
v -0.004105576 0.0871618539 0.332180679
v -0.004018283 0.08889999 0.331779867
v -0.00132079667 0.08889999 0.3296009
v -0.00173761451 0.08716374 0.329666823
v -0.00132079667 0.08889999 0.3296009
v 0.00204126025 0.08889999 0.329802841
v -0.00173761451 0.08716374 0.329666823
v 0.00204126025 0.08889999 0.329802841
v 0.00164044322 0.0871618539 0.32971555
v -0.00173761451 0.08716374 0.329666823
v 0.00204126025 0.08889999 0.329802841
v 0.00415429 0.08716374 0.332083434
v 0.00164044322 0.0871618539 0.32971555
v 0.00204126025 0.08889999 0.329802841
v 0.0044506737 0.08889999 0.333110631
v 0.00415429 0.08716374 0.332083434
v 0.0044506737 0.08889999 0.333110631
v 0.00410557538 0.0871618539 0.335461527
v 0.00415429 0.08716374 0.332083434
v 0.0044506737 0.08889999 0.333110631
v 0.00319085317 0.08889999 0.337004155
v 0.00410557538 0.0871618539 0.335461527
v 0.00319085317 0.08889999 0.337004155
v 0.0017376428 0.08716374 0.337975383
v 0.00410557538 0.0871618539 0.335461527
v 0.00319085317 0.08889999 0.337004155
v -4.78933E-05 0.08889999 0.338242918
v 0.0017376428 0.08716374 0.337975383
v -4.78933E-05 0.08889999 0.338242918
v -0.001640402 0.0871618763 0.3379267
v 0.0017376428 0.08716374 0.337975383
v -4.78933E-05 0.08889999 0.338242918
v -0.00372373778 0.08889999 0.336564541
v -0.001640402 0.0871618763 0.3379267
v -0.00372373778 0.08889999 0.336564541
v -0.00415428542 0.08716374 0.335558772
v -0.001640402 0.0871618763 0.3379267
v -0.008802883 0.08277315 0.3350438
v -0.007366673 0.08216613 0.339020878
v -0.00415428542 0.08716374 0.335558772
v -0.007366673 0.08216613 0.339020878
v -0.001640402 0.0871618763 0.3379267
v -0.00415428542 0.08716374 0.335558772
v -0.007366673 0.08216613 0.339020878
v -0.00366056873 0.0827749 0.3418232
v -0.001640402 0.0871618763 0.3379267
v -0.00366056873 0.0827749 0.3418232
v 0.00122271269 0.0827731639 0.342623979
v -0.001640402 0.0871618763 0.3379267
v 0.00122271269 0.0827731639 0.342623979
v 0.0017376428 0.08716374 0.337975383
v -0.001640402 0.0871618763 0.3379267
v 0.00122271269 0.0827731639 0.342623979
v 0.007197052 0.08279772 0.3392394
v 0.0017376428 0.08716374 0.337975383
v 0.007197052 0.08279772 0.3392394
v 0.00410557538 0.0871618539 0.335461527
v 0.0017376428 0.08716374 0.337975383
v 0.007197052 0.08279772 0.3392394
v 0.008802878 0.0827731639 0.332598448
v 0.00410557538 0.0871618539 0.335461527
v 0.008802878 0.0827731639 0.332598448
v 0.00415429 0.08716374 0.332083434
v 0.00410557538 0.0871618539 0.335461527
v 0.008802878 0.0827731639 0.332598448
v 0.005418246 0.08279773 0.326624036
v 0.00415429 0.08716374 0.332083434
v 0.005418246 0.08279773 0.326624036
v 0.00164044322 0.0871618539 0.32971555
v 0.00415429 0.08716374 0.332083434
v 0.005418246 0.08279773 0.326624036
v -0.001222674 0.08277315 0.325018227
v 0.00164044322 0.0871618539 0.32971555
v -0.001222674 0.08277315 0.325018227
v -0.00173761451 0.08716374 0.329666823
v 0.00164044322 0.0871618539 0.32971555
v -0.001222674 0.08277315 0.325018227
v -0.005695224 0.0821874738 0.326948017
v -0.00173761451 0.08716374 0.329666823
v -0.005695224 0.0821874738 0.326948017
v -0.004105576 0.0871618539 0.332180679
v -0.00173761451 0.08716374 0.329666823
v -0.005695224 0.0821874738 0.326948017
v -0.008002113 0.082774885 0.330160558
v -0.004105576 0.0871618539 0.332180679
v -0.008002113 0.082774885 0.330160558
v -0.008802883 0.08277315 0.3350438
v -0.004105576 0.0871618539 0.332180679
v -0.008802883 0.08277315 0.3350438
v -0.00415428542 0.08716374 0.335558772
v -0.004105576 0.0871618539 0.332180679
v 0.008798216 0.0819 0.333950132
v 0.007195096 0.0819 0.3283931
v 0.008802878 0.0827731639 0.332598448
v 0.007195096 0.0819 0.3283931
v 0.005418246 0.08279773 0.326624036
v 0.008802878 0.0827731639 0.332598448
v 0.007195096 0.0819 0.3283931
v 0.000242239752 0.0819 0.324811459
v 0.005418246 0.08279773 0.326624036
v 0.000242239752 0.0819 0.324811459
v -0.001222674 0.08277315 0.325018227
v 0.005418246 0.08279773 0.326624036
v 0.000242239752 0.0819 0.324811459
v -0.005695224 0.0821874738 0.326948017
v -0.001222674 0.08277315 0.325018227
v -0.008729863 0.0819 0.3315801
v -0.008002113 0.082774885 0.330160558
v -0.005695224 0.0821874738 0.326948017
v -0.008729863 0.0819 0.3315801
v -0.008802883 0.08277315 0.3350438
v -0.008002113 0.082774885 0.330160558
v -0.008729863 0.0819 0.3315801
v -0.007366673 0.08216613 0.339020878
v -0.008802883 0.08277315 0.3350438
v -0.0049012173 0.0819 0.341235638
v -0.00366056873 0.0827749 0.3418232
v -0.007366673 0.08216613 0.339020878
v -0.0049012173 0.0819 0.341235638
v 0.001768677 0.0819 0.342658758
v -0.00366056873 0.0827749 0.3418232
v 0.001768677 0.0819 0.342658758
v 0.00122271269 0.0827731639 0.342623979
v -0.00366056873 0.0827749 0.3418232
v 0.001768677 0.0819 0.342658758
v 0.007197052 0.08279772 0.3392394
v 0.00122271269 0.0827731639 0.342623979
v 0.001768677 0.0819 0.342658758
v 0.007414493 0.0819 0.338722348
v 0.007197052 0.08279772 0.3392394
v 0.007414493 0.0819 0.338722348
v 0.008798216 0.0819 0.333950132
v 0.007197052 0.08279772 0.3392394
v 0.008798216 0.0819 0.333950132
v 0.008802878 0.0827731639 0.332598448
v 0.007197052 0.08279772 0.3392394
v 0.000372233771 0.0819 0.3277074
v -0.001750653 0.0819 0.327882022
v 0.000242239752 0.0819 0.324811459
v -0.001751065 0.0819 0.332301885
v -0.008729863 0.0819 0.3315801
v -0.005695224 0.0821874738 0.326948017
v -0.00593910133 0.0819 0.3355717
v -0.007366673 0.08216613 0.339020878
v -0.008729863 0.0819 0.3315801
v -0.00593910133 0.0819 0.3355717
v -0.0049012173 0.0819 0.341235638
v -0.007366673 0.08216613 0.339020878
v -0.0049012173 0.0819 0.341235638
v -0.00593910133 0.0819 0.3355717
v -0.00151924288 0.0819 0.335572153
v -0.00618358143 0.084525 0.3335034
v -0.00593910133 0.0819 0.3355717
v -0.00611367961 0.0819 0.3334489
v -0.00593910133 0.0819 0.3355717
v -0.00618358143 0.084525 0.3335034
v -0.005858414 0.084525 0.335608423
v -0.00188562251 0.084525 0.3324725
v -0.001751065 0.0819 0.332301885
v -0.00178735121 0.084525 0.3279627
v -0.001751065 0.0819 0.332301885
v -0.001750653 0.0819 0.327882022
v -0.00178735121 0.084525 0.3279627
v -0.001750653 0.0819 0.327882022
v 0.000317730155 0.084525 0.327637523
v -0.00178735121 0.084525 0.3279627
v 0.000317730155 0.084525 0.327637523
v -0.001750653 0.0819 0.327882022
v 0.000372233771 0.0819 0.3277074
v 0.006183581 0.084525 0.33413887
v 0.00593910366 0.0819 0.3320705
v 0.00611367635 0.0819 0.334193319
v 0.00593910366 0.0819 0.3320705
v 0.006183581 0.084525 0.33413887
v 0.005858411 0.084525 0.332033753
v -0.0003177332 0.084525 0.340004683
v 0.00175065 0.0819 0.3397602
v -0.0003722368 0.0819 0.3399348
v 0.00175065 0.0819 0.3397602
v -0.0003177332 0.084525 0.340004683
v 0.00178734818 0.084525 0.3396795
v -0.005858414 0.084525 0.335608423
v -0.00618358143 0.084525 0.3335034
v -0.00134860782 0.084525 0.3357067
v -0.00618358143 0.084525 0.3335034
v -0.00188562251 0.084525 0.3324725
v -0.00134860782 0.084525 0.3357067
v 0.00134859956 0.084525 0.3319355
v 0.006183581 0.084525 0.33413887
v 0.00188561948 0.084525 0.3351697
v 0.00134859956 0.084525 0.3319355
v 0.005858411 0.084525 0.332033753
v 0.006183581 0.084525 0.33413887
v -0.03082954 0.09941303 0.6136667
v -0.0391704664 0.09941303 0.6095833
v -0.0386491567 0.09914676 0.6150852
v -0.03082954 0.09941303 0.6136667
v -0.03135084 0.09914675 0.608164847
v -0.0391704664 0.09941303 0.6095833
v -0.03135084 0.09914675 0.608164847
v -0.0342975631 0.09941323 0.6070751
v -0.0391704664 0.09941303 0.6095833
v -0.0386491567 0.09914676 0.6150852
v -0.0357024558 0.09941323 0.6161749
v -0.03082954 0.09941303 0.6136667
v -0.03135084 0.09914675 0.608164847
v -0.03082954 0.09941303 0.6136667
v -0.0296212211 0.0985106 0.6114819
v -0.03135084 0.09914675 0.608164847
v -0.0335882269 0.09853673 0.606519163
v -0.0342975631 0.09941323 0.6070751
v -0.0335882269 0.09853673 0.606519163
v -0.0381209441 0.0985787138 0.6071076
v -0.0342975631 0.09941323 0.6070751
v -0.0381209441 0.0985787138 0.6071076
v -0.0391704664 0.09941303 0.6095833
v -0.0342975631 0.09941323 0.6070751
v -0.0381209441 0.0985787138 0.6071076
v -0.04037878 0.0985106 0.6117681
v -0.0391704664 0.09941303 0.6095833
v -0.04037878 0.0985106 0.6117681
v -0.0386491567 0.09914676 0.6150852
v -0.0391704664 0.09941303 0.6095833
v -0.0386491567 0.09914676 0.6150852
v -0.03641178 0.09853673 0.616730869
v -0.0357024558 0.09941323 0.6161749
v -0.03641178 0.09853673 0.616730869
v -0.0318790562 0.0985787138 0.616142452
v -0.0357024558 0.09941323 0.6161749
v -0.0318790562 0.0985787138 0.616142452
v -0.03082954 0.09941303 0.6136667
v -0.0357024558 0.09941323 0.6161749
v -0.0318790562 0.0985787138 0.616142452
v -0.0296212211 0.0985106 0.6114819
v -0.03082954 0.09941303 0.6136667
v -0.0404727757 0.08889999 0.6121806
v -0.0386491567 0.09914676 0.6150852
v -0.04037878 0.0985106 0.6117681
v -0.0404727757 0.08889999 0.6121806
v -0.0367680974 0.08889999 0.6168339
v -0.0386491567 0.09914676 0.6150852
v -0.0367680974 0.08889999 0.6168339
v -0.03641178 0.09853673 0.616730869
v -0.0386491567 0.09914676 0.6150852
v -0.0367680974 0.08889999 0.6168339
v -0.0318790562 0.0985787138 0.616142452
v -0.03641178 0.09853673 0.616730869
v -0.0367680974 0.08889999 0.6168339
v -0.0322523564 0.08889999 0.6161537
v -0.0318790562 0.0985787138 0.616142452
v -0.0322523564 0.08889999 0.6161537
v -0.0295923762 0.08889999 0.612633765
v -0.0318790562 0.0985787138 0.616142452
v -0.0295923762 0.08889999 0.612633765
v -0.0296212211 0.0985106 0.6114819
v -0.0318790562 0.0985787138 0.616142452
v -0.0295923762 0.08889999 0.612633765
v -0.031835977 0.08889999 0.6071251
v -0.0296212211 0.0985106 0.6114819
v -0.031835977 0.08889999 0.6071251
v -0.03135084 0.09914675 0.608164847
v -0.0296212211 0.0985106 0.6114819
v -0.031835977 0.08889999 0.6071251
v -0.0335882269 0.09853673 0.606519163
v -0.03135084 0.09914675 0.608164847
v -0.031835977 0.08889999 0.6071251
v -0.03777891 0.08889999 0.6068776
v -0.0335882269 0.09853673 0.606519163
v -0.03777891 0.08889999 0.6068776
v -0.0381209441 0.0985787138 0.6071076
v -0.0335882269 0.09853673 0.606519163
v -0.03777891 0.08889999 0.6068776
v -0.0404727757 0.08889999 0.6121806
v -0.0381209441 0.0985787138 0.6071076
v -0.0404727757 0.08889999 0.6121806
v -0.04037878 0.0985106 0.6117681
v -0.0381209441 0.0985787138 0.6071076
v -0.03749873 0.08889999 0.615375936
v -0.0334341824 0.08889999 0.6158513
v -0.0367680974 0.08889999 0.6168339
v -0.0304032527 0.08889999 0.6121373
v -0.0295923762 0.08889999 0.612633765
v -0.0322523564 0.08889999 0.6161537
v -0.0304032527 0.08889999 0.6121373
v -0.031835977 0.08889999 0.6071251
v -0.0295923762 0.08889999 0.612633765
v -0.03196391 0.08889999 0.608409941
v -0.0351831354 0.08889999 0.607121646
v -0.0304032527 0.08889999 0.6121373
v -0.03196391 0.08889999 0.608409941
v -0.031835977 0.08889999 0.6071251
v -0.0351831354 0.08889999 0.607121646
v -0.03777891 0.08889999 0.6068776
v -0.031835977 0.08889999 0.6071251
v -0.0351831354 0.08889999 0.607121646
v -0.0382149369 0.08889999 0.608588755
v -0.03777891 0.08889999 0.6068776
v -0.0382149369 0.08889999 0.608588755
v -0.03950331 0.08889999 0.6118082
v -0.03777891 0.08889999 0.6068776
v -0.0304032527 0.08889999 0.6121373
v -0.0311153345 0.08716186 0.613735855
v -0.03067045 0.08716374 0.610387
v -0.0304032527 0.08889999 0.6121373
v -0.0334341824 0.08889999 0.6158513
v -0.0311153345 0.08716186 0.613735855
v -0.0334341824 0.08889999 0.6158513
v -0.03376196 0.08716374 0.6159545
v -0.0311153345 0.08716186 0.613735855
v -0.03749873 0.08889999 0.615375936
v -0.0393295549 0.08716374 0.612862945
v -0.03711098 0.08716186 0.6155096
v -0.03749873 0.08889999 0.615375936
v -0.03950331 0.08889999 0.6118082
v -0.0393295549 0.08716374 0.612862945
v -0.03950331 0.08889999 0.6118082
v -0.03888465 0.08716186 0.609514058
v -0.0393295549 0.08716374 0.612862945
v -0.03950331 0.08889999 0.6118082
v -0.0382149369 0.08889999 0.608588755
v -0.03888465 0.08716186 0.609514058
v -0.0382149369 0.08889999 0.608588755
v -0.0362380147 0.08716372 0.607295454
v -0.03888465 0.08716186 0.609514058
v -0.0382149369 0.08889999 0.608588755
v -0.0351831354 0.08889999 0.607121646
v -0.0362380147 0.08716372 0.607295454
v -0.0351831354 0.08889999 0.607121646
v -0.03288903 0.08716184 0.6077403
v -0.0362380147 0.08716372 0.607295454
v -0.0351831354 0.08889999 0.607121646
v -0.03196391 0.08889999 0.608409941
v -0.03288903 0.08716184 0.6077403
v -0.03196391 0.08889999 0.608409941
v -0.03067045 0.08716374 0.610387
v -0.03288903 0.08716184 0.6077403
v -0.03196391 0.08889999 0.608409941
v -0.0304032527 0.08889999 0.6121373
v -0.03067045 0.08716374 0.610387
v -0.0261144545 0.0827731639 0.611444056
v -0.0287743825 0.0827977061 0.6051137
v -0.03067045 0.08716374 0.610387
v -0.0287743825 0.0827977061 0.6051137
v -0.03288903 0.08716184 0.6077403
v -0.03067045 0.08716374 0.610387
v -0.0287743825 0.0827977061 0.6051137
v -0.03518094 0.0827731639 0.6027395
v -0.03288903 0.08716184 0.6077403
v -0.03518094 0.0827731639 0.6027395
v -0.0362380147 0.08716372 0.607295454
v -0.03288903 0.08716184 0.6077403
v -0.03518094 0.0827731639 0.6027395
v -0.0415112823 0.08279772 0.60539937
v -0.0362380147 0.08716372 0.607295454
v -0.0415112823 0.08279772 0.60539937
v -0.03888465 0.08716186 0.609514058
v -0.0362380147 0.08716372 0.607295454
v -0.0415112823 0.08279772 0.60539937
v -0.0438855477 0.08277315 0.6118059
v -0.03888465 0.08716186 0.609514058
v -0.0438855477 0.08277315 0.6118059
v -0.0393295549 0.08716374 0.612862945
v -0.03888465 0.08716186 0.609514058
v -0.0438855477 0.08277315 0.6118059
v -0.0412256047 0.08279773 0.6181363
v -0.0393295549 0.08716374 0.612862945
v -0.0412256047 0.08279773 0.6181363
v -0.03711098 0.08716186 0.6155096
v -0.0393295549 0.08716374 0.612862945
v -0.0412256047 0.08279773 0.6181363
v -0.034819074 0.0827731341 0.6205105
v -0.03711098 0.08716186 0.6155096
v -0.034819074 0.0827731341 0.6205105
v -0.03376196 0.08716374 0.6159545
v -0.03711098 0.08716186 0.6155096
v -0.034819074 0.0827731341 0.6205105
v -0.0307009779 0.08216613 0.6195511
v -0.03376196 0.08716374 0.6159545
v -0.0307009779 0.08216613 0.6195511
v -0.0311153345 0.08716186 0.613735855
v -0.03376196 0.08716374 0.6159545
v -0.0307009779 0.08216613 0.6195511
v -0.0274829976 0.082774885 0.616199732
v -0.0311153345 0.08716186 0.613735855
v -0.0274829976 0.082774885 0.616199732
v -0.0261144545 0.0827731639 0.611444056
v -0.0311153345 0.08716186 0.613735855
v -0.0261144545 0.0827731639 0.611444056
v -0.03067045 0.08716374 0.610387
v -0.0311153345 0.08716186 0.613735855
v -0.0436052121 0.0819 0.6094008
v -0.0431146324 0.0819 0.615251243
v -0.0438855477 0.08277315 0.6118059
v -0.0431146324 0.0819 0.615251243
v -0.0412256047 0.08279773 0.6181363
v -0.0438855477 0.08277315 0.6118059
v -0.0431146324 0.0819 0.615251243
v -0.0382502228 0.0819 0.6200315
v -0.0412256047 0.08279773 0.6181363
v -0.0382502228 0.0819 0.6200315
v -0.034819074 0.0827731341 0.6205105
v -0.0412256047 0.08279773 0.6181363
v -0.0382502228 0.0819 0.6200315
v -0.0307009779 0.08216613 0.6195511
v -0.034819074 0.0827731341 0.6205105
v -0.02821202 0.0819 0.6173626
v -0.0274829976 0.082774885 0.616199732
v -0.0307009779 0.08216613 0.6195511
v -0.02821202 0.0819 0.6173626
v -0.0260158069 0.0819 0.610906065
v -0.0274829976 0.082774885 0.616199732
v -0.0260158069 0.0819 0.610906065
v -0.0261144545 0.0827731639 0.611444056
v -0.0274829976 0.082774885 0.616199732
v -0.0260158069 0.0819 0.610906065
v -0.0287743825 0.0827977061 0.6051137
v -0.0261144545 0.0827731639 0.611444056
v -0.0260158069 0.0819 0.610906065
v -0.0292622559 0.0819 0.6048371
v -0.0287743825 0.0827977061 0.6051137
v -0.0292622559 0.0819 0.6048371
v -0.03383918 0.0819 0.60290277
v -0.0287743825 0.0827977061 0.6051137
v -0.03383918 0.0819 0.60290277
v -0.03518094 0.0827731639 0.6027395
v -0.0287743825 0.0827977061 0.6051137
v -0.03383918 0.0819 0.60290277
v -0.0395459272 0.0819 0.603842437
v -0.03518094 0.0827731639 0.6027395
v -0.0395459272 0.0819 0.603842437
v -0.0415112823 0.08279772 0.60539937
v -0.03518094 0.0827731639 0.6027395
v -0.0395459272 0.0819 0.603842437
v -0.0436052121 0.0819 0.6094008
v -0.0415112823 0.08279772 0.60539937
v -0.0436052121 0.0819 0.6094008
v -0.0438855477 0.08277315 0.6118059
v -0.0415112823 0.08279772 0.60539937
v -0.0339586325 0.0819 0.6177286
v -0.0307009779 0.08216613 0.6195511
v -0.0382502228 0.0819 0.6200315
v -0.0339586325 0.0819 0.6177286
v -0.02821202 0.0819 0.6173626
v -0.0307009779 0.08216613 0.6195511
v -0.03343937 0.0819 0.6133393
v -0.028972283 0.0819 0.612712264
v -0.02821202 0.0819 0.6173626
v -0.0431146324 0.0819 0.615251243
v -0.0411035381 0.0819 0.612666368
v -0.0367142931 0.0819 0.6131856
v -0.03608731 0.0819 0.6176527
v -0.0382502228 0.0819 0.6200315
v -0.0339586325 0.0819 0.6177286
v -0.03343937 0.0819 0.6133393
v -0.02821202 0.0819 0.6173626
v -0.0431146324 0.0819 0.615251243
v -0.0367142931 0.0819 0.6131856
v -0.028972283 0.0819 0.612712264
v -0.0260158069 0.0819 0.610906065
v -0.0288964622 0.0819 0.610583663
v -0.0292622559 0.0819 0.6048371
v -0.0332856961 0.0819 0.6100643
v -0.0332856961 0.0819 0.6100643
v -0.03391269 0.0819 0.6055973
v -0.03383918 0.0819 0.60290277
v -0.0436052121 0.0819 0.6094008
v -0.0411035381 0.0819 0.612666368
v -0.0410277173 0.0819 0.6105377
v -0.0395459272 0.0819 0.603842437
v -0.0288964622 0.084525 0.612666368
v -0.0288964622 0.0819 0.610583663
v -0.028972283 0.0819 0.612712264
v -0.0288964622 0.0819 0.610583663
v -0.0288964622 0.084525 0.612666368
v -0.028972283 0.084525 0.6105377
v -0.0332857035 0.084525 0.6131856
v -0.03343937 0.0819 0.6133393
v -0.03391269 0.084525 0.6176527
v -0.03343937 0.0819 0.6133393
v -0.0339586325 0.0819 0.6177286
v -0.03391269 0.084525 0.6176527
v -0.0339586325 0.0819 0.6177286
v -0.0360413678 0.084525 0.6177286
v -0.03391269 0.084525 0.6176527
v -0.0360413678 0.084525 0.6177286
v -0.0339586325 0.0819 0.6177286
v -0.03608731 0.0819 0.6176527
v -0.0411035381 0.084525 0.610583663
v -0.0411035381 0.0819 0.612666368
v -0.0410277173 0.0819 0.6105377
v -0.0411035381 0.0819 0.612666368
v -0.0411035381 0.084525 0.610583663
v -0.0410277173 0.084525 0.612712264
v -0.0339586325 0.084525 0.605521441
v -0.0360413678 0.0819 0.605521441
v -0.03391269 0.0819 0.6055973
v -0.0360413678 0.0819 0.605521441
v -0.0339586325 0.084525 0.605521441
v -0.03608731 0.084525 0.6055973
v -0.028972283 0.084525 0.6105377
v -0.0288964622 0.084525 0.612666368
v -0.0334393643 0.084525 0.609910667
v -0.0288964622 0.084525 0.612666368
v -0.0332857035 0.084525 0.6131856
v -0.0334393643 0.084525 0.609910667
v -0.03656062 0.084525 0.6133393
v -0.0411035381 0.084525 0.610583663
v -0.0367143 0.084525 0.6100644
v -0.03656062 0.084525 0.6133393
v -0.0410277173 0.084525 0.612712264
v -0.0411035381 0.084525 0.610583663
v -0.00438129343 0.09941303 0.332283139
v -0.00325315678 0.09918952 0.337576538
v 0.004131204 0.0994049162 0.331967533
v 0.000163463643 0.09941323 0.329220235
v -0.00515197171 0.08889999 0.3350524
v -0.003184196 0.08889999 0.338160217
v -0.00532479957 0.0985106 0.334594637
v -0.00325315678 0.09918952 0.337576538
v 0.0011941375 0.08889999 0.3390691
v 0.00516293151 0.08889999 0.3357196
v 0.0007962228 0.09858141 0.339253724
v 0.004244321 0.0991293862 0.3364923
v 0.00204126025 0.08889999 0.329802841
v -0.00132079667 0.08889999 0.3296009
v -0.000417848147 0.08889999 0.3283361
v 0.00427767355 0.08889999 0.3305548
v 0.0044506737 0.08889999 0.333110631
v 0.00319085317 0.08889999 0.337004155
v 0.00516293151 0.08889999 0.3357196
v 0.0011941375 0.08889999 0.3390691
v 0.008798216 0.0819 0.333950132
v 0.007414493 0.0819 0.338722348
v 0.00611367635 0.0819 0.334193319
v 0.00593910366 0.0819 0.3320705
v 0.007195096 0.0819 0.3283931
v 0.00151923194 0.0819 0.332070053
v 0.000372233771 0.0819 0.3277074
v 0.007195096 0.0819 0.3283931
v 0.00593910366 0.0819 0.3320705
v 0.000242239752 0.0819 0.324811459
v 0.007414493 0.0819 0.338722348
v 0.001751062 0.0819 0.335340351
v 0.00611367635 0.0819 0.334193319
v 0.00175065 0.0819 0.3397602
v 0.001768677 0.0819 0.342658758
v -0.0003722368 0.0819 0.3399348
v -0.001750653 0.0819 0.327882022
v -0.005695224 0.0821874738 0.326948017
v 0.000242239752 0.0819 0.324811459
v -0.001751065 0.0819 0.332301885
v -0.001751065 0.0819 0.332301885
v -0.00611367961 0.0819 0.3334489
v -0.008729863 0.0819 0.3315801
v -0.00593910133 0.0819 0.3355717
v -0.00151924288 0.0819 0.335572153
v -0.0003722368 0.0819 0.3399348
v -0.0049012173 0.0819 0.341235638
v 0.001768677 0.0819 0.342658758
v -0.00593910133 0.0819 0.3355717
v -0.005858414 0.084525 0.335608423
v -0.00151924288 0.0819 0.335572153
v -0.00134860782 0.084525 0.3357067
v -0.00618358143 0.084525 0.3335034
v -0.00611367961 0.0819 0.3334489
v -0.00188562251 0.084525 0.3324725
v -0.001751065 0.0819 0.332301885
v 0.000317730155 0.084525 0.327637523
v 0.000372233771 0.0819 0.3277074
v 0.00134859956 0.084525 0.3319355
v 0.00151923194 0.0819 0.332070053
v 0.00134859956 0.084525 0.3319355
v 0.00151923194 0.0819 0.332070053
v 0.005858411 0.084525 0.332033753
v 0.00593910366 0.0819 0.3320705
v 0.001751062 0.0819 0.335340351
v 0.00188561948 0.084525 0.3351697
v 0.00611367635 0.0819 0.334193319
v 0.006183581 0.084525 0.33413887
v 0.00175065 0.0819 0.3397602
v 0.00178734818 0.084525 0.3396795
v 0.001751062 0.0819 0.335340351
v 0.00188561948 0.084525 0.3351697
v -0.00151924288 0.0819 0.335572153
v -0.00134860782 0.084525 0.3357067
v -0.0003722368 0.0819 0.3399348
v -0.0003177332 0.084525 0.340004683
v -0.0003177332 0.084525 0.340004683
v 0.00188561948 0.084525 0.3351697
v 0.00178734818 0.084525 0.3396795
v -0.00134860782 0.084525 0.3357067
v -0.00188562251 0.084525 0.3324725
v 0.00134859956 0.084525 0.3319355
v 0.000317730155 0.084525 0.327637523
v -0.00178735121 0.084525 0.3279627
v -0.03749873 0.08889999 0.615375936
v -0.0367680974 0.08889999 0.6168339
v -0.0404727757 0.08889999 0.6121806
v -0.03950331 0.08889999 0.6118082
v -0.03777891 0.08889999 0.6068776
v -0.0334341824 0.08889999 0.6158513
v -0.0322523564 0.08889999 0.6161537
v -0.0367680974 0.08889999 0.6168339
v -0.0304032527 0.08889999 0.6121373
v -0.0334341824 0.08889999 0.6158513
v -0.03749873 0.08889999 0.615375936
v -0.03376196 0.08716374 0.6159545
v -0.03711098 0.08716186 0.6155096
v -0.0395459272 0.0819 0.603842437
v -0.03656063 0.0819 0.609910667
v -0.0410277173 0.0819 0.6105377
v -0.0360413678 0.0819 0.605521441
v -0.03383918 0.0819 0.60290277
v -0.03391269 0.0819 0.6055973
v -0.0288964622 0.0819 0.610583663
v -0.028972283 0.084525 0.6105377
v -0.0332856961 0.0819 0.6100643
v -0.0334393643 0.084525 0.609910667
v -0.0288964622 0.084525 0.612666368
v -0.028972283 0.0819 0.612712264
v -0.0332857035 0.084525 0.6131856
v -0.03343937 0.0819 0.6133393
v -0.0360413678 0.084525 0.6177286
v -0.03608731 0.0819 0.6176527
v -0.03656062 0.084525 0.6133393
v -0.0367142931 0.0819 0.6131856
v -0.03656062 0.084525 0.6133393
v -0.0367142931 0.0819 0.6131856
v -0.0410277173 0.084525 0.612712264
v -0.0411035381 0.0819 0.612666368
v -0.03656063 0.0819 0.609910667
v -0.0367143 0.084525 0.6100644
v -0.0410277173 0.0819 0.6105377
v -0.0411035381 0.084525 0.610583663
v -0.0360413678 0.0819 0.605521441
v -0.03608731 0.084525 0.6055973
v -0.03656063 0.0819 0.609910667
v -0.0367143 0.084525 0.6100644
v -0.0332856961 0.0819 0.6100643
v -0.0334393643 0.084525 0.609910667
v -0.03391269 0.0819 0.6055973
v -0.0339586325 0.084525 0.605521441
v -0.0339586325 0.084525 0.605521441
v -0.0367143 0.084525 0.6100644
v -0.03608731 0.084525 0.6055973
v -0.0334393643 0.084525 0.609910667
v -0.0332857035 0.084525 0.6131856
v -0.03656062 0.084525 0.6133393
v -0.0360413678 0.084525 0.6177286
v -0.03391269 0.084525 0.6176527
v -0.108261622 0.1995 0.402484179
v -0.112490647 0.1995 0.406498522
v -0.108743519 0.2065 0.402678132
v -0.112490647 0.1995 0.406498522
v -0.112366416 0.2065 0.406465232
v -0.108743519 0.2065 0.402678132
v -0.112366408 0.1995 0.4608494
v -0.108743511 0.1995 0.4646365
v -0.112490647 0.2065 0.460816145
v -0.108743511 0.1995 0.4646365
v -0.108261622 0.2065 0.4648305
v -0.112490647 0.2065 0.460816145
v -0.108743511 0.1995 0.4646365
v -0.06831601 0.199224323 0.46515733
v -0.108261622 0.2065 0.4648305
v -0.06831601 0.199224323 0.46515733
v -0.07085116 0.2065 0.46515733
v -0.108261622 0.2065 0.4648305
v -0.112366416 0.08049999 0.406465232
v -0.108743519 0.08049999 0.402678132
v -0.112490647 0.0735 0.406498522
v -0.108743519 0.08049999 0.402678132
v -0.108261622 0.0735 0.402484179
v -0.112490647 0.0735 0.406498522
v -0.108743519 0.08049999 0.402678132
v -0.0679587945 0.0810208246 0.4021573
v -0.108261622 0.0735 0.402484179
v -0.0679587945 0.0810208246 0.4021573
v -0.07085116 0.0735 0.4021573
v -0.108261622 0.0735 0.402484179
v -0.108261622 0.08049999 0.4648305
v -0.112490647 0.08049999 0.460816145
v -0.108743489 0.0735 0.4646365
v -0.112490647 0.08049999 0.460816145
v -0.112366408 0.0735 0.4608494
v -0.108743489 0.0735 0.4646365
v -0.108743489 0.0735 0.4646365
v -0.07085116 0.0735 0.46515733
v -0.108261622 0.08049999 0.4648305
v -0.07085116 0.0735 0.46515733
v -0.0684406757 0.0808268562 0.46515733
v -0.108261622 0.08049999 0.4648305
v -0.0684406757 0.0808268562 0.46515733
v -0.0643719956 0.08460763 0.46515733
v -0.0679587945 0.0810208246 0.4021573
v -0.0643719956 0.08460763 0.46515733
v -0.06417802 0.08508952 0.4021573
v -0.0679587945 0.0810208246 0.4021573
v -0.06417801 0.194910482 0.46515733
v -0.06831601 0.199224323 0.46515733
v -0.06437199 0.195392355 0.4021573
v -0.06831601 0.199224323 0.46515733
v -0.06872874 0.199334681 0.4021573
v -0.06437199 0.195392355 0.4021573
v -0.108743519 0.2065 0.402678132
v -0.07085116 0.2065 0.4021573
v -0.108261622 0.1995 0.402484179
v -0.07085116 0.2065 0.4021573
v -0.06872874 0.199334681 0.4021573
v -0.108261622 0.1995 0.402484179
v -0.08599156 0.1995 0.415124118
v -0.0880265757 0.1995 0.411599338
v -0.06872874 0.199334681 0.4021573
v -0.0643719956 0.08460763 0.46515733
v -0.06417801 0.194910482 0.46515733
v -0.06417802 0.08508952 0.4021573
v -0.06437199 0.195392355 0.4021573
v -0.0568511635 0.0875 0.4021573
v -0.0568511635 0.1925 0.4021573
v -0.0568511635 0.0875 0.46515733
v -0.0568511635 0.1925 0.46515733
v -0.112366416 0.2065 0.406465232
v -0.112490647 0.1995 0.406498522
v -0.112490647 0.2065 0.460816145
v -0.112366408 0.1995 0.4608494
v -0.108261622 0.0735 0.402484179
v -0.112366408 0.0735 0.4608494
v -0.112490647 0.0735 0.406498522
v -0.108743489 0.0735 0.4646365
v -0.07085116 0.0735 0.4021573
v -0.07085116 0.0735 0.46515733
v -0.09185117 0.2065 0.4102073
v -0.09185117 0.1995 0.4102073
v -0.0880265757 0.1995 0.411599338
v -0.0880265757 0.2065 0.411599338
v -0.08599156 0.1995 0.415124118
v -0.08599156 0.2065 0.415124118
v -0.086698316 0.1995 0.4191323
v -0.086698316 0.2065 0.4191323
v -0.0898161456 0.1995 0.421748519
v -0.0898161456 0.2065 0.421748519
v -0.0938861743 0.1995 0.421748519
v -0.0938861743 0.2065 0.421748519
v -0.09700402 0.1995 0.4191323
v -0.09700402 0.2065 0.4191323
v -0.0977107659 0.1995 0.415124118
v -0.0977107659 0.2065 0.415124118
v -0.09567575 0.1995 0.411599338
v -0.09567575 0.2065 0.411599338
v -0.09185117 0.1995 0.4102073
v -0.09185117 0.2065 0.4102073
v -0.0679587945 0.0810208246 0.4021573
v -0.06385116 0.07537564 0.4021573
v -0.07085116 0.0735 0.4021573
v -0.06417802 0.08508952 0.4021573
v -0.0587268062 0.08049999 0.4021573
v -0.0568511635 0.0875 0.4021573
v -0.0684406757 0.0808268562 0.46515733
v -0.0679587945 0.0810208246 0.4021573
v -0.108743519 0.08049999 0.402678132
v -0.108261622 0.08049999 0.4648305
v -0.112366416 0.08049999 0.406465232
v -0.112490647 0.08049999 0.460816145
v -0.0568511635 0.0875 0.46515733
v -0.0568511635 0.1925 0.46515733
v -0.0643719956 0.08460763 0.46515733
v -0.06417801 0.194910482 0.46515733
v -0.07085116 0.0735 0.46515733
v -0.06385116 0.07537564 0.46515733
v -0.0684406757 0.0808268562 0.46515733
v -0.0643719956 0.08460763 0.46515733
v -0.0587268062 0.08049999 0.46515733
v -0.0568511635 0.0875 0.46515733
v -0.07085116 0.0735 0.4021573
v -0.06385116 0.07537564 0.4021573
v -0.07085116 0.0735 0.46515733
v -0.06385116 0.07537564 0.46515733
v -0.0587268062 0.08049999 0.4021573
v -0.0587268062 0.08049999 0.46515733
v -0.0568511635 0.0875 0.4021573
v -0.0568511635 0.0875 0.46515733
v -0.0568511635 0.1925 0.4021573
v -0.06437199 0.195392355 0.4021573
v -0.0587268062 0.1995 0.4021573
v -0.06385116 0.204624355 0.4021573
v -0.06872874 0.199334681 0.4021573
v -0.07085116 0.2065 0.4021573
v -0.06417802 0.08508952 0.4021573
v -0.06437199 0.195392355 0.4021573
v -0.0568511635 0.0875 0.4021573
v -0.0568511635 0.1925 0.4021573
v -0.0568511635 0.1925 0.46515733
v -0.0587268062 0.1995 0.46515733
v -0.06417801 0.194910482 0.46515733
v -0.06385116 0.204624355 0.46515733
v -0.06831601 0.199224323 0.46515733
v -0.07085116 0.2065 0.46515733
v -0.112366416 0.08049999 0.406465232
v -0.112490647 0.0735 0.406498522
v -0.112490647 0.08049999 0.460816145
v -0.112366408 0.0735 0.4608494
v -0.0568511635 0.1925 0.4021573
v -0.0587268062 0.1995 0.4021573
v -0.0568511635 0.1925 0.46515733
v -0.0587268062 0.1995 0.46515733
v -0.06385116 0.204624355 0.4021573
v -0.06385116 0.204624355 0.46515733
v -0.07085116 0.2065 0.4021573
v -0.07085116 0.2065 0.46515733
v -0.086698316 0.1995 0.4191323
v -0.08599156 0.1995 0.415124118
v -0.06872874 0.199334681 0.4021573
v -0.06831601 0.199224323 0.46515733
v -0.0898161456 0.1995 0.421748519
v -0.108743511 0.1995 0.4646365
v -0.0938861743 0.1995 0.421748519
v -0.112366408 0.1995 0.4608494
v -0.09700402 0.1995 0.4191323
v -0.112490647 0.1995 0.406498522
v -0.0977107659 0.1995 0.415124118
v -0.108261622 0.1995 0.402484179
v -0.09567575 0.1995 0.411599338
v -0.09185117 0.1995 0.4102073
v -0.0880265757 0.1995 0.411599338
v -0.09185117 0.1995 0.4102073
v -0.06872874 0.199334681 0.4021573
v -0.108261622 0.1995 0.402484179
v -0.0880265757 0.2065 0.411599338
v -0.08599156 0.2065 0.415124118
v -0.07085116 0.2065 0.4021573
v -0.09185117 0.2065 0.4102073
v -0.086698316 0.2065 0.4191323
v -0.07085116 0.2065 0.46515733
v -0.0898161456 0.2065 0.421748519
v -0.108261622 0.2065 0.4648305
v -0.0938861743 0.2065 0.421748519
v -0.112490647 0.2065 0.460816145
v -0.09700402 0.2065 0.4191323
v -0.112366416 0.2065 0.406465232
v -0.0977107659 0.2065 0.415124118
v -0.108743519 0.2065 0.402678132
v -0.09567575 0.2065 0.411599338
vn -0.05949676 -0.99822557 0.00242910977
vn -0.05949676 -0.99822557 0.00242910977
vn -0.0249250587 -0.999689341 -1.26420236E-05
vn 0 -1 0
vn 0 -1 -1.63845186E-07
vn 0 -1 0
vn 0 -1 0
vn 0 -1 0
vn 0 -1 0
vn 0 -1 0
vn 0 -1 0
vn 0 -1 0
vn 0 -1 0
vn 0 -1 0
vn 0 -1 0
vn 0 -1 2.85004631E-07
vn 0 -1 0
vn 0 -1 -1.30580986E-07
vn 0 -1 1.42756591E-07
vn 0 -1 0
vn 0 -1 0
vn 0 -1 2.62589879E-07
vn 0 -1 0
vn 0 -1 0
vn 0 -1 0
vn 0 -1 0
vn 0 -1 1.5013309E-07
vn 0 -1 -5.76570358E-07
vn 0 -1 1.03168851E-07
vn 0 -1 0
vn 0 -1 0
vn 0 -1 0
vn 0 -1 0
vn 0 -1 0
vn 0 -1 -1.50334347E-06
vn 0 -1 9.37560344E-07
vn 0 -1 0
vn 0 -1 2.5971832E-07
vn 0 -1 0
vn 0 -1 -2.17761055E-07
vn 0 -1 0
vn 0 -1 0
vn 0 -1 -1.13896192E-06
vn 0 -1 0
vn 0 -1 0
vn 0 -1 0
vn 0 -1 -1.17031256E-07
vn 0 -1 -1.17031256E-07
vn 0 -1 0
vn 0 -1 6.3696416E-07
vn 0 -1 7.65603E-07
vn 0 -1 0
vn 0 -1 0
vn 0 -1 -3.664183E-07
vn 0 -1 0
vn 0 -1 -3.664183E-07
vn 0 -1 -1.52075529E-07
vn 0 -1 -1.52075529E-07
vn 0 -1 0
vn 0 -1 0
vn 0 -1 0
vn 0 -1 -4.77083745E-07
vn 0 -1 -4.77083745E-07
vn 0 -1 0
vn 0 -1 0
vn 0 -1 0
vn 0 -1 -4.3686768E-07
vn 0 -1 -4.3686768E-07
vn 0 -1 2.10843268E-07
vn 0 -1 0
vn 0 -1 0
vn 0 -1 0
vn 0 -1 -3.62699382E-07
vn 0 -1 -3.62699382E-07
vn -2.445155E-06 1 1.09474615E-06
vn -2.445155E-06 1 1.09474615E-06
vn -2.445155E-06 1 1.09474615E-06
vn 0 1 1.75391324E-06
vn 0 1 1.75391324E-06
vn -1.18846015E-06 1 -3.49959237E-06
vn -1.18846015E-06 1 -3.49959237E-06
vn -1.18846015E-06 1 -3.49959237E-06
vn 2.061485E-06 1 0
vn 2.061485E-06 1 0
vn 2.061485E-06 1 0
vn -3.24301141E-06 1 6.287924E-06
vn -3.24301141E-06 1 6.287924E-06
vn -3.24301141E-06 1 6.287924E-06
vn 9.683322E-06 1 0
vn -3.06612719E-06 1 0
vn -3.06612719E-06 1 0
vn 9.683322E-06 1 0
vn 0 1 6.209413E-07
vn 5.82284156E-06 1 0
vn 0 1 -5.843154E-07
vn 9.25760844E-07 1 -1.210342E-06
vn 0 1 -4.99149337E-07
vn 0 1 5.64981235E-07
vn 0 1 0
vn 0 1 0
vn 0 1 0
vn 0 1 0
vn 0 1 0
vn -5.388656E-06 1 0
vn -5.388656E-06 1 0
vn 2.20380525E-06 1 0
vn 2.20380525E-06 1 0
vn 0 1 -3.72727527E-07
vn 0 1 -1.69855116E-06
vn -5.745893E-07 1 -4.49896532E-07
vn -5.745893E-07 1 -4.49896532E-07
vn 0 1 -8.403868E-07
vn 0 1 0
vn 0 1 0
vn 0 1 -3.80193114E-07
vn 0 1 0
vn 0 1 1.8497775E-07
vn 0 1 0
vn 0 1 0
vn 0 1 0
vn 0 1 -3.026151E-07
vn 1.225832E-06 1 1.62569108E-07
vn 7.58559338E-07 1 0
vn -1.03061063E-06 1 0
vn -6.59331363E-07 1 -1.9238405E-07
vn 1.20796167E-05 1 -6.59539637E-06
vn 2.63548873E-06 1 0
vn 1.20796167E-05 1 -6.59539637E-06
vn -2.68063536E-06 1 1.502569E-06
vn -3.20020348E-07 1 0
vn 0 1 3.2023047E-07
vn 0 1 0
vn 0 1 0
vn 0 1 3.2023047E-07
vn 0 1 3.2023047E-07
vn 0 1 -1.10505482E-06
vn 0 1 -5.4851597E-07
vn 0 1 -5.4851597E-07
vn 0 1 0
vn 4.02814658E-06 1 0
vn 4.02814658E-06 1 0
vn -2.31515924E-06 1 3.5204946E-06
vn 0 1 0
vn 0 1 0
vn 0 1 1.16495676E-06
vn 0 1 1.16495676E-06
vn -6.59903026E-06 1 -6.361908E-06
vn 0 1 0
vn 0 1 0
vn 0 1 0
vn 0 1 0
vn -1.2223546E-05 1 -2.714636E-05
vn -1.2223546E-05 1 -2.714636E-05
vn -1.2223546E-05 1 -2.714636E-05
vn 0 1 0
vn 0 1 0
vn 0 1 0
vn 4.53308E-06 1 -2.02482238E-06
vn 4.53308E-06 1 -2.02482238E-06
vn 4.53308E-06 1 -2.02482238E-06
vn -2.375688E-06 1 2.59758622E-07
vn -2.375688E-06 1 2.59758622E-07
vn 0 1 0
vn 0 1 -1.89387254E-06
vn 0 1 -1.89387254E-06
vn 0 1 -1.07739868E-06
vn 0 1 0
vn 0 1 5.74043452E-06
vn 8.914316E-07 1 9.83737E-07
vn -2.79202368E-07 1 0
vn -6.48785658E-07 1 0
vn 0 1 0
vn 0 1 0
vn 0 1 0
vn 0 1 0
vn 0 1 0
vn 0 1 0
vn 0 1 0
vn 0 1 0
vn 0 1 0
vn 0 1 0
vn -3.654092E-06 1 0
vn -3.654092E-06 1 0
vn -3.654092E-06 1 0
vn -4.18858963E-06 1 4.63574634E-06
vn -4.18858963E-06 1 4.63574634E-06
vn -4.18858963E-06 1 4.63574634E-06
vn 0.9343807 0.0304174367 -0.354975343
vn 0.8832451 0.0304174181 -0.467924029
vn 0.9342277 0.0183744188 -0.356203645
vn 0.8025517 0 -0.5965826
vn 0.794814348 0.03300329 -0.6059545
vn 0.8637241 0.03300329 -0.5028832
vn 0.888540745 0.009110661 -0.458707273
vn 0.888269246 0 -0.4593232
vn 0.9382815 0 -0.345872641
vn 0.740192652 -0.0386873633 -0.6712809
vn 0.6513643 -0.0386873633 -0.7577782
vn 0.739427745 -0.0480596945 -0.6715184
vn 0.6348157 0.048060447 -0.771167457
vn 0.6345414 0.038688127 -0.771919966
vn 0.7252506 0.03868813 -0.6873971
vn 0.571047246 -0.0311867464 -0.8203246
vn 0.465092361 -0.03118676 -0.884712636
vn 0.5705006 -0.0389760174 -0.8203718
vn 0.4608563 -0.00352917239 -0.8874678
vn 0.460184783 -0.0128878122 -0.887729645
vn 0.566470146 -0.0128878476 -0.8239815
vn 0.9762681 -0.0320583433 -0.214179426
vn 0.9767901 -0.06301673 -0.204719529
vn 0.9473633 -0.063016735 -0.31389752
vn 0.9709954 0.09335053 -0.220121875
vn 0.9896923 0.09335051 -0.108604126
vn 0.970897853 0.09442157 -0.220095128
vn 0.997609735 -0.0325717926 -0.0609421842
vn 0.997776747 -0.0274528954 -0.06072785
vn 0.984535 -0.0274529029 -0.173024073
vn 0.962603569 -0.03799411 0.2682364
vn 0.95938164 -0.06492523 0.274538934
vn 0.984281361 -0.06492522 0.16424036
vn 0.9720653 0.0649275854 0.225551426
vn 0.9403078 0.06492757 0.3340744
vn 0.9718239 0.0379969031 0.23262538
vn 0.8383822 0.0300331637 0.5442548
vn 0.7715473 0.0300331637 0.6354627
vn 0.837884068 0.0377290174 0.5445428
vn 0.7619544 -0.0242749155 0.6471756
vn 0.7616802 -0.01585397 0.64775914
vn 0.8299465 -0.0158539712 0.5576177
vn 0.727200568 0.0134859625 0.6862925
vn 0.6396286 0.0134859663 0.7685658
vn 0.7271147 0.016563639 0.686316252
vn 0.197851211 -0.0256207231 0.9798972
vn 0.196990624 -0.0150792981 0.9802894
vn 0.3131575 -0.0150793046 0.9495815
vn 0.7271995 0.0134858927 0.6862937
vn 0.639627457 0.0134859895 0.7685668
vn 0.7271135 0.0165635552 0.686317444
vn 0.1978522 -0.025619816 0.979897
vn 0.196991622 -0.0150785511 0.9802892
vn 0.3131584 -0.0150784617 0.9495812
vn 0.7616793 -0.0158542152 0.6477603
vn 0.8299457 -0.0158542152 0.557618856
vn 0.7619535 -0.02427514 0.6471766
vn 0.8378846 0.0377290174 0.544542
vn 0.838382661 0.0300331749 0.544254065
vn 0.771547854 0.03003318 0.6354619
vn 0.9718238 0.0379954763 0.232625887
vn 0.9720653 0.06492616 0.225551873
vn 0.940307736 0.0649262443 0.334074825
vn 0.960970163 -0.0961911455 0.259390861
vn 0.9841889 -0.0961911157 0.14872618
vn 0.962197661 -0.0854759142 0.258591473
vn 0.9961806 0.08547704 0.0178301949
vn 0.9952223 0.09619227 0.016722342
vn 0.9869039 0.09619225 0.129490137
vn 0.994667768 -0.0961913243 0.03719288
vn 0.99246794 -0.0961913243 -0.07585994
vn 0.9956846 -0.08547611 0.0361385234
vn 0.9817005 0.0524891354 -0.183054686
vn 0.9810651 0.0614005476 -0.183687985
vn 0.995545745 0.0614004619 -0.071544826
vn 0.9820357 -0.05316396 -0.181051046
vn 0.955271542 -0.05316396 -0.2909121
vn 0.9820379 -0.0531221628 -0.181051567
vn 0.9472362 0.01692886 -0.3200891
vn 0.947252631 0.0134218829 -0.320206583
vn 0.9773483 0.0134219741 -0.211211041
vn 0.9347179 -0.0136790341 -0.355127215
vn 0.883582354 -0.01367894 -0.468075961
vn 0.934651852 -0.0166355781 -0.3551748
vn 0.7401931 -0.03868727 -0.6712805
vn 0.651364863 -0.0386872739 -0.75777775
vn 0.7394282 -0.04805957 -0.671517849
vn 0.6348147 0.04806037 -0.771168351
vn 0.634540439 0.03868807 -0.7719208
vn 0.725249767 0.03868808 -0.6873981
vn 0.5710464 -0.0311865546 -0.8203252
vn 0.465091437 -0.0311865676 -0.8847132
vn 0.5704997 -0.03897582 -0.820372462
vn 0.460853219 -0.00352360844 -0.8874694
vn 0.460181683 -0.0128822587 -0.8877313
vn 0.566506863 -0.0128822625 -0.8239564
vn 0.9965997 -0.0395450741 -0.0722860843
vn 0.9952805 -0.06690496 -0.070288
vn 0.8261304 -0.06690652 -0.559492767
vn 0.9960785 0.0723225251 -0.0509616733
vn 0.887477934 0.07232247 0.455139935
vn 0.99486357 0.08757833 -0.0507598147
vn 0.7954073 -0.0576146021 0.603330553
vn 0.7957388 -0.03288509 0.6047465
vn 0.99153775 -0.0328837 0.125584915
vn 0.542769432 0.03870556 0.838989437
vn 0.05017203 0.038705647 0.9979903
vn 0.5377047 0.0877026 0.838559449
vn -0.0463935 -0.08769947 0.995066047
vn -0.05056469 -0.0387023836 0.997970641
vn 0.455538362 -0.03870247 0.8893745
vn -0.3867568 0.03288505 0.9215952
vn -0.795904458 0.03288648 0.604528368
vn -0.3871777 0.05761528 0.9202032
vn -0.886961 -0.08757501 0.4534653
vn -0.8881141 -0.07231995 0.453897744
vn -0.541015267 -0.072320044 0.837897539
vn -0.897081852 0.06690468 0.4367698
vn -0.9951965 0.06690306 -0.07146897
vn -0.8992235 0.0395420343 0.435699
vn -0.8992234 -0.03954143 -0.435699254
vn -0.8970818 -0.06690251 -0.43677032
vn -0.9951965 -0.06690409 0.07146856
vn -0.9208727 0.05337781 -0.386192083
vn -0.6038074 0.05337927 -0.795341
vn -0.9212502 0.0395807922 -0.386951357
vn -0.3869564 -0.0395800024 -0.921248138
vn -0.3861972 -0.053378094 -0.920870543
vn -0.7953445 -0.0533768125 -0.6038031
vn -0.436767548 0.06690591 -0.8970829
vn 0.07147156 0.06690431 -0.9951963
vn -0.43569693 0.0395458154 -0.8992243
vn 0.5394255 -0.0671019256 -0.8393554
vn 0.5411461 -0.108002871 -0.833964169
vn 0.0485486425 -0.108003065 -0.992964447
vn 0.4516605 0.108002312 -0.88562876
vn 0.835657835 0.10800238 -0.5385272
vn 0.457190156 0.0671002343 -0.8868341
vn 0.006632388 0.000187015423 -0.999978
vn 0.006632388 0.000187015423 -0.999978
vn 0.006632388 0.000187015423 -0.999978
vn 0.0529491529 0.05799484 0.9969117
vn 0.0529491529 0.05799484 0.9969117
vn 0.0529491529 0.05799484 0.9969117
vn 0.636127234 0.7715842 2.857705E-05
vn 0.636099 0.77159977 0.003441776
vn 0.8829641 0.469428 0.00344177615
vn 0.779538035 0.626347661 -0.00301171257
vn 0.480494231 0.8769927 -0.00301171653
vn 0.779517949 0.6263795 0.0007229901
vn -0.8491531 -0.5281462 -0.000757825444
vn -0.644369543 -0.764714241 -4.2556203E-05
vn -0.8491533 -0.528145134 -0.00117879594
vn -0.000484326127 0.000222362825 0.9999999
vn -0.000484326127 0.000222362825 0.9999999
vn -0.000484326127 0.000222362825 0.9999999
vn -0.00218484062 -0.00189793424 0.9999958
vn -0.00218484062 -0.00189793424 0.9999958
vn -0.00218484062 -0.00189793424 0.9999958
vn -0.575608552 0.0253538154 -0.8173322
vn -0.5060627 0.03471432 -0.8617978
vn -0.575942338 0.0268199351 -0.8170503
vn -0.494441926 -0.0268202219 -0.8687968
vn -0.494839042 -0.0253540948 -0.868614733
vn -0.5646649 -0.03471445 -0.8245899
vn -0.4296552 0.0253515467 -0.9026371
vn -0.353611141 0.0347119235 -0.934748232
vn -0.430031657 0.026817672 -0.902415454
vn -0.340976655 -0.0268204752 -0.9396891
vn -0.341398776 -0.0253543947 -0.939576566
vn -0.417644352 -0.0347153768 -0.9079472
vn -0.274781883 0.0236313418 -0.961216152
vn -0.1944388 0.0335893854 -0.9803394
vn -0.2751017 0.0247611236 -0.9610962
vn -0.183963031 -0.0128061874 -0.9828498
vn -0.183945671 -0.0111932857 -0.982872665
vn -0.26632005 -0.008660942 -0.9638458
vn -0.235510871 0.0190591067 0.9716849
vn -0.340942055 0.0200065039 0.93987143
vn -0.235283315 0.0216142163 0.9716865
vn -0.357259274 -0.024163641 0.933692634
vn -0.35684225 -0.0219396278 0.933907
vn -0.252945781 -0.0292710364 0.967037559
vn -0.70835954 0.0231714826 0.7054714
vn -0.780805051 0.0296739247 0.624069631
vn -0.707924664 0.0258528423 0.7058146
vn -0.7926452 -0.0258514881 0.6091349
vn -0.792362034 -0.023170121 0.609611
vn -0.721175849 -0.0296728481 0.6921163
vn -0.84599 0.0231683087 0.532695234
vn -0.8987913 0.02967122 0.4373714
vn -0.8456412 0.02584956 0.5331255
vn -0.9070615 -0.0258491766 0.420203775
vn -0.906889856 -0.0231679548 0.4207304
vn -0.8555592 -0.0296710618 0.5168541
vn -0.9423205 0.0231734309 0.333908647
vn -0.972899437 0.0296764579 0.229316339
vn -0.9420748 0.02585471 0.334405
vn -0.9771976 -0.02585077 0.210752532
vn -0.977145731 -0.023169525 0.211304009
vn -0.948177159 -0.0296727363 0.316353649
vn -0.9922142 0.02182584 0.122615911
vn -0.999497831 0.028489057 0.0138737634
vn -0.9920889 0.0244207811 0.123138927
vn -0.999953032 -0.009415296 0.00230145524
vn -0.9999783 -0.00620634854 0.00221311674
vn -0.993660867 -0.0005558338 0.112417877
vn 0.287141 0.0118960245 -0.957814455
vn 0.434095144 -0.00191179512 -0.900865
vn 0.287386149 0.0186262988 -0.957633734
vn 0.457553357 -0.0302776545 -0.88866657
vn 0.457490474 -0.0239389557 -0.888892233
vn 0.312322676 -0.0152245089 -0.9498541
vn 0.477777243 0.0390764251 0.8776115
vn 0.406058133 0.0591471754 0.911931157
vn 0.4766905 0.0365730561 0.8783101
vn 0.0350614935 0.0177255943 0.999228
vn 0.0350614935 0.0177255943 0.999228
vn 0.0350614935 0.0177255943 0.999228
vn 0.0357689336 0.0195394289 0.9991691
vn 0.0357689336 0.0195394289 0.9991691
vn 0.0357689336 0.0195394289 0.9991691
vn 0.377491474 0.0129812211 -0.9259221
vn 0.6957712 -0.0029867366 -0.718257248
vn 0.377153456 0.0237966422 -0.925845
vn 0.7397965 -0.030857129 -0.6721227
vn 0.739666641 -0.0203763973 -0.67266494
vn 0.435488731 -0.007820817 -0.9001602
vn 0.8989578 0.0234098323 -0.437409341
vn 0.9974232 0.00385159277 -0.0716396347
vn 0.89835757 0.03705905 -0.437698871
vn 0.9993103 -0.0370582938 0.00235002465
vn 0.9997243 -0.0234091245 0.00182767224
vn 0.9289101 -0.00385141419 -0.370285422
vn 0.4140435 0.06401378 0.908003449
vn 0.4022407 0.04001 0.9146593
vn 0.6978127 -0.0848280862 0.7112396
vn 0.0357721224 -0.01954343 -0.9991689
vn 0.0357721224 -0.01954343 -0.9991689
vn 0.0357721224 -0.01954343 -0.9991689
vn 0.03505882 -0.0177221037 -0.9992281
vn 0.03505882 -0.0177221037 -0.9992281
vn 0.03505882 -0.0177221037 -0.9992281
vn 0.6200584 0 0.7845557
vn 0.8321411 0 0.55456394
vn 0.6210578 -0.0214239825 0.783471942
vn 0.8477408 0.04696144 0.5283277
vn 0.848838031 0.0287551843 0.527870357
vn 0.6440498 0.0287551843 0.764443
vn 0.9259913 -0.0287532452 0.376448333
vn 0.997010469 -0.02875325 0.07171724
vn 0.925716341 -0.0469597168 0.375291884
vn 0.998892248 0.02143071 0.0418929271
vn 0.9991817 0 0.0404468328
vn 0.937769532 0 0.347258359
vn 0.9991817 0 -0.0404475927
vn 0.937769234 0 -0.347259045
vn 0.998892248 -0.0214307085 -0.0418936834
vn 0.9257159 0.0469601564 -0.3752929
vn 0.9259909 0.0287536979 -0.376449376
vn 0.99701035 0.02875369 -0.0717183948
vn 0.84883523 -0.02875444 -0.5278749
vn 0.6440459 -0.02875441 -0.7644463
vn 0.8477381 -0.0469604135 -0.528332233
vn 0.621026337 0.0214302242 -0.7834967
vn 0.6200265 0 -0.7845808
vn 0.832145 0 -0.5545581
vn 0.270418942 -0.01742416 0.962585032
vn 0.554702938 -0.0174242 0.831866
vn 0.270577 -0.0261788368 0.9623423
vn 0.6282009 0.05509571 0.776098
vn 0.6282271 0.0542116873 0.7761391
vn 0.357177347 0.054211773 0.932462037
vn 0.6185773 -0.0623764843 0.783244133
vn 0.8306958 -0.062376488 0.5532212
vn 0.620536864 -0.0412404425 0.783092141
vn 0.9565062 0.0691718757 0.2833924
vn 0.9550437 0.09868117 0.279559582
vn 0.8210229 0.0986810848 0.562301934
vn 0.9242672 -0.0657158345 0.3760474
vn 0.9952866 -0.06571579 0.0713162646
vn 0.9306219 -0.00742180273 0.365906745
vn 0.998049855 0.0477334 -0.0402245261
vn 0.9366364 0.04773334 -0.347035676
vn 0.9988931 0.0035488978 -0.0469042175
vn 0.964497149 -0.003548883 -0.264069617
vn 0.961631 -0.04773381 -0.270161718
vn 0.9980342 -0.04773378 0.04061064
vn 0.7720026 0.00742870569 -0.635576
vn 0.7628262 0.0657204241 -0.643255055
vn 0.924536169 0.0657205358 -0.375384718
vn 0.8474997 -0.06572239 -0.526711345
vn 0.6427116 -0.06572247 -0.7632839
vn 0.8430319 -0.007429645 -0.537812233
vn 0.03506502 0.01772215 0.9992279
vn 0.03506502 0.01772215 0.9992279
vn 0.03506502 0.01772215 0.9992279
vn 0.03576646 0.0195392873 0.9991692
vn 0.03576646 0.0195392873 0.9991692
vn 0.03576646 0.0195392873 0.9991692
vn 0.7551428 0.007735062 -0.6555147
vn 0.9453421 -0.008527463 -0.325968683
vn 0.7549693 0.0176257174 -0.6555232
vn 0.9616709 -0.02857925 -0.272712976
vn 0.9617586 -0.0193029232 -0.273217529
vn 0.7903728 -0.009318901 -0.6125554
vn 0.9997243 0.023408819 -0.00182177126
vn 0.9289166 0.00372290285 0.370270431
vn 0.9993104 0.0370581 -0.00234408677
vn 0.89835614 -0.03705826 0.43770197
vn 0.8989564 -0.023409158 0.437412232
vn 0.997422934 -0.00385200651 0.071643
vn 0.7396616 0.0203807075 0.672670364
vn 0.435482055 0.007825131 0.9001634
vn 0.7397914 0.0308617838 0.672128141
vn 0.3771594 -0.023802029 0.9258425
vn 0.37749818 -0.0129863992 0.9259193
vn 0.6957769 0.00298243156 0.718251765
vn 0.2649928 -0.0180196278 0.964082062
vn 0.425962955 -0.0145345787 0.904623866
vn 0.264515758 -0.0237979274 0.964087665
vn 0.457968384 0.0301550832 0.8884569
vn 0.457877785 0.02406119 0.888689458
vn 0.298865974 0.0164746772 0.9541529
vn 0.377498627 0.0129785482 -0.9259192
vn 0.6957769 -0.00298901228 -0.718251765
vn 0.377160549 0.0237937961 -0.925842166
vn 0.739800453 -0.0308602825 -0.672118247
vn 0.739670634 -0.0203796756 -0.6726604
vn 0.435494 -0.007825227 -0.90015763
vn 0.8989568 0.0234083738 -0.437411427
vn 0.997423 0.003851622 -0.0716420338
vn 0.8983565 0.03705732 -0.437701225
vn 0.999310434 -0.0370564 0.0023485648
vn 0.9997243 -0.02340736 0.00182600308
vn 0.9289095 -0.003849659 -0.3702869
vn 0.954812765 0.0218500923 0.296403736
vn 0.7758512 0.005824112 0.6308891
vn 0.9546436 0.03389987 0.295814753
vn 0.7290598 -0.03088102 0.683752954
vn 0.729584455 -0.0187357217 0.683634043
vn 0.9319139 -0.00176661671 0.362675369
vn 0.0357719623 -0.01954719 -0.9991688
vn 0.0357719623 -0.01954719 -0.9991688
vn 0.0357719623 -0.01954719 -0.9991688
vn 0.0350530259 -0.01772229 -0.999228358
vn 0.0350530259 -0.01772229 -0.999228358
vn 0.0350530259 -0.01772229 -0.999228358
vn 0 1 3.22208166E-07
vn 0 1 3.22208166E-07
vn 0 1 3.22208166E-07
vn 0 1 1.36843255E-07
vn 0 1 1.36843255E-07
vn 0 1 1.36843255E-07
vn 0 1 0
vn 0 1 0
vn 0 1 0
vn 0 1 0
vn 0 1 0
vn 0 1 0
vn 0 1 0
vn 0 1 0
vn 0 1 0
vn 0 1 0
vn 0 1 -1.09923508E-06
vn 0 1 0
vn 0 1 0
vn 0 1 -1.09923508E-06
vn 0 1 -8.45195245E-07
vn 0 1 6.90659363E-07
vn 0 1 -1.04655015E-07
vn 0 1 0
vn 0 1 0
vn 0 1 6.91494051E-07
vn 0 1 0
vn 0 1 6.91494051E-07
vn 0 1 0
vn 0 1 0
vn 0 1 0
vn 0 1 0
vn 0 1 -1.36419516E-07
vn 0 1 0
vn 0.04204025 0.999115944 3.38764876E-05
vn 0.03205023 0.99948597 0.000724883343
vn 0 1 0
vn 0 1 0
vn 0 1 0
vn 0 1 0
vn 0 1 0
vn 0 1 0
vn 0 1 0
vn 0 1 0
vn 0 1 -1.16476151E-07
vn 0 1 0
vn 0 1 0
vn 0 1 0
vn 0 1 0
vn 0 1 1.7317241E-07
vn 0 1 1.7317241E-07
vn 0 1 0
vn 0 1 0
vn 0 1 0
vn 0 1 0
vn 0 1 0
vn 0 1 -4.086147E-07
vn 0 1 4.6489572E-07
vn 0 1 4.6489572E-07
vn 0 1 0
vn 0 1 0
vn 0 1 0
vn 0 1 0
vn 0 1 0
vn 0 1 0
vn 0 1 0
vn 0 1 3.254573E-07
vn 0 1 3.254573E-07
vn 0 1 0
vn 0 1 0
vn 0 1 -1.32488071E-06
vn 0 1 -1.32488071E-06
vn 0 1 0
vn 0 1 0
vn 0 1 6.078612E-07
vn 0 1 -4.3623902E-07
vn 0 1 -4.3623902E-07
vn 0 1 0
vn 0 1 1.03887453E-06
vn 0 1 0
vn 0 1 -5.062056E-07
vn 0 1 -5.062056E-07
vn 0 1 -5.062056E-07
vn 0.7648048 0.107502155 -0.6352299
vn 0.992353261 0.107501961 -0.06064931
vn 0.770753741 0.0627504 -0.6340356
vn 0.8577855 -0.0365653858 0.5127056
vn 0.8555187 -0.06562263 0.5135966
vn 0.993889 -0.06562585 -0.0887580141
vn 0.8425092 0.0743674561 0.5335239
vn 0.366369128 0.07436742 0.927493
vn 0.8414156 0.0900584757 0.53283143
vn 0.1571389 -0.05965018 0.9857734
vn 0.156586781 -0.03374635 0.9870875
vn 0.707111537 -0.0337444358 0.7062964
vn -0.156589568 0.0337441266 0.987087131
vn -0.707113445 0.0337461345 0.7062944
vn -0.157141864 0.05964958 0.985773
vn -0.8414166 -0.09005822 0.53282994
vn -0.84251 -0.07436751 0.533522666
vn -0.366370469 -0.07436757 0.9274924
vn -0.8555179 0.06562506 0.5135976
vn -0.9938892 0.06562386 -0.08875671
vn -0.857784748 0.03656563 0.5127068
vn -0.7707511 -0.0627498254 -0.634038746
vn -0.7648026 -0.107501581 -0.6352326
vn -0.9923531 -0.107501619 -0.0606528521
vn -0.889086 0.068085894 -0.452648222
vn -0.451915681 0.0680877641 -0.8894584
vn -0.8857068 -0.01152187 -0.464102149
vn -0.223993689 -0.055796 -0.9729921
vn 0.3915919 -0.05579827 -0.9184456
vn -0.2167835 0.009030343 -0.976177931
vn 0.216781631 -0.009030163 -0.976178348
vn 0.223991886 0.0557985045 -0.972992361
vn -0.391593635 0.0557961874 -0.918445
vn 0.8857058 0.0115217166 -0.464103937
vn 0.889085054 -0.06808787 -0.4526497
vn 0.451914072 -0.06808567 -0.8894594
vn 0.9972134 0.03978122 -0.0631106943
vn 0.8435774 0.03978182 0.5355322
vn 0.9939823 0.0920822546 -0.05932961
vn 0.769279 -0.09208175 0.632242739
vn 0.769670248 -0.03978056 0.63720113
vn 0.9972466 -0.0397810638 0.06258283
vn 0.453505367 0.03374363 0.890614569
vn -0.1569243 0.03374562 0.987033963
vn 0.4522861 0.0596486963 0.889876068
vn -0.222328246 -0.0305997245 0.9744916
vn -0.223841563 1.11857537E-06 0.9746255
vn 0.391743273 -1.13260478E-06 0.9200746
vn -0.391777515 1.12839075E-06 0.92006
vn -0.857757568 -1.13277065E-06 0.5140544
vn -0.392922282 0.0306009576 0.9190624
vn -0.8889728 -0.0596459471 0.454059124
vn -0.8903929 -0.0337413065 0.4539405
vn -0.4531846 -0.03373904 0.890778
vn -0.9871571 0.03374328 0.15614821
vn -0.890235841 0.0337457955 -0.45424816
vn -0.9860778 0.05965235 0.1552167
vn -0.8580673 -0.0306040552 -0.512624562
vn -0.8577272 1.118737E-06 -0.514105141
vn -0.9960984 -1.13261149E-06 0.08824929
vn -0.7539735 1.12839439E-06 -0.6569049
vn -0.223848879 -1.132768E-06 -0.974623859
vn -0.752670646 0.030600816 -0.657685757
vn -0.157158375 -0.05965065 -0.9857703
vn -0.156605944 -0.0337463 -0.9870845
vn -0.707159 -0.03374373 -0.7062489
vn 0.24818033 0.0397802331 -0.9678967
vn 0.77003175 0.03977977 -0.6367642
vn 0.250777185 0.0920741 -0.9636561
vn 0.8389966 -0.0920749158 -0.53629
vn 0.843832433 -0.0397813059 -0.5351302
vn 0.367645949 -0.03978063 -0.92911464
vn 0.0109782219 -0.000575158 -0.999939561
vn 0.0109782219 -0.000575158 -0.999939561
vn 0.0109782219 -0.000575158 -0.999939561
vn 0.00631067669 -0.000229251324 0.9999801
vn 0.00631067669 -0.000229251324 0.9999801
vn 0.00631067669 -0.000229251324 0.9999801
vn -0.02145582 -0.290910244 -0.956509769
vn -0.0214557759 -0.206201673 -0.9782743
vn -0.026504796 -0.290599167 -0.9564777
vn 0.02922373 -0.192525312 -0.9808568
vn 0.0257383138 -0.192428023 -0.9809735
vn 0.02617107 -0.277429849 -0.9603894
vn -0.0331115238 -0.1384538 -0.989815235
vn -0.0331114531 -0.05139031 -0.9981296
vn -0.038702514 -0.138078377 -0.989664853
vn 0.03870209 -0.0362808146 -0.998591959
vn 0.03310498 -0.03593674 -0.9988056
vn 0.0331050456 -0.123118579 -0.991839647
vn -0.03310503 0.03593687 -0.9988056
vn -0.0331051 0.1231187 -0.991839647
vn -0.03870214 0.0362809449 -0.9985919
vn 0.038696032 0.138077542 -0.9896652
vn 0.03310505 0.138453081 -0.9898156
vn 0.03310497 0.0513894968 -0.998129845
vn -0.028256502 0.197814062 -0.979832232
vn -0.02825656 0.282704681 -0.9587907
vn -0.0313082375 0.197896555 -0.9797228
vn -0.0211800616 0.283474773 -0.9587458
vn -0.0249943789 0.283625782 -0.9586093
vn -0.0252838563 0.198753551 -0.979723334
vn -0.0178369023 0.212752 0.976943433
vn 0.0188253541 0.192858875 0.981045961
vn 0.01936072 0.2778521 0.9604288
vn -0.127165392 0.237405077 0.9630513
vn -0.127165347 0.15159978 0.980227768
vn -0.119613349 0.236940637 0.964132667
vn 0.09181936 0.0362507962 0.995115638
vn 0.0990614444 0.0355857648 0.9944448
vn 0.09906165 0.122767486 0.9874791
vn -0.0990738347 0.05139742 0.9937518
vn -0.09907383 -0.0360115245 0.9944283
vn -0.09183992 0.050794404 0.994477451
vn 0.09181515 -0.137498915 0.9862373
vn 0.099049 -0.138036624 0.9854619
vn 0.0990488 -0.05097297 0.9937762
vn -0.06692074 -0.111151427 0.991547763
vn -0.06692073 -0.197603166 0.9779952
vn -0.0472950079 -0.115969904 0.9921261
vn 0.0363268331 -0.2168035 0.975539148
vn 0.0363269076 -0.30126828 0.9528472
vn 0.0293111447 -0.2174175 0.9756385
vn -0.0199747011 -0.2838222 0.9586689
vn -0.0237710774 -0.2839763 0.958536565
vn -0.0241400488 -0.199111477 0.9796795
vn 0.978568256 -0.0512483343 -0.199443683
vn 0.978568256 -0.0512483343 -0.199443683
vn 0.978568256 -0.0512483343 -0.199443683
vn 0.990317345 -0.0360221528 0.134066865
vn 0.990317345 -0.0360221528 0.134066865
vn 0.990317345 -0.0360221528 0.134066865
vn 0.998177946 0.06032315 -0.00140126364
vn 0.998177946 0.06032315 -0.00140126364
vn 0.998177946 0.06032315 -0.00140126364
vn 0.9931958 0.0280204751 -0.113035731
vn 0.9931958 0.0280204751 -0.113035731
vn 0.9931958 0.0280204751 -0.113035731
vn 0.00505379355 0.00750201475 -0.9999591
vn 0.00505379355 0.00750201475 -0.9999591
vn 0.00505379355 0.00750201475 -0.9999591
vn 0 0 -1
vn 0 0 -1
vn 0 0 -1
vn 0.641689539 -0.7669643 0.000468256272
vn 0.6416592 -0.76698333 -0.00316806
vn 0.8863341 -0.463035434 -0.00316805486
vn 0.778224945 -0.6279761 0.003467769
vn 0.4786574 -0.877994955 0.00346775982
vn 0.778211653 -0.628002048 0.000232620514
vn -0.270519137 0.962713242 -0.001618004
vn -0.2705099 0.9627146 -0.00221830863
vn -0.5547727 0.8319864 -0.00509469723
vn 0 0 -1
vn 0 0 -1
vn 0 0 -1
vn -2.040459E-06 0 -1
vn -2.040459E-06 0 -1
vn -2.040459E-06 0 -1
vn -0.0005777192 -0.000211466526 0.9999998
vn -0.0005777192 -0.000211466526 0.9999998
vn -0.0005777192 -0.000211466526 0.9999998
vn -0.00140435342 -0.00189314573 0.999997258
vn -0.00140435342 -0.00189314573 0.999997258
vn -0.00140435342 -0.00189314573 0.999997258
vn -0.183945268 -0.0111932671 -0.9828728
vn -0.266319662 -0.008660933 -0.963845849
vn -0.183962658 -0.0128061716 -0.982849836
vn -0.2751017 0.0247611161 -0.9610962
vn -0.274781883 0.0236313455 -0.961216152
vn -0.1944388 0.0335893854 -0.9803394
vn -0.341399282 -0.0253544487 -0.9395763
vn -0.4176439 -0.03469978 -0.907948
vn -0.3409772 -0.0268205311 -0.9396889
vn -0.430030257 0.02682114 -0.902416
vn -0.429653764 0.02535504 -0.902637661
vn -0.353611052 0.0346998945 -0.9347487
vn -0.49483788 -0.0253510773 -0.8686155
vn -0.564663768 -0.0347116478 -0.8245908
vn -0.494440734 -0.0268171914 -0.868797541
vn -0.5759417 0.0268198941 -0.8170507
vn -0.575608 0.0253537856 -0.8173326
vn -0.506062031 0.0347143263 -0.861798167
vn -0.9999783 -0.00620632153 0.00221278914
vn -0.9936609 -0.000555834733 0.112417549
vn -0.999953032 -0.009415271 0.00230114185
vn -0.992089033 0.0244188644 0.123138741
vn -0.992214262 0.021823911 0.12261565
vn -0.9994979 0.028487131 0.0138735371
vn -0.9771456 -0.02317145 0.211304441
vn -0.948178232 -0.0296544414 0.316352129
vn -0.977197468 -0.0258526932 0.210752949
vn -0.942075133 0.0258486122 0.3344044
vn -0.942320943 0.0231673736 0.333907962
vn -0.972899735 0.029670598 0.229315788
vn -0.9068894 -0.0231716242 0.4207313
vn -0.8555586 -0.029674869 0.5168549
vn -0.9070611 -0.0258528031 0.42020455
vn -0.845641136 0.0258513968 0.53312546
vn -0.84599 0.0231701788 0.5326951
vn -0.8987913 0.0296731442 0.437371284
vn -0.79235965 -0.0231663249 0.6096142
vn -0.721173167 -0.0296691 0.6921192
vn -0.7926429 -0.0258476529 0.6091381
vn -0.7079256 0.0258477032 0.705813944
vn -0.708360434 0.02316637 0.7054707
vn -0.780805945 0.0296690259 0.624068856
vn -0.356844276 -0.0219393671 0.9339062
vn -0.252947837 -0.0292708129 0.967037
vn -0.3572612 -0.0241633914 0.9336919
vn -0.235282049 0.0216141064 0.9716868
vn -0.235509574 0.0190590024 0.9716851
vn -0.3409408 0.0200064052 0.939871848
vn 0.28714487 0.0118965833 -0.9578133
vn 0.43409878 -0.00191125867 -0.9008633
vn 0.28739 0.0186268631 -0.957632542
vn 0.457556933 -0.0302775558 -0.888664663
vn 0.45749414 -0.0239388514 -0.8888904
vn 0.3123267 -0.0152244829 -0.949852765
vn 0.477777272 0.03907565 0.8776115
vn 0.406058282 0.05914686 0.9119311
vn 0.4766905 0.0365721136 0.8783101
vn 0.0357687771 0.0195393451 0.9991691
vn 0.0357687771 0.0195393451 0.9991691
vn 0.0357687771 0.0195393451 0.9991691
vn 0.0350615941 0.0177221857 0.999228
vn 0.0350615941 0.0177221857 0.999228
vn 0.0350615941 0.0177221857 0.999228
vn 0.377497166 -0.01298577 0.925919652
vn 0.695776 0.00298188278 0.7182527
vn 0.3771588 -0.0238008965 0.9258427
vn 0.7397922 0.0308594238 0.672127366
vn 0.7396623 0.0203789584 0.672669649
vn 0.435482472 0.007823994 0.900163233
vn 0.8989576 -0.0234074686 0.4374098
vn 0.9974231 -0.00384975574 0.07164039
vn 0.8983572 -0.03705659 0.437699765
vn 0.999310434 0.0370566472 -0.00234852731
vn 0.9997243 0.023407517 -0.001825839
vn 0.9289095 0.003849801 0.370286882
vn 0.9551434 -0.02173459 -0.295345217
vn 0.776524067 -0.005979694 -0.6300593
vn 0.954978466 -0.0336618274 -0.294759333
vn 0.730078459 0.0303660855 -0.682688355
vn 0.730590463 0.0183300432 -0.6825699
vn 0.932461858 0.00149671361 -0.3612654
vn 0.402234226 0.0400142521 0.914661944
vn 0.6978075 -0.08482545 0.711245
vn 0.4140375 0.06401782 0.9080059
vn 0.9997244 -0.0234065875 0.00182454288
vn 0.928909 -0.00384838926 -0.3702881
vn 0.999310434 -0.037055783 0.002347328
vn 0.898358 0.0370550081 -0.437698364
vn 0.8989584 0.0234058984 -0.437408268
vn 0.997423232 0.00384811684 -0.07163869
vn 0.7396639 -0.0203786548 -0.672667861
vn 0.435484916 -0.007823574 -0.900162041
vn 0.7397939 -0.030859245 -0.6721255
vn 0.377158672 0.02379591 -0.925842941
vn 0.377497047 0.0129806893 -0.925919831
vn 0.695775747 -0.00298720784 -0.7182529
vn 0.03505872 -0.0177220516 -0.9992281
vn 0.03505872 -0.0177220516 -0.9992281
vn 0.03505872 -0.0177220516 -0.9992281
vn 0.03577207 -0.0195434019 -0.9991689
vn 0.03577207 -0.0195434019 -0.9991689
vn 0.03577207 -0.0195434019 -0.9991689
vn 0.3107749 0.0210831054 -0.950249732
vn 0.589287937 0.0210830979 -0.807648
vn 0.312675744 0.0485771 -0.948617
vn 0.6263221 -0.05773674 -0.7774234
vn 0.628726363 -0.031071879 -0.7770056
vn 0.357676685 -0.031071879 -0.93332845
vn 0.791362 0.03375627 -0.610415161
vn 0.941329 0.0337562747 -0.3357979
vn 0.7921643 0.06812523 -0.6064937
vn 0.9562875 -0.06812595 -0.2843819
vn 0.9589884 -0.0337571166 -0.28142783
vn 0.82496804 -0.03375714 -0.564170361
vn 0.9990183 0.0337568671 -0.0286850184
vn 0.9589281 0.0337568671 0.281633437
vn 0.997362435 0.06812602 -0.02504074
vn 0.940810144 -0.06812541 0.3320169
vn 0.941258848 -0.0337562375 0.335994422
vn 0.9990244 -0.03375623 0.02847545
vn 0.848838031 0.0287548974 0.5278705
vn 0.6440498 0.02875547 0.7644429
vn 0.8477408 0.0469612554 0.5283277
vn 0.6210235 -0.021430295 0.783499
vn 0.6200237 3.238907E-07 0.784583032
vn 0.832143068 -3.21836154E-07 0.554560959
vn 0.84303236 -0.007429465 -0.5378115
vn 0.847500145 -0.06572241 -0.5267106
vn 0.6427123 -0.06572195 -0.763283432
vn 0.762825549 0.06571997 -0.6432559
vn 0.924535751 0.06572068 -0.375385672
vn 0.772001863 0.00742846727 -0.6355769
vn 0.961631 -0.047734 -0.2701618
vn 0.9980342 -0.04773461 0.0406106748
vn 0.9644971 -0.0035494417 -0.264069647
vn 0.9988931 0.003548652 -0.0469042622
vn 0.998049855 0.0477334224 -0.0402246453
vn 0.9366364 0.0477327332 -0.347035766
vn 0.930621564 -0.007422182 0.3659077
vn 0.9242668 -0.06571649 0.3760482
vn 0.9952865 -0.06571589 0.07131722
vn 0.9550435 0.0986814052 0.279560179
vn 0.82102257 0.0986813 0.5623024
vn 0.956505954 0.0691720843 0.283392966
vn 0.6205324 -0.04124083 0.7830956
vn 0.618573248 -0.0623766258 0.7832473
vn 0.8306928 -0.06237736 0.5532256
vn 0.628226459 0.0542116 0.776139557
vn 0.357176632 0.05421169 0.9324623
vn 0.6282002 0.0550956652 0.776098549
vn 0.270584226 -0.0261789616 0.9623403
vn 0.270425946 -0.017424535 0.9625831
vn 0.554708838 -0.0174238626 0.8318621
vn 0.03576651 0.0195393153 0.9991691
vn 0.03576651 0.0195393153 0.9991691
vn 0.03576651 0.0195393153 0.9991691
vn 0.0350648649 0.0177220739 0.9992279
vn 0.0350648649 0.0177220739 0.9992279
vn 0.0350648649 0.0177220739 0.9992279
vn 0.377496123 -0.0129860956 0.9259201
vn 0.6957753 0.00298276916 0.7182534
vn 0.3771573 -0.0238018427 0.9258433
vn 0.739792943 0.0308632813 0.672126353
vn 0.7396632 0.0203821734 0.6726686
vn 0.4354842 0.007826375 0.9001624
vn 0.8989568 -0.0234067831 0.437411547
vn 0.997422934 -0.003849633 0.07164233
vn 0.898356557 -0.0370559581 0.437701344
vn 0.999310434 0.0370564 -0.002346434
vn 0.9997243 0.0234071054 -0.00182396173
vn 0.9289087 0.00384799438 0.370288879
vn 0.9617583 -0.0193024911 -0.273218483
vn 0.790372133 -0.009317947 -0.6125562
vn 0.961670637 -0.02857905 -0.27271384
vn 0.7549747 0.01762829 -0.6555169
vn 0.75514853 0.00773735531 -0.655508161
vn 0.945345044 -0.008526689 -0.325960249
vn 0.2649928 -0.0180196352 0.964082062
vn 0.425962955 -0.0145346057 0.904623866
vn 0.264515728 -0.02379793 0.9640877
vn 0.45796755 0.0301601 0.8884572
vn 0.457876831 0.0240662768 0.8886899
vn 0.2988649 0.0164800528 0.9541531
vn 0.729588747 -0.018731812 0.6836296
vn 0.9319163 -0.00176417106 0.3626693
vn 0.7290638 -0.030876562 0.6837489
vn 0.9546436 0.0339019969 0.295814663
vn 0.954812765 0.0218526833 0.2964036
vn 0.77585125 0.00582849 0.630889
vn 0.9997243 -0.0234093126 0.00182287407
vn 0.9289083 -0.00385200977 -0.3702899
vn 0.9993104 -0.037058454 0.00234542787
vn 0.898355 0.03705932 -0.437704235
vn 0.8989553 0.02341011 -0.4374144
vn 0.997422755 0.00385203655 -0.07164543
vn 0.739677 -0.0203740131 -0.6726536
vn 0.435502559 -0.007819868 -0.9001535
vn 0.739806652 -0.0308543947 -0.6721117
vn 0.377148241 0.023804957 -0.925846934
vn 0.377486318 0.0129900379 -0.925924063
vn 0.6957673 -0.00297573418 -0.7182612
vn 0.0350585133 -0.01772188 -0.9992281
vn 0.0350585133 -0.01772188 -0.9992281
vn 0.0350585133 -0.01772188 -0.9992281
vn 0.03577187 -0.0195391551 -0.999169
vn 0.03577187 -0.0195391551 -0.999169
vn 0.03577187 -0.0195391551 -0.999169
vn 0 -1 0
vn 0 -1 0
vn 0 -1 0
vn 0 -1 -4.28860233E-07
vn 0 -1 -4.28860233E-07
vn -4.56173353E-07 -1 0
vn -4.56173353E-07 -1 0
vn 0 -1 0
vn 6.45909438E-07 -1 1.26960333E-06
vn -2.099395E-07 -1 1.03373475E-06
vn 6.45909438E-07 -1 1.26960333E-06
vn 6.45909438E-07 -1 1.26960333E-06
vn 0 -1 -3.440479E-07
vn 0 -1 0
vn -1.256512E-06 -1 0
vn -6.780794E-07 -1 -3.74206479E-07
vn 9.03809E-07 -1 0
vn 7.28892644E-07 -1 4.383647E-07
vn 1.91510878E-07 -1 5.488753E-07
vn 0.02221701 -0.9997532 1.128941E-05
vn 5.27526765E-07 -1 -7.97854739E-07
vn 0 -1 0
vn 0 -1 0
vn -3.46428988E-06 -1 0
vn 1.30959529E-06 -1 0
vn 0 -1 0
vn 0.0558563024 -0.9984366 -0.00208243844
vn 0.0558563024 -0.9984366 -0.00208243844
vn 0 -1 -6.693891E-07
vn 0 -1 -6.693891E-07
vn 0 -1 1.02968352E-06
vn 0 -1 1.02968352E-06
vn -3.26499685E-06 -1 2.52265363E-06
vn -3.26499685E-06 -1 2.52265363E-06
vn -3.26499685E-06 -1 2.52265363E-06
vn 0 -1 0
vn 0 -1 0
vn 0 -1 5.077191E-06
vn 8.387842E-06 -1 0
vn 8.387842E-06 -1 0
vn 0 -1 0
vn 0 -1 0
vn 0 -1 0
vn 1.01004189E-05 -1 -1.18408861E-05
vn 0 -1 0
vn 0 -1 0
vn -2.90361049E-06 -1 0
vn -2.90361049E-06 -1 0
vn -2.90361049E-06 -1 0
vn 4.25636756E-07 -1 1.25336283E-06
vn 4.25636756E-07 -1 1.25336283E-06
vn 4.25636756E-07 -1 1.25336283E-06
vn 0 -1 0
vn 0 -1 0
vn 0 -1 0
vn 0 -1 5.459442E-07
vn 9.292615E-07 -1 1.04151E-06
vn 0 -1 0
vn 0 -1 -2.80223981E-06
vn -8.264036E-07 -1 0
vn 8.015153E-07 -1 -4.909926E-07
vn -8.264036E-07 -1 0
vn 5.539685E-07 -1 5.450896E-07
vn 5.539685E-07 -1 5.450896E-07
vn 0 -1 -1.0381832E-06
vn 0 -1 0
vn 4.61695845E-06 -1 0
vn 4.61695845E-06 -1 0
vn -3.405068E-06 -1 0
vn -3.405068E-06 -1 0
vn -8.974769E-07 -1 8.550139E-07
vn 8.015153E-07 -1 -4.909926E-07
vn 0 -1 1.41879548E-06
vn 0 -1 -4.1267532E-07
vn -4.36658729E-06 -1 0
vn -4.36658729E-06 -1 0
vn 2.70476312E-06 -1 1.57202658E-06
vn 2.70476312E-06 -1 1.57202658E-06
vn 0 -1 1.34065647E-06
vn 0 -1 0
vn 0 -1 0
vn 0 -1 0
vn 0 -1 0
vn 0 -1 0
vn 0 -1 0
vn 0 -1 -1.23504481E-06
vn 0 -1 0
vn 2.23515684E-07 -1 -5.01732245E-07
vn 6.35661536E-07 -1 0
vn 3.5748717E-06 -1 -2.44883176E-06
vn -1.46884474E-06 -1 1.006177E-06
vn 3.5748717E-06 -1 -2.44883176E-06
vn 3.5748717E-06 -1 -2.44883176E-06
vn 0 -1 0
vn 0 -1 0
vn 0 -1 0
vn -3.724201E-06 -1 0
vn -3.724201E-06 -1 0
vn -3.724201E-06 -1 0
vn 3.6721392E-06 -1 0
vn 3.6721392E-06 -1 0
vn 3.6721392E-06 -1 0
vn -2.94558617E-06 -1 0
vn -2.94558617E-06 -1 0
vn -2.94558617E-06 -1 0
vn 3.19495484E-07 -1 2.994577E-06
vn 3.19495484E-07 -1 2.994577E-06
vn 3.19495484E-07 -1 2.994577E-06
vn 0 -1 -3.43625152E-06
vn 0 -1 -3.43625152E-06
vn 0 -1 -3.43625152E-06
vn -2.541677E-06 -1 -3.12399379E-06
vn -2.541677E-06 -1 -3.12399379E-06
vn -2.541677E-06 -1 -3.12399379E-06
vn -4.06871959E-06 -1 -4.218607E-06
vn -4.06871959E-06 -1 -4.218607E-06
vn -4.06871959E-06 -1 -4.218607E-06
vn -2.87890748E-06 1 0
vn -2.87890748E-06 1 0
vn -2.87890748E-06 1 0
vn 3.63644085E-06 1 0
vn -0.06553746 0.997846 0.00286258617
vn -0.06553746 0.997846 0.00286258617
vn -0.06553746 0.997846 0.00286258617
vn -0.0233979411 0.999726236 -1.89020284E-05
vn 0 1 -2.46728E-07
vn 0 1 0
vn 0.999336839 0.0321865566 0.01702617
vn 0.9910184 0.0321865566 0.129793957
vn 0.998986363 0.0413657427 0.0177532379
vn 0.9910316 0.0455662161 0.125618875
vn 0.927467048 -0.04556673 0.371118
vn 0.8795853 -0.0455667265 0.473553956
vn 0.9272838 -0.03133872 0.373045176
vn 0.8820272 -0.0321858972 0.470098
vn 0.6351999 -0.00405395962 0.7723372
vn 0.63509953 0 0.77243036
vn 0.723160148 0 0.690680444
vn 0.5193132 0 0.854584038
vn 0.508972764 -0.0310184918 0.8602236
vn 0.450650781 0.0310209766 0.8921612
vn 0.340337276 0.0310209859 0.9397916
vn 0.4503817 0.0361974575 0.892102063
vn 0.32946 0 0.9441695
vn 0.202102244 0 0.979364455
vn 0.6352017 -0.00405390328 0.772335649
vn 0.6351013 0 0.7724288
vn 0.7231617 0 0.690678835
vn 0.519311249 0 0.85458523
vn 0.5089723 -0.0310187 0.8602239
vn 0.450652033 0.0310208853 0.892160535
vn 0.340338647 0.0310209766 0.9397911
vn 0.450383 0.0361973532 0.8921014
vn 0.329462945 0 0.944168568
vn 0.202100843 0 0.979364753
vn 0.8820276 -0.0321859159 0.4700972
vn 0.9294813 -0.03218591 0.367462248
vn 0.882074058 -0.0413651355 0.469291329
vn 0.9274671 -0.04556635 0.371117949
vn 0.8809388 0.00393924862 -0.4732138
vn 0.8808865 0 -0.473327667
vn 0.9326885 0 -0.360683024
vn 0.802554131 0 -0.5965794
vn 0.794814169 0.0330031961 -0.6059548
vn 0.00345731969 -0.004937474 -0.9999819
vn 0.00345731969 -0.004937474 -0.9999819
vn 0.00345731969 -0.004937474 -0.9999819
vn 1.06953019E-06 0 -1
vn 0 0 -1
vn 0 0 -1
vn 0 0 -1
vn -5.123515E-06 0 -1
vn 0.00444626948 -0.00691936 0.9999662
vn 0.00444626948 -0.00691936 0.9999662
vn 0.00444626948 -0.00691936 0.9999662
vn 0 0 1
vn 0 0 1
vn -0.9999641 0.008431523 -0.000840882771
vn -0.953627 -0.3009764 0.002968563
vn -0.9999629 0.008426711 -0.001777355
vn -0.942687333 -0.333676875 0.0006143901
vn -0.5441821 -0.8389657 0.00154034968
vn -0.544184566 -0.8389644 0.00137390231
vn -0.77680403 -0.629736662 0.00269050826
vn -0.287002146 -0.957918048 -0.004778134
vn 5.19720834E-06 0 -1
vn 5.19720834E-06 0 -1
vn 5.19720834E-06 0 -1
vn 0 0 -1
vn -1 0 0
vn -1 0 0
vn -1 0 0
vn -1 0 0
vn -0.7591468 -2.03111358E-06 -0.650919437
vn -0.7013875 -2.458387E-07 -0.7127802
vn -0.75914675 -2.72784382E-06 -0.650919557
vn -0.7013861 2.03111267E-06 -0.712781549
vn -0.6304483 -0.00213578786 -0.776228368
vn -0.625390232 -0.0197484586 -0.780062258
vn -0.42628786 0.0179357119 0.9044097
vn -0.522244334 0.0266296286 0.852380037
vn -0.425986469 0.0194133036 0.9045212
vn -0.53169626 2.65621361E-06 0.846935153
vn -0.6434142 -0.00369229284 0.7655093
vn -0.65058136 -0.0179242324 0.7592251
vn -0.0261536762 -0.0163618 -0.999524
vn 0.13077426 0.0055149016 -0.991396844
vn -0.02651338 -0.009299646 -0.999605238
vn 0.144329265 0.011909795 -0.9894581
vn 0.69336164 0.0132016735 -0.7204689
vn 0.9126002 0.011924726 -0.4086792
vn 0.693111241 0.0182015281 -0.7206008
vn 0.926513433 9.167755E-06 -0.376261652
vn 0.9551056 -9.167742E-06 -0.2962656
vn 0.9964139 -0.0182394255 0.0826244652
vn 0.9551252 0.00831025 -0.296085745
vn 0.9923938 -0.01777065 0.121814594
vn 0.9462509 0.0177710447 0.322945
vn 0.757016957 0.0127426945 0.653271
vn 0.946234643 0.0248504132 0.322525144
vn 0.7304556 9.167732E-06 0.6829603
vn 0.679178834 -9.167742E-06 0.733972847
vn 0.3545981 -0.00940746 0.9349715
vn 0.679137766 0.004291922 0.733998239
vn 0.328564435 -0.008912066 0.94443953
vn 0.956916332 0.0211025551 0.289596081
vn 0.7801629 0.00681980466 0.6255393
vn 0.956773341 0.0323641077 0.289028168
vn 0.7748214 0.009410793 0.6321102
vn 0.270436317 -0.0174245685 0.962580144
vn 0.554717839 -0.0174245555 0.8318561
vn 0.270594627 -0.0261782669 0.9623374
vn 0.5732614 0 0.8193726
vn 0.57325983 0 -0.8193736
vn 0.291974485 0 -0.956426144
vn 0.572901368 -0.0111645907 -0.8195483
vn 0.2704304 0.0174269937 -0.9625818
vn 0.5728768 0.0417567044 -0.8185772
vn 0.291591823 0.0417568162 -0.955630958
vn 0.569631636 0.005088046 -0.8218844
vn 0.3107674 0.0210824739 -0.9502522
vn -0.07918575 -0.0149888126 0.9967472
vn 0.09238908 -0.0109732123 0.9956625
vn -0.0796272 -0.0209227689 0.996605158
vn 0.123023868 0.0163959861 0.992268264
vn 0.999933839 -0.0114924284 0.0005688937
vn 0.9999542 -0.009524631 0.0008838092
vn 0.999933839 -0.0114924284 0.0005688937
vn 0.999933839 -0.0114924284 0.0005688937
vn 1 0 0
vn 1 6.26365E-07 0
vn 1 0 0
vn 1 -1.78009813E-07 0
vn 1 0 0
vn 0.9999882 0.00477443356 0.0008694343
vn -0.999994159 0.003429788 -7.48783641E-05
vn -0.9999809 0.006153491 -0.000596589
vn -0.999994159 0.003429788 -7.48783641E-05
vn -0.999994159 0.003429788 -7.48783641E-05
vn -1 6.926618E-07 0
vn -1 0 0
vn -1 -3.62130947E-07 0
vn -1 0 0
vn -0.9999872 -0.00506392075 0.000110521491
vn -0.9999903 -0.004404226 0.00022266357
vn 0 0 -1
vn 0 0 -1
vn 0 0 -1
vn -4.11695464E-06 0 -1
vn 0.00318450644 0.00469924277 0.9999839
vn 0.00318450644 0.00469924277 0.9999839
vn 0.00318450644 0.00469924277 0.9999839
vn 3.414523E-06 0 1
vn 1.144119E-05 0 1
vn -0.999977469 -0.00669618044 0.0004938405
vn -0.9531022 0.302632362 -0.00314886053
vn -0.999976635 -0.00669226144 0.00141403929
vn -0.9433271 0.331863821 -0.000589676842
vn -0.8092798 0.587422252 0.00115214253
vn -0.5881567 0.808745 -0.00181230519
vn -0.809277833 0.5874211 0.00242340751
vn -0.620038 0.7845692 0.002039816
vn -1 0 0
vn -1 0 0
vn -1 0 0
vn -1 0 0
vn -0.6253899 -0.0197475832 -0.780062556
vn -0.6874867 -0.0303135253 -0.725564063
vn -0.6251943 -0.020525137 -0.7801992
vn -0.6937919 -2.03615764E-06 -0.720175564
vn -0.7591449 2.458387E-07 -0.6509217
vn -0.759147465 -2.03111449E-06 -0.6509187
vn -0.650580645 -0.017929459 0.759225547
vn -0.5638229 -0.0266224779 0.8254665
vn -0.6508058 -0.019407047 0.758996248
vn -0.5549819 -2.66281359E-06 0.83186245
vn -0.434950143 0.00369247352 0.900446951
vn -0.4262904 0.01793613 0.9044085
vn -0.0261538662 -0.0163617618 -0.999524
vn 0.130774081 0.0055149165 -0.991396844
vn -0.0265135653 -0.009299616 -0.999605238
vn 0.144329056 0.0119097643 -0.9894581
vn 0.7748276 0.009414212 0.6321025
vn 0.953174055 0.05460101 0.2974525
vn 0.7760401 -0.004565336 0.63066715
vn 0.9569151 0.0211032163 0.2896001
vn 0.5732586 3.848141E-07 0.819374561
vn 0.291972965 -3.78369919E-07 0.956426561
vn 0.5729 0.0111638689 0.819549263
vn 0.2704348 -0.0174248684 0.9625806
vn 0.3107694 0.0210826639 -0.95025146
vn 0.5892833 0.0210826527 -0.8076514
vn 0.3126701 0.0485759676 -0.9486189
vn 0.5728726 0.0417572372 -0.8185801
vn -0.07918571 -0.01498898 0.9967472
vn 0.09238913 -0.0109733855 0.9956625
vn -0.07962715 -0.0209229216 0.996605158
vn 0.123023771 0.01639594 0.992268264
vn 0 -1 0
vn 0 -1 0
vn 0 -1 0
vn 0 -1 0
vn 0 -1 0
vn 0 -1 0
vn 0 -1 0
vn 0.02594526 -0.9504889 -0.309673548
vn -0.09301592 -0.929185748 -0.357717633
vn -0.08151237 -0.9324888 -0.3518812
vn -0.280704051 -0.958615363 0.0475587323
vn -0.205459148 -0.9677617 0.145684123
vn -0.241802022 -0.9673299 0.07618836
vn -0.378797323 -0.57940644 0.7216653
vn -0.372299254 -0.5909609 0.7156525
vn -0.4583901 -0.576203167 0.676659763
vn -0.0260703117 -0.950564265 0.3094317
vn 0.09290739 -0.929320335 0.3573961
vn 0.08141141 -0.9326217 0.3515521
vn 0.281059772 -0.958511 -0.0475613736
vn 0.205749676 -0.967702568 -0.1456669
vn 0.242155954 -0.9672411 -0.07619179
vn 0.3778529 -0.5819675 -0.720098
vn 0.371319562 -0.5934833 -0.7140724
vn 0.457495183 -0.5787567 -0.6750843
vn -0.262804478 0.0298767015 -0.964386463
vn 0.007302227 0.09332818 -0.9956086
vn -0.258678377 0.0212847646 -0.965729
vn 0.605347157 -0.0265158154 -0.7955198
vn 0.609568834 -0.0354376845 -0.7919407
vn 0.375814229 -0.110369392 -0.9200991
vn 0.5450261 -0.0231253989 -0.838100135
vn 0.7340422 0.105307 -0.670889258
vn 0.5534055 -0.0370739065 -0.8320865
vn 0.880257666 0.109259658 -0.461745381
vn 0.9750084 0.108082511 -0.1941051
vn 0.8797667 0.113012 -0.461777866
vn 0.9948571 -0.005054582 0.101162888
vn 0.99481976 -0.00647736667 0.101448193
vn 0.9835874 -0.0180735365 -0.179524988
vn 0.9986164 0.0201382 0.0485771932
vn 0.94468075 0.0347712673 0.3261429
vn 0.9986621 0.007846777 0.05111161
vn 0.225725323 -0.0250526275 0.973868847
vn 0.22390075 -0.0293473732 0.97417
vn 0.478619337 -0.0930175558 0.8730815
vn 0.202987984 0.0292843711 0.978743255
vn -0.06658088 0.114924766 0.9911404
vn 0.200557441 0.02395944 0.9793889
vn -0.231346682 0.0498763435 0.971592
vn -0.489892542 -0.012081081 0.8716991
vn -0.232298613 0.05603922 0.9710288
vn -0.6208071 -0.07335941 0.780523539
vn -0.6195381 -0.06463219 0.7823012
vn -0.380764484 -0.0697010756 0.9220413
vn -0.76295507 0.05930278 0.6437257
vn -0.9088602 0.100208342 0.404884577
vn -0.7642656 0.053728275 0.642659664
vn -0.990319133 -0.0517769679 0.12879099
vn -0.981948853 -0.118275508 -0.1476056
vn -0.991785 -0.03285284 0.123625457
vn -0.9934382 -0.0497294627 -0.102992766
vn -0.9939067 -0.0359268449 -0.104205854
vn -0.9847398 0.0126082115 0.173576042
vn -0.8805017 -0.03953144 -0.4723918
vn -0.712518752 -0.06919655 -0.698232651
vn -0.8805709 -0.0262321923 -0.473187983
vn -0.7473353 -0.026505772 -0.6639182
vn -0.746166 -0.0115084229 -0.6656605
vn -0.9015666 0.0302641839 -0.431580424
vn -0.233968884 -0.00634722039 -0.9722234
vn -0.2285242 -0.0164660588 -0.973399
vn -0.476976 -0.103320926 -0.8728223
vn 0.05271543 -0.99823606 0.0273124278
vn 0.05271543 -0.99823606 0.0273124278
vn 0.05271543 -0.99823606 0.0273124278
vn -0.0530369021 -0.9982261 -0.0270515978
vn -0.0530369021 -0.9982261 -0.0270515978
vn -0.0530369021 -0.9982261 -0.0270515978
vn 0.0190639123 -0.999297 0.0322804376
vn 0.0190639123 -0.999297 0.0322804376
vn 0.0190639123 -0.999297 0.0322804376
vn -0.018798206 -0.999307632 -0.0321067646
vn -0.018798206 -0.999307632 -0.0321067646
vn -0.018798206 -0.999307632 -0.0321067646
vn 0.88781625 0.45586732 -0.0629861355
vn 0.8928834 0.4431875 0.07964944
vn 0.8957687 0.4442386 -0.0158262663
vn 0.0622373 0.455758572 0.8879249
vn -0.08035726 0.443116248 0.892855346
vn 0.015064911 0.444087744 0.8958567
vn -0.89475137 0.444618523 -0.04164622
vn -0.894399464 0.444012 0.0538793
vn -0.8874999 0.452125281 -0.08903167
vn 0.0408965 0.4444738 -0.8948578
vn -0.0545730554 0.443946034 -0.894390166
vn 0.08829766 0.452033669 -0.8876199
vn -0.871494055 0.07062121 0.485294551
vn -0.9849735 0.101635441 0.139633447
vn -0.98612 0.0921090841 0.138142422
vn -0.977241039 0.200929269 -0.0680247247
vn -0.977241039 0.200929269 -0.0680247247
vn -0.977241039 0.200929269 -0.0680247247
vn -0.8868728 0.08600185 -0.453938663
vn -0.8868728 0.08600185 -0.453938663
vn -0.8868728 0.08600185 -0.453938663
vn -0.07060617 0.202117369 0.97681284
vn -0.07060617 0.202117369 0.97681284
vn -0.07060617 0.202117369 0.97681284
vn -0.450709283 0.08983567 0.88813895
vn -0.450708479 0.08985487 0.888137341
vn -0.4507092 0.0898385942 0.888138652
vn 0.0296663232 0.14055182 0.9896288
vn 0.0296663232 0.14055182 0.9896288
vn 0.0296663232 0.14055182 0.9896288
vn 0.9772018 0.200405538 0.07010114
vn 0.9772018 0.200405538 0.07010114
vn 0.9772018 0.200405538 0.07010114
vn 0.8868712 0.0860042945 0.453941345
vn 0.8868712 0.0860042945 0.453941345
vn 0.8868712 0.0860042945 0.453941345
vn 0.479625374 0.0688773245 0.874765933
vn 0.133181408 0.101079717 0.985923767
vn 0.131739333 0.09177697 0.987026751
vn 0.98963964 0.14005436 -0.03159315
vn 0.98963964 0.14005436 -0.03159315
vn 0.98963964 0.14005436 -0.03159315
vn 0.070095636 0.200401381 -0.977203131
vn 0.070095636 0.200401381 -0.977203131
vn 0.070095636 0.200401381 -0.977203131
vn 0.4542741 0.08599859 -0.886701345
vn 0.454273164 0.0860184059 -0.8867
vn 0.454274 0.0860015452 -0.8867011
vn 0.8748715 0.06886621 -0.479434371
vn 0.9859423 0.101121888 -0.133011818
vn 0.9870517 0.0918133 -0.1315266
vn -0.479417682 0.0688978359 -0.874878168
vn -0.133042768 0.101116605 -0.985938668
vn -0.131556034 0.0918106 -0.98704803
vn -0.0315994024 0.140061289 -0.9896385
vn -0.0315994024 0.140061289 -0.9896385
vn -0.0315994024 0.140061289 -0.9896385
vn -0.9893216 0.142032444 0.0327059068
vn -0.9893216 0.142032444 0.0327059068
vn -0.9893216 0.142032444 0.0327059068
vn 0.1898625 -0.69996196 -0.688480556
vn 0.326425761 -0.6985188 -0.6368028
vn 0.187776312 -0.6942622 -0.694795
vn 0.203064382 -0.640837967 -0.740332067
vn 0.242196351 -0.6437236 -0.725920737
vn 0.0632974654 -0.610895634 -0.7891768
vn 0.5418242 -0.640008032 -0.544808447
vn 0.607154131 -0.627025843 -0.488059878
vn 0.454220653 -0.657619 -0.6010165
vn 0.4118251 -0.673537731 -0.6137972
vn 0.520149648 -0.6793632 -0.5176003
vn 0.481745 -0.6708791 -0.563775659
vn 0.677382946 -0.690606236 -0.253407747
vn 0.686740756 -0.6914042 -0.2243821
vn 0.583441 -0.714933634 -0.3853135
vn 0.719201148 -0.665051 -0.201139286
vn 0.746417046 -0.6625291 -0.06258377
vn 0.7321008 -0.658012033 -0.176206186
vn 0.6830744 -0.7222595 0.108399615
vn 0.6573807 -0.7196841 0.223395154
vn 0.6954578 -0.71769315 0.03542546
vn 0.662789762 -0.6731141 0.328065664
vn 0.594049931 -0.6648893 0.452799052
vn 0.6592257 -0.6690263 0.343256921
vn 0.452283084 -0.707368135 0.5432038
vn 0.368569553 -0.703502238 0.6076522
vn 0.5184116 -0.70239073 0.487746656
vn 0.07804706 -0.6783822 0.730551958
vn 0.0300381575 -0.6818102 0.7309122
vn 0.220802158 -0.6573844 0.7204805
vn -0.284562439 -0.6723185 0.683382869
vn -0.37313506 -0.6515499 0.6604945
vn -0.188687876 -0.6889403 0.6998273
vn -0.180519029 -0.706270039 0.6845404
vn -0.3194571 -0.6939072 0.6453216
vn -0.270430416 -0.692667842 0.6686394
vn -0.5263407 -0.6834942 0.505767763
vn -0.611570954 -0.688909531 0.389081925
vn -0.552599847 -0.6796213 0.482440084
vn -0.618146 -0.7041648 0.349352866
vn -0.653105438 -0.70456624 0.277560353
vn -0.5640128 -0.693978131 0.447530985
vn -0.7051441 -0.6827491 0.191378072
vn -0.7186531 -0.693724334 0.04779501
vn -0.720097959 -0.6903228 0.07009554
vn -0.722307265 -0.682977259 0.10869363
vn -0.692363739 -0.719453 -0.054954
vn -0.7199387 -0.6813666 0.1320143
vn -0.703704357 -0.679745734 -0.206751063
vn -0.645475268 -0.6845972 -0.338656783
vn -0.686132 -0.6750238 -0.271230042
vn -0.6244492 -0.6962062 -0.354062378
vn -0.5559857 -0.703898668 -0.442048132
vn -0.666788638 -0.688337743 -0.2856292
vn -0.473458052 -0.665073454 -0.577507436
vn -0.352381974 -0.664114058 -0.6593781
vn -0.342409819 -0.6690158 -0.6596767
vn -0.30721283 -0.6669212 -0.6788493
vn -0.258729547 -0.6617378 -0.703677535
vn -0.42445308 -0.6722298 -0.6065861
vn -0.3250414 -0.662059367 -0.6752966
vn -0.186427072 -0.6696235 -0.7189224
vn -0.274998456 -0.6612973 -0.69789803
vn 0.130578935 0.879682 0.4572841
vn 0.201724291 0.875929832 0.438239962
vn 0.0474683456 0.883255064 0.46648398
vn -0.2039474 0.8748029 0.4394604
vn -0.114177153 0.8540093 0.507574439
vn -0.266984433 0.869358063 0.415855616
vn -0.439015031 0.87725085 0.194156483
vn -0.466294229 0.8837427 0.03960585
vn -0.457448751 0.8807025 0.122897595
vn -0.441373855 0.876059 -0.194189951
vn -0.506652057 0.855999231 -0.102806188
vn -0.417975 0.8712228 -0.257425219
vn -0.201675564 0.875941157 -0.438239783
vn -0.04742046 0.883252859 -0.466493
vn -0.130533278 0.8796855 -0.457290322
vn 0.1941556 0.8761031 -0.4413015
vn 0.102800459 0.8560192 -0.5066194
vn 0.257423043 0.871239364 -0.4179418
vn 0.438294262 0.875920355 -0.201647341
vn 0.466548532 0.8832237 -0.0474161543
vn 0.4573171 0.8796688 -0.130552456
vn 0.441421181 0.8760296 0.194215
vn 0.5066976 0.8559701 0.1028237
vn 0.418022782 0.871192753 0.2574493
vn 0.06257578 0.9979923 0.009780641
vn 0.06257578 0.9979923 0.009780641
vn 0.06257578 0.9979923 0.009780641
vn 0.04940984 0.998742 -0.008554266
vn 0.04940984 0.998742 -0.008554266
vn 0.04940984 0.998742 -0.008554266
vn -0.0104244 0.9999448 0.00129282032
vn -0.0104244 0.9999448 0.00129282032
vn -0.0104244 0.9999448 0.00129282032
vn 0.0416710824 0.9990798 0.0101477914
vn 0.0416710824 0.9990798 0.0101477914
vn 0.0416710824 0.9990798 0.0101477914
vn 0.0208260547 0.999762 0.00649414025
vn 0.0208260547 0.999762 0.00649414025
vn 0.0208260547 0.999762 0.00649414025
vn -0.007621253 0.9999693 -0.00183212082
vn 0.0119358478 0.9999205 0.004065365
vn 0.0119358478 0.9999205 0.004065365
vn -0.007621253 0.9999693 -0.00183212082
vn 0.02496185 0.999457 0.0215090625
vn 0.00492489338 0.9999757 -0.004949438
vn 0.02496185 0.999457 0.0215090625
vn 0.02496185 0.999457 0.0215090625
vn -0.000256927771 0.99996686 -0.008142062
vn 0.00733647775 0.999973059 0.000363586674
vn 0.00733647775 0.999973059 0.000363586674
vn 0.023327468 0.9996207 -0.0146431094
vn -0.006949276 0.9997856 -0.0195059869
vn -0.0298486315 0.999505162 -0.009927942
vn -0.0298486315 0.999505162 -0.009927942
vn -0.2068768 0.27031067 -0.9402841
vn -0.03897423 0.364504635 -0.930385649
vn -0.198116228 0.2647719 -0.943740368
vn 0.1907758 -0.1836402 -0.9643033
vn 0.3719494 -0.212330654 -0.9036423
vn 0.19312723 -0.180256784 -0.964473665
vn -0.5885382 0.272387743 -0.7612015
vn -0.732771635 0.174448729 -0.6577335
vn -0.728855133 0.1680763 -0.66371727
vn -0.765391231 -0.4838096 -0.424387336
vn -0.8693709 -0.40629068 -0.281286746
vn -0.869174957 -0.4018706 -0.2881579
vn -0.8068802 0.580085635 -0.111557446
vn -0.7724734 0.6316376 0.06571802
vn -0.8077503 0.5791275 -0.110231131
vn -0.95237416 -0.2999267 0.055022046
vn -0.922269762 -0.287688732 0.2581737
vn -0.9203657 -0.292931974 0.2590713
vn -0.815853 -0.17849727 0.5500205
vn -0.7501673 -0.0141809443 0.661096
vn -0.78364563 0.005050078 0.6211876
vn -0.646838069 0.512750864 0.5645238
vn -0.494919717 0.5815597 0.645633638
vn -0.647995353 0.514445 0.561647952
vn -0.399300933 -0.486949176 0.7768135
vn -0.244163349 -0.4246592 0.8718078
vn -0.245937511 -0.4232892 0.871975362
vn -0.0685287938 0.3497056 0.934349954
vn 0.110610127 0.402450323 0.9087349
vn -0.06640621 0.347737223 0.9352374
vn 0.5105489 0.484067053 0.7106468
vn 0.613408148 0.5475545 0.5691349
vn 0.5114578 0.483495027 0.7103827
vn 0.657368243 -0.5364513 0.529232562
vn 0.782206 -0.479996681 0.397186369
vn 0.7822349 -0.480398327 0.39664343
vn 0.8024093 0.5849967 0.11797563
vn 0.7739357 0.6298733 -0.06544708
vn 0.8040776 0.583135664 0.115810409
vn 0.861223459 -0.505812 -0.0494814366
vn 0.8537753 -0.4627395 -0.238620669
vn 0.8513794 -0.4659526 -0.2409177
vn 0.7709892 0.277578622 -0.5731718
vn 0.6350255 0.3188753 -0.7036059
vn 0.7700647 0.274110466 -0.576076269
vn 0.173623323 0.231087312 -0.957315862
vn -0.02871925 -0.0280833542 -0.999192953
vn 0.344466478 -0.159226447 -0.9251972
vn -0.0559866652 -0.05659037 -0.9968265
vn -0.3319356 -0.06447165 -0.9410963
vn -0.117480934 -0.439232647 -0.890658736
vn 0.693638742 -0.3982878 0.6001935
vn 0.660730243 0.00129881513 0.7506224
vn 0.8597841 -0.0389051475 0.5091736
vn 0.5240325 -0.224562019 0.8215606
vn 0.6175007 0.236230791 0.750258565
vn 0.7753159 -0.0193627179 0.6312768
vn -0.5613565 -0.237462744 -0.792773843
vn -0.462465137 -0.257371724 -0.848460853
vn -0.412840068 0.133125365 -0.901022
vn -0.7479476 -0.294147283 0.595022559
vn -0.8235472 -0.304850727 0.478368074
vn -0.8414257 0.09765877 0.5314748
vn -0.9023687 0.00735683739 0.430902064
vn -0.839364946 -0.3860752 0.3826388
vn -0.985134959 -0.0370668657 0.167735413
vn -0.976720035 0.0465379953 0.209409177
vn -0.971959233 -0.230235368 -0.047822468
vn -0.9698728 0.243568987 -0.00457233749
vn 0.530970454 -0.106048577 -0.8407283
vn 0.537533 -0.125623643 -0.8338327
vn 0.270745635 -0.177613109 -0.9461239
vn 0.570778668 -0.013313435 -0.820996
vn 0.7624819 0.119853415 -0.6358117
vn 0.587200046 -0.04596068 -0.808136
vn 0.8381001 0.0504023843 -0.543183148
vn 0.9603154 0.06158379 -0.2720327
vn 0.838527441 0.04173824 -0.5432584
vn 0.9813374 0.0134795271 -0.191820517
vn 0.9817276 0.00468069641 -0.19023414
vn 0.8827249 -0.0332054049 -0.468715459
vn 0.997790933 0.0623048358 -0.02305144
vn 0.9581117 0.09479521 0.270251483
vn 0.99788 0.0609509163 -0.0228142068
vn 0.837116063 -0.1978585 0.509988964
vn 0.838748753 -0.184218183 0.5124102
vn 0.950190365 -0.200252354 0.238824815
vn 0.290449232 -0.0615817457 0.9549068
vn -0.004008247 -0.07710597 0.9970149
vn 0.2905161 -0.06242465 0.9548317
vn 0.06368719 0.0132071394 0.9978825
vn 0.06289586 0.00184053928 0.9980184
vn 0.353614748 0.0102962293 0.9353345
vn -0.201095954 0.06335263 0.977520764
vn -0.4788423 0.0916051343 0.873108566
vn -0.201663479 0.05916592 0.977666259
vn -0.561650157 -0.10527499 0.8206499
vn -0.690345764 -0.3142342 0.651674449
vn -0.5430744 -0.127248347 0.8299868
vn -0.9227707 -0.136732578 -0.360275656
vn -0.7706537 -0.173295274 -0.613238633
vn -0.9230324 -0.129107848 -0.362411857
vn -0.7173324 -0.222422838 -0.6602744
vn -0.7190577 -0.218332812 -0.6597627
vn -0.872266 -0.26133275 -0.4133488
vn -0.2759023 0.393581837 -0.8769101
vn -0.0201932 0.348165661 -0.9372155
vn -0.261631757 0.401961654 -0.8774826
vn -0.00128047552 0.3377065 -0.9412506
vn -0.00406071544 0.3469573 -0.9378722
vn -0.24473685 0.336886317 -0.9091818
vn -0.64474535 0.430405378 -0.6317078
vn -0.778744 0.463751078 -0.42248407
vn -0.6716082 0.423410565 -0.6080016
vn -0.7577046 0.548126757 -0.354176253
vn -0.7857585 0.5285848 -0.321219146
vn -0.6497765 0.541456342 -0.533493638
vn -0.9481725 0.293686777 -0.121313572
vn -0.9546365 0.276843637 0.109666407
vn -0.960401356 0.2700191 -0.06869415
vn -0.8011684 0.5320128 0.274028629
vn -0.78479147 0.5095343 0.352813333
vn -0.844813 0.5229913 0.113009676
vn -0.8358201 0.374481142 0.4014583
vn -0.721998036 0.3320556 0.6070073
vn -0.8079126 0.346362084 0.4767711
vn -0.404628634 0.51470226 0.7558818
vn -0.3459203 0.454143584 0.8210315
vn -0.509558737 0.545412 0.665489
vn 0.0276695117 0.468742937 0.882901132
vn 0.2499345 0.366459221 0.8962368
vn 0.143646762 0.4018544 0.9043665
vn 0.5040802 0.351994932 0.788671553
vn 0.654502034 0.44219622 0.613261461
vn 0.59998703 0.401927769 0.691715
vn 0.6253477 0.474040568 0.6198595
vn 0.7051965 0.5112256 0.491270125
vn 0.573770761 0.433189273 0.6950786
vn 0.882135868 0.3143162 0.350773
vn 0.9049294 0.401840568 0.140096217
vn 0.9120123 0.359146029 0.198110357
vn 0.5338442 0.445756 -0.7185486
vn 0.350299329 0.576715767 -0.7380307
vn 0.561448932 0.435282052 -0.703778863
vn -0.7545895 -0.583430648 0.300338924
vn -0.719414532 -0.5787031 0.38411656
vn -0.748001933 -0.594784737 0.2944898
vn -0.167171612 -0.9638619 0.2074221
vn -0.07638737 -0.95338285 0.291935027
vn -0.101895638 -0.9626839 0.2507131
vn 0.327893764 -0.937321 0.117962077
vn 0.292147636 -0.9563584 -0.00533412769
vn 0.322654039 -0.940519035 0.106387712
vn 0.756279945 -0.58083564 -0.3011157
vn 0.7210993 -0.5761191 -0.3848409
vn 0.749708235 -0.592229 -0.295300454
vn 0.16715087 -0.963920951 -0.207164332
vn 0.0763628855 -0.95350045 -0.2915572
vn 0.101857252 -0.962788 -0.250328481
vn -0.328171581 -0.937205255 -0.1181089
vn -0.29234767 -0.956298053 0.005190007
vn -0.32294336 -0.9404042 -0.10652516
vn -0.964394748 0.02989147 0.2627723
vn -0.995612562 0.0932828858 -0.00734026451
vn -0.965737 0.0213027541 0.258647144
vn -0.827008545 -0.0303290524 -0.56137073
vn -0.8243962 -0.04076907 -0.564543
vn -0.945028543 -0.0877751261 -0.314986676
vn -0.8436597 -0.00832319353 -0.536813736
vn -0.666988432 0.07515241 -0.7412682
vn -0.8427484 -0.0118958019 -0.538176239
vn -0.3363602 0.0355990268 -0.9410603
vn -0.333175868 0.0246445481 -0.942542553
vn -0.580303252 -0.0288201962 -0.8138904
vn -0.459053338 0.00766233355 -0.8883757
vn -0.195925117 0.0648456439 -0.9784725
vn -0.455803216 -0.00348140439 -0.8900738
vn 0.2592196 0.0514168441 -0.9644488
vn 0.264091849 0.04200867 -0.9635823
vn -0.00257430924 -0.0411611 -0.9991492
vn 0.05116646 -0.03658924 -0.9980197
vn 0.3188456 0.0421364233 -0.9468696
vn 0.0649515241 -0.0638949051 -0.9958407
vn 0.655014336 0.05786077 -0.7533979
vn 0.8407182 0.0428044051 -0.5397784
vn 0.6545641 0.06609814 -0.753111541
vn 0.9556346 -0.07495221 -0.28485918
vn 0.955514252 -0.07160906 -0.286120117
vn 0.83899 -0.101259537 -0.5346423
vn 0.978752434 0.029297471 -0.202941731
vn 0.9911409 0.114886917 0.0666387752
vn 0.979397655 0.0239741746 -0.2005131
vn 0.9715848 0.0498676859 0.231378943
vn 0.871682465 -0.0120888939 0.489922
vn 0.9710217 0.0560301356 0.2323306
vn 0.817894042 -0.0555441119 0.572681665
vn 0.818222046 -0.046496436 0.573019
vn 0.9460951 -0.0137655661 0.3235962
vn 0.648113847 -0.0182257071 0.761325359
vn 0.4083322 -0.0277520549 0.912411451
vn 0.648308 -0.011801105 0.7612868
vn 0.328158647 -0.0584508628 0.9428125
vn 0.328478336 -0.0527860373 0.9430353
vn 0.5803952 -0.04292635 0.8132028
vn 0.131141216 -0.0237695128 0.9910787
vn -0.152382612 -0.0288756788 0.987899661
vn 0.131403223 -0.01848176 0.9911567
vn -0.2780261 -0.05243988 0.959141
vn -0.276666164 -0.0471248068 0.9598099
vn -0.0005745774 -0.07632502 0.9970828
vn -0.474226564 0.0790665746 0.8768453
vn -0.6975695 0.106826358 0.708509
vn -0.474151224 0.0793329 0.876862
vn -0.9543104 -0.06705801 0.291195631
vn -0.9544764 -0.0692403838 0.29013887
vn -0.83648634 -0.1200197 0.5346829
vn -0.0229366254 -0.998497 -0.04977605
vn -0.0229366254 -0.998497 -0.04977605
vn -0.0229366254 -0.998497 -0.04977605
vn -0.0280369632 -0.9992193 -0.0278329756
vn -0.0280369632 -0.9992193 -0.0278329756
vn -0.0280369632 -0.9992193 -0.0278329756
vn 0.0232181437 -0.9985045 0.0494948924
vn 0.0232181437 -0.9985045 0.0494948924
vn 0.0232181437 -0.9985045 0.0494948924
vn 0.0281887352 -0.9992066 0.0281364154
vn 0.0281887352 -0.9992066 0.0281364154
vn 0.0281887352 -0.9992066 0.0281364154
vn -0.06298495 0.455840737 -0.88783
vn 0.07965188 0.4431626 -0.8928956
vn -0.0157714747 0.4442191 -0.8957794
vn 0.894837737 0.444487631 0.0411842763
vn 0.894393146 0.443969369 -0.05433328
vn 0.887576938 0.4520625 0.08858182
vn 0.06296995 0.4558428 0.88783
vn -0.07966664 0.443163961 0.892893553
vn 0.0157566033 0.4442205 0.895778954
vn -0.8878895 0.4558066 0.0623912029
vn -0.892851 0.443144858 -0.08024788
vn -0.895843 0.4441098 0.01522554
vn 0.4909363 0.06627635 0.8686709
vn 0.1461145 0.09787363 0.9844142
vn 0.1445485 0.08800489 0.9855764
vn -0.07010837 0.200407356 0.977201
vn -0.07010837 0.200407356 0.977201
vn -0.07010837 0.200407356 0.977201
vn -0.453649521 0.08605962 0.887015164
vn -0.453648776 0.08600132 0.8870212
vn -0.453648657 0.08604782 0.8870168
vn 0.977403641 0.199835271 0.06890571
vn 0.977403641 0.199835271 0.06890571
vn 0.977403641 0.199835271 0.06890571
vn 0.8861506 0.0848731 0.4555587
vn 0.8861506 0.0848731 0.4555587
vn 0.8861506 0.0848731 0.4555587
vn 0.989630044 0.140546322 -0.0296513
vn 0.989630044 0.140546322 -0.0296513
vn 0.989630044 0.140546322 -0.0296513
vn 0.06804266 0.2009271 -0.977240264
vn 0.06804266 0.2009271 -0.977240264
vn 0.06804266 0.2009271 -0.977240264
vn 0.453951418 0.08600767 -0.886865735
vn 0.453951418 0.08600767 -0.886865735
vn 0.453951418 0.08600767 -0.886865735
vn 0.8748576 0.0688940138 -0.479455739
vn 0.985940039 0.101109162 -0.133038178
vn 0.987049341 0.0918034 -0.1315514
vn -0.0327022225 0.142029464 -0.989322066
vn -0.0327022225 0.142029464 -0.989322066
vn -0.0327022225 0.142029464 -0.989322066
vn -0.976767361 0.201616228 -0.07263939
vn -0.976767361 0.201616228 -0.07263939
vn -0.976767361 0.201616228 -0.07263939
vn -0.8883051 0.08985117 -0.450378448
vn -0.8883051 0.08985117 -0.450378448
vn -0.8883051 0.08985117 -0.450378448
vn -0.485326141 0.07061659 -0.8714768
vn -0.139660969 0.1015972 -0.98497355
vn -0.138178214 0.0921038538 -0.986115456
vn -0.874883354 0.06886815 0.479412436
vn -0.985945463 0.10112258 0.132988036
vn -0.9870549 0.091814965 0.131501451
vn -0.9896299 0.140546724 0.0296512954
vn -0.9896299 0.140546724 0.0296512954
vn -0.9896299 0.140546724 0.0296512954
vn 0.0323800854 0.140439019 0.9895597
vn 0.0323800854 0.140439019 0.9895597
vn 0.0323800854 0.140439019 0.9895597
vn -0.7026883 -0.700967431 -0.121958837
vn -0.65388155 -0.710894346 -0.258975267
vn -0.707462847 -0.696539462 -0.119704559
vn -0.710893154 -0.6763813 -0.192715481
vn -0.696661532 -0.6788376 -0.232039347
vn -0.7619331 -0.645399332 -0.0540155843
vn -0.5232518 -0.672703564 -0.52314204
vn -0.467939436 -0.6584416 -0.5894805
vn -0.5781206 -0.6904247 -0.43484515
vn -0.562172353 -0.6933896 -0.450747222
vn -0.464753956 -0.6879306 -0.5574542
vn -0.5120321 -0.684028864 -0.519545734
vn -0.253398 -0.6906105 -0.6773822
vn -0.224372521 -0.6914098 -0.6867383
vn -0.3853032 -0.7149409 -0.583439
vn -0.186673626 -0.6629399 -0.7250266
vn -0.048393786 -0.644301057 -0.7632393
vn -0.161892682 -0.6552376 -0.7378715
vn 0.110564768 -0.66720295 -0.736624539
vn 0.227372974 -0.6520867 -0.723245859
vn 0.03708092 -0.669945836 -0.7414834
vn 0.09347911 -0.6698778 -0.7365632
vn 0.237779915 -0.660364866 -0.712305367
vn 0.21070236 -0.6583085 -0.722657859
vn 0.393208534 -0.645618141 -0.6546482
vn 0.5010271 -0.6594439 -0.560451269
vn 0.407892436 -0.6430502 -0.6481591
vn 0.5395799 -0.7129663 -0.447808653
vn 0.592163 -0.7223235 -0.357199937
vn 0.492094368 -0.6986682 -0.5193322
vn 0.7027915 -0.682583153 -0.2004106
vn 0.7299681 -0.6808965 -0.0593844354
vn 0.7060339 -0.6797411 -0.198666275
vn 0.7305279 -0.678409457 -0.07803631
vn 0.730887949 -0.681836665 -0.03002701
vn 0.7204553 -0.65741545 -0.22079207
vn 0.6834276 -0.6722618 0.2845891
vn 0.660499454 -0.651525 0.37316978
vn 0.6998371 -0.6889194 0.1887276
vn 0.6845285 -0.706278 0.1805326
vn 0.6453124 -0.693914056 0.31946066
vn 0.6686306 -0.6926763 0.270430475
vn 0.450559258 -0.67227453 0.587403834
vn 0.329864979 -0.6693967 0.6656555
vn 0.427292258 -0.664546132 0.6130252
vn 0.3732433 -0.6609792 0.650996149
vn 0.3002759 -0.6661219 0.68272686
vn 0.472497731 -0.6460209 0.599502265
vn 0.237446547 -0.656603634 0.7158847
vn 0.09409389 -0.682583749 0.72472465
vn 0.115709752 -0.676816165 0.7270015
vn 0.108686164 -0.682990253 0.722296059
vn -0.0549591333 -0.7194772 0.692338169
vn 0.132050931 -0.6813701 0.719928741
vn -0.206749424 -0.679736257 0.7037139
vn -0.338653922 -0.684597969 0.645475864
vn -0.271221519 -0.675016165 0.686142862
vn -0.354080558 -0.6962279 0.6244147
vn -0.4420817 -0.703903854 0.5559524
vn -0.28562355 -0.688343465 0.6667852
vn -0.5593695 -0.6706385 0.487185568
vn -0.648434639 -0.6651076 0.3703572
vn -0.6491519 -0.6700971 0.3599607
vn -0.680710852 -0.6639256 0.309573174
vn -0.707205236 -0.6566907 0.261950552
vn -0.6017602 -0.6785473 0.421257854
vn -0.6682735 -0.6628026 0.33779183
vn -0.7187563 -0.665025 0.202808231
vn -0.694828331 -0.6580833 0.290069
vn 0.4572039 0.879726946 -0.130556762
vn 0.438172936 0.8759791 -0.201655909
vn 0.466411769 0.8832952 -0.0474315
vn 0.439285368 0.874843 0.204152018
vn 0.507547438 0.8539996 0.1143691
vn 0.415954769 0.8692296 0.267247975
vn 0.194577768 0.877167 0.438996166
vn 0.04002845 0.883834362 0.466084272
vn 0.1233153 0.88056016 0.4576103
vn -0.194346383 0.876052 0.4413189
vn -0.102974862 0.856047 0.506537
vn -0.257568 0.8712161 0.417901069
vn -0.4382692 0.875918448 0.201710224
vn -0.4665308 0.8832315 0.047445152
vn -0.457313567 0.8796683 0.130568162
vn -0.439407557 0.8748109 -0.204026967
vn -0.5074783 0.8540604 -0.114221968
vn -0.415775746 0.8693786 -0.2670418
vn -0.194164574 0.877260745 -0.4389917
vn -0.03958985 0.883752465 -0.466276973
vn -0.122855335 0.8807084 -0.457448661
vn 0.194248185 0.8760888 -0.441289067
vn 0.102836564 0.856043041 -0.5065717
vn 0.257467717 0.871241331 -0.417910129
vn -0.00662980648 0.9998497 0.01602016
vn -0.00662980648 0.9998497 0.01602016
vn -0.00662980648 0.9998497 0.01602016
vn 0.0317839868 0.9993861 0.0147423055
vn 0.0317839868 0.9993861 0.0147423055
vn 0.0317839868 0.9993861 0.0147423055
vn -0.024313353 0.999423444 -0.0236995332
vn -0.024313353 0.999423444 -0.0236995332
vn -0.024313353 0.999423444 -0.0236995332
vn -0.0260375645 0.9996354 0.007149702
vn -0.0260375645 0.9996354 0.007149702
vn -0.0260375645 0.9996354 0.007149702
vn -0.9308603 0.364313036 -0.0278420635
vn -0.8850516 0.417237341 -0.206389636
vn -0.930122435 0.366339743 -0.0258344933
vn -0.949105 -0.2262205 -0.219143689
vn -0.8723098 -0.337019 -0.354251146
vn -0.9502448 -0.2354127 -0.2039993
vn -0.893145144 -0.409392059 0.1862522
vn -0.8827044 -0.316522479 0.347342134
vn -0.8836585 -0.315591216 0.3457597
vn -0.6411197 0.378565967 0.667572737
vn -0.489063263 0.452377 0.74576956
vn -0.641468048 0.378990233 0.666997135
vn -0.44093135 -0.398570836 0.804189563
vn -0.2880841 -0.3325588 0.8980046
vn -0.2889949 -0.331819177 0.8979855
vn -0.08489798 0.477768719 0.874373734
vn 0.0959734544 0.5249789 0.845686853
vn -0.08304173 0.47609818 0.875462532
vn 0.473264784 -0.269281924 0.838753641
vn 0.631146848 -0.2349962 0.739209354
vn 0.632663846 -0.238750055 0.7367054
vn 0.7843007 0.334988952 0.5221636
vn 0.8580688 0.379235953 0.346262842
vn 0.7865026 0.3320447 0.5207302
vn 0.8509122 -0.308712184 0.425023764
vn 0.926463664 -0.294271946 0.234668121
vn 0.9252876 -0.299378484 0.232842043
vn 0.9827016 -0.147288069 -0.112266868
vn 0.971126 0.01935912 -0.237780243
vn 0.981967866 0.03808893 -0.185170963
vn 0.9621739 0.197723687 -0.187421247
vn 0.892637968 0.329124 -0.308017522
vn 0.9640161 0.209810287 -0.163256347
vn 0.7259367 0.00660804659 -0.687729836
vn 0.5763543 -0.0589891 -0.815068066
vn 0.728528738 -0.00191416976 -0.685012639
vn -0.1417701 -0.107914612 -0.983999848
vn -0.3377643 -0.105250768 -0.93532753
vn -0.338992864 -0.111017987 -0.934215665
vn -0.6366516 0.1286791 -0.7603397
vn -0.7783191 0.139404446 -0.612197459
vn -0.6387385 0.12201079 -0.7596884
vn -0.77529496 0.0935077444 -0.6246391
vn -0.772381961 0.08489988 -0.6294586
vn -0.957300246 0.231117427 -0.173669279
vn -0.9991943 -0.0280915368 0.0286643226
vn -0.9251753 -0.159242854 -0.344517618
vn -0.996822834 -0.05659901 0.0560429357
vn -0.941068232 -0.06444219 0.332020819
vn -0.8906505 -0.439228684 0.117557757
vn 0.600139439 -0.3983329 -0.693659544
vn 0.750590265 0.00127041352 -0.6607668
vn 0.509107649 -0.03892385 -0.859822333
vn 0.8215514 -0.224589452 -0.5240353
vn 0.750256538 0.236206025 -0.6175126
vn 0.631263137 -0.0194255058 -0.7753255
vn -0.7927957 -0.237456441 0.5613283
vn -0.8484558 -0.2573966 0.4624606
vn -0.9010409 0.133122832 0.412799716
vn 0.5950044 -0.2941782 0.747949839
vn 0.478381366 -0.304827034 0.8235483
vn 0.531465352 0.09768418 0.841428757
vn 0.430903673 0.00736306561 0.9023679
vn 0.382665962 -0.3860636 0.839357853
vn 0.167743176 -0.0370692462 0.9851335
vn 0.2094107 0.04649412 0.9767218
vn -0.0478268079 -0.230241179 0.9719576
vn -0.00457798829 0.243563145 0.969874263
vn -0.840753853 -0.106072538 -0.530925155
vn -0.8338612 -0.125641048 -0.5374848
vn -0.946127057 -0.177611947 -0.270735383
vn -0.8209753 -0.0133118425 -0.5708086
vn -0.6357795 0.11983908 -0.762511
vn -0.8081158 -0.0459615663 -0.587227762
vn -0.543217063 0.0504155122 -0.8380773
vn -0.272027254 0.0616300628 -0.960314
vn -0.5432918 0.0417512432 -0.838505149
vn -0.191743165 0.0134853981 -0.9813525
vn -0.1901548 0.00468293345 -0.981743
vn -0.468640864 -0.0332298242 -0.882763565
vn -0.0230589379 0.0623021871 -0.997790933
vn 0.27020362 0.094714 -0.9581332
vn -0.0228211079 0.0609491467 -0.99788
vn 0.509964049 -0.197855249 -0.837132
vn 0.512384832 -0.184218973 -0.8387641
vn 0.2388407 -0.200226143 -0.9501919
vn 0.9549372 -0.06157568 -0.290350437
vn 0.997013032 -0.07712655 0.004065792
vn 0.954861939 -0.06242107 -0.2904174
vn 0.9978788 0.0132015664 -0.063747175
vn 0.9980147 0.00183559046 -0.06295544
vn 0.9352974 0.0103369262 -0.3537115
vn 0.9775248 0.06337516 0.201069191
vn 0.8730975 0.09161361 0.4788609
vn 0.977670133 0.0591882765 0.201638222
vn 0.82063216 -0.105294965 0.56167233
vn 0.6516788 -0.314217031 0.6903495
vn 0.8299653 -0.12726137 0.5431042
vn -0.360307127 -0.13674362 0.922756732
vn -0.613235831 -0.173244566 0.7706674
vn -0.362442553 -0.129120931 0.9230185
vn -0.6602319 -0.2224196 0.7173726
vn -0.6597198 -0.218331382 0.719097435
vn -0.413340569 -0.261313945 0.872275531
vn -0.876924336 0.393570036 0.275873959
vn -0.937216 0.3481637 0.0202074535
vn -0.8774794 0.401959419 0.261645973
vn -0.941247344 0.337715715 0.00124356232
vn -0.9378677 0.346969783 0.004024908
vn -0.9091976 0.3368694 0.244701326
vn -0.6317478 0.4303674 0.6447315
vn -0.422561884 0.463716626 0.7787223
vn -0.60803926 0.423378944 0.671594
vn -0.3541815 0.5481435 0.75769
vn -0.32122308 0.528604 0.785744
vn -0.533484459 0.541472435 0.649770737
vn -0.121288151 0.293670982 0.9481807
vn 0.109649427 0.276848048 0.95463717
vn -0.06867776 0.269988954 0.960411
vn 0.274020731 0.5320125 0.801171243
vn 0.3527989 0.50953 0.7848007
vn 0.112995744 0.522985637 0.844818354
vn 0.401474983 0.374470145 0.8358169
vn 0.607022047 0.33204174 0.721992
vn 0.476781756 0.346346557 0.8079129
vn 0.7558895 0.5146774 0.40464586
vn 0.821013 0.454178959 0.3459178
vn 0.665481269 0.545406044 0.5095752
vn 0.8829272 0.468691 -0.02771938
vn 0.896233857 0.3664034 -0.2500268
vn 0.9043924 0.401780277 -0.143690571
vn 0.788762033 0.351985961 -0.5039448
vn 0.613351 0.442198068 -0.6544169
vn 0.691793859 0.4019146 -0.599904954
vn 0.619864 0.474048734 -0.625337064
vn 0.491272539 0.511221766 -0.7051976
vn 0.6950677 0.433215767 -0.573763967
vn 0.350761324 0.314285725 -0.882151365
vn 0.140062556 0.401818275 -0.904944539
vn 0.198071763 0.359126419 -0.912028432
vn -0.7185361 0.445788354 -0.533833861
vn -0.73800987 0.5767185 -0.350338638
vn -0.7037733 0.435308546 -0.561435342
vn 0.7474488 -0.0485050566 0.6625462
vn 0.7465906 -0.05239476 0.663217366
vn 0.899195254 -0.09061012 0.428062767
vn 0.5390683 0.021685157 0.8419829
vn 0.355259627 -0.6731185 0.648615539
vn 0.2301354 -0.6524578 0.7220364
vn 0.268197864 -0.6564974 0.70503974
vn 0.09633829 -0.67163074 0.734595835
vn 0.009105156 0.9995185 -0.0296629611
vn 0.009105156 0.9995185 -0.0296629611
vn 0.009105156 0.9995185 -0.0296629611
vn -0.0279733036 0.9992498 -0.02678285
vn -0.00771714654 0.9999702 -0.0003841991
vn -0.0210645683 0.999716163 0.0111295171
vn -0.0210645683 0.999716163 0.0111295171
vn 0.007815239 0.9997843 0.01924609
vn -0.0318095274 0.999463558 -0.00779800862
vn -0.0318095274 0.999463558 -0.00779800862
vn -0.0318095274 0.999463558 -0.00779800862
vn -0.0029013427 0.999974847 0.006473167
vn 0.008002409 0.9999676 0.000918438949
vn 0.00716902176 0.999974251 -0.000245909847
vn 0.008002409 0.9999676 0.000918438949
vn 0.008002409 0.9999676 0.000918438949
vn 0.00252437359 0.999968052 -0.00758367451
vn 0.00252437359 0.999968052 -0.00758367451
vn 0.0047223256 0.9999783 0.004593898
vn 0.0386014543 0.998577833 -0.03677411
vn 0.0386014543 0.998577833 -0.03677411
vn -0.00207614014 0.9989343 -0.04610853
vn 0.0288082864 0.9982349 -0.051933933
vn -0.0012616273 0.996745944 -0.08059759
vn -0.00333713577 0.999974966 -0.00624406
vn -0.00333713577 0.999974966 -0.00624406
vn -0.00333713577 0.999974966 -0.00624406
vn 0.00697102165 0.9999186 0.01069279
vn -0.008749539 0.999959648 0.00204143371
vn -0.008749539 0.999959648 0.00204143371
vn -0.00598295638 0.9999769 -0.00323701045
vn -0.00598295638 0.9999769 -0.00323701045
vn 0.006651451 0.999958336 -0.00625630235
vn -0.00646063732 0.9999517 0.00740345242
vn -0.0159454569 0.998095 0.05959983
vn -0.0159454569 0.998095 0.05959983
vn -0.0159454569 0.998095 0.05959983
vn 0.00202711229 0.99885267 0.0478464253
vn -0.009754395 0.9993007 0.0360960849
vn -0.009754395 0.9993007 0.0360960849
vn -0.009754395 0.9993007 0.0360960849
vn 0.0222087763 0.9981667 0.05630332
vn 0.282526761 0.02017918 -0.959047139
vn 0.282526761 0.02017918 -0.959047139
vn 0.282526761 0.02017918 -0.959047139
vn 0.054409124 -0.000142391378 -0.998518765
vn 0.054409124 -0.000142391378 -0.998518765
vn 0.054409124 -0.000142391378 -0.998518765
vn -0.0544090942 0.000142390956 -0.998518765
vn -0.0544090942 0.000142390956 -0.998518765
vn -0.0544090942 0.000142390956 -0.998518765
vn -0.282526642 -0.0201833043 -0.959047139
vn -0.282526642 -0.0201833043 -0.959047139
vn -0.282526642 -0.0201833043 -0.959047139
vn 0.814550042 -0.5769859 0.0599628575
vn 0.770676732 -0.6320521 0.08103998
vn 0.553844154 -0.609382749 -0.567370534
vn 0.9078731 0.3732835 -0.190855592
vn 0.791874647 0.373282164 0.4833167
vn 0.971718669 0.201433048 -0.123238035
vn 0.7999062 -0.08682336 0.5938113
vn 0.243496 -0.321631551 0.9150207
vn 0.797831 -0.07672523 0.597979
vn -0.9380574 -0.289759427 0.18996793
vn -0.94442004 -0.268908322 0.189100981
vn -0.6087869 -0.164948136 0.775996566
vn -0.9392487 0.2815822 -0.196273834
vn -0.605307341 0.157457992 -0.7802628
vn -0.932381153 0.302643538 -0.1976673
vn 0 1 0
vn 0 1 0
vn 0 1 0
vn -0.0605430156 0.9687474 -0.2405474
vn -0.0605430156 0.9687474 -0.2405474
vn -0.0605430156 0.9687474 -0.2405474
vn 0.03755522 0.8576397 -0.512878
vn 0.03755522 0.8576397 -0.512878
vn 0.03755522 0.8576397 -0.512878
vn -0.00319618755 0.8099228 0.586527765
vn -0.00319618755 0.8099228 0.586527765
vn -0.00319618755 0.8099228 0.586527765
vn -0.08122507 0.9627044 0.2580751
vn -0.08122507 0.9627044 0.2580751
vn -0.08122507 0.9627044 0.2580751
vn 0.814553 -0.5769805 0.0599745847
vn 0.7706798 -0.632047236 0.0810494646
vn 0.553852558 -0.609382 -0.567363262
vn 0.907881558 0.373287 -0.1908086
vn 0.7918761 0.373278946 0.48331672
vn 0.971718132 0.20145905 -0.123199753
vn 0.799921 -0.0868319646 0.593790054
vn 0.243513435 -0.321644455 0.9150115
vn 0.7978427 -0.07673642 0.597962
vn -0.9467171 -0.268517941 0.177833974
vn -0.9524054 -0.247595757 0.17782107
vn -0.6146064 -0.177841753 0.7685254
vn -0.939248264 0.281587362 -0.196268454
vn -0.6053104 0.157463953 -0.7802592
vn -0.932381 0.302648842 -0.197659969
vn 0 1 1.33524381E-05
vn 0 1 1.33524381E-05
vn 0 1 1.33524381E-05
vn -0.0605472922 0.96875 -0.2405358
vn -0.0605472922 0.96875 -0.2405358
vn -0.0605472922 0.96875 -0.2405358
vn 0.037554726 0.857630849 -0.5128927
vn 0.037554726 0.857630849 -0.5128927
vn 0.037554726 0.857630849 -0.5128927
vn -0.05709818 0.8505396 0.5228023
vn -0.05709818 0.8505396 0.5228023
vn -0.05709818 0.8505396 0.5228023
vn -0.105344594 0.9364159 0.334705561
vn -0.105344594 0.9364159 0.334705561
vn -0.105344594 0.9364159 0.334705561
vn 0.809079647 -0.5847951 0.0583513081
vn 0.765148342 -0.6389894 0.07899746
vn 0.548360467 -0.6125473 -0.569286168
vn 0.907873333 0.373282939 -0.190855533
vn 0.7918749 0.3732816 0.4833167
vn 0.9717188 0.201432541 -0.123237893
vn 0.7973684 -0.103689551 0.5945184
vn 0.2339524 -0.315043837 0.91979
vn 0.7950504 -0.0904329345 0.599764
vn -0.946721733 -0.268522918 0.1778018
vn -0.9524112 -0.247597858 0.177787408
vn -0.6145962 -0.177841291 0.768533647
vn -0.939245 0.2815885 -0.196282476
vn -0.6052998 0.15746364 -0.780267537
vn -0.932377338 0.3026501 -0.19767496
vn 0 1 0
vn 0 1 0
vn 0 1 0
vn -0.06054756 0.9687538 -0.240520433
vn -0.06054756 0.9687538 -0.240520433
vn -0.06054756 0.9687538 -0.240520433
vn 0.03230004 0.8657985 -0.4993493
vn 0.03230004 0.8657985 -0.4993493
vn 0.03230004 0.8657985 -0.4993493
vn -0.07832829 0.892472446 0.444249451
vn -0.07832829 0.892472446 0.444249451
vn -0.07832829 0.892472446 0.444249451
vn -0.105344594 0.9364159 0.334705561
vn -0.105344594 0.9364159 0.334705561
vn -0.105344594 0.9364159 0.334705561
vn -0.9590569 0.0201796219 -0.282493651
vn -0.9590569 0.0201796219 -0.282493651
vn -0.9590569 0.0201796219 -0.282493651
vn -0.9985109 -0.000143862912 -0.05455263
vn -0.9985109 -0.000143862912 -0.05455263
vn -0.9985109 -0.000143862912 -0.05455263
vn -0.9985109 0.000144014426 0.0545530468
vn -0.9985109 0.000144014426 0.0545530468
vn -0.9985109 0.000144014426 0.0545530468
vn -0.959056 -0.0201796312 0.2824966
vn -0.959056 -0.0201796312 0.2824966
vn -0.959056 -0.0201796312 0.2824966
vn -0.153446481 0.2561363 -0.9543838
vn 0.515634835 0.172620624 -0.8392395
vn -0.151085228 0.2769673 -0.948927
vn 0.7429607 -0.258041084 0.6175955
vn 0.74676317 -0.236879528 0.621476352
vn 0.982670248 -0.184442058 -0.01844731
vn 0.406564116 0.239350721 0.8817125
vn -0.2757416 0.2393507 0.9309553
vn 0.4027702 0.2828884 0.8704885
vn -0.4027702 -0.2828884 0.8704885
vn -0.406564116 -0.239350721 0.8817125
vn 0.2757416 -0.2393507 0.9309553
vn -0.7575821 0.300342441 0.5795376
vn -0.988131046 0.146609128 -0.0458566248
vn -0.754292 0.3220305 0.5721363
vn -0.486876 -0.2580355 -0.834487557
vn -0.489121377 -0.236872524 -0.839435339
vn -0.9296987 -0.184443519 -0.318811625
vn 0.139277652 0.985743642 -0.09439921
vn 0.139277652 0.985743642 -0.09439921
vn 0.139277652 0.985743642 -0.09439921
vn 0 1 0
vn 0 1 0
vn 0 1 0
vn -0.4617682 0.885728657 -0.0474858619
vn -0.4617682 0.885728657 -0.0474858619
vn -0.4617682 0.885728657 -0.0474858619
vn 0.47587 0.8734967 -0.102718905
vn 0.47587 0.8734967 -0.102718905
vn 0.47587 0.8734967 -0.102718905
vn -0.145309761 0.268896043 -0.9521449
vn 0.520984 0.16493547 -0.8374796
vn -0.142320275 0.289747924 -0.9464624
vn 0.74296236 -0.2580368 0.6175954
vn 0.746764 -0.236875221 0.621476948
vn 0.9826711 -0.184437841 -0.01844731
vn 0.406564116 0.239350721 0.8817125
vn -0.2757416 0.2393507 0.9309553
vn 0.4027702 0.282888532 0.8704885
vn -0.4027702 -0.282888532 0.8704885
vn -0.406564116 -0.239350721 0.8817125
vn 0.2757416 -0.2393507 0.9309553
vn -0.7575776 0.300340831 0.5795443
vn -0.988131464 0.146608621 -0.04584914
vn -0.7542873 0.3220289 0.5721434
vn -0.4868854 -0.258043081 -0.8344797
vn -0.4891314 -0.2368802 -0.839427352
vn -0.9297015 -0.184449628 -0.318800122
vn 0.172729328 0.977987766 -0.117066443
vn 0.172729328 0.977987766 -0.117066443
vn 0.172729328 0.977987766 -0.117066443
vn 0 1 0
vn 0 1 0
vn 0 1 0
vn -0.4617688 0.885727942 -0.0474929065
vn -0.4617688 0.885727942 -0.0474929065
vn -0.4617688 0.885727942 -0.0474929065
vn 0.429035038 0.8950379 -0.121803544
vn 0.429035038 0.8950379 -0.121803544
vn 0.429035038 0.8950379 -0.121803544
vn 0.0583396256 -0.584809661 -0.809069932
vn 0.07898693 -0.639000833 -0.7651399
vn -0.5692552 -0.6125674 -0.5483701
vn -0.190857112 0.373294473 -0.907868266
vn 0.483273566 0.3733023 -0.791891456
vn -0.123238772 0.201443687 -0.971716344
vn 0.5945202 -0.103659905 -0.7973709
vn 0.919800341 -0.315008372 -0.233959526
vn 0.599766135 -0.0903980955 -0.7950527
vn 0.17785655 -0.2685045 0.946716666
vn 0.177842215 -0.247580364 0.952405453
vn 0.7685383 -0.177823469 0.614595532
vn -0.196342915 0.28155753 0.939241648
vn -0.7802756 0.157432526 0.605297446
vn -0.197737068 0.3026156 0.9323754
vn 0 1 0
vn 0 1 0
vn 0 1 0
vn -0.2405344 0.968750238 0.0605490059
vn -0.2405344 0.968750238 0.0605490059
vn -0.2405344 0.968750238 0.0605490059
vn -0.499307454 0.86582315 -0.0322858542
vn -0.499307454 0.86582315 -0.0322858542
vn -0.499307454 0.86582315 -0.0322858542
vn 0.4442171 0.892489135 0.0783226
vn 0.4442171 0.892489135 0.0783226
vn 0.4442171 0.892489135 0.0783226
vn 0.3346979 0.9364167 0.105361819
vn 0.3346979 0.9364167 0.105361819
vn 0.3346979 0.9364167 0.105361819
vn -0.00155068107 0.0001461135 0.9999988
vn -0.00155068107 0.0001461135 0.9999988
vn -0.00155068107 0.0001461135 0.9999988
vn 0.00155068759 -0.000146114107 0.9999988
vn 0.9999988 0.000143650133 0.00157495937
vn 0.9999988 0.000143650133 0.00157495937
vn 0.9999988 0.000143650133 0.00157495937
vn 0.999998748 -0.000143474346 -0.0015810167
vn 0.0266803615 0.0132071925 -0.9995568
vn 0.02619174 0.0147672966 -0.999547839
vn 0.0739886239 0.02346472 -0.996983
vn -0.0261920914 -0.0147718079 -0.9995478
vn -0.0739889443 -0.0234691985 -0.9969829
vn -0.0266805813 -0.0132116685 -0.9995567
vn 0.0165187046 0.9992446 0.035176158
vn 0.0165187046 0.9992446 0.035176158
vn 0.0165187046 0.9992446 0.035176158
vn -0.009171735 0.998889446 0.04621475
vn -0.009171735 0.998889446 0.04621475
vn -0.0129291229 0.998871863 0.04569305
vn -0.0129291229 0.998871863 0.04569305
vn -0.00278720516 0.9986926 0.0510428
vn -0.002547184 0.998686254 0.05117947
vn -0.002547184 0.998686254 0.05117947
vn -0.002547184 0.998686254 0.05117947
vn 0.010695545 0.999283 0.0363191441
vn 0.010695545 0.999283 0.0363191441
vn -0.05193668 0.9986216 0.007585451
vn -0.05193668 0.9986216 0.007585451
vn -0.05193668 0.9986216 0.007585451
vn -0.0402901955 0.9991295 0.0108138649
vn -0.0402901955 0.9991295 0.0108138649
vn -0.0402901955 0.9991295 0.0108138649
vn 0.0409083776 0.9975223 0.05723389
vn 0.0409083776 0.9975223 0.05723389
vn 0.0409083776 0.9975223 0.05723389
vn -0.0768280551 0.996231735 0.0402478352
vn -0.0768280551 0.996231735 0.0402478352
vn -0.0768280551 0.996231735 0.0402478352
vn 0 1 -5.816274E-06
vn 0 1 -5.816274E-06
vn 0 1 -5.816274E-06
vn 0 1 -2.588162E-06
vn 0 1 -2.588162E-06
vn 0 1 4.282103E-06
vn 0 1 4.282103E-06
vn -0.007819313 0.9990909 -0.04190807
vn -0.007819313 0.9990909 -0.04190807
vn -9.480217E-05 0.9983727 -0.05702629
vn -9.480217E-05 0.9983727 -0.05702629
vn -0.0107422583 0.999611437 -0.0257204287
vn -0.0107422583 0.999611437 -0.0257204287
vn -0.0192304216 0.999799 -0.005668694
vn -0.001275638 0.9996565 0.0261784457
vn -0.001275638 0.9996565 0.0261784457
vn 0 1 4.24032351E-06
vn 0.0006734416 0.9998159 0.0191763081
vn 0 1 0
vn 0.0072719194 0.999940753 -0.008102312
vn 0.0072719194 0.999940753 -0.008102312
vn 0.0072719194 0.999940753 -0.008102312
vn 0.0116111282 0.9999255 0.00377928047
vn 0.0237316284 0.9987326 0.0443849042
vn 0.0237316284 0.9987326 0.0443849042
vn 0.0280379765 0.9996061 -0.00127448176
vn 0.0280379765 0.9996061 -0.00127448176
vn 0.0280379765 0.9996061 -0.00127448176
vn -0.0305382572 0.9982542 -0.0505574532
vn -0.0305382572 0.9982542 -0.0505574532
vn -0.0305382572 0.9982542 -0.0505574532
vn 0 1 -2.83482973E-06
vn 0 1 -2.83482973E-06
vn 0 1 -2.83482973E-06
vn 0 1 -1.31820866E-06
vn 0 1 -1.31820866E-06
vn 0.00288365083 0.9998344 -0.0179683976
vn 0.00288365083 0.9998344 -0.0179683976
vn -0.007182903 0.9999466 -0.007434992
vn -0.007182903 0.9999466 -0.007434992
vn -0.0108358953 0.99993515 0.00352023775
vn 0 1 -3.92652328E-06
vn 0 1 -3.92652328E-06
vn 0 1 -6.27207055E-06
vn 0.00205057533 0.9998475 0.0173448659
vn 0.00964344 0.9999505 0.00244270335
vn 0.00229975651 0.9996163 0.0276031252
vn 0.00229975651 0.9996163 0.0276031252
vn 0.00229975651 0.9996163 0.0276031252
vn 0 1 0
vn 0 1 0
vn 0 1 0
vn 0.0188422874 0.999802947 -0.00624938263
vn 0.0400276035 0.997745335 -0.0538700335
vn 0.007406917 0.999183536 -0.0397168547
vn 0.0188422874 0.999802947 -0.00624938263
vn 0.0400276035 0.997745335 -0.0538700335
vn 0.0400276035 0.997745335 -0.0538700335
vn 0.08010872 0.9960898 -0.037251994
vn 0.08010872 0.9960898 -0.037251994
vn 0.08010872 0.9960898 -0.037251994
vn 0 0.9961188 0.08801946
vn 0 0.9961188 0.08801946
vn 0 0.9961188 0.08801946
vn 0.0781028643 0.968483746 0.236514539
vn 0.0781028643 0.968483746 0.236514539
vn 0.0781028643 0.968483746 0.236514539
vn -0.19772701 0.978404939 -0.06023089
vn -0.19772701 0.978404939 -0.06023089
vn -0.19772701 0.978404939 -0.06023089
vn 0 1 4.416676E-06
vn 0 1 4.416676E-06
vn 0 1 4.416676E-06
vn 0.008831745 0.9998373 -0.0157309454
vn 0.008831745 0.9998373 -0.0157309454
vn 0.008831745 0.9998373 -0.0157309454
vn -0.0248404816 0.999691367 0.0003140502
vn -0.0248404816 0.999691367 0.0003140502
vn -0.0248404816 0.999691367 0.0003140502
vn 0.0485969633 0.998793244 0.007098678
vn 0.0485969633 0.998793244 0.007098678
vn 0.0485969633 0.998793244 0.007098678
vn 0.08847847 0.994537532 0.05537748
vn 0.08847847 0.994537532 0.05537748
vn 0.08847847 0.994537532 0.05537748
vn 0.09262355 0.9955047 -0.019781461
vn 0.09262355 0.9955047 -0.019781461
vn 0.09262355 0.9955047 -0.019781461
vn -0.0190140065 0.9984812 0.0517085455
vn -0.0190140065 0.9984812 0.0517085455
vn -0.0190140065 0.9984812 0.0517085455
vn 0.02077872 0.999695539 -0.013311252
vn 0.02077872 0.999695539 -0.013311252
vn 0.02077872 0.999695539 -0.013311252
vn 0.00133540772 0.99916625 0.0408055671
vn 0.00133540772 0.99916625 0.0408055671
vn 0.00133540772 0.99916625 0.0408055671
vn -0.0371853448 0.9951355 -0.09122898
vn -0.0371853448 0.9951355 -0.09122898
vn -0.0371853448 0.9951355 -0.09122898
vn -0.0212684218 0.999060869 0.0377502367
vn -0.0212684218 0.999060869 0.0377502367
vn -0.0212684218 0.999060869 0.0377502367
vn 0.0324405655 0.9964514 -0.07766829
vn 0.0324405655 0.9964514 -0.07766829
vn 0.0324405655 0.9964514 -0.07766829
vn 0.008534429 0.9988781 -0.04658001
vn 0.008534429 0.9988781 -0.04658001
vn -0.09427199 0.9902284 0.102763973
vn -0.09427199 0.9902284 0.102763973
vn -0.09427199 0.9902284 0.102763973
vn 0.05197255 0.9985057 -0.0168880671
vn 0.05197255 0.9985057 -0.0168880671
vn 0.05197255 0.9985057 -0.0168880671
vn 0.07694138 0.9969291 -0.0145710874
vn 0.07694138 0.9969291 -0.0145710874
vn 0.07694138 0.9969291 -0.0145710874
vn 0.0303382389 0.999070942 0.0306075923
vn 0.0303382389 0.999070942 0.0306075923
vn 0.0303382389 0.999070942 0.0306075923
vn 0 1 -1.36032952E-06
vn -0.0154959494 0.9998798 0.0005557404
vn -0.0204961542 0.9997368 0.0103088422
vn -0.0115011316 0.9997577 -0.0187690724
vn 0 1 0
vn -0.009858673 0.9997712 -0.0189844444
vn -0.009858673 0.9997712 -0.0189844444
vn 0 1 0
vn 0 1 0
vn 0 1 0
vn 0.005980495 0.9998498 -0.0162654445
vn 0 0.9997484 -0.022430148
vn 0 1 0
vn 0 1 0
vn 0.005980495 0.9998498 -0.0162654445
vn 0.005980495 0.9998498 -0.0162654445
vn 0.0132291783 0.9999125 6.110916E-05
vn 0.00691388361 0.9996087 -0.027106693
vn 0.01859294 0.9998268 0.0008375872
vn 0.0114378231 0.9991186 0.04038848
vn 0.0114378231 0.9991186 0.04038848
vn 0.0114378231 0.9991186 0.04038848
vn -0.0194341186 0.999737442 -0.0121379551
vn 0 1 0
vn 0 1 0
vn 0 1 0
vn 0 1 0
vn 0 1 0
vn 0 1 0
vn -0.0194341186 0.999737442 -0.0121379551
vn -0.0194341186 0.999737442 -0.0121379551
vn 0.0123786842 0.999827862 0.0138216456
vn 0.0123786842 0.999827862 0.0138216456
vn 0.0123786842 0.999827862 0.0138216456
vn -0.0448095761 0.994765162 -0.0918390751
vn -0.0448095761 0.994765162 -0.0918390751
vn -0.0448095761 0.994765162 -0.0918390751
vn -0.0534049422 0.990005434 0.1305267
vn -0.0534049422 0.990005434 0.1305267
vn -0.0534049422 0.990005434 0.1305267
vn -0.12190704 0.9917508 -0.0396110862
vn -0.12190704 0.9917508 -0.0396110862
vn -0.12190704 0.9917508 -0.0396110862
vn 0.08169295 0.9949996 -0.05746423
vn 0.08169295 0.9949996 -0.05746423
vn 0.08169295 0.9949996 -0.05746423
vn -0.0146828433 0.999825358 -0.0115637509
vn -0.0146828433 0.999825358 -0.0115637509
vn -0.0146828433 0.999825358 -0.0115637509
vn 0 1 0
vn 0 1 0
vn 0 1 0
vn 0 1 0
vn 0 1 0
vn 0 1 0
vn 0.226624191 0.9662427 0.122542262
vn 0.226624191 0.9662427 0.122542262
vn 0.226624191 0.9662427 0.122542262
vn -0.007928404 0.9989564 0.0449816175
vn -0.007928404 0.9989564 0.0449816175
vn -0.007928404 0.9989564 0.0449816175
vn -0.0199846663 0.998813 0.04442195
vn -0.0199846663 0.998813 0.04442195
vn -0.0199846663 0.998813 0.04442195
vn -0.152864873 0.9878148 -0.0292298533
vn -0.152864873 0.9878148 -0.0292298533
vn -0.152864873 0.9878148 -0.0292298533
vn -0.04886303 0.9966563 0.06548726
vn -0.04886303 0.9966563 0.06548726
vn -0.04886303 0.9966563 0.06548726
vn 0.03386674 0.9993579 0.011699955
vn 0.03386674 0.9993579 0.011699955
vn 0.03386674 0.9993579 0.011699955
vn -0.1893958 0.9812204 0.0365472063
vn -0.1893958 0.9812204 0.0365472063
vn -0.1893958 0.9812204 0.0365472063
vn -0.00430793036 0.9994036 -0.03426253
vn -0.00430793036 0.9994036 -0.03426253
vn -0.00430793036 0.9994036 -0.03426253
vn 0.08306044 0.995775163 -0.0391500667
vn 0.08306044 0.995775163 -0.0391500667
vn 0.08306044 0.995775163 -0.0391500667
vn -0.0017065116 0.999652743 0.02629673
vn -0.0017065116 0.999652743 0.02629673
vn -0.0017065116 0.999652743 0.02629673
vn 0.0484423824 0.9985612 0.02299763
vn 0.0484423824 0.9985612 0.02299763
vn 0.0484423824 0.9985612 0.02299763
vn 0.04244638 0.998883545 0.0207345653
vn 0.04244638 0.998883545 0.0207345653
vn 0.04244638 0.998883545 0.0207345653
vn 0 -1 -2.49394816E-06
vn 0 -1 -2.49394816E-06
vn 0 -1 -2.49394816E-06
vn 0 -1 0
vn 0 -1 0
vn 0 -1 0
vn 0 -1 -1.79316737E-06
vn 0 -1 -1.79316737E-06
vn 0 -1 -1.79316737E-06
vn 0 -1 0
vn 0 -1 0
vn 0 -1 1.10366329E-06
vn 0 -1 0
vn 0 -1 -1.12428063E-06
vn 0 -1 1.10366329E-06
vn 0 -1 -9.27964038E-07
vn 0 -1 1.463368E-06
vn 0 -1 -1.2383581E-06
vn 0 -1 -5.51841367E-07
vn 0 -1 0
vn 0 -1 0
vn 0 -1 0
vn 0 -1 -4.54280871E-06
vn 0 -1 -5.89196759E-07
vn 0 -1 -5.89196759E-07
vn 0 -1 5.64836364E-06
vn 0 -1 -2.34855565E-06
vn 0 -1 -2.34855565E-06
vn 0 -1 -6.47957052E-07
vn 0 -1 0
vn 0 -1 0
vn 0 -1 -6.478759E-07
vn 0 -1 0
vn 0 -1 0
vn 0 -1 0
vn 0 -1 0
vn 0 -1 0
vn 0 -1 0
vn 0 -1 0
vn 0 -1 0
vn 0 -1 1.71769875E-06
vn 0 -1 1.71769875E-06
vn 0 -1 0
vn 0 -1 2.155856E-06
vn 0 -1 0
vn 0 -1 -5.542404E-06
vn 0 -1 0
vn 0 -1 -5.542404E-06
vn 0 -1 -5.542404E-06
vn 0 -1 0
vn 0 -1 1.1516197E-06
vn 0 -1 1.73150124E-06
vn 0 -1 0
vn 0 -1 0
vn 0 -1 0
vn 0 -1 4.45722844E-06
vn 0 -1 4.45722844E-06
vn 0 -1 4.45722844E-06
vn 0 -1 -4.42254259E-06
vn 0 -1 -4.42254259E-06
vn 0 -1 -4.42254259E-06
vn 0 -1 -4.009358E-06
vn 0 -1 -4.009358E-06
vn 0 -1 -4.009358E-06
vn 0 -1 0
vn 0 -1 0
vn 0 -1 0
vn 0 -1 0
vn 0 -1 0
vn 0 -1 2.28799786E-06
vn 0 -1 2.28799786E-06
vn 0 -1 2.28799786E-06
vn 0.837983 0.0642457753 0.541901231
vn 0.9887205 0.08231925 -0.125121579
vn 0.8400833 0.0408757627 0.5409152
vn 0.994097352 0.0374687128 0.101816647
vn 0.994903147 0.00637664367 0.100633591
vn 0.6974127 0.006376671 0.716641366
vn 0.9937953 0.040097788 -0.103745826
vn 0.694603741 0.0294965524 -0.718787551
vn 0.9942462 0.0254068766 -0.104063064
vn 0.0546705425 0.00222954736 -0.998501956
vn 0.6824698 0.0267774425 -0.7304232
vn 0.6383437 0.0521529838 -0.767982662
vn 0.638384342 0.05130154 -0.7680062
vn 0.9828736 0.0513018668 -0.176995918
vn -0.600019038 -0.008491798 -0.799940646
vn -0.973847568 0.002228708 -0.227191463
vn -0.6008085 0.0267798435 -0.7989443
vn -0.888747156 -0.0113823293 0.4582564
vn -0.3864845 0.006686212 0.922271669
vn -0.8879431 0.0275110323 0.45912984
vn 0.2708367 0.00551289367 0.9626095
vn 0.8260548 -0.0122265425 0.5634572
vn 0.244232938 0.0579218753 0.9679852
vn 0.280627668 0.0689211041 0.957339
vn -0.4005441 0.0361442827 0.9155643
vn -0.4019705 0.0689223856 0.913055
vn -0.4755838 0.0773896351 0.8762596
vn 0.200893328 0.104113005 0.9740649
vn -0.474159241 0.0535952561 0.878806353
vn -0.102635749 0.0330838747 0.9941687
vn -0.100705326 -0.00439250469 0.9949066
vn -0.716659844 -0.00439245626 0.697409034
vn 0.779404938 -0.007863012 0.626471162
vn 0.999744952 0.008566366 -0.0208963435
vn 0.7680768 0.0465642139 0.6386626
vn 0.76404 0.0368993133 0.6441128
vn 0.171391442 0.0291972235 0.9847703
vn 0.170591533 0.0530313328 0.9839137
vn 0.995800436 0.09150466 0.002886951
vn 0.7642094 0.075373 -0.640548944
vn 0.9989818 0.045112595 -0.000475078821
vn 0.825183 0.07999743 -0.5591722
vn 0.826406658 0.0519306436 -0.560673952
vn 0.993358552 0.0519296229 0.102674708
vn 0.758366 0.0009907018 -0.6518282
vn 0.161959708 0.0009907184 -0.986796856
vn 0.757738948 0.0229780339 -0.6521532
vn 0.169559658 0.09519338 -0.980911732
vn -0.5036059 0.07842639 -0.860366464
vn 0.166733161 0.0483597964 -0.9848154
vn -0.407373816 0.08190866 -0.909581
vn -0.408696443 0.0532258749 -0.911117
vn 0.273608744 0.0532258675 -0.960367262
vn -0.5323556 -0.0143406847 -0.846399367
vn -0.951539457 0.0194466952 -0.306911141
vn -0.532467365 0.0250196084 -0.846080661
vn -0.932942 0.095991686 -0.346994072
vn -0.9390519 0.07003382 0.3365662
vn -0.9375298 0.0443826765 -0.345062315
vn -0.966565132 0.0811335742 0.24324742
vn -0.968275249 0.0526987426 0.244265914
vn -0.8982927 0.05269883 -0.4362259
vn -0.934092939 0.00269315974 0.357019871
vn -0.4860711 0.00269310758 0.873915136
vn -0.9335999 0.0242572445 0.357495248
vn -0.730735 0.0435464233 -0.6812709
vn -0.998161256 0.0315706357 -0.0517434143
vn -0.7319689 0.01642856 -0.681139946
vn -0.9945765 0.07430335 0.0727777556
vn -0.9949685 0.06892727 0.07271039
vn -0.807915747 0.0689286143 -0.5852529
vn -0.9992685 -0.0123237707 -0.03620255
vn -0.78884 -0.000331483316 0.6145985
vn -0.998662651 0.0396381542 -0.03319228
vn -0.2243191 0.0315758139 0.9740041
vn -0.797859132 0.0164350662 0.602619946
vn 0.456584424 0.0125237908 0.889591932
vn -0.222061917 0.0214469228 0.9747967
vn 0.9288281 0.004180861 0.370487422
vn 0.4757961 0.040013656 0.878644943
vn 0.9532813 0.0379619673 -0.299689353
vn 0.923555851 0.0168682579 0.3830927
vn 0.5449445 -0.0118194493 -0.8383888
vn 0.9547683 0.04003289 -0.29464373
vn -0.271814585 0.0417494848 0.9614436
vn -0.271740884 0.0249651372 0.962046564
vn -0.826681852 0.0249647032 0.5621156
vn 0.645349562 0.0419998132 0.7627319
vn 0.645352066 0.05744683 0.761722147
vn 0.00354596972 0.05744738 0.9983423
vn 0.909814358 0.07293793 -0.4085559
vn 0.9102001 0.06753011 -0.408626348
vn 0.959447563 0.06753014 0.273678869
vn 0.53163743 0.0339323431 -0.846292
vn -0.137135953 0.0459295772 -0.9894868
vn 0.5311978 0.01900243 -0.847034752
vn -0.244359523 0.07293656 -0.9669378
vn -0.244357914 0.06753059 -0.967330754
vn 0.4360904 0.06753119 -0.897365451
vn -0.1293681 -0.006900623 -0.9915726
vn -0.736480057 -0.006904307 -0.6764241
vn -0.1322252 0.0390879661 -0.9904487
vn 0.6079123 0.0451019667 -0.792722166
vn -0.0446569063 0.06314293 -0.9970049
vn 0.607344449 0.0276298 -0.793958068
vn -0.07249281 0.07424227 -0.994601846
vn -0.07249106 0.0616952665 -0.9954591
vn 0.5854567 0.0616936125 -0.8083528
vn -0.03039947 -0.008409754 -0.9995025
vn -0.665770531 -0.008405827 -0.7461092
vn -0.0325382948 0.0299654882 -0.9990212
vn -0.9874183 -0.00114353374 -0.158125892
vn -0.857993543 -0.01828762 0.5133349
vn -0.987332 0.028764192 -0.15603888
vn -0.333440721 0.00487888232 0.942758441
vn 0.350050747 -0.0227886271 0.9364535
vn -0.33157602 0.0292906482 0.942973733
vn 0.37153694 0.0521855541 0.9269504
vn 0.8809119 0.05219113 0.470393866
vn 0.373316258 0.0253839362 0.9273568
vn 0.8103484 0.0389582925 0.5846519
vn 0.8112415 0.0153001361 0.5845111
vn 0.24565205 0.0153006492 0.9692373
vn 0.8897033 0.009595718 0.4564385
vn 0.9743619 0.0377314165 -0.221800044
vn 0.8893528 0.02218486 0.456683129
vn 0.9374177 0.041042123 -0.345779777
vn 0.9369871 0.0492414422 -0.345876366
vn 0.939802051 0.0492405668 0.3381531
vn 0.983926833 0.008944679 -0.1783478
vn 0.63952744 -0.0258291364 -0.76833427
vn 0.983239233 0.02963454 -0.1798955
vn 0.9839354 -0.01697345 0.177716166
vn 0.8679226 -0.0169731118 -0.496409327
vn 0.9836344 -0.031100098 0.177471519
vn 0.8269788 0.01679337 -0.561982334
vn 0.8268773 0 -0.56238246
vn 0.99491775 0 0.10069108
vn 0.697414041 0 -0.7166685
vn 0.0735906139 0 -0.9972886
vn 0.69703573 -0.0167955272 -0.716839731
vn -0.00395762967 0.03110172 -0.9995084
vn -0.004150063 0.0169708077 -0.9998474
vn 0.63958627 0.0169706643 -0.768532038
vn -0.436186671 -0.0200334452 -0.899633169
vn -0.9124689 -0.02003373 -0.408655316
vn -0.436644346 -0.0499964133 -0.8982439
vn -0.9604066 0.0499946438 -0.27407974
vn -0.961695135 0.02003608 -0.273388147
vn -0.5608542 0.0200356878 -0.8276721
vn -0.9617087 -0.02003508 0.273340464
vn -0.5608953 -0.0200353768 0.8276442
vn -0.96042 -0.04999731 0.274032265
vn -0.436645478 0.049996756 0.8982433
vn -0.436187685 0.0200341549 0.8996327
vn -0.912469447 0.0200344268 0.408654124
vn 0.10216859 -0.02003169 0.994565368
vn 0.7176578 -0.0200326182 0.6961078
vn 0.103074178 -0.0499980226 0.9934163
vn 0.8087773 0.0499960631 0.5859862
vn 0.8102251 0.0200337544 0.5857763
vn 0.244002461 0.0200339928 0.969567657
vn -0.07206478 -0.0200340431 0.9971987
vn 0.5858966 -0.0200345628 0.8101381
vn -0.07097532 -0.0499962121 0.9962243
vn 0.6947243 0.0499913767 0.717536747
vn 0.6961845 0.0200332925 0.7175833
vn 0.07191348 0.02003324 0.997209668
vn 0.938109159 -0.01697335 0.3459235
vn 0.94093883 -0.0169733539 -0.338150859
vn 0.937855065 -0.0311020184 0.345630646
vn 0.9119834 0.0167957358 -0.409883261
vn 0.9119529 0 -0.41029498
vn 0.962317348 0 0.271928817
vn 0.811279 0 -0.5846593
vn 0.245669127 0 -0.969353735
vn 0.8109376 -0.0167963728 -0.5848916
vn 0.169618726 0.03110319 -0.985018849
vn 0.169491932 0.0169712454 -0.9853855
vn 0.7632963 0.0169715658 -0.6458257
vn -0.273371369 -0.0200316813 -0.961699963
vn -0.82766217 -0.0200317968 -0.5608691
vn -0.274064571 -0.04999525 -0.9604109
vn -0.898229063 0.04999451 -0.436675072
vn -0.89961797 0.0200354382 -0.4362179
vn -0.408623278 0.02003512 -0.9124832
vn -0.994562149 -0.020034479 0.10219986
vn -0.696085 -0.020034818 0.7176798
vn -0.99341327 -0.04999561 0.103104681
vn -0.5860127 0.0499908254 0.8087583
vn -0.5858043 0.0200334787 0.8102049
vn -0.9695762 0.0200332459 0.243968681
vn -0.8268691 0 -0.5623945
vn -0.9949192 0 0.100676857
vn -0.826970041 -0.0167934224 -0.561995149
vn -0.983626068 0.0311010424 0.177517861
vn -0.983927131 0.0169724375 0.1777621
vn -0.867945731 0.0169727858 -0.496369
vn -0.81019634 -0.02003441 0.585816145
vn -0.243954822 -0.0200339518 0.969579637
vn -0.8087487 -0.04999314 0.586025834
vn -0.10309507 0.0499943569 0.9934143
vn -0.102191813 0.020031577 0.994563043
vn -0.7176747 0.0200321414 0.696090341
vn 0.436170816 -0.0200337842 0.899640858
vn 0.912461936 -0.02003433 0.4086708
vn 0.4366268 -0.04999661 0.8982524
vn 0.9604066 0.0499945767 0.27407977
vn 0.961695135 0.0200360641 0.273388
vn 0.5608544 0.0200356748 0.827672
vn 0.9617045 -0.0200354271 -0.273355246
vn 0.560882866 -0.0200356115 -0.827652752
vn 0.960415661 -0.04999678 -0.274047673
vn 0.436640531 0.0499942861 -0.8982459
vn 0.436183065 0.020032892 -0.899634957
vn 0.91246736 0.0200332087 -0.408658862
vn 0.00426441431 -0.016975075 -0.9998468
vn -0.6394991 -0.01697613 -0.768604338
vn 0.00407731533 -0.03110697 -0.9995078
vn -0.6971006 0.016797211 -0.7167766
vn -0.697476447 0 -0.716607749
vn -0.0736764446 0 -0.9972822
vn 0.768587053 -0.01697361 -0.639520049
vn 0.177599072 -0.0169729311 -0.9839566
vn 0.7682042 -0.0311024487 -0.639449
vn 0.101051696 0.0167976711 -0.994739354
vn 0.100678004 0 -0.994919062
vn 0.7166414 0 -0.6974418
vn -0.1006769 0 -0.9949192
vn -0.7166407 0 -0.6974426
vn -0.101050563 -0.01679775 -0.9947395
vn -0.768204153 0.0311026219 -0.639448941
vn -0.768587 0.0169737469 -0.6395201
vn -0.177599 0.0169730727 -0.9839566
vn -0.938108742 -0.01697192 -0.3459248
vn -0.940939248 -0.0169719271 0.3381498
vn -0.9378548 -0.0311016645 -0.345631421
vn -0.9119843 0.0167968012 0.409881
vn -0.9119539 0 0.4102927
vn -0.9623167 0 -0.271931261
vn -0.811262131 0 0.584682643
vn -0.245641813 0 0.9693607
vn -0.810919762 -0.0167954583 0.5849163
vn -0.169616058 0.031102933 0.9850193
vn -0.169487953 0.016972214 0.985386133
vn -0.7632934 0.01697239 0.645829
vn 0.169486836 -0.0169720761 0.9853863
vn 0.76329273 -0.0169722158 0.6458298
vn 0.169614911 -0.03110287 0.9850195
vn 0.810918868 0.0167955235 0.5849175
vn 0.8112613 0 0.5846838
vn 0.245640352 0 0.969361
vn 0.9119536 0 0.410293221
vn 0.9623169 0 -0.271930635
vn 0.9119841 -0.0167968031 0.409881622
vn 0.937854767 0.0311018024 -0.34563154
vn 0.9381087 0.01697206 -0.3459249
vn 0.9409393 0.0169720687 0.338149667
vn -0.8038265 0.0351611674 -0.593823731
vn -0.998569846 0.0534305 0.00187744945
vn -0.947648764 0.0599343553 -0.313639522
vn -0.8089279 0.050722342 -0.5857158
vn -0.581903458 0.05642839 -0.8112979
vn -0.309010655 4.045665E-06 -0.9510586
vn -0.5975495 0.0370857865 -0.800973952
vn -0.004970407 -0.0107566724 -0.9999298
vn 0.3009001 0.0302086 -0.953177154
vn -9.197742E-06 1.20960176E-05 -1
vn 0.004976541 -0.01075612 -0.9999298
vn 0.5975544 0.0370842926 -0.8009704
vn 0.8089292 0.0507213473 -0.585714
vn 0.5619341 0.0286064278 -0.8266872
vn 0.8038277 0.0351605676 -0.593822241
vn 0.943615735 0.04722528 -0.327656925
vn 0.9991058 0.0416202061 -0.007437241
vn 0.941896141 0.0347675532 -0.3341001
vn 0.9544718 0.0509594 0.293916166
vn 0.80637455 0.05733701 0.5886193
vn 0.9567405 0.0423170365 0.287848741
vn 0.8119589 0.0483552 0.581708252
vn 0.5956149 0.054817006 0.801397562
vn 0.305776924 0.0598076247 0.9502229
vn 0.5969951 0.0514208861 0.8005952
vn 0.312973946 0.0551300645 0.94816035
vn 0.00242731767 0.0563892424 0.998405933
vn -0.312974423 0.0551284924 0.948160231
vn -0.002425715 0.0563854836 0.9984061
vn -0.3057649 0.05980184 0.950227141
vn -0.596994162 0.05141545 0.800596356
vn -0.8119515 0.0483495 0.581719041
vn -0.5956258 0.0548136644 0.8013897
vn -0.8063745 0.05733726 0.5886193
vn -0.9504874 0.06484384 0.303922683
vn -0.999382257 0.0296506733 -0.0188665986
vn -0.9544717 0.0509595573 0.293916553
vn -0.94189626 0.0347682759 -0.334099859
vn 1.62050146E-05 0.838060856 -0.5455768
vn -0.226039216 0.824359834 -0.5189771
vn 0.2260411 0.8243592 -0.5189772
vn 0.009998001 0.998341441 0.05669538
vn 0.009998001 0.998341441 0.05669538
vn 0.009998001 0.998341441 0.05669538
vn 0.01839595 0.997893155 0.062216524
vn 0.01839595 0.997893155 0.062216524
vn 0.01839595 0.997893155 0.062216524
vn 0.0423448831 0.998471 0.0355319
vn 0.0423448831 0.998471 0.0355319
vn 0.0423448831 0.998471 0.0355319
vn -0.01774733 0.99936986 -0.0307402313
vn -0.01774733 0.99936986 -0.0307402313
vn -0.01774733 0.99936986 -0.0307402313
vn -0.0543782562 0.9985181 0.00215089717
vn -0.0543782562 0.9985181 0.00215089717
vn -0.0543782562 0.9985181 0.00215089717
vn -0.999556661 0.0132081574 -0.02668289
vn -0.9995478 0.0147683006 -0.0261944085
vn -0.996986449 0.0234613735 -0.0739436448
vn -0.9995478 -0.0147685623 0.0261946246
vn -0.9969864 -0.0234616343 0.07394386
vn -0.999556661 -0.0132084172 0.0266831033
vn 0.0351702124 0.9992448 -0.0165204983
vn 0.0351702124 0.9992448 -0.0165204983
vn 0.0351702124 0.9992448 -0.0165204983
vn 0.0462149866 0.9988895 0.009158382
vn 0.0462149866 0.9988895 0.009158382
vn 0.0456957147 0.998871744 0.0129290195
vn 0.0456957147 0.998871744 0.0129290195
vn 0.0510691 0.998691261 0.00279846019
vn 0.0511840545 0.998686 0.00254832045
vn 0.0511840545 0.998686 0.00254832045
vn 0.0511840545 0.998686 0.00254832045
vn 0.0363178253 0.999283135 -0.0106889727
vn 0.0363178253 0.999283135 -0.0106889727
vn 0 1 -3.62301671E-06
vn 0 1 -3.62301671E-06
vn 0 1 -3.62301671E-06
vn 0.007585855 0.9986215 0.0519378148
vn 0.007585855 0.9986215 0.0519378148
vn 0.007585855 0.9986215 0.0519378148
vn 0.0108031686 0.9991295 0.04029357
vn 0.0108031686 0.9991295 0.04029357
vn 0.0108031686 0.9991295 0.04029357
vn 0.05723592 0.9975224 -0.04090268
vn 0.05723592 0.9975224 -0.04090268
vn 0.05723592 0.9975224 -0.04090268
vn 0.04023993 0.9962328 0.0768175
vn 0.04023993 0.9962328 0.0768175
vn 0.04023993 0.9962328 0.0768175
vn 0 1 0
vn 0.0263122264 0.9996505 0.00255595683
vn 0.0263122264 0.9996505 0.00255595683
vn 0 1 1.12651946E-06
vn 0 1 3.695273E-06
vn 0 1 0
vn -0.0257215761 0.999611437 0.01074389
vn -0.0419079326 0.9990909 0.007820094
vn -0.0419079326 0.9990909 0.007820094
vn -0.0570196956 0.998373032 0.000100381876
vn -0.0570196956 0.998373032 0.000100381876
vn 0 1 2.874129E-06
vn 0.00104076287 0.999948263 0.0101200016
vn 0 1 2.874129E-06
vn 0 1 2.874129E-06
vn 0 1 1.12651946E-06
vn 0 1 1.12651946E-06
vn -0.0169604514 0.999836445 0.00627765525
vn -0.0167842861 0.9998368 0.006687992
vn 0.0238528978 0.9997095 -0.00345845032
vn 0.0238528978 0.9997095 -0.00345845032
vn 0 1 0
vn 0 1 0
vn -0.05054478 0.998255134 0.0305267628
vn -0.05054478 0.998255134 0.0305267628
vn -0.05054478 0.998255134 0.0305267628
vn -0.10683319 0.9247323 -0.365317434
vn -0.10683319 0.9247323 -0.365317434
vn -0.10683319 0.9247323 -0.365317434
vn 0.2033457 0.976240039 0.07487258
vn 0.2033457 0.976240039 0.07487258
vn 0.2033457 0.976240039 0.07487258
vn 0.08803708 0.996117234 0
vn 0.08803708 0.996117234 0
vn 0.08803708 0.996117234 0
vn -0.0407151431 0.996943951 0.06667101
vn -0.0407151431 0.996943951 0.06667101
vn -0.0407151431 0.996943951 0.06667101
vn 0 1 -3.037515E-06
vn 0 1 0
vn 0 1 -3.037515E-06
vn 0 1 0
vn 0 1 3.02045919E-06
vn -0.03971737 0.999183536 -0.007404903
vn 0 1 -1.40354325E-06
vn 0 1 -1.40354325E-06
vn 0.02734786 0.9996253 -0.00118702638
vn 0.02734786 0.9996253 -0.00118702638
vn 0 1 -6.57482724E-06
vn 0 1 0
vn -0.0172640551 0.999839664 -0.00475274958
vn -0.0172640551 0.999839664 -0.00475274958
vn -0.0172640551 0.999839664 -0.00475274958
vn 0.02216571 0.999749839 -0.00300186826
vn -0.005196322 0.99979943 -0.0193401
vn -0.005196322 0.99979943 -0.0193401
vn -0.05386877 0.9977455 -0.0400260277
vn -0.05386877 0.9977455 -0.0400260277
vn -0.05386877 0.9977455 -0.0400260277
vn -0.0096299 0.999953151 0.0009883813
vn -0.0096299 0.999953151 0.0009883813
vn -0.005783641 0.9999534 0.007735126
vn 0.00352089223 0.99993515 0.0108352518
vn -0.0157269388 0.999837339 -0.00883088447
vn -0.0157269388 0.999837339 -0.00883088447
vn -0.0157269388 0.999837339 -0.00883088447
vn -0.00285727973 0.9996731 0.0254065245
vn -0.00285727973 0.9996731 0.0254065245
vn -0.00285727973 0.9996731 0.0254065245
vn 0.00709791342 0.998793542 -0.0485912
vn 0.00709791342 0.998793542 -0.0485912
vn 0.00709791342 0.998793542 -0.0485912
vn 0.05535758 0.994537652 -0.08848936
vn 0.05535758 0.994537652 -0.08848936
vn 0.05535758 0.994537652 -0.08848936
vn -0.0992887 0.953557 -0.2843778
vn -0.0992887 0.953557 -0.2843778
vn -0.0992887 0.953557 -0.2843778
vn 0.07671096 0.996863842 0.0194398165
vn 0.07671096 0.996863842 0.0194398165
vn 0.07671096 0.996863842 0.0194398165
vn 0 1 -6.072767E-06
vn 0 1 -6.072767E-06
vn 0 1 -6.072767E-06
vn -0.0133089321 0.999695539 -0.020779727
vn -0.0133089321 0.999695539 -0.020779727
vn -0.0133089321 0.999695539 -0.020779727
vn 0.04080838 0.9991661 -0.00136564532
vn 0.04080838 0.9991661 -0.00136564532
vn 0.04080838 0.9991661 -0.00136564532
vn -0.09121479 0.9951367 0.03718609
vn -0.09121479 0.9951367 0.03718609
vn -0.09121479 0.9951367 0.03718609
vn 0.0377480537 0.9990609 0.0212676451
vn 0.0377480537 0.9990609 0.0212676451
vn 0.0377480537 0.9990609 0.0212676451
vn 0 1 -5.21517131E-06
vn 0 1 -5.21517131E-06
vn 0 1 1.966436E-06
vn 0 1 0
vn 0 1 1.966436E-06
vn 0 1 1.966436E-06
vn -0.01573432 0.999838948 -0.00863335747
vn -0.0259496886 0.999648869 -0.005364804
vn -0.0259496886 0.999648869 -0.005364804
vn 0 1 0
vn -0.022433674 0.999748349 0
vn -0.0189816784 0.9997713 0.009849645
vn -0.0189816784 0.9997713 0.009849645
vn 0 1 0
vn 0 1 0
vn 0.000827236043 0.999826849 -0.0185922366
vn 0.04039345 0.9991184 -0.011435708
vn 0.04039345 0.9991184 -0.011435708
vn 0.04039345 0.9991184 -0.011435708
vn -0.018982349 0.9997713 0.009848801
vn -0.00660019042 0.999914169 0.0113219079
vn -0.018982349 0.9997713 0.009848801
vn 0.009895139 0.9997204 0.0214746725
vn 0.009895139 0.9997204 0.0214746725
vn -0.0121382782 0.999737442 0.0194353089
vn 0.00297418 0.9998868 0.014750177
vn -0.0121382782 0.999737442 0.0194353089
vn -0.0121382782 0.999737442 0.0194353089
vn 0 1 -6.18968443E-06
vn 0 1 -6.18968443E-06
vn 0 1 0
vn 0 1 0
vn 0 1 -4.86673071E-06
vn 0 1 1.581057E-06
vn 0.0138126137 0.9998279 -0.0123826275
vn 0.0138126137 0.9998279 -0.0123826275
vn 0.0138126137 0.9998279 -0.0123826275
vn -0.07767712 0.9964508 -0.0324376263
vn -0.07767712 0.9964508 -0.0324376263
vn -0.07767712 0.9964508 -0.0324376263
vn -0.0465818048 0.998878062 -0.008533693
vn -0.0465818048 0.998878062 -0.008533693
vn 0.0443930738 0.998732269 -0.0237299725
vn 0.0443930738 0.998732269 -0.0237299725
vn 0.00377242314 0.9999255 -0.0116102211
vn -0.007414253 0.9999442 -0.00752046937
vn -0.007414253 0.9999442 -0.00752046937
vn -0.008501464 0.9999516 -0.004952351
vn -0.00374859944 0.9995771 -0.02883824
vn -0.00374859944 0.9995771 -0.02883824
vn -0.00374859944 0.9995771 -0.02883824
vn 0.102769777 0.9902277 0.09427358
vn 0.102769777 0.9902277 0.09427358
vn 0.102769777 0.9902277 0.09427358
vn -0.0168866385 0.9985055 -0.0519771054
vn -0.0168866385 0.9985055 -0.0519771054
vn -0.0168866385 0.9985055 -0.0519771054
vn -0.014569222 0.996929467 -0.07693742
vn -0.014569222 0.996929467 -0.07693742
vn -0.014569222 0.996929467 -0.07693742
vn 0.030607108 0.999071062 -0.0303354226
vn 0.030607108 0.999071062 -0.0303354226
vn 0.030607108 0.999071062 -0.0303354226
vn -0.0005924969 0.9959137 0.0903084353
vn -0.0005924969 0.9959137 0.0903084353
vn -0.0005924969 0.9959137 0.0903084353
vn -0.02867024 0.999512136 0.0123899244
vn -0.02867024 0.999512136 0.0123899244
vn -0.02867024 0.999512136 0.0123899244
vn 0.0628294349 0.9969058 -0.047236044
vn 0.0628294349 0.9969058 -0.047236044
vn 0.0628294349 0.9969058 -0.047236044
vn 0 1 -2.21358241E-05
vn 0 1 -2.21358241E-05
vn 0 1 -2.21358241E-05
vn 0 1 -1.14150353E-05
vn 0 1 -1.14150353E-05
vn 0 1 -1.14150353E-05
vn 0 1 -4.56394446E-06
vn 0 1 -4.56394446E-06
vn 0 1 -4.56394446E-06
vn 0.175782919 0.948787 -0.262495071
vn 0.175782919 0.948787 -0.262495071
vn 0.175782919 0.948787 -0.262495071
vn 0.04918519 0.998752 0.008681247
vn 0.04918519 0.998752 0.008681247
vn 0.04918519 0.998752 0.008681247
vn 0.050409615 0.998728633 0.000206630153
vn 0.050409615 0.998728633 0.000206630153
vn 0.050409615 0.998728633 0.000206630153
vn -0.0421119 0.9905037 0.1308775
vn -0.0421119 0.9905037 0.1308775
vn -0.0421119 0.9905037 0.1308775
vn 0.0654949248 0.996655941 0.04886129
vn 0.0654949248 0.996655941 0.04886129
vn 0.0654949248 0.996655941 0.04886129
vn 0.0117005929 0.9993575 -0.0338764824
vn 0.0117005929 0.9993575 -0.0338764824
vn 0.0117005929 0.9993575 -0.0338764824
vn 0.0433991179 0.996168137 0.07593148
vn 0.0433991179 0.996168137 0.07593148
vn 0.0433991179 0.996168137 0.07593148
vn 0.04319003 0.99602133 0.07795023
vn 0.04319003 0.99602133 0.07795023
vn 0.04319003 0.99602133 0.07795023
vn -0.000574308157 0.9999999 -3.478356E-05
vn -0.000574308157 0.9999999 -3.478356E-05
vn -0.000574308157 0.9999999 -3.478356E-05
vn 0.0153067708 0.99605906 -0.08736201
vn 0.0153067708 0.99605906 -0.08736201
vn 0.0153067708 0.99605906 -0.08736201
vn 0.0263199136 0.99836123 -0.0508144423
vn 0.0263199136 0.99836123 -0.0508144423
vn 0.0263199136 0.99836123 -0.0508144423
vn 0 -1 0
vn 0 -1 0
vn 0 -1 0
vn 0 -1 5.080495E-06
vn 0 -1 5.080495E-06
vn 0 -1 5.080495E-06
vn 0 -1 0
vn 0 -1 0
vn 0 -1 0
vn 0 -1 8.97066548E-06
vn 0 -1 0
vn 0 -1 0
vn 0 -1 -1.11089484E-07
vn 0 -1 -1.09093594E-06
vn 0 -1 3.312544E-06
vn 0 -1 1.31388686E-06
vn 0 -1 1.31388686E-06
vn 0 -1 0
vn 0 -1 -4.003282E-06
vn 0 -1 0
vn 0 -1 0
vn 0 -1 0
vn 0 -1 0
vn 0 -1 0
vn 0 -1 0
vn 0 -1 0
vn 0 -1 2.0646205E-06
vn 0 -1 0
vn 0 -1 0
vn 0 -1 1.02470693E-07
vn 0 -1 3.3473E-06
vn 0 -1 0
vn 0 -1 0
vn 0 -1 0
vn 0 -1 -1.81708992E-06
vn 0 -1 0
vn 0 -1 -3.427087E-06
vn 0 -1 0
vn 0 -1 0
vn 0 -1 0
vn 0 -1 0
vn 0 -1 0
vn 0 -1 0
vn 0 -1 0
vn 0 -1 1.96199617E-05
vn 0 -1 0
vn 0 -1 0
vn 0 -1 0
vn 0 -1 0
vn 0 -1 0
vn 0 -1 0
vn 0 -1 -5.666664E-06
vn 0 -1 -5.666664E-06
vn 0 -1 1.63052346E-06
vn 0 -1 1.63052346E-06
vn 0 -1 0
vn 0 -1 4.621087E-06
vn 0 -1 4.621087E-06
vn 0 -1 1.48523986E-06
vn 0 -1 1.48523986E-06
vn 0 -1 1.48523986E-06
vn 0 -1 0
vn 0 -1 0
vn 0 -1 0
vn 0 -1 0
vn 0 -1 0
vn 0 -1 0
vn 0 -1 1.17440914E-06
vn 0 -1 1.17440914E-06
vn 0 -1 1.17440914E-06
vn 0 -1 -5.451842E-06
vn 0 -1 -5.451842E-06
vn 0 -1 -5.451842E-06
vn 0 -1 0
vn 0 -1 0
vn 0 -1 0
vn 0 -1 0
vn 0 -1 0
vn 0 -1 0
vn 0 -1 -7.629627E-06
vn 0 -1 -7.629627E-06
vn 0 -1 -7.629627E-06
vn 0.5418349 0.06425184 -0.838025451
vn -0.1251502 0.0823183358 -0.9887169
vn 0.5408481 0.0408823229 -0.8401262
vn 0.1018411 0.03746924 -0.9940948
vn 0.10065715 0.00637657475 -0.994900763
vn 0.7166243 0.00637666369 -0.6974302
vn -0.103743128 0.0400973633 -0.9937955
vn -0.718786061 0.02949636 -0.6946053
vn -0.104059465 0.0254075453 -0.994246542
vn -0.9985049 0.00222707167 -0.0546177365
vn -0.730428636 0.02677877 -0.6824639
vn -0.767955661 0.0521524921 -0.638376236
vn -0.767980158 0.05130279 -0.6384156
vn -0.177003175 0.0513018034 -0.9828723
vn -0.9947856 0.07379128 -0.0704020038
vn -0.806936145 0.0631904 0.5872487
vn -0.9970488 0.03540736 -0.06811819
vn -0.911811948 0.03866979 0.408783138
vn -0.9119456 0.00719623175 0.410248041
vn -0.962289631 0.00719612045 -0.271931767
vn -0.8000858 0.03165836 0.5990497
vn -0.227298781 0.04237955 0.9729025
vn -0.8001 0.028046472 0.59921056
vn 0.433653235 -0.0122259762 0.9009969
vn -0.245650008 0.0260209646 0.96900934
vn -0.1688806 0.0505892634 0.9843374
vn -0.1688917 0.0501304269 0.984358966
vn -0.762731 0.0501302034 0.64477
vn 0.4547797 0.06424615 0.88828367
vn 0.918824434 0.08231555 0.385986924
vn 0.457091421 0.0408731066 0.8884801
vn 0.8100042 0.03746899 0.5852259
vn 0.8112935 0.0063759787 0.5846044
vn 0.245654628 0.00637601642 0.9693365
vn 0.914912045 0.0348996148 0.4021417
vn 0.9592187 0.0348996222 -0.280502319
vn 0.9152559 0.0258392617 0.402043551
vn 0.5635062 -0.0122236433 -0.8260214
vn 0.9620147 0.026020553 -0.271754771
vn 0.9368979 0.0505893119 -0.345923573
vn 0.9369224 0.0501301326 -0.34592405
vn 0.939756 0.0501301251 0.338150442
vn 0.8794011 0.0375026837 0.4746022
vn 0.9772954 0.06423503 -0.2019097
vn 0.87949425 0.0359431021 0.474550277
vn 0.98263377 0.0527334437 -0.1779048
vn 0.98301506 0.0449763425 -0.1779287
vn 0.8670167 0.0449763536 0.496245235
vn 0.9853891 0.00695795752 -0.170176044
vn 0.645557046 -0.009175438 -0.763657
vn 0.9850958 0.0209872667 -0.170721576
vn 0.6271621 0.0800046 -0.774769
vn -0.02019611 0.09643485 -0.9951344
vn 0.6261889 0.05079112 -0.778015256
vn 0.102035105 0.07816393 -0.991705239
vn 0.1016851 0.0506843068 -0.9935247
vn 0.71716845 0.0506852232 -0.6950543
vn 0.003488451 0.006955772 -0.9999697
vn -0.6399434 -0.009176688 -0.7683673
vn 0.00290185213 0.0209837481 -0.9997756
vn -0.648307741 0.08752583 -0.756330848
vn -0.9832443 0.0875244 -0.159906715
vn -0.6524431 0.049599234 -0.7562129
vn -0.9587685 0.0799998641 -0.272695839
vn -0.9607054 0.05193314 -0.272668481
vn -0.559866369 0.05193224 -0.8269539
vn -0.9852321 0.0100244647 -0.170930281
vn -0.864702344 -0.00674075354 0.502239347
vn -0.9851099 0.0230237432 -0.170377061
vn -0.847082853 0.07556939 0.52606076
vn -0.307574332 0.109356351 0.945219159
vn -0.8470482 0.05548203 0.5286125
vn -0.435093552 0.0781645 0.896986
vn -0.43538785 0.05068869 0.8988148
vn -0.911653936 0.050688073 0.407820821
vn -0.350161523 0.0122570368 0.936609149
vn 0.333354026 -0.0136987232 0.9427022
vn -0.349717259 0.0210139342 0.936619639
vn 0.354204655 0.0896263346 0.930863142
vn 0.8711057 0.08962484 0.482848078
vn 0.358201534 0.05164394 0.932214856
vn 0.6954769 0.0357071869 0.7176607
vn 0.697410762 -0.0027705112 0.7166663
vn 0.07358613 -0.00277047022 0.997285
vn -0.681296051 0.04354807 0.7307115
vn -0.05182424 0.0315745175 0.998156965
vn -0.681166649 0.0164288133 0.7319441
vn 0.0727760941 0.07430726 0.994576335
vn 0.07270816 0.0689299554 0.9949685
vn -0.5852546 0.06893136 0.8079143
vn -0.03618431 -0.01232287 0.9992692
vn 0.614575148 -0.000331130315 0.788858235
vn -0.03317279 0.0396401919 0.998663247
vn 0.9740044 0.0315699466 0.224318683
vn 0.602579534 0.0164326522 0.79788965
vn 0.889792144 -0.008630759 -0.456284434
vn 0.9747795 0.0412439741 0.219326079
vn 0.3710096 0.05138286 -0.9272064
vn 0.881052852 0.020457603 -0.472575247
vn 0.9921041 0.0743026361 0.101037532
vn 0.9924784 0.0689265653 0.101172335
vn 0.694010854 0.06892807 0.7166574
vn 0.271840364 0.07293777 -0.959574342
vn 0.2720352 0.0675295144 -0.9599149
vn 0.826368868 0.06752997 -0.5590655
vn 0.383745939 -0.00690131634 -0.9234129
vn -0.29964903 -0.00690489635 -0.954024553
vn 0.380659252 0.03908625 -0.923889
vn -0.29218626 0.0435467176 -0.9553695
vn -0.838553965 0.03157116 -0.543903053
vn -0.293320179 0.0164278727 -0.955873132
vn -0.9902577 0.0223905519 0.137435049
vn -0.8469033 0.0213034544 -0.53132
vn -0.6764116 -0.00690325536 0.7364915
vn -0.990439236 0.0390852764 0.13229695
vn -0.810516238 0.04175269 -0.5842262
vn -0.8111087 0.0249660965 -0.5843624
vn -0.245510042 0.0249663237 -0.9690725
vn -0.9375592 0.0394983664 0.345575869
vn -0.936654747 0.05492215 0.345921218
vn -0.9394871 0.05492214 -0.338153243
vn -0.794603944 -0.01606543 -0.6069156
vn -0.9989542 0.00198386214 0.0456800759
vn -0.7955484 0.03123817 -0.6050843
vn -0.8084389 0.0765207037 -0.5835847
vn -0.242903516 0.063674286 -0.9679584
vn -0.998285055 0.0503763035 0.0298182387
vn -0.7449202 0.05037624 0.665249
vn -0.9992308 0.0235852674 0.031330198
vn -0.7152637 0.07423991 0.694900155
vn -0.7159224 0.0616921075 0.695448935
vn -0.995557249 0.0616920367 0.07113296
vn -0.738555968 -0.0183205884 0.673943162
vn -0.132762715 -0.0009929342 0.991147339
vn -0.15699254 0.0553282 0.986048758
vn 0.5144755 0.0381839126 0.8566545
vn -0.15570797 0.01970839 0.9876065
vn 0.560110867 0.07424031 0.8250844
vn 0.5605359 0.06169471 0.82582885
vn -0.102811463 0.0616938956 0.9927858
vn 0.5354289 -0.018319238 0.84438163
vn 0.953026 -0.0009956976 0.302886844
vn 0.9416496 0.06015642 0.331175536
vn 0.935317338 0.03248907 -0.3523152
vn 0.9436668 0.019092774 0.330345869
vn 0.471198529 0.0236536488 -0.88171
vn 0.9278188 0.0216614157 -0.372401834
vn 0.968756 0.03896143 -0.244936362
vn 0.9692219 0.0153036676 -0.2457127
vn 0.900352538 0.0153036676 0.434892058
vn 0.337534845 0.04504886 -0.9402344
vn 0.3371934 0.05272421 -0.939957857
vn 0.8630057 0.05272357 -0.5024355
vn 0.455150723 -0.0229135938 -0.890119553
vn -0.223040044 0.005220014 -0.974795341
vn 0.4533232 0.0298443139 -0.8908465
vn -0.180204481 0.0634228438 -0.981582344
vn -0.7701861 0.0286462 -0.63717556
vn -0.1818801 0.0186819211 -0.98314327
vn 0.768604934 -0.0169729181 -0.639498532
vn 0.17762588 -0.0169726 -0.983951747
vn 0.7682239 -0.0311015714 -0.639425337
vn 0.101034164 0.0167975444 -0.994741142
vn 0.100662112 0 -0.9949207
vn 0.7166306 0 -0.697453
vn -0.10066095 0 -0.9949208
vn -0.716629744 0 -0.697453856
vn -0.10103298 -0.0167976338 -0.994741261
vn -0.768224657 0.0311016645 -0.639424443
vn -0.7686056 0.0169729665 -0.6394978
vn -0.1776268 0.0169726443 -0.983951569
vn -0.938108146 -0.0169732887 -0.3459263
vn -0.940956056 -0.0169735625 0.338103026
vn -0.937854052 -0.0311035458 -0.3456333
vn -0.826772332 0.0458942764 0.5606615
vn -0.8270713 0.03753304 0.5608426
vn -0.9940241 0.03753234 -0.102505848
vn -0.810975969 -0.0318989046 0.5842093
vn -0.245366991 -0.03189861 0.9689053
vn -0.8109734 -0.0159516223 0.58486557
vn 0.4078472 0.0273590125 0.9126402
vn 0.408705026 0.0530206747 0.9111251
vn -0.273599565 0.0530212857 0.9603812
vn 0.169309586 -0.0329088 0.985013366
vn 0.76310426 -0.0329083 0.645437
vn 0.17245467 0.0103942351 0.9849626
vn 0.639455 -0.01697271 0.7686411
vn 0.9839502 -0.01697271 0.17763418
vn 0.6393819 -0.0311026778 0.768260062
vn 0.9947414 0.0167970322 0.10103175
vn 0.9949209 0 0.100660115
vn 0.69742 0 0.7166627
vn 0.994920969 0 -0.100659221
vn 0.6974208 0 -0.71666193
vn 0.99474144 -0.01679805 -0.101031512
vn 0.639393747 0.031103624 -0.7682501
vn 0.639466941 0.0169725027 -0.7686313
vn 0.98395294 0.01697248 -0.177619264
vn 0.244132817 -0.0200331472 -0.9695349
vn -0.4363152 -0.02003355 -0.8995709
vn 0.242890015 -0.0499953479 -0.9687646
vn -0.559540868 0.0499924049 -0.827293634
vn -0.5609726 0.020034302 -0.8275919
vn 0.10237591 0.02003389 -0.994544
vn -0.912412465 -0.02003416 -0.40878126
vn -0.961656451 -0.02003414 0.273524344
vn -0.9118699 -0.049996 -0.407423347
vn -0.911866963 0.0499956757 0.407429874
vn -0.9124094 0.0200338159 0.408788085
vn -0.9616585 0.0200338122 -0.2735172
vn -0.5610013 -0.0200340264 0.8275725
vn 0.102341235 -0.0200343 0.9945476
vn -0.5595693 -0.04999518 0.827274263
vn 0.24290444 0.049993936 0.9687611
vn 0.244146988 0.0200327635 0.9695313
vn -0.436302125 0.0200332161 0.8995772
vn 0.174867809 -0.0104028815 0.984536946
vn 0.1778425 0.0329064839 0.983508646
vn -0.4962897 0.0329069458 0.8675331
vn -0.0724187344 -0.0530216657 0.995964
vn 0.5855429 -0.0530226231 0.808905542
vn -0.07109192 -0.0273599215 0.9970945
vn 0.962108 0.0159484185 0.272201836
vn 0.961886466 0.0318973623 0.271582484
vn 0.561976 0.0318978578 0.826538265
vn 0.969001055 -0.0375317633 0.2441893
vn 0.899038136 -0.03753244 -0.436258882
vn 0.96865803 -0.04589498 0.244121462
vn 0.763079166 0.0311040375 -0.6455562
vn 0.7632179 0.0169731919 -0.64591825
vn 0.999847651 0.01697321 -0.00406759931
vn -0.9400638 -0.0104009537 -0.34084
vn -0.940660954 0.0329080522 -0.3377485
vn -0.503151357 0.03290833 -0.8635715
vn -0.762823761 -0.0329070054 -0.6457685
vn -0.9994505 -0.0329076163 -0.00396478176
vn -0.7652009 0.0104019055 -0.6437075
vn -0.961990237 0.0280105658 0.27164346
vn -0.562086344 0.0280112084 0.826604068
vn -0.9617138 -0.008924618 0.273910582
vn -0.718102455 0.008919276 0.695880234
vn -0.7162772 -0.0280108936 0.697253466
vn -0.9969067 -0.028010482 0.07343338
vn -0.8101968 -0.020034207 0.5858154
vn -0.243955359 -0.0200338569 0.9695795
vn -0.808749735 -0.04999199 0.586024463
vn -0.103092879 0.0499956124 0.993414462
vn -0.102188222 0.02003387 0.994563341
vn -0.717671752 0.0200342145 0.6960933
vn 0.436187863 -0.0200338159 0.8996326
vn 0.912469447 -0.0200340934 0.408654034
vn 0.4366455 -0.0499955863 0.8982434
vn 0.960419357 0.04999602 0.274034947
vn 0.96170795 0.02003428 0.2733432
vn 0.56089294 0.0200345926 0.827645957
vn -0.343135446 -0.0103950277 -0.9392284
vn -0.3458844 0.03290826 -0.937699854
vn 0.338145018 0.03290782 -0.9405185
vn 0.00434625149 -0.032907933 -0.999448955
vn -0.639403045 -0.0329084657 -0.768167138
vn 0.00123882294 0.0104005709 -0.999945164
vn -0.593817651 0.03515773 0.80383116
vn 0.0018849395 0.0534281 0.998569965
vn -0.313633531 0.0599310249 0.9476509
vn -0.585731149 0.0507183 0.808917046
vn -0.8112966 0.0564268567 0.5819054
vn -0.9510585 1.437962E-06 0.309010834
vn -0.8009628 0.0370811969 0.5975647
vn -0.9999297 -0.0107566956 0.00498915324
vn -0.9531826 0.0302099548 -0.300882578
vn -1 9.98750147E-06 -9.041278E-06
vn -0.9999297 -0.0107571492 -0.004983738
vn -0.8009661 0.0370832458 -0.5975602
vn -0.5857285 0.0507209748 -0.8089188
vn -0.826677442 0.0286091417 -0.561948359
vn -0.593819141 0.03516223 -0.8038299
vn -0.327640384 0.04722511 -0.9436215
vn -0.00743582426 0.0416225754 -0.999105752
vn -0.334104568 0.0347700231 -0.9418945
vn 0.293912143 0.05096365 -0.95447284
vn 0.5886202 0.05734198 -0.806373537
vn 0.287839741 0.0423211753 -0.956743
vn 0.5817125 0.0483600721 -0.8119556
vn 0.801391363 0.0548235551 -0.59562254
vn 0.950224459 0.0598105267 -0.30577144
vn 0.800593 0.05141998 -0.596998155
vn 0.9481604 0.0551277362 -0.312974155
vn 0.998406 0.0563873649 -0.00243066158
vn 0.94816035 0.05512704 0.312974334
vn 0.998406 0.0563879274 0.00243042386
vn 0.9502259 0.0598092526 0.305767268
vn 0.800593138 0.0514192842 0.5969981
vn 0.581716239 0.0483571 0.811953068
vn 0.801389 0.05482231 0.5956259
vn 0.588624537 0.0573426448 0.806370258
vn 0.3039279 0.06484706 0.9504855
vn -0.0188731924 0.0296530146 0.9993821
vn 0.293909252 0.0509644933 0.9544737
vn -0.334108 0.0347687826 0.9418933
vn -0.5455841 0.838056147 -1.53183937E-05
vn -0.5189836 0.824355543 0.226039886
vn -0.5189837 0.824355364 -0.226040125
vn 0.0566997677 0.9983412 -0.0100009311
vn 0.0566997677 0.9983412 -0.0100009311
vn 0.0566997677 0.9983412 -0.0100009311
vn 0.0622155257 0.9978933 -0.0183904544
vn 0.0622155257 0.9978933 -0.0183904544
vn 0.0622155257 0.9978933 -0.0183904544
vn 0.03553113 0.9984709 -0.0423483029
vn 0.03553113 0.9984709 -0.0423483029
vn 0.03553113 0.9984709 -0.0423483029
vn -0.0307421535 0.9993698 0.0177486241
vn -0.0307421535 0.9993698 0.0177486241
vn -0.0307421535 0.9993698 0.0177486241
vn 0.00214971858 0.9985183 0.0543742627
vn 0.00214971858 0.9985183 0.0543742627
vn 0.00214971858 0.9985183 0.0543742627
vn -0.08661649 -2.61931564E-06 -0.996241748
vn -0.448214054 -0.0006072405 -0.8939261
vn -0.08661684 0.000204652533 -0.9962417
vn -0.448402673 -9.018661E-06 -0.8938317
vn -0.7569952 -1.55195612E-05 -0.6534205
vn -0.7569942 6.304747E-05 -0.65342164
vn -0.94472146 -1.54525042E-05 -0.327873975
vn -0.94472307 8.976083E-06 -0.327869326
vn -0.999032557 -1.54823083E-05 0.0439771228
vn -0.9990325 8.976072E-06 0.04397775
vn -0.9122576 -1.5467409E-05 0.409617037
vn -0.912257552 8.976074E-06 0.409617037
vn -0.6966537 -1.55493617E-05 0.7174076
vn -0.6966491 9.006098E-05 0.7174121
vn -0.382667124 -1.54003519E-05 0.9238863
vn -0.3826595 8.97608E-06 0.923889458
vn 0.00454776036 -0.0003235169 0.9999896
vn 0.00464864075 -7.130754E-05 0.9999892
vn 0.0866152048 2.618268E-06 -0.996241868
vn 0.448212862 0.000607239257 -0.8939267
vn 0.08661557 -0.00020466 -0.9962418
vn 0.448403269 9.01866E-06 -0.8938314
vn 0.756994069 1.55046582E-05 -0.65342176
vn 0.7569952 -8.976067E-06 -0.653420448
vn 0.94472146 1.54525042E-05 -0.327873975
vn 0.94472307 -8.976083E-06 -0.327869326
vn 0.9990325 1.54748559E-05 0.04397775
vn 0.999032557 -8.97607151E-06 0.0439771935
vn 0.9122576 1.5467409E-05 0.409617037
vn 0.912257552 -8.976074E-06 0.409617037
vn 0.696653 1.54972058E-05 0.71740824
vn 0.6966497 -8.97608152E-06 0.717411458
vn 0.382667124 1.54003519E-05 0.9238863
vn 0.3826595 -8.97608E-06 0.923889458
vn -0.00454776036 0.0003235169 0.9999896
vn -0.00464819372 7.130727E-05 0.9999892
vn -0.04246357 0.99904716 -0.01007854
vn -0.04246357 0.99904716 -0.01007854
vn -0.04246357 0.99904716 -0.01007854
vn -0.052993618 0.9970087 -0.0562620051
vn 0 1 5.10964946E-06
vn 0 1 5.10964946E-06
vn 0 1 5.10964946E-06
vn -0.00353840482 0.99982965 -0.0181153342
vn -0.006688924 0.999836743 -0.0167847052
vn 0.0442103446 0.9989672 -0.0104916459
vn 0.0442103446 0.9989672 -0.0104916459
vn 0.0442103446 0.9989672 -0.0104916459
vn 0.05042633 0.997794032 -0.04317723
vn 0 1 0
vn 0 1 0
vn 0 1 0
vn 0 1 1.55748228E-06
vn -0.00367615325 0.9999882 0.00319468183
vn -0.00367615325 0.9999882 0.00319468183
vn -0.00367615325 0.9999882 0.00319468183
vn 0 1 0
vn 0 1 0
vn 0 1 0
vn 0 1 6.82839436E-06
vn 0 1 0
vn 0 1 0
vn 0.0157389678 0.9993449 0.0325888544
vn 0.0157389678 0.9993449 0.0325888544
vn 0.0157389678 0.9993449 0.0325888544
vn 0.0359386 0.9989098 0.0297936127
vn 1 0 2.05636024E-05
vn 1 0 2.17855E-05
vn 0.766030133 1.67489052E-05 -0.642804742
vn 0.7660302 0 -0.6428047
vn 0.17367 0 -0.9848039
vn 0.1736506 0 -0.9848074
vn -0.499982446 0 -0.8660355
vn -0.499980628 0 -0.8660366
vn -0.939685345 0 -0.342040151
vn -0.939685345 0 -0.342040151
vn -0.9397003 0 0.3419991
vn -0.9396996 0 0.342001051
vn -0.499995053 0 0.8660283
vn -0.5000171 0 0.866015553
vn 0.173671961 0 0.984803557
vn 0.173642486 0 0.984808743
vn 0.766031 0 0.6428036
vn 0.766030252 0 0.642804563
vn 1 1.67489052E-05 -2.0340085E-05
vn 1 0 -2.04741955E-05
vn 0 1 0
vn 0 1 0
vn 0 1 0
vn 0 1 0
vn 0 1 0
vn 0 1 0
vn 0 1 0
vn 0 1 0
vn 0 1 0
vn 0 -1 0
vn 0 -1 0
vn 0 -1 0
vn 0 -1 0
vn 0 -1 7.34381865E-06
vn 0 -1 4.17479168E-06
vn 0 -1 0
vn 0 -1 0
vn 0 -1 0
vn 0 -1 0
vn 0 -1 0
vn 0 -1 0
vn 0 -1 0
vn 0 -1 -2.43780846E-06
vn 0 -1 -2.43780846E-06
vn 0 -1 0
vn 0 -1 0
vn 0 -1 0
vn 0 -1 0
vn 0 -1 0
vn 0 -1 0
vn 0 -1 0
vn 0 -1 0
vn 0 -1 -4.18201762E-06
vn 0 -1 0
vn 0 -1 -2.56412227E-06
vn 0 -1 0
vn 0 -1 0
vn 0 -1 0
vn 0 -1 0
vn 0 -1 0
vn 0 -1 -1.774793E-06
vn 0 -1 0
vn 0 -1 -1.774793E-06
vn 0 -1 0
vn 0 -1 0
vn 0 -1 0
vn 0.07037425 0.0737963542 -0.9947872
vn -0.587271452 0.0631897449 -0.806919634
vn 0.06809074 0.03541353 -0.9970504
vn -0.560617864 0.05888461 -0.8259784
vn -0.9664023 0.07706626 -0.245208874
vn -0.898353934 0.05933006 0.4352473
vn -0.9693004 0.034906812 -0.243389249
vn -0.910740554 0.0595364 0.408664942
vn -0.6720129 0.0424083546 -0.739324152
vn -0.98924154 0.0597317629 -0.133541554
vn -0.6733 0.02457345 -0.7389609
vn -0.993042767 0.0597847365 -0.101448782
vn -0.8448135 0.04240484 0.5333779
vn -0.3033423 0.059727557 0.951007962
vn -0.8446809 0.0245667025 0.5347062
vn -0.272336751 0.05978851 0.960342646
vn -0.0191925 0.9977277 0.0645841
vn -0.0191925 0.9977277 0.0645841
vn -0.0191925 0.9977277 0.0645841
vn -0.0264695939 0.998598039 0.04584022
vn 0.0438314565 0.99840945 0.03546047
vn 0.0438314565 0.99840945 0.03546047
vn 0.0438314565 0.99840945 0.03546047
vn 0.0507151261 0.998713136 0
vn 0.0477304719 0.998857558 0.00231260341
vn 0.03624166 0.9988802 -0.0304130856
vn 0.03624166 0.9988802 -0.0304130856
vn 0.03624166 0.9988802 -0.0304130856
vn 0.0335959755 0.9992011 -0.02164527
vn 0.00769341551 0.9990176 -0.04364341
vn 0.00769341551 0.9990176 -0.04364341
vn 0.00769341551 0.9990176 -0.04364341
vn 9.725935E-07 0.997810364 -0.06614025
vn -0.03944038 0.998879254 -0.0261659641
vn -0.03944038 0.998879254 -0.0261659641
vn -0.03944038 0.998879254 -0.0261659641
vn -0.0379924327 0.9991823 -0.0138306525
vn -0.04322086 0.9989417 0.0157310273
vn -0.04322086 0.9989417 0.0157310273
vn -0.0483765863 0.9980816 0.0386371426
vn -0.9962418 -1.01592752E-06 0.0866158158
vn -0.8939264 -0.000605756533 0.448213518
vn -0.996241748 0.000206358745 0.08661616
vn -0.8938374 -9.01863E-06 0.448391318
vn -0.65342015 -1.55046582E-05 0.75699544
vn -0.6534201 8.976072E-06 0.7569955
vn -0.3278728 -1.54227018E-05 0.9447219
vn -0.327869922 8.976078E-06 0.9447229
vn 0.04397948 -1.54972076E-05 0.999032438
vn 0.04397464 8.976068E-06 0.9990327
vn 0.409620345 -1.54897571E-05 0.912256062
vn 0.4096112 8.976056E-06 0.912260234
vn 0.717409432 -1.54748559E-05 0.696651757
vn 0.717409432 9.006086E-05 0.696651757
vn 0.923887968 -1.553446E-05 0.3826631
vn 0.9238876 8.976071E-06 0.3826639
vn 0.9999896 -0.000323426822 -0.0045483266
vn 0.999989152 -6.892242E-05 -0.004654915
vn -0.9962418 1.16362924E-06 -0.0866153
vn -0.893926561 0.000605761947 -0.448213
vn -0.9962418 -0.000206172481 -0.0866156444
vn -0.8938371 9.018632E-06 -0.448391855
vn -0.65342015 1.55046582E-05 -0.75699544
vn -0.6534201 -8.976072E-06 -0.7569955
vn -0.327869862 1.5452506E-05 -0.94472295
vn -0.327876627 -8.976058E-06 -0.944720566
vn 0.04397948 1.54972076E-05 -0.999032438
vn 0.04397464 -8.976068E-06 -0.9990327
vn 0.409619629 1.54748577E-05 -0.9122564
vn 0.409615844 -8.976065E-06 -0.912258148
vn 0.717409432 1.54748559E-05 -0.696651757
vn 0.717409432 -9.006086E-05 -0.696651757
vn 0.9238887 1.54152531E-05 -0.382661372
vn 0.923887 -6.304751E-05 -0.382665426
vn 0.9999896 0.000323426619 0.004547358
vn 0.999989152 7.005847E-05 0.00465487
vn -0.010077321 0.9990471 0.042465046
vn -0.010077321 0.9990471 0.042465046
vn -0.010077321 0.9990471 0.042465046
vn -0.05626767 0.9970085 0.05299067
vn -0.010492173 0.9989671 -0.044211302
vn -0.010492173 0.9989671 -0.044211302
vn -0.010492173 0.9989671 -0.044211302
vn -0.0431666076 0.99779433 -0.0504292846
vn 0.08831965 0.9921462 0.08857496
vn 0.08831965 0.9921462 0.08857496
vn 0.08831965 0.9921462 0.08857496
vn 0.103767522 0.9874362 0.11917261
vn 0 1 8.766029E-06
vn 0 1 0
vn 0 1 8.766029E-06
vn 0 1 0
vn 0 1 0
vn 0 1 4.32252E-06
vn 0 1 0
vn 0.0122153573 0.999826133 0.0140895126
vn 0.0122153573 0.999826133 0.0140895126
vn 1.64508838E-05 0 -1
vn -2.13980675E-05 0 -1
vn -0.6428082 1.64806825E-05 -0.766027153
vn -0.642807841 0 -0.766027451
vn -0.9848043 0 -0.173667744
vn -0.984804 0 -0.173669666
vn -0.8660355 0 0.499982446
vn -0.866034746 0 0.499983847
vn -0.342040151 0 0.939685345
vn -0.342040151 0 0.939685345
vn 0.341999084 0 0.9397003
vn 0.341999084 0 0.9397003
vn 0.866014957 0 0.5000181
vn 0.866038 0 0.499978125
vn 0.9848115 0 -0.173627019
vn 0.984811664 0 -0.173625886
vn 0.642807841 0 -0.766027451
vn 0.6428002 0 -0.7660339
vn 2.11149454E-05 1.65104866E-05 -1
vn 2.13980675E-05 0 -1
vn 0 1 0
vn 0 1 0
vn 0 1 0
vn 0 1 1.739231E-06
vn 0 1 0
vn 0 1 1.99656643E-06
vn 0 1 -4.54082374E-06
vn 0 1 6.95694825E-06
vn 0 1 -8.807808E-06
vn 0 -1 -3.72970817E-06
vn 0 -1 -3.72970817E-06
vn 0 -1 -3.72970817E-06
vn 0 -1 2.80886416E-05
vn 0 -1 2.18507262E-06
vn 0 -1 2.18507262E-06
vn 0 -1 2.18507262E-06
vn 0 -1 9.77857E-06
vn 0 -1 -1.87383E-06
vn 0 -1 -1.87383E-06
vn 0 -1 0
vn 0 -1 -3.74032766E-06
vn 0 -1 -5.70140946E-06
vn 0 -1 -5.70140946E-06
vn 0 -1 0
vn 0 -1 0
vn 0 -1 2.9901646E-06
vn 0 -1 0
vn 0 -1 -9.356821E-07
vn 0 -1 -9.356821E-07
vn 0 -1 -9.356821E-07
vn 0 -1 0
vn 0 -1 0
vn 0 -1 0
vn 0 -1 0
vn 0 -1 0
vn 0 -1 4.48982928E-06
vn 0 -1 4.48982928E-06
vn 0 -1 4.48982928E-06
vn 0 -1 0
vn 0 -1 -1.01559153E-05
vn 0 -1 -1.01559153E-05
vn 0 -1 2.90408343E-06
vn 0 -1 -2.38973121E-06
vn 0.911556542 0.0280118939 0.410219461
vn 0.9619006 0.0280114245 -0.271960825
vn 0.912802339 -0.008919276 0.408304244
vn 0.9695347 0.02003393 -0.244133547
vn 0.408785164 -0.0200334433 -0.9124108
vn -0.27352035 -0.020033475 -0.9616576
vn 0.407427371 -0.04999543 -0.9118681
vn -0.245758086 -0.0280103162 -0.9689264
vn -0.82644546 0.028011227 -0.562319636
vn -0.9945129 0.0280112643 0.100793816
vn -0.828004956 -0.008924284 -0.5606498
vn -0.9971987 0.0200338233 0.07206529
vn 0.9617106 -0.0200338718 -0.2733339
vn 0.560900569 -0.0200343076 -0.8276407
vn 0.960422158 -0.0499955 -0.2740251
vn 0.584322453 -0.0280107129 -0.8110381
vn 0.0645898953 0.997727334 0.01919134
vn 0.0645898953 0.997727334 0.01919134
vn 0.0645898953 0.997727334 0.01919134
vn 0.0458433665 0.9985979 0.0264683161
vn 0.0354660824 0.9984093 -0.04383033
vn 0.0354660824 0.9984093 -0.04383033
vn 0.0354660824 0.9984093 -0.04383033
vn 0 0.998713 -0.05071818
vn 0.00231586769 0.998857856 -0.0477248468
vn -0.0304090939 0.998880446 -0.0362385
vn -0.0304090939 0.998880446 -0.0362385
vn -0.0304090939 0.998880446 -0.0362385
vn -0.0216480251 0.9992011 -0.0335946754
vn -0.04363095 0.9990181 -0.00769257639
vn -0.04363095 0.9990181 -0.00769257639
vn -0.04363095 0.9990181 -0.00769257639
vn -0.06614941 0.9978097 1.94518475E-06
vn -0.0261678509 0.998879254 0.03943895
vn -0.0261678509 0.998879254 0.03943895
vn -0.0261678509 0.998879254 0.03943895
vn -0.0138281481 0.999182343 0.03799227
vn 0.0157307163 0.9989416 0.0432237945
vn 0.0157307163 0.9989416 0.0432237945
vn 0.0386348 0.9980818 0.0483736619
vn 0.05107329 -0.9985446 -0.0173285753
vn 0.05107329 -0.9985446 -0.0173285753
vn 0.05107329 -0.9985446 -0.0173285753
vn 0.0387032069 -0.998610556 -0.0357641838
vn 0.0387032069 -0.998610556 -0.0357641838
vn 0.01476465 -0.9993008 -0.0343505964
vn 0.01476465 -0.9993008 -0.0343505964
vn 0.00358446618 -0.998740256 -0.05005165
vn -0.0007882525 -0.99814105 -0.0609415323
vn -0.0007882525 -0.99814105 -0.0609415323
vn 0.0157116428 -0.9961233 -0.0865535
vn -0.016432967 -0.9992289 -0.03565932
vn -0.016432967 -0.9992289 -0.03565932
vn -0.0101527944 -0.9998097 -0.0166580416
vn -0.0101527944 -0.9998097 -0.0166580416
vn -0.0144034876 -0.9997853 0.0148969861
vn -0.0144034876 -0.9997853 0.0148969861
vn 0.0581295 -0.997361958 -0.04347608
vn 0.0581295 -0.997361958 -0.04347608
vn 0.0581295 -0.997361958 -0.04347608
vn 0.0875399 -0.994095266 0.0641198754
vn 0.0875399 -0.994095266 0.0641198754
vn 0.0875399 -0.994095266 0.0641198754
vn 0.0425229743 -0.9981578 -0.0432756171
vn 0.0425229743 -0.9981578 -0.0432756171
vn 0.0425229743 -0.9981578 -0.0432756171
vn 0.009129129 -0.9983815 0.0561340451
vn 0.009129129 -0.9983815 0.0561340451
vn 0.009129129 -0.9983815 0.0561340451
vn -0.03969419 -0.994850338 -0.09325873
vn -0.03969419 -0.994850338 -0.09325873
vn -0.03969419 -0.994850338 -0.09325873
vn 0.05651993 -0.9978527 -0.033100158
vn 0.05651993 -0.9978527 -0.033100158
vn 0.05651993 -0.9978527 -0.033100158
vn 0.0576371066 -0.9980074 0.0256742463
vn 0.0576371066 -0.9980074 0.0256742463
vn 0.0576371066 -0.9980074 0.0256742463
vn -0.06224842 -0.9977278 -0.02577553
vn -0.06224842 -0.9977278 -0.02577553
vn -0.06224842 -0.9977278 -0.02577553
vn 0.08114616 -0.9960217 -0.0368251875
vn 0.08114616 -0.9960217 -0.0368251875
vn 0.08114616 -0.9960217 -0.0368251875
vn -0.0157273337 -0.9998644 -0.00488626072
vn -0.0157273337 -0.9998644 -0.00488626072
vn -0.0157273337 -0.9998644 -0.00488626072
vn -0.06730859 -0.989360452 0.128978863
vn -0.06730859 -0.989360452 0.128978863
vn -0.06730859 -0.989360452 0.128978863
vn -0.04527191 -0.998969 -0.00336928479
vn -0.04527191 -0.998969 -0.00336928479
vn -0.04527191 -0.998969 -0.00336928479
vn -0.0630584061 -0.997982 0.00745403441
vn -0.0630584061 -0.997982 0.00745403441
vn -0.0630584061 -0.997982 0.00745403441
vn -0.08057299 -0.9965961 0.0174409263
vn -0.08057299 -0.9965961 0.0174409263
vn -0.08057299 -0.9965961 0.0174409263
vn -0.0110183889 -0.99889797 -0.0456230529
vn -0.0110183889 -0.99889797 -0.0456230529
vn -0.0110183889 -0.99889797 -0.0456230529
vn 0.03097712 -0.9964849 0.0778358
vn 0.03097712 -0.9964849 0.0778358
vn 0.03097712 -0.9964849 0.0778358
vn -0.06023211 -0.9968786 -0.0510401167
vn -0.06023211 -0.9968786 -0.0510401167
vn -0.06023211 -0.9968786 -0.0510401167
vn 0.06972528 -0.9975178 0.009830574
vn 0.06972528 -0.9975178 0.009830574
vn 0.06972528 -0.9975178 0.009830574
vn 0.0122497082 -0.998116255 0.0601162165
vn 0.0122497082 -0.998116255 0.0601162165
vn 0.0122497082 -0.998116255 0.0601162165
vn -0.11398828 -0.992737234 0.0384633839
vn -0.11398828 -0.992737234 0.0384633839
vn -0.11398828 -0.992737234 0.0384633839
vn -0.0317592137 -0.999494851 -0.00118648843
vn -0.0317592137 -0.999494851 -0.00118648843
vn -0.0317592137 -0.999494851 -0.00118648843
vn 0.004416059 -0.9999893 -0.00140635029
vn 0.004416059 -0.9999893 -0.00140635029
vn -0.00745559 -0.9994562 -0.0321194381
vn -0.00745559 -0.9994562 -0.0321194381
vn 0.0111678233 -0.99978137 -0.017677689
vn 0.0138714993 -0.9980203 0.0613441356
vn 0.0166264772 -0.999678135 0.0191631541
vn 0.0166264772 -0.999678135 0.0191631541
vn 0.0138714993 -0.9980203 0.0613441356
vn 0.0123762395 -0.996961832 0.07690248
vn -0.005307784 -0.999630332 0.0266647283
vn -0.005307784 -0.999630332 0.0266647283
vn -0.005307784 -0.999630332 0.0266647283
vn -0.00787413 -0.999811 0.0177781153
vn 0.0253076833 -0.9991046 0.03390389
vn 0.0253076833 -0.9991046 0.03390389
vn 0.0024944162 -0.997757137 0.06689144
vn 0.0421859138 -0.9988302 0.0236349814
vn 0.0421859138 -0.9988302 0.0236349814
vn -0.0246558376 -0.9977825 -0.0618235134
vn -0.0246558376 -0.9977825 -0.0618235134
vn -0.0246558376 -0.9977825 -0.0618235134
vn -0.04049612 -0.9986692 -0.03193588
vn -0.04049612 -0.9986692 -0.03193588
vn -0.04032867 -0.9987099 -0.0308558252
vn -0.0153666921 -0.999784231 -0.0139786648
vn -0.00720589142 -0.999851465 0.015658319
vn -0.00720589142 -0.999851465 0.015658319
vn -0.0153666921 -0.999784231 -0.0139786648
vn -0.0153666921 -0.999784231 -0.0139786648
vn -0.000584114168 -0.999488235 -0.0319844373
vn 0.09538212 -0.995405555 0.008370886
vn 0.09538212 -0.995405555 0.008370886
vn 0.09538212 -0.995405555 0.008370886
vn 0.04684165 -0.9988931 0.00431130035
vn 0.04684165 -0.9988931 0.00431130035
vn 0.04684165 -0.9988931 0.00431130035
vn -0.006869142 -0.9997354 0.0219533537
vn -0.006869142 -0.9997354 0.0219533537
vn -0.006869142 -0.9997354 0.0219533537
vn -0.0336421244 -0.9993425 -0.01351913
vn -0.0336421244 -0.9993425 -0.01351913
vn -0.0336421244 -0.9993425 -0.01351913
vn 0.0406327024 -0.9977723 -0.0529102348
vn 0.0406327024 -0.9977723 -0.0529102348
vn 0.0406327024 -0.9977723 -0.0529102348
vn -0.08098403 -0.996098 -0.03507706
vn -0.08098403 -0.996098 -0.03507706
vn -0.08098403 -0.996098 -0.03507706
vn -0.07033149 -0.989545643 0.12590833
vn -0.07033149 -0.989545643 0.12590833
vn -0.07033149 -0.989545643 0.12590833
vn 0.09756615 -0.9895302 0.106352359
vn 0.09756615 -0.9895302 0.106352359
vn 0.09756615 -0.9895302 0.106352359
vn 0.0403042063 -0.9990582 -0.0160727575
vn 0.0403042063 -0.9990582 -0.0160727575
vn 0.0403042063 -0.9990582 -0.0160727575
vn -0.008857857 -0.9990859 0.04181978
vn -0.008857857 -0.9990859 0.04181978
vn -0.008857857 -0.9990859 0.04181978
vn 0.0288796481 -0.999221742 -0.0268680677
vn 0.0288796481 -0.999221742 -0.0268680677
vn 0.0288796481 -0.999221742 -0.0268680677
vn -0.0180181675 -0.999808967 0.007575006
vn -0.0180181675 -0.999808967 0.007575006
vn -0.0180181675 -0.999808967 0.007575006
vn 0.0574898757 -0.9983112 0.008345467
vn 0.0574898757 -0.9983112 0.008345467
vn 0.0574898757 -0.9983112 0.008345467
vn 0.078620255 -0.9958331 -0.04621013
vn 0.078620255 -0.9958331 -0.04621013
vn 0.078620255 -0.9958331 -0.04621013
vn 0.127060264 -0.988316059 0.0841845945
vn 0.127060264 -0.988316059 0.0841845945
vn 0.127060264 -0.988316059 0.0841845945
vn 0.0480589755 -0.9983097 0.032683067
vn 0.0480589755 -0.9983097 0.032683067
vn 0.0480589755 -0.9983097 0.032683067
vn -0.08896011 -0.992702246 0.0814147443
vn -0.08896011 -0.992702246 0.0814147443
vn -0.08896011 -0.992702246 0.0814147443
vn 0.018931618 -0.998693168 0.04747222
vn 0.0415456258 -0.99859935 0.0327606052
vn 0.018931618 -0.998693168 0.04747222
vn 0.0415456258 -0.99859935 0.0327606052
vn 0.0415456258 -0.99859935 0.0327606052
vn 0.04741426 -0.9974706 0.05295628
vn -0.0287415311 -0.999586165 0.00123244268
vn -0.0287415311 -0.999586165 0.00123244268
vn -0.0287415311 -0.999586165 0.00123244268
vn 0.0179188177 -0.999404967 0.0294725224
vn 0.0179188177 -0.999404967 0.0294725224
vn 0.0179188177 -0.999404967 0.0294725224
vn -0.00752201444 -0.9986279 0.0518241525
vn -0.00752201444 -0.9986279 0.0518241525
vn -0.00752201444 -0.9986279 0.0518241525
vn -0.0103094783 -0.999396265 0.03317887
vn -0.0103094783 -0.999396265 0.03317887
vn 0.0696296543 -0.993657231 0.08830102
vn 0.0696296543 -0.993657231 0.08830102
vn 0.0696296543 -0.993657231 0.08830102
vn -0.0512046181 -0.9931702 0.104838356
vn -0.0512046181 -0.9931702 0.104838356
vn -0.0512046181 -0.9931702 0.104838356
vn -0.06179535 -0.9968003 -0.05070023
vn -0.06179535 -0.9968003 -0.05070023
vn -0.06179535 -0.9968003 -0.05070023
vn -0.0549523346 -0.998248458 0.0219147131
vn -0.0549523346 -0.998248458 0.0219147131
vn -0.0549523346 -0.998248458 0.0219147131
vn -0.00325356354 -0.99968195 -0.0250095576
vn -0.00325356354 -0.99968195 -0.0250095576
vn -0.00325356354 -0.99968195 -0.0250095576
vn -0.03035518 -0.999429166 0.0148288887
vn -0.03035518 -0.999429166 0.0148288887
vn -0.03035518 -0.999429166 0.0148288887
vn 0.0174665842 -0.999810755 -0.008565026
vn 0.0174665842 -0.999810755 -0.008565026
vn 0.0174665842 -0.999810755 -0.008565026
vn -0.04571966 -0.9989323 -0.006635719
vn -0.04571966 -0.9989323 -0.006635719
vn -0.04571966 -0.9989323 -0.006635719
vn -0.103798784 -0.9888184 0.107069813
vn -0.103798784 -0.9888184 0.107069813
vn -0.103798784 -0.9888184 0.107069813
vn -0.09156661 -0.9953534 -0.0297854524
vn -0.09156661 -0.9953534 -0.0297854524
vn -0.09156661 -0.9953534 -0.0297854524
vn -0.03247566 -0.9985767 -0.0423073173
vn -0.03247566 -0.9985767 -0.0423073173
vn -0.03247566 -0.9985767 -0.0423073173
vn 0.07084706 -0.9961141 -0.0523200855
vn 0.07084706 -0.9961141 -0.0523200855
vn 0.07084706 -0.9961141 -0.0523200855
vn -0.06165847 -0.993154764 -0.09920616
vn -0.06165847 -0.993154764 -0.09920616
vn -0.06165847 -0.993154764 -0.09920616
vn 0.0472596772 -0.9969488 -0.06212687
vn 0.0472596772 -0.9969488 -0.06212687
vn 0.0472596772 -0.9969488 -0.06212687
vn 0.08010617 -0.9952384 0.0555285849
vn 0.08010617 -0.9952384 0.0555285849
vn 0.08010617 -0.9952384 0.0555285849
vn -0.0261839889 -0.999656737 0.000877601444
vn -0.0261839889 -0.999656737 0.000877601444
vn -0.0261839889 -0.999656737 0.000877601444
vn 0.005608451 -0.9998084 -0.0187583137
vn 0.005608451 -0.9998084 -0.0187583137
vn 0.005608451 -0.9998084 -0.0187583137
vn 0.027566839 -0.999607742 -0.00495459326
vn 0.027566839 -0.999607742 -0.00495459326
vn 0.027566839 -0.999607742 -0.00495459326
vn -0.007507001 -0.997104645 -0.0756704
vn -0.007507001 -0.997104645 -0.0756704
vn -0.007507001 -0.997104645 -0.0756704
vn 0.0177879054 -0.9998143 0.007417393
vn 0.0384065434 -0.999089062 0.0186005458
vn 0.0384065434 -0.999089062 0.0186005458
vn 0.0177879054 -0.9998143 0.007417393
vn 0.0177879054 -0.9998143 0.007417393
vn 0.008731234 -0.999440134 0.0322975777
vn 0.008731234 -0.999440134 0.0322975777
vn -0.0453781672 -0.9983944 -0.0339024477
vn -0.0453781672 -0.9983944 -0.0339024477
vn -0.0453781672 -0.9983944 -0.0339024477
vn 0.0416480936 -0.9989815 -0.017360894
vn 0.0416480936 -0.9989815 -0.017360894
vn 0.0416480936 -0.9989815 -0.017360894
vn 0.0351327471 -0.9993006 -0.0128085241
vn 0.0351327471 -0.9993006 -0.0128085241
vn 0.0351327471 -0.9993006 -0.0128085241
vn -0.05634623 -0.998363137 0.009806779
vn -0.05634623 -0.998363137 0.009806779
vn -0.05634623 -0.998363137 0.009806779
vn 0.0302995481 -0.999540746 0.0005340507
vn 0.0302995481 -0.999540746 0.0005340507
vn -0.0005178697 -0.999982357 -0.005918883
vn -0.0260329377 -0.9995383 -0.015667906
vn -0.0260329377 -0.9995383 -0.015667906
vn -0.0260329377 -0.9995383 -0.015667906
vn 0.0114262961 -0.9998016 -0.0163196623
vn 0.0114262961 -0.9998016 -0.0163196623
vn 0.0114262961 -0.9998016 -0.0163196623
vn 0 1 -2.375347E-06
vn -4.61564741E-05 1 0.000144333157
vn -4.61564741E-05 1 0.000144333157
vn -2.32288221E-05 1 -0.000105662039
vn -2.32288221E-05 1 -0.000105662039
vn 0 1 0
vn 0 1 -2.375347E-06
vn 0 1 0
vn 0 1 -1.94165341E-06
vn -0.000121197489 1 -8.764346E-06
vn 5.73521138E-05 1 -6.88413638E-05
vn 0 1 0
vn 0 1 1.39324E-06
vn -5.294833E-06 1 -4.4266937E-05
vn -5.294833E-06 1 -4.4266937E-05
vn -5.294833E-06 1 -4.4266937E-05
vn -5.93309342E-05 1 -5.687855E-05
vn -5.93309342E-05 1 -5.687855E-05
vn -2.65008675E-05 1 -0.000110319794
vn -2.65008675E-05 1 -0.000110319794
vn 3.84657142E-07 1 6.18968261E-05
vn 3.84657142E-07 1 6.18968261E-05
vn 0 1 1.0929723E-06
vn 3.687209E-05 1 -5.10893842E-05
vn 3.687209E-05 1 -5.10893842E-05
vn 5.313919E-05 1 -1.84404889E-05
vn 0 1 1.0929723E-06
vn 0 1 0
vn 0 1 -7.805851E-07
vn 7.382633E-06 1 -6.420716E-05
vn 4.14098722E-05 1 2.93344438E-05
vn 0 1 -7.805851E-07
vn 0 1 -7.805851E-07
vn 3.00236861E-05 1 3.740352E-05
vn 3.00236861E-05 1 3.740352E-05
vn -1.37268762E-05 1 -1.09460916E-05
vn -1.37268762E-05 1 -1.09460916E-05
vn -1.37268762E-05 1 -1.09460916E-05
vn 3.42959647E-05 1 3.02744083E-05
vn 3.42959647E-05 1 3.02744083E-05
vn 0 1 -3.42348153E-06
vn 1.15291516E-06 1 8.716022E-05
vn 0 1 -3.42348153E-06
vn 1.15291516E-06 1 8.716022E-05
vn -2.63311722E-05 1 -0.000120183286
vn -4.1310177E-05 1 -2.48697779E-05
vn 0 1 0
vn 3.77333563E-05 1 3.6284564E-05
vn 3.77333563E-05 1 3.6284564E-05
vn -6.108513E-05 1 -2.37312688E-05
vn -4.08129636E-05 1 6.851199E-05
vn -4.079751E-05 1 -5.1721232E-05
vn -4.079751E-05 1 -5.1721232E-05
vn -4.079751E-05 1 -5.1721232E-05
vn 0 1 1.48539414E-06
vn 0 1 1.48539414E-06
vn 1.05195686E-05 1 4.061663E-05
vn -7.50915642E-05 1 2.03829768E-05
vn -7.50915642E-05 1 2.03829768E-05
vn 4.06927029E-05 1 3.773837E-05
vn 0 1 0
vn 0 1 -1.05795255E-06
vn 0 1 -1.05795255E-06
vn 5.37828928E-05 1 5.27758675E-05
vn -3.64728257E-05 1 5.053617E-05
vn -3.64728257E-05 1 5.053617E-05
vn -5.500532E-05 1 1.3882237E-05
vn 3.36531848E-05 1 -3.66692657E-05
vn 0 1 6.84397151E-07
vn 0 1 -1.87608816E-06
vn 0 1 6.84397151E-07
vn 0 1 -2.13798444E-06
vn -3.927669E-05 1 5.34324936E-05
vn -3.927669E-05 1 5.34324936E-05
vn -3.927669E-05 1 5.34324936E-05
vn -3.92166726E-07 1 -6.038057E-05
vn 0 1 0
vn 0 1 -1.87608816E-06
vn 0 1 0
vn -2.51714609E-05 1 -7.11846442E-05
vn -2.51714609E-05 1 -7.11846442E-05
vn -0.000127990381 1 -2.24247415E-05
vn -0.000127990381 1 -2.24247415E-05
vn 0 1 0
vn 0 1 0
vn 7.100681E-05 1 0
vn 7.100681E-05 1 0
vn 0 1 0
vn -7.862688E-06 1 -5.98487859E-05
vn 0 1 0
vn 0 1 -1.518765E-06
vn 0 1 0
vn -2.13959938E-05 1 -4.47018538E-05
vn -2.13959938E-05 1 -4.47018538E-05
vn 5.69681433E-05 1 -4.5669658E-05
vn 5.69681433E-05 1 -4.5669658E-05
vn 5.6370016E-05 1 -5.24356365E-05
vn 5.66976378E-05 1 -1.15187586E-05
vn 6.184063E-05 1 -1.02656886E-05
vn 6.169084E-05 1 3.406018E-05
vn 0 1 7.91721163E-07
vn 0 1 -1.518765E-06
vn 0 1 7.91721163E-07
vn 3.25120782E-05 1 -1.05136369E-05
vn 3.494392E-05 1 0
vn -6.393224E-05 1 9.98851647E-06
vn -5.12912047E-05 1 4.18942436E-05
vn -5.12912047E-05 1 4.18942436E-05
vn 0 1 0
vn -1.36717936E-05 1 -7.33362249E-05
vn 0 1 0
vn 0 1 0
vn -3.00525971E-05 1 4.83365948E-05
vn -3.00525971E-05 1 4.83365948E-05
vn -2.61115929E-05 1 5.9602462E-05
vn 0 1 1.57527325E-06
vn 0 1 0
vn 0 1 0
vn 0 1 3.722953E-07
vn 0 1 1.57527325E-06
vn 0 1 -4.681407E-06
vn 0 1 3.722953E-07
vn 0 1 0
vn 0 1 0
vn 0 1 -1.99787019E-06
vn 0 1 -1.99787019E-06
vn 4.83952026E-05 1 1.873624E-05
vn 4.83952026E-05 1 1.873624E-05
vn 4.83952026E-05 1 1.873624E-05
vn 5.91648131E-05 1 -9.453814E-06
vn 0 1 -1.79085657E-06
vn 0 1 -1.79085657E-06
vn 0 1 3.49087668E-06
vn 0 1 -4.681407E-06
vn 0 1 0
vn 0 1 3.49087668E-06
vn 0 1 3.49087668E-06
vn 4.39532341E-05 1 -3.707709E-05
vn 0 1 0
vn 0 1 0
vn 0 1 0
vn 0 1 0
vn 0 1 0
vn 0 1 0
vn 0 1 -2.37729523E-06
vn 0 1 -2.37729523E-06
vn 0 1 0
vn 0 1 0
vn 0 1 0
vn 0 1 0
vn 0 1 -1.70261455E-06
vn 0 1 0
vn 0 1 0
vn 0 1 -2.83858662E-06
vn 0 1 -2.83858662E-06
vn 0 1 0
vn 0 1 0
vn 0 1 0
vn 3.696115E-05 1 -4.34101421E-05
vn 3.696115E-05 1 -4.34101421E-05
vn 3.696115E-05 1 -4.34101421E-05
vn -7.13110858E-05 1 -9.130958E-06
vn -7.13110858E-05 1 -9.130958E-06
vn -7.13110858E-05 1 -9.130958E-06
vn 6.565021E-05 1 2.07433732E-05
vn 6.565021E-05 1 2.07433732E-05
vn 6.565021E-05 1 2.07433732E-05
vn 7.61381161E-05 1 -4.05300962E-05
vn 7.61381161E-05 1 -4.05300962E-05
vn 7.61381161E-05 1 -4.05300962E-05
vn 0 1 8.446874E-07
vn 0 1 8.446874E-07
vn 0 1 8.446874E-07
vn -5.06052638E-05 1 1.55117141E-05
vn -5.06052638E-05 1 1.55117141E-05
vn -5.06052638E-05 1 1.55117141E-05
vn -1.40448437E-05 1 -4.53747962E-05
vn -1.40448437E-05 1 -4.53747962E-05
vn -1.40448437E-05 1 -4.53747962E-05
vn 6.346516E-05 1 4.60820229E-05
vn 6.346516E-05 1 4.60820229E-05
vn 6.346516E-05 1 4.60820229E-05
vn 0.680720866 0.0248393137 0.7321217
vn 0.05204362 -0.0164792314 0.9985088
vn 0.679964 -0.0283107571 0.7326988
vn 0.6749771 -0.06888346 0.73461616
vn 0.9901657 -0.0570075959 0.127757609
vn 0.0979137644 -0.05274472 0.9937962
vn -0.564595 -0.0328182168 0.824715436
vn 0.0968585461 -0.0188914537 0.995118856
vn -0.60631603 -0.06650268 0.7924382
vn -0.6067026 -0.0549858361 0.793024957
vn 0.04608059 -0.0549853332 0.9974233
vn -0.5880579 0.0156353787 0.8086677
vn -0.9703227 -0.00452786731 0.241771415
vn -0.959537745 -0.0584049039 0.275456429
vn -0.9133582 -0.0262890588 -0.406307369
vn -0.9613125 -0.0182303656 0.274856359
vn -0.8855714 -0.0679211 -0.4595106
vn -0.8862425 -0.05618905 -0.4598011
vn -0.9741951 -0.0561890528 0.21860145
vn -0.8995762 0.009736151 -0.436655432
vn -0.4085545 -0.00271999533 -0.912729859
vn 0.274267435 -0.0571915954 -0.9599513
vn -0.407214284 -0.0238522962 -0.913021147
vn 0.8124372 -0.009136475 -0.5829772
vn 0.247704133 -0.0168022327 -0.968690038
vn 0.994493663 -0.004527613 0.104699165
vn 0.829770446 -0.0270155687 -0.557450652
vn 0.129647017 -0.0329847522 -0.991011441
vn 0.130195528 -0.012363133 -0.991411269
vn -0.5375739 -0.0123629468 -0.843126059
vn 0.8942731 -0.0402814336 -0.445705056
vn 0.894103944 -0.04642963 -0.445446372
vn 0.397880942 -0.0464288 -0.9162615
vn 0.995951056 -0.0622174852 0.0648887455
vn 0.722792864 -0.0218872968 0.6907181
vn 0.997665346 -0.01779011 0.0659346655
vn 0.7053069 0.003704682 0.708892465
vn 0.08486913 -0.0161884185 0.9962606
vn 0.5697064 -0.022645684 0.821536243
vn 0.993838251 -0.05256361 0.0975839
vn 0.97217834 -0.017158879 0.2336127
vn 0.8252314 -0.01917016 -0.5644694
vn 0.9105212 -0.0237707645 -0.412778527
vn 0.127784267 -0.0534552746 0.9903604
vn -0.5384689 -0.006551878 0.8426199
vn -0.0446840227 -0.0172692463 0.9988519
vn -0.4528149 -0.0362003222 0.8908694
vn -0.6005157 -0.0235973932 0.7992647
vn 0.0538913757 -0.02342395 0.998272061
vn -0.5925008 0.00263019931 0.8055656
vn -0.970354855 -0.04542189 0.237378225
vn -0.7231103 -0.0217502043 0.6903901
vn -0.990039 -0.0322621 0.137047261
vn -0.998712063 -0.0342992954 -0.03738692
vn -0.788821 -0.0344618075 0.6136561
vn -0.9624533 -0.00586718 0.271383941
vn -0.9117191 -0.005437481 -0.410778165
vn -0.994908154 -0.0220531523 0.0983434841
vn -0.9159401 -0.0404786021 -0.399268359
vn -0.445249438 -0.0206608288 -0.895168245
vn -0.8335821 -0.0179773271 -0.552103043
vn 0.260601461 -0.0288677961 -0.965014756
vn -0.256607264 -0.01885894 -0.9663317
vn 0.79908663 0.008068483 -0.601161838
vn 0.392827064 -0.02474042 -0.9192795
vn -0.5451755 -0.03301894 -0.837671459
vn -0.3919192 -0.020681778 -0.9197672
vn -0.891516268 -0.0205239467 -0.45252353
vn 0.3763219 -0.0322632641 -0.925927043
vn 0.5317257 -0.03429662 -0.8462219
vn -0.137041 -0.0344659835 -0.989965558
vn 0.998105049 -0.03067617 -0.0533412434
vn 0.9925531 -0.01854449 0.120392784
vn 0.8376868 -0.018381035 -0.545841634
vn 0.61362 -0.03477228 0.788835466
vn 0.466936469 -0.0366330147 0.8835318
vn 0.9257967 -0.0367950238 0.376226872
vn -0.442193359 -0.02680818 -0.896519065
vn 0.242317066 -0.03109695 -0.969698668
vn -0.104849562 -0.02193618 -0.9942462
vn -0.917397559 -0.0536436774 -0.394340068
vn -0.727016568 -0.05018182 -0.6847837
vn -0.9992759 -0.0194507577 -0.0327005461
vn -0.961060345 -0.0282155089 0.274894446
vn -0.9273575 -0.0020861 -0.3741707
vn -0.536852062 -0.008421891 0.8436344
vn -0.8006345 -0.0487864427 0.5971635
vn -0.214276463 -0.01943766 0.9765796
vn 0.09559343 -0.03455072 0.994820654
vn 0.7126914 -0.002084743 0.701474547
vn 0.428151757 -0.01945036 0.9034976
vn 0.997040749 -0.0310977232 0.07030424
vn 0.9273367 -0.0187996272 0.373755664
vn 0.7930934 -0.0102335149 -0.609014153
vn 0.9609369 -0.0219361354 -0.275896817
vn 0.216122061 -0.0310973711 -0.975871
vn 0.548137665 -0.0465641581 -0.835091
vn 0.229017884 -0.0497957356 -0.9721477
vn -0.117654547 -0.0465557426 -0.991962731
vn 0.996979356 -0.0274714734 -0.07264656
vn 0.9619031 -0.0258065946 0.272169828
vn 0.911717951 -0.0255655 -0.410020441
vn 0.633275151 -0.0314902365 0.773285866
vn 0.3298151 -0.02934146 0.943589449
vn 0.8593081 -0.0295931082 0.510601461
vn 0.00738194631 -0.03301865 0.9994275
vn -0.493998736 -0.0205164347 0.869220555
vn 0.180452347 -0.0206860267 0.9833662
vn 0.149640977 -0.008530926 0.9887036
vn -0.518526256 -0.0259319786 0.854668438
vn -0.362381339 -0.02464784 0.931704
vn 0.7497415 -0.0288709216 0.661100745
vn 0.319089085 -0.0188598856 0.947537065
vn 0.998617649 0.00290295156 0.05248264
vn 0.8392232 -0.0237192586 0.5432696
vn -0.556119144 0.0115819722 0.8310219
vn -0.9594933 -0.0299851373 0.280131221
vn -0.896170259 -0.0254281871 0.442981124
vn -0.931050837 -0.008534215 -0.3647896
vn -0.980139136 -0.0188611355 -0.197412014
vn -0.4541965 -0.040476732 -0.889981568
vn -0.601746857 -0.0179768279 -0.798484564
vn 0.187414154 0.009696798 -0.982233167
vn 0.0120338071 -0.0230092723 -0.9996628
vn 0.802448034 -0.0338663161 -0.5957603
vn 0.687699 -0.0174187031 -0.725787
vn -0.901353061 -0.032261245 0.4318819
vn -0.996462643 -0.0344647653 -0.07664491
vn -0.812383 -0.0342968665 0.5821148
vn -0.8692261 -0.03302023 -0.493310869
vn -0.5058194 -0.0205208063 -0.8623953
vn -0.9418664 -0.0206864532 -0.335350215
vn 0.07666472 -0.03630833 -0.996395648
vn 0.5646131 -0.038247522 -0.82446903
vn -0.09796848 -0.03808779 -0.994460464
vn 0.8619014 -0.03067712 -0.506147146
vn 0.999807239 -0.0183911566 -0.006874353
vn 0.7613945 -0.0185338929 -0.6480239
vn 0.780978143 -0.0443400666 -0.622982442
vn 0.999409437 -0.0236583371 0.0249215662
vn 0.9886121 -0.0217506811 -0.148905933
vn 0.824679554 -0.03226493 0.5646792
vn 0.431826651 -0.03445309 0.901298344
vn 0.910324156 -0.03430471 0.4124719
vn -0.312471867 -0.0143807279 0.9498182
vn -0.3199018 -0.04294187 0.946477056
vn -0.214369789 -0.042941872 0.9758082
vn -0.272213131 0.04289537 0.9612804
vn -0.375807017 0.042895373 0.925704658
vn -0.280236274 0.0143216141 0.9598242
vn 0.810033739 -0.0113221826 0.5862739
vn 0.9569287 -0.007657849 0.290222019
vn 0.8099498 -0.0146405464 0.5863164
vn 0.9743533 0.010684479 0.224769682
vn 0.974354744 0.007571081 0.2248901
vn 0.847860932 0.005978067 0.530185044
vn 0.959646 0.0174860079 -0.280666769
vn 0.998889267 -0.00330782472 0.0470040739
vn 0.9595927 0.0249235239 -0.280286849
vn 0.9949171 -0.0148530016 0.09959595
vn 0.995007336 -0.008634468 0.0994278342
vn 0.9732466 0.000220313668 -0.229763046
vn -0.600445867 -0.0181297977 -0.7994599
vn -0.8724525 0.00811464 -0.488631576
vn -0.6006671 -0.0275521539 -0.7990244
vn -0.9002674 0.0195799749 -0.4348967
vn -0.9002703 0.0117248 -0.435173482
vn -0.6477521 0.0008379594 -0.7618508
vn -0.976972342 0.0104289139 0.213110864
vn -0.9796495 0.00717613753 -0.2005876
vn -0.9768992 0.0143391052 0.213219211
vn -0.9602634 -0.0139337173 -0.2787474
vn -0.960349 -0.01023164 -0.278612852
vn -0.990956247 -0.009043515 0.133880422
vn 0 1 -3.19171181E-06
vn 0 1 -3.19171181E-06
vn 0 1 -3.19171181E-06
vn 0 1 2.6536336E-06
vn 0 1 2.6536336E-06
vn 0 1 2.6536336E-06
vn 0 1 2.64054984E-06
vn 0 1 2.64054984E-06
vn 0 1 -3.083686E-06
vn 0 1 6.82826965E-07
vn 0 1 6.82826965E-07
vn 0 1 6.82826965E-07
vn 0 1 3.19172182E-06
vn 0 1 3.19172182E-06
vn 0 1 3.19172182E-06
vn 0 1 0
vn 0 1 0
vn 0 1 0
vn 0 1 -1.7603511E-06
vn 0 1 -1.7603511E-06
vn 0 1 1.54183522E-06
vn 0 1 1.141351E-06
vn 0 1 1.141351E-06
vn 0 1 1.141351E-06
vn 0 1 0
vn 0 1 0
vn 0 1 0
vn 0 1 0
vn 0 1 0
vn 0 1 0
vn 0 1 0
vn 0 1 0
vn 0 1 0
vn 0 1 0
vn 0 1 -1.61381763E-06
vn 0 1 -1.61381763E-06
vn 0 1 0
vn 0 1 0
vn 0 1 0
vn 0 1 1.32683954E-06
vn 0 1 1.32683954E-06
vn 0 1 1.32683954E-06
vn -0.9986359 -0.0174890757 -0.04919881
vn -0.960405231 0.003357131 0.2785867
vn -0.99849546 -0.024926424 -0.0488415845
vn -0.9442795 0.0148532232 0.328809381
vn -0.9444064 0.00863476 0.328667045
vn -0.9999939 -0.000272557139 0.00347965164
vn -0.650981545 0.0113196187 0.7590092
vn -0.8628908 0.00770911248 0.505331635
vn -0.65089035 0.0146390134 0.75903064
vn -0.8950788 -0.010686107 0.445779979
vn -0.895052135 -0.007573399 0.4458972
vn -0.7008889 -0.005977554 0.7132455
vn 0.4962933 -0.0143220481 0.8680368
vn 0.4888308 -0.04289561 0.8713234
vn 0.5812754 -0.0428956 0.812575459
vn 0.5317491 0.04294355 0.84581244
vn 0.435963541 0.04294354 0.8989392
vn 0.5253028 0.0143824834 0.8507938
vn 0.9997346 -0.0104301516 -0.0205413084
vn 0.905883 -0.00724286 -0.4234661
vn 0.9996887 -0.0143403048 -0.0204186924
vn 0.868812 0.0139340777 -0.494946
vn 0.8689267 0.0102320248 -0.494835
vn 0.994861066 0.009044001 -0.100844905
vn 0.397498816 0.0181351 -0.9174235
vn 0.7344801 -0.008108667 -0.6785818
vn 0.397815734 0.0275572743 -0.917051435
vn 0.7740656 -0.01958023 -0.6328025
vn 0.774004 -0.0117252441 -0.6330722
vn 0.452282071 -0.0008390267 -0.891874552
vn -0.868036747 -0.0143247927 0.496293336
vn -0.8713232 -0.0428985767 0.488830745
vn -0.81257534 -0.0428985767 0.5812754
vn -0.84581244 0.04294508 0.531749
vn -0.898939133 0.0429450646 0.435963452
vn -0.8507939 0.0143838348 0.5253027
vn 0.0205296725 -0.0104268463 0.9997349
vn 0.423455179 -0.00723848259 0.9058882
vn 0.0204079 -0.01433748 0.999689
vn 0.4949495 0.0139333447 0.868810058
vn 0.4948389 0.0102309054 0.868924558
vn 0.100849777 0.009041859 0.9948606
vn 0.917422354 0.0181291383 0.397501737
vn 0.6785797 -0.008114843 0.734482
vn 0.9170505 0.0275513344 0.3978182
vn 0.632801831 -0.0195803363 0.7740662
vn 0.6330714 -0.0117253391 0.774004638
vn 0.891873956 -0.00083868386 0.4522832
vn 0.0491306335 -0.0174843725 -0.9986393
vn -0.2786114 0.00330930832 -0.960398257
vn 0.0487735234 -0.02492005 -0.9984989
vn -0.328763843 0.0148510113 -0.9442954
vn -0.3286217 0.008633935 -0.9444222
vn -0.00347428513 -0.0002243761 -0.9999939
vn -0.7590061 0.0113189453 -0.6509851
vn -0.5053273 0.00770820538 -0.862893343
vn -0.75902766 0.0146382861 -0.6508938
vn -0.4457385 -0.0106864981 -0.895099461
vn -0.445855826 -0.00757298432 -0.895072758
vn -0.7132466 -0.005979256 -0.70088774
vn -0.9498202 -0.0143815475 -0.312465519
vn -0.9464791 -0.0429427028 -0.319895685
vn -0.9758095 -0.04294269 -0.214363486
vn -0.961279869 0.0428968668 -0.27221477
vn -0.925703943 0.0428968556 -0.375808656
vn -0.959823668 0.0143230725 -0.280238032
vn -0.5862692 -0.0113236727 0.8100372
vn -0.290213376 -0.007711297 0.9569309
vn -0.586311758 -0.0146421017 0.809953153
vn -0.224818572 0.010685836 0.974342048
vn -0.224939138 0.007573219 0.974343359
vn -0.5301873 0.005977579 0.847859442
vn 0.280664116 0.0174876768 0.959646761
vn -0.04700723 -0.0033064438 0.9988891
vn 0.280284017 0.024925191 0.9595935
vn -0.09957966 -0.0148541192 0.9949187
vn -0.0994113 -0.008635685 0.995008945
vn 0.229779541 0.00021918118 0.9732427
vn 0.7994684 -0.0181322172 -0.6004345
vn 0.488644123 0.008111977 -0.8724455
vn 0.799032748 -0.0275543332 -0.6006559
vn 0.434895664 0.0195804164 -0.900267959
vn 0.435171932 0.0117254518 -0.900271
vn 0.761849642 0.0008396581 -0.6477534
vn -0.2131598 0.0104224188 -0.9769618
vn 0.200588644 0.007236131 -0.9796489
vn -0.213267863 0.0143338293 -0.9768886
vn 0.278744519 -0.0139352074 -0.9602642
vn 0.278609961 -0.0102328593 -0.960349858
vn -0.1338834 -0.009044067 -0.9909558
vn -0.496293366 -0.0143248374 -0.868036747
vn -0.488830864 -0.0428985767 -0.8713232
vn -0.5812754 -0.0428985767 -0.81257534
vn -0.531743765 0.0429471359 -0.8458157
vn -0.43595776 0.04294712 -0.8989418
vn -0.5252973 0.0143860467 -0.8507972
vn -0.9997347 -0.0104300305 0.0205366015
vn -0.905885041 -0.007242843 0.4234617
vn -0.999688745 -0.0143401613 0.0204142928
vn -0.868807137 0.0139345089 0.494954526
vn -0.868921638 0.0102324914 0.49484396
vn -0.994860053 0.009044595 0.100855246
vn -0.397510141 0.01813187 0.9174186
vn -0.7344886 -0.008112867 0.678572536
vn -0.397826672 0.0275542568 0.9170467
vn -0.77406925 -0.0195810776 0.6327981
vn -0.7740078 -0.0117258793 0.6330675
vn -0.452287823 -0.00083941035 0.891871631
vn 0.9986359 -0.01749058 0.0491975322
vn 0.9604049 0.003355986 -0.278588027
vn 0.99849546 -0.0249279942 0.04884015
vn 0.9442795 0.0148547236 -0.328809261
vn 0.944406331 0.0086362455 -0.328667134
vn 0.9999939 -0.0002710782 -0.00347958156
vn 0.6509889 0.0113160145 -0.759003
vn 0.862871468 0.00770847453 -0.505364656
vn 0.650897443 0.0146354223 -0.7590246
vn 0.8950999 -0.0106847631 -0.4457377
vn 0.8950732 -0.007571157 -0.445855
vn 0.700888336 -0.00597754028 -0.713246
vn 0.312467635 -0.0143811265 -0.949819565
vn 0.319897771 -0.0429422036 -0.9464784
vn 0.214365616 -0.0429421961 -0.9758091
vn 0.272212982 0.04289462 -0.961280465
vn 0.3758068 0.04289461 -0.9257048
vn 0.280236036 0.0143209239 -0.9598243
vn -0.8100061 -0.0113196736 -0.586312234
vn -0.9569293 -0.00770940864 -0.2902186
vn -0.8099222 -0.014638924 -0.5863546
vn -0.974353731 0.0106835738 -0.224768072
vn -0.9743551 0.00757019129 -0.224888459
vn -0.847887158 0.005979919 -0.530143
vn -0.95964545 0.0174870789 0.280668467
vn -0.9988893 -0.00330642355 -0.0470023341
vn -0.959592164 0.0249244366 0.280288517
vn -0.994917035 -0.01485459 -0.09959647
vn -0.9950073 -0.00863615 -0.09942856
vn -0.9732467 0.000218328059 0.22976242
vn 0.600438356 -0.0181319024 0.7994655
vn 0.8724479 0.008111661 0.4886398
vn 0.600659549 -0.0275539123 0.799029946
vn 0.900268555 0.0195796639 0.4348945
vn 0.900271535 0.0117247431 0.435170919
vn 0.6477544 0.000838793756 0.7618488
vn 0.976972461 0.0104284016 -0.213110417
vn 0.979648232 0.007240958 0.20059146
vn 0.976899266 0.01433868 -0.213218778
vn 0.9602629 -0.0139342789 0.2787491
vn 0.960348547 -0.0102320444 0.278614521
vn 0.9909565 -0.00904359 -0.133878678
vn 0.8680353 -0.0143245859 -0.4962958
vn 0.8713219 -0.0428982861 -0.488833249
vn 0.812573731 -0.04289827 -0.581277668
vn 0.845812857 0.0429458 -0.5317483
vn 0.89893955 0.0429457873 -0.435962647
vn 0.8507943 0.0143847 -0.525302
vn -0.0205301177 -0.0104303593 -0.9997348
vn -0.423455715 -0.00724285049 -0.9058879
vn -0.0204080045 -0.0143406242 -0.999688864
vn -0.494950265 0.013934359 -0.8688096
vn -0.49483937 0.0102322474 -0.8689242
vn -0.100850128 0.00904414 -0.99486053
vn -0.9174194 0.018133603 -0.397508264
vn -0.678573966 -0.008110722 -0.734487355
vn -0.917047441 0.02755583 -0.397824943
vn -0.632805 -0.01957985 -0.774063647
vn -0.6330747 -0.0117248157 -0.774001956
vn -0.891876 -0.0008387193 -0.45227927
vn -0.04919361 -0.01748935 0.9986361
vn 0.278550655 0.003300854 0.9604159
vn -0.04883611 -0.02492715 0.9984957
vn 0.328819633 0.0148529271 0.944276
vn 0.328677356 0.008634074 0.9444028
vn 0.00353309768 -0.000217083842 0.999993742
vn 0.7590069 0.01131654 0.650984168
vn 0.5053287 0.007706428 0.8628925
vn 0.759028554 0.0146356449 0.6508928
vn 0.4457385 -0.0106845833 0.895099461
vn 0.445855677 -0.00757129025 0.8950728
vn 0.713246465 -0.00597832073 0.7008878
vn 0.949819565 -0.0143825635 0.312467426
vn 0.9464784 -0.0429439023 0.3198976
vn 0.975809038 -0.0429438949 0.214365467
vn 0.961280346 0.04289713 0.272213221
vn 0.925704539 0.0428971164 0.375807077
vn 0.9598242 0.0143234264 0.280236363
vn 0.586308 -0.01131889 -0.8100092
vn 0.290259272 -0.007710496 -0.956917
vn 0.5863506 -0.0146383783 -0.8099251
vn 0.224773169 0.0106878337 -0.9743525
vn 0.224893838 0.00757419458 -0.97435385
vn 0.5301479 0.00598297874 -0.8478841
vn -0.280649453 0.0174837355 -0.9596511
vn 0.0470226444 -0.003310704 -0.9988883
vn -0.280269563 0.0249212589 -0.959597766
vn 0.09957978 -0.0148508186 -0.994918764
vn 0.09941163 -0.00863234047 -0.995008945
vn -0.22977908 0.000222738832 -0.9732428
vn -0.7994757 -0.0181339849 0.600424647
vn -0.488654971 0.008109679 0.872439444
vn -0.79904 -0.0275560245 0.600646138
vn -0.4348964 0.0195799973 0.9002676
vn -0.435172826 0.0117251463 0.9002706
vn -0.7618502 0.0008393731 0.6477527
vn 0.213112578 0.0104277125 0.976972
vn -0.200589329 0.007239291 0.97964865
vn 0.213220879 0.0143382028 0.9768988
vn -0.2787447 -0.0139351711 0.960264146
vn -0.27861014 -0.01023284 0.9603498
vn 0.133930653 -0.009041305 0.990949452
vn -0.0527542681 -0.9985446 0.0112139769
vn -0.0527542681 -0.9985446 0.0112139769
vn -0.0527542681 -0.9985446 0.0112139769
vn -0.0426338427 -0.9986105 0.0309751686
vn -0.0426338427 -0.9986105 0.0309751686
vn -0.01869335 -0.999300957 0.0323763937
vn -0.01869335 -0.999300957 0.0323763937
vn -0.009433061 -0.99874 0.0492898375
vn -0.00637018867 -0.9981411 0.06061182
vn -0.00637018867 -0.9981411 0.06061182
vn -0.02576494 -0.9961243 0.0840983
vn 0.0121338507 -0.999228954 0.037340194
vn 0.0121338507 -0.999228954 0.037340194
vn 0.008126778 -0.9998097 0.0177349411
vn 0.008126778 -0.9998097 0.0177349411
vn 0.0160534866 -0.999785364 -0.0130973766
vn 0.0160534866 -0.999785364 -0.0130973766
vn -0.06283196 -0.997362 0.03634774
vn -0.06283196 -0.997362 0.03634774
vn -0.06283196 -0.997362 0.03634774
vn -0.0794096142 -0.9940951 -0.07395322
vn -0.0794096142 -0.9940951 -0.07395322
vn -0.0794096142 -0.9940951 -0.07395322
vn -0.0473106 -0.9981577 0.0379870273
vn -0.0473106 -0.9981577 0.0379870273
vn -0.0473106 -0.9981577 0.0379870273
vn -0.002475549 -0.99838084 -0.05682956
vn -0.002475549 -0.99838084 -0.05682956
vn -0.002475549 -0.99838084 -0.05682956
vn 0.0284699649 -0.9948505 0.0972721
vn 0.0284699649 -0.9948505 0.0972721
vn 0.0284699649 -0.9948505 0.0972721
vn -0.0600040741 -0.9978532 0.0262375474
vn -0.0600040741 -0.9978532 0.0262375474
vn -0.0600040741 -0.9978532 0.0262375474
vn -0.054225646 -0.998007238 -0.03226588
vn -0.054225646 -0.998007238 -0.03226588
vn -0.054225646 -0.998007238 -0.03226588
vn 0.0587836057 -0.997728169 0.0329085551
vn 0.0587836057 -0.997728169 0.0329085551
vn 0.0587836057 -0.997728169 0.0329085551
vn -0.08490071 -0.9960223 0.0270449035
vn -0.08490071 -0.9960223 0.0270449035
vn -0.08490071 -0.9960223 0.0270449035
vn 0.0150457453 -0.9998644 0.006697686
vn 0.0150457453 -0.9998644 0.006697686
vn 0.0150457453 -0.9998644 0.006697686
vn 0.0819873661 -0.989360452 -0.120183006
vn 0.0819873661 -0.989360452 -0.120183006
vn 0.0819873661 -0.989360452 -0.120183006
vn 0.04456569 -0.998968959 0.008659986
vn 0.04456569 -0.998968959 0.008659986
vn 0.04456569 -0.998968959 0.008659986
vn 0.06349538 -0.997982144 0
vn 0.06349538 -0.997982144 0
vn 0.06349538 -0.997982144 0
vn 0.08207094 -0.996595442 -0.007865849
vn 0.08207094 -0.996595442 -0.007865849
vn 0.08207094 -0.996595442 -0.007865849
vn 0.00558228744 -0.998898 0.04659973
vn 0.00558228744 -0.998898 0.04659973
vn 0.00558228744 -0.998898 0.04659973
vn -0.0216269512 -0.996485 -0.08093167
vn -0.0216269512 -0.996485 -0.08093167
vn -0.0216269512 -0.996485 -0.08093167
vn 0.0538233668 -0.9968789 0.0577538125
vn 0.0538233668 -0.9968789 0.0577538125
vn 0.0538233668 -0.9968789 0.0577538125
vn -0.06808284 -0.9975183 -0.0179445222
vn -0.06808284 -0.9975183 -0.0179445222
vn -0.06808284 -0.9975183 -0.0179445222
vn -0.00511095161 -0.9981158 -0.06114517
vn -0.00511095161 -0.9981158 -0.06114517
vn -0.00511095161 -0.9981158 -0.06114517
vn 0.117717743 -0.992736936 -0.024818182
vn 0.117717743 -0.992736936 -0.024818182
vn 0.117717743 -0.992736936 -0.024818182
vn 0.03139827 -0.9994949 0.00490157865
vn 0.03139827 -0.9994949 0.00490157865
vn 0.03139827 -0.9994949 0.00490157865
vn -0.00455006 -0.9999893 0.0008807843
vn -0.00455006 -0.9999893 0.0008807843
vn 0.00363444723 -0.9994562 0.0327717438
vn 0.00363444723 -0.9994562 0.0327717438
vn -0.0131655186 -0.9997814 0.0162416063
vn -0.006574284 -0.9980203 -0.06254776
vn -0.0142622329 -0.999678135 -0.0209823884
vn -0.0142622329 -0.999678135 -0.0209823884
vn -0.006574284 -0.9980203 -0.06254776
vn -0.00326392846 -0.9969624 -0.07781544
vn 0.008401119 -0.999630451 -0.0258548278
vn 0.008401119 -0.999630451 -0.0258548278
vn 0.008401119 -0.999630451 -0.0258548278
vn 0.00990688149 -0.999811 -0.016731333
vn -0.0211526584 -0.999104738 -0.0366364568
vn -0.0211526584 -0.999104738 -0.0366364568
vn 0.00537325349 -0.9977568 -0.0667276457
vn -0.0391206481 -0.99883014 -0.028423626
vn -0.0391206481 -0.99883014 -0.028423626
vn 0.0172271859 -0.9977823 0.06429382
vn 0.0172271859 -0.9977823 0.06429382
vn 0.0172271859 -0.9977823 0.06429382
vn 0.0364686325 -0.9986692 0.0364671573
vn 0.0364686325 -0.9986692 0.0364671573
vn 0.03643054 -0.9987097 0.0353802256
vn 0.0136145074 -0.9997843 0.0156865418
vn 0.008995141 -0.999851465 -0.0147008412
vn 0.008995141 -0.999851465 -0.0147008412
vn 0.0136145074 -0.9997843 0.0156865418
vn 0.0136145074 -0.9997843 0.0156865418
vn -0.00317199877 -0.999488235 0.03183028
vn -0.09373366 -0.995406151 -0.0195074063
vn -0.09373366 -0.995406151 -0.0195074063
vn -0.09373366 -0.995406151 -0.0195074063
vn -0.04601163 -0.9988931 -0.009780017
vn -0.04601163 -0.9988931 -0.009780017
vn -0.04601163 -0.9988931 -0.009780017
vn 0.009396147 -0.9997355 -0.02099397
vn 0.009396147 -0.9997355 -0.02099397
vn 0.009396147 -0.9997355 -0.02099397
vn 0.03182256 -0.999342561 0.0173723
vn 0.03182256 -0.999342561 0.0173723
vn 0.03182256 -0.999342561 0.0173723
vn -0.046565 -0.997772157 0.0477748439
vn -0.046565 -0.997772157 0.0477748439
vn -0.046565 -0.997772157 0.0477748439
vn 0.07630448 -0.996098161 0.04434103
vn 0.07630448 -0.996098161 0.04434103
vn 0.07630448 -0.996098161 0.04434103
vn 0.08462588 -0.989546835 -0.116771691
vn 0.08462588 -0.989546835 -0.116771691
vn 0.08462588 -0.989546835 -0.116771691
vn -0.08441112 -0.9895294 -0.117074318
vn -0.08441112 -0.9895294 -0.117074318
vn -0.08441112 -0.9895294 -0.117074318
vn -0.04191313 -0.9990582 0.011229977
vn -0.04191313 -0.9990582 0.011229977
vn -0.04191313 -0.9990582 0.011229977
vn 0.0137095349 -0.9990854 -0.04050176
vn 0.0137095349 -0.9990854 -0.04050176
vn 0.0137095349 -0.9990854 -0.04050176
vn -0.0318339355 -0.9992217 0.0232953988
vn -0.0318339355 -0.9992217 0.0232953988
vn -0.0318339355 -0.9992217 0.0232953988
vn 0.0187835041 -0.999808967 -0.00540873175
vn 0.0187835041 -0.999808967 -0.00540873175
vn 0.0187835041 -0.999808967 -0.00540873175
vn -0.05611507 -0.9983111 -0.015036311
vn -0.05611507 -0.9983111 -0.015036311
vn -0.05611507 -0.9983111 -0.015036311
vn -0.08350265 -0.9958334 0.03664899
vn -0.08350265 -0.9958334 0.03664899
vn -0.08350265 -0.9958334 0.03664899
vn -0.11629954 -0.988317847 -0.09850003
vn -0.11629954 -0.988317847 -0.09850003
vn -0.11629954 -0.988317847 -0.09850003
vn -0.0438902974 -0.9983097 -0.0380979665
vn -0.0438902974 -0.9983097 -0.0380979665
vn -0.0438902974 -0.9983097 -0.0380979665
vn 0.09790272 -0.9927019 -0.07041333
vn 0.09790272 -0.9927019 -0.07041333
vn 0.09790272 -0.9927019 -0.07041333
vn -0.0132273464 -0.998693 -0.0493697338
vn -0.03741343 -0.99859935 -0.03741242
vn -0.0132273464 -0.998693 -0.0493697338
vn -0.03741343 -0.99859935 -0.03741242
vn -0.03741343 -0.99859935 -0.03741242
vn -0.04086987 -0.9974712 -0.0581447035
vn 0.028682936 -0.9995863 0.00214802381
vn 0.028682936 -0.9995863 0.00214802381
vn 0.028682936 -0.9995863 0.00214802381
vn -0.0143356714 -0.999404967 -0.03137183
vn -0.0143356714 -0.999404967 -0.03137183
vn -0.0143356714 -0.999404967 -0.03137183
vn 0.0135537349 -0.9986278 -0.05058471
vn 0.0135537349 -0.9986278 -0.05058471
vn 0.0135537349 -0.9986278 -0.05058471
vn 0.01413369 -0.999396265 -0.0317389667
vn 0.01413369 -0.999396265 -0.0317389667
vn -0.0587847345 -0.9936565 -0.0958703756
vn -0.0587847345 -0.9936565 -0.0958703756
vn -0.0587847345 -0.9936565 -0.0958703756
vn 0.06315861 -0.9931708 -0.09809566
vn 0.06315861 -0.9931708 -0.09809566
vn 0.06315861 -0.9931708 -0.09809566
vn 0.0554179735 -0.9968 0.05760701
vn 0.0554179735 -0.9968 0.05760701
vn 0.0554179735 -0.9968 0.05760701
vn 0.0571440123 -0.9982485 -0.0153125534
vn 0.0571440123 -0.9982485 -0.0153125534
vn 0.0571440123 -0.9982485 -0.0153125534
vn 0.0002887785 -0.9996817 0.0252273139
vn 0.0002887785 -0.9996817 0.0252273139
vn 0.0002887785 -0.9996817 0.0252273139
vn 0.0318850465 -0.999429166 -0.011164397
vn 0.0318850465 -0.999429166 -0.011164397
vn 0.0318850465 -0.999429166 -0.011164397
vn -0.0183512066 -0.999810755 0.00645377
vn -0.0183512066 -0.999810755 0.00645377
vn -0.0183512066 -0.999810755 0.00645377
vn 0.0446254574 -0.998932242 0.0119580282
vn 0.0446254574 -0.998932242 0.0119580282
vn 0.0446254574 -0.998932242 0.0119580282
vn 0.115647964 -0.988820255 -0.0941283
vn 0.115647964 -0.988820255 -0.0941283
vn 0.115647964 -0.988820255 -0.0941283
vn 0.08743642 -0.9953538 0.0403201468
vn 0.08743642 -0.9953538 0.0403201468
vn 0.08743642 -0.9953538 0.0403201468
vn 0.0272868872 -0.998576641 0.04582652
vn 0.0272868872 -0.998576641 0.04582652
vn 0.0272868872 -0.998576641 0.04582652
vn -0.0765081942 -0.9961133 0.0436438732
vn -0.0765081942 -0.9961133 0.0436438732
vn -0.0765081942 -0.9961133 0.0436438732
vn 0.049583625 -0.9931525 0.105780579
vn 0.049583625 -0.9931525 0.105780579
vn 0.049583625 -0.9931525 0.105780579
vn -0.05422379 -0.996949732 0.0561336242
vn -0.05422379 -0.996949732 0.0561336242
vn -0.05422379 -0.996949732 0.0561336242
vn -0.07303146 -0.995238543 -0.06455041
vn -0.07303146 -0.995238543 -0.06455041
vn -0.07303146 -0.995238543 -0.06455041
vn 0.0260949563 -0.999657035 0.00220795674
vn 0.0260949563 -0.999657035 0.00220795674
vn 0.0260949563 -0.999657035 0.00220795674
vn -0.007771081 -0.9998084 0.0179699734
vn -0.007771081 -0.9998084 0.0179699734
vn -0.007771081 -0.9998084 0.0179699734
vn -0.02795843 -0.9996077 0.00168553134
vn -0.02795843 -0.9996077 0.00168553134
vn -0.02795843 -0.9996077 0.00168553134
vn -0.00142756046 -0.997105241 0.0760206953
vn -0.00142756046 -0.997105241 0.0760206953
vn -0.00142756046 -0.997105241 0.0760206953
vn -0.0167937223 -0.999814332 -0.00945369247
vn -0.03595622 -0.9990892 -0.022977557
vn -0.03595622 -0.9990892 -0.022977557
vn -0.0167937223 -0.999814332 -0.00945369247
vn -0.0167937223 -0.999814332 -0.00945369247
vn -0.00487845344 -0.99944 -0.03310399
vn -0.00487845344 -0.99944 -0.03310399
vn 0.0410868451 -0.998394251 0.0389978476
vn 0.0410868451 -0.998394251 0.0389978476
vn 0.0410868451 -0.998394251 0.0389978476
vn -0.0433920063 -0.9989818 0.0123493532
vn -0.0433920063 -0.9989818 0.0123493532
vn -0.0433920063 -0.9989818 0.0123493532
vn -0.03639335 -0.9993006 0.008594798
vn -0.03639335 -0.9993006 0.008594798
vn -0.03639335 -0.9993006 0.008594798
vn 0.0571061857 -0.9983632 -0.003126665
vn 0.0571061857 -0.9983632 -0.003126665
vn 0.0571061857 -0.9983632 -0.003126665
vn -0.030027546 -0.9995407 -0.0040869317
vn -0.030027546 -0.9995407 -0.0040869317
vn -0.000180255462 -0.999982357 0.005936414
vn 0.0240132436 -0.9995383 0.01861631
vn 0.0240132436 -0.9995383 0.01861631
vn 0.0240132436 -0.9995383 0.01861631
vn -0.0132589862 -0.9998016 0.0148702422
vn -0.0132589862 -0.9998016 0.0148702422
vn -0.0132589862 -0.9998016 0.0148702422
vn 6.420052E-05 1 5.411235E-05
vn 6.420052E-05 1 5.411235E-05
vn 6.420052E-05 1 5.411235E-05
vn 0 1 4.49315849E-05
vn 7.939052E-06 1 -6.194535E-05
vn 0 1 0
vn 7.939052E-06 1 -6.194535E-05
vn -2.14806482E-06 1 -4.41887642E-05
vn 0 1 0
vn -2.14806482E-06 1 -4.41887642E-05
vn 0 1 -6.9649235E-07
vn 0 1 -6.9649235E-07
vn 0 1 0
vn 6.376733E-05 1 -8.279555E-06
vn 6.376733E-05 1 -8.279555E-06
vn -6.05629475E-06 1 -5.27719458E-05
vn 0 1 0
vn 9.31906652E-06 1 -8.4545296E-05
vn 2.31311369E-05 1 2.8447721E-05
vn 2.31311369E-05 1 2.8447721E-05
vn 3.02665339E-05 1 2.40308491E-05
vn 0 1 0
vn 0 1 0
vn 0 1 0
vn 0 1 0
vn 0 1 0
vn 0 1 0
vn 5.374697E-05 1 3.0398729E-05
vn 5.374697E-05 1 3.0398729E-05
vn 5.374697E-05 1 3.0398729E-05
vn 0 1 0
vn 0 1 0
vn -3.34360448E-05 1 7.509762E-06
vn 0 1 0
vn 0 1 0
vn 0 1 -7.805865E-07
vn 0 1 7.59389366E-07
vn 0 1 7.59389366E-07
vn 5.4681037E-05 1 -2.54113747E-05
vn 9.31906652E-06 1 -8.4545296E-05
vn 0 1 2.97012321E-06
vn -3.622105E-05 1 -4.35439251E-05
vn 0 1 2.97012321E-06
vn 0 1 -1.05795425E-06
vn 0 1 -1.05795425E-06
vn -4.73414839E-05 1 -5.44780451E-05
vn 5.07013538E-05 1 -1.592691E-05
vn 5.07013538E-05 1 -1.592691E-05
vn 5.07013538E-05 1 -1.592691E-05
vn 4.225065E-05 1 -4.66486381E-05
vn 4.225065E-05 1 -4.66486381E-05
vn 5.66878625E-05 1 -1.04116416E-05
vn -3.73506118E-05 1 3.30023977E-05
vn 0 1 1.36878862E-06
vn 0 1 -3.75216564E-06
vn 0 1 0
vn 0 1 -3.75216564E-06
vn 0 1 -1.56143369E-06
vn 0 1 -1.56143369E-06
vn 0 1 -1.56143369E-06
vn 0 1 0
vn 0 1 0
vn 0 1 1.56123156E-06
vn 0 1 0
vn 0 1 0
vn -4.400758E-05 1 2.700531E-05
vn -4.400758E-05 1 2.700531E-05
vn -3.90869754E-05 1 4.36744158E-05
vn -5.50638979E-05 1 3.35863842E-05
vn -5.50638979E-05 1 3.35863842E-05
vn -6.612661E-05 1 4.302294E-06
vn 0 1 0
vn 0 1 0
vn 6.982616E-07 1 5.81814857E-05
vn 0 1 0
vn 0 1 0
vn 0 1 7.39256734E-07
vn 0 1 0
vn 0 1 0
vn 0 1 0
vn 0 1 6.01777538E-06
vn 0 1 -8.954283E-07
vn 0 1 6.01777538E-06
vn 0 1 6.01777538E-06
vn -6.463611E-06 1 5.382546E-05
vn -6.463611E-06 1 5.382546E-05
vn -6.463611E-06 1 5.382546E-05
vn 0 1 1.94347513E-06
vn 0 1 1.94347513E-06
vn 0 1 -1.38932694E-06
vn 0 1 -4.41871043E-06
vn 0 1 -8.954283E-07
vn 0 1 0
vn 0 1 0
vn 0 1 0
vn 0 1 0
vn 0 1 0
vn 0 1 2.88061051E-06
vn 0 1 3.72294721E-07
vn 0 1 3.72294721E-07
vn 0 1 0
vn 0 1 0
vn 0 1 2.88061051E-06
vn 0 1 2.88061051E-06
vn 1.709045E-05 1 -9.58551245E-05
vn -6.42750747E-05 1 0
vn 5.59669279E-05 1 -3.41362647E-05
vn 0 1 -1.58647333E-06
vn -7.21408942E-05 1 4.87881771E-05
vn -7.21408942E-05 1 4.87881771E-05
vn 8.474336E-06 1 7.926306E-05
vn 6.47678E-05 1 -2.49711889E-06
vn 5.64913025E-05 1 5.712118E-06
vn 6.47678E-05 1 -2.49711889E-06
vn 0 1 2.37535369E-06
vn 0 1 2.37535369E-06
vn 8.474336E-06 1 7.926306E-05
vn 0 1 -2.275375E-06
vn -1.11803347E-05 1 7.161275E-05
vn -2.68948243E-05 1 5.08787962E-05
vn -4.271457E-05 1 4.71608437E-05
vn -5.47640666E-05 1 1.1734689E-05
vn 0 1 0
vn 0 1 0
vn 3.580463E-05 1 -4.623514E-05
vn 3.580463E-05 1 -4.623514E-05
vn 3.292508E-05 1 -5.45505682E-05
vn 0 1 0
vn 0 1 -1.0929723E-06
vn 0 1 -1.0929723E-06
vn 0 1 -2.17080446E-06
vn 0 1 -7.805865E-07
vn -2.69599113E-05 1 1.2036252E-05
vn -2.14886823E-05 1 3.894851E-05
vn -3.800358E-05 1 -3.24220055E-05
vn 0 1 -7.805865E-07
vn 6.654505E-06 1 -5.91415228E-05
vn 6.654505E-06 1 -5.91415228E-05
vn 7.34469E-06 1 -6.00647327E-05
vn -7.483693E-06 1 -3.64508051E-05
vn -7.483693E-06 1 -3.64508051E-05
vn -2.55947234E-05 1 -4.027948E-05
vn 1.21709418E-05 1 1.23142472E-05
vn 1.21709418E-05 1 1.23142472E-05
vn 1.21709418E-05 1 1.23142472E-05
vn 0 1 3.7546713E-06
vn 0 1 3.7546713E-06
vn 0 1 3.7546713E-06
vn 0 1 0
vn 0 1 0
vn 0 1 0
vn -4.514867E-05 1 2.357258E-05
vn 0.000124680533 1 3.2889966E-05
vn 0.000124680533 1 3.2889966E-05
vn -4.514867E-05 1 2.357258E-05
vn -4.514867E-05 1 2.357258E-05
vn -4.439878E-05 1 4.46062877E-05
vn -8.59655847E-05 1 1.6165628E-05
vn -8.59655847E-05 1 1.6165628E-05
vn -8.59655847E-05 1 1.6165628E-05
vn 4.03446465E-05 1 -1.11759737E-05
vn 4.03446465E-05 1 -1.11759737E-05
vn 4.03446465E-05 1 -1.11759737E-05
vn -4.15454633E-05 1 3.94634153E-05
vn -4.15454633E-05 1 3.94634153E-05
vn -4.15454633E-05 1 3.94634153E-05
vn 4.53487628E-05 1 -3.544992E-05
vn 4.53487628E-05 1 -3.544992E-05
vn 4.53487628E-05 1 -3.544992E-05
vn -5.744588E-05 1 1.58888743E-05
vn -5.744588E-05 1 1.58888743E-05
vn -5.744588E-05 1 1.58888743E-05
vn 8.789456E-06 1 4.537542E-05
vn 8.789456E-06 1 4.537542E-05
vn 8.789456E-06 1 4.537542E-05
vn 0 1 0
vn 0 1 0
vn 0 1 0
vn 0.000157505987 1 -3.06074835E-05
vn 0.000157505987 1 -3.06074835E-05
vn 0.000157505987 1 -3.06074835E-05
vn -0.591736138 -0.004193257 -0.8061209
vn 0.06384954 -0.0455099046 -0.9969213
vn -0.5921914 -0.02318354 -0.8054638
vn 0.177790165 -0.0377380662 -0.983344555
vn 0.177905425 -0.0442508 -0.983052135
vn -0.4962662 -0.0442503057 -0.867042
vn 0.018381238 -0.00431424333 -0.9998217
vn 0.6565151 0.0156118292 -0.7541513
vn 0.019720139 -0.02660828 -0.999451458
vn 0.67715317 -0.0370239466 -0.734910131
vn 0.9902436 -0.0571936145 -0.127068579
vn 0.6780366 -0.0238530412 -0.734641
vn 0.860298455 -0.00303279259 0.5097818
vn 0.9866366 -0.016568 -0.16209209
vn 0.2986294 -0.002719853 0.954365253
vn 0.8410553 -0.0286166444 0.54019177
vn -0.385122478 -0.0571880378 0.921091855
vn 0.2971953 -0.0238491651 0.954518855
vn -0.8752555 -0.009136113 0.483574569
vn -0.3597043 -0.0168019943 0.9329151
vn -0.975331545 -0.00452701142 -0.22069858
vn -0.8894623 -0.0270158574 0.4562093
vn 0.9616811 -0.0329877175 -0.27217868
vn 0.9622653 -0.012363513 -0.271831959
vn 0.5623663 -0.0123636993 -0.8267958
vn 0.762558341 -0.041852992 0.6455642
vn 0.76225704 -0.0477775559 0.645508766
vn 0.99885124 -0.0477765538 0.00369298458
vn -0.24511461 -0.0329850838 0.9689328
vn -0.245706186 -0.0123596461 0.9692656
vn 0.4348987 -0.0123597058 0.900394559
vn -0.9404246 -0.0402787477 0.33760798
vn -0.940225363 -0.04642674 0.337373376
vn -0.502720833 -0.04642679 0.8632012
vn -0.981456459 -0.0622204579 -0.181305945
vn -0.6367506 -0.02188809 -0.770759165
vn -0.983036339 -0.0177852064 -0.1825467
vn -0.71643573 -0.0375630446 -0.6966411
vn -0.716494 -0.0160708837 -0.69740814
vn -0.997158051 -0.0160712 -0.07360376
vn 0.0320441574 -0.04433773 -0.998502553
vn 0.6324125 0.0141196148 -0.7745031
vn 0.162148565 -0.0259296373 -0.986425638
vn 0.213266134 -0.04831866 -0.9757986
vn -0.472061217 -0.0217477847 -0.881297469
vn -0.617779434 -0.0236562248 -0.785995543
vn -0.983837664 -0.0177084561 -0.178184941
vn -0.92394644 -0.04832892 -0.37945658
vn -0.975503147 -0.0525647961 -0.213612959
vn -0.95267874 -0.023770418 0.3030482
vn -0.885784 -0.0191721842 0.4637017
vn 0.6820157 -0.0138564222 -0.7312063
vn 0.990502834 -0.0622532777 -0.12259151
vn 0.798122168 -0.0261455979 -0.601928055
vn 0.9894422 -0.0573822223 -0.133084282
vn 0.9980059 -0.04832816 0.0406036936
vn 0.7900985 -0.0483506769 -0.6110701
vn 0.9876479 -0.00586927263 -0.156579614
vn 0.8572226 -0.005434496 0.5149173
vn 0.862721264 -0.04048146 0.5040569
vn 0.337014377 -0.0206565857 0.9412729
vn 0.762952149 -0.0179772079 0.646204948
vn -0.372132629 -0.02886949 0.9277305
vn 0.1413361 -0.0188590884 0.989782035
vn -0.8641022 0.008067903 0.5032518
vn -0.497966051 -0.0247388016 0.866843641
vn 0.4431253 -0.03301923 0.8958514
vn 0.2813366 -0.02068366 0.9593862
vn 0.8322606 -0.0205232874 0.5540046
vn -0.482458919 -0.0322612152 0.8753243
vn -0.627422154 -0.0342944339 0.777923763
vn 0.01983685 -0.0344648734 0.999209046
vn 0.9229246 -0.0314891 0.3836909
vn 0.7364601 -0.029592447 0.675833464
vn 0.998599768 -0.0293356385 0.0440221839
vn 0.8770447 -0.00208487362 0.480404258
vn 0.333882242 -0.0252286885 0.942277133
vn 0.6359172 -0.0200854056 0.771495938
vn 0.986683547 -0.0282187946 -0.160185114
vn 0.9885308 -0.0194477569 0.14976196
vn 0.6322011 -0.008418322 -0.774758637
vn 0.865206838 -0.0487859137 -0.499036133
vn 0.3274233 -0.0194330588 -0.9446779
vn 0.021799339 -0.0345513523 -0.9991652
vn -0.625454962 -0.002081707 -0.780257463
vn -0.3192286 -0.01944565 -0.947478235
vn -0.641835749 -0.053640414 -0.764963746
vn -0.8777056 -0.0194470119 -0.478805482
vn -0.981965959 -0.0282148216 -0.186940521
vn -0.8590418 -0.008422514 0.5118362
vn -0.983707964 -0.0487846732 0.173028
vn -0.6307755 -0.0194333736 0.775722
vn -0.3290785 -0.0282093845 0.943881154
vn 0.217600971 -0.0299452674 0.975578368
vn -0.13002716 -0.0278925244 0.991118
vn 0.5377036 -0.0281337313 0.8426644
vn 0.3289903 -0.008420784 0.944295764
vn -0.354654044 -0.02821028 0.9345719
vn -0.0154879754 -0.0194366127 0.9996911
vn 0.649821937 0.0115843695 -0.7599982
vn 0.985742569 -0.02998494 -0.165567249
vn 0.941957355 -0.0254205689 -0.334768772
vn -0.345534146 0.008069688 0.9383715
vn -0.8672662 -0.0250267871 0.497215271
vn -0.7671885 -0.0247344989 0.6409447
vn -0.9898957 -0.008533761 -0.1415406
vn -0.999289453 -0.018859854 0.032632485
vn -0.778271139 -0.0322638638 0.627099
vn -0.9874787 -0.03446689 0.153941363
vn -0.657180667 -0.0342967175 0.752952456
vn -0.9591809 -0.033021953 -0.280858666
vn -0.690085948 -0.0205288827 -0.7234362
vn -0.99366647 -0.0206801146 -0.110450216
vn -0.9854815 -0.020661952 -0.168520927
vn -0.6674259 -0.0161915254 -0.74450016
vn -0.7688191 -0.0179777816 -0.639213562
vn -0.0329778157 0.003708673 -0.9994492
vn -0.207893342 -0.0226433836 -0.977889359
vn -0.0407569371 -0.0596910864 -0.9973845
vn 0.464590132 -0.05048979 -0.8840853
vn 0.615359247 -0.02592686 -0.787820339
vn 0.4217949 -0.0143881831 -0.9065771
vn 0.4287816 -0.04294936 -0.902386665
vn 0.327421665 -0.0429493375 -0.9439017
vn 0.383223385 0.0429009832 -0.922658861
vn 0.4818804 0.042900838 -0.8751862
vn 0.3910135 0.0143523132 -0.920273
vn -0.7355784 -0.0113182422 -0.677345037
vn -0.9162251 -0.007710132 -0.400589854
vn -0.7354904 -0.0146377189 -0.6773771
vn -0.9412327 0.0106846094 -0.33758986
vn -0.9412199 0.007571004 -0.337709576
vn -0.7797936 0.00597996823 -0.6260081
vn -0.985956669 0.0174889956 0.166083038
vn -0.9864666 -0.00330556626 -0.163929135
vn -0.985859156 0.0249265078 0.165711686
vn -0.9763483 -0.0148541415 -0.215692952
vn -0.976457536 -0.008635637 -0.2155368
vn -0.993488431 0.000219184862 0.113932684
vn 0.502397954 -0.018137034 0.8644463
vn 0.809055567 0.008108506 0.5876762
vn 0.502710164 -0.02755804 0.864015639
vn 0.8430148 0.0195800681 0.537534
vn 0.8429849 0.0117234886 0.537809432
vn 0.553837359 0.000840187 0.8326245
vn 0.9952341 0.0104287677 -0.09695599
vn 0.949329257 0.00724138366 0.3141999
vn 0.99517405 0.01433915 -0.09707226
vn 0.9209036 -0.0139344176 0.389541149
vn 0.921004534 -0.0102321859 0.38941738
vn 0.999820769 -0.0090441145 -0.016631268
vn 0 1 0
vn 0 1 0
vn 0 1 0
vn 0 1 2.65369272E-06
vn 0 1 2.65369272E-06
vn 0 1 2.65369272E-06
vn 0 1 -4.400825E-07
vn 0 1 -4.400825E-07
vn 0 1 0
vn 0 1 8.535523E-07
vn 0 1 8.535523E-07
vn 0 1 8.535523E-07
vn 0 1 1.76038884E-06
vn 0 1 1.76038884E-06
vn 0 1 1.76038884E-06
vn 0 1 0
vn 0 1 0
vn 0 1 0
vn 0 1 0
vn 0 1 0
vn 0 1 0
vn 0 1 2.653661E-06
vn 0 1 2.653661E-06
vn 0 1 2.653661E-06
vn 0 1 -4.400901E-07
vn 0 1 -4.400901E-07
vn 0 1 -7.709091E-07
vn 0 1 7.60886735E-07
vn 0 1 7.60886735E-07
vn 0 1 7.60886735E-07
vn 0 1 -1.36568178E-06
vn 0 1 -1.36568178E-06
vn 0 1 -1.36568178E-06
vn 0 1 -4.391219E-07
vn 0 1 -4.391219E-07
vn 0 1 -4.391219E-07
vn 0 1 0
vn 0 1 0
vn 0 1 0
vn 0 1 1.54183579E-06
vn 0 1 1.54183579E-06
vn 0 1 1.54183579E-06
vn 0 1 -1.32680373E-06
vn 0 1 -1.32680373E-06
vn 0 1 -1.32680373E-06
vn 0.985956669 -0.0174889956 0.166083038
vn 0.9864666 0.00330556626 -0.163929135
vn 0.985859156 -0.0249265078 0.165711686
vn 0.9763483 0.0148541415 -0.215692952
vn 0.976457536 0.008635637 -0.2155368
vn 0.993488431 -0.000219184862 0.113932684
vn 0.7355784 0.011318136 -0.677345037
vn 0.9162251 0.00771002 -0.400589854
vn 0.7354904 0.0146376062 -0.6773771
vn 0.941233 -0.0106845032 -0.337589055
vn 0.9412202 -0.007570896 -0.3377088
vn 0.779794157 -0.00597987231 -0.626007438
vn -0.391013056 -0.01435228 -0.920273244
vn -0.383222967 -0.0429009423 -0.922659039
vn -0.48187995 -0.0429008119 -0.8751864
vn -0.428781718 0.04294935 -0.902386665
vn -0.327421755 0.0429493152 -0.943901658
vn -0.421794951 0.0143881626 -0.906577051
vn -0.9952341 -0.0104287677 -0.09695599
vn -0.949329257 -0.00724138366 0.3141999
vn -0.99517405 -0.01433915 -0.09707226
vn -0.9209035 0.0139344195 0.389541537
vn -0.921004355 0.0102321785 0.389417857
vn -0.999820769 0.00904401951 -0.01663082
vn -0.502397954 0.018137034 0.8644463
vn -0.809055567 -0.008108506 0.5876762
vn -0.502668858 0.0275613442 0.8640396
vn -0.8430148 -0.0195800681 0.537534
vn -0.8429849 -0.0117234886 0.537809432
vn -0.553837359 -0.000840187 0.8326245
vn 0.9202919 -0.01432293 -0.3909701
vn 0.9226799 -0.0428968258 -0.383173257
vn 0.8751895 -0.0428967923 -0.481874734
vn 0.9023853 0.0429464765 -0.428784847
vn 0.943900645 0.0429464541 -0.327425063
vn 0.9065755 0.0143855764 -0.421798438
vn 0.0969657153 -0.0104288049 -0.9952331
vn -0.3141904 -0.007242236 -0.9493324
vn 0.09708124 -0.0143387392 -0.995173156
vn -0.38956672 0.0139372628 -0.9208928
vn -0.389443785 0.0102355294 -0.9209934
vn 0.0166022666 0.009048311 -0.999821246
vn -0.864435732 0.01812956 -0.5024164
vn -0.587659061 -0.008116858 -0.809067965
vn -0.8640291 0.0275542662 -0.502687335
vn -0.537566543 -0.0195761919 -0.8429941
vn -0.5378415 -0.0117208594 -0.84296453
vn -0.832618833 -0.000833941565 -0.553845763
vn -0.166045249 -0.0174943712 0.9859629
vn 0.163919777 0.003298235 0.9864682
vn -0.165674031 -0.0249295942 0.9858655
vn 0.215646863 0.014852643 0.9763585
vn 0.215490729 0.008636016 0.9764677
vn -0.113932095 -0.000220581889 0.99348855
vn 0.677306533 0.0113266287 0.7356137
vn 0.4005418 0.00771417143 0.916246
vn 0.6773387 0.014645136 0.7355255
vn 0.33762157 -0.0106870616 0.9412213
vn 0.337741256 -0.00757444231 0.941208541
vn 0.6260344 -0.005978835 0.7797726
vn 0.9065725 -0.01438463 0.421804935
vn 0.9023823 -0.04294586 0.4287912
vn 0.9438983 -0.0429458879 0.3274319
vn 0.9226814 0.0428954326 0.38316977
vn 0.875191331 0.04289541 0.481871426
vn 0.92029357 0.0143218031 0.390966356
vn 0.6773248 -0.0113186352 -0.735597134
vn 0.400564969 -0.00770594925 -0.916236
vn 0.6773563 -0.0146372765 -0.735509455
vn 0.3376262 0.0106866872 -0.9412196
vn 0.3377454 0.00757385744 -0.941207051
vn 0.626037657 0.0059777773 -0.7797699
vn -0.1660151 0.0174870156 -0.9859682
vn 0.1639506 -0.0033064 -0.986463
vn -0.165644526 0.0249224361 -0.98587054
vn 0.215623066 -0.01485432 -0.976363659
vn 0.215466455 -0.0086375745 -0.976473033
vn -0.113956958 0.0002201088 -0.9934857
vn -0.864437342 -0.0181363076 0.5024134
vn -0.587661445 0.00810951 0.809066355
vn -0.8640307 -0.027560873 0.5026842
vn -0.5375657 0.0195782948 0.8429946
vn -0.5378407 0.0117229912 0.842965
vn -0.832618356 0.0008365512 0.553846538
vn 0.0969348252 0.0104356669 0.995236039
vn -0.314220816 0.007249096 0.9493222
vn 0.09705227 0.0143452752 0.995175958
vn -0.3895407 -0.0139362756 0.920903862
vn -0.389416546 -0.0102346437 0.9210049
vn 0.01663255 -0.00904775 0.999820769
vn 0.3910049 -0.0143464608 0.920276761
vn 0.383214921 -0.0428954177 0.9226626
vn 0.4818723 -0.0428952873 0.8751909
vn 0.428789884 0.04294219 0.9023831
vn 0.3274304 0.042942185 0.943899035
vn 0.421803355 0.0143810734 0.9065733
vn 0.9952338 -0.01042833 0.0969586745
vn 0.9493301 -0.007241759 -0.314197242
vn 0.9951738 -0.0143382913 0.09707496
vn 0.920901358 0.0139334872 -0.389546633
vn 0.9210021 0.0102315731 -0.3894233
vn 0.9998209 0.009044292 0.0166247487
vn 0.5023944 0.0181290172 -0.864448547
vn 0.8090528 -0.008116423 -0.5876799
vn 0.5026656 0.0275534522 -0.864041746
vn 0.843021631 -0.019581303 -0.5375232
vn 0.8429922 -0.0117244916 -0.537798047
vn 0.5538489 -0.0008410271 -0.832616746
vn -0.98595643 -0.01748875 -0.166084468
vn -0.9864668 0.003304379 0.163927868
vn -0.985859 -0.0249260012 -0.1657131
vn -0.9763484 0.0148535352 0.215692237
vn -0.9764577 0.008635275 0.215536028
vn -0.9934884 -0.000218972549 -0.113933533
vn -0.73558867 0.0113237556 0.6773338
vn -0.9162312 0.007714303 0.400575668
vn -0.7355001 0.0146434875 0.6773664
vn -0.941233158 -0.010684751 0.3375885
vn -0.941220343 -0.00757093 0.337708473
vn -0.779794335 -0.005979278 0.626007259
vn -0.4218031 -0.0143807614 0.9065735
vn -0.4287896 -0.0429418832 0.902383268
vn -0.3274301 -0.0429418869 0.9438991
vn -0.3832151 0.04289498 0.922662556
vn -0.4818724 0.04289487 0.875190854
vn -0.391005039 0.0143460883 0.920276761
vn 0.73558867 -0.0113237556 0.6773338
vn 0.9162312 -0.007714303 0.400575668
vn 0.7355001 -0.0146434875 0.6773664
vn 0.941233158 0.010684751 0.3375885
vn 0.941220343 0.00757093 0.337708473
vn 0.779794335 0.005979278 0.626007259
vn 0.98595643 0.0174880773 -0.166084453
vn 0.9864668 -0.00330505031 0.163927838
vn 0.985859 0.0249253269 -0.165713146
vn 0.9763486 -0.0148535436 0.215691522
vn 0.9764579 -0.008635279 0.2155353
vn 0.9934883 0.0002189707 -0.113934323
vn -0.5023944 -0.018129535 -0.864448547
vn -0.8090528 0.008115626 -0.5876799
vn -0.502706945 -0.0275506675 -0.8640177
vn -0.843021631 0.019581005 -0.5375232
vn -0.8429921 0.0117241386 -0.5377981
vn -0.5538488 0.0008407514 -0.832616866
vn -0.9952338 0.01042833 0.0969586745
vn -0.9493301 0.007241759 -0.314197242
vn -0.9951738 0.0143382913 0.09707496
vn -0.920901537 -0.0139334938 -0.3895462
vn -0.921002269 -0.01023158 -0.3894229
vn -0.9998209 -0.009044291 0.0166251957
vn -0.9202936 -0.0143207954 0.390966237
vn -0.9226815 -0.0428943969 0.383169621
vn -0.8751915 -0.0428943969 0.4818713
vn -0.9023824 0.0429446436 0.428791165
vn -0.943898439 0.0429446474 0.327431738
vn -0.9065726 0.014383412 0.421804756
vn -0.09693485 -0.0104357107 0.995236039
vn 0.314220816 -0.00724894367 0.9493222
vn -0.09705227 -0.0143453041 0.995175958
vn 0.389540732 0.013936162 0.9209038
vn 0.389416546 0.0102346437 0.9210049
vn -0.01663255 0.009047702 0.999820769
vn 0.864437342 0.0181358419 0.5024134
vn 0.5876614 -0.00810994 0.8090663
vn 0.8640307 0.0275604129 0.5026842
vn 0.5375666 -0.01957793 0.842994034
vn 0.5378416 -0.0117226616 0.8429644
vn 0.832619 -0.0008362067 0.5538456
vn 0.166015118 -0.0174869914 -0.9859682
vn -0.1639506 0.00330634648 -0.986463
vn 0.165644512 -0.0249223839 -0.98587054
vn -0.215623111 0.0148543864 -0.976363659
vn -0.215466559 0.00863762 -0.976473033
vn 0.113956884 -0.0002200194 -0.9934857
vn -0.677324 0.011319085 -0.7355978
vn -0.400564015 0.00770632364 -0.916236341
vn -0.677355647 0.014637758 -0.7355101
vn -0.337626219 -0.01068688 -0.9412196
vn -0.3377454 -0.007574076 -0.941207051
vn -0.6260377 -0.005977911 -0.779769838
vn -0.906575859 -0.0143861324 -0.421797723
vn -0.9023856 -0.04294704 -0.428784162
vn -0.9439009 -0.04294701 -0.3274244
vn -0.922679842 0.0428973548 -0.383173227
vn -0.8751895 0.0428973548 -0.481874734
vn -0.9202919 0.0143234981 -0.3909701
vn -0.6773066 -0.0113253742 0.735613763
vn -0.400541842 -0.007713133 0.916246
vn -0.6773388 -0.0146437893 0.7355255
vn -0.337623179 0.0106869005 0.9412207
vn -0.3377429 0.0075742784 0.941207945
vn -0.62603575 0.00597878173 0.7797715
vn 0.166045189 0.0174943786 0.9859629
vn -0.163919747 -0.00329824234 0.9864682
vn 0.165674 0.02492963 0.9858655
vn -0.215646774 -0.0148525937 0.9763585
vn -0.215490609 -0.008635991 0.9764677
vn 0.11393217 0.000220684349 0.99348855
vn 0.864435732 -0.0181300342 -0.5024164
vn 0.5876591 0.008116528 -0.809067965
vn 0.86402905 -0.02755475 -0.502687335
vn 0.5375675 0.0195759218 -0.8429935
vn 0.5378425 0.0117205326 -0.8429639
vn 0.8326195 0.0008335317 -0.5538448
vn -0.09696572 0.0104288422 -0.9952331
vn 0.314190418 0.007242545 -0.949332356
vn -0.09708124 0.0143387252 -0.995173156
vn 0.389566779 -0.0139371967 -0.9208928
vn 0.389443755 -0.0102354232 -0.9209934
vn -0.01660233 -0.009048349 -0.999821246
vn -0.993086159 -1.71333122E-05 0.117387787
vn -0.9930862 -9.979419E-06 0.11738725
vn -0.95497334 1.04382634E-05 -0.296691567
vn -0.95497334 9.979418E-06 -0.296691567
vn -0.75173825 -9.979411E-06 -0.6594616
vn -0.751742959 -1.71333413E-05 -0.659456253
vn -0.4185185 -9.979409E-06 -0.9082083
vn -0.41852212 -1.71333049E-05 -0.9082066
vn -0.0129392752 -9.97942E-06 -0.9999163
vn -0.0129394839 -1.70837357E-05 -0.9999163
vn 0.39488104 -9.979425E-06 -0.9187323
vn 0.394884378 -1.70341518E-05 -0.918730855
vn 0.734425545 -9.979419E-06 -0.6786893
vn 0.7344243 -1.70837484E-05 -0.6786907
vn 0.946978569 -9.979418E-06 -0.3212967
vn 0.9469787 -1.71333E-05 -0.3212963
vn 0.9957911 -9.979418E-06 0.09165241
vn 0.995791 -1.708373E-05 0.09165271
vn 0.872420847 -9.979411E-06 0.4887554
vn 0.872423768 -1.71333359E-05 0.488750219
vn 0.5982041 -9.97942E-06 0.801343858
vn 0.5982045 -1.70837375E-05 0.8013435
vn 0.220547825 -9.979414E-06 0.9753762
vn 0.220552251 -1.708376E-05 0.9753752
vn -0.195241079 -9.97941E-06 0.9807553
vn -0.19523707 8.93942852E-05 0.9807561
vn -0.5772682 -9.979419E-06 0.816554666
vn -0.5772686 8.93942051E-05 0.8165543
vn -0.8594836 -9.97942E-06 0.5111633
vn -0.8594835 -1.708374E-05 0.511163533
vn -0.993086934 1.04010105E-05 0.117381334
vn -0.993086934 9.979418E-06 0.117381364
vn -0.03984486 -0.998594344 -0.0349539369
vn -0.03984486 -0.998594344 -0.0349539369
vn -0.03984486 -0.998594344 -0.0349539369
vn -0.03283194 -0.9989034 -0.0333793
vn -0.0209709834 -0.9997023 0.012472677
vn -0.0209709834 -0.9997023 0.012472677
vn -0.0209709834 -0.9997023 0.012472677
vn -0.0175767336 -0.9998186 0.007340022
vn -0.031739898 -0.998487234 0.044897683
vn -0.03219974 -0.997843 0.05720609
vn -0.031739898 -0.998487234 0.044897683
vn -0.031739898 -0.998487234 0.044897683
vn -0.04323051 -0.99772 0.05182573
vn -0.009474522 -0.9975063 -0.06993909
vn -0.009474522 -0.9975063 -0.06993909
vn -0.009474522 -0.9975063 -0.06993909
vn 0.009356702 -0.997876167 -0.06446364
vn 0.0309581924 -0.9987494 -0.0392590277
vn 0.0309581924 -0.9987494 -0.0392590277
vn 0.0310579557 -0.9987914 -0.03809468
vn -0.0331274681 -0.998567939 0.042007748
vn -0.0339611247 -0.997525752 0.0615554936
vn -0.0331274681 -0.998567939 0.042007748
vn -0.0331274681 -0.998567939 0.042007748
vn -0.040310584 -0.9982317 0.04368654
vn 0.11739099 0 0.9930858
vn 0.117390834 0 0.9930858
vn 0.598193645 1.5132131E-05 0.8013516
vn 0.5981936 0 0.8013516
vn 0.9187336 0 0.3948779
vn 0.9187336 0 0.3948779
vn 0.993085742 0 -0.117391191
vn 0.9930856 0 -0.117392585
vn 0.8013418 0 -0.5982068
vn 0.8013391 0 -0.598210454
vn 0.394876271 0 -0.9187344
vn 0.39488 0 -0.9187327
vn -0.117390834 0 -0.9930858
vn -0.11739412 0 -0.9930854
vn -0.598206 0 -0.801342368
vn -0.598207831 0 -0.801341057
vn -0.918733239 0 -0.394878775
vn -0.9187334 0 -0.3948784
vn -0.993085742 0 0.117391221
vn -0.9930855 0 0.117393345
vn -0.8013407 0 0.5982083
vn -0.801340044 0 0.5982091
vn -0.39487955 0 0.9187329
vn -0.394876868 0 0.9187341
vn 0.117378004 1.51917347E-05 0.993087351
vn 0.117377929 0 0.993087351
vn 0.99308455 0 -0.117401466
vn 0.993084431 0 -0.117402151
vn 0.898892641 1.2934207E-05 0.438169
vn 0.898892641 0 0.438169
vn 0.519333065 0 0.854571939
vn 0.51933676 0 0.8545697
vn -0.0251265168 0 0.999684334
vn -0.0251225233 0 0.9996844
vn -0.561606348 0 0.8274046
vn -0.5616058 0 0.827405
vn -0.919781744 0 0.392430246
vn -0.919781744 0 0.392430335
vn -0.9859334 0 -0.167138547
vn -0.985933363 0 -0.167139
vn -0.7390574 0 -0.673642457
vn -0.739057541 0 -0.673642337
vn -0.2575419 0 -0.966267169
vn -0.257537931 0 -0.9662682
vn 0.305747747 0 -0.9521126
vn 0.305753976 0 -0.9521106
vn 0.771963537 0 -0.635666847
vn 0.771963656 0 -0.6356667
vn 0.9930886 1.30087146E-05 -0.117367238
vn 0.9930886 0 -0.117367223
vn 5.50290424E-05 1 2.71060617E-05
vn 5.50290424E-05 1 2.71060617E-05
vn 5.50290424E-05 1 2.71060617E-05
vn 5.78951E-05 1 1.75111072E-05
vn 0 1 0
vn 0 1 0
vn 0 1 0
vn 0 1 -1.91717413E-06
vn 0 1 1.752705E-06
vn 0 1 1.752705E-06
vn 0 1 1.752705E-06
vn 0 1 -4.64409959E-06
vn 0 1 0
vn 0 1 0
vn -4.52786444E-05 1 3.548715E-05
vn -4.52786444E-05 1 3.548715E-05
vn -4.52786444E-05 1 3.548715E-05
vn 0 1 3.7328283E-07
vn -6.803928E-05 1 6.39769059E-05
vn -3.32785676E-05 1 -6.363298E-05
vn 0 1 1.39324E-06
vn 0 1 -8.85086365E-07
vn 0 1 1.39324E-06
vn 0 1 2.785953E-06
vn 0 1 2.785953E-06
vn 0 1 3.69695681E-06
vn 0 1 3.69695681E-06
vn 1.93781962E-05 1 -6.34571043E-05
vn 4.62634925E-05 1 2.21101745E-05
vn 4.62634925E-05 1 2.21101745E-05
vn 4.62634925E-05 1 2.21101745E-05
vn 1.53229739E-05 1 -3.95352545E-05
vn 3.23630957E-05 1 9.069799E-05
vn 3.23630957E-05 1 9.069799E-05
vn 3.23630957E-05 1 9.069799E-05
vn 0 1 -1.97122176E-07
vn -6.543572E-05 1 0
vn 0.299842477 0.00408242363 -0.95398
vn 0.294299453 0.0116375694 -0.9556424
vn 0.400197446 0.0592608526 -0.9145109
vn 0.2107228 -0.0588543378 -0.97577256
vn 0 1 0
vn 0 1 0
vn 0 1 0
vn 0 1 0
vn 0 1 0
vn 0 1 0
vn 0 1 0
vn 0 1 0
vn 0 1 0
vn 0 1 0
vn 0 1 0
vn 0 1 0
vn 0 1 0
vn 0 1 0
vn 0 1 0
vn 0 1 0
vn 0 1 0
vn 0 1 0
vn 0 1 0
vn 0 1 0
vn 0 1 0
vn 0 1 3.5129583E-06
vn 0 1 3.5129583E-06
vn 0 1 3.5129583E-06
vn 0 1 -3.115828E-06
vn -0.5275785 0.003120335 -0.849500537
vn -0.5325622 0.0108141266 -0.8463218
vn -0.432413757 0.05885855 -0.8997522
vn -0.6024176 -0.0592729039 -0.7959773
vn 0.8495187 0.003149283 -0.5275491
vn 0.8463424 0.0108372625 -0.532528937
vn 0.8997715 0.0588662326 -0.4323725
vn 0.795978367 -0.0592717752 -0.6024162
vn 0.9539694 0.00411730167 0.299875557
vn 0.9556306 0.0116667021 0.294336677
vn 0.914491832 0.0592742264 0.40023905
vn 0.9757724 -0.0588562563 0.210723013
vn 0.5275482 0.00315511413 0.8495193
vn 0.5325281 0.01084308 0.8463429
vn 0.4323682 0.0588542931 0.8997744
vn 0.6023848 -0.0592624955 0.796002865
vn -0.2998425 0.004085835 0.953979969
vn -0.294299364 0.0116408672 0.9556424
vn -0.4001974 0.05926413 0.9145107
vn -0.210722879 -0.05885834 0.9757723
vn -0.849520862 0.00314897113 0.5275457
vn -0.84634465 0.0108371014 0.5325255
vn -0.8997577 0.058829 0.432406455
vn -0.795975 -0.0592719875 0.602420568
vn -0.953969657 0.00411618734 -0.2998748
vn -0.955630839 0.0116655333 -0.294335961
vn -0.9145115 0.05926273 -0.400195718
vn -0.9757725 -0.05885572 -0.210722849
vn 1 -1.70837138E-05 -1.11758709E-06
vn 1 -9.979425E-06 -5.12599945E-06
vn 0.913543344 1.04010105E-05 0.406741351
vn 0.913543344 9.979425E-06 0.406741381
vn 0.66913414 -9.979418E-06 0.743141651
vn 0.6691345 -1.70341627E-05 0.7431413
vn 0.309020519 -9.979427E-06 0.9510554
vn 0.3090121 -1.70836829E-05 0.9510581
vn -0.104520343 -9.979437E-06 0.99452275
vn -0.10452874 -1.7083712E-05 0.994521856
vn -0.500000536 -9.979408E-06 0.86602515
vn -0.4999948 -1.71333268E-05 0.8660284
vn -0.809014559 -9.979423E-06 0.5877886
vn -0.8090165 -1.70341445E-05 0.587785959
vn -0.978147 -9.979419E-06 0.207914829
vn -0.978147 -1.72820164E-05 0.207914829
vn -0.9781488 -9.979427E-06 -0.207905918
vn -0.978148 -1.70837229E-05 -0.207909971
vn -0.8090173 -9.97941152E-06 -0.5877848
vn -0.8090212 -1.71333413E-05 -0.587779462
vn -0.500005662 -9.979426E-06 -0.86602217
vn -0.4999982 -1.70836829E-05 -0.866026461
vn -0.104539827 -9.979439E-06 -0.9945207
vn -0.104530953 -1.71332813E-05 -0.9945216
vn 0.3090154 -9.979419E-06 -0.951057
vn 0.30901593 -1.703416E-05 -0.9510569
vn 0.6691309 -9.979406E-06 -0.7431445
vn 0.6691268 8.939431E-05 -0.7431482
vn 0.913543463 -9.979424E-06 -0.406741172
vn 0.913544834 -1.70341482E-05 -0.406737983
vn 1 1.03637576E-05 4.84287739E-06
vn 1 9.979424E-06 4.84287739E-06
vn 0.0354630537 -0.9985946 0.03938622
vn 0.0354630537 -0.9985946 0.03938622
vn 0.0354630537 -0.9985946 0.03938622
vn 0.0286927521 -0.998903155 0.0370022058
vn 0.0222906843 -0.9997023 -0.00992481
vn 0.0222906843 -0.9997023 -0.00992481
vn 0.0222906843 -0.9997023 -0.00992481
vn 0.0183166638 -0.9998186 -0.005224641
vn 0.0367872529 -0.9984876 -0.0408567935
vn 0.0386879779 -0.9978429 -0.05303612
vn 0.0367872529 -0.9984876 -0.0408567935
vn 0.0367872529 -0.9984876 -0.0408567935
vn 0.0490103252 -0.997720361 -0.0463902578
vn 0.00119756116 -0.9975066 0.07056309
vn 0.00119756116 -0.9975066 0.07056309
vn 0.00119756116 -0.9975066 0.07056309
vn -0.01685765 -0.9978764 0.06291698
vn -0.0353519171 -0.9987495 0.03535044
vn -0.0353519171 -0.9987495 0.03535044
vn -0.03531452 -0.9987913 0.03418823
vn 0.0378294773 -0.9985679 -0.0378299765
vn 0.0409536324 -0.997525036 -0.0571537428
vn 0.0378294773 -0.9985679 -0.0378299765
vn 0.0378294773 -0.9985679 -0.0378299765
vn 0.045159366 -0.998231769 -0.0386519432
vn -5.260111E-06 0 -1
vn -1.218915E-05 0 -1
vn -0.499990553 1.51768327E-05 -0.8660309
vn -0.499990553 0 -0.8660309
vn -0.8660305 0 -0.499991179
vn -0.866028666 0 -0.4999944
vn -1 0 7.7039E-06
vn -1 0 7.7039E-06
vn -0.866022766 0 0.50000453
vn -0.866022646 0 0.500004768
vn -0.499984354 0 0.866034448
vn -0.499996424 0 0.8660275
vn 1.218915E-05 0 1
vn -1.206994E-06 0 1
vn 0.500009239 0 0.8660201
vn 0.50000906 0 0.866020143
vn 0.866029561 0 0.4999928
vn 0.866029561 0 0.4999928
vn 1 0 -9.521843E-06
vn 1 0 -5.94556332E-06
vn 0.866022766 0 -0.50000453
vn 0.866020262 0 -0.500008941
vn 0.499990553 0 -0.8660309
vn 0.499996424 0 -0.8660275
vn 1.22115025E-05 1.51768336E-05 -1
vn 1.218915E-05 0 -1
vn -1 0 1.77323818E-05
vn -1 0 1.59442425E-05
vn -0.8412444 1.32769346E-05 -0.540655136
vn -0.8412444 0 -0.540655136
vn -0.4154372 0 -0.9096219
vn -0.41542998 0 -0.9096252
vn 0.142305821 0 -0.989822745
vn 0.142298341 0 -0.9898238
vn 0.6548491 0 -0.755759656
vn 0.654845953 0 -0.7557624
vn 0.959488034 0 -0.281749278
vn 0.959488034 0 -0.281749278
vn 0.959497154 0 0.281718224
vn 0.959498465 0 0.2817138
vn 0.654874444 0 0.7557377
vn 0.654843569 0 0.7557644
vn 0.142325208 0 0.989819944
vn 0.14233309 0 0.9898189
vn -0.415441126 0 0.909620047
vn -0.415403754 0 0.909637153
vn -0.8412446 0 0.5406548
vn -0.8412431 0 0.540657043
vn -1 1.32769346E-05 -1.53779984E-05
vn -1 0 -1.54078E-05
vn -5.13787527E-05 1 -3.61417478E-05
vn -5.13787527E-05 1 -3.61417478E-05
vn -5.13787527E-05 1 -3.61417478E-05
vn -8.05938253E-05 1 5.0868246E-05
vn 0 1 0
vn 0 1 0
vn 0 1 0
vn 0 1 0
vn 0 1 0
vn 0 1 0
vn 0 1 0
vn 0 1 -1.95085045E-06
vn 0 1 0
vn 0 1 0
vn 0 1 -2.3773232E-06
vn 0 1 -2.3773232E-06
vn 0 1 0
vn 3.885689E-05 1 6.60576043E-05
vn 3.885689E-05 1 6.60576043E-05
vn 3.885689E-05 1 6.60576043E-05
vn 4.965755E-05 1 3.096203E-05
vn 4.399054E-05 1 5.15678E-05
vn 4.399054E-05 1 5.15678E-05
vn 4.399054E-05 1 5.15678E-05
vn 4.35346628E-05 1 -4.77143221E-05
vn -0.000101657621 1 -9.6046926E-05
vn -0.000101657621 1 -9.6046926E-05
vn -0.000101657621 1 -9.6046926E-05
vn -6.23772139E-05 1 2.23742154E-05
vn 0.9752865 -0.05738091 -0.213362977
vn 0.951451063 -0.0483593866 0.3039774
vn 0.923945665 -0.0483197123 -0.37945956
vn 0.881329 -0.0236575585 0.471910477
vn 0.3463466 -0.0177099612 0.937939465
vn 0.5050464 -0.0237212647 0.862766147
vn 0.379403532 -0.0573521443 0.9234521
vn -0.134215832 -0.0483428352 0.98977226
vn -0.3027686 -0.01917611 0.952871144
vn -0.4097602 0.004087256 0.9121841
vn -0.404450774 0.0116425008 0.914485633
vn -0.5047879 0.0592655838 0.861206532
vn -0.323763132 -0.05886776 0.944305062
vn 0 1 0
vn 0 1 -3.115775E-06
vn 0 1 0
vn 0 1 0
vn 0 1 0
vn 0 1 0
vn 0 1 0
vn 0 1 0
vn 0 1 0
vn 0 1 0
vn 0 1 0
vn 0 1 0
vn 0 1 0
vn 0 1 0
vn 0 1 0
vn 0 1 -3.04356718E-06
vn 0 1 -3.04356718E-06
vn 0 1 -3.04356718E-06
vn 0 1 2.731388E-06
vn 0 1 0
vn 0 1 0
vn 0 1 0
vn 0 1 0
vn 0 1 0
vn 0 1 0
vn 0 1 0
vn 0 1 0
vn 0.424179643 0.00315071736 0.9055726
vn 0.429497838 0.0108387964 0.903002858
vn 0.3237619 0.0588676 0.9443055
vn 0.5047887 -0.0592656359 0.8612062
vn -0.9055721 0.00314866472 0.4241807
vn -0.903002441 0.0108366664 0.429498821
vn -0.944290757 0.0588545464 0.32380724
vn -0.861211061 -0.05926208 0.504780769
vn -0.91218704 0.004083334 -0.40975368
vn -0.914488554 0.0116384355 -0.404444277
vn -0.861210346 0.0592612065 -0.5047821
vn -0.944291234 -0.0588544756 -0.323805928
vn -0.4241808 0.003144537 -0.905572057
vn -0.429498971 0.01083251 -0.9030024
vn -0.3237632 0.0588611625 -0.9443054
vn -0.504778862 -0.0592658855 -0.861211836
vn 0.409751266 0.00408774661 -0.9121882
vn 0.404441684 0.01164286 -0.9144897
vn 0.504779458 0.05926597 -0.861211538
vn 0.3237629 -0.0588611439 -0.944305539
vn 0.9055728 0.0031478 -0.4241793
vn 0.903003037 0.0108359428 -0.42949748
vn 0.9442913 0.0588540845 -0.3238059
vn 0.861210346 -0.0592609867 -0.5047821
vn 0.9121873 0.004085258 0.409753174
vn 0.914488852 0.0116403615 0.404443562
vn 0.8612106 0.0592634678 0.5047813
vn 0.9442905 -0.05885652 0.323807567
vn 0 -1 0
vn 0 -1 0
vn 0 -1 0
vn 0 -1 -3.12679816E-07
vn 0 -1 0
vn 0 -1 0
vn 0 -1 0
vn 0 -1 0
vn 0 -1 0
vn 0 -1 0
vn 0 -1 1.45868307E-06
vn 0 -1 0
vn 0 -1 0
vn 0 -1 0
vn 0 -1 -3.751201E-07
vn 0 -1 0
vn 0 -1 0
vn 0 -1 0
vn 0 -1 0
vn 0 -1 0
vn 0 -1 0
vn 0 -1 0
vn 0 -1 0
vn 0 -1 1.32949117E-06
vn 0 -1 0
vn 0 -1 0
vn 0 -1 0
vn 0 -1 0
vn 0 -1 0
vn 0 -1 2.80057338E-06
vn 0 -1 0
vn 0 -1 -2.31973718E-06
vn 0 -1 0
vn 0 -1 -7.29340343E-07
vn 0 -1 0
vn 0 -1 0
vn 0 -1 0
vn 0 -1 2.06316736E-06
vn 0 -1 -2.917358E-06
vn 0 -1 -1.10652024E-06
vn 0 -1 0
vn 0 -1 0
vn 0 -1 0
vn 0 -1 2.75045664E-07
vn 0 -1 0
vn 0 -1 -1.52231553E-06
vn -0.9956438 -0.0259744935 0.08954755
vn -0.964596331 -0.0016013569 0.263725847
vn -0.9084004 -0.0119157787 -0.4179314
vn -0.7124349 -0.0574380942 0.699383557
vn -0.9663959 -0.06798528 0.247905031
vn -0.69224757 -0.0213254746 0.721344948
vn -0.5565465 -0.040858 0.8298112
vn -0.9601971 -0.030533189 0.277649522
vn -0.06277918 -0.0250276737 0.997713566
vn 0.113497742 -0.0147494413 0.993428767
vn 0.565116167 -0.0540142842 0.8232413
vn 0.0764182 -0.06431757 0.9949993
vn 0.7090675 -0.0273607671 0.7046096
vn 0.966222644 -0.02600679 0.256393075
vn 0.996623337 -0.00160233292 0.0820936561
vn 0.8914607 -0.0175951477 -0.452756226
vn 0.799490869 -0.0316084065 -0.599846065
vn 0.419515759 -0.0221193079 -0.9074785
vn 0.255663872 -0.02736202 -0.96637845
vn -0.2822548 -0.02502816 -0.9590129
vn -0.446434468 -0.0147491032 -0.894694746
vn -0.812595546 -0.0540139079 -0.5803197
vn -0.4121544 -0.064318575 -0.908840954
vn -0.907295942 -0.02735934 -0.419601649
vn 0.9254306 -0.04113433 0.37667793
vn 0.9508469 -0.04134773 -0.3068884
vn 0.9769927 -0.0388268754 0.209708676
vn 0.8377309 -0.0192315169 -0.545744538
vn 0.290814936 -0.0189930741 -0.956590831
vn 0.7303569 -0.03300836 -0.6822677
vn 0.6523101 -0.02717419 -0.757465
vn 0.0125640724 -0.0275134388 -0.9995425
vn 0.35282892 -0.0292902309 -0.9352293
vn -0.09773525 -0.0188733544 -0.9950335
vn -0.4326587 -0.00354971015 -0.90155077
vn 0.2475107 -0.03189506 -0.968360066
vn -0.734508157 -0.02250077 -0.678226769
vn -0.9212885 -0.0263258 -0.387987673
vn -0.9986564 -0.0224703457 -0.04669574
vn -0.9537756 -0.0302909072 0.2989893
vn -0.8084233 -0.0180697683 0.5883242
vn -0.5582351 -0.008251715 0.8296418
vn -0.234740824 -0.024078628 0.971759737
vn 0.110237129 -0.0168849379 0.9937619
vn 0.454830557 -0.02407578 0.890252531
vn 0.732922 -0.0285391025 0.679713845
vn 0.9233162 -0.0180704929 0.3836153
vn 0.998649538 -0.0256989151 0.0451525524
vn 0.960248947 -0.0224704426 -0.278239131
vn 0.8082046 -0.0121071637 -0.588777363
vn 0.539797 -0.0224683918 -0.841495335
vn 0.21797289 -0.030290788 -0.975484669
vn -0.245177865 -0.03125948 -0.968974054
vn -0.810860753 -0.030911997 -0.584422231
vn -0.561096847 -0.0332653 -0.827081442
vn -0.9821408 -0.0271706879 -0.186175153
vn -0.871906459 -0.0275173876 0.488898724
vn -0.986349761 -0.0292889364 0.162038058
vn -0.7165799 -0.02982168 0.696867168
vn -0.100703694 -0.0294693355 0.994479954
vn -0.435744315 -0.03173502 0.89951086
vn 0.329785019 -0.0294704214 0.943596
vn 0.8593026 -0.0298226066 0.5105974
vn 0.6334374 -0.03173527 0.7731429
vn 0.9618628 -0.0275134332 0.2721452
vn 0.9116691 -0.0271740742 -0.410025656
vn 0.9969471 -0.0292892419 -0.07237802
vn 0.9099285 -0.0399143 0.412840158
vn 0.962267756 -0.0396981053 -0.269192934
vn 0.9945433 -0.03726015 -0.0974436849
vn 0.9902875 -0.0256091841 -0.136655942
vn 0.7910416 -0.00610642647 -0.6117318
vn 0.999182165 -0.006673905 0.0398802347
vn 0.6730617 -0.021600388 -0.739270866
vn 0.212391824 -0.0362057537 -0.9765136
vn 0.0160613675 -0.05611023 -0.998295367
vn -0.465058774 -0.00610447768 -0.8852588
vn -0.611150563 -0.0216295328 -0.791218758
vn -0.9247913 -0.0362028 -0.378748566
vn -0.98034066 -0.05610203 -0.1891687
vn -0.9546606 -0.00179354113 0.297691047
vn -0.876513541 -0.02410751 0.480773121
vn -0.517976165 -0.05265608 0.8537728
vn -0.356610447 -0.0540090539 0.9326908
vn 0.121035062 0.00316114887 0.9926432
vn -0.545116067 -0.0147483079 0.8382309
vn 0.313766032 -0.0220838021 0.9492435
vn 0.746068239 -0.04531717 0.664325655
vn 0.838068843 -0.0173196588 0.545289457
vn 0.998564541 -0.008611425 0.05286455
vn 0.180363238 -0.0190008134 0.983416557
vn 0.770375967 -0.0192261711 0.637299955
vn 0.6482006 -0.0330089442 0.76075387
vn -0.6877741 -0.0492402576 0.7242529
vn -0.060448736 -0.04923926 0.9969561
vn -0.687854946 -0.0410399176 0.7246871
vn 0.0624088123 -0.023421403 0.997775853
vn 0.0618472733 -0.007090099 0.998060465
vn -0.5931173 -0.0426079333 0.8039878
vn 0.216664687 -0.0160679519 0.976113856
vn 0.7934629 -0.0160683729 0.6084065
vn 0.2171446 -0.03987809 0.9753246
vn 0.713153839 -0.0225612316 0.700644433
vn 0.7131971 -0.0585852079 0.698511
vn 0.0967614651 -0.0407332629 0.994473755
vn 0.996802 -0.02876645 0.0745543838
vn 0.9973646 0.001141917 0.07254365
vn 0.717396438 0.0182880331 0.6964251
vn 0.26070112 -0.029970007 -0.964954257
vn 0.258733749 0.008409751 -0.9659121
vn 0.8191171 0.008409704 -0.573564649
vn 0.298945338 -0.0616926476 -0.952273965
vn -0.384379834 -0.06169381 -0.921111345
vn 0.2987522 -0.07423977 -0.9514387
vn -0.421619147 -0.023585692 -0.906466246
vn -0.4225443 -0.0503763072 -0.9049412
vn 0.2588846 -0.05037682 -0.964593649
vn -0.9112182 -0.0287704915 -0.410918
vn -0.9124337 0.00114249438 -0.4092231
vn -0.435961276 0.0182898417 -0.899779558
vn -0.5629106 -0.0287715942 0.8260169
vn -0.5614512 0.0011404492 0.827509046
vn -0.9618147 0.0182895549 0.2730898
vn 0.832157254 -0.02136595 0.554128
vn 0.993643165 -0.0211134329 -0.110577911
vn 0.9151519 -0.0353096649 0.40155983
vn 0.9994236 -0.0236278027 0.0243754853
vn 0.988267839 -0.03213648 -0.149311677
vn 0.8524349 -0.043532636 0.5210179
vn 0.773679435 -0.026665587 -0.633015931
vn 0.650491059 -0.0131991478 -0.759399235
vn 0.212235868 -0.05613258 -0.975604951
vn 0.672201157 -0.06659144 -0.737367749
vn 0.177207768 -0.0183393527 -0.9840026
vn 0.00431895256 -0.0413124077 -0.999137
vn -0.472826749 -0.0238878876 -0.8808316
vn -0.6209688 0.0038474875 -0.7838259
vn -0.9239334 -0.05612035 -0.3784146
vn -0.609445 -0.06655864 -0.790029645
vn -0.979738533 -0.0321343653 -0.197686121
vn -0.9389949 -0.0261076353 0.34293884
vn -0.8644403 -0.0212208889 0.502287447
vn -0.9853505 0.00744375726 -0.1703789
vn 0.0194312651 -0.03739809 0.999111533
vn 0.6574805 -0.0376095138 0.752532363
vn 0.1932036 -0.0347960778 0.980541468
vn 0.7475823 -0.0190177467 0.6638968
vn 0.8517329 -0.0100015057 0.5238808
vn 0.338333219 -0.0147484643 0.9409108
vn 0.167741433 -0.0250286013 0.98551327
vn -0.3673107 -0.0273551345 0.929695964
vn -0.5332509 -0.05402307 0.8442304
vn -0.883977 -0.0643461049 0.46308133
vn -0.951461434 -0.0539928861 0.302994847
vn -0.0215636268 -0.0199412219 0.9995686
vn 0.323876441 -0.005007446 0.946086168
vn -0.359463871 -0.0326185338 0.932588756
vn 0.6422732 -0.0553740859 0.764472961
vn 0.341511935 -0.0592616647 0.9380073
vn 0.869358659 -0.0263320655 0.493479639
vn 0.348763764 -0.01613761 0.937071741
vn 0.9862707 -0.0224711616 0.163600579
vn 0.9822791 -0.0302904 -0.184960186
vn 0.864630163 -0.0518273227 -0.4997285
vn 0.651624858 -0.0121083679 -0.7584447
vn 0.350781828 -0.0224982724 -0.9361869
vn 0.00724646542 -0.0161374938 -0.999843538
vn -0.341999471 -0.05537855 -0.938066959
vn -0.6481938 -0.0263300817 -0.761020064
vn -0.8708335 -0.0224709641 -0.491064161
vn -0.986300468 -0.0302908067 -0.16215384
vn -0.9866861 -0.0180714987 0.161629364
vn -0.871838 -0.008254424 0.489724785
vn -0.6318878 -0.0199378282 0.7748034
vn -0.330881685 -0.0271772984 0.9432809
vn -0.7933239 -0.0271718558 -0.608193159
vn -0.9986401 -0.02751857 0.0442801081
vn -0.9537682 -0.02929042 -0.299112618
vn -0.9535013 -0.02982481 0.299909562
vn -0.5374047 -0.029472338 0.8428094
vn -0.7938761 -0.0317379422 0.6072507
vn -0.7896767 -0.05612748 -0.610950351
vn -0.997594357 -0.05610519 0.0407144576
vn -0.988904536 -0.06659053 -0.1327913
vn -0.9994825 -0.025609104 0.0194633733
vn -0.857382238 -0.006105256 0.514644
vn -0.9875926 -0.006674608 -0.156896129
vn -0.75516665 -0.0216338411 0.655175745
vn -0.325565249 -0.0362057239 0.9448262
vn -0.133125186 -0.0561154 0.989509344
vn 0.357962281 -0.00610875431 0.933716059
vn 0.514056444 -0.021599438 0.857484341
vn 0.8739416 -0.0362055041 0.4846805
vn 0.9428851 -0.0197546482 0.332531959
vn 0.9828633 -0.0142071592 -0.183787689
vn 0.925164759 -0.0242435317 -0.378790736
vn 0.614504457 -0.0188468639 -0.7886882
vn 0.496792078 -0.01833434 -0.8676759
vn -0.004442603 -0.0244835746 -0.9996904
vn -0.213324055 -0.0561101437 -0.9753689
vn -0.6639932 -0.01302702 -0.7476251
vn 0.46454522 -0.056125585 -0.883769035
vn -0.04094301 -0.06656099 -0.996942
vn -0.7682423 -0.0183667988 -0.6398957
vn -0.9852864 -0.02448454 -0.1691485
vn 0.401082277 -0.02112224 0.9157985
vn 0.8959577 -0.02136352 0.443625331
vn 0.805322349 -0.0353106968 0.591784656
vn 0.980297446 -0.0413467363 0.193151385
vn 0.874816239 -0.04114162 -0.482704848
vn 0.945621252 -0.0388304 -0.322943777
vn -0.6262046 -0.0308383163 -0.7790487
vn -0.6280211 -0.00179743022 -0.778194249
vn 0.0189132113 0.01605935 -0.9996922
vn -0.9813059 -0.0197037682 -0.1914434
vn -0.9802816 -0.05532821 -0.1897021
vn -0.5842965 -0.0616975538 -0.8091916
vn -0.968072653 -0.061697226 -0.242958352
vn -0.58374083 -0.0742431656 -0.808538556
vn -0.8866366 -0.0290984437 0.461550385
vn -0.885875642 0.0183186084 0.463560969
vn -0.97678256 0.0009936551 -0.21423091
vn -0.407391518 -0.0616947077 0.9111673
vn -0.8976288 -0.0742416 0.4344546
vn -0.3712018 -0.0235855728 0.928252637
vn -0.369458 -0.0503749736 0.927881062
vn -0.8798867 -0.0503794774 0.4725054
vn 0.311149478 -0.0299702045 0.9498883
vn 0.313325047 0.008409023 0.949608743
vn -0.37043944 0.008408749 0.9288186
vn 0.857656538 -0.0171373785 0.513937354
vn 0.8574413 -0.0276678074 0.513837457
vn 0.9907778 -0.0245709587 -0.1332505
vn 0.9900254 -0.0424022935 -0.1343568
vn 0.168861091 -0.0513926335 0.9842991
vn 0.7626682 -0.051393006 0.6447449
vn 0.169156164 -0.0435150675 0.9846282
vn 0.911890745 -0.0123622809 0.4102469
vn 0.9622368 -0.0123620592 -0.27193296
vn 0.9116453 -0.0354292169 0.4094479
vn 0.6560391 -0.0287695061 -0.754178345
vn 0.654762566 0.00114043814 -0.7558338
vn 0.987226069 0.018286176 -0.158273131
vn 0.9898392 -0.05978713 0.1290109
vn 0.8404883 -0.0597881749 -0.538520932
vn 0.989028454 -0.07204525 0.128966212
vn 0.823654354 -0.0424025 -0.5655047
vn -0.8860201 -0.05978989 -0.459775478
vn -0.9739752 -0.0597899519 0.218626544
vn -0.885273159 -0.07204715 -0.45945698
vn -0.96739614 -0.04240146 0.249693573
vn 0.69542557 -0.0597936548 -0.7161061
vn 0.07112981 -0.0597891919 -0.995673537
vn 0.6949027 -0.07204664 -0.7154856
vn 0.0538276471 -0.03704232 -0.997863
vn -0.0361887552 -0.9993449 0.000427988416
vn -0.0361887552 -0.9993449 0.000427988416
vn -0.0361887552 -0.9993449 0.000427988416
vn 0.126062259 -0.9873319 -0.09635366
vn 0.126062259 -0.9873319 -0.09635366
vn 0.126062259 -0.9873319 -0.09635366
vn 0 -1 0
vn 0 -1 0
vn -0.0417898037 -0.999098837 -0.007425405
vn -0.0417898037 -0.999098837 -0.007425405
vn -0.0417898037 -0.999098837 -0.007425405
vn -0.0420898162 -0.9991019 -0.004895342
vn -0.0006491153 -0.999999046 0.00125364237
vn -0.0006491153 -0.999999046 0.00125364237
vn -0.0006491153 -0.999999046 0.00125364237
vn 0.00212741015 -0.999989152 0.00414380152
vn 0.00212741015 -0.999989152 0.00414380152
vn 0.00212741015 -0.999989152 0.00414380152
vn -0.00110348267 -0.999989152 0.00452008
vn -0.00110348267 -0.999989152 0.00452008
vn -0.00110348267 -0.999989152 0.00452008
vn 0.0009233496 -0.999999046 0.00106590253
vn 0.0009233496 -0.999999046 0.00106590253
vn 0.0009233496 -0.999999046 0.00106590253
vn 0.0352911763 -0.9993449 -0.008022233
vn 0.0352911763 -0.9993449 -0.008022233
vn 0.0352911763 -0.9993449 -0.008022233
vn -0.1973416 -0.975355148 -0.09868456
vn -0.1973416 -0.975355148 -0.09868456
vn -0.1973416 -0.975355148 -0.09868456
vn 0.271567255 0.040744707 0.9615566
vn 0.4880068 0.044454243 0.8717071
vn 0.271570832 0.03769114 0.9616802
vn 0.490161538 0.0317565948 0.8710529
vn 0.4895058 0.023558598 0.87168175
vn 0.273770064 0.0399631336 0.960964561
vn 0.0389543138 0.137016192 0.989802539
vn -0.193345457 0.111119 0.974818
vn 0.0388488062 0.138988391 0.9895317
vn -0.330341965 -0.0271422323 0.943471
vn -0.330005884 -0.0211727582 0.943741441
vn -0.102418281 -0.017452687 0.9945883
vn 0.8843688 0 -0.466788948
vn 0.98542273 0 0.17012389
vn 0.884567857 0.0285979137 -0.465534
vn 0.9692533 -0.0549584329 0.239849046
vn 0.970114231 -0.030788919 0.240687564
vn 0.9151882 -0.0307883732 -0.4018491
vn 0.842184544 0.0307894181 0.5383096
vn 0.338202953 0.0307882354 0.94056946
vn 0.8409839 0.0549586974 0.5382617
vn 0.271009147 -0.0285971463 0.9621519
vn 0.26996 0 0.962871552
vn 0.801568568 0 0.597902834
vn -0.03069741 -0.999380469 -0.0172136035
vn -0.03069741 -0.999380469 -0.0172136035
vn -0.03069741 -0.999380469 -0.0172136035
vn -0.0187654477 -0.998798132 -0.0452786572
vn -0.0187654477 -0.998798132 -0.0452786572
vn -0.0187654477 -0.998798132 -0.0452786572
vn -0.03113926 -0.999513865 -0.0015251661
vn -0.03113926 -0.999513865 -0.0015251661
vn -0.03113926 -0.999513865 -0.0015251661
vn -0.008343149 -0.999789834 0.0187268723
vn -0.008343149 -0.999789834 0.0187268723
vn -0.008343149 -0.999789834 0.0187268723
vn 0.0124792 -0.9997899 0.0162650626
vn 0.0124792 -0.9997899 0.0162650626
vn 0.0124792 -0.9997899 0.0162650626
vn 0.0299253277 -0.999513865 -0.008743572
vn 0.0299253277 -0.999513865 -0.008743572
vn 0.0299253277 -0.999513865 -0.008743572
vn 0.0274136383 -0.9996156 -0.00414401246
vn 0.018692432 -0.999529362 -0.02432323
vn 0.018692432 -0.999529362 -0.02432323
vn 0.0285459366 -0.9992699 -0.0253936984
vn 0.0133338878 -0.9993067 -0.0347619765
vn 0.0133338878 -0.9993067 -0.0347619765
vn 0.0133338878 -0.9993067 -0.0347619765
vn 0.0255105887 -0.9994033 -0.023286486
vn 0.0255105887 -0.9994033 -0.023286486
vn 0.0255105887 -0.9994033 -0.023286486
vn 0.0105997147 -0.9988123 -0.0475569628
vn 0.0105997147 -0.9988123 -0.0475569628
vn 0.0105997147 -0.9988123 -0.0475569628
vn -0.985986233 0.0314175226 0.163841754
vn -0.985986233 0.0314175226 0.163841754
vn -0.985986233 0.0314175226 0.163841754
vn -0.5939774 0.5619199 -0.575705469
vn -0.602762043 0.5593071 -0.5690813
vn -0.6004619 0.559863031 -0.5709632
vn -0.364982456 0.598215938 -0.7133901
vn -0.525795 0.5886482 -0.6140301
vn -0.319408238 0.5834741 -0.746683538
vn -0.325965971 0.6119846 -0.7205699
vn -0.371574134 0.606792033 -0.702663541
vn -0.496374458 0.585098 -0.641305447
vn -0.4827557 0.5750848 -0.6604729
vn -0.574930549 0.573076069 -0.5839852
vn -0.5501295 0.5710218 -0.609337032
vn -0.6805989 0.6125981 -0.4018815
vn -0.7018398 0.636810362 -0.3192076
vn -0.7114923 0.566223264 -0.4161369
vn -0.7959394 0.018726293 0.6050867
vn -0.7959394 0.018726293 0.6050867
vn -0.7959394 0.018726293 0.6050867
vn -0.8199164 0.00654660072 0.572445869
vn -0.8199164 0.00654660072 0.572445869
vn -0.8199164 0.00654660072 0.572445869
vn -0.8013514 0 0.598193944
vn -0.8013514 0 0.598193944
vn -0.8013514 0 0.598193944
vn 0.4596948 -0.547399461 0.699310064
vn 0.333513558 -0.5358123 0.77567637
vn 0.6178006 -0.566050351 0.545810759
vn 0.423122644 -0.4610915 0.779975533
vn 0.314333171 -0.444368273 0.8388871
vn 0.296966821 -0.444598675 0.8450697
vn 0.7818428 -0.5893853 0.203339145
vn 0.8062928 -0.5772099 -0.129308522
vn 0.8046526 -0.5931922 0.0256383941
vn 0.3839763 -0.5330805 -0.7539147
vn 0.05074439 -0.486575454 -0.8721636
vn 0.174870953 -0.507454634 -0.8437476
vn 0.0377399065 -0.463260174 -0.8854184
vn -0.119791977 -0.368259281 -0.921973467
vn 0.192233965 -0.488597542 -0.851069033
vn -0.243108273 -0.463256985 -0.85222733
vn -0.3853501 -0.4885972 -0.7828014
vn -0.252698332 -0.4865775 -0.836293
vn -0.5491766 -0.5330791 -0.6436084
vn -0.366778135 -0.5074547 -0.7797202
vn -0.8142208 -0.577209651 0.0622381531
vn -0.712889731 -0.5893845 0.380018651
vn -0.7765007 -0.5931918 0.2125329
vn -0.4955551 -0.4896653 0.7173932
vn -0.154832572 -0.4535149 0.8776965
vn -0.3038828 -0.455315769 0.8368649
vn -0.08480112 -0.36092633 0.928730845
vn -0.102645978 -0.362291634 0.9263955
vn -0.224900067 -0.366757661 0.902722955
vn -0.736791253 -0.029236624 0.675487936
vn -0.61212796 -0.0282288771 0.7902548
vn -0.6121135 -0.0289665814 0.7902392
vn -0.1944532 -0.0102476943 -0.980858266
vn -0.08858358 -0.0216197968 -0.9958341
vn -0.24218519 -0.000304490357 -0.97023
vn -0.146032676 0.02504751 -0.98896265
vn 0.0977217 -0.052269537 -0.9938402
vn -0.303229451 0.0571877472 -0.9512
vn 0.2330959 0.009469639 -0.9724077
vn 0.259056568 0.009826135 -0.965812147
vn 0.281741 0.0101721836 -0.9594366
vn 0.8076596 -0.100565955 -0.5810099
vn 0.959219456 -0.07482711 -0.272578448
vn 0.807802558 -0.10481739 -0.5800589
vn 0.9016985 -0.132704034 0.41149658
vn 0.9944009 -0.0592060462 0.087530084
vn 0.9016333 -0.12274792 0.4147171
vn 0.7683634 0.0600974932 0.637186
vn 0.8969803 0.0213540178 0.441554457
vn 0.8177769 0.03358054 0.574554861
vn 0.8739557 -0.029231824 0.4851256
vn 0.779492438 -0.02896193 0.6257418
vn 0.77951 -0.02822438 0.6257536
vn 0.8497946 -0.009728886 0.52702415
vn 0.7687826 0.0317508467 0.6387216
vn 0.803266 0.0179030485 0.595351338
vn 0.6358916 0.0498000458 0.770170033
vn 0.5284713 0.00773339253 0.848915935
vn 0.598209 0.0452003926 0.8000643
vn 0.4982939 -0.0292796288 0.866513669
vn 0.415696263 -0.0378320366 0.9087164
vn 0.62480104 0.00658234255 0.780756235
vn -0.7674157 0.01827614 0.6408893
vn -0.5971859 0.0584706 0.7999689
vn -0.659603357 0.0308216345 0.7509817
vn -0.6421726 0.0132365525 0.7664458
vn -0.5990346 0.0293903463 0.800183535
vn -0.7031688 -0.0161247458 0.7108401
vn -0.393442124 0.0606443472 0.917347
vn -0.3143059 0.0248201434 0.948997259
vn -0.437276 0.06327753 0.8970985
vn -0.510128856 0.2040097 0.8355529
vn -0.280089647 0.194325373 0.9400997
vn -0.324624866 0.195233911 0.925474167
vn -0.7800973 -0.122745909 0.613499463
vn -0.9465902 -0.0592035465 0.316957384
vn -0.7809116 -0.132702127 0.6103828
vn -0.99612844 -0.0769546255 -0.042498447
vn -0.920297563 -0.0999797359 -0.3782281
vn -0.9201887 -0.1043573 -0.377309233
vn 0.1398496 0.9772559 -0.159414545
vn 0.1398496 0.9772559 -0.159414545
vn 0.1398496 0.9772559 -0.159414545
vn 0.14697057 0.949203551 -0.278230578
vn 0.14697057 0.949203551 -0.278230578
vn 0.14697057 0.949203551 -0.278230578
vn 0.03781487 0.991844 -0.121718809
vn 0.03781487 0.991844 -0.121718809
vn 0.03781487 0.991844 -0.121718809
vn 0.0174026247 0.9687473 -0.247438535
vn 0.0174026247 0.9687473 -0.247438535
vn 0.0174026247 0.9687473 -0.247438535
vn -0.01471286 0.992115259 -0.124462143
vn -0.01471286 0.992115259 -0.124462143
vn -0.01471286 0.992115259 -0.124462143
vn -0.07460267 0.9687498 -0.23655507
vn -0.07460267 0.9687498 -0.23655507
vn -0.07460267 0.9687498 -0.23655507
vn -0.06514918 0.991845131 -0.109539188
vn -0.06514918 0.991845131 -0.109539188
vn -0.06514918 0.991845131 -0.109539188
vn -0.157497466 0.9687084 -0.1918295
vn -0.157497466 0.9687084 -0.1918295
vn -0.157497466 0.9687084 -0.1918295
vn -0.1250565 0.9882027 -0.08841002
vn -0.1250565 0.9882027 -0.08841002
vn -0.1250565 0.9882027 -0.08841002
vn 0.0950583145 0.979362249 0.1783634
vn 0.0950583145 0.979362249 0.1783634
vn 0.0950583145 0.979362249 0.1783634
vn -0.0826459453 0.9925473 0.0895518363
vn -0.0826459453 0.9925473 0.0895518363
vn -0.0826459453 0.9925473 0.0895518363
vn 0.8115039 -0.121582285 -0.5715586
vn 0.8115039 -0.121582285 -0.5715586
vn 0.8115039 -0.121582285 -0.5715586
vn 0.5829203 0.190554544 0.789868951
vn 0.474253625 0.2375174 0.847743452
vn 0.5833164 0.191038013 0.789459646
vn -0.9184262 -0.122424178 -0.376172334
vn -0.9184262 -0.122424178 -0.376172334
vn -0.9184262 -0.122424178 -0.376172334
vn 0.905160964 -0.140055776 0.401332885
vn 0.905160964 -0.140055776 0.401332885
vn 0.905160964 -0.140055776 0.401332885
vn -0.803208351 -0.129784554 0.5813883
vn -0.803208351 -0.129784554 0.5813883
vn -0.803208351 -0.129784554 0.5813883
vn 0.916592956 0.01745873 0.3994403
vn 0.916592956 0.01745873 0.3994403
vn 0.916592956 0.01745873 0.3994403
vn 0.9277841 0.008780515 0.373014241
vn 0.9277841 0.008780515 0.373014241
vn 0.9277841 0.008780515 0.373014241
vn 0.997899532 0.00269336463 -0.06472545
vn 0.997899532 0.00269336463 -0.06472545
vn 0.997899532 0.00269336463 -0.06472545
vn 0.338470072 0.580535769 -0.7405513
vn 0.3277779 0.5823896 -0.743897855
vn 0.33564353 0.5808662 -0.7415779
vn 0.133003637 0.5942782 -0.793185651
vn 0.07821215 0.59234333 -0.8018805
vn 0.1809353 0.591460049 -0.7857719
vn 0.135970831 0.596136034 -0.7912862
vn 0.3672873 0.6013859 -0.7095316
vn 0.235794857 0.59974277 -0.764663
vn 0.3923215 0.571649849 -0.720625
vn 0.422341377 0.5737612 -0.701730549
vn 0.3148439 0.575772941 -0.754558742
vn 0.5955796 0.5660265 -0.569999039
vn 0.60869503 0.63663274 -0.4734861
vn 0.5688262 0.612453341 -0.5489423
vn -0.9818653 0.0246046688 -0.187976614
vn -0.929633141 0.0264392551 0.367536575
vn -0.998883069 0.0181919057 0.04360843
vn -0.985518336 -0.01616945 0.168796286
vn -0.9138622 -0.0166123379 0.4056844
vn -0.9864071 -0.0277830418 -0.161954328
vn -0.9446603 -0.0323939845 0.326446861
vn -0.6224573 -0.0318615 0.782004952
vn -0.8336502 -0.0344972461 0.551214457
vn -0.103388086 -0.03240308 0.994113147
vn -0.391792238 -0.0345585719 0.919404447
vn 0.4482353 -0.03300431 0.893306136
vn 0.179506257 -0.03465884 0.983146131
vn 0.857601047 -0.03344081 0.5132272
vn 0.6898762 -0.0341403335 0.7231219
vn -0.6657104 -0.03882216 0.7451996
vn -0.446038842 -0.03788825 0.8942113
vn -0.863644361 -0.03845296 0.5026328
vn -0.162261784 -0.0389154628 0.9859801
vn 0.117535286 -0.0374347 0.9923629
vn 0.390984178 -0.0392374359 0.9195607
vn 0.6426064 -0.03692625 0.7653062
vn 0.822646856 -0.04062234 0.5670996
vn 0.957067251 -0.0378008634 0.28739062
vn 0.9992595 -0.02820583 0.0261721462
vn 0.9977249 0.00105963391 -0.06740868
vn 0.92167604 -0.00885555148 -0.387859255
vn 0.9834711 0.00161536038 0.181058064
vn 0.9989178 0.0100370636 0.04541464
vn 0.8677373 0.008257657 -0.49695456
vn 0.959275663 0.00347678084 -0.282450229
vn 0.158680618 0.9263824 0.34152016
vn 0.158680618 0.9263824 0.34152016
vn 0.158680618 0.9263824 0.34152016
vn -0.0196956228 0.9998028 0.00252926
vn -0.0196956228 0.9998028 0.00252926
vn -0.0196956228 0.9998028 0.00252926
vn -0.0737971738 0.9272804 0.3670218
vn -0.0737971738 0.9272804 0.3670218
vn -0.0737971738 0.9272804 0.3670218
vn 0.0196763016 0.9998043 -0.00205095
vn 0.0196763016 0.9998043 -0.00205095
vn 0.0196763016 0.9998043 -0.00205095
vn -0.7376079 0.180161074 0.650750756
vn -0.604470968 0.533765733 0.591362059
vn -0.731669068 0.17711477 0.6582483
vn -0.6310061 0.7583263 0.163623229
vn -0.40834105 0.9122911 -0.03134439
vn -0.652550757 0.7302734 0.202183828
vn 0.861666262 0.1916441 0.469897747
vn 0.864031851 0.192880809 0.465022564
vn 0.733176351 0.547131836 0.403855354
vn 0.6819607 0.7299944 0.04514135
vn 0.3900685 0.912236452 -0.125184536
vn 0.651936233 0.7581665 0.0127549833
vn 0.583218753 -0.07017614 0.80927825
vn 0.932709455 -0.0621917658 0.355225742
vn 0.5832044 -0.0706184655 0.8092501
vn 0.9580707 -2.19792146E-05 0.286531866
vn 0.9580707 -1.37549323E-05 0.2865319
vn 0.643405557 1.616536E-05 0.7655255
vn 0.0393674932 0.9987303 -0.0314325541
vn 0.0393674932 0.9987303 -0.0314325541
vn 0.0393674932 0.9987303 -0.0314325541
vn -0.0556752831 0.992114663 -0.112288594
vn -0.0556752831 0.992114663 -0.112288594
vn -0.0556752831 0.992114663 -0.112288594
vn -0.123101711 0.9893177 0.0780801
vn -0.123101711 0.9893177 0.0780801
vn -0.123101711 0.9893177 0.0780801
vn 0.0309400931 0.999472558 0.009867076
vn 0.0309400931 0.999472558 0.009867076
vn 0.0309400931 0.999472558 0.009867076
vn 0.6763985 -0.6649189 0.316809028
vn 0.7360907 -0.672718763 -0.07496675
vn 0.742777765 -0.6651963 -0.0761259049
vn 0.7332844 -0.6727177 -0.0987162963
vn 0.583880961 -0.664941 -0.4657645
vn 0.7400584 -0.665194154 -0.09914826
vn 0.7521115 -0.6533904 -0.0860768557
vn 0.5412591 -0.659816563 -0.52123
vn 0.6058841 -0.6511718 -0.457033753
vn 0.506661654 -0.6632831 -0.550771654
vn 0.241397515 -0.6608225 -0.710662246
vn 0.571296155 -0.660894 -0.48666206
vn 0.5067817 -0.658800542 -0.5560163
vn 0.0634527 -0.6590026 -0.7494593
vn 0.240703836 -0.6544044 -0.716810048
vn 0.03922 -0.660198033 -0.7500669
vn -0.181150585 -0.660856068 -0.728322566
vn 0.217530161 -0.6608584 -0.718294442
vn 0.03273554 -0.653157 -0.7565146
vn -0.429517537 -0.661825836 -0.6144113
vn -0.1901146 -0.653739 -0.7324492
vn -0.444977552 -0.6585414 -0.6068923
vn -0.54767406 -0.6576409 -0.517263532
vn -0.206858411 -0.6575987 -0.7244126
vn -0.4868329 -0.6696962 -0.560803652
vn -0.7523586 -0.639616132 -0.157631829
vn -0.5924395 -0.651859939 -0.473385721
vn -0.783245 -0.6143902 -0.0951420739
vn -0.8144656 -0.5776268 -0.0547097959
vn -0.634848058 -0.660588861 -0.400737166
vn -0.753726 -0.604811 -0.257100731
vn -0.737575352 -0.6531572 0.171371967
vn -0.794109643 -0.5688647 -0.21396935
vn -0.7458945 -0.6342979 -0.2032426
vn -0.696495533 -0.6620909 0.276640058
vn -0.7247094 -0.646167 0.239300191
vn -0.6639378 -0.6621931 0.3474001
vn -0.434132785 -0.6576276 0.6156742
vn -0.6874644 -0.6577206 0.307890147
vn -0.661279142 -0.6623374 0.352163285
vn -0.314265668 -0.6530855 0.688996732
vn -0.43194 -0.6520834 0.623069167
vn -0.290498972 -0.661704659 0.691199958
vn -0.0313764364 -0.6608362 0.749874055
vn -0.411073327 -0.660875559 0.627903
vn -0.283335835 -0.65899837 0.696736634
vn 0.199544162 -0.6588349 0.7253405
vn -0.0231382046 -0.6554227 0.7549078
vn 0.2129976 -0.660168767 0.7202841
vn 0.379000455 -0.6608612 0.64778167
vn -0.006355435 -0.660858035 0.750484049
vn 0.230956048 -0.6532193 0.72108525
vn 0.6148877 -0.6629848 0.427041262
vn 0.394330084 -0.6530434 0.646558642
vn 0.623011 -0.660275459 0.419396728
vn 0.6711569 -0.657682657 0.3420556
vn 0.402582556 -0.657610059 0.636770248
vn 0.652786732 -0.659964859 0.3719084
vn 0.7575008 -0.6451432 -0.09991407
vn 0.702284634 -0.6478992 0.294996619
vn 0.6611114 -0.6005335 -0.449767917
vn 0.793544233 -0.60057795 0.09794753
vn 0.665847 -0.5944949 -0.450803339
vn 0.9890838 -0.0895485654 -0.117022209
vn 0.9911844 -0.06300587 -0.116549432
vn 0.770061553 -0.06300603 -0.63485074
vn 0.847202957 -0.530663967 -0.0253575761
vn 0.675818264 -0.530747652 0.5114457
vn 0.850588262 -0.5252753 -0.0241982229
vn 0.8948608 -0.09211467 0.436736763
vn 0.896239758 -0.0718213543 0.437716842
vn 0.990430355 -0.0718212947 -0.117853552
vn 0.849178135 -0.351212621 0.394393384
vn 0.463004857 -0.374798626 0.803213835
vn 0.842569351 -0.374794364 0.386789382
vn 0.8396442 -0.121124007 -0.5294589
vn 0.835696 -0.152332962 -0.527642846
vn 0.41620627 -0.121001363 -0.9011831
vn 0.7199154 -0.411482364 -0.5589312
vn 0.253678858 -0.411481261 -0.875402868
vn 0.264408946 -0.3785733 -0.8870007
vn 0.419736564 -0.129672825 -0.8983353
vn -0.13566108 -0.10257069 -0.985431552
vn 0.421479225 -0.102570586 -0.9010186
vn 0.303526282 -0.404547632 -0.8626779
vn -0.25979495 -0.4045455 -0.876840651
vn -0.257402122 -0.3738908 -0.891038656
vn -0.1403975 -0.135259122 -0.980812669
vn -0.6529318 -0.110074066 -0.749375641
vn -0.140570477 -0.110073343 -0.983932853
vn -0.212819248 -0.39732635 -0.8926588
vn -0.6943286 -0.397320569 -0.6000368
vn -0.699558854 -0.368908823 -0.6119834
vn -0.72507 -0.0473873466 -0.6870429
vn -0.980439842 -0.0666890442 -0.1851763
vn -0.725622 -0.0388443545 -0.6869962
vn -0.919400036 -0.3221782 -0.225621015
vn -0.837633967 -0.443769544 0.318493217
vn -0.8442394 -0.428140253 0.32242173
vn -0.9303064 -0.190313652 0.3135454
vn -0.607639551 -0.173957139 0.7749278
vn -0.933052838 -0.1739484 0.314887822
vn -0.8632185 -0.367784649 0.34581548
vn -0.5050279 -0.367784321 0.7808211
vn -0.511446536 -0.349178672 0.785173059
vn -0.6151957 -0.187284231 0.765806
vn -0.09492616 -0.170405537 0.980791
vn -0.6168286 -0.170399353 0.7684312
vn -0.5389541 -0.369923145 0.756759763
vn -0.00244379044 -0.369922817 0.929059267
vn -0.005638182 -0.3506777 0.9364792
vn -0.105902962 -0.184213981 0.977164149
vn 0.448280126 -0.166798085 0.878193259
vn -0.105892383 -0.166790739 0.9802896
vn -0.04447976 -0.3720088 0.9271629
vn 0.500013232 -0.372007638 0.7820468
vn 0.5013683 -0.352106661 0.79034853
vn 0.435201019 -0.184215531 0.881285846
vn 0.8498558 -0.164177164 0.500790358
vn 0.437032759 -0.164163753 0.8843374
vn -0.688917339 -0.7219607 0.0645419
vn -0.688917339 -0.7219607 0.0645419
vn -0.688917339 -0.7219607 0.0645419
vn -0.205696627 -0.9657713 -0.158033758
vn -0.205696627 -0.9657713 -0.158033758
vn -0.205696627 -0.9657713 -0.158033758
vn 0.988880157 0.1121093 -0.0977115557
vn 0.988880157 0.1121093 -0.0977115557
vn 0.988880157 0.1121093 -0.0977115557
vn 0.9909586 0.0654321238 -0.117131449
vn 0.9909586 0.0654321238 -0.117131449
vn 0.9909586 0.0654321238 -0.117131449
vn -0.968838 0 -0.247695222
vn -0.918603957 0 0.395179421
vn -0.968739033 -0.0285940636 -0.246428654
vn -0.8866214 0.0549604557 0.45921874
vn -0.887263656 0.0307911746 0.4602338
vn -0.9836654 0.0307912342 -0.177353844
vn -0.693520665 -0.0307915825 0.7197784
vn -0.109612525 -0.0307914075 0.9934974
vn -0.69236517 -0.05496291 0.719450831
vn -0.0391820669 0.0285961162 0.9988228
vn -0.0379953645 0 0.9992779
vn -0.6400905 0 0.76829946
vn 0.698941231 0 -0.7151791
vn 0.117082782 0 -0.99312216
vn 0.697795 -0.028594533 -0.715726554
vn 0.045591142 0.0549649969 -0.9974469
vn 0.0450316966 0.0307916719 -0.9985109
vn 0.6454422 0.0307919681 -0.763188243
vn -0.276629418 -0.0307913236 -0.960483253
vn -0.8056136 -0.03079055 -0.5916407
vn -0.2769256 -0.05496406 -0.9593181
vn -0.845415354 0.0285974424 -0.5333433
vn -0.846403241 0 -0.5325425
vn -0.3453236 0 -0.938483655
vn 0.0359884351 -0.9993449 0.003826389
vn 0.0359884351 -0.9993449 0.003826389
vn 0.0359884351 -0.9993449 0.003826389
vn -0.136502221 -0.9873321 0.0808854848
vn -0.136502221 -0.9873321 0.0808854848
vn -0.136502221 -0.9873321 0.0808854848
vn 0 -1 0
vn 0 -1 0
vn 0.0406284854 -0.9990989 0.0122795235
vn 0.0406284854 -0.9990989 0.0122795235
vn 0.0406284854 -0.9990989 0.0122795235
vn 0.04122181 -0.999102 0.009801589
vn 0.0007917611 -0.999999046 -0.001167814
vn 0.0007917611 -0.999999046 -0.001167814
vn 0.0007917611 -0.999999046 -0.001167814
vn -0.00162662973 -0.999989152 -0.004364104
vn -0.00162662973 -0.999989152 -0.004364104
vn -0.00162662973 -0.999989152 -0.004364104
vn 0.00162662973 -0.999989152 -0.004364104
vn 0.00162662973 -0.999989152 -0.004364104
vn 0.00162662973 -0.999989152 -0.004364104
vn -0.0007917611 -0.999999046 -0.00116934651
vn -0.0007917611 -0.999999046 -0.00116934651
vn -0.0007917611 -0.999999046 -0.00116934651
vn -0.0359884351 -0.9993449 0.0038256587
vn -0.0359884351 -0.9993449 0.0038256587
vn -0.0359884351 -0.9993449 0.0038256587
vn -0.156206116 -0.08691507 -0.983893037
vn -0.381354123 -0.08240957 -0.9207484
vn -0.155900732 -0.09179916 -0.9834978
vn -0.482032359 0.0191702265 -0.8759437
vn -0.481766641 0.0144532137 -0.8761804
vn -0.265401036 0.0134428572 -0.9640444
vn 0.07753355 0.137011915 -0.9875304
vn 0.3064662 0.111108184 -0.9453748
vn 0.0776067 0.138983339 -0.987249136
vn 0.438850045 -0.027140582 -0.8981503
vn 0.438548118 -0.0211685151 -0.8984584
vn 0.2184598 -0.0174520835 -0.9756899
vn -0.9330524 0 0.359740436
vn -0.958637 0 -0.28463164
vn -0.9331029 0.0286019761 0.358470321
vn -0.9343925 -0.05496663 -0.351979166
vn -0.9351496 -0.03079311 -0.352912158
vn -0.95604974 -0.030793136 0.2915831
vn -0.7732184 0.0307864659 -0.633392036
vn -0.225476652 0.0307869855 -0.973762035
vn -0.7720344 0.05495506 -0.633200467
vn -0.156090528 -0.02859317 -0.9873288
vn -0.15496847 0 -0.98791945
vn -0.725808561 0 -0.6878968
vn 0.0284616165 -0.9993805 0.0207001474
vn 0.0284616165 -0.9993805 0.0207001474
vn 0.0284616165 -0.9993805 0.0207001474
vn 0.0133187445 -0.998798549 0.0471602567
vn 0.0133187445 -0.998798549 0.0471602567
vn 0.0133187445 -0.998798549 0.0471602567
vn 0.0307438876 -0.9995139 0.00517130457
vn 0.0307438876 -0.9995139 0.00517130457
vn 0.0307438876 -0.9995139 0.00517130457
vn 0.0104838256 -0.999789834 -0.0176176373
vn 0.0104838256 -0.999789834 -0.0176176373
vn 0.0104838256 -0.999789834 -0.0176176373
vn 0 -1 3.68815972E-06
vn 0 -1 3.68815972E-06
vn 0 -1 3.68815972E-06
vn -0.0104838181 -0.999789834 -0.0176176243
vn -0.0104838181 -0.999789834 -0.0176176243
vn -0.0104838181 -0.999789834 -0.0176176243
vn -0.0307438746 -0.9995139 0.00516949967
vn -0.0307438746 -0.9995139 0.00516949967
vn -0.0307438746 -0.9995139 0.00516949967
vn -0.0277144182 -0.9996155 0.000896814337
vn -0.021420313 -0.9995292 0.0219682381
vn -0.021420313 -0.9995292 0.0219682381
vn -0.03133063 -0.99927 0.0218577869
vn -0.0173243154 -0.9993066 0.0329571441
vn -0.0173243154 -0.9993066 0.0329571441
vn -0.0173243154 -0.9993066 0.0329571441
vn -0.0280674323 -0.999403238 0.0201352146
vn -0.0280674323 -0.999403238 0.0201352146
vn -0.0280674323 -0.999403238 0.0201352146
vn -0.0161074866 -0.9988125 0.04598016
vn -0.0161074866 -0.9988125 0.04598016
vn -0.0161074866 -0.9988125 0.04598016
vn 0.998384356 -0.0362776257 -0.04373387
vn 0.998384356 -0.0362776257 -0.04373387
vn 0.998384356 -0.0362776257 -0.04373387
vn 0.119611673 0.592857063 0.7963753
vn 0.130087867 0.593099058 0.794550657
vn 0.128244534 0.592728 0.7951269
vn 0.2785705 0.5985059 0.7511253
vn 0.449914843 0.5891361 0.6711894
vn 0.229385376 0.583955944 0.7787027
vn 0.240357861 0.611701667 0.7536904
vn 0.28770265 0.6065707 0.7411472
vn 0.4187533 0.5851257 0.69445926
vn 0.401908636 0.575071156 0.7125746
vn 0.5024213 0.5730689 0.647429466
vn 0.4748165 0.5710151 0.6696947
vn 0.628721654 0.6125936 0.478997
vn 0.6595236 0.636803269 0.39938733
vn 0.6577278 0.566218555 0.4967803
vn 0.8554094 0.0607353561 -0.514379263
vn 0.8554094 0.0607353561 -0.514379263
vn 0.8554094 0.0607353561 -0.514379263
vn 0.8658316 0.0211177766 -0.4998897
vn 0.8658316 0.0211177766 -0.4998897
vn 0.8659867 -3.98299846E-07 -0.500067055
vn 0.8659867 -3.98299846E-07 -0.500067055
vn 0.8631255 0.0187506936 -0.5046413
vn 0.8631255 0.0187506936 -0.5046413
vn 0.8631255 0.0187506936 -0.5046413
vn 0.8864425 0.008755001 -0.462755948
vn 0.8864425 0.008755001 -0.462755948
vn 0.8864425 0.008755001 -0.462755948
vn -0.374440163 -0.547391355 -0.74843657
vn -0.240168378 -0.5358051 -0.8094641
vn -0.549471259 -0.5660669 -0.614531934
vn -0.328623235 -0.4610941 -0.8242566
vn -0.213670745 -0.444369346 -0.8699889
vn -0.195698217 -0.444599271 -0.8740902
vn -0.752568841 -0.589383245 -0.293713272
vn -0.815898061 -0.577209055 0.0337655731
vn -0.7960809 -0.593190432 -0.1199181
vn -0.469817936 -0.5330865 0.7036263
vn -0.152769744 -0.486582458 0.860173762
vn -0.272702873 -0.507461131 0.8173839
vn -0.141411915 -0.4632643 0.8748651
vn 0.0107406974 -0.36826387 0.9296593
vn -0.290806055 -0.4886009 0.8226184
vn 0.141403913 -0.463265747 0.8748656
vn 0.2907978 -0.488602519 0.8226204
vn 0.152777448 -0.486584157 0.860171437
vn 0.469824582 -0.533086538 0.7036218
vn 0.272709817 -0.507461846 0.8173811
vn 0.815898061 -0.577209055 0.033766143
vn 0.75256896 -0.589383364 -0.2937129
vn 0.7960809 -0.593190551 -0.119917728
vn 0.5763409 -0.489642173 -0.6542796
vn 0.25679335 -0.453513771 -0.8534532
vn 0.40002048 -0.455316722 -0.7954058
vn 0.193223476 -0.360916048 -0.912362
vn 0.210670859 -0.362281978 -0.907948
vn 0.329300255 -0.366759539 -0.870085537
vn 0.810989 -0.0292344224 -0.584330559
vn 0.700659156 -0.0282268785 -0.7129376
vn 0.7006426 -0.02896509 -0.7129243
vn 0.07803777 -0.01024488 0.9968978
vn -0.0288579725 -0.02161716 0.9993498
vn 0.126685813 -0.000293847173 0.9919429
vn 0.028928645 0.025050018 0.9992675
vn -0.213713452 -0.052267056 0.9754972
vn 0.189512461 0.0572119765 0.9802101
vn -0.3455731 0.009456177 0.93834424
vn -0.370580673 0.009812885 0.9287484
vn -0.392316729 0.0101581747 0.9197741
vn -0.870279849 -0.1005633 0.4821825
vn -0.9845852 -0.07482732 0.1580911
vn -0.870310247 -0.104814932 0.481221318
vn -0.847158 -0.132708758 -0.514501452
vn -0.97725004 -0.0592088029 -0.203658283
vn -0.8467151 -0.1227525 -0.517692447
vn -0.6882513 0.0601071529 -0.7229781
vn -0.8389442 0.0213624 -0.543798
vn -0.7446758 0.033589825 -0.666580558
vn -0.810989 -0.0292344075 -0.584330559
vn -0.7006426 -0.0289651416 -0.7129243
vn -0.700659156 -0.0282269064 -0.712937653
vn -0.7820806 -0.009738204 -0.6231013
vn -0.6885213 0.0317433476 -0.7245211
vn -0.727857232 0.017888872 -0.6854953
vn -0.5410842 0.0498037338 -0.83949244
vn -0.425162524 0.00773822144 -0.905083954
vn -0.500151932 0.0452007838 -0.8647572
vn -0.393140137 -0.0292599257 -0.9190129
vn -0.3061592 -0.0377971679 -0.9512297
vn -0.5288452 0.00657551 -0.848692834
vn 0.8373456 0.0182741862 -0.546368361
vn 0.686968 0.05846866 -0.7243317
vn 0.7432026 0.0308196433 -0.66835624
vn 0.7276648 0.0132258814 -0.6858054
vn 0.688817263 0.02939339 -0.7243389
vn 0.7817402 -0.016134562 -0.6233955
vn 0.498404324 0.0606653579 -0.8648195
vn 0.4235639 0.0248623025 -0.905525
vn 0.539556742 0.063289836 -0.8395671
vn 0.6046809 0.204017922 -0.76989466
vn 0.388503671 0.194333673 -0.90072155
vn 0.43101418 0.195242584 -0.880969465
vn 0.846715748 -0.122752495 -0.5176913
vn 0.977250338 -0.05920883 -0.2036569
vn 0.8471587 -0.132708833 -0.5145004
vn 0.9842528 -0.0769552961 0.1591361
vn 0.8695363 -0.09997799 0.4836435
vn 0.869536161 -0.10435576 0.48271814
vn -0.1575975 0.9772544 0.141904548
vn -0.1575975 0.9772544 0.141904548
vn -0.1575975 0.9772544 0.141904548
vn -0.178626969 0.94919616 0.2590735
vn -0.178626969 0.94919616 0.2590735
vn -0.178626969 0.94919616 0.2590735
vn -0.05183625 0.991846 0.116423525
vn -0.05183625 0.991846 0.116423525
vn -0.05183625 0.991846 0.116423525
vn -0.046321094 0.9687585 0.243641675
vn -0.046321094 0.9687585 0.243641675
vn -0.046321094 0.9687585 0.243641675
vn 0 0.992116034 0.125322774
vn 0 0.992116034 0.125322774
vn 0 0.992116034 0.125322774
vn 0.0463250652 0.968757 0.243647322
vn 0.0463250652 0.968757 0.243647322
vn 0.0463250652 0.968757 0.243647322
vn 0.05183776 0.9918451 0.116430894
vn 0.05183776 0.9918451 0.116430894
vn 0.05183776 0.9918451 0.116430894
vn 0.133894682 0.9687069 0.208995581
vn 0.133894682 0.9687069 0.208995581
vn 0.133894682 0.9687069 0.208995581
vn 0.113820195 0.988201559 0.102482639
vn 0.113820195 0.988201559 0.102482639
vn 0.113820195 0.988201559 0.102482639
vn -0.0734611154 0.9793694 -0.188252717
vn -0.0734611154 0.9793694 -0.188252717
vn -0.0734611154 0.9793694 -0.188252717
vn 0.09259188 0.9925465 -0.0792355537
vn 0.09259188 0.9925465 -0.0792355537
vn 0.09259188 0.9925465 -0.0792355537
vn -0.8729874 -0.12157663 0.4723476
vn -0.8729874 -0.12157663 0.4723476
vn -0.8729874 -0.12157663 0.4723476
vn -0.486197978 0.190481067 -0.8528356
vn -0.37145865 0.237479284 -0.89756453
vn -0.486640126 0.19096449 -0.8524752
vn 0.867928 -0.122418657 0.481367379
vn 0.867928 -0.122418657 0.481367379
vn 0.867928 -0.122418657 0.481367379
vn -0.85178864 -0.140060261 -0.504816055
vn -0.85178864 -0.140060261 -0.504816055
vn -0.85178864 -0.140060261 -0.504816055
vn 0.8658985 -0.129793 -0.4830875
vn 0.8658985 -0.129793 -0.4830875
vn 0.8658985 -0.129793 -0.4830875
vn -0.863374233 0.0174627639 -0.5042619
vn -0.863374233 0.0174627639 -0.5042619
vn -0.863374233 0.0174627639 -0.5042619
vn -0.8775754 0.008788104 -0.479358137
vn -0.8775754 0.008788104 -0.479358137
vn -0.8775754 0.008788104 -0.479358137
vn -0.9985983 0.00269318325 -0.0528610051
vn -0.9985983 0.00269318325 -0.0528610051
vn -0.9985983 0.00269318325 -0.0528610051
vn -0.422937721 0.580551744 0.695761
vn -0.412754357 0.582397461 0.7003193
vn -0.420250684 0.5808817 0.697112441
vn -0.2251648 0.5942812 0.772095
vn -0.171774834 0.5923352 0.7871674
vn -0.2718968 0.59146446 0.75910604
vn -0.227880955 0.596125543 0.769873142
vn -0.448041081 0.601390243 0.661505044
vn -0.323897 0.599728048 0.731721938
vn -0.474202871 0.5716462 0.6695911
vn -0.50179714 0.57375747 0.6473036
vn -0.4012442 0.5757694 0.712385237
vn -0.658378959 0.5659915 0.4961761
vn -0.660069168 0.6366328 0.3987573
vn -0.629331768 0.612457931 0.478368878
vn 0.9530117 0.0246040653 0.3019328
vn 0.9663493 0.0264387615 -0.255871177
vn 0.9970964 0.018200187 0.07394256
vn 0.998518765 -0.0161623843 -0.0519529469
vn 0.9551644 -0.0166128 -0.295609742
vn 0.9605776 -0.0277834963 0.276620328
vn 0.9764531 -0.0323892534 -0.2132845
vn 0.7099611 -0.0318569355 -0.70352
vn 0.892601967 -0.0344983451 -0.449523717
vn 0.219381452 -0.03239809 -0.9751011
vn 0.497021437 -0.03455308 -0.867050052
vn -0.340236932 -0.0330114923 -0.9397601
vn -0.0628696 -0.03465998 -0.9974197
vn -0.7914506 -0.0334341936 -0.610318
vn -0.6002196 -0.03414189 -0.79910624
vn 0.7485767 -0.0388238877 -0.6619106
vn 0.5479108 -0.0378856361 -0.835678458
vn 0.916669846 -0.0384509526 -0.3977914
vn 0.2769013 -0.0389124453 -0.9601101
vn -0.0002617836 -0.0374371558 -0.99929893
vn -0.280311078 -0.0392324068 -0.959107161
vn -0.5483223 -0.0369686149 -0.8354496
vn -0.750406146 -0.0406229421 -0.6597275
vn -0.9167217 -0.03779766 -0.397734463
vn -0.98927784 -0.028204998 -0.143296659
vn -0.9987399 0.00105948013 -0.0501751378
vn -0.960832834 -0.00885585 0.276987165
vn -0.9554184 0.00161522639 -0.295250952
vn -0.98668 0.0100386376 -0.162363455
vn -0.920075059 0.008259139 0.391655058
vn -0.9858007 0.00348713552 0.167883366
vn -0.117502496 0.9263879 -0.357768953
vn -0.117502496 0.9263879 -0.357768953
vn -0.117502496 0.9263879 -0.357768953
vn 0.0198552161 0.9998029 -0.000203237942
vn 0.0198552161 0.9998029 -0.000203237942
vn 0.0198552161 0.9998029 -0.000203237942
vn 0.116371989 0.9272743 -0.355837047
vn 0.116371989 0.9272743 -0.355837047
vn 0.116371989 0.9272743 -0.355837047
vn -0.01978327 0.999804258 -0.000264819333
vn -0.01978327 0.999804258 -0.000264819333
vn -0.01978327 0.999804258 -0.000264819333
vn 0.8114573 0.181370452 -0.5555555
vn 0.670537055 0.5340659 -0.514930844
vn 0.8068153 0.178369939 -0.5632346
vn 0.644726038 0.7591924 -0.089191854
vn 0.400282264 0.913047433 0.07822123
vn 0.670636654 0.7311819 -0.1249783
vn -0.8005396 0.1916329 -0.5678144
vn -0.80347836 0.192875162 -0.563224435
vn -0.680709243 0.5471275 -0.487120569
vn -0.671923339 0.7300234 -0.124839239
vn -0.4020608 0.912238538 0.0785366
vn -0.6459283 0.758170247 -0.0891876
vn -0.484145969 -0.07017676 -0.872168541
vn -0.884539664 -0.06219193 -0.46230045
vn -0.484134942 -0.0706193 -0.8721389
vn -0.9178114 -2.18600035E-05 -0.3970167
vn -0.9178113 -1.37549087E-05 -0.397016883
vn -0.549093246 1.58921484E-05 -0.8357611
vn -0.0427838825 0.998730361 0.0265935529
vn -0.0427838825 0.998730361 0.0265935529
vn -0.0427838825 0.998730361 0.0265935529
vn 0.0421090573 0.9921147 0.118047521
vn 0.0421090573 0.9921147 0.118047521
vn 0.0421090573 0.9921147 0.118047521
vn 0.131413832 0.989318252 -0.0630858541
vn 0.131413832 0.989318252 -0.0630858541
vn 0.131413832 0.989318252 -0.0630858541
vn -0.0295622088 0.9994727 -0.0134326778
vn -0.0295622088 0.9994727 -0.0134326778
vn -0.0295622088 0.9994727 -0.0134326778
vn -0.6345419 -0.6649123 -0.394015551
vn -0.739807546 -0.6727124 -0.0119541818
vn -0.7465852 -0.6651889 -0.0115893036
vn -0.7397955 -0.672725558 0.0119598052
vn -0.6345261 -0.6649254 0.394019
vn -0.7465716 -0.6652041 0.01159177
vn -0.7570189 -0.65338707 -0.00276169158
vn -0.598711431 -0.659808934 0.454088956
vn -0.655352831 -0.651165545 0.382748038
vn -0.5677976 -0.663290441 0.487495273
vn -0.323134333 -0.660827756 0.677414834
vn -0.6244616 -0.6609015 0.4162414
vn -0.568536937 -0.658805132 0.4926881
vn -0.15097788 -0.659005463 0.7368294
vn -0.323162615 -0.654416442 0.6835972
vn -0.127017081 -0.660195 0.740276456
vn 0.09435577 -0.6608544 0.7445592
vn -0.300345242 -0.6608607 0.6877905
vn -0.121257544 -0.653167844 0.7474413
vn 0.354477555 -0.6618176 0.6605627
vn 0.102876164 -0.65376085 0.7496754
vn 0.370656252 -0.658550858 0.6549235
vn 0.483173043 -0.6576411 0.5779723
vn 0.120398067 -0.657601058 0.7436836
vn 0.417651922 -0.6696905 0.614069641
vn 0.7286599 -0.6396135 0.244845539
vn 0.532790065 -0.651853561 0.5396496
vn 0.7666632 -0.614388943 0.186423868
vn 0.8024135 -0.577626 0.149935946
vn 0.583420634 -0.6605877 0.47248733
vn 0.718304157 -0.6048531 0.343790442
vn 0.752585 -0.653166 -0.08360671
vn 0.7634961 -0.5688728 0.305708021
vn 0.7168757 -0.6343032 0.2893938
vn 0.724149466 -0.6620956 -0.192968845
vn 0.7477853 -0.646171451 -0.1525767
vn 0.700130761 -0.6621907 -0.267058939
vn 0.503406346 -0.6576262 -0.560454965
vn 0.718856037 -0.6577184 -0.225061
vn 0.698051631 -0.6623338 -0.2720992
vn 0.392978817 -0.6530832 -0.647340655
vn 0.5021002 -0.6520811 -0.5680543
vn 0.369609177 -0.6617128 -0.652322948
vn 0.1191758 -0.6608349 -0.741009
vn 0.4819317 -0.66087544 -0.575313449
vn 0.363160878 -0.6589939 -0.658666253
vn -0.112976156 -0.6588369 -0.743754268
vn 0.111628644 -0.6554403 -0.7469519
vn -0.126991749 -0.66019094 -0.7402844
vn -0.300323337 -0.660859942 -0.687800944
vn 0.09437856 -0.660846651 -0.7445632
vn -0.144729346 -0.6532195 -0.743207753
vn -0.5605205 -0.6629805 -0.496259719
vn -0.315713435 -0.6530506 -0.688367665
vn -0.569485962 -0.6602625 -0.489631653
vn -0.62638706 -0.657688141 -0.418432325
vn -0.325050265 -0.6576122 -0.679623842
vn -0.6046198 -0.6599576 -0.445971966
vn -0.763989866 -0.6451461 0.0102993893
vn -0.662797332 -0.647900462 -0.375399381
vn -0.7093338 -0.6005402 0.3690489
vn -0.7765549 -0.600583553 -0.190425649
vn -0.7141587 -0.594500959 0.36952123
vn -0.995982647 -0.0895464644 0.000117527328
vn -0.9980132 -0.06300267 -0.00059735775
vn -0.8392558 -0.06300256 0.5400744
vn -0.84432 -0.5306689 -0.07425805
vn -0.611110866 -0.5307539 -0.587234
vn -0.8475459 -0.5252802 -0.07580663
vn -0.83740896 -0.09212857 -0.538756549
vn -0.8386635 -0.07183549 -0.5398919
vn -0.9974162 -0.0718353242 0.0007815957
vn -0.797007263 -0.351219356 -0.491349518
vn -0.365512639 -0.374804616 -0.8520106
vn -0.7913368 -0.374800622 -0.483022451
vn -0.896018267 -0.121096164 0.427185
vn -0.891884744 -0.152311832 0.425843567
vn -0.519126654 -0.120976061 0.8460924
vn -0.7805386 -0.411481053 0.470577121
vn -0.354710281 -0.4114827 0.839561
vn -0.366723716 -0.3785781 0.849819
vn -0.522295535 -0.129654631 0.842850566
vn 0.0189907737 -0.102554582 0.994546056
vn -0.5243399 -0.102552481 0.845311
vn -0.40269503 -0.4045475 0.8210834
vn 0.155020922 -0.404552281 0.901280165
vn 0.150979266 -0.3739028 0.9150967
vn 0.024308322 -0.1352597 0.990511954
vn 0.5604621 -0.110073924 0.8208325
vn 0.024112165 -0.110074028 0.9936309
vn 0.1065136 -0.3973188 0.9114783
vn 0.619091153 -0.397318959 0.6773949
vn 0.6228824 -0.368907481 0.689873
vn 0.6394105 -0.04738536 0.76740396
vn 0.9519255 -0.0666877255 0.2989826
vn 0.6399645 -0.0388429053 0.7674221
vn 0.8865625 -0.3221703 0.331983745
vn 0.869232237 -0.443763077 -0.217967063
vn 0.876253366 -0.4281337 -0.221091852
vn 0.960674167 -0.190334469 -0.202182814
vn 0.694393 -0.173979 -0.6982476
vn 0.9635596 -0.173971057 -0.203191951
vn 0.897844434 -0.367789179 -0.242087811
vn 0.593196452 -0.3677901 -0.7161344
vn 0.6000818 -0.349186748 -0.7197017
vn 0.7008478 -0.187326223 -0.6882741
vn 0.209375754 -0.170442 -0.962866247
vn 0.702780962 -0.170436054 -0.690688431
vn 0.624069333 -0.369962066 -0.6882336
vn 0.111498989 -0.369967639 -0.9223296
vn 0.1155473 -0.350717753 -0.9293255
vn 0.219876543 -0.1842243 -0.9579748
vn -0.3420478 -0.1668102 -0.924758136
vn 0.220233083 -0.166800544 -0.961080134
vn 0.152967989 -0.37202245 -0.9155327
vn -0.4047479 -0.372016877 -0.8353338
vn -0.405119449 -0.352117121 -0.8437368
vn -0.328756779 -0.184234083 -0.926270366
vn -0.785202563 -0.1641946 -0.597073853
vn -0.330216646 -0.164182708 -0.929516554
vn 0.6917276 -0.721963644 0.01677511
vn 0.6917276 -0.721963644 0.01677511
vn 0.6917276 -0.721963644 0.01677511
vn 0.185721859 -0.965771437 0.181088209
vn 0.185721859 -0.965771437 0.181088209
vn 0.185721859 -0.965771437 0.181088209
vn -0.993513167 0.112111442 -0.0190444738
vn -0.993513167 0.112111442 -0.0190444738
vn -0.993513167 0.112111442 -0.0190444738
vn -0.997857034 0.0654318 0
vn -0.997857034 0.0654318 0
vn -0.997857034 0.0654318 0
vn 0.9330524 0 0.359740436
vn 0.958637 0 -0.28463164
vn 0.9331029 -0.0286019761 0.358470321
vn 0.9343925 0.05496663 -0.351979166
vn 0.9351496 0.03079311 -0.352912158
vn 0.95604974 0.030793136 0.2915831
vn 0.7732184 -0.0307864659 -0.633392036
vn 0.225476652 -0.0307869855 -0.973762035
vn 0.7720344 -0.05495506 -0.633200467
vn 0.156089231 0.0285931583 -0.987329
vn 0.154967278 0 -0.9879196
vn 0.7258078 0 -0.687897563
vn -0.7780454 0 0.6282081
vn -0.232782334 0 0.9725289
vn -0.776970148 -0.0285978243 0.628887534
vn -0.1624184 0.0549548976 0.985190451
vn -0.161987573 0.0307891369 0.9863123
vn -0.730606139 0.0307873785 0.6821047
vn 0.161987573 -0.0307891183 0.9863123
vn 0.730606139 -0.0307873581 0.6821047
vn 0.1624184 -0.05495488 0.985190451
vn 0.776969254 0.0285978112 0.6288887
vn 0.7780445 0 0.6282092
vn 0.2327811 0 0.9725292
vn -0.0596331768 -0.9980683 0.0174243879
vn -0.0596331768 -0.9980683 0.0174243879
vn -0.0596331768 -0.9980683 0.0174243879
vn -0.0515882 -0.99866116 -0.003812174
vn -0.0122858323 -0.999581039 0.0262079947
vn -0.0122858323 -0.999581039 0.0262079947
vn -0.0122858323 -0.999581039 0.0262079947
vn -0.02033713 -0.9997919 0.00159157254
vn -0.0203578416 -0.9997911 0.00182710611
vn 0 -1 2.71397857E-06
vn 0 -1 2.71397857E-06
vn 0 -1 2.71397857E-06
vn 0 -1 0
vn 0.0004190999 -0.9999936 0.00355007756
vn 0.0004190999 -0.9999936 0.00355007756
vn 0.0004190999 -0.9999936 0.00355007756
vn 0 -1 0
vn 0 -1 2.2389122E-06
vn 0 -1 2.2389122E-06
vn 0 -1 2.2389122E-06
vn 0.0401008725 -0.9990877 -0.0146864271
vn 0.03926832 -0.999081969 -0.0171225034
vn 0.04918353 -0.998663664 -0.0158706475
vn 0.04918353 -0.998663664 -0.0158706475
vn 0.04918353 -0.998663664 -0.0158706475
vn 0.0620519035 -0.9980683 0.00304166251
vn 0.01691884 -0.9995532 0.024641132
vn 0.01691884 -0.9995532 0.024641132
vn 0.01691884 -0.9995532 0.024641132
vn 0.02062766 -0.9997857 -0.001760978
vn 0.0202229824 -0.9997911 -0.00296818721
vn 0 -1 -3.120266E-06
vn 0 -1 -3.120266E-06
vn 0 -1 -3.120266E-06
vn 0 -1 0
vn 0.961325347 1.09450093E-05 0.275415272
vn 0.9836478 1.03496905E-05 -0.180102661
vn 0.961325347 -1.48043046E-05 0.275415272
vn 0.983647764 -1.09450084E-05 -0.180103138
vn 0.801355541 0.000129304986 -0.598188341
vn 0.801356 -1.09450093E-05 -0.598187745
vn 0.452364415 1.04584178E-05 -0.8918332
vn 0.452358156 -1.09450266E-05 -0.891836345
vn 0.009265497 1.04040582E-05 -0.9999571
vn 0.009266421 -1.09450084E-05 -0.9999571
vn 0.8457884 -5.62889954E-06 0.5335185
vn 0.69858557 -0.0117127141 0.7154307
vn 0.8457043 0.00559775857 0.533622444
vn 0.6817154 -0.0144580053 0.7314746
vn -0.2421481 1.09450066E-05 -0.9702393
vn -0.647799 1.0458426E-05 -0.7618113
vn -0.2421481 -1.47968522E-05 -0.9702393
vn -0.6478003 -1.09450166E-05 -0.7618102
vn -0.9187235 1.04584215E-05 -0.394901425
vn -0.9187235 -1.09450075E-05 -0.3949014
vn -0.9985323 1.02409585E-05 0.0541598722
vn -0.9985324 -1.09450057E-05 0.05415805
vn -0.870621443 1.04584242E-05 0.491953582
vn -0.870621443 -1.09450093E-05 0.491953641
vn -0.6980954 5.62890455E-06 0.7160048
vn -0.512578666 0.011707834 0.858560443
vn -0.697989345 -0.00559769245 0.716086268
vn -0.492383033 0.0144594256 0.8702585
vn -0.0229302756 -0.9995478 -0.01945427
vn -0.0229302756 -0.9995478 -0.01945427
vn -0.0229302756 -0.9995478 -0.01945427
vn -0.0268230047 -0.999631166 0.004252594
vn -0.03257863 -0.999295533 -0.0186311845
vn -0.02210794 -0.9993718 -0.0276973136
vn 0 -1 0
vn 0 -1 0
vn 0 -1 0
vn 0 -1 0
vn 0 -1 0
vn 0 -1 0
vn 0 -1 0
vn 0 -1 0
vn 0 -1 0
vn 0 -1 0
vn 0 -1 0
vn 0 -1 0
vn 0 -1 1.932568E-06
vn 0 -1 0
vn 0.815758646 -0.452957273 0.359677076
vn 0.682327151 -0.4448943 0.580085039
vn 0.6688692 -0.445798248 0.594876468
vn 0.593228757 -0.490212023 0.6385702
vn 0.7231184 -0.461702079 -0.5137421
vn 0.447720319 -0.466525048 -0.7628243
vn 0.5054188 -0.4598874 -0.730106533
vn 0.2179058 -0.4686134 -0.856106639
vn -0.621607 -0.4679134 -0.6282212
vn -0.6708309 -0.459556282 -0.582060158
vn -0.421120882 -0.4604164 -0.781456351
vn -0.8065695 -0.468376637 -0.360650837
vn -0.5125408 -0.4441765 0.7348532
vn -0.5288053 -0.4445715 0.7229946
vn -0.7030452 -0.470266372 0.533457637
vn -0.3894657 -0.46137017 0.7971537
vn -0.9187195 1.31498082E-05 -0.3949108
vn -0.9994677 -0.0266234688 -0.018857792
vn -0.999887466 1.19134775E-05 -0.0150032332
vn -0.9098219 1.03227785E-05 -0.414998859
vn -0.6786706 2.42143869E-06 -0.73444283
vn -0.6668353 1.20159248E-05 -0.7452051
vn -0.321271151 3.30805779E-06 -0.9469873
vn -0.299549878 -0.001524386 -0.954079449
vn -0.247212917 -0.004899289 -0.9689488
vn -0.9958844 -0.025130624 -0.08707869
vn -0.966068268 -0.00236394815 0.258276045
vn -0.9218572 9.42126E-06 0.387529731
vn -0.801339746 4.16114926E-06 0.59820956
vn -0.6888441 8.221716E-06 0.7249096
vn 0.0916759446 -1.17346637E-07 -0.9957889
vn 0.07178351 -0.00120838359 -0.9974195
vn 0.4747072 7.01099634E-06 -0.8801438
vn 0.488743722 -1.45128006E-05 -0.872427464
vn 0.788019538 -3.29641648E-06 -0.6156503
vn 0.801334 1.21146441E-05 -0.5982172
vn 0.9688465 1.013279E-05 -0.247662038
vn 0.9675274 -0.0266225114 -0.251360357
vn 0.9996611 -0.00236352533 0.0259263236
vn 0.9481384 -0.0251296647 -0.316862732
vn 0.986797154 1.80024665E-06 0.161961064
vn 0.9187232 5.044043E-06 0.394902
vn 0.838873446 8.713454E-06 0.5443265
vn 0.0394423 0.9988757 0.0262999162
vn 0.0394423 0.9988757 0.0262999162
vn 0.0394423 0.9988757 0.0262999162
vn 0.0349251963 0.997867763 0.05513742
vn -0.09077469 0.975823343 0.1988184
vn -0.09077469 0.975823343 0.1988184
vn -0.09077469 0.975823343 0.1988184
vn -0.055827003 0.9841973 0.168044567
vn -0.777483344 -0.0200114138 0.6285851
vn -0.777483344 -0.0200114138 0.6285851
vn -0.777483344 -0.0200114138 0.6285851
vn -0.7756744 0 0.6311333
vn -0.7744868 0.00211528852 0.6325866
vn 0.90062964 0.00211113947 0.434582323
vn 0.90062964 0.00211113947 0.434582323
vn 0.90062964 0.00211113947 0.434582323
vn 0.8986366 0.00721182 0.438634664
vn 0.9004568 -0.0240902714 0.4342779
vn -0.8467117 -0.04576649 0.5300799
vn -0.4160025 -0.04569518 0.9082147
vn -0.8466968 -0.04626766 0.5300603
vn -0.445239216 -0.07328339 0.8924078
vn 0.14006424 -0.05506677 0.98860997
vn 0.11782892 -0.07321802 0.990331
vn 0.658683658 -0.05613628 0.750323
vn 0.642260551 -0.07311025 0.7629917
vn 0.0159120448 0.999804854 0.0117080016
vn 0.0159120448 0.999804854 0.0117080016
vn 0.0159120448 0.999804854 0.0117080016
vn 0.0157397669 0.99982053 0.0105461143
vn 0.0182877146 0.999824345 0.00411727559
vn 0.0182877146 0.999824345 0.00411727559
vn 0.0182877146 0.999824345 0.00411727559
vn 0.0241172649 0.9989381 0.0392565
vn 0 1 0
vn 0 1 0
vn 0 1 0
vn 0.0300324857 0.9980296 -0.0550903454
vn 0.0300324857 0.9980296 -0.0550903454
vn 0.0300324857 0.9980296 -0.0550903454
vn 0.0479302555 0.9980556 -0.03984788
vn 0.0454963632 0.9977902 -0.04842333
vn 0.0242497642 0.9983209 -0.0526052825
vn 0.0114954645 0.9977671 -0.065793395
vn -0.0348441936 0.998024762 -0.0522730835
vn -0.0348441936 0.998024762 -0.0522730835
vn -0.0348441936 0.998024762 -0.0522730835
vn -0.020813385 0.9986251 -0.0481113456
vn -0.0425729826 0.9987018 -0.0279698484
vn -0.0256475378 0.9996704 -0.001161718
vn -0.0169688351 0.999821246 0.008337745
vn -0.0127500631 0.999664664 0.0225393232
vn -0.0127500631 0.999664664 0.0225393232
vn 0.004566667 0.999633431 0.0266870055
vn 0 1 0
vn 0 1 0
vn 0 1 8.3696716E-07
vn -0.037547268 0.9992361 -0.0108383428
vn -0.037547268 0.9992361 -0.0108383428
vn -0.037547268 0.9992361 -0.0108383428
vn 0.004566667 0.999633431 0.0266870055
vn 0.004566667 0.999633431 0.0266870055
vn -0.001709654 0.999741733 0.02266244
vn -0.986509264 0.119878136 0.1114839
vn -0.986509264 0.119878136 0.1114839
vn -0.986509264 0.119878136 0.1114839
vn -0.9883234 0.08606871 0.125734121
vn 0.000324872817 1 -3.731155E-05
vn 0.000324872817 1 -3.731155E-05
vn 0.000324872817 1 -3.731155E-05
vn -2.70934379E-05 1 -0.000229422993
vn -0.10336145 0.09261036 -0.990323067
vn -0.10336145 0.09261036 -0.990323067
vn -0.10336145 0.09261036 -0.990323067
vn -0.117099829 0.0683373 -0.990766168
vn 0.06126177 -0.9980686 -0.010302525
vn 0.06126177 -0.9980686 -0.010302525
vn 0.06126177 -0.9980686 -0.010302525
vn 0.0507826358 -0.9986613 0.009839969
vn 0.0152784791 -0.9995809 -0.0245883577
vn 0.0152784791 -0.9995809 -0.0245883577
vn 0.0152784791 -0.9995809 -0.0245883577
vn 0.0203822386 -0.9997919 0.0008090619
vn 0.0204315651 -0.9997911 0.000575665152
vn 0 -1 0
vn 0 -1 0
vn 0 -1 0
vn 0 -1 0
vn 0 -0.9999936 -0.003572316
vn 0 -0.9999936 -0.003572316
vn 0 -0.9999936 -0.003572316
vn 0 -1 -6.588164E-06
vn 0 -1 0
vn 0 -1 0
vn 0 -1 0
vn -0.041544605 -0.9990878 0.0098784985
vn -0.0410033129 -0.999082148 0.0123932278
vn -0.0507071055 -0.998663664 0.00998599548
vn -0.0507071055 -0.998663664 0.00998599548
vn -0.0507071055 -0.998663664 0.00998599548
vn -0.06126174 -0.9980686 -0.0103037236
vn -0.0139092272 -0.9995531 -0.026461076
vn -0.0139092272 -0.9995531 -0.026461076
vn -0.0139092272 -0.9995531 -0.026461076
vn -0.020691907 -0.9997857 -0.0006728687
vn -0.0204315651 -0.9997911 0.000574527541
vn 0 -1 0
vn 0 -1 0
vn 0 -1 0
vn 0 -1 0
vn 0 -1 0
vn -0.9223509 1.09450039E-05 -0.386353284
vn -0.9979885 1.06758989E-05 0.0633953363
vn -0.9223509 -1.48490062E-05 -0.386353344
vn -0.9979887 -1.09450048E-05 0.06339276
vn -0.866032958 0.000129468172 0.499987
vn -0.866035163 -1.0945E-05 0.499983132
vn -0.553912938 1.02953718E-05 0.8325746
vn -0.553890646 -1.09472112E-05 0.832589447
vn -0.126566947 1.03497487E-05 0.9919581
vn -0.1265803 -1.09450011E-05 0.991956353
vn -0.777307451 -5.628891E-06 -0.6291209
vn -0.6098046 -0.0117076272 -0.7924654
vn -0.7772118 0.00559753831 -0.629214168
vn -0.5911317 -0.0144575387 -0.8064455
vn 0.126581624 1.09449966E-05 0.9919562
vn 0.553894639 1.03497077E-05 0.832586765
vn 0.126581565 -1.47670517E-05 0.991956234
vn 0.5539215 -1.09472121E-05 0.832568944
vn 0.86602217 1.02953882E-05 0.500005662
vn 0.866035461 -1.09472212E-05 0.499982685
vn 0.9979867 1.05128038E-05 0.06342414
vn 0.9979864 -1.0945002E-05 0.06342866
vn 0.9223499 1.07302649E-05 -0.386355728
vn 0.9223509 -1.09450039E-05 -0.386353284
vn 0.777307451 5.628891E-06 -0.6291209
vn 0.6098046 0.0117076272 -0.7924654
vn 0.7772118 -0.00559753831 -0.629214168
vn 0.5911317 0.0144575387 -0.8064455
vn 0.0204879083 -0.9995478 0.0220121033
vn 0.0204879083 -0.9995478 0.0220121033
vn 0.0204879083 -0.9995478 0.0220121033
vn 0.027138019 -0.999631166 -0.00107536744
vn 0.0301653929 -0.9992955 0.0223282985
vn 0.01870526 -0.999371946 0.0300979987
vn 0 -1 -9.500001E-07
vn 0 -1 -9.500001E-07
vn 0 -1 -9.500001E-07
vn 0 -1 0
vn 0 -1 -1.80592372E-06
vn 0 -1 0
vn 0 -1 -1.24168912E-06
vn 0 -1 -1.24168912E-06
vn 0 -1 0
vn 0 -1 0
vn 0 -1 0
vn 0 -1 0
vn 0 -1 1.93254732E-06
vn 0 -1 -9.500001E-07
vn -0.7679115 -0.4529521 -0.4529309
vn -0.6095332 -0.444891542 -0.656156063
vn -0.5944327 -0.445795566 -0.6692654
vn -0.514144957 -0.490214944 -0.703807
vn -0.778428733 -0.461698353 0.425303817
vn -0.5341751 -0.466520578 0.704993248
vn -0.5876083 -0.459863067 0.6657646
vn -0.316896021 -0.4686153 0.824606955
vn 0.5435549 -0.467931271 0.6968417
vn 0.5978682 -0.4595614 0.6567777
vn 0.32647866 -0.4604222 0.8254836
vn 0.75865674 -0.4683796 0.452836126
vn 0.595223 -0.444186658 -0.669632554
vn 0.6099918 -0.4445629 -0.6559527
vn 0.7608011 -0.470280379 -0.447233915
vn 0.4803913 -0.461354434 -0.7459064
vn 0.866037846 1.14967115E-05 0.4999785
vn 0.990344048 -0.02662371 0.136051312
vn 0.9912148 1.00284815E-05 0.132261679
vn 0.854819953 6.990041E-06 0.5189248
vn 0.5877702 -1.69873226E-06 0.8090279
vn 0.574739933 1.34282755E-05 0.8183361
vn 0.20788984 4.91738274E-06 0.9781522
vn 0.185511574 -0.00152613188 0.9826409
vn 0.131807327 -0.00491053052 0.9912632
vn 0.978778 -0.0251307916 0.20337683
vn 0.9897068 -0.002364035 -0.143090323
vn 0.960973859 9.343028E-06 -0.276639163
vn 0.866014957 3.7439163E-06 -0.50001806
vn 0.7691737 7.84546046E-06 -0.6390399
vn -0.20788984 5.001668E-06 0.9781522
vn -0.188318029 -0.00121454056 0.982107341
vn -0.574743867 1.05053177E-05 0.8183333
vn -0.587777734 -1.09667881E-05 0.8090225
vn -0.8548367 -4.41446872E-07 0.5188972
vn -0.866038 1.14762224E-05 0.499978125
vn -0.9912148 1.00466423E-05 0.132261664
vn -0.990344167 -0.0266236477 0.136050209
vn -0.9897069 -0.00236421847 -0.1430901
vn -0.978777945 -0.0251308437 0.203377053
vn -0.9609763 -1.354143E-06 -0.276630759
vn -0.866014957 3.72156478E-06 -0.50001806
vn -0.7691737 7.852912E-06 -0.6390398
vn -0.03608287 0.9988759 -0.0307405684
vn -0.03608287 0.9988759 -0.0307405684
vn -0.03608287 0.9988759 -0.0307405684
vn -0.0282104332 0.997866631 -0.0588760674
vn 0.113484204 0.9758234 -0.186788738
vn 0.113484204 0.9758234 -0.186788738
vn 0.113484204 0.9758234 -0.186788738
vn 0.07516849 0.98419416 -0.160348326
vn 0.845890462 -0.020012103 -0.5329811
vn 0.845890462 -0.020012103 -0.5329811
vn 0.845890462 -0.020012103 -0.5329811
vn 0.8443896 0 -0.535729647
vn 0.8433922 0.00211026683 -0.5372944
vn -0.8433922 0.00211026683 -0.5372944
vn -0.8433922 0.00211026683 -0.5372944
vn -0.8433922 0.00211026683 -0.5372944
vn -0.8409403 0.007205825 -0.541079938
vn -0.843259633 -0.0240884311 -0.536966443
vn 0.903085053 -0.045766037 -0.427016169
vn 0.519782245 -0.0457926653 -0.8530706
vn 0.9030678 -0.0462669 -0.426998615
vn 0.546912849 -0.07328576 -0.833975732
vn -0.023050962 -0.0550719276 -0.9982163
vn -0.0007967054 -0.073219575 -0.9973155
vn -0.5660537 -0.0561378226 -0.8224547
vn -0.5483085 -0.0731099546 -0.8330743
vn -0.0144273071 0.999804854 -0.0134950159
vn -0.0144273071 0.999804854 -0.0134950159
vn -0.0144273071 0.999804854 -0.0134950159
vn -0.0143924411 0.99982053 -0.0123227378
vn -0.0176779013 0.999824345 -0.00623406563
vn -0.0176779013 0.999824345 -0.00623406563
vn -0.0176779013 0.999824345 -0.00623406563
vn -0.019342728 0.998938143 -0.0418150462
vn 0 1 -1.67393227E-06
vn 0 1 -1.67393227E-06
vn 0 1 -1.67393227E-06
vn -0.0362902433 0.998029947 0.05117816
vn -0.0362902433 0.998029947 0.05117816
vn -0.0362902433 0.998029947 0.05117816
vn -0.0522741042 0.998055935 0.0339388773
vn -0.0508644879 0.9977902 0.0427493341
vn -0.030254703 0.998320937 0.0493964776
vn -0.0191389453 0.99776715 0.06398768
vn 0.0284644943 0.9980252 0.0559959523
vn 0.0284644943 0.9980252 0.0559959523
vn 0.0284644943 0.9980252 0.0559959523
vn 0.0150224268 0.99862504 0.0502227359
vn 0.038995333 0.99870193 0.0327697843
vn 0.0253317263 0.9996704 0.004168202
vn 0.0178308636 0.999821246 -0.00628995756
vn 0.0153073762 0.9996645 -0.0208940711
vn 0.0153073762 0.9996645 -0.0208940711
vn -0.00140309031 0.999633431 -0.0270390473
vn 0 1 1.178418E-06
vn 0 1 1.178418E-06
vn 0 1 -8.36966137E-07
vn 0.0360152423 0.999236047 0.0151732331
vn 0.0360152423 0.999236047 0.0151732331
vn 0.0360152423 0.999236047 0.0151732331
vn -0.00140309031 0.999633431 -0.0270390473
vn -0.00140309031 0.999633431 -0.0270390473
vn 0.00435701525 0.999741733 -0.0223043822
vn 0.9927754 0.119879879 0.005087047
vn 0.9927754 0.119879879 0.005087047
vn 0.9927754 0.119879879 0.005087047
vn 0.9962498 0.0860699862 -0.00885210652
vn -0.0003271347 1 0
vn -0.0003271347 1 0
vn -0.0003271347 1 0
vn 0 1 0.000232067337
vn -0.0135980453 0.09260491 0.995610058
vn -0.0135980453 0.09260491 0.995610058
vn -0.0135980453 0.09260491 0.995610058
vn 0 0.06833099 0.9976627
vn 0.0167319886 0.998036563 0.06035787
vn 0.0167319886 0.998036563 0.06035787
vn 0.0167319886 0.998036563 0.06035787
vn -0.0198557116 0.9812471 -0.191728413
vn -0.0198557116 0.9812471 -0.191728413
vn -0.0198557116 0.9812471 -0.191728413
vn -0.5269471 0.817926466 0.230917916
vn -0.5084146 0.860531747 0.0316192135
vn -0.5229211 0.8255404 0.21221824
vn -0.09542748 0.779588342 0.6189795
vn -0.0204350054 0.7810564 0.6241261
vn -0.227643177 0.740488231 0.632341564
vn 0.356113821 0.598004639 0.718034446
vn 0.4608403 0.650532365 0.60368365
vn 0.447698951 0.6153458 0.648779869
vn 0.634995937 0.7674515 0.08830826
vn 0.564775646 0.8218727 -0.07452321
vn 0.6398863 0.760572255 0.109888233
vn 0.7790665 0.424726754 -0.4611536
vn 0.689290941 0.407596678 -0.5989516
vn 0.781513751 0.406040251 -0.473674536
vn 0.249852836 0.8637493 -0.4376194
vn 0.213290244 0.8504502 -0.480876029
vn 0.376417369 0.8541687 -0.358755827
vn -0.06705177 0.1627838 -0.9843808
vn -0.210412845 0.170018971 -0.9627149
vn -0.141633958 0.119890578 -0.9826322
vn -0.24662672 0.8833397 -0.3986054
vn -0.3485657 0.8789159 -0.32559
vn -0.202923849 0.864123046 -0.46055758
vn -0.8930328 0.199328765 -0.403435826
vn -0.939362 0.230390966 -0.254006028
vn -0.941676855 0.210544392 -0.262518048
vn 0.998859644 -0.037891347 -0.0290469062
vn 0.950295031 -0.05245425 -0.3069004
vn 0.998819768 -0.03908996 -0.02882846
vn 0.721940756 0.0389368981 -0.690858543
vn 0.7220346 0.03830445 -0.6907958
vn 0.885928333 0.0508684255 -0.461024255
vn 0.549317658 -0.0483724475 -0.8342123
vn 0.293774515 -0.0619509 -0.9538651
vn 0.549478 -0.04970884 -0.8340281
vn -0.280781716 0.0590574481 -0.9579529
vn -0.280716151 0.058748845 -0.9579911
vn -0.00263502053 0.0801496655 -0.9967794
vn -0.442657918 -0.0375871919 -0.895902455
vn -0.673716843 -0.06657495 -0.7359847
vn -0.443255156 -0.0350780934 -0.895708859
vn -0.9810224 0.021623496 -0.192684844
vn -0.981062949 0.0232788641 -0.1922853
vn -0.887735546 0.05242886 -0.4573585
vn -0.9698379 0.008833636 -0.243590638
vn -0.998828948 -0.03269531 0.035663113
vn -0.9702088 0.0162347239 -0.2417255
vn -0.248044461 0.00339714438 0.9687427
vn -0.247281 0.00572432531 0.9689269
vn -0.5022802 0.06797568 0.862028956
vn -0.335694224 0.0109568238 0.941907346
vn -0.06215354 -0.03754126 0.9973603
vn -0.333230853 0.0192720778 0.9426483
vn 0.987721443 0.0336367972 0.152561218
vn 0.987709761 0.03060262 0.153274253
vn 0.903956354 0.0770863146 0.4206193
vn 0 -1 0
vn 0 -1 0
vn 0 -1 0
vn 0 -1 0
vn 0 -1 0
vn 0 -1 0
vn 0 -1 -1.95077041E-06
vn 0 -1 -1.95077041E-06
vn 0 -1 -1.95077041E-06
vn 0 -1 1.59689571E-05
vn 0 -1 1.59689571E-05
vn 0 -1 1.59689571E-05
vn 0 -1 0
vn 0 -1 0
vn 0 -1 0
vn 0 -1 0
vn 0 -1 0
vn 0 -1 0
vn 0 -1 1.87793E-05
vn 0 -1 1.87793E-05
vn 0 -1 1.87793E-05
vn 0 -1 0
vn 0 -1 0
vn 0 -1 0
vn -0.966498256 0.15217112 0.2067005
vn -0.9823773 0.163547337 -0.09048316
vn -0.9630498 0.167104527 0.211213276
vn -0.986480534 0.000563614 -0.1638775
vn -0.985371351 0.0226701349 -0.168906644
vn -0.9866579 0.08922029 0.1361835
vn -0.656984031 0.00167422276 -0.7539026
vn -0.6408663 -0.0185328741 -0.767428756
vn -0.813261 -0.1609441 -0.559199035
vn -0.7164763 0.0183158237 -0.6973709
vn -0.4956034 0.159993708 -0.853685737
vn -0.7019412 -0.001697548 -0.7122329
vn -0.09508794 -0.0274295453 -0.995090961
vn 0.209112182 -0.09445971 -0.973318756
vn -0.08988233 -0.005279035 -0.9959384
vn 0.163883746 0.0005606264 -0.9864795
vn 0.168913022 0.022666987 -0.9853703
vn -0.1361315 0.0892050043 -0.986666441
vn 0.7538993 0.00167496875 -0.656987846
vn 0.7674254 -0.0185320228 -0.6408704
vn 0.5591947 -0.160942465 -0.81326437
vn 0.7275278 0.104726121 -0.6780381
vn 0.8707605 0.2165602 -0.441449642
vn 0.7355247 0.09375437 -0.670979559
vn 0.9883202 -0.07415998 0.1331299
vn 0.9862709 -0.08491865 0.14162828
vn 0.9721223 -0.186557963 -0.142036527
vn 0.974697232 0.131235272 0.180949315
vn 0.8704139 0.2090783 0.44571954
vn 0.9746743 0.128999308 0.18267253
vn 0.6204836 -0.1417084 0.771309853
vn 0.6197903 -0.142943814 0.771639168
vn 0.8099474 -0.207329929 0.54863435
vn 0.477867842 0.140952229 0.8670495
vn 0.199400529 0.204944268 0.958247
vn 0.477364272 0.139856 0.867504239
vn -0.151818439 -0.09116527 0.9841951
vn -0.152117237 -0.0917153358 0.9840979
vn 0.141960979 -0.152875647 0.977996
vn -0.2814781 0.136421874 0.949820638
vn -0.54369 0.182603538 0.8191808
vn -0.2784644 0.1418471 0.9499142
vn -0.7734051 -0.197464064 0.6023724
vn -0.772883058 -0.19028002 0.605347335
vn -0.5486362 -0.216661662 0.807499945
vn -0.6803069 0.683129847 0.265548646
vn -0.622201145 0.667685747 0.4087316
vn -0.6663615 0.67066747 0.32583347
vn -0.552132249 0.6877889 0.471271068
vn -0.418026447 0.6772312 0.6054848
vn -0.574528 0.684392869 0.448914379
vn -0.5556925 0.694805562 0.4565645
vn -0.439511746 0.701155663 0.561435759
vn -0.416054517 0.697215438 0.583771646
vn -0.193095326 0.6955124 0.6920814
vn -0.040299613 0.708349645 0.7047104
vn -0.10231249 0.696380138 0.710342765
vn -0.05445544 0.7140525 0.6979711
vn 0.09987293 0.7310485 0.6749767
vn -0.117654882 0.7040511 0.700335264
vn 0.295521826 0.670949757 0.680068552
vn 0.422617823 0.6767335 0.6028482
vn 0.3548295 0.6598918 0.662298143
vn 0.449233949 0.722699344 0.5252567
vn 0.550165653 0.7498907 0.36739853
vn 0.425557226 0.7201636 0.547964931
vn 0.690781057 0.6811469 0.242611811
vn 0.720696032 0.686472654 0.09670889
vn 0.7236391 0.671853244 0.157986656
vn 0.697968543 0.7140586 0.0544082038
vn 0.6749738 0.73104465 -0.0999205038
vn 0.700338244 0.7040481 0.1176546
vn 0.680074 0.670944631 -0.29552123
vn 0.6028191 0.6767408 -0.422647685
vn 0.66229707 0.659869254 -0.354873449
vn 0.5252537 0.722700536 -0.449235529
vn 0.367394835 0.749892235 -0.550166
vn 0.547962248 0.7201647 -0.4255587
vn 0.242613986 0.6811372 -0.6907899
vn 0.09674813 0.686451435 -0.720711
vn 0.158025786 0.671833038 -0.7236492
vn 0.0544479527 0.7140452 -0.6979791
vn -0.09987786 0.731046 -0.6749787
vn 0.117649905 0.704049468 -0.7003377
vn -0.294940531 0.6741482 -0.6771517
vn -0.433646679 0.661855459 -0.611471951
vn -0.3545184 0.661129832 -0.661229253
vn -0.4728743 0.685488939 -0.5536197
vn -0.6005269 0.6847153 -0.4129558
vn -0.4504493 0.682276666 -0.5758421
vn -0.4622211 0.6921871 -0.5542822
vn -0.563891053 0.7021939 -0.434684545
vn -0.5851538 0.699375868 -0.410449117
vn -0.692072868 0.695506036 -0.193148822
vn -0.7047183 0.708341658 -0.0403011926
vn -0.7103591 0.696357131 -0.102355652
vn -0.69795835 0.7140681 -0.05441345
vn -0.674963057 0.7310546 0.09991995
vn -0.7003271 0.704058647 -0.117657632
vn 0.9260124 -0.335683137 -0.17267856
vn 0.849791 -0.384141266 -0.36095804
vn 0.9253288 -0.338971883 -0.169895977
vn 0.6886297 0.540665269 -0.4831876
vn 0.690424263 0.5392021 -0.482260823
vn 0.7504949 0.5915866 -0.294589072
vn 0.443216145 -0.5837614 -0.680280864
vn 0.2522335 -0.6320983 -0.7326868
vn 0.4445766 -0.585866868 -0.677577853
vn 0.112700343 0.4725071 -0.8740914
vn 0.1160459 0.4688887 -0.8756008
vn 0.306349874 0.5127835 -0.8019993
vn -0.2550567 -0.2842455 -0.9242027
vn -0.4355835 -0.328910619 -0.837905049
vn -0.2517164 -0.2881579 -0.923906863
vn -0.8628558 -0.125491 -0.489624262
vn -0.86569196 -0.132415459 -0.482745916
vn -0.741644 -0.236268267 -0.6278069
vn -0.910369456 0.405495167 -0.08246898
vn -0.9087313 0.410652518 -0.07464581
vn -0.833373666 0.493196934 -0.249489725
vn -0.7836174 -0.61459744 0.09062995
vn -0.7007262 -0.662218451 0.265423238
vn -0.7829373 -0.6157171 0.0888910741
vn -0.5359309 0.313494146 0.783900261
vn -0.537955046 0.310932934 0.783533752
vn -0.683919549 0.343549877 0.6436051
vn -0.2875278 -0.2742687 0.9176625
vn -0.08763658 -0.323157877 0.9422785
vn -0.290418655 -0.2786406 0.9154324
vn -0.06231177 -0.0111177266 0.9979948
vn -0.05793153 -0.02085401 0.9981027
vn -0.269749075 -0.07696953 0.959849536
vn 0.514440358 0.2230358 0.8280134
vn 0.5337849 0.2356996 0.81210804
vn 0.365070432 0.3598579 0.858618557
vn 0.5021031 -0.228370056 0.8341101
vn 0.617473662 -0.352923036 0.702973366
vn 0.524555266 -0.215799272 0.823573
vn 0.9256502 0.03128279 0.37708506
vn 0.9817361 0.08702387 0.169177487
vn 0.927505136 0.0216672625 0.37318188
vn 0.952082753 0.2753663 0.13308613
vn 0.952844441 0.270938 0.1366752
vn 0.8888665 0.320031822 0.327865869
vn 0 -1 0
vn 0 -1 0
vn 0 -1 0
vn 0.006000819 -0.9982971 -0.0580254868
vn 0.006000819 -0.9982971 -0.0580254868
vn 0.006000819 -0.9982971 -0.0580254868
vn -0.06907626 -0.9964418 0.04829383
vn -0.06907626 -0.9964418 0.04829383
vn -0.06907626 -0.9964418 0.04829383
vn -0.128113821 -0.991481543 0.0234768428
vn -0.128113821 -0.991481543 0.0234768428
vn -0.128113821 -0.991481543 0.0234768428
vn 0 -1 0
vn 0 -1 0
vn 0 -1 0
vn 0.9904479 0.008222704 -0.137642369
vn 0.989603162 0.02818053 -0.1410372
vn 0.999349058 0.0281805154 -0.022524368
vn 0.9952437 -0.00822555 -0.09706811
vn 0.995213747 -0.02818357 -0.09356998
vn 0.977060437 -0.0281835664 -0.211088985
vn 0.998523653 0.0497701 0.0217580684
vn 0.998523653 0.0497701 0.0217580684
vn 0.998523653 0.0497701 0.0217580684
vn 0.999902368 0.0139751676 9.366659E-05
vn 0.999902368 0.0139751676 9.366659E-05
vn 0.999902368 0.0139751676 9.366659E-05
vn 0.09708286 -0.008216965 0.995242357
vn 0.09358367 -0.0281753913 0.9952127
vn 0.21105583 -0.0281754043 0.9770678
vn 0.137699082 0.008198258 0.9904402
vn 0.14109692 0.0281726867 0.9895949
vn 0.0225846414 0.0281728338 0.9993479
vn -0.9904479 0.008220604 0.137642682
vn -0.9896031 0.0281793829 0.141037837
vn -0.999349058 0.02817938 0.0225249939
vn -0.9952442 -0.008222918 0.097064
vn -0.995214164 -0.0281805415 0.09356598
vn -0.9770715 -0.02818063 0.211038247
vn -0.137609765 0.008240494 -0.9904523
vn -0.141001612 0.0281828549 -0.989608169
vn -0.0224885382 0.0281827189 -0.9993498
vn -0.0970494747 -0.008226853 -0.9952456
vn -0.09355216 -0.0281853657 -0.995215356
vn -0.211024374 -0.0281855166 -0.9770743
vn 0 -1 0
vn 0 -1 0
vn 0 -1 0
vn 0 -1 2.02062643E-06
vn 0 -1 2.02062643E-06
vn 0 -1 2.02062643E-06
vn 0 -1 -3.23297786E-06
vn 0 -1 -3.23297786E-06
vn 0 -1 -3.23297786E-06
vn 0 -1 3.08681638E-06
vn 0 -1 3.08681638E-06
vn 0 -1 3.08681638E-06
vn -0.0248054918 0.9984073 0.0506715141
vn -0.0248054918 0.9984073 0.0506715141
vn -0.0248054918 0.9984073 0.0506715141
vn 0.024806533 0.998407066 -0.0506749265
vn 0.024806533 0.998407066 -0.0506749265
vn 0.024806533 0.998407066 -0.0506749265
vn 0.05226069 0.9934499 0.101617455
vn 0.05226069 0.9934499 0.101617455
vn 0.05226069 0.9934499 0.101617455
vn -0.05226441 0.9934501 -0.10161382
vn -0.05226441 0.9934501 -0.10161382
vn -0.05226441 0.9934501 -0.10161382
vn 0.5428732 0.82178086 -0.17310375
vn 0.500514448 0.8654538 0.0217972621
vn 0.5364618 0.829550147 -0.155098021
vn 0.32162112 0.741466463 -0.5888865
vn 0.233861968 0.6371348 -0.734416664
vn 0.2908315 0.7102393 -0.641075
vn -0.009179421 0.502965868 -0.8642575
vn -0.173449472 0.5367081 -0.825747967
vn -0.0975794643 0.493720621 -0.8641286
vn -0.19810845 0.883359134 -0.424770147
vn -0.30792743 0.8789277 -0.3642345
vn -0.147420824 0.8641298 -0.481193066
vn -0.8395128 0.199309573 -0.5054641
vn -0.903052747 0.230384648 -0.362517148
vn -0.904359937 0.210525572 -0.3712306
vn -0.5364565 0.829554141 0.155094564
vn -0.5428681 0.8217849 0.173100442
vn -0.5005092 0.865456641 -0.0218010433
vn -0.32159 0.741480768 0.5888855
vn -0.233828634 0.6371506 0.734413564
vn -0.290800422 0.7102546 0.641072154
vn 0.009153187 0.503003657 0.8642358
vn 0.173424348 0.5367466 0.8257282
vn 0.09755466 0.4937606 0.864108562
vn 0.198111475 0.883363843 0.424758971
vn 0.307931274 0.8789311 0.364223063
vn 0.14742364 0.864136 0.4811812
vn 0.839501 0.199321076 0.5054791
vn 0.9030436 0.230394915 0.362533331
vn 0.904351 0.210536867 0.37124598
vn -0.8176464 -0.009924026 0.5756352
vn -0.81570524 0.005613916 0.5784405
vn -0.944634736 0.03061874 0.3266921
vn -0.8613508 -0.006712795 0.5079664
vn -0.6855839 -0.0287739038 0.7274248
vn -0.8613209 -0.006436266 0.5080206
vn -0.46560967 0.0308101289 0.8844537
vn -0.4662874 0.0175602734 0.884459
vn -0.6959816 0.0327225551 0.717313647
vn 0.257385641 -0.0496420562 0.9650328
vn 0.2617316 -0.0378194973 0.964399457
vn -0.0127760917 0.02294024 0.9996552
vn 0.0137061253 0.0394683331 0.999126852
vn 0.287145674 -0.0221832 0.957630038
vn 0.017926801 0.0508813933 0.9985438
vn 0.7035924 -0.0274510346 0.710073352
vn 0.8745528 -0.006596092 0.484885544
vn 0.7034604 -0.03641576 0.7098009
vn 0.951817453 0.0521585345 0.3021971
vn 0.9520735 0.04357192 0.302749962
vn 0.829666436 0.0319854543 0.5573424
vn 0.9698304 -0.0313863829 -0.24175173
vn 0.864424169 -0.0132788392 -0.5025879
vn 0.969576836 -0.04161855 -0.24122341
vn 0.813119 0.0280084126 -0.5814233
vn 0.8128166 0.0232917275 -0.5820539
vn 0.9416214 -0.0323373824 -0.335117
vn 0.46228072 0.0329787247 -0.886120141
vn 0.4633368 0.0268817656 -0.885774434
vn 0.6903596 0.07032053 -0.720040739
vn 0.1823179 -0.0374082327 -0.9825278
vn -0.0991163254 -0.031421382 -0.9945797
vn 0.1829958 -0.0446295552 -0.9821002
vn -0.268266827 0.0241575632 -0.9630417
vn -0.268351674 0.0156395119 -0.9631941
vn 0.0118315294 -0.005137319 -0.9999168
vn -0.817920268 -0.0169979669 -0.5750805
vn -0.945549965 0.0130839 -0.32521382
vn -0.817803442 -0.0300541818 -0.5747124
vn -0.952420056 0.008149356 -0.304679722
vn -0.9527688 -0.00638042949 -0.303629726
vn -0.830014765 -0.04281609 -0.556095541
vn 0 -1 8.376175E-06
vn 0 -1 8.376175E-06
vn 0 -1 8.376175E-06
vn 0 -1 0
vn 0 -1 0
vn 0 -1 0
vn 0 -1 0
vn 0 -1 0
vn 0 -1 0
vn 0 -1 0
vn 0 -1 0
vn 0 -1 6.471875E-06
vn 0 -1 6.471875E-06
vn 0 -1 6.471875E-06
vn 0 -1 0
vn 0 -1 0
vn 0 -1 0
vn 0 -1 5.137341E-06
vn 0 -1 5.137341E-06
vn 0 -1 5.137341E-06
vn 0 -1 0
vn 0 -1 0
vn 0 -1 0
vn 0.944543 -0.1969285 0.262788415
vn 0.9438468 -0.198871031 0.263824731
vn 0.964408934 -0.2627499 -0.02963029
vn 0.841406 0.179324374 0.509783
vn 0.6502398 0.218677819 0.727577
vn 0.8425449 0.188272521 0.50465
vn 0.512918055 -0.07172878 0.8554356
vn 0.5145411 -0.05581235 0.8556474
vn 0.751032233 -0.0384901278 0.659142733
vn -0.825794458 0.0016533517 0.563968837
vn -0.8373326 -0.0185477715 0.5463791
vn -0.6507661 -0.160942227 0.742025
vn -0.80210036 0.1047412 0.5879323
vn -0.9165562 0.216549665 0.336200863
vn -0.8092122 0.0937713161 0.579985
vn -0.9658601 -0.07415365 -0.248224646
vn -0.9628271 -0.08491347 -0.256424785
vn -0.9820747 -0.186557323 0.0269395132
vn -0.9661142 0.0662166551 -0.24947688
vn -0.846114039 0.165168867 -0.506764531
vn -0.96474427 0.05664098 -0.257022
vn -0.544682 -0.0573909543 -0.836676657
vn -0.5379683 -0.0669433847 -0.840302765
vn -0.745124 -0.1657611 -0.6459981
vn -0.545443237 0.0806231052 -0.8342611
vn -0.282510936 0.182138756 -0.9418137
vn -0.538650036 0.06992638 -0.839622855
vn 0.248184919 -0.0742004 -0.965866745
vn 0.256382346 -0.08495503 -0.9628348
vn -0.0269451272 -0.186566144 -0.98207283
vn 0.249454781 0.06622456 -0.9661194
vn 0.506785 0.165187612 -0.8460981
vn 0.257004321 0.05664767 -0.964748561
vn 0.836668968 -0.05737099 -0.544695854
vn 0.840295 -0.06692322 -0.537982941
vn 0.645986259 -0.165726572 -0.7451419
vn 0.8547252 0.150235355 -0.496864438
vn 0.9467616 0.228186 -0.227098241
vn 0.8560391 0.147671 -0.495368928
vn 0.710064 0.6709406 -0.213653475
vn 0.648261 0.6767366 -0.3489775
vn 0.6993731 0.65988785 -0.2746366
vn 0.5743214 0.722720444 -0.384486943
vn 0.4294362 0.7499008 -0.5032229
vn 0.5940938 0.7201849 -0.358310252
vn 0.321984053 0.6811317 -0.6575606
vn 0.180639654 0.686466157 -0.704367459
vn 0.241839081 0.671846449 -0.7000973
vn 0.1360443 0.714028 -0.686772168
vn -0.0199115928 0.731043041 -0.682040751
vn 0.199133828 0.7040223 -0.681687832
vn -0.21366182 0.6709422 -0.71006
vn -0.348943144 0.6767251 -0.6482915
vn -0.274644941 0.6598834 -0.6993741
vn -0.3844755 0.7226988 -0.5743562
vn -0.503228545 0.7498991 -0.42943275
vn -0.358298 0.720159352 -0.594132245
vn -0.6575332 0.681137443 -0.322027862
vn -0.7043715 0.6864628 -0.180636764
vn -0.7000957 0.671849 -0.241836578
vn -0.6867464 0.7140675 -0.135966673
vn -0.6820321 0.731048763 0.0199966971
vn -0.681681037 0.704052 -0.199052244
vn -0.710071146 0.670935333 0.213646486
vn -0.6482688 0.67673254 0.34897095
vn -0.699380457 0.6598828 0.27463007
vn -0.574316 0.7227266 0.384483427
vn -0.429429919 0.7499073 0.5032186
vn -0.5940885 0.720191061 0.3583067
vn -0.321974069 0.681135 0.657562
vn -0.180629075 0.6864685 0.7043679
vn -0.241828859 0.67184937 0.700098
vn -0.136061445 0.714026868 0.6867699
vn 0.0198935736 0.731043637 0.682040632
vn -0.199151725 0.7040202 0.681684852
vn 0.183851153 0.6831296 0.7067763
vn 0.33282274 0.6676844 0.6659029
vn 0.245311767 0.6706856 0.700002134
vn 0.4032253 0.687791944 0.603615463
vn 0.5522868 0.67722255 0.4861573
vn 0.378394723 0.684396148 0.623233
vn 0.388120949 0.694810569 0.6054753
vn 0.505948961 0.701159239 0.5023857
vn 0.530884445 0.6972185 0.481713772
vn 0.664617062 0.69550544 0.27305004
vn 0.695118964 0.7083385 0.12274424
vn 0.6934256 0.6963759 0.184990585
vn 0.68675065 0.71406436 0.13596198
vn 0.6820357 0.731045365 -0.0200015176
vn 0.6816857 0.704048932 0.199047074
vn -0.9121566 -0.409829378 -0.00319397426
vn -0.862395763 -0.471485376 0.184323475
vn -0.9117879 -0.410640627 -0.004137589
vn -0.7649247 0.5044549 0.400519043
vn -0.765036762 0.5043592 0.4004255
vn -0.7967286 0.5661582 0.211396486
vn -0.6299405 -0.5650933 0.532770634
vn -0.462099165 -0.624420047 0.6297332
vn -0.629827559 -0.5648311 0.533182144
vn -0.210341975 0.5752294 0.790485561
vn -0.209944516 0.5754719 0.790414751
vn -0.368516326 0.6348253 0.67911166
vn -0.001974879 -0.614589453 0.7888447
vn 0.181339711 -0.662210345 0.727044344
vn -0.00362204784 -0.6157091 0.787965238
vn 0.7155736 0.313462019 0.6242564
vn 0.71497196 0.310900271 0.6262237
vn 0.5588922 0.3435639 0.754720747
vn 0.877586246 -0.274254143 0.393226445
vn 0.9254926 -0.323111266 0.197642714
vn 0.8750334 -0.278624564 0.395834565
vn 0.983780742 -0.0110860923 0.179032326
vn 0.9844023 -0.0208224338 0.174695432
vn 0.9215503 -0.07693345 0.380560547
vn 0.882682741 0.22304593 -0.413668722
vn 0.869163 0.235705838 -0.43473956
vn 0.895545542 0.359830767 -0.2617632
vn 0.8872731 -0.228369653 -0.400741518
vn 0.7705797 -0.352903217 -0.530722439
vn 0.879446864 -0.215803117 -0.424266666
vn 0.483124554 0.0312773064 -0.874992847
vn 0.283235162 0.08701421 -0.955095
vn 0.479466081 0.0216619 -0.87729305
vn 0.243947238 0.275406539 -0.9298607
vn 0.247598916 0.2709797 -0.9301961
vn 0.4299689 0.320035934 -0.844217837
vn -0.0627400354 -0.335624963 -0.939904034
vn -0.2586598 -0.3841761 -0.886286557
vn -0.0600566864 -0.338915944 -0.938897848
vn -0.399010479 0.540670037 -0.7405853
vn -0.397879183 0.5392071 -0.742258668
vn -0.204453126 0.5915915 -0.7798837
vn -0.6326615 -0.5320223 -0.562753737
vn -0.714250743 -0.5853877 -0.3836237
vn -0.6307711 -0.5334966 -0.563479543
vn -0.849215448 0.477855027 -0.224694669
vn -0.8496161 0.476035953 -0.227029189
vn -0.7490661 0.5323586 -0.39432776
vn 0.03985489 -0.9964414 0.07427061
vn 0.03985489 -0.9964414 0.07427061
vn 0.03985489 -0.9964414 0.07427061
vn 0.008276865 -0.9914811 0.12998727
vn 0.008276865 -0.9914811 0.12998727
vn 0.008276865 -0.9914811 0.12998727
vn 0 -1 -1.64927337E-06
vn 0 -1 -1.64927337E-06
vn 0 -1 -1.64927337E-06
vn 0 -1 3.771588E-06
vn 0 -1 3.771588E-06
vn 0 -1 0
vn 0 -1 0
vn 0 -1 -2.29952389E-06
vn 0 -1 0
vn 0 -1 0
vn 0 -1 0
vn 0 -1 0
vn 0 -1 -2.29952389E-06
vn 0 -1 1.54511145E-06
vn 0 -1 1.54511145E-06
vn 0 -1 0
vn 0 -1 0
vn 0 -1 0
vn 0 -1 2.19901335E-06
vn 0 -1 2.19901335E-06
vn 0 -1 -3.74593219E-06
vn 0 -1 0
vn 0 -1 0
vn 0 -1 -4.97884E-06
vn 0 -1 1.23353459E-06
vn -0.999757469 0.008222718 0.0204294212
vn -0.9993171 0.0281806327 0.02389987
vn -0.9950843 0.0281806383 -0.0949376449
vn -0.9997575 -0.008224962 -0.02042765
vn -0.9993171 -0.02818201 -0.0238978118
vn -0.995084047 -0.0281819981 0.094939664
vn -0.9890654 0.0497723259 -0.138825208
vn -0.9890654 0.0497723259 -0.138825208
vn -0.9890654 0.0497723259 -0.138825208
vn -0.992977738 0.0139830792 -0.117472209
vn -0.992977738 0.0139830792 -0.117472209
vn -0.992977738 0.0139830792 -0.117472209
vn 0.02038855 -0.008249421 -0.9997581
vn 0.023859337 -0.0282071717 -0.9993173
vn -0.09497807 -0.0282071382 -0.995079637
vn -0.0203886833 0.008249309 -0.9997581
vn -0.02385948 0.02820705 -0.9993173
vn 0.09497793 0.0282070246 -0.9950797
vn 0.9997575 0.008224962 -0.0204273872
vn 0.9993171 0.0281820074 -0.0238975566
vn 0.995084 0.0281819943 0.0949399
vn 0.999757469 -0.008222716 0.0204296913
vn 0.9993171 -0.02818064 0.0239001215
vn 0.9950843 -0.0281806383 -0.0949373841
vn 0.020455882 0.008229219 0.9997569
vn 0.0239249524 0.0281872153 0.999316335
vn -0.09491226 0.0281873215 0.9950865
vn -0.0204557385 -0.008229334 0.9997569
vn -0.0239248183 -0.0281873327 0.999316335
vn 0.0949124 -0.02818744 0.9950865
vn 0 -1 -4.93907328E-06
vn 0 -1 -4.93907328E-06
vn 0 -1 -4.93907328E-06
vn 0 -1 4.04124648E-07
vn 0 -1 4.04124648E-07
vn 0 -1 4.04124648E-07
vn 0 -1 0
vn 0 -1 0
vn 0 -1 0
vn 0 -1 -1.85219415E-06
vn 0 -1 -1.85219415E-06
vn 0 -1 -1.85219415E-06
vn 0.00249760132 0.9991289 0.04165582
vn 0.00249760132 0.9991289 0.04165582
vn 0.00249760132 0.9991289 0.04165582
vn 0.00101169443 0.9999983 0.00156660459
vn -0.912354767 0.0054645827 0.409364
vn -0.7609245 0.03343086 0.647978663
vn -0.912085056 -0.004324194 0.4099783
vn -0.7348614 0.03985895 0.6770451
vn 0.5296729 0.00767610734 0.848167241
vn 0.7437503 0.0456225574 0.666898847
vn 0.530619562 -0.00630504964 0.847586632
vn 0.7293032 0.01412977 0.6840447
vn 0 -1 0
vn 0 -1 2.634352E-06
vn 0 -1 0
vn 0 -1 0
vn 0 -1 0
vn 0 -1 0
vn 0 -1 0
vn 0 -1 0
vn 0 -1 3.62954E-06
vn 0 -1 -1.87299224E-06
vn 0 -1 -2.54354518E-06
vn 0 -1 3.62954E-06
vn 0 -1 3.62954E-06
vn 0 -1 0
vn 0 -1 0
vn 0 -1 -4.751508E-06
vn 0 -1 2.874963E-06
vn 0 -1 -4.751508E-06
vn 0 -1 0
vn 0 -1 0
vn 0 -1 0
vn 0 -1 -1.5121426E-06
vn 0 -1 -1.5121426E-06
vn 0 -1 -1.5121426E-06
vn -0.0629929155 -0.9971762 -0.04088424
vn -0.0629929155 -0.9971762 -0.04088424
vn -0.0629929155 -0.9971762 -0.04088424
vn -0.072686404 -0.997354865 -8.019535E-06
vn 0 -1 0
vn 0 -1 0
vn 0 -1 0
vn 0 -1 0
vn 0 -1 0
vn 0 -1 0
vn 0 -1 0
vn 0 -1 0
vn 9.6656E-05 0.013982933 -0.999902248
vn 9.6656E-05 0.013982933 -0.999902248
vn 9.6656E-05 0.013982933 -0.999902248
vn 0.021757327 0.0497692078 -0.9985238
vn 0.233213335 -0.0139873428 0.972324967
vn 0.233213335 -0.0139873428 0.972324967
vn 0.233213335 -0.0139873428 0.972324967
vn 0.253962249 -0.0497706234 0.9659327
vn -0.9723251 -0.013980859 0.233213335
vn -0.9723251 -0.013980859 0.233213335
vn -0.9723251 -0.013980859 0.233213335
vn -0.9659345 -0.0497703142 0.2539555
vn -0.0217573363 0.049769368 0.9985238
vn -0.0217573363 0.049769368 0.9985238
vn -0.0217573363 0.049769368 0.9985238
vn -9.665548E-05 0.0139928935 0.9999021
vn -0.253962159 -0.0497695021 -0.965932846
vn -0.253962159 -0.0497695021 -0.965932846
vn -0.253962159 -0.0497695021 -0.965932846
vn -0.233198091 -0.013967636 -0.972328961
vn -0.999902368 0.0139747914 -9.366659E-05
vn -0.999902368 0.0139747914 -9.366659E-05
vn -0.999902368 0.0139747914 -9.366659E-05
vn -0.9985239 0.04976698 -0.0217576958
vn 0.965933263 -0.0497700162 -0.2539603
vn 0.965933263 -0.0497700162 -0.2539603
vn 0.965933263 -0.0497700162 -0.2539603
vn 0.9723247 -0.0139755672 -0.2332153
vn 0 -1 8.082402E-07
vn 0 -1 -4.34758977E-06
vn 0 -1 3.08684662E-07
vn 0 -1 -4.34758977E-06
vn 0 -1 -4.34758977E-06
vn 0 -1 2.17377124E-06
vn 0 -1 0
vn 0 -1 -3.086824E-07
vn 0 -1 0
vn 0 -1 0
vn 0 -1 0
vn 0 -1 0
vn 0 -1 0
vn 0 -1 0
vn 0 -1 0
vn 0 -1 0
vn 0 -1 4.403737E-06
vn 0.03973145 0.0612524524 0.997331262
vn -0.264225662 0.0369664058 0.9637522
vn 0.04100463 0.0804334 0.9959162
vn -0.2833357 0.0226809718 0.9587526
vn 0 -1 0
vn 0 -1 0
vn 0 -1 0
vn 0 -1 0
vn 0 -1 0
vn 0 -1 0
vn -0.117469087 0.0140006263 0.992977858
vn -0.117469087 0.0140006263 0.992977858
vn -0.117469087 0.0140006263 0.992977858
vn -0.138837561 0.0497661233 0.9890639
vn -0.117437817 -0.0139808841 -0.9929818
vn -0.117437817 -0.0139808841 -0.9929818
vn -0.117437817 -0.0139808841 -0.9929818
vn -0.138867885 -0.04978521 -0.989058733
vn 0.992977858 -0.0139831323 -0.1174711
vn 0.992977858 -0.0139831323 -0.1174711
vn 0.992977858 -0.0139831323 -0.1174711
vn 0.9890655 -0.04977292 -0.138823971
vn 0.138867825 0.04978516 -0.989058733
vn 0.138867825 0.04978516 -0.989058733
vn 0.138867825 0.04978516 -0.989058733
vn 0.1174371 0.0139808394 -0.9929819
vn 0.13883689 -0.04978596 0.989063
vn 0.13883689 -0.04978596 0.989063
vn 0.13883689 -0.04978596 0.989063
vn 0.117468864 -0.014000942 0.992977858
vn 0.99297756 0.0139853936 0.117473081
vn 0.99297756 0.0139853936 0.117473081
vn 0.99297756 0.0139853936 0.117473081
vn 0.989066 0.0497719646 0.138820618
vn -0.9890658 -0.0497728474 0.138821825
vn -0.9890658 -0.0497728474 0.138821825
vn -0.9890658 -0.0497728474 0.138821825
vn -0.99297744 -0.0139854858 0.117474452
vn 0 -1 -2.02058618E-06
vn 0 -1 4.34750973E-06
vn 0 -1 -1.23473956E-06
vn 0 -1 4.34750973E-06
vn 0 -1 4.34750973E-06
vn 0 -1 -1.63032473E-06
vn 0 -1 8.082389E-07
vn 0 -1 1.23475866E-06
vn -0.477465838 -0.0144702364 -0.878531158
vn -0.851929665 0.000917524041 -0.5236554
vn -0.477059722 -0.0255673677 -0.8784989
vn -0.8764415 0.0244073626 -0.480889469
vn -0.8768264 0.0119077209 -0.480659664
vn -0.5202296 -0.0181393288 -0.8538338
vn -0.8768265 -0.0119103212 0.480659425
vn -0.520229638 0.018136926 0.8538338
vn -0.8764413 -0.0244100243 0.4808896
vn -0.477064371 0.0255664047 0.8784964
vn -0.4774707 0.0144692473 0.878528535
vn -0.851952732 -0.00100846018 0.5236178
vn -0.0130583392 -0.026798686 0.9995555
vn -0.0130583392 -0.026798686 0.9995555
vn -0.0130583392 -0.026798686 0.9995555
vn -0.008737677 -0.00304411375 0.9999572
vn -0.008737677 -0.00304411375 0.9999572
vn -0.008737677 -0.00304411375 0.9999572
vn -0.8768269 0.0119077256 -0.4806588
vn -0.5202304 -0.0181393046 -0.853833258
vn -0.876441956 0.0244073831 -0.480888575
vn -0.4770605 -0.0255673956 -0.8784985
vn -0.477466524 -0.0144702662 -0.8785308
vn -0.851930141 0.0009174569 -0.5236547
vn -0.0131073184 0.02679535 -0.999555
vn -0.0131073184 0.02679535 -0.999555
vn -0.0131073184 0.02679535 -0.999555
vn -0.008737153 0.003360095 -0.9999562
vn -0.008737153 0.003360095 -0.9999562
vn -0.008737153 0.003360095 -0.9999562
vn -0.477472842 0.0144685442 0.8785274
vn -0.85195905 -0.0009255726 0.523607552
vn -0.4770667 0.02556599 0.878495157
vn -0.876439869 -0.0244113 0.480892122
vn -0.876825154 -0.0119115356 0.48066175
vn -0.520227134 0.018135976 0.853835344
vn -0.0137383258 -0.0267516952 0.9995477
vn -0.0137383258 -0.0267516952 0.9995477
vn -0.0137383258 -0.0267516952 0.9995477
vn -0.008229625 0.00270753377 0.999962449
vn -0.008229625 0.00270753377 0.999962449
vn -0.008229625 0.00270753377 0.999962449
vn -0.4679249 0.8837637 -0.002850861
vn -0.8471093 0.5314111 -0.00285084825
vn -0.467939436 0.883734047 -0.00684177224
vn -0.8837353 0.4679372 0.00684150774
vn -0.8837648 0.467922658 0.00285058632
vn -0.5314131 0.847108 0.00285058538
vn -0.876231849 -0.481880635 -0.00296865217
vn -0.5179104 -0.8554297 -0.00296864682
vn -0.8761823 -0.481908649 -0.008279272
vn -0.456219852 -0.88982743 0.008403576
vn -0.456189156 -0.889877856 0.00299140252
vn -0.8400029 -0.5425737 0.00299140741
vn -0.0137383649 0.0267516933 -0.9995477
vn -0.0137383649 0.0267516933 -0.9995477
vn -0.0137383649 0.0267516933 -0.9995477
vn -0.008278562 -0.00245210831 -0.999962747
vn -0.008278562 -0.00245210831 -0.999962747
vn -0.008278562 -0.00245210831 -0.999962747
vn -0.006678942 -0.9999703 0.00385679025
vn -0.006678942 -0.9999703 0.00385679025
vn -0.006678942 -0.9999703 0.00385679025
vn -0.9999938 0.00175861712 -0.00306546921
vn -0.9999938 0.00175861712 -0.00306546921
vn -0.9999938 0.00175861712 -0.00306546921
vn -0.9999938 -0.00175850652 0.00306546455
vn 1 0 0
vn 1 0 0
vn 1 0 0
vn 1 0 0
vn -0.99984014 0.0177332889 -0.00228531
vn -0.99984014 0.0177332889 -0.00228531
vn -0.99984014 0.0177332889 -0.00228531
vn -0.99984014 -0.0177335776 0.002285435
vn 0 -1 0
vn 0 -1 0
vn 0 -1 0
vn 0 -1 0
vn 0 -1 0
vn 0 -1 0
vn -2.22623348E-05 0 1
vn -2.32458115E-05 0 1
vn -0.64280057 2.38418579E-05 0.76603353
vn -0.6428006 0 0.76603353
vn -0.984804034 0 0.173669234
vn -0.984804034 0 0.173669234
vn -0.8660379 0 -0.499978364
vn -0.8660379 0 -0.499978364
vn -0.342040151 0 -0.939685345
vn -0.342040151 0 -0.939685345
vn 0.342001736 0 -0.939699352
vn 0.342001766 0 -0.9396993
vn 0.8660152 0 -0.500017762
vn 0.8660152 0 -0.500017762
vn 0.9848038 0 0.17367062
vn 0.9848112 0 0.173629
vn 0.6428014 0 0.766032934
vn 0.6428021 0 0.766032338
vn -2.35885382E-05 2.39759684E-05 1
vn -2.36928463E-05 0 1
vn 1.9792144E-06 0 -1
vn 1.9792144E-06 0 -1
vn 1.9792144E-06 0 -1
vn 0 0 -1
vn 0 0 -1
vn 7.993717E-06 0 -1
vn -0.008208404 0.9999663 6.344237E-05
vn -0.0127309589 0.9999145 0.002981227
vn 0 1 0
vn 0 1 0
vn 0 1 0
vn 0 1 0
vn 0 0 1
vn 0 0 1
vn 0 0 1
vn 0 0 1
vn 0 0 1
vn 0 0 1
vn 0 0 1
vn -9.456846E-06 0 1
vn 7.4802706E-06 0 1
vn -3.958429E-06 0 1
vn 8.061528E-06 -1 1.242233E-05
vn 0.499993145 -0.8660294 -1.37993893E-05
vn 8.016825E-06 -1 7.761642E-06
vn 0.4999931 -0.8660294 -1.24223316E-05
vn 0.866021752 -0.500006437 -1.3799392E-05
vn 0.866021037 -0.5000075 -1.24223261E-05
vn 1 -7.56979E-06 -1.37993893E-05
vn 1 -8.210541E-06 -1.24223307E-05
vn 0 0 -1
vn 0 0 -1
vn 0 0 -1
vn 0 0 -1
vn 0 0 -1
vn 0 0 -1
vn 0 0 -1
vn 0 0 -1
vn 0 0 -1
vn 0 0 -1
vn 7.993734E-06 0 1
vn 7.993734E-06 0 1
vn 7.993734E-06 0 1
vn -1.45314716E-05 0 1
vn 0 0 1
vn 0 0 1
vn -0.99984014 0.0177332889 -0.00228531
vn -0.99984014 0.0177332889 -0.00228531
vn -0.99984014 0.0177332889 -0.00228531
vn -0.99984014 -0.0177335776 0.002285435
vn 1 8.001924E-06 1.242233E-05
vn 0.8660294 0.4999931 -1.37993893E-05
vn 1 7.987022E-06 7.761642E-06
vn 0.866029561 0.4999929 -1.24223307E-05
vn 0.5000075 0.8660211 -1.37993875E-05
vn 0.500008 0.8660208 -1.2422327E-05
vn 6.765127E-06 1 -1.37993893E-05
vn 7.033348E-06 1 -1.24223307E-05
vn -0.00376426964 -0.999982834 -0.004487807
vn -0.0110369436 -0.9999372 -0.00194292236
vn -0.010786552 -0.9999404 -0.001681136
vn -0.00678006746 -0.9999726 -0.00299199019
vn 0 -1 0
vn 0 -1 -1.32475918E-06
vn 0 -1 0
vn 0 -1 1.11243118E-07
vn 0 -1 -7.034377E-06
vn 0 -1 0
vn 0 -1 0
vn 0 -1 0
vn 0 -1 -1.48557842E-06
vn 0 -1 7.13686768E-06
vn -0.0036536057 -0.999943 0.0100318333
vn -0.0036536057 -0.999943 0.0100318333
vn -0.0036536057 -0.999943 0.0100318333
vn -0.0041090413 -0.9999535 0.008725846
vn 0 1 0
vn 0 1 -4.687425E-06
vn 0 1 -5.08459971E-06
vn 0 1 1.429309E-05
vn 0 1 0
vn 0 1 0
vn 0 1 0
vn 0 1 0
vn 0 1 0
vn 0 1 -1.55830139E-06
vn 0 1 4.38575353E-06
vn 0 1 0
vn 0 1 0
vn 0 1 0
vn 0 1 0
f 1//1 2//2 3//3
f 4//4 3//3 5//5
f 6//6 4//4 5//5
f 6//6 5//5 7//7
f 7//7 5//5 8//8
f 6//6 7//7 9//9
f 10//10 4//4 6//6
f 11//11 6//6 9//9
f 12//12 11//11 9//9
f 4//4 10//10 13//13
f 12//12 9//9 14//14
f 15//15 12//12 14//14
f 15//15 14//14 16//16
f 4//4 13//13 17//17
f 14//14 18//18 16//16
f 13//13 19//19 17//17
f 13//13 20//20 19//19
f 13//13 21//21 20//20
f 13//13 22//22 21//21
f 22//22 23//23 21//21
f 22//22 24//24 23//23
f 18//18 25//25 16//16
f 24//24 26//26 23//23
f 18//18 27//27 25//25
f 18//18 28//28 27//27
f 18//18 29//29 28//28
f 27//27 30//30 25//25
f 30//30 31//31 25//25
f 31//31 32//32 25//25
f 24//24 33//33 26//26
f 24//24 34//34 33//33
f 33//33 35//35 26//26
f 35//35 36//36 26//26
f 36//36 37//37 26//26
f 36//36 38//38 37//37
f 38//38 39//39 37//37
f 38//38 40//40 39//39
f 40//40 41//41 39//39
f 41//41 40//40 42//42
f 42//42 43//43 41//41
f 24//24 44//44 34//34
f 44//44 45//45 34//34
f 44//44 46//46 45//45
f 44//44 47//47 48//48
f 47//47 49//49 48//48
f 47//47 50//50 49//49
f 51//51 52//52 53//53
f 54//54 51//51 55//55
f 56//56 54//54 55//55
f 57//57 55//55 32//32
f 58//58 57//57 32//32
f 59//59 60//60 61//61
f 29//29 62//62 63//63
f 29//29 64//64 65//65
f 29//29 66//66 64//64
f 66//66 67//67 68//68
f 66//66 69//69 67//67
f 69//69 70//70 71//71
f 69//69 72//72 70//70
f 73//73 74//74 72//72
f 75//75 76//76 77//77
f 78//78 79//79 77//77
f 80//80 81//81 82//82
f 83//83 84//84 85//85
f 86//86 87//87 88//88
f 89//89 90//90 91//91
f 92//92 89//89 93//93
f 94//94 92//92 95//95
f 92//92 96//96 95//95
f 97//97 96//96 98//98
f 96//96 99//99 98//98
f 98//98 99//99 93//93
f 100//100 97//97 98//98
f 101//101 100//100 98//98
f 102//102 101//101 98//98
f 101//101 103//103 100//100
f 104//104 105//105 103//103
f 105//105 106//106 107//107
f 106//106 108//108 107//107
f 109//109 98//98 110//110
f 111//111 109//109 110//110
f 111//111 110//110 112//112
f 113//113 114//114 108//108
f 114//114 115//115 108//108
f 108//108 115//115 116//116
f 116//116 115//115 117//117
f 116//116 117//117 118//118
f 119//119 116//116 118//118
f 119//119 118//118 120//120
f 120//120 121//121 119//119
f 121//121 122//122 119//119
f 121//121 123//123 122//122
f 123//123 124//124 122//122
f 123//123 125//125 124//124
f 126//126 127//127 124//124
f 125//125 128//128 126//126
f 125//125 129//129 128//128
f 127//127 130//130 131//131
f 132//132 133//133 130//130
f 134//134 135//135 131//131
f 134//134 136//136 129//129
f 133//133 137//137 138//138
f 137//137 139//139 138//138
f 136//136 140//140 141//141
f 136//136 142//142 140//140
f 136//136 143//143 144//144
f 136//136 145//145 143//143
f 145//145 146//146 147//147
f 146//146 145//145 148//148
f 145//145 149//149 148//148
f 149//149 150//150 148//148
f 149//149 151//151 150//150
f 152//152 148//148 153//153
f 154//154 152//152 153//153
f 155//155 156//156 157//157
f 158//158 159//159 160//160
f 161//161 162//162 163//163
f 164//164 163//163 93//93
f 165//165 164//164 93//93
f 165//165 166//166 164//164
f 165//165 167//167 166//166
f 167//167 168//168 166//166
f 167//167 95//95 168//168
f 95//95 169//169 168//168
f 169//169 170//170 168//168
f 169//169 171//171 170//170
f 171//171 172//172 170//170
f 171//171 173//173 172//172
f 173//173 174//174 172//172
f 173//173 175//175 174//174
f 176//176 177//177 163//163
f 176//176 178//178 177//177
f 178//178 179//179 177//177
f 179//179 178//178 180//180
f 180//180 181//181 179//179
f 182//182 183//183 184//184
f 185//185 186//186 187//187
f 188//188 189//189 190//190
f 191//191 192//192 193//193
f 194//194 191//191 195//195
f 194//194 195//195 196//196
f 197//197 198//198 199//199
f 200//200 201//201 202//202
f 203//203 204//204 205//205
f 206//206 207//207 208//208
f 209//209 210//210 211//211
f 212//212 213//213 214//214
f 215//215 216//216 217//217
f 218//218 219//219 220//220
f 221//221 222//222 223//223
f 224//224 225//225 226//226
f 227//227 228//228 229//229
f 230//230 231//231 232//232
f 233//233 234//234 235//235
f 236//236 237//237 238//238
f 239//239 240//240 241//241
f 242//242 243//243 244//244
f 245//245 246//246 247//247
f 248//248 249//249 250//250
f 251//251 252//252 253//253
f 254//254 255//255 256//256
f 257//257 258//258 259//259
f 260//260 261//261 262//262
f 263//263 264//264 265//265
f 266//266 267//267 268//268
f 269//269 270//270 271//271
f 272//272 273//273 274//274
f 275//275 276//276 277//277
f 278//278 279//279 280//280
f 281//281 282//282 283//283
f 284//284 285//285 286//286
f 287//287 288//288 289//289
f 290//290 291//291 292//292
f 293//293 294//294 295//295
f 296//296 297//297 298//298
f 299//299 300//300 301//301
f 302//302 303//303 304//304
f 305//305 306//306 307//307
f 308//308 309//309 310//310
f 311//311 312//312 313//313
f 314//314 315//315 316//316
f 317//317 318//318 319//319
f 320//320 321//321 322//322
f 323//323 324//324 325//325
f 326//326 327//327 328//328
f 329//329 330//330 331//331
f 332//332 333//333 334//334
f 335//335 336//336 337//337
f 338//338 339//339 340//340
f 341//341 342//342 343//343
f 344//344 345//345 346//346
f 347//347 348//348 349//349
f 350//350 351//351 352//352
f 353//353 354//354 355//355
f 356//356 357//357 358//358
f 359//359 360//360 361//361
f 362//362 363//363 364//364
f 365//365 366//366 367//367
f 368//368 369//369 370//370
f 371//371 372//372 373//373
f 374//374 375//375 376//376
f 377//377 378//378 379//379
f 380//380 381//381 382//382
f 383//383 384//384 385//385
f 386//386 387//387 388//388
f 389//389 390//390 391//391
f 392//392 393//393 394//394
f 395//395 396//396 397//397
f 398//398 399//399 400//400
f 401//401 402//402 403//403
f 404//404 405//405 406//406
f 407//407 408//408 409//409
f 410//410 411//411 412//412
f 413//413 414//414 415//415
f 416//416 417//417 418//418
f 419//419 420//420 421//421
f 422//422 423//423 424//424
f 425//425 426//426 427//427
f 428//428 429//429 430//430
f 431//431 432//432 433//433
f 434//434 435//435 436//436
f 437//437 438//438 439//439
f 440//440 441//441 442//442
f 443//443 444//444 445//445
f 446//446 447//447 448//448
f 449//449 450//450 451//451
f 452//452 453//453 454//454
f 455//455 456//456 457//457
f 458//458 459//459 460//460
f 461//461 462//462 463//463
f 464//464 465//465 466//466
f 467//467 468//468 469//469
f 470//470 471//471 472//472
f 473//473 474//474 475//475
f 476//476 477//477 478//478
f 479//479 480//480 481//481
f 482//482 483//483 484//484
f 485//485 486//486 487//487
f 488//488 489//489 490//490
f 491//491 492//492 493//493
f 494//494 495//495 496//496
f 497//497 498//498 499//499
f 500//500 501//501 502//502
f 503//503 504//504 505//505
f 506//506 507//507 508//508
f 509//509 510//510 511//511
f 512//512 513//513 514//514
f 515//515 516//516 517//517
f 518//518 519//519 520//520
f 521//521 522//522 523//523
f 524//524 525//525 526//526
f 527//527 528//528 529//529
f 530//530 531//531 532//532
f 533//533 534//534 535//535
f 536//536 537//537 538//538
f 539//539 540//540 541//541
f 542//542 543//543 541//541
f 542//542 544//544 543//543
f 544//544 545//545 543//543
f 546//546 542//542 547//547
f 548//548 547//547 549//549
f 550//550 551//551 549//549
f 552//552 548//548 553//553
f 554//554 555//555 552//552
f 554//554 556//556 555//555
f 550//550 557//557 556//556
f 558//558 554//554 553//553
f 558//558 553//553 559//559
f 560//560 558//558 559//559
f 560//560 559//559 561//561
f 562//562 560//560 561//561
f 561//561 563//563 562//562
f 561//561 564//564 563//563
f 564//564 565//565 563//563
f 564//564 566//566 565//565
f 566//566 564//564 567//567
f 568//568 566//566 567//567
f 569//569 566//566 568//568
f 569//569 570//570 566//566
f 570//570 571//571 566//566
f 572//572 569//569 568//568
f 569//569 572//572 573//573
f 572//572 568//568 574//574
f 575//575 572//572 574//574
f 575//575 574//574 576//576
f 577//577 575//575 576//576
f 576//576 578//578 577//577
f 578//578 579//579 577//577
f 579//579 580//580 577//577
f 579//579 581//581 580//580
f 581//581 582//582 580//580
f 582//582 583//583 580//580
f 583//583 584//584 580//580
f 585//585 586//586 584//584
f 581//581 587//587 588//588
f 581//581 589//589 587//587
f 589//589 590//590 591//591
f 589//589 592//592 590//590
f 592//592 593//593 594//594
f 595//595 596//596 584//584
f 595//595 597//597 596//596
f 597//597 598//598 596//596
f 598//598 597//597 599//599
f 599//599 600//600 598//598
f 600//600 601//601 598//598
f 592//592 602//602 603//603
f 602//602 604//604 603//603
f 602//602 605//605 604//604
f 557//557 606//606 607//607
f 557//557 608//608 609//609
f 557//557 610//610 608//608
f 610//610 611//611 612//612
f 610//610 613//613 611//611
f 613//613 614//614 611//611
f 613//613 615//615 614//614
f 616//616 617//617 618//618
f 619//619 620//620 621//621
f 622//622 623//623 624//624
f 625//625 626//626 627//627
f 628//628 629//629 630//630
f 631//631 632//632 633//633
f 634//634 635//635 636//636
f 637//637 638//638 639//639
f 640//640 641//641 642//642
f 643//643 644//644 645//645
f 646//646 647//647 648//648
f 649//649 650//650 651//651
f 652//652 653//653 654//654
f 655//655 656//656 657//657
f 658//658 659//659 660//660
f 661//661 662//662 663//663
f 664//664 665//665 666//666
f 667//667 668//668 669//669
f 670//670 671//671 672//672
f 673//673 674//674 675//675
f 676//676 677//677 678//678
f 679//679 680//680 681//681
f 682//682 683//683 684//684
f 685//685 686//686 687//687
f 688//688 689//689 690//690
f 691//691 692//692 693//693
f 694//694 695//695 696//696
f 697//697 698//698 699//699
f 700//700 701//701 702//702
f 703//703 704//704 705//705
f 706//706 707//707 708//708
f 709//709 710//710 711//711
f 712//712 713//713 714//714
f 715//715 716//716 717//717
f 718//718 719//719 720//720
f 721//721 722//722 723//723
f 724//724 725//725 726//726
f 727//727 728//728 729//729
f 730//730 731//731 732//732
f 733//733 734//734 735//735
f 736//736 737//737 738//738
f 739//739 740//740 741//741
f 742//742 743//743 744//744
f 745//745 746//746 747//747
f 748//748 749//749 750//750
f 751//751 752//752 753//753
f 754//754 755//755 756//756
f 757//757 758//758 759//759
f 760//760 761//761 762//762
f 763//763 764//764 765//765
f 766//766 767//767 768//768
f 769//769 770//770 771//771
f 772//772 773//773 774//774
f 775//775 776//776 777//777
f 778//778 779//779 780//780
f 781//781 782//782 783//783
f 784//784 785//785 786//786
f 787//787 788//788 789//789
f 790//790 791//791 792//792
f 793//793 794//794 795//795
f 796//796 797//797 798//798
f 799//799 800//800 801//801
f 802//802 803//803 804//804
f 805//805 806//806 807//807
f 808//808 809//809 810//810
f 811//811 812//812 813//813
f 814//814 815//815 816//816
f 817//817 818//818 819//819
f 820//820 821//821 822//822
f 823//823 824//824 825//825
f 826//826 827//827 828//828
f 829//829 830//830 831//831
f 832//832 833//833 834//834
f 835//835 836//836 837//837
f 838//838 839//839 840//840
f 841//841 842//842 843//843
f 844//844 845//845 846//846
f 847//847 848//848 849//849
f 850//850 851//851 852//852
f 853//853 854//854 855//855
f 856//856 857//857 858//858
f 859//859 860//860 861//861
f 862//862 863//863 864//864
f 865//865 866//866 867//867
f 868//868 869//869 870//870
f 871//871 872//872 873//873
f 874//874 875//875 876//876
f 877//877 878//878 879//879
f 880//880 881//881 882//882
f 883//883 884//884 885//885
f 886//886 887//887 888//888
f 889//889 890//890 891//891
f 892//892 893//893 894//894
f 895//895 896//896 897//897
f 898//898 899//899 900//900
f 901//901 902//902 903//903
f 904//904 905//905 906//906
f 907//907 908//908 909//909
f 910//910 911//911 912//912
f 913//913 914//914 915//915
f 916//916 917//917 918//918
f 919//919 920//920 921//921
f 922//922 923//923 924//924
f 925//925 926//926 927//927
f 928//928 929//929 930//930
f 931//931 932//932 933//933
f 934//934 935//935 936//936
f 937//937 938//938 939//939
f 940//940 941//941 942//942
f 943//943 944//944 945//945
f 946//946 947//947 948//948
f 949//949 950//950 951//951
f 952//952 953//953 954//954
f 955//955 956//956 957//957
f 958//958 959//959 960//960
f 961//961 962//962 963//963
f 964//964 965//965 966//966
f 967//967 968//968 969//969
f 970//970 971//971 972//972
f 973//973 974//974 975//975
f 976//976 977//977 978//978
f 979//979 980//980 981//981
f 982//982 983//983 984//984
f 985//985 986//986 987//987
f 988//988 989//989 990//990
f 991//991 992//992 993//993
f 994//994 995//995 996//996
f 997//997 998//998 996//996
f 996//996 999//999 997//997
f 999//999 1000//1000 997//997
f 999//999 1001//1001 1000//1000
f 999//999 1002//1002 1001//1001
f 1002//1002 1003//1003 1001//1001
f 1002//1002 1004//1004 1003//1003
f 1002//1002 1005//1005 1004//1004
f 1005//1005 1006//1006 1004//1004
f 1005//1005 1007//1007 1006//1006
f 1007//1007 1008//1008 1006//1006
f 998//998 997//997 1009//1009
f 997//997 1010//1010 1009//1009
f 998//998 1009//1009 1011//1011
f 1011//1011 1009//1009 1012//1012
f 1007//1007 1013//1013 1008//1008
f 1013//1013 1014//1014 1008//1008
f 1014//1014 1015//1015 1008//1008
f 1015//1015 1016//1016 1008//1008
f 1017//1017 1018//1018 1010//1010
f 1019//1019 1020//1020 1013//1013
f 1021//1021 1022//1022 1016//1016
f 1023//1023 1015//1015 1024//1024
f 1025//1025 1023//1023 1024//1024
f 1026//1026 1027//1027 1016//1016
f 1027//1027 1028//1028 1016//1016
f 1029//1029 1030//1030 1028//1028
f 1030//1030 1031//1031 1028//1028
f 1031//1031 1032//1032 1028//1028
f 1030//1030 1033//1033 1031//1031
f 1030//1030 1034//1034 1033//1033
f 1031//1031 1035//1035 1032//1032
f 1035//1035 1036//1036 1032//1032
f 1037//1037 1038//1038 1039//1039
f 1040//1040 1041//1041 1042//1042
f 1043//1043 1044//1044 1045//1045
f 1046//1046 1047//1047 1043//1043
f 1046//1046 1048//1048 1047//1047
f 1048//1048 1046//1046 1049//1049
f 1048//1048 1049//1049 1050//1050
f 1051//1051 1048//1048 1050//1050
f 1052//1052 1051//1051 1050//1050
f 1052//1052 1050//1050 1053//1053
f 1054//1054 1052//1052 1053//1053
f 1053//1053 1055//1055 1054//1054
f 1055//1055 1056//1056 1054//1054
f 1048//1048 1057//1057 1058//1058
f 1056//1056 1059//1059 1060//1060
f 1051//1051 1061//1061 1062//1062
f 1063//1063 1064//1064 1046//1046
f 1064//1064 1065//1065 1066//1066
f 1064//1064 1067//1067 1068//1068
f 1064//1064 1069//1069 1067//1067
f 1069//1069 1070//1070 1071//1071
f 1069//1069 1072//1072 1070//1070
f 1072//1072 1073//1073 1070//1070
f 1072//1072 1074//1074 1073//1073
f 1075//1075 1063//1063 1076//1076
f 1061//1061 1075//1075 1076//1076
f 1075//1075 1061//1061 1077//1077
f 1077//1077 1078//1078 1075//1075
f 1078//1078 1079//1079 1075//1075
f 1078//1078 1080//1080 1079//1079
f 1080//1080 1078//1078 1081//1081
f 1080//1080 1081//1081 1082//1082
f 1083//1083 1080//1080 1082//1082
f 1084//1084 1085//1085 1075//1075
f 1084//1084 1086//1086 1085//1085
f 1086//1086 1011//1011 1085//1085
f 1087//1087 1088//1088 1089//1089
f 1090//1090 1091//1091 1092//1092
f 1093//1093 1094//1094 1095//1095
f 1096//1096 1097//1097 1098//1098
f 1099//1099 1100//1100 1101//1101
f 1102//1102 1103//1103 1104//1104
f 1105//1105 1106//1106 1107//1107
f 1108//1108 1109//1109 1110//1110
f 1108//1108 1111//1111 1109//1109
f 1112//1112 1113//1113 1114//1114
f 1113//1113 1115//1115 1114//1114
f 115//115 1116//1116 1115//1115
f 1116//1116 112//112 1115//1115
f 1115//1115 112//112 1117//1117
f 1118//1118 1119//1119 1120//1120
f 1119//1119 1121//1121 1120//1120
f 1122//1122 1123//1123 1124//1124
f 1123//1123 1125//1125 1124//1124
f 1126//1126 1127//1127 1128//1128
f 1126//1126 1129//1129 1127//1127
f 1129//1129 1130//1130 1127//1127
f 1131//1131 1132//1132 1133//1133
f 1132//1132 1134//1134 1133//1133
f 1132//1132 1135//1135 1134//1134
f 1136//1136 1137//1137 1138//1138
f 1136//1136 1139//1139 1137//1137
f 1139//1139 1140//1140 1137//1137
f 1141//1141 1142//1142 1143//1143
f 1142//1142 1144//1144 1143//1143
f 1142//1142 1145//1145 1144//1144
f 1146//1146 1147//1147 1148//1148
f 1147//1147 1149//1149 1148//1148
f 1150//1150 1151//1151 1152//1152
f 1150//1150 1153//1153 1151//1151
f 1153//1153 1154//1154 1151//1151
f 1155//1155 1156//1156 1157//1157
f 1156//1156 1158//1158 1157//1157
f 1159//1159 1160//1160 1161//1161
f 1159//1159 1162//1162 1160//1160
f 1163//1163 1164//1164 1165//1165
f 1164//1164 1166//1166 1165//1165
f 1166//1166 1167//1167 1165//1165
f 1168//1168 1169//1169 1170//1170
f 1169//1169 1171//1171 1170//1170
f 1172//1172 1173//1173 1174//1174
f 1172//1172 1175//1175 1173//1173
f 1176//1176 1177//1177 1178//1178
f 1177//1177 1179//1179 1178//1178
f 1180//1180 1181//1181 1182//1182
f 1181//1181 1183//1183 1182//1182
f 1184//1184 1185//1185 1186//1186
f 1185//1185 1187//1187 1186//1186
f 1185//1185 1188//1188 1187//1187
f 1188//1188 1189//1189 1187//1187
f 1190//1190 1191//1191 1192//1192
f 1191//1191 1193//1193 1192//1192
f 1191//1191 1194//1194 1193//1193
f 1194//1194 1195//1195 1193//1193
f 1196//1196 1197//1197 1198//1198
f 1196//1196 1199//1199 1197//1197
f 1200//1200 1201//1201 1202//1202
f 1201//1201 1203//1203 1202//1202
f 1204//1204 1205//1205 1206//1206
f 1205//1205 1207//1207 1206//1206
f 1208//1208 1209//1209 1210//1210
f 1209//1209 1211//1211 1210//1210
f 1212//1212 1213//1213 1214//1214
f 1213//1213 1215//1215 1214//1214
f 1216//1216 1217//1217 1218//1218
f 1217//1217 1219//1219 1218//1218
f 1220//1220 1221//1221 1222//1222
f 1221//1221 1223//1223 1222//1222
f 1224//1224 1225//1225 1226//1226
f 1225//1225 1227//1227 1226//1226
f 1228//1228 1229//1229 1230//1230
f 1229//1229 1231//1231 1230//1230
f 1232//1232 1233//1233 1234//1234
f 1233//1233 1235//1235 1234//1234
f 1236//1236 1237//1237 1238//1238
f 1236//1236 1238//1238 1239//1239
f 1238//1238 1240//1240 1239//1239
f 1240//1240 1241//1241 1239//1239
f 1240//1240 1242//1242 1241//1241
f 1242//1242 1243//1243 1241//1241
f 1242//1242 1244//1244 1243//1243
f 1244//1244 1245//1245 1243//1243
f 1246//1246 1247//1247 1248//1248
f 1246//1246 1248//1248 1249//1249
f 1248//1248 1250//1250 1249//1249
f 1250//1250 1251//1251 1249//1249
f 1250//1250 1252//1252 1251//1251
f 1250//1250 1253//1253 1252//1252
f 1253//1253 1254//1254 1252//1252
f 1253//1253 1255//1255 1254//1254
f 1256//1256 1257//1257 1258//1258
f 1257//1257 1259//1259 1258//1258
f 1260//1260 1261//1261 1262//1262
f 1261//1261 1263//1263 1262//1262
f 1263//1263 1264//1264 1262//1262
f 1265//1265 1266//1266 1267//1267
f 1266//1266 1268//1268 1267//1267
f 1269//1269 1270//1270 1271//1271
f 1270//1270 1272//1272 1271//1271
f 1273//1273 1274//1274 1275//1275
f 1274//1274 1276//1276 1275//1275
f 1277//1277 1278//1278 1279//1279
f 1278//1278 1280//1280 1279//1279
f 1278//1278 1281//1281 1280//1280
f 1281//1281 1282//1282 1280//1280
f 1283//1283 1284//1284 1285//1285
f 1284//1284 1286//1286 1285//1285
f 1284//1284 1287//1287 1286//1286
f 1287//1287 1288//1288 1286//1286
f 1289//1289 1290//1290 1291//1291
f 1289//1289 1292//1292 1290//1290
f 1293//1293 1294//1294 1295//1295
f 1294//1294 1296//1296 1295//1295
f 1297//1297 1298//1298 1299//1299
f 1298//1298 1300//1300 1299//1299
f 1301//1301 1302//1302 1303//1303
f 1302//1302 1304//1304 1303//1303
f 1305//1305 1306//1306 1307//1307
f 1306//1306 1308//1308 1307//1307
f 1309//1309 1310//1310 1311//1311
f 1309//1309 1311//1311 1312//1312
f 1313//1313 1309//1309 1312//1312
f 1313//1313 1312//1312 1314//1314
f 1313//1313 1314//1314 1315//1315
f 1007//1007 1313//1313 1315//1315
f 1316//1316 1317//1317 1318//1318
f 1319//1319 1320//1320 1321//1321
f 1322//1322 1323//1323 1324//1324
f 1325//1325 1326//1326 1327//1327
f 1328//1328 1329//1329 1330//1330
f 1331//1331 1332//1332 1333//1333
f 1334//1334 1335//1335 1336//1336
f 1337//1337 1338//1338 1339//1339
f 1340//1340 1341//1341 1342//1342
f 1343//1343 1344//1344 1345//1345
f 1346//1346 1347//1347 1348//1348
f 1349//1349 1350//1350 1351//1351
f 1352//1352 1353//1353 1354//1354
f 1355//1355 1356//1356 1357//1357
f 1358//1358 1359//1359 1360//1360
f 1361//1361 1362//1362 1363//1363
f 1364//1364 1365//1365 1366//1366
f 1367//1367 1368//1368 1369//1369
f 1370//1370 1371//1371 1372//1372
f 1373//1373 1374//1374 1375//1375
f 1376//1376 1377//1377 1378//1378
f 1379//1379 1380//1380 1381//1381
f 1382//1382 1383//1383 1384//1384
f 1385//1385 1386//1386 1387//1387
f 1388//1388 1389//1389 1390//1390
f 1391//1391 1392//1392 1393//1393
f 1394//1394 1395//1395 1396//1396
f 1397//1397 1398//1398 1399//1399
f 1400//1400 1401//1401 1402//1402
f 1403//1403 1404//1404 1405//1405
f 1406//1406 1407//1407 1408//1408
f 1409//1409 1410//1410 1411//1411
f 1412//1412 1413//1413 1414//1414
f 1415//1415 1416//1416 1417//1417
f 1418//1418 1419//1419 1420//1420
f 1421//1421 1422//1422 1423//1423
f 1424//1424 1425//1425 1426//1426
f 1427//1427 1428//1428 1429//1429
f 1430//1430 1431//1431 1432//1432
f 1433//1433 1434//1434 1435//1435
f 1436//1436 1437//1437 1438//1438
f 1439//1439 1440//1440 1441//1441
f 1442//1442 1443//1443 1444//1444
f 1445//1445 1446//1446 1447//1447
f 1448//1448 1449//1449 1450//1450
f 1451//1451 1452//1452 1453//1453
f 1454//1454 1455//1455 1456//1456
f 1457//1457 1458//1458 1459//1459
f 1460//1460 1461//1461 1462//1462
f 1463//1463 1464//1464 1465//1465
f 1466//1466 1467//1467 1468//1468
f 1469//1469 1470//1470 1471//1471
f 1472//1472 1473//1473 1474//1474
f 1475//1475 1476//1476 1477//1477
f 1478//1478 1479//1479 1480//1480
f 1481//1481 1482//1482 1483//1483
f 1484//1484 1485//1485 1486//1486
f 1487//1487 1488//1488 1489//1489
f 1490//1490 1491//1491 1492//1492
f 1493//1493 1494//1494 1495//1495
f 1496//1496 1497//1497 1498//1498
f 1499//1499 1500//1500 1501//1501
f 1502//1502 1503//1503 1504//1504
f 1505//1505 1506//1506 1507//1507
f 1508//1508 1509//1509 1510//1510
f 1511//1511 1512//1512 1513//1513
f 1514//1514 1515//1515 1516//1516
f 1517//1517 1518//1518 1519//1519
f 1520//1520 1521//1521 1522//1522
f 1523//1523 1524//1524 1525//1525
f 1526//1526 1527//1527 1528//1528
f 1529//1529 1530//1530 1531//1531
f 1532//1532 1533//1533 1534//1534
f 1535//1535 1536//1536 1537//1537
f 1538//1538 1539//1539 1540//1540
f 1541//1541 1542//1542 1543//1543
f 1544//1544 1545//1545 1546//1546
f 1547//1547 1548//1548 1549//1549
f 1550//1550 1551//1551 1552//1552
f 1553//1553 1554//1554 1555//1555
f 1556//1556 1557//1557 1558//1558
f 1559//1559 1556//1556 1560//1560
f 1556//1556 1561//1561 1560//1560
f 1562//1562 1560//1560 1563//1563
f 1560//1560 1562//1562 1564//1564
f 1565//1565 1566//1566 1561//1561
f 1565//1565 1567//1567 1566//1566
f 1565//1565 1568//1568 1567//1567
f 1568//1568 1569//1569 1570//1570
f 1571//1571 1572//1572 1573//1573
f 1574//1574 1575//1575 1576//1576
f 1577//1577 1578//1578 1579//1579
f 1580//1580 1581//1581 1582//1582
f 1583//1583 1584//1584 1585//1585
f 1586//1586 1587//1587 1588//1588
f 1589//1589 1590//1590 1591//1591
f 1592//1592 1593//1593 1594//1594
f 1595//1595 1596//1596 1597//1597
f 1598//1598 1599//1599 1600//1600
f 1601//1601 1602//1602 1603//1603
f 1604//1604 1605//1605 1606//1606
f 1607//1607 1608//1608 1609//1609
f 1610//1610 1611//1611 1612//1612
f 1613//1613 1614//1614 1615//1615
f 1616//1616 1617//1617 1618//1618
f 1619//1619 1620//1620 1621//1621
f 1622//1622 1623//1623 1624//1624
f 1625//1625 1626//1626 1627//1627
f 1628//1628 1629//1629 1630//1630
f 1631//1631 1632//1632 1633//1633
f 1634//1634 1635//1635 1636//1636
f 1637//1637 1638//1638 1639//1639
f 1640//1640 1641//1641 1642//1642
f 1643//1643 1644//1644 1645//1645
f 1646//1646 1647//1647 1648//1648
f 1649//1649 1650//1650 1651//1651
f 1652//1652 1653//1653 1654//1654
f 1655//1655 1656//1656 1657//1657
f 1658//1658 1659//1659 1660//1660
f 1661//1661 1662//1662 1663//1663
f 1664//1664 1665//1665 1666//1666
f 1667//1667 1668//1668 1669//1669
f 1670//1670 1671//1671 1672//1672
f 1673//1673 1674//1674 1675//1675
f 1676//1676 1677//1677 1678//1678
f 1679//1679 1680//1680 1681//1681
f 1682//1682 1683//1683 1684//1684
f 1685//1685 1686//1686 1687//1687
f 1688//1688 1689//1689 1690//1690
f 1691//1691 1692//1692 1693//1693
f 1694//1694 1695//1695 1696//1696
f 1697//1697 1698//1698 1699//1699
f 1700//1700 1701//1701 1702//1702
f 1703//1703 1704//1704 1705//1705
f 1706//1706 1707//1707 1708//1708
f 1709//1709 1710//1710 1711//1711
f 1712//1712 1713//1713 1714//1714
f 1715//1715 1716//1716 1717//1717
f 1718//1718 1719//1719 1720//1720
f 1721//1721 1722//1722 1723//1723
f 1724//1724 1725//1725 1726//1726
f 1727//1727 1728//1728 1729//1729
f 1730//1730 1731//1731 1732//1732
f 1733//1733 1734//1734 1735//1735
f 1736//1736 1737//1737 1738//1738
f 1739//1739 1740//1740 1741//1741
f 1742//1742 1743//1743 1744//1744
f 1745//1745 1746//1746 1747//1747
f 1748//1748 1749//1749 1750//1750
f 1751//1751 1752//1752 1753//1753
f 1754//1754 1755//1755 1756//1756
f 1757//1757 1758//1758 1759//1759
f 1760//1760 1761//1761 1762//1762
f 1763//1763 1764//1764 1765//1765
f 1766//1766 1767//1767 1768//1768
f 1769//1769 1770//1770 1771//1771
f 1772//1772 1773//1773 1774//1774
f 1775//1775 1776//1776 1777//1777
f 1778//1778 1779//1779 1780//1780
f 1781//1781 1782//1782 1783//1783
f 1784//1784 1785//1785 1786//1786
f 1787//1787 1788//1788 1789//1789
f 1790//1790 1791//1791 1792//1792
f 1793//1793 1794//1794 1795//1795
f 1796//1796 1797//1797 1798//1798
f 1799//1799 1800//1800 1801//1801
f 1802//1802 1803//1803 1804//1804
f 1805//1805 1806//1806 1807//1807
f 1808//1808 1809//1809 1810//1810
f 1811//1811 1812//1812 1813//1813
f 1814//1814 1815//1815 1816//1816
f 1817//1817 1818//1818 1819//1819
f 1820//1820 1821//1821 1822//1822
f 1823//1823 1824//1824 1825//1825
f 1826//1826 1827//1827 1828//1828
f 1829//1829 1830//1830 1831//1831
f 1832//1832 1833//1833 1834//1834
f 1835//1835 1836//1836 1837//1837
f 1838//1838 1839//1839 1840//1840
f 1841//1841 1842//1842 1843//1843
f 1844//1844 1845//1845 1846//1846
f 1847//1847 1848//1848 1849//1849
f 1850//1850 1851//1851 1852//1852
f 1853//1853 1854//1854 1855//1855
f 1856//1856 1857//1857 1858//1858
f 1859//1859 1860//1860 1861//1861
f 1862//1862 1863//1863 1864//1864
f 1865//1865 1866//1866 1867//1867
f 1868//1868 1869//1869 1870//1870
f 1871//1871 1872//1872 1873//1873
f 1874//1874 1875//1875 1876//1876
f 1877//1877 1878//1878 1879//1879
f 1880//1880 1881//1881 1882//1882
f 1883//1883 1884//1884 1885//1885
f 1886//1886 1887//1887 1888//1888
f 1889//1889 1890//1890 1891//1891
f 1892//1892 1893//1893 1894//1894
f 1895//1895 1896//1896 1897//1897
f 1898//1898 1899//1899 1900//1900
f 1901//1901 1902//1902 1903//1903
f 1904//1904 1905//1905 1906//1906
f 1907//1907 1908//1908 1909//1909
f 1910//1910 1911//1911 1912//1912
f 1913//1913 1914//1914 1915//1915
f 1916//1916 1917//1917 1918//1918
f 1919//1919 1920//1920 1921//1921
f 1922//1922 1923//1923 1924//1924
f 1925//1925 1926//1926 1927//1927
f 1928//1928 1929//1929 1930//1930
f 1931//1931 1932//1932 1933//1933
f 1934//1934 1935//1935 1936//1936
f 1937//1937 1938//1938 1939//1939
f 1940//1940 1941//1941 1942//1942
f 1943//1943 1944//1944 1945//1945
f 1946//1946 1947//1947 1948//1948
f 1949//1949 1950//1950 1951//1951
f 1952//1952 1953//1953 1954//1954
f 1955//1955 1956//1956 1957//1957
f 1958//1958 1959//1959 1960//1960
f 1961//1961 1962//1962 1963//1963
f 1964//1964 1965//1965 1966//1966
f 1967//1967 1968//1968 1969//1969
f 1970//1970 1971//1971 1972//1972
f 1973//1973 1974//1974 1975//1975
f 1976//1976 1977//1977 1978//1978
f 1979//1979 1980//1980 1981//1981
f 1982//1982 1983//1983 1984//1984
f 1985//1985 1986//1986 1987//1987
f 1988//1988 1989//1989 1990//1990
f 1991//1991 1992//1992 1993//1993
f 1994//1994 1995//1995 1996//1996
f 1997//1997 1998//1998 1999//1999
f 2000//2000 2001//2001 2002//2002
f 2003//2003 2004//2004 2005//2005
f 2003//2003 2006//2006 2007//2007
f 2008//2008 2009//2009 2010//2010
f 2011//2011 2012//2012 2013//2013
f 2014//2014 2015//2015 2016//2016
f 2017//2017 2018//2018 2019//2019
f 2020//2020 2021//2021 2022//2022
f 2023//2023 2024//2024 2025//2025
f 2026//2026 2027//2027 2028//2028
f 2029//2029 2030//2030 2031//2031
f 2032//2032 2033//2033 2034//2034
f 2035//2035 2036//2036 2037//2037
f 2038//2038 2039//2039 2040//2040
f 2041//2041 2042//2042 2043//2043
f 2044//2044 2045//2045 2046//2046
f 2047//2047 2048//2048 2049//2049
f 2050//2050 2051//2051 2052//2052
f 2053//2053 2054//2054 2055//2055
f 2056//2056 2057//2057 2058//2058
f 2059//2059 2060//2060 2061//2061
f 2062//2062 2063//2063 2064//2064
f 2065//2065 2066//2066 2067//2067
f 2068//2068 2069//2069 2070//2070
f 2071//2071 2072//2072 2073//2073
f 2074//2074 2075//2075 2076//2076
f 2077//2077 2078//2078 2079//2079
f 2080//2080 2081//2081 2082//2082
f 2083//2083 2084//2084 2085//2085
f 2086//2086 2087//2087 2088//2088
f 2089//2089 2090//2090 2091//2091
f 2092//2092 2093//2093 2094//2094
f 2095//2095 2096//2096 2097//2097
f 2098//2098 2099//2099 2100//2100
f 2101//2101 2102//2102 2103//2103
f 2104//2104 2105//2105 2106//2106
f 2107//2107 2108//2108 2109//2109
f 2107//2107 2110//2110 2108//2108
f 2111//2111 2112//2112 2113//2113
f 2112//2112 2114//2114 2113//2113
f 2115//2115 2116//2116 2117//2117
f 2116//2116 2118//2118 2117//2117
f 2116//2116 2119//2119 2118//2118
f 2120//2120 2121//2121 2119//2119
f 2120//2120 2122//2122 2121//2121
f 2123//2123 2124//2124 2125//2125
f 2126//2126 2124//2124 2123//2123
f 2127//2127 2128//2128 2129//2129
f 2130//2130 2127//2127 2129//2129
f 2131//2131 2132//2132 2130//2130
f 2132//2132 2133//2133 2130//2130
f 2132//2132 2134//2134 2135//2135
f 2132//2132 2136//2136 2134//2134
f 2136//2136 2137//2137 2134//2134
f 2137//2137 2136//2136 2138//2138
f 2139//2139 2140//2140 2141//2141
f 2140//2140 2142//2142 2141//2141
f 2143//2143 2144//2144 2141//2141
f 2145//2145 2144//2144 2143//2143
f 2145//2145 2146//2146 2144//2144
f 2145//2145 2147//2147 2146//2146
f 2147//2147 2148//2148 2146//2146
f 2149//2149 2150//2150 2151//2151
f 2149//2149 2152//2152 2150//2150
f 2153//2153 2154//2154 2155//2155
f 2155//2155 2154//2154 2156//2156
f 2157//2157 2158//2158 2159//2159
f 2160//2160 2161//2161 2162//2162
f 2163//2163 2164//2164 2165//2165
f 2166//2166 2167//2167 2168//2168
f 2169//2169 2170//2170 2171//2171
f 2172//2172 2173//2173 2174//2174
f 2175//2175 2176//2176 2177//2177
f 2178//2178 2179//2179 2180//2180
f 2181//2181 2182//2182 2183//2183
f 2184//2184 2185//2185 2186//2186
f 2187//2187 2188//2188 2189//2189
f 2190//2190 2191//2191 2192//2192
f 2193//2193 2194//2194 2195//2195
f 2196//2196 2197//2197 2198//2198
f 2199//2199 2200//2200 2201//2201
f 2202//2202 2203//2203 2204//2204
f 2205//2205 2206//2206 2207//2207
f 2208//2208 2209//2209 2210//2210
f 2211//2211 2212//2212 2213//2213
f 2214//2214 2215//2215 2216//2216
f 2217//2217 2218//2218 2219//2219
f 2220//2220 2221//2221 2222//2222
f 2223//2223 2224//2224 2225//2225
f 2226//2226 2227//2227 2228//2228
f 2229//2229 2230//2230 2231//2231
f 2232//2232 2233//2233 2234//2234
f 2235//2235 2236//2236 2237//2237
f 2238//2238 2239//2239 2240//2240
f 2241//2241 2242//2242 2243//2243
f 2244//2244 2245//2245 2246//2246
f 2247//2247 2248//2248 2249//2249
f 2250//2250 2251//2251 2252//2252
f 2253//2253 2254//2254 2255//2255
f 2256//2256 2257//2257 2258//2258
f 2259//2259 2260//2260 2261//2261
f 2262//2262 2263//2263 2264//2264
f 2265//2265 2266//2266 2267//2267
f 2268//2268 2269//2269 2270//2270
f 2271//2271 2272//2272 2273//2273
f 2274//2274 2275//2275 2276//2276
f 2277//2277 2278//2278 2279//2279
f 2280//2280 2281//2281 2282//2282
f 2283//2283 2284//2284 2285//2285
f 2286//2286 2287//2287 2288//2288
f 2289//2289 2290//2290 2291//2291
f 2292//2292 2293//2293 2294//2294
f 2295//2295 2296//2296 2297//2297
f 2298//2298 2299//2299 2300//2300
f 2301//2301 2302//2302 2303//2303
f 2304//2304 2305//2305 2306//2306
f 2307//2307 2308//2308 2309//2309
f 2310//2310 2311//2311 2312//2312
f 2313//2313 2314//2314 2315//2315
f 2316//2316 2317//2317 2318//2318
f 2319//2319 2320//2320 2321//2321
f 2322//2322 2323//2323 2324//2324
f 2325//2325 2326//2326 2327//2327
f 2328//2328 2329//2329 2330//2330
f 2331//2331 2332//2332 2333//2333
f 2334//2334 2335//2335 2336//2336
f 2337//2337 2338//2338 2339//2339
f 2340//2340 2341//2341 2342//2342
f 2343//2343 2344//2344 2345//2345
f 2346//2346 2347//2347 2348//2348
f 2349//2349 2350//2350 2351//2351
f 2352//2352 2353//2353 2354//2354
f 2355//2355 2356//2356 2357//2357
f 2358//2358 2359//2359 2360//2360
f 2361//2361 2362//2362 2363//2363
f 2362//2362 2364//2364 2363//2363
f 2365//2365 2366//2366 2367//2367
f 2366//2366 2368//2368 2367//2367
f 2369//2369 2370//2370 2371//2371
f 2372//2372 2373//2373 2374//2374
f 2375//2375 2376//2376 2377//2377
f 2377//2377 2378//2378 2379//2379
f 2380//2380 2381//2381 2382//2382
f 2383//2383 2384//2384 2382//2382
f 2385//2385 2384//2384 2383//2383
f 2386//2386 2385//2385 2387//2387
f 2388//2388 2389//2389 2390//2390
f 2391//2391 2392//2392 2393//2393
f 2394//2394 2395//2395 2396//2396
f 2397//2397 2398//2398 2399//2399
f 2400//2400 2401//2401 2402//2402
f 2403//2403 2400//2400 2404//2404
f 2405//2405 2406//2406 2404//2404
f 2407//2407 2403//2403 2408//2408
f 2409//2409 2410//2410 2407//2407
f 2411//2411 2412//2412 2408//2408
f 2411//2411 2413//2413 2412//2412
f 2413//2413 2414//2414 2415//2415
f 2413//2413 2416//2416 2414//2414
f 2416//2416 2417//2417 2414//2414
f 2417//2417 2416//2416 2418//2418
f 2418//2418 2416//2416 2419//2419
f 2419//2419 2416//2416 2420//2420
f 2421//2421 2419//2419 2420//2420
f 2419//2419 2421//2421 2422//2422
f 2423//2423 2424//2424 2422//2422
f 2425//2425 2426//2426 2427//2427
f 2428//2428 2429//2429 2430//2430
f 2431//2431 2432//2432 2433//2433
f 2434//2434 2431//2431 2435//2435
f 2436//2436 2434//2434 2435//2435
f 2434//2434 2436//2436 2437//2437
f 2436//2436 2438//2438 2439//2439
f 2438//2438 2440//2440 2439//2439
f 2441//2441 2442//2442 2438//2438
f 2442//2442 2443//2443 2438//2438
f 2444//2444 2443//2443 2445//2445
f 2446//2446 2444//2444 2445//2445
f 2446//2446 2445//2445 2447//2447
f 2448//2448 2446//2446 2447//2447
f 2449//2449 2450//2450 2451//2451
f 2452//2452 2449//2449 2453//2453
f 2454//2454 2452//2452 2455//2455
f 2453//2453 2454//2454 2456//2456
f 2457//2457 2453//2453 2456//2456
f 2458//2458 2459//2459 2460//2460
f 2461//2461 2462//2462 2463//2463
f 2464//2464 2465//2465 2466//2466
f 2467//2467 2468//2468 2469//2469
f 2470//2470 2471//2471 2472//2472
f 2473//2473 2474//2474 2475//2475
f 2476//2476 2477//2477 2478//2478
f 2479//2479 2480//2480 2481//2481
f 2482//2482 2483//2483 2484//2484
f 2485//2485 2486//2486 2487//2487
f 2488//2488 2489//2489 2490//2490
f 2491//2491 2492//2492 2493//2493
f 2494//2494 2495//2495 2496//2496
f 2497//2497 2498//2498 2499//2499
f 2500//2500 2501//2501 2502//2502
f 2503//2503 2504//2504 2505//2505
f 2506//2506 2507//2507 2505//2505
f 2508//2508 2509//2509 2510//2510
f 2511//2511 2512//2512 2513//2513
f 2514//2514 2515//2515 2516//2516
f 2517//2517 2518//2518 2519//2519
f 2519//2519 2520//2520 2521//2521
f 2521//2521 2522//2522 2523//2523
f 2524//2524 2521//2521 2523//2523
f 2524//2524 2525//2525 2526//2526
f 2524//2524 2527//2527 2528//2528
f 2524//2524 2528//2528 2529//2529
f 2530//2530 2524//2524 2531//2531
f 2532//2532 2533//2533 2530//2530
f 2530//2530 2534//2534 2535//2535
f 2535//2535 2534//2534 2536//2536
f 2534//2534 2537//2537 2536//2536
f 2538//2538 2539//2539 2536//2536
f 2539//2539 2538//2538 2540//2540
f 2539//2539 2540//2540 2541//2541
f 2542//2542 2529//2529 2543//2543
f 2544//2544 2542//2542 2543//2543
f 2544//2544 2543//2543 2545//2545
f 2546//2546 2544//2544 2545//2545
f 2545//2545 2547//2547 2546//2546
f 2547//2547 2548//2548 2546//2546
f 2549//2549 2550//2550 2542//2542
f 2550//2550 2521//2521 2542//2542
f 2551//2551 2546//2546 2552//2552
f 2553//2553 2551//2551 2552//2552
f 2554//2554 2555//2555 2556//2556
f 2557//2557 2558//2558 2559//2559
f 2560//2560 2561//2561 2562//2562
f 2563//2563 2564//2564 2565//2565
f 2566//2566 2567//2567 2568//2568
f 2569//2569 2570//2570 2571//2571
f 2572//2572 2573//2573 2574//2574
f 2575//2575 2576//2576 2577//2577
f 2578//2578 2579//2579 2580//2580
f 2581//2581 2582//2582 2583//2583
f 2584//2584 2585//2585 2586//2586
f 2587//2587 2588//2588 2589//2589
f 2590//2590 2591//2591 2592//2592
f 2593//2593 2594//2594 2595//2595
f 2596//2596 2597//2597 2598//2598
f 2599//2599 2600//2600 2601//2601
f 2602//2602 2603//2603 2604//2604
f 2605//2605 2606//2606 2607//2607
f 2608//2608 2609//2609 2610//2610
f 2611//2611 2612//2612 2613//2613
f 2614//2614 2615//2615 2616//2616
f 2617//2617 2618//2618 2619//2619
f 2617//2617 2620//2620 2621//2621
f 2620//2620 2622//2622 2621//2621
f 2622//2622 2623//2623 2621//2621
f 2622//2622 2624//2624 2623//2623
f 2625//2625 2624//2624 2622//2622
f 2625//2625 2622//2622 2626//2626
f 2624//2624 2627//2627 2623//2623
f 2624//2624 2628//2628 2627//2627
f 2629//2629 2621//2621 2623//2623
f 2629//2629 2630//2630 2621//2621
f 2631//2631 2621//2621 2630//2630
f 2632//2632 2631//2631 2630//2630
f 2632//2632 2630//2630 2633//2633
f 2634//2634 2630//2630 2629//2629
f 2634//2634 2629//2629 2635//2635
f 2634//2634 2635//2635 2636//2636
f 2637//2637 2628//2628 2638//2638
f 2628//2628 2639//2639 2640//2640
f 2641//2641 2623//2623 2642//2642
f 2641//2641 2642//2642 2643//2643
f 2644//2644 2641//2641 2643//2643
f 2644//2644 2643//2643 2645//2645
f 2646//2646 2644//2644 2645//2645
f 2646//2646 2645//2645 2636//2636
f 2647//2647 2646//2646 2636//2636
f 2648//2648 2649//2649 2636//2636
f 2648//2648 2636//2636 2650//2650
f 2651//2651 2648//2648 2650//2650
f 2651//2651 2650//2650 2652//2652
f 2653//2653 2651//2651 2652//2652
f 2653//2653 2654//2654 2651//2651
f 2632//2632 2654//2654 2653//2653
f 2655//2655 2632//2632 2653//2653
f 2653//2653 2656//2656 2655//2655
f 2656//2656 2657//2657 2655//2655
f 2656//2656 2658//2658 2659//2659
f 2658//2658 2660//2660 2659//2659
f 2658//2658 2661//2661 2660//2660
f 2661//2661 2658//2658 2662//2662
f 2663//2663 2664//2664 2665//2665
f 2666//2666 2667//2667 2668//2668
f 2669//2669 2670//2670 2671//2671
f 2672//2672 2673//2673 2674//2674
f 2675//2675 2676//2676 2677//2677
f 2676//2676 2678//2678 2679//2679
f 2680//2680 2681//2681 2682//2682
f 2683//2683 2684//2684 2685//2685
f 2686//2686 2687//2687 2688//2688
f 2689//2689 2690//2690 2691//2691
f 2690//2690 2692//2692 2693//2693
f 2694//2694 2695//2695 2696//2696
f 2697//2697 2698//2698 2699//2699
f 2700//2700 2701//2701 2702//2702
f 2703//2703 2704//2704 2705//2705
f 2706//2706 2705//2705 2707//2707
f 2708//2708 2706//2706 2707//2707
f 2709//2709 2710//2710 2711//2711
f 2712//2712 2713//2713 2714//2714
f 2715//2715 2716//2716 2717//2717
f 2718//2718 2717//2717 2719//2719
f 2720//2720 2718//2718 2719//2719
f 2721//2721 2722//2722 2723//2723
f 2724//2724 2725//2725 2726//2726
f 2727//2727 2728//2728 2729//2729
f 2730//2730 2731//2731 2732//2732
f 2733//2733 2734//2734 2735//2735
f 2736//2736 2737//2737 2738//2738
f 2739//2739 2740//2740 2741//2741
f 2742//2742 2743//2743 2744//2744
f 2745//2745 2746//2746 2747//2747
f 2748//2748 2749//2749 2750//2750
f 2751//2751 2752//2752 2753//2753
f 2754//2754 2755//2755 2756//2756
f 2755//2755 2757//2757 2758//2758
f 2757//2757 2759//2759 2760//2760
f 2759//2759 2761//2761 2762//2762
f 2761//2761 2763//2763 2764//2764
f 2763//2763 2765//2765 2766//2766
f 2767//2767 2768//2768 2769//2769
f 2770//2770 2771//2771 2772//2772
f 2773//2773 2774//2774 2775//2775
f 2776//2776 2777//2777 2778//2778
f 2779//2779 2780//2780 2781//2781
f 2782//2782 2783//2783 2784//2784
f 2785//2785 2786//2786 2787//2787
f 2788//2788 2789//2789 2790//2790
f 2791//2791 2792//2792 2793//2793
f 2794//2794 2795//2795 2796//2796
f 2797//2797 2798//2798 2799//2799
f 2800//2800 2801//2801 2802//2802
f 2803//2803 2804//2804 2805//2805
f 2806//2806 2807//2807 2808//2808
f 2809//2809 2810//2810 2811//2811
f 2812//2812 2813//2813 2814//2814
f 2815//2815 2816//2816 2817//2817
f 2818//2818 2819//2819 2820//2820
f 2821//2821 2822//2822 2823//2823
f 2824//2824 2825//2825 2826//2826
f 2827//2827 2828//2828 2829//2829
f 2830//2830 2831//2831 2832//2832
f 2833//2833 2834//2834 2835//2835
f 2836//2836 2837//2837 2838//2838
f 2839//2839 2840//2840 2841//2841
f 2842//2842 2843//2843 2844//2844
f 2845//2845 2846//2846 2847//2847
f 2848//2848 2849//2849 2850//2850
f 2851//2851 2852//2852 2853//2853
f 2854//2854 2855//2855 2856//2856
f 2857//2857 2858//2858 2859//2859
f 2860//2860 2861//2861 2862//2862
f 2863//2863 2864//2864 2865//2865
f 2866//2866 2867//2867 2868//2868
f 2869//2869 2870//2870 2871//2871
f 2872//2872 2873//2873 2874//2874
f 2875//2875 2876//2876 2877//2877
f 2878//2878 2879//2879 2880//2880
f 2881//2881 2882//2882 2883//2883
f 2884//2884 2885//2885 2886//2886
f 2887//2887 2888//2888 2889//2889
f 2890//2890 2891//2891 2892//2892
f 2893//2893 2894//2894 2895//2895
f 2896//2896 2897//2897 2898//2898
f 2899//2899 2900//2900 2901//2901
f 2902//2902 2903//2903 2904//2904
f 2905//2905 2906//2906 2907//2907
f 2908//2908 2909//2909 2910//2910
f 2911//2911 2912//2912 2913//2913
f 2914//2914 2915//2915 2916//2916
f 2917//2917 2918//2918 2919//2919
f 2920//2920 2921//2921 2922//2922
f 2923//2923 2924//2924 2925//2925
f 2926//2926 2927//2927 2928//2928
f 2929//2929 2930//2930 2931//2931
f 2932//2932 2933//2933 2934//2934
f 2935//2935 2936//2936 2937//2937
f 2938//2938 2939//2939 2940//2940
f 2941//2941 2942//2942 2943//2943
f 2944//2944 2943//2943 2945//2945
f 2946//2946 2944//2944 2945//2945
f 2946//2946 2947//2947 2948//2948
f 2949//2949 2946//2946 2950//2950
f 2949//2949 2951//2951 2952//2952
f 2953//2953 2949//2949 2954//2954
f 2955//2955 2954//2954 2956//2956
f 2957//2957 2955//2955 2958//2958
f 2957//2957 2958//2958 2959//2959
f 2960//2960 2957//2957 2961//2961
f 2962//2962 2961//2961 2963//2963
f 2964//2964 2962//2962 2965//2965
f 2966//2966 2965//2965 2967//2967
f 2968//2968 2966//2966 2969//2969
f 2970//2970 2969//2969 2971//2971
f 2972//2972 2970//2970 2973//2973
f 2974//2974 2973//2973 2975//2975
f 2976//2976 2974//2974 2975//2975
f 2976//2976 2977//2977 2978//2978
f 2979//2979 2980//2980 2981//2981
f 2982//2982 2983//2983 2984//2984
f 2985//2985 2986//2986 2987//2987
f 2988//2988 2989//2989 2990//2990
f 2991//2991 2992//2992 2993//2993
f 2994//2994 2995//2995 2996//2996
f 2997//2997 2998//2998 2999//2999
f 3000//3000 3001//3001 3002//3002
f 3003//3003 3004//3004 3005//3005
f 3005//3005 3006//3006 3007//3007
f 3008//3008 3009//3009 3010//3010
f 3011//3011 3012//3012 3010//3010
f 3013//3013 3012//3012 3011//3011
f 3014//3014 3013//3013 3015//3015
f 3016//3016 3017//3017 3018//3018
f 3019//3019 3020//3020 3021//3021
f 3022//3022 3023//3023 3024//3024
f 3025//3025 3026//3026 3027//3027
f 3028//3028 3029//3029 3030//3030
f 3031//3031 3032//3032 3033//3033
f 3034//3034 3035//3035 3031//3031
f 3036//3036 3034//3034 3031//3031
f 3036//3036 3031//3031 3037//3037
f 3036//3036 3037//3037 3038//3038
f 3039//3039 3036//3036 3038//3038
f 3040//3040 3041//3041 3039//3039
f 3031//3031 3042//3042 3043//3043
f 3044//3044 3042//3042 3045//3045
f 3034//3034 3046//3046 3047//3047
f 3046//3046 3048//3048 3047//3047
f 3048//3048 3046//3046 3049//3049
f 3050//3050 3051//3051 3043//3043
f 3052//3052 3050//3050 3044//3044
f 3050//3050 3053//3053 3051//3051
f 3053//3053 3050//3050 3052//3052
f 3054//3054 3055//3055 3056//3056
f 3057//3057 3058//3058 3059//3059
f 3060//3060 3061//3061 3062//3062
f 3063//3063 3064//3064 3065//3065
f 3066//3066 3067//3067 3068//3068
f 3069//3069 3070//3070 3071//3071
f 3070//3070 3072//3072 3073//3073
f 3070//3070 3074//3074 3072//3072
f 3075//3075 3076//3076 3072//3072
f 3077//3077 3078//3078 3076//3076
f 3079//3079 3076//3076 3080//3080
f 3081//3081 3073//3073 3082//3082
f 3081//3081 3082//3082 3083//3083
f 3078//3078 3084//3084 3085//3085
f 3084//3084 3080//3080 3085//3085
f 3074//3074 3086//3086 3085//3085
f 3086//3086 3074//3074 3087//3087
f 3087//3087 3074//3074 3088//3088
f 3089//3089 3087//3087 3088//3088
f 3082//3082 3090//3090 3091//3091
f 3090//3090 3080//3080 3092//3092
f 3090//3090 3092//3092 3091//3091
f 3092//3092 3093//3093 3091//3091
f 3094//3094 3095//3095 3096//3096
f 3097//3097 3098//3098 3099//3099
f 3100//3100 3101//3101 3102//3102
f 3103//3103 3104//3104 3105//3105
f 3106//3106 3107//3107 3108//3108
f 3109//3109 3110//3110 3111//3111
f 3112//3112 3113//3113 3114//3114
f 3115//3115 3116//3116 3117//3117
f 3118//3118 3119//3119 3120//3120
f 3121//3121 3122//3122 3123//3123
f 3124//3124 3125//3125 3126//3126
f 3127//3127 3124//3124 3128//3128
f 3129//3129 3127//3127 3128//3128
f 3129//3129 3130//3130 3131//3131
f 3129//3129 3131//3131 3132//3132
f 3131//3131 3133//3133 3132//3132
f 3133//3133 3134//3134 3135//3135
f 3131//3131 3136//3136 3137//3137
f 3136//3136 3138//3138 3139//3139
f 3136//3136 3140//3140 3141//3141
f 3142//3142 3143//3143 3132//3132
f 3143//3143 3142//3142 3144//3144
f 3143//3143 3144//3144 3145//3145
f 3146//3146 3141//3141 3147//3147
f 3146//3146 3147//3147 3148//3148
f 3149//3149 3150//3150 3148//3148
f 3151//3151 3147//3147 3152//3152
f 3151//3151 3152//3152 3153//3153
f 3154//3154 3151//3151 3153//3153
f 3155//3155 3153//3153 3156//3156
f 3155//3155 3156//3156 3157//3157
f 3158//3158 3155//3155 3157//3157
f 3157//3157 3159//3159 3158//3158
f 3159//3159 3160//3160 3158//3158
f 3161//3161 3158//3158 3162//3162
f 3163//3163 3161//3161 3162//3162
f 3164//3164 3165//3165 3166//3166
f 3167//3167 3168//3168 3166//3166
f 3169//3169 3170//3170 3171//3171
f 3172//3172 3173//3173 3171//3171
f 3173//3173 3172//3172 3174//3174
f 3175//3175 3174//3174 3176//3176
f 3177//3177 3175//3175 3176//3176
f 3178//3178 3179//3179 3180//3180
f 3181//3181 3182//3182 3183//3183
f 3184//3184 3185//3185 3186//3186
f 3187//3187 3188//3188 3189//3189
f 3190//3190 3191//3191 3192//3192
f 3193//3193 3194//3194 3195//3195
f 3196//3196 3197//3197 3198//3198
f 3199//3199 3200//3200 3201//3201
f 3202//3202 3203//3203 3204//3204
f 3205//3205 3206//3206 3207//3207
f 3208//3208 3209//3209 3210//3210
f 3211//3211 3212//3212 3213//3213
f 3214//3214 3215//3215 3216//3216
f 3217//3217 3218//3218 3219//3219
f 3220//3220 3221//3221 3222//3222
f 3223//3223 3224//3224 3225//3225
f 3226//3226 3227//3227 3228//3228
f 3229//3229 3230//3230 3231//3231
f 3232//3232 3233//3233 3234//3234
f 3235//3235 3236//3236 3237//3237
f 3238//3238 3239//3239 3240//3240
f 3241//3241 3242//3242 3243//3243
f 3244//3244 3245//3245 3246//3246
f 3247//3247 3248//3248 3245//3245
f 3247//3247 3249//3249 3248//3248
f 3248//3248 3250//3250 3251//3251
f 3252//3252 3248//3248 3251//3251
f 3248//3248 3253//3253 3250//3250
f 3248//3248 3254//3254 3253//3253
f 3254//3254 3255//3255 3253//3253
f 3256//3256 3253//3253 3255//3255
f 3256//3256 3255//3255 3257//3257
f 3256//3256 3257//3257 3258//3258
f 3257//3257 3259//3259 3258//3258
f 3260//3260 3261//3261 3258//3258
f 3260//3260 3258//3258 3262//3262
f 3263//3263 3260//3260 3262//3262
f 3263//3263 3262//3262 3264//3264
f 3265//3265 3263//3263 3264//3264
f 3266//3266 3265//3265 3264//3264
f 3266//3266 3264//3264 3267//3267
f 3268//3268 3269//3269 3265//3265
f 3270//3270 3271//3271 3253//3253
f 3270//3270 3272//3272 3271//3271
f 3273//3273 3271//3271 3272//3272
f 3274//3274 3273//3273 3272//3272
f 3274//3274 3272//3272 3275//3275
f 3276//3276 3277//3277 3270//3270
f 3278//3278 3273//3273 3279//3279
f 3280//3280 3278//3278 3279//3279
f 3274//3274 3281//3281 3282//3282
f 3282//3282 3281//3281 3283//3283
f 3282//3282 3283//3283 3284//3284
f 3283//3283 3285//3285 3284//3284
f 3282//3282 3286//3286 3287//3287
f 3286//3286 3288//3288 3289//3289
f 3288//3288 3290//3290 3289//3289
f 3288//3288 3291//3291 3290//3290
f 3291//3291 3292//3292 3293//3293
f 3294//3294 3295//3295 3285//3285
f 3294//3294 3276//3276 3295//3295
f 3276//3276 3296//3296 3295//3295
f 3296//3296 3267//3267 3295//3295
f 3297//3297 3298//3298 3296//3296
f 3299//3299 3298//3298 3300//3300
f 3299//3299 3300//3300 3301//3301
f 3296//3296 3302//3302 3303//3303
f 3302//3302 3304//3304 3303//3303
f 3305//3305 3306//3306 3307//3307
f 3308//3308 3309//3309 3310//3310
f 3311//3311 3312//3312 3313//3313
f 3314//3314 3315//3315 3316//3316
f 3317//3317 3318//3318 3319//3319
f 3320//3320 3321//3321 3322//3322
f 3323//3323 3324//3324 3325//3325
f 3326//3326 3327//3327 3328//3328
f 3329//3329 3330//3330 3331//3331
f 3330//3330 3332//3332 3333//3333
f 3334//3334 3335//3335 3336//3336
f 3337//3337 3338//3338 3339//3339
f 3340//3340 3341//3341 3342//3342
f 3343//3343 3344//3344 3345//3345
f 3344//3344 3346//3346 3347//3347
f 3348//3348 3349//3349 3350//3350
f 3351//3351 3352//3352 3353//3353
f 3354//3354 3355//3355 3356//3356
f 3357//3357 3358//3358 3359//3359
f 3358//3358 3360//3360 3361//3361
f 3362//3362 3363//3363 3364//3364
f 3365//3365 3366//3366 3367//3367
f 3368//3368 3369//3369 3370//3370
f 3371//3371 3372//3372 3373//3373
f 3374//3374 3375//3375 3376//3376
f 3377//3377 3378//3378 3379//3379
f 3380//3380 3381//3381 3382//3382
f 3383//3383 3384//3384 3385//3385
f 3386//3386 3387//3387 3388//3388
f 3389//3389 3390//3390 3391//3391
f 3392//3392 3393//3393 3394//3394
f 3395//3395 3396//3396 3397//3397
f 3398//3398 3399//3399 3400//3400
f 3401//3401 3402//3402 3403//3403
f 3404//3404 3405//3405 3406//3406
f 3407//3407 3408//3408 3409//3409
f 3410//3410 3411//3411 3412//3412
f 3413//3413 3414//3414 3415//3415
f 3414//3414 3416//3416 3417//3417
f 3416//3416 3418//3418 3419//3419
f 3418//3418 3420//3420 3421//3421
f 3422//3422 3423//3423 3424//3424
f 3425//3425 3426//3426 3427//3427
f 3428//3428 3429//3429 3430//3430
f 3431//3431 3432//3432 3433//3433
f 3432//3432 3434//3434 3435//3435
f 3434//3434 3436//3436 3437//3437
f 3438//3438 3439//3439 3440//3440
f 3441//3441 3442//3442 3443//3443
f 3444//3444 3445//3445 3446//3446
f 3447//3447 3446//3446 3448//3448
f 3449//3449 3450//3450 3451//3451
f 3452//3452 3453//3453 3454//3454
f 3455//3455 3456//3456 3453//3453
f 3457//3457 3458//3458 3459//3459
f 3460//3460 3461//3461 3462//3462
f 3463//3463 3464//3464 3461//3461
f 3465//3465 3466//3466 3467//3467
f 3466//3466 3468//3468 3469//3469
f 3470//3470 3471//3471 3472//3472
f 3473//3473 3474//3474 3475//3475
f 3476//3476 3477//3477 3478//3478
f 3479//3479 3480//3480 3481//3481
f 3482//3482 3483//3483 3484//3484
f 3485//3485 3486//3486 3487//3487
f 3488//3488 3489//3489 3490//3490
f 3491//3491 3492//3492 3493//3493
f 3494//3494 3495//3495 3496//3496
f 3497//3497 3498//3498 3499//3499
f 3500//3500 3501//3501 3502//3502
f 3503//3503 3504//3504 3505//3505
f 3506//3506 3507//3507 3508//3508
f 3509//3509 3510//3510 3511//3511
f 3512//3512 3513//3513 3514//3514
f 3515//3515 3516//3516 3517//3517
f 3518//3518 3519//3519 3520//3520
f 3521//3521 3522//3522 3523//3523
f 3524//3524 3525//3525 3526//3526
f 3527//3527 3528//3528 3529//3529
f 3530//3530 3531//3531 3532//3532
f 3533//3533 3534//3534 3535//3535
f 3536//3536 3537//3537 3538//3538
f 3539//3539 3540//3540 3541//3541
f 3542//3542 3543//3543 3544//3544
f 3545//3545 3546//3546 3547//3547
f 3548//3548 3549//3549 3550//3550
f 3551//3551 3552//3552 3553//3553
f 3554//3554 3555//3555 3556//3556
f 3557//3557 3558//3558 3559//3559
f 3560//3560 3561//3561 3562//3562
f 3563//3563 3564//3564 3565//3565
f 3566//3566 3567//3567 3568//3568
f 3569//3569 3570//3570 3571//3571
f 3572//3572 3573//3573 3574//3574
f 3575//3575 3576//3576 3577//3577
f 3578//3578 3579//3579 3580//3580
f 3581//3581 3582//3582 3583//3583
f 3584//3584 3585//3585 3586//3586
f 3587//3587 3586//3586 3588//3588
f 3589//3589 3587//3587 3588//3588
f 3589//3589 3590//3590 3591//3591
f 3592//3592 3589//3589 3593//3593
f 3592//3592 3594//3594 3595//3595
f 3596//3596 3592//3592 3597//3597
f 3598//3598 3597//3597 3599//3599
f 3600//3600 3598//3598 3601//3601
f 3600//3600 3601//3601 3602//3602
f 3603//3603 3600//3600 3604//3604
f 3605//3605 3604//3604 3606//3606
f 3607//3607 3605//3605 3608//3608
f 3609//3609 3608//3608 3610//3610
f 3611//3611 3609//3609 3612//3612
f 3613//3613 3612//3612 3614//3614
f 3615//3615 3613//3613 3616//3616
f 3617//3617 3616//3616 3618//3618
f 3619//3619 3617//3617 3618//3618
f 3619//3619 3620//3620 3621//3621
f 3622//3622 3623//3623 3624//3624
f 3625//3625 3626//3626 3627//3627
f 3628//3628 3629//3629 3630//3630
f 3631//3631 3632//3632 3633//3633
f 3634//3634 3635//3635 3636//3636
f 3637//3637 3638//3638 3639//3639
f 3640//3640 3641//3641 3642//3642
f 3641//3641 3643//3643 3642//3642
f 3641//3641 3644//3644 3643//3643
f 3641//3641 3645//3645 3644//3644
f 3645//3645 3646//3646 3644//3644
f 3645//3645 3647//3647 3646//3646
f 3647//3647 3648//3648 3646//3646
f 3647//3647 3649//3649 3648//3648
f 3649//3649 3650//3650 3648//3648
f 3649//3649 3651//3651 3650//3650
f 3651//3651 3652//3652 3650//3650
f 3651//3651 3653//3653 3652//3652
f 3653//3653 3654//3654 3652//3652
f 3653//3653 3655//3655 3654//3654
f 3655//3655 3656//3656 3654//3654
f 3656//3656 3657//3657 3654//3654
f 3658//3658 3659//3659 3660//3660
f 3659//3659 3661//3661 3660//3660
f 3659//3659 3662//3662 3661//3661
f 3659//3659 3663//3663 3662//3662
f 3663//3663 3664//3664 3662//3662
f 3663//3663 3665//3665 3664//3664
f 3665//3665 3666//3666 3664//3664
f 3665//3665 3667//3667 3666//3666
f 3667//3667 3668//3668 3666//3666
f 3667//3667 3669//3669 3668//3668
f 3669//3669 3670//3670 3668//3668
f 3669//3669 3671//3671 3670//3670
f 3671//3671 3672//3672 3670//3670
f 3671//3671 3673//3673 3672//3672
f 3673//3673 3674//3674 3672//3672
f 3674//3674 3675//3675 3672//3672
f 3676//3676 3677//3677 3678//3678
f 3677//3677 3679//3679 3678//3678
f 3680//3680 3681//3681 3682//3682
f 3680//3680 3683//3683 3681//3681
f 3683//3683 3680//3680 3684//3684
f 3685//3685 3686//3686 3687//3687
f 3685//3685 3687//3687 3688//3688
f 3689//3689 3690//3690 3691//3691
f 3690//3690 3692//3692 3691//3691
f 3692//3692 3690//3690 3693//3693
f 3694//3694 3692//3692 3693//3693
f 3694//3694 3693//3693 3695//3695
f 3692//3692 3696//3696 3697//3697
f 3698//3698 3697//3697 3699//3699
f 3698//3698 3699//3699 3700//3700
f 3701//3701 3698//3698 3700//3700
f 3702//3702 3703//3703 3704//3704
f 3702//3702 3705//3705 3703//3703
f 3706//3706 3707//3707 3708//3708
f 3709//3709 3706//3706 3708//3708
f 3709//3709 3708//3708 3710//3710
f 3711//3711 3709//3709 3710//3710
f 3711//3711 3710//3710 3712//3712
f 3713//3713 3711//3711 3712//3712
f 3713//3713 3712//3712 3714//3714
f 3715//3715 3713//3713 3714//3714
f 3715//3715 3714//3714 3716//3716
f 3717//3717 3715//3715 3716//3716
f 3717//3717 3716//3716 3718//3718
f 3719//3719 3717//3717 3718//3718
f 3719//3719 3718//3718 3720//3720
f 3721//3721 3719//3719 3720//3720
f 3721//3721 3720//3720 3722//3722
f 3723//3723 3721//3721 3722//3722
f 3723//3723 3722//3722 3724//3724
f 3725//3725 3723//3723 3724//3724
f 3726//3726 3727//3727 3728//3728
f 3727//3727 3729//3729 3728//3728
f 3727//3727 3730//3730 3729//3729
f 3730//3730 3731//3731 3729//3729
f 3730//3730 3732//3732 3731//3731
f 3732//3732 3733//3733 3731//3731
f 3732//3732 3734//3734 3733//3733
f 3735//3735 3736//3736 3737//3737
f 3738//3738 3735//3735 3737//3737
f 3738//3738 3739//3739 3740//3740
f 3741//3741 2626//2626 3735//3735
f 3742//3742 3741//3741 3735//3735
f 3742//3742 3735//3735 3743//3743
f 3742//3742 3743//3743 3744//3744
f 3745//3745 3740//3740 3746//3746
f 3747//3747 3745//3745 3746//3746
f 3747//3747 3746//3746 3748//3748
f 3747//3747 3748//3748 3749//3749
f 3750//3750 3749//3749 3751//3751
f 3752//3752 3750//3750 3751//3751
f 3753//3753 3744//3744 3754//3754
f 3754//3754 2640//2640 3753//3753
f 3755//3755 2640//2640 3754//3754
f 3756//3756 2640//2640 3757//3757
f 3757//3757 2640//2640 3758//3758
f 3759//3759 3757//3757 3760//3760
f 3761//3761 3759//3759 3760//3760
f 3762//3762 3760//3760 3763//3763
f 3764//3764 3762//3762 3763//3763
f 3765//3765 3764//3764 3766//3766
f 3767//3767 3766//3766 3768//3768
f 3769//3769 3767//3767 3770//3770
f 3769//3769 3770//3770 3771//3771
f 3772//3772 3773//3773 3774//3774
f 3773//3773 3775//3775 3774//3774
f 3776//3776 3777//3777 3778//3778
f 3777//3777 3779//3779 3778//3778
f 3780//3780 3781//3781 3782//3782
f 3781//3781 3783//3783 3782//3782
f 3784//3784 3785//3785 3786//3786
f 3785//3785 3787//3787 3786//3786
f 3788//3788 3789//3789 3790//3790
f 3788//3788 3790//3790 3791//3791
f 3792//3792 3793//3793 3794//3794
f 3793//3793 3795//3795 3794//3794
f 3793//3793 3796//3796 3795//3795
f 3797//3797 3798//3798 3799//3799
f 3797//3797 3800//3800 3798//3798
f 3801//3801 3802//3802 3803//3803
f 3801//3801 3804//3804 3802//3802
f 3805//3805 3806//3806 3807//3807
f 3806//3806 3808//3808 3807//3807
f 3809//3809 3810//3810 3808//3808
f 3809//3809 3811//3811 3810//3810
f 3812//3812 3813//3813 3814//3814
f 3813//3813 3815//3815 3814//3814
f 3813//3813 3816//3816 3815//3815
f 3813//3813 3817//3817 3816//3816
f 3817//3817 3818//3818 3816//3816
f 3817//3817 3819//3819 3818//3818
f 3819//3819 3820//3820 3818//3818
f 3819//3819 3821//3821 3820//3820
f 3821//3821 3822//3822 3820//3820
f 3821//3821 3823//3823 3822//3822
f 3823//3823 3824//3824 3822//3822
f 3823//3823 3825//3825 3824//3824
f 3825//3825 3826//3826 3824//3824
f 3825//3825 3827//3827 3826//3826
f 3827//3827 3828//3828 3826//3826
f 3828//3828 3829//3829 3826//3826
f 3830//3830 3831//3831 3832//3832
f 3831//3831 3833//3833 3832//3832
f 3831//3831 3834//3834 3833//3833
f 3831//3831 3835//3835 3834//3834
f 3835//3835 3836//3836 3834//3834
f 3835//3835 3837//3837 3836//3836
f 3837//3837 3838//3838 3836//3836
f 3837//3837 3839//3839 3838//3838
f 3839//3839 3840//3840 3838//3838
f 3839//3839 3841//3841 3840//3840
f 3841//3841 3842//3842 3840//3840
f 3841//3841 3843//3843 3842//3842
f 3843//3843 3844//3844 3842//3842
f 3843//3843 3845//3845 3844//3844
f 3845//3845 3846//3846 3844//3844
f 3846//3846 3847//3847 3844//3844
f 3848//3848 3849//3849 3850//3850
f 3849//3849 3851//3851 3850//3850
f 3852//3852 3853//3853 3854//3854
f 3852//3852 3854//3854 3855//3855
f 3856//3856 3857//3857 3858//3858
f 3857//3857 3859//3859 3858//3858
f 3860//3860 3861//3861 3862//3862
f 3861//3861 3863//3863 3862//3862
f 3861//3861 3864//3864 3863//3863
f 3864//3864 3865//3865 3863//3863
f 3864//3864 3866//3866 3865//3865
f 3866//3866 3864//3864 3867//3867
f 3866//3866 3867//3867 3868//3868
f 3869//3869 3870//3870 3871//3871
f 3872//3872 3869//3869 3871//3871
f 3872//3872 3871//3871 3873//3873
f 3874//3874 3872//3872 3873//3873
f 3874//3874 3873//3873 3875//3875
f 3876//3876 3874//3874 3875//3875
f 3876//3876 3875//3875 3877//3877
f 3878//3878 3876//3876 3877//3877
f 3878//3878 3877//3877 3879//3879
f 3880//3880 3878//3878 3879//3879
f 3880//3880 3879//3879 3881//3881
f 3882//3882 3880//3880 3881//3881
f 3882//3882 3881//3881 3883//3883
f 3884//3884 3882//3882 3883//3883
f 3884//3884 3883//3883 3885//3885
f 3886//3886 3884//3884 3885//3885
f 3886//3886 3885//3885 3887//3887
f 3888//3888 3886//3886 3887//3887
f 3889//3889 3890//3890 3891//3891
f 3890//3890 3892//3892 3891//3891
f 3890//3890 3893//3893 3892//3892
f 3893//3893 3894//3894 3892//3892
f 3893//3893 3895//3895 3894//3894
f 3895//3895 3896//3896 3894//3894
f 3895//3895 3897//3897 3896//3896
f 3898//3898 3899//3899 3900//3900
f 3901//3901 3899//3899 3898//3898
f 3902//3902 3903//3903 3904//3904
f 3902//3902 3905//3905 3903//3903
f 3906//3906 3907//3907 3905//3905
f 3906//3906 3908//3908 3907//3907
f 3906//3906 3909//3909 3908//3908
f 3910//3910 3907//3907 3911//3911
f 3910//3910 3911//3911 3912//3912
f 3910//3910 3912//3912 3252//3252
f 3913//3913 3910//3910 3252//3252
f 3913//3913 3252//3252 3914//3914
f 3915//3915 3916//3916 3914//3914
f 3916//3916 3915//3915 3917//3917
f 3918//3918 3916//3916 3917//3917
f 3919//3919 3920//3920 3921//3921
f 3919//3919 3922//3922 3920//3920
f 3922//3922 3919//3919 3923//3923
f 3924//3924 3925//3925 3926//3926
f 3925//3925 3927//3927 3926//3926
f 3928//3928 3929//3929 3927//3927
f 3929//3929 3930//3930 3927//3927
f 3927//3927 3930//3930 3931//3931
f 3932//3932 3933//3933 3934//3934
f 3933//3933 3935//3935 3934//3934
f 3936//3936 3937//3937 3938//3938
f 3937//3937 3939//3939 3938//3938
f 3940//3940 3941//3941 3942//3942
f 3941//3941 3943//3943 3942//3942
f 3944//3944 3945//3945 3946//3946
f 3945//3945 3947//3947 3946//3946
f 3948//3948 3949//3949 3950//3950
f 3948//3948 3950//3950 3951//3951
f 3952//3952 3953//3953 3954//3954
f 3953//3953 3955//3955 3954//3954
f 3953//3953 3956//3956 3955//3955
f 3957//3957 3958//3958 3959//3959
f 3957//3957 3960//3960 3958//3958
f 3961//3961 3962//3962 3963//3963
f 3961//3961 3964//3964 3962//3962
f 3965//3965 3966//3966 3967//3967
f 3966//3966 3968//3968 3967//3967
f 3969//3969 3970//3970 3968//3968
f 3969//3969 3971//3971 3970//3970
f 3972//3972 3973//3973 3974//3974
f 3975//3975 3972//3972 3976//3976
f 3977//3977 3975//3975 3978//3978
f 3977//3977 3979//3979 3980//3980
f 3981//3981 3977//3977 3980//3980
f 3981//3981 3980//3980 3982//3982
f 3983//3983 3981//3981 3984//3984
f 3985//3985 3983//3983 3986//3986
f 3986//3986 3987//3987 3988//3988
f 3989//3989 3990//3990 3991//3991
f 3992//3992 3993//3993 3994//3994
f 3995//3995 3996//3996 3997//3997
f 3998//3998 3999//3999 4000//4000
f 4001//4001 4002//4002 4003//4003
f 4004//4004 4005//4005 4006//4006
f 4007//4007 4008//4008 4009//4009
f 4010//4010 4011//4011 4012//4012
f 4013//4013 4014//4014 4015//4015
f 4016//4016 4017//4017 4018//4018
f 4019//4019 4020//4020 4021//4021
f 4022//4022 4023//4023 4024//4024
f 4025//4025 4026//4026 4027//4027
f 4028//4028 4029//4029 4030//4030
f 4031//4031 4032//4032 4033//4033
f 4034//4034 4035//4035 4036//4036
f 4037//4037 4038//4038 4039//4039
f 4040//4040 4041//4041 4042//4042
f 4043//4043 4044//4044 4045//4045
f 4046//4046 4047//4047 4048//4048
f 4049//4049 4050//4050 4051//4051
f 4052//4052 4053//4053 4050//4050
f 4053//4053 4054//4054 4055//4055
f 4053//4053 4056//4056 4054//4054
f 4057//4057 4058//4058 4059//4059
f 4057//4057 4060//4060 4061//4061
f 4057//4057 4062//4062 4060//4060
f 4062//4062 4063//4063 4064//4064
f 4063//4063 4065//4065 4064//4064
f 4066//4066 4057//4057 4067//4067
f 4066//4066 4067//4067 4068//4068
f 4069//4069 4066//4066 4070//4070
f 4071//4071 4072//4072 4073//4073
f 4074//4074 4073//4073 4075//4075
f 4074//4074 4076//4076 4073//4073
f 4077//4077 4078//4078 4079//4079
f 4080//4080 4077//4077 4081//4081
f 4077//4077 4082//4082 4081//4081
f 4083//4083 4084//4084 4085//4085
f 4086//4086 4087//4087 4088//4088
f 4089//4089 4090//4090 4091//4091
f 4092//4092 4093//4093 4094//4094
f 4095//4095 4096//4096 4097//4097
f 4098//4098 4099//4099 4100//4100
f 4101//4101 4102//4102 4103//4103
f 4104//4104 4105//4105 4106//4106
f 4107//4107 4108//4108 4109//4109
f 4110//4110 4111//4111 4112//4112
f 4113//4113 4114//4114 4115//4115
f 4116//4116 4117//4117 4118//4118
f 4119//4119 4120//4120 4121//4121
f 4122//4122 4123//4123 4124//4124
f 4125//4125 4126//4126 4127//4127
f 4128//4128 4129//4129 4130//4130
f 4131//4131 4132//4132 4133//4133
f 4134//4134 4135//4135 4136//4136
f 4135//4135 4137//4137 4138//4138
f 4135//4135 4138//4138 4139//4139
f 4140//4140 4141//4141 4142//4142
f 4143//4143 4144//4144 4145//4145
f 4146//4146 4147//4147 4148//4148
f 4149//4149 4146//4146 4150//4150
f 4151//4151 4152//4152 4153//4153
f 4154//4154 4155//4155 4156//4156
f 4157//4157 4158//4158 4159//4159
f 4160//4160 4161//4161 4162//4162
f 4163//4163 4164//4164 4165//4165
f 4166//4166 4167//4167 4168//4168
f 4169//4169 4170//4170 4171//4171
f 4172//4172 4173//4173 4174//4174
f 4175//4175 4176//4176 4177//4177
f 4178//4178 4179//4179 4180//4180
f 4181//4181 4182//4182 4183//4183
f 4184//4184 4185//4185 4186//4186
f 4187//4187 4188//4188 4189//4189
f 4190//4190 4191//4191 4192//4192
f 4193//4193 4194//4194 4195//4195
f 4196//4196 4197//4197 4198//4198
f 4199//4199 4200//4200 4201//4201
f 4202//4202 4203//4203 4204//4204
f 4205//4205 4206//4206 4207//4207
f 4208//4208 4209//4209 4210//4210
f 4208//4208 4211//4211 4212//4212
f 4212//4212 4213//4213 4214//4214
f 4215//4215 4216//4216 4217//4217
f 4218//4218 4219//4219 4220//4220
f 4221//4221 4222//4222 4223//4223
f 4224//4224 4225//4225 4226//4226
f 4227//4227 4228//4228 4229//4229
f 4230//4230 4229//4229 4231//4231
f 4232//4232 4230//4230 4231//4231
f 4233//4233 4234//4234 4235//4235
f 4236//4236 4237//4237 4238//4238
f 4239//4239 4236//4236 4240//4240
f 4236//4236 4241//4241 4242//4242
f 4241//4241 4243//4243 4242//4242
f 4241//4241 4244//4244 4243//4243
f 4245//4245 4244//4244 4246//4246
f 4245//4245 4241//4241 4247//4247
f 4241//4241 4248//4248 4247//4247
f 4247//4247 4248//4248 4249//4249
f 4250//4250 4249//4249 4251//4251
f 4252//4252 4253//4253 4243//4243
f 4254//4254 4253//4253 4255//4255
f 4254//4254 4255//4255 4256//4256
f 4257//4257 4258//4258 4256//4256
f 4259//4259 4260//4260 4243//4243
f 4259//4259 4261//4261 4260//4260
f 4261//4261 4258//4258 4262//4262
f 4258//4258 4263//4263 4262//4262
f 4263//4263 4264//4264 4262//4262
f 4263//4263 4265//4265 4264//4264
f 4264//4264 4265//4265 4266//4266
f 4264//4264 4266//4266 4267//4267
f 4268//4268 4264//4264 4267//4267
f 4269//4269 4270//4270 4266//4266
f 4271//4271 4267//4267 4272//4272
f 4271//4271 4272//4272 4273//4273
f 4274//4274 4273//4273 4275//4275
f 4276//4276 4274//4274 4275//4275
f 4277//4277 4278//4278 4276//4276
f 4278//4278 4279//4279 4280//4280
f 4281//4281 4277//4277 4279//4279
f 4277//4277 4282//4282 4279//4279
f 4282//4282 4283//4283 4284//4284
f 4285//4285 4278//4278 4286//4286
f 4285//4285 4286//4286 4287//4287
f 4288//4288 4285//4285 4287//4287
f 4289//4289 4288//4288 4287//4287
f 4290//4290 4277//4277 4291//4291
f 4292//4292 4290//4290 4291//4291
f 4292//4292 4293//4293 4290//4290
f 4290//4290 4293//4293 4294//4294
f 4282//4282 4295//4295 4296//4296
f 4295//4295 4297//4297 4296//4296
f 4298//4298 4297//4297 4295//4295
f 4298//4298 4299//4299 4297//4297
f 4300//4300 4301//4301 4297//4297
f 4300//4300 4302//4302 4301//4301
f 4303//4303 4295//4295 4304//4304
f 4305//4305 4303//4303 4304//4304
f 4305//4305 4304//4304 4306//4306
f 4307//4307 4299//4299 4308//4308
f 4309//4309 4307//4307 4308//4308
f 4309//4309 4308//4308 4310//4310
f 4311//4311 4312//4312 4310//4310
f 4313//4313 4305//4305 4314//4314
f 4305//4305 4315//4315 4316//4316
f 4316//4316 4317//4317 4318//4318
f 4319//4319 4320//4320 4315//4315
f 4320//4320 4321//4321 4322//4322
f 4323//4323 4324//4324 4312//4312
f 4325//4325 4323//4323 4312//4312
f 4323//4323 4326//4326 4302//4302
f 4326//4326 4327//4327 4302//4302
f 4328//4328 4326//4326 4329//4329
f 4330//4330 4331//4331 4327//4327
f 4331//4331 4332//4332 4327//4327
f 4331//4331 4333//4333 4332//4332
f 4333//4333 4334//4334 4332//4332
f 4335//4335 4334//4334 4333//4333
f 4326//4326 4336//4336 4337//4337
f 4337//4337 4336//4336 4338//4338
f 4336//4336 4268//4268 4338//4338
f 4268//4268 4339//4339 4338//4338
f 4340//4340 4338//4338 4339//4339
f 4341//4341 4342//4342 4343//4343
f 4344//4344 4341//4341 4345//4345
f 4344//4344 4345//4345 4346//4346
f 4347//4347 4344//4344 4346//4346
f 4348//4348 4349//4349 4345//4345
f 4348//4348 4350//4350 4349//4349
f 4351//4351 4348//4348 4352//4352
f 4348//4348 4261//4261 4352//4352
f 4261//4261 4353//4353 4352//4352
f 4351//4351 4354//4354 4355//4355
f 4354//4354 4356//4356 4357//4357
f 4354//4354 4357//4357 4358//4358
f 4359//4359 4360//4360 4358//4358
f 4360//4360 4361//4361 4358//4358
f 4361//4361 4360//4360 4362//4362
f 4362//4362 4363//4363 4364//4364
f 4363//4363 4365//4365 4364//4364
f 4358//4358 4366//4366 4367//4367
f 4366//4366 4368//4368 4367//4367
f 4366//4366 4356//4356 4369//4369
f 4369//4369 4356//4356 4370//4370
f 4356//4356 4325//4325 4370//4370
f 4368//4368 4371//4371 4372//4372
f 4365//4365 4239//4239 4373//4373
f 4365//4365 4374//4374 4239//4239
f 4375//4375 4376//4376 4370//4370
f 4375//4375 4370//4370 4377//4377
f 4378//4378 4375//4375 4377//4377
f 4378//4378 4377//4377 4379//4379
f 4380//4380 4381//4381 4239//4239
f 4380//4380 4382//4382 4381//4381
f 4380//4380 4383//4383 4382//4382
f 4382//4382 4384//4384 4381//4381
f 4384//4384 4385//4385 4381//4381
f 4384//4384 4386//4386 4385//4385
f 4385//4385 4386//4386 4378//4378
f 4387//4387 4385//4385 4378//4378
f 4387//4387 4378//4378 4388//4388
f 4314//4314 4387//4387 4388//4388
f 4383//4383 4389//4389 4390//4390
f 4391//4391 4314//4314 4392//4392
f 4393//4393 4391//4391 4392//4392
f 4394//4394 4395//4395 4396//4396
f 4397//4397 4398//4398 4399//4399
f 4400//4400 4401//4401 4402//4402
f 4403//4403 4404//4404 4405//4405
f 4406//4406 4407//4407 4408//4408
f 4409//4409 4410//4410 4411//4411
f 4412//4412 4413//4413 4414//4414
f 4415//4415 4416//4416 4417//4417
f 4418//4418 4419//4419 4420//4420
f 4421//4421 4420//4420 4422//4422
f 4423//4423 4424//4424 4425//4425
f 4426//4426 4427//4427 4428//4428
f 4429//4429 4430//4430 4427//4427
f 4431//4431 4432//4432 4433//4433
f 4434//4434 4435//4435 4436//4436
f 4437//4437 4438//4438 4435//4435
f 4438//4438 4439//4439 4440//4440
f 4439//4439 4441//4441 4442//4442
f 4441//4441 4443//4443 4444//4444
f 4445//4445 4446//4446 4447//4447
f 4448//4448 4449//4449 4450//4450
f 4451//4451 4452//4452 4453//4453
f 4454//4454 4455//4455 4456//4456
f 4457//4457 4454//4454 4458//4458
f 4459//4459 4457//4457 4460//4460
f 4461//4461 4462//4462 4463//4463
f 4464//4464 4465//4465 4466//4466
f 4467//4467 4468//4468 4469//4469
f 4470//4470 4471//4471 4472//4472
f 4473//4473 4474//4474 4475//4475
f 4476//4476 4477//4477 4478//4478
f 4477//4477 4479//4479 4480//4480
f 4479//4479 4481//4481 4482//4482
f 4483//4483 4484//4484 4485//4485
f 4486//4486 4487//4487 4488//4488
f 4489//4489 4490//4490 4491//4491
f 4492//4492 4493//4493 4494//4494
f 4495//4495 4496//4496 4497//4497
f 4498//4498 4495//4495 4499//4499
f 4498//4498 4499//4499 4500//4500
f 4501//4501 4502//4502 4500//4500
f 4503//4503 4501//4501 4504//4504
f 4503//4503 4504//4504 4505//4505
f 4506//4506 4503//4503 4505//4505
f 4507//4507 4506//4506 4508//4508
f 4509//4509 4507//4507 4510//4510
f 4511//4511 4509//4509 4512//4512
f 4513//4513 4511//4511 4514//4514
f 4515//4515 4514//4514 4516//4516
f 4517//4517 4518//4518 4519//4519
f 4520//4520 4521//4521 4522//4522
f 4523//4523 4524//4524 4525//4525
f 4526//4526 4527//4527 4528//4528
f 4529//4529 4526//4526 4530//4530
f 4531//4531 4529//4529 4532//4532
f 4533//4533 4534//4534 4535//4535
f 4534//4534 4536//4536 4537//4537
f 4536//4536 4538//4538 4539//4539
f 4538//4538 4540//4540 4541//4541
f 4540//4540 4542//4542 4543//4543
f 4544//4544 4545//4545 4546//4546
f 4547//4547 4548//4548 4549//4549
f 4550//4550 4551//4551 4552//4552
f 4553//4553 4554//4554 4555//4555
f 4556//4556 4557//4557 4558//4558
f 4559//4559 4560//4560 4561//4561
f 4562//4562 4563//4563 4564//4564
f 4565//4565 4566//4566 4567//4567
f 4568//4568 4569//4569 4570//4570
f 4571//4571 4572//4572 4573//4573
f 4574//4574 4575//4575 4576//4576
f 4577//4577 4578//4578 4579//4579
f 4580//4580 4581//4581 4582//4582
f 4583//4583 4584//4584 4585//4585
f 4586//4586 4587//4587 4588//4588
f 4589//4589 4590//4590 4591//4591
f 4592//4592 4593//4593 4594//4594
f 4595//4595 4596//4596 4597//4597
f 4598//4598 4599//4599 4595//4595
f 4599//4599 4598//4598 4600//4600
f 4601//4601 4602//4602 4603//4603
f 4604//4604 4605//4605 4606//4606
f 4607//4607 4608//4608 4609//4609
f 4610//4610 4611//4611 4607//4607
f 4611//4611 4610//4610 4612//4612
f 4613//4613 4614//4614 4615//4615
f 4616//4616 4617//4617 4618//4618
f 4619//4619 4620//4620 4621//4621
f 4622//4622 4623//4623 4624//4624
f 4625//4625 4626//4626 4627//4627
f 4628//4628 4629//4629 4625//4625
f 4628//4628 4630//4630 4629//4629
f 4631//4631 4632//4632 4633//4633
f 4634//4634 4635//4635 4636//4636
f 4637//4637 4638//4638 4639//4639
f 4640//4640 4641//4641 4642//4642
f 4643//4643 4644//4644 4645//4645
f 4646//4646 4647//4647 4648//4648
f 4649//4649 4650//4650 4651//4651
f 4652//4652 4653//4653 4654//4654
f 4655//4655 4656//4656 4657//4657
f 4658//4658 4659//4659 4660//4660
f 4661//4661 4662//4662 4663//4663
f 4664//4664 4665//4665 4666//4666
f 4667//4667 4668//4668 4669//4669
f 4670//4670 4671//4671 4672//4672
f 4673//4673 4674//4674 4675//4675
f 4676//4676 4677//4677 4678//4678
f 4679//4679 4680//4680 4681//4681
f 4682//4682 4683//4683 4684//4684
f 4685//4685 4686//4686 4687//4687
f 4688//4688 4689//4689 4690//4690
f 4691//4691 4692//4692 4693//4693
f 4694//4694 4695//4695 4696//4696
f 4697//4697 4698//4698 4699//4699
f 4700//4700 4701//4701 4702//4702
f 4703//4703 4704//4704 4705//4705
f 4706//4706 4707//4707 4708//4708
f 4709//4709 4710//4710 4711//4711
f 4712//4712 4713//4713 4714//4714
f 4715//4715 4716//4716 4717//4717
f 4718//4718 4719//4719 4720//4720
f 4721//4721 4722//4722 4723//4723
f 4724//4724 4725//4725 4726//4726
f 4727//4727 4728//4728 4729//4729
f 4730//4730 4731//4731 4732//4732
f 4733//4733 4734//4734 4735//4735
f 4736//4736 4737//4737 4738//4738
f 4739//4739 4740//4740 4741//4741
f 4742//4742 4743//4743 4744//4744
f 4745//4745 4746//4746 4747//4747
f 4748//4748 4749//4749 4750//4750
f 4751//4751 4752//4752 4753//4753
f 4754//4754 4755//4755 4756//4756
f 4757//4757 4758//4758 4759//4759
f 4760//4760 4761//4761 4762//4762
f 4763//4763 4764//4764 4765//4765
f 4766//4766 4767//4767 4768//4768
f 4769//4769 4770//4770 4771//4771
f 4772//4772 4773//4773 4774//4774
f 4775//4775 4776//4776 4777//4777
f 4778//4778 4779//4779 4780//4780
f 4781//4781 4782//4782 4783//4783
f 4784//4784 4785//4785 4786//4786
f 4787//4787 4788//4788 4789//4789
f 4790//4790 4791//4791 4792//4792
f 4793//4793 4794//4794 4795//4795
f 4796//4796 4797//4797 4798//4798
f 4799//4799 4800//4800 4801//4801
f 4802//4802 4803//4803 4804//4804
f 4805//4805 4806//4806 4807//4807
f 4808//4808 4809//4809 4810//4810
f 4811//4811 4812//4812 4813//4813
f 4814//4814 4815//4815 4816//4816
f 4817//4817 4818//4818 4819//4819
f 4820//4820 4821//4821 4822//4822
f 4823//4823 4824//4824 4825//4825
f 4826//4826 4827//4827 4828//4828
f 4829//4829 4830//4830 4831//4831
f 4832//4832 4833//4833 4834//4834
f 4835//4835 4836//4836 4837//4837
f 4838//4838 4839//4839 4840//4840
f 4841//4841 4842//4842 4843//4843
f 4844//4844 4845//4845 4846//4846
f 4847//4847 4844//4844 4848//4848
f 4849//4849 4847//4847 4850//4850
f 4849//4849 4851//4851 4852//4852
f 4853//4853 4849//4849 4852//4852
f 4853//4853 4852//4852 4854//4854
f 4855//4855 4853//4853 4856//4856
f 4857//4857 4855//4855 4858//4858
f 4858//4858 4859//4859 4860//4860
f 4861//4861 4862//4862 4863//4863
f 4864//4864 4865//4865 4866//4866
f 4867//4867 4868//4868 4869//4869
f 4870//4870 4871//4871 4872//4872
f 4873//4873 4874//4874 4875//4875
f 4876//4876 4877//4877 4878//4878
f 4879//4879 4880//4880 4881//4881
f 4882//4882 4883//4883 4884//4884
f 4885//4885 4886//4886 4887//4887
f 4888//4888 4889//4889 4890//4890
f 4891//4891 4892//4892 4893//4893
f 4894//4894 4895//4895 4896//4896
f 4897//4897 4898//4898 4899//4899
f 4900//4900 4901//4901 4902//4902
f 4903//4903 4904//4904 4905//4905
f 4906//4906 4907//4907 4908//4908
f 4909//4909 4910//4910 4911//4911
f 4912//4912 4913//4913 4914//4914
f 4915//4915 4916//4916 4917//4917
f 4918//4918 4919//4919 4920//4920
f 4921//4921 4922//4922 4923//4923
f 4924//4924 4925//4925 4922//4922
f 4925//4925 4926//4926 4927//4927
f 4925//4925 4928//4928 4926//4926
f 4929//4929 4930//4930 4931//4931
f 4929//4929 4932//4932 4933//4933
f 4929//4929 4934//4934 4932//4932
f 4934//4934 4935//4935 4936//4936
f 4935//4935 4937//4937 4936//4936
f 4938//4938 4929//4929 4939//4939
f 4938//4938 4939//4939 4940//4940
f 4941//4941 4938//4938 4942//4942
f 4943//4943 4944//4944 4945//4945
f 4946//4946 4945//4945 4947//4947
f 4946//4946 4948//4948 4945//4945
f 4949//4949 4950//4950 4951//4951
f 4952//4952 4949//4949 4953//4953
f 4949//4949 4954//4954 4953//4953
f 4955//4955 4956//4956 4957//4957
f 4958//4958 4959//4959 4960//4960
f 4961//4961 4962//4962 4963//4963
f 4964//4964 4965//4965 4966//4966
f 4967//4967 4968//4968 4969//4969
f 4970//4970 4971//4971 4972//4972
f 4973//4973 4974//4974 4975//4975
f 4976//4976 4977//4977 4978//4978
f 4979//4979 4980//4980 4981//4981
f 4982//4982 4983//4983 4984//4984
f 4985//4985 4986//4986 4987//4987
f 4988//4988 4989//4989 4990//4990
f 4991//4991 4992//4992 4993//4993
f 4994//4994 4995//4995 4996//4996
f 4997//4997 4998//4998 4999//4999
f 5000//5000 5001//5001 5002//5002
f 5003//5003 5004//5004 5005//5005
f 5006//5006 5007//5007 5008//5008
f 5007//5007 5009//5009 5010//5010
f 5007//5007 5010//5010 5011//5011
f 5012//5012 5013//5013 5014//5014
f 5015//5015 5016//5016 5017//5017
f 5018//5018 5019//5019 5020//5020
f 5021//5021 5018//5018 5022//5022
f 5023//5023 5024//5024 5025//5025
f 5026//5026 5027//5027 5028//5028
f 5029//5029 5030//5030 5031//5031
f 5032//5032 5033//5033 5034//5034
f 5035//5035 5036//5036 5037//5037
f 5038//5038 5039//5039 5040//5040
f 5041//5041 5042//5042 5043//5043
f 5044//5044 5045//5045 5046//5046
f 5047//5047 5048//5048 5049//5049
f 5050//5050 5051//5051 5052//5052
f 5053//5053 5054//5054 5055//5055
f 5056//5056 5057//5057 5058//5058
f 5059//5059 5060//5060 5061//5061
f 5062//5062 5063//5063 5064//5064
f 5065//5065 5066//5066 5067//5067
f 5068//5068 5069//5069 5070//5070
f 5071//5071 5072//5072 5073//5073
f 5074//5074 5075//5075 5076//5076
f 5077//5077 5078//5078 5079//5079
f 5080//5080 5081//5081 5082//5082
f 5080//5080 5083//5083 5084//5084
f 5084//5084 5085//5085 5086//5086
f 5087//5087 5088//5088 5089//5089
f 5090//5090 5091//5091 5092//5092
f 5093//5093 5094//5094 5095//5095
f 5096//5096 5097//5097 5098//5098
f 5099//5099 5100//5100 5101//5101
f 5102//5102 5101//5101 5103//5103
f 5104//5104 5102//5102 5103//5103
f 5105//5105 5106//5106 5107//5107
f 5108//5108 5109//5109 5110//5110
f 5111//5111 5110//5110 5112//5112
f 5113//5113 5114//5114 5112//5112
f 5114//5114 5113//5113 5115//5115
f 5115//5115 5116//5116 5117//5117
f 5113//5113 5118//5118 5116//5116
f 5116//5116 5118//5118 5119//5119
f 5118//5118 5120//5120 5119//5119
f 5121//5121 5122//5122 5119//5119
f 5123//5123 5120//5120 5124//5124
f 5120//5120 5125//5125 5124//5124
f 5122//5122 5126//5126 5127//5127
f 5127//5127 5128//5128 5122//5122
f 5129//5129 5113//5113 5130//5130
f 5131//5131 5129//5129 5130//5130
f 5132//5132 5129//5129 5131//5131
f 5125//5125 5133//5133 5134//5134
f 5135//5135 5133//5133 5136//5136
f 5137//5137 5135//5135 5136//5136
f 5134//5134 5138//5138 5139//5139
f 5138//5138 5140//5140 5139//5139
f 5138//5138 5141//5141 5140//5140
f 5137//5137 5142//5142 5141//5141
f 5143//5143 5140//5140 5141//5141
f 5142//5142 5143//5143 5141//5141
f 5144//5144 5142//5142 5145//5145
f 5146//5146 5147//5147 5136//5136
f 5146//5146 5125//5125 5147//5147
f 5125//5125 5148//5148 5147//5147
f 5148//5148 5149//5149 5150//5150
f 5149//5149 5151//5151 5150//5150
f 5152//5152 5151//5151 5149//5149
f 5152//5152 5153//5153 5151//5151
f 5154//5154 5153//5153 5155//5155
f 5156//5156 5154//5154 5155//5155
f 5157//5157 5158//5158 5151//5151
f 5157//5157 5159//5159 5158//5158
f 5160//5160 5149//5149 5161//5161
f 5162//5162 5160//5160 5161//5161
f 5162//5162 5161//5161 5163//5163
f 5164//5164 5162//5162 5163//5163
f 5165//5165 5163//5163 5166//5166
f 5167//5167 5165//5165 5166//5166
f 5166//5166 5168//5168 5169//5169
f 5168//5168 5170//5170 5169//5169
f 5171//5171 5144//5144 5159//5159
f 5144//5144 5172//5172 5159//5159
f 5173//5173 5174//5174 5172//5172
f 5174//5174 5175//5175 5172//5172
f 5176//5176 5177//5177 5172//5172
f 5176//5176 5178//5178 5177//5177
f 5178//5178 5175//5175 5179//5179
f 5180//5180 5178//5178 5179//5179
f 5171//5171 5181//5181 5182//5182
f 5183//5183 5171//5171 5182//5182
f 5183//5183 5182//5182 5184//5184
f 5183//5183 5184//5184 5185//5185
f 5186//5186 5183//5183 5185//5185
f 5187//5187 5186//5186 5185//5185
f 5187//5187 5185//5185 5188//5188
f 5189//5189 5186//5186 5187//5187
f 5190//5190 5191//5191 5188//5188
f 5192//5192 5181//5181 5193//5193
f 5194//5194 5192//5192 5193//5193
f 5184//5184 5195//5195 5196//5196
f 5184//5184 5197//5197 5195//5195
f 5189//5189 5198//5198 5199//5199
f 5200//5200 5189//5189 5199//5199
f 5201//5201 5200//5200 5202//5202
f 5201//5201 5203//5203 5200//5200
f 5203//5203 5204//5204 5200//5200
f 5204//5204 5203//5203 5205//5205
f 5206//5206 5207//5207 5200//5200
f 5206//5206 5186//5186 5207//5207
f 5208//5208 5206//5206 5209//5209
f 5205//5205 5210//5210 5211//5211
f 5210//5210 5212//5212 5211//5211
f 5210//5210 5213//5213 5212//5212
f 5208//5208 5214//5214 5215//5215
f 5213//5213 5216//5216 5217//5217
f 5216//5216 5218//5218 5217//5217
f 5219//5219 5214//5214 5220//5220
f 5221//5221 5219//5219 5220//5220
f 5222//5222 5220//5220 5218//5218
f 5223//5223 5222//5222 5218//5218
f 5224//5224 5223//5223 5218//5218
f 5223//5223 5132//5132 5222//5222
f 5132//5132 5225//5225 5222//5222
f 5132//5132 5226//5226 5225//5225
f 5226//5226 5227//5227 5225//5225
f 5227//5227 5228//5228 5225//5225
f 5227//5227 5229//5229 5228//5228
f 5230//5230 5231//5231 5224//5224
f 5232//5232 5233//5233 5220//5220
f 5232//5232 5234//5234 5233//5233
f 5232//5232 5229//5229 5215//5215
f 5229//5229 5235//5235 5215//5215
f 5229//5229 5236//5236 5237//5237
f 5236//5236 5238//5238 5237//5237
f 5238//5238 5239//5239 5237//5237
f 5238//5238 5240//5240 5239//5239
f 5238//5238 5241//5241 5240//5240
f 5241//5241 5112//5112 5240//5240
f 5239//5239 5240//5240 5242//5242
f 5239//5239 5242//5242 5243//5243
f 5143//5143 5239//5239 5243//5243
f 5244//5244 5236//5236 5245//5245
f 5236//5236 5246//5246 5245//5245
f 5242//5242 5247//5247 5248//5248
f 5248//5248 5249//5249 5242//5242
f 5250//5250 5243//5243 5251//5251
f 5250//5250 5251//5251 5252//5252
f 5253//5253 5254//5254 5255//5255
f 5256//5256 5257//5257 5255//5255
f 5256//5256 5258//5258 5257//5257
f 5259//5259 5260//5260 5261//5261
f 5262//5262 5263//5263 5259//5259
f 5262//5262 5264//5264 5263//5263
f 5265//5265 5266//5266 5267//5267
f 5268//5268 5269//5269 5270//5270
f 5271//5271 5272//5272 5273//5273
f 5274//5274 5275//5275 5276//5276
f 5277//5277 5278//5278 5279//5279
f 5280//5280 5281//5281 5282//5282
f 5283//5283 5284//5284 5285//5285
f 5286//5286 5287//5287 5288//5288
f 5289//5289 5290//5290 5291//5291
f 5292//5292 5293//5293 5294//5294
f 5295//5295 5296//5296 5297//5297
f 5298//5298 5299//5299 5300//5300
f 5299//5299 5301//5301 5302//5302
f 5301//5301 5303//5303 5304//5304
f 5303//5303 5305//5305 5306//5306
f 5305//5305 5307//5307 5308//5308
f 5307//5307 5309//5309 5310//5310
f 5311//5311 5312//5312 5313//5313
f 5314//5314 5315//5315 5316//5316
f 5317//5317 5318//5318 5319//5319
f 5320//5320 5321//5321 5322//5322
f 5323//5323 5324//5324 5325//5325
f 5326//5326 5327//5327 5328//5328
f 5329//5329 5330//5330 5331//5331
f 5329//5329 5332//5332 5333//5333
f 5334//5334 5329//5329 5333//5333
f 5335//5335 5334//5334 5336//5336
f 5337//5337 5336//5336 5338//5338
f 5339//5339 5337//5337 5338//5338
f 5340//5340 5341//5341 5342//5342
f 5343//5343 5344//5344 5345//5345
f 5346//5346 5347//5347 5344//5344
f 5348//5348 5349//5349 5350//5350
f 5349//5349 5351//5351 5352//5352
f 5351//5351 5353//5353 5354//5354
f 5355//5355 5356//5356 5357//5357
f 5358//5358 5359//5359 5360//5360
f 5361//5361 5362//5362 5363//5363
f 5364//5364 5365//5365 5366//5366
f 5367//5367 5364//5364 5368//5368
f 5369//5369 5367//5367 5370//5370
f 5369//5369 5370//5370 5371//5371
f 5372//5372 5369//5369 5371//5371
f 5373//5373 5372//5372 5374//5374
f 5375//5375 5374//5374 5376//5376
f 5377//5377 5373//5373 5376//5376
f 5378//5378 5377//5377 5379//5379
f 5378//5378 5379//5379 5380//5380
f 5381//5381 5378//5378 5380//5380
f 5382//5382 5383//5383 5384//5384
f 5385//5385 5386//5386 5387//5387
f 5388//5388 5389//5389 5390//5390
f 5391//5391 5392//5392 5393//5393
f 5392//5392 5394//5394 5395//5395
f 5396//5396 5397//5397 5398//5398
f 5399//5399 5400//5400 5401//5401
f 5402//5402 5403//5403 5404//5404
f 5403//5403 5405//5405 5406//5406
f 5407//5407 5408//5408 5406//5406
f 5407//5407 5409//5409 5408//5408
f 5410//5410 5411//5411 5412//5412
f 5413//5413 5414//5414 5415//5415
f 5416//5416 5417//5417 5418//5418
f 5419//5419 5420//5420 5421//5421
f 5422//5422 5423//5423 5424//5424
f 5425//5425 5426//5426 5427//5427
f 5428//5428 5429//5429 5430//5430
f 5431//5431 5432//5432 5433//5433
f 5434//5434 5435//5435 5436//5436
f 5437//5437 5438//5438 5439//5439
f 5440//5440 5441//5441 5442//5442
f 5443//5443 5444//5444 5445//5445
f 5446//5446 5447//5447 5443//5443
f 5447//5447 5446//5446 5448//5448
f 5449//5449 5450//5450 5451//5451
f 5452//5452 5453//5453 5454//5454
f 5455//5455 5456//5456 5457//5457
f 5458//5458 5459//5459 5460//5460
f 5461//5461 5462//5462 5463//5463
f 5464//5464 5465//5465 5461//5461
f 5465//5465 5464//5464 5466//5466
f 5467//5467 5468//5468 5469//5469
f 5470//5470 5471//5471 5472//5472
f 5473//5473 5474//5474 5475//5475
f 5476//5476 5477//5477 5478//5478
f 5479//5479 5480//5480 5481//5481
f 5482//5482 5483//5483 5484//5484
f 5485//5485 5486//5486 5487//5487
f 5488//5488 5489//5489 5490//5490
f 5491//5491 5492//5492 5493//5493
f 5494//5494 5495//5495 5496//5496
f 5497//5497 5498//5498 5499//5499
f 5500//5500 5501//5501 5502//5502
f 5503//5503 5504//5504 5505//5505
f 5506//5506 5507//5507 5508//5508
f 5509//5509 5510//5510 5511//5511
f 5512//5512 5513//5513 5514//5514
f 5515//5515 5516//5516 5517//5517
f 5518//5518 5519//5519 5520//5520
f 5521//5521 5522//5522 5523//5523
f 5524//5524 5525//5525 5526//5526
f 5527//5527 5528//5528 5529//5529
f 5530//5530 5531//5531 5532//5532
f 5533//5533 5534//5534 5535//5535
f 5536//5536 5537//5537 5538//5538
f 5539//5539 5540//5540 5541//5541
f 5542//5542 5543//5543 5544//5544
f 5545//5545 5546//5546 5547//5547
f 5548//5548 5549//5549 5550//5550
f 5551//5551 5552//5552 5553//5553
f 5554//5554 5555//5555 5556//5556
f 5557//5557 5558//5558 5559//5559
f 5560//5560 5561//5561 5562//5562
f 5563//5563 5564//5564 5565//5565
f 5566//5566 5567//5567 5568//5568
f 5569//5569 5570//5570 5571//5571
f 5572//5572 5573//5573 5574//5574
f 5575//5575 5576//5576 5577//5577
f 5578//5578 5579//5579 5580//5580
f 5581//5581 5582//5582 5583//5583
f 5584//5584 5585//5585 5586//5586
f 5587//5587 5588//5588 5589//5589
f 5590//5590 5591//5591 5592//5592
f 5593//5593 5594//5594 5595//5595
f 5596//5596 5597//5597 5598//5598
f 5599//5599 5600//5600 5601//5601
f 5602//5602 5603//5603 5604//5604
f 5605//5605 5606//5606 5607//5607
f 5608//5608 5609//5609 5610//5610
f 5611//5611 5612//5612 5613//5613
f 5614//5614 5615//5615 5616//5616
f 5617//5617 5618//5618 5619//5619
f 5620//5620 5621//5621 5622//5622
f 5623//5623 5624//5624 5625//5625
f 5626//5626 5627//5627 5628//5628
f 5629//5629 5630//5630 5631//5631
f 5632//5632 5633//5633 5634//5634
f 5635//5635 5636//5636 5637//5637
f 5638//5638 5639//5639 5640//5640
f 5641//5641 5642//5642 5643//5643
f 5644//5644 5645//5645 5646//5646
f 5647//5647 5648//5648 5649//5649
f 5650//5650 5651//5651 5652//5652
f 5653//5653 5654//5654 5655//5655
f 5656//5656 5657//5657 5658//5658
f 5659//5659 5660//5660 5661//5661
f 5662//5662 5663//5663 5664//5664
f 5665//5665 5666//5666 5667//5667
f 5668//5668 5669//5669 5670//5670
f 5671//5671 5672//5672 5673//5673
f 5674//5674 5675//5675 5676//5676
f 5677//5677 5678//5678 5679//5679
f 5680//5680 5681//5681 5682//5682
f 5683//5683 5684//5684 5685//5685
f 5686//5686 5687//5687 5688//5688
f 5689//5689 5690//5690 5691//5691
f 5692//5692 5693//5693 5694//5694
f 5695//5695 5696//5696 5697//5697
f 5698//5698 5695//5695 5697//5697
f 5698//5698 5697//5697 5699//5699
f 5700//5700 5698//5698 5699//5699
f 5700//5700 5699//5699 5701//5701
f 5702//5702 5700//5700 5701//5701
f 5702//5702 5701//5701 5703//5703
f 5704//5704 5702//5702 5703//5703
f 5704//5704 5703//5703 5705//5705
f 5706//5706 5704//5704 5705//5705
f 5706//5706 5705//5705 5707//5707
f 5708//5708 5706//5706 5707//5707
f 5708//5708 5707//5707 5709//5709
f 5710//5710 5708//5708 5709//5709
f 5710//5710 5709//5709 5711//5711
f 5712//5712 5710//5710 5711//5711
f 5712//5712 5711//5711 5713//5713
f 5714//5714 5712//5712 5713//5713
f 5714//5714 5713//5713 5715//5715
f 5716//5716 5714//5714 5715//5715
f 5716//5716 5715//5715 5717//5717
f 5718//5718 5716//5716 5717//5717
f 5718//5718 5717//5717 5719//5719
f 5720//5720 5718//5718 5719//5719
f 5720//5720 5719//5719 5721//5721
f 5722//5722 5720//5720 5721//5721
f 5722//5722 5721//5721 5723//5723
f 5724//5724 5722//5722 5723//5723
f 5724//5724 5723//5723 5725//5725
f 5726//5726 5724//5724 5725//5725
f 5727//5727 5728//5728 5729//5729
f 5728//5728 5730//5730 5729//5729
f 5731//5731 5732//5732 5733//5733
f 5732//5732 5734//5734 5733//5733
f 5735//5735 5736//5736 5737//5737
f 5738//5738 5735//5735 5737//5737
f 5739//5739 5738//5738 5737//5737
f 5740//5740 5741//5741 5742//5742
f 5741//5741 5743//5743 5742//5742
f 5744//5744 5743//5743 5745//5745
f 5743//5743 5746//5746 5745//5745
f 5747//5747 5748//5748 5749//5749
f 5750//5750 5747//5747 5749//5749
f 5750//5750 5749//5749 5751//5751
f 5752//5752 5753//5753 5754//5754
f 5755//5755 5752//5752 5754//5754
f 5755//5755 5754//5754 5756//5756
f 5757//5757 5755//5755 5756//5756
f 5757//5757 5756//5756 5758//5758
f 5759//5759 5757//5757 5758//5758
f 5759//5759 5758//5758 5760//5760
f 5761//5761 5759//5759 5760//5760
f 5761//5761 5760//5760 5762//5762
f 5763//5763 5761//5761 5762//5762
f 5763//5763 5762//5762 5764//5764
f 5765//5765 5763//5763 5764//5764
f 5765//5765 5764//5764 5766//5766
f 5767//5767 5765//5765 5766//5766
f 5767//5767 5766//5766 5768//5768
f 5769//5769 5767//5767 5768//5768
f 5769//5769 5768//5768 5770//5770
f 5771//5771 5769//5769 5770//5770
f 5771//5771 5770//5770 5772//5772
f 5773//5773 5771//5771 5772//5772
f 5773//5773 5772//5772 5774//5774
f 5775//5775 5773//5773 5774//5774
f 5775//5775 5774//5774 5776//5776
f 5777//5777 5775//5775 5776//5776
f 5778//5778 5779//5779 5780//5780
f 5781//5781 5778//5778 5780//5780
f 5781//5781 5780//5780 5782//5782
f 5783//5783 5781//5781 5782//5782
f 5783//5783 5782//5782 5784//5784
f 5785//5785 5783//5783 5784//5784
f 5785//5785 5784//5784 5786//5786
f 5787//5787 5785//5785 5786//5786
f 5787//5787 5786//5786 5788//5788
f 5789//5789 5787//5787 5788//5788
f 5789//5789 5788//5788 5790//5790
f 5791//5791 5789//5789 5790//5790
f 5791//5791 5790//5790 5792//5792
f 5793//5793 5791//5791 5792//5792
f 5793//5793 5792//5792 5794//5794
f 5795//5795 5793//5793 5794//5794
f 5795//5795 5794//5794 5796//5796
f 5797//5797 5795//5795 5796//5796
f 5797//5797 5796//5796 5798//5798
f 5799//5799 5797//5797 5798//5798
f 5799//5799 5798//5798 5800//5800
f 5801//5801 5799//5799 5800//5800
f 5802//5802 5803//5803 5804//5804
f 5803//5803 5805//5805 5804//5804
f 5806//5806 5807//5807 5808//5808
f 5807//5807 5809//5809 5808//5808
f 5810//5810 5811//5811 5812//5812
f 5810//5810 5813//5813 5811//5811
f 5810//5810 4312//4312 5813//5813
f 5813//5813 5814//5814 5811//5811
f 5814//5814 5815//5815 5811//5811
f 5816//5816 5817//5817 5818//5818
f 5817//5817 5819//5819 5818//5818
f 5820//5820 5819//5819 5821//5821
f 5822//5822 5821//5821 5823//5823
f 5822//5822 5823//5823 5824//5824
f 4248//4248 5822//5822 5824//5824
f 5822//5822 5825//5825 5819//5819
f 5819//5819 5825//5825 5826//5826
f 5825//5825 4290//4290 5826//5826
f 5827//5827 5826//5826 5828//5828
f 5826//5826 5829//5829 5828//5828
f 5830//5830 5831//5831 5832//5832
f 5831//5831 5833//5833 5832//5832
f 5834//5834 5835//5835 5836//5836
f 5836//5836 5837//5837 5834//5834
f 5837//5837 5838//5838 5834//5834
f 5839//5839 5840//5840 5841//5841
f 5839//5839 5842//5842 5840//5840
f 5843//5843 5844//5844 5845//5845
f 5846//5846 5843//5843 5845//5845
f 5843//5843 5846//5846 5847//5847
f 5846//5846 5848//5848 5847//5847
f 5849//5849 5850//5850 5851//5851
f 5849//5849 5851//5851 5852//5852
f 5852//5852 5851//5851 5853//5853
f 5854//5854 5855//5855 5856//5856
f 5857//5857 5854//5854 5856//5856
f 5857//5857 5858//5858 5854//5854
f 5858//5858 5857//5857 5859//5859
f 5860//5860 5861//5861 5862//5862
f 5861//5861 5863//5863 5862//5862
f 5864//5864 5865//5865 5866//5866
f 5865//5865 5867//5867 5866//5866
f 5868//5868 5869//5869 5870//5870
f 5868//5868 5871//5871 5869//5869
f 5872//5872 5873//5873 5874//5874
f 5872//5872 5875//5875 5873//5873
f 5876//5876 5877//5877 5878//5878
f 5876//5876 5879//5879 5877//5877
f 5880//5880 5881//5881 5882//5882
f 5880//5880 5883//5883 5881//5881
f 5884//5884 5885//5885 5886//5886
f 5884//5884 5887//5887 5885//5885
f 5888//5888 5889//5889 5890//5890
f 5888//5888 5891//5891 5889//5889
f 5892//5892 5893//5893 5894//5894
f 5892//5892 5895//5895 5893//5893
f 5896//5896 5897//5897 5898//5898
f 5899//5899 5896//5896 5898//5898
f 5899//5899 5898//5898 5900//5900
f 5901//5901 5899//5899 5900//5900
f 5901//5901 5900//5900 5902//5902
f 5903//5903 5901//5901 5902//5902
f 5903//5903 5902//5902 5904//5904
f 5905//5905 5903//5903 5904//5904
f 5905//5905 5904//5904 5906//5906
f 5907//5907 5905//5905 5906//5906
f 5907//5907 5906//5906 5908//5908
f 5909//5909 5907//5907 5908//5908
f 5909//5909 5908//5908 5910//5910
f 5911//5911 5909//5909 5910//5910
f 5911//5911 5910//5910 5912//5912
f 5913//5913 5911//5911 5912//5912
f 5913//5913 5912//5912 5914//5914
f 5915//5915 5913//5913 5914//5914
f 5915//5915 5914//5914 5916//5916
f 5917//5917 5915//5915 5916//5916
f 5917//5917 5916//5916 5918//5918
f 5919//5919 5917//5917 5918//5918
f 5919//5919 5918//5918 5920//5920
f 5921//5921 5919//5919 5920//5920
f 5921//5921 5920//5920 5922//5922
f 5923//5923 5921//5921 5922//5922
f 5923//5923 5922//5922 5924//5924
f 5925//5925 5923//5923 5924//5924
f 5925//5925 5924//5924 5926//5926
f 5927//5927 5925//5925 5926//5926
f 5928//5928 5929//5929 5930//5930
f 5929//5929 5931//5931 5930//5930
f 5932//5932 5933//5933 5934//5934
f 5933//5933 5935//5935 5934//5934
f 5936//5936 5937//5937 5938//5938
f 5939//5939 5936//5936 5938//5938
f 5940//5940 5939//5939 5938//5938
f 5941//5941 5942//5942 5943//5943
f 5942//5942 5944//5944 5943//5943
f 5945//5945 5944//5944 5946//5946
f 5944//5944 5947//5947 5946//5946
f 5948//5948 5949//5949 5950//5950
f 5951//5951 5948//5948 5950//5950
f 5951//5951 5950//5950 5952//5952
f 5953//5953 5954//5954 5955//5955
f 5956//5956 5953//5953 5955//5955
f 5956//5956 5955//5955 5957//5957
f 5958//5958 5956//5956 5957//5957
f 5958//5958 5957//5957 5959//5959
f 5960//5960 5958//5958 5959//5959
f 5960//5960 5959//5959 5961//5961
f 5962//5962 5960//5960 5961//5961
f 5962//5962 5961//5961 5963//5963
f 5964//5964 5962//5962 5963//5963
f 5964//5964 5963//5963 5965//5965
f 5966//5966 5964//5964 5965//5965
f 5966//5966 5965//5965 5967//5967
f 5968//5968 5966//5966 5967//5967
f 5968//5968 5967//5967 5969//5969
f 5970//5970 5968//5968 5969//5969
f 5970//5970 5969//5969 5971//5971
f 5972//5972 5970//5970 5971//5971
f 5972//5972 5971//5971 5973//5973
f 5974//5974 5972//5972 5973//5973
f 5974//5974 5973//5973 5975//5975
f 5976//5976 5974//5974 5975//5975
f 5976//5976 5975//5975 5977//5977
f 5978//5978 5976//5976 5977//5977
f 5979//5979 5980//5980 5981//5981
f 5982//5982 5979//5979 5981//5981
f 5982//5982 5981//5981 5983//5983
f 5984//5984 5982//5982 5983//5983
f 5984//5984 5983//5983 5985//5985
f 5986//5986 5984//5984 5985//5985
f 5986//5986 5985//5985 5987//5987
f 5988//5988 5986//5986 5987//5987
f 5988//5988 5987//5987 5989//5989
f 5990//5990 5988//5988 5989//5989
f 5990//5990 5989//5989 5991//5991
f 5992//5992 5990//5990 5991//5991
f 5992//5992 5991//5991 5993//5993
f 5994//5994 5992//5992 5993//5993
f 5994//5994 5993//5993 5995//5995
f 5996//5996 5994//5994 5995//5995
f 5996//5996 5995//5995 5997//5997
f 5998//5998 5996//5996 5997//5997
f 5998//5998 5997//5997 5999//5999
f 6000//6000 5998//5998 5999//5999
f 6000//6000 5999//5999 6001//6001
f 6002//6002 6000//6000 6001//6001
f 6003//6003 6004//6004 6005//6005
f 6004//6004 6006//6006 6005//6005
f 6007//6007 6008//6008 6009//6009
f 6008//6008 6010//6010 6009//6009
f 6010//6010 6011//6011 6009//6009
f 6010//6010 6012//6012 6011//6011
f 6008//6008 6013//6013 6010//6010
f 6013//6013 6014//6014 6010//6010
f 6015//6015 6014//6014 6013//6013
f 6016//6016 6015//6015 6013//6013
f 6016//6016 6013//6013 6017//6017
f 6018//6018 6016//6016 6017//6017
f 6018//6018 6017//6017 5216//5216
f 6018//6018 6019//6019 6016//6016
f 6018//6018 5201//5201 6019//6019
f 6020//6020 6021//6021 6022//6022
f 6022//6022 6021//6021 6023//6023
f 6024//6024 6025//6025 6026//6026
f 6026//6026 6027//6027 6024//6024
f 6028//6028 6029//6029 6030//6030
f 6029//6029 6031//6031 6030//6030
f 6032//6032 6033//6033 6034//6034
f 6032//6032 6035//6035 6033//6033
f 6035//6035 6036//6036 6037//6037
f 6038//6038 6039//6039 6037//6037
f 6038//6038 6040//6040 6039//6039
f 6041//6041 6042//6042 6043//6043
f 6041//6041 6044//6044 6042//6042
f 6045//6045 6046//6046 6047//6047
f 6048//6048 6045//6045 6047//6047
f 6045//6045 6048//6048 6049//6049
f 6048//6048 6050//6050 6049//6049
f 6051//6051 6052//6052 6053//6053
f 6051//6051 6053//6053 6054//6054
f 6054//6054 6053//6053 6055//6055
f 6056//6056 6057//6057 6058//6058
f 6057//6057 6059//6059 6058//6058
f 6060//6060 6061//6061 6062//6062
f 6061//6061 6063//6063 6062//6062
f 6064//6064 6065//6065 6066//6066
f 6065//6065 6067//6067 6066//6066
f 6068//6068 6069//6069 6070//6070
f 6070//6070 6069//6069 6071//6071
f 6072//6072 6073//6073 6074//6074
f 6072//6072 6075//6075 6073//6073
f 6076//6076 6077//6077 6078//6078
f 6076//6076 6079//6079 6077//6077
f 6080//6080 6081//6081 6082//6082
f 6080//6080 6083//6083 6081//6081
f 6084//6084 6085//6085 6086//6086
f 6084//6084 6087//6087 6085//6085
f 6088//6088 6089//6089 6090//6090
f 6088//6088 6091//6091 6089//6089
f 6092//6092 6093//6093 6094//6094
f 6092//6092 6095//6095 6093//6093
f 6096//6096 6097//6097 6098//6098
f 6096//6096 6099//6099 6097//6097
f 6100//6100 6101//6101 6102//6102
f 6101//6101 6103//6103 6102//6102
f 6100//6100 6102//6102 6104//6104
f 6103//6103 6105//6105 6102//6102
f 6106//6106 6100//6100 6104//6104
f 6103//6103 6107//6107 6105//6105
f 6106//6106 6104//6104 6108//6108
f 6107//6107 6109//6109 6105//6105
f 6110//6110 6106//6106 6108//6108
f 6107//6107 6111//6111 6109//6109
f 6110//6110 6108//6108 6112//6112
f 6111//6111 6113//6113 6109//6109
f 6114//6114 6110//6110 6112//6112
f 6111//6111 6115//6115 6113//6113
f 6114//6114 6112//6112 6116//6116
f 6115//6115 6117//6117 6113//6113
f 6118//6118 6114//6114 6116//6116
f 6115//6115 6119//6119 6117//6117
f 6118//6118 6116//6116 6120//6120
f 6119//6119 6121//6121 6117//6117
f 6122//6122 6118//6118 6120//6120
f 6119//6119 6122//6122 6121//6121
f 6122//6122 6120//6120 6121//6121
f 6123//6123 6124//6124 6125//6125
f 6124//6124 6126//6126 6125//6125
f 6123//6123 6125//6125 6127//6127
f 6126//6126 6128//6128 6125//6125
f 6129//6129 6123//6123 6127//6127
f 6126//6126 6130//6130 6128//6128
f 6129//6129 6127//6127 6131//6131
f 6130//6130 6132//6132 6128//6128
f 6133//6133 6129//6129 6131//6131
f 6130//6130 6134//6134 6132//6132
f 6133//6133 6131//6131 6135//6135
f 6134//6134 6136//6136 6132//6132
f 6137//6137 6133//6133 6135//6135
f 6134//6134 6138//6138 6136//6136
f 6137//6137 6135//6135 6139//6139
f 6138//6138 6140//6140 6136//6136
f 6141//6141 6137//6137 6139//6139
f 6138//6138 6142//6142 6140//6140
f 6141//6141 6139//6139 6143//6143
f 6142//6142 6144//6144 6140//6140
f 6145//6145 6141//6141 6143//6143
f 6142//6142 6145//6145 6144//6144
f 6145//6145 6143//6143 6144//6144
f 6146//6146 6147//6147 6148//6148
f 6146//6146 6149//6149 6150//6150
f 6151//6151 6152//6152 6153//6153
f 6154//6154 6155//6155 6152//6152
f 6154//6154 6156//6156 6157//6157
f 6156//6156 6158//6158 6157//6157
f 6159//6159 6160//6160 6158//6158
f 6161//6161 6162//6162 6160//6160
f 6163//6163 6164//6164 6162//6162
f 6165//6165 6166//6166 6164//6164
f 6165//6165 6167//6167 6168//6168
f 6167//6167 6169//6169 6168//6168
f 6170//6170 6171//6171 6172//6172
f 6173//6173 6174//6174 6175//6175
f 6176//6176 6177//6177 6178//6178
f 6179//6179 6180//6180 6181//6181
f 6182//6182 6183//6183 6180//6180
f 6184//6184 6185//6185 6183//6183
f 6186//6186 6187//6187 6185//6185
f 6188//6188 6189//6189 6187//6187
f 6190//6190 6191//6191 6189//6189
f 6192//6192 6193//6193 6191//6191
f 6194//6194 6195//6195 6193//6193
f 6196//6196 6197//6197 6195//6195
f 6198//6198 6199//6199 6200//6200
f 6201//6201 6202//6202 6203//6203
f 6204//6204 6205//6205 6206//6206
f 6207//6207 6208//6208 6209//6209
f 6210//6210 6211//6211 6212//6212
f 6213//6213 6214//6214 6215//6215
f 6216//6216 6217//6217 6218//6218
f 6219//6219 6220//6220 6217//6217
f 6219//6219 6221//6221 6220//6220
f 6221//6221 6222//6222 6220//6220
f 6223//6223 6224//6224 6222//6222
f 6223//6223 6225//6225 6224//6224
f 6225//6225 6226//6226 6224//6224
f 6227//6227 6228//6228 6226//6226
f 6227//6227 6229//6229 6228//6228
f 6229//6229 6230//6230 6231//6231
f 6232//6232 6233//6233 6230//6230
f 6234//6234 6235//6235 6233//6233
f 6236//6236 6237//6237 6238//6238
f 6239//6239 6240//6240 6241//6241
f 6242//6242 6243//6243 6244//6244
f 6245//6245 6246//6246 6247//6247
f 6248//6248 6249//6249 6250//6250
f 6251//6251 6252//6252 6253//6253
f 6254//6254 6255//6255 6256//6256
f 6257//6257 6258//6258 6259//6259
f 6260//6260 6261//6261 6262//6262
f 6263//6263 6264//6264 6265//6265
f 6266//6266 6267//6267 6268//6268
f 6269//6269 6270//6270 6271//6271
f 6272//6272 6273//6273 6274//6274
f 6275//6275 6276//6276 6273//6273
f 6275//6275 6277//6277 6278//6278
f 6279//6279 6280//6280 6276//6276
f 6281//6281 6282//6282 6280//6280
f 6281//6281 6283//6283 6284//6284
f 6283//6283 6285//6285 6284//6284
f 6286//6286 6287//6287 6288//6288
f 6289//6289 6290//6290 6291//6291
f 6292//6292 6293//6293 6294//6294
f 6295//6295 6294//6294 6296//6296
f 6297//6297 6296//6296 6298//6298
f 6299//6299 6297//6297 6298//6298
f 6300//6300 6301//6301 6302//6302
f 6300//6300 6303//6303 6304//6304
f 6303//6303 6305//6305 6306//6306
f 6307//6307 6308//6308 6305//6305
f 6307//6307 6309//6309 6308//6308
f 6309//6309 6310//6310 6308//6308
f 6311//6311 6312//6312 6310//6310
f 6311//6311 6313//6313 6312//6312
f 6313//6313 6314//6314 6312//6312
f 6315//6315 6316//6316 6314//6314
f 6317//6317 6318//6318 6316//6316
f 6319//6319 6320//6320 6318//6318
f 6321//6321 6322//6322 6323//6323
f 6324//6324 6325//6325 6326//6326
f 6327//6327 6328//6328 6329//6329
f 6330//6330 6331//6331 6332//6332
f 6333//6333 6334//6334 6331//6331
f 6333//6333 6335//6335 6334//6334
f 6335//6335 6336//6336 6334//6334
f 6337//6337 6338//6338 6336//6336
f 6339//6339 6340//6340 6338//6338
f 6341//6341 6342//6342 6340//6340
f 6343//6343 6344//6344 6342//6342
f 6345//6345 6346//6346 6344//6344
f 6347//6347 6345//6345 6348//6348
f 6349//6349 6350//6350 6346//6346
f 6351//6351 6352//6352 6353//6353
f 6354//6354 6355//6355 6356//6356
f 6357//6357 6358//6358 6359//6359
f 6360//6360 6361//6361 6358//6358
f 6362//6362 6363//6363 6364//6364
f 6365//6365 6366//6366 6367//6367
f 6365//6365 6368//6368 6369//6369
f 6370//6370 6371//6371 6372//6372
f 6373//6373 6374//6374 6375//6375
f 6376//6376 6377//6377 6374//6374
f 6378//6378 6379//6379 6377//6377
f 6380//6380 6381//6381 6382//6382
f 6383//6383 6384//6384 6385//6385
f 6386//6386 6387//6387 6388//6388
f 6389//6389 6390//6390 6391//6391
f 6390//6390 6392//6392 6391//6391
f 6393//6393 6394//6394 6395//6395
f 6394//6394 6396//6396 6395//6395
f 6397//6397 6398//6398 6399//6399
f 6398//6398 6400//6400 6399//6399
f 6401//6401 6402//6402 6403//6403
f 6404//6404 6405//6405 6406//6406
f 6407//6407 6408//6408 6409//6409
f 6410//6410 6409//6409 6411//6411
f 6410//6410 6412//6412 6409//6409
f 6413//6413 6414//6414 6415//6415
f 6416//6416 6417//6417 6418//6418
f 6419//6419 6420//6420 6421//6421
f 6422//6422 6423//6423 6424//6424
f 6425//6425 6426//6426 6427//6427
f 6428//6428 6429//6429 6430//6430
f 6431//6431 6432//6432 6433//6433
f 6434//6434 6435//6435 6436//6436
f 6437//6437 6438//6438 6439//6439
f 6440//6440 6441//6441 6442//6442
f 6443//6443 6444//6444 6445//6445
f 6446//6446 6447//6447 6448//6448
f 6449//6449 6450//6450 6451//6451
f 6452//6452 6453//6453 6454//6454
f 6455//6455 6456//6456 6457//6457
f 6458//6458 6459//6459 6460//6460
f 6461//6461 6462//6462 6463//6463
f 6464//6464 6465//6465 6466//6466
f 6467//6467 6468//6468 6469//6469
f 6470//6470 6471//6471 6472//6472
f 6473//6473 6474//6474 6475//6475
f 6476//6476 6473//6473 6477//6477
f 6478//6478 6476//6476 6477//6477
f 6478//6478 6477//6477 6479//6479
f 6480//6480 6481//6481 6482//6482
f 6483//6483 6484//6484 6485//6485
f 6486//6486 6487//6487 6488//6488
f 6489//6489 6490//6490 6491//6491
f 6492//6492 6493//6493 6494//6494
f 6495//6495 6496//6496 6497//6497
f 6498//6498 6499//6499 6500//6500
f 6501//6501 6502//6502 6503//6503
f 6504//6504 6505//6505 6506//6506
f 6507//6507 6508//6508 6509//6509
f 6510//6510 6511//6511 6512//6512
f 6513//6513 6514//6514 6515//6515
f 6516//6516 6517//6517 6518//6518
f 6519//6519 6520//6520 6521//6521
f 6522//6522 6523//6523 6524//6524
f 6525//6525 6526//6526 6527//6527
f 6528//6528 6529//6529 6526//6526
f 6530//6530 6531//6531 6532//6532
f 6533//6533 6534//6534 6535//6535
f 6536//6536 6537//6537 6538//6538
f 6539//6539 6540//6540 6541//6541
f 6542//6542 6543//6543 6544//6544
f 6545//6545 6546//6546 6547//6547
f 6548//6548 6549//6549 6550//6550
f 6551//6551 6552//6552 6553//6553
f 6554//6554 6555//6555 6556//6556
f 6557//6557 6558//6558 6559//6559
f 6560//6560 6561//6561 6562//6562
f 6563//6563 6564//6564 6565//6565
f 6566//6566 6567//6567 6568//6568
f 6569//6569 6570//6570 6571//6571
f 6572//6572 6573//6573 6574//6574
f 6575//6575 6576//6576 6577//6577
f 6578//6578 6579//6579 6580//6580
f 6581//6581 6582//6582 6583//6583
f 6584//6584 6585//6585 6586//6586
f 6587//6587 6588//6588 6589//6589
f 6590//6590 6591//6591 6592//6592
f 6593//6593 6594//6594 6595//6595
f 6596//6596 6597//6597 6598//6598
f 6599//6599 6600//6600 6601//6601
f 6602//6602 6603//6603 6604//6604
f 6605//6605 6606//6606 6607//6607
f 6608//6608 6609//6609 6610//6610
f 6611//6611 6612//6612 6613//6613
f 6614//6614 6615//6615 6616//6616
f 6617//6617 6618//6618 6619//6619
f 6620//6620 6621//6621 6622//6622
f 6623//6623 6624//6624 6625//6625
f 6626//6626 6627//6627 6628//6628
f 6629//6629 6630//6630 6631//6631
f 6632//6632 6633//6633 6634//6634
f 6635//6635 6636//6636 6637//6637
f 6638//6638 6639//6639 6640//6640
f 6641//6641 6642//6642 6643//6643
f 6644//6644 6645//6645 6646//6646
f 6647//6647 6648//6648 6649//6649
f 6650//6650 6651//6651 6652//6652
f 6653//6653 6654//6654 6655//6655
f 6656//6656 6657//6657 6658//6658
f 6659//6659 6660//6660 6661//6661
f 6662//6662 6663//6663 6664//6664
f 6665//6665 6666//6666 6667//6667
f 6668//6668 6669//6669 6670//6670
f 6671//6671 6672//6672 6673//6673
f 6672//6672 6674//6674 6675//6675
f 6674//6674 6676//6676 6677//6677
f 6676//6676 6678//6678 6679//6679
f 6680//6680 6681//6681 6682//6682
f 6683//6683 6684//6684 6681//6681
f 6685//6685 6686//6686 6684//6684
f 6687//6687 6688//6688 6686//6686
f 6687//6687 6689//6689 6688//6688
f 6690//6690 6691//6691 6692//6692
f 6693//6693 6694//6694 6695//6695
f 6696//6696 6697//6697 6698//6698
f 6699//6699 6700//6700 6701//6701
f 6702//6702 6703//6703 6704//6704
f 6705//6705 6706//6706 6707//6707
f 6708//6708 6709//6709 6710//6710
f 6711//6711 6712//6712 6713//6713
f 6714//6714 6715//6715 6716//6716
f 6717//6717 6718//6718 6719//6719
f 6720//6720 6721//6721 6722//6722
f 6723//6723 6724//6724 6725//6725
f 6726//6726 6727//6727 6728//6728
f 6729//6729 6730//6730 6731//6731
f 6732//6732 6733//6733 6734//6734
f 6735//6735 6736//6736 6737//6737
f 6738//6738 6739//6739 6740//6740
f 6741//6741 6742//6742 6743//6743
f 6744//6744 6745//6745 6746//6746
f 6747//6747 6748//6748 6749//6749
f 6750//6750 6751//6751 6752//6752
f 6753//6753 6754//6754 6755//6755
f 6756//6756 6757//6757 6758//6758
f 6759//6759 6760//6760 6761//6761
f 6762//6762 6763//6763 6764//6764
f 6765//6765 6766//6766 6767//6767
f 6768//6768 6769//6769 6770//6770
f 6771//6771 6772//6772 6773//6773
f 6774//6774 6775//6775 6776//6776
f 6777//6777 6778//6778 6779//6779
f 6780//6780 6781//6781 6782//6782
f 6783//6783 6784//6784 6785//6785
f 6786//6786 6787//6787 6788//6788
f 6789//6789 6790//6790 6791//6791
f 6792//6792 6793//6793 6794//6794
f 6795//6795 6796//6796 6797//6797
f 6798//6798 6799//6799 6800//6800
f 6801//6801 6802//6802 6803//6803
f 6804//6804 6805//6805 6806//6806
f 6807//6807 6808//6808 6809//6809
f 6810//6810 6811//6811 6812//6812
f 6813//6813 6814//6814 6815//6815
f 6816//6816 6817//6817 6818//6818
f 6819//6819 6820//6820 6821//6821
f 6822//6822 6823//6823 6824//6824
f 6825//6825 6826//6826 6827//6827
f 6828//6828 6829//6829 6830//6830
f 6831//6831 6832//6832 6833//6833
f 6834//6834 6835//6835 6836//6836
f 6837//6837 6838//6838 6839//6839
f 6840//6840 6841//6841 6842//6842
f 6843//6843 6844//6844 6845//6845
f 6846//6846 6847//6847 6848//6848
f 6849//6849 6850//6850 6851//6851
f 6852//6852 6853//6853 6854//6854
f 6855//6855 6856//6856 6857//6857
f 6858//6858 6859//6859 6860//6860
f 6861//6861 6862//6862 6863//6863
f 6864//6864 6865//6865 6866//6866
f 6867//6867 6868//6868 6869//6869
f 6870//6870 6871//6871 6872//6872
f 6873//6873 6874//6874 6875//6875
f 6876//6876 6877//6877 6878//6878
f 6879//6879 6880//6880 6881//6881
f 6882//6882 6883//6883 6884//6884
f 6885//6885 6886//6886 6887//6887
f 6888//6888 6889//6889 6890//6890
f 6891//6891 6892//6892 6893//6893
f 6894//6894 6895//6895 6896//6896
f 6897//6897 6898//6898 6899//6899
f 6900//6900 6901//6901 6902//6902
f 6903//6903 6902//6902 6904//6904
f 6903//6903 6905//6905 6902//6902
f 6906//6906 6907//6907 6908//6908
f 6909//6909 6910//6910 6911//6911
f 6912//6912 6913//6913 6914//6914
f 6915//6915 6916//6916 6917//6917
f 6918//6918 6919//6919 6920//6920
f 6921//6921 6922//6922 6923//6923
f 6924//6924 6925//6925 6926//6926
f 6927//6927 6928//6928 6929//6929
f 6930//6930 6931//6931 6932//6932
f 6933//6933 6934//6934 6935//6935
f 6936//6936 6937//6937 6938//6938
f 6939//6939 6940//6940 6941//6941
f 6942//6942 6943//6943 6944//6944
f 6945//6945 6946//6946 6947//6947
f 6948//6948 6949//6949 6950//6950
f 6951//6951 6952//6952 6953//6953
f 6954//6954 6955//6955 6956//6956
f 6957//6957 6958//6958 6959//6959
f 6960//6960 6961//6961 6962//6962
f 6963//6963 6964//6964 6965//6965
f 6966//6966 6967//6967 6968//6968
f 6969//6969 6966//6966 6970//6970
f 6971//6971 6969//6969 6970//6970
f 6971//6971 6970//6970 6972//6972
f 6973//6973 6974//6974 6975//6975
f 6976//6976 6977//6977 6978//6978
f 6979//6979 6980//6980 6981//6981
f 6982//6982 6983//6983 6984//6984
f 6985//6985 6986//6986 6987//6987
f 6988//6988 6989//6989 6990//6990
f 6991//6991 6992//6992 6993//6993
f 6994//6994 6995//6995 6996//6996
f 6997//6997 6998//6998 6999//6999
f 6997//6997 7000//7000 7001//7001
f 7002//7002 7000//7000 7003//7003
f 7004//7004 7005//7005 7006//7006
f 7007//7007 7008//7008 7009//7009
f 7010//7010 7011//7011 7012//7012
f 7013//7013 7014//7014 7015//7015
f 7016//7016 7017//7017 7018//7018
f 7019//7019 7020//7020 7021//7021
f 7022//7022 7023//7023 7024//7024
f 7025//7025 7026//7026 7023//7023
f 7027//7027 7028//7028 7029//7029
f 7030//7030 7031//7031 7032//7032
f 7033//7033 7034//7034 7035//7035
f 7036//7036 7037//7037 7038//7038
f 7039//7039 7040//7040 7041//7041
f 7042//7042 7043//7043 7044//7044
f 7045//7045 7046//7046 7047//7047
f 7048//7048 7049//7049 7050//7050
f 7051//7051 7052//7052 7053//7053
f 7054//7054 7055//7055 7056//7056
f 7057//7057 7058//7058 7059//7059
f 7060//7060 7061//7061 7062//7062
f 7063//7063 7064//7064 7065//7065
f 7066//7066 7067//7067 7068//7068
f 7069//7069 7070//7070 7071//7071
f 7072//7072 7073//7073 7074//7074
f 7075//7075 7076//7076 7077//7077
f 7078//7078 7079//7079 7080//7080
f 7081//7081 7082//7082 7083//7083
f 7084//7084 7085//7085 7086//7086
f 7087//7087 7088//7088 7089//7089
f 7090//7090 7091//7091 7092//7092
f 7093//7093 7094//7094 7095//7095
f 7096//7096 7097//7097 7098//7098
f 7099//7099 7100//7100 7101//7101
f 7102//7102 7103//7103 7104//7104
f 7105//7105 7106//7106 7107//7107
f 7108//7108 7109//7109 7110//7110
f 7111//7111 7112//7112 7113//7113
f 7114//7114 7115//7115 7116//7116
f 7117//7117 7118//7118 7119//7119
f 7120//7120 7121//7121 7122//7122
f 7123//7123 7124//7124 7125//7125
f 7126//7126 7127//7127 7128//7128
f 7129//7129 7130//7130 7131//7131
f 7132//7132 7133//7133 7134//7134
f 7135//7135 7136//7136 7137//7137
f 7138//7138 7139//7139 7140//7140
f 7141//7141 7142//7142 7143//7143
f 7144//7144 7145//7145 7146//7146
f 7147//7147 7148//7148 7149//7149
f 7150//7150 7151//7151 7152//7152
f 7153//7153 7154//7154 7155//7155
f 7156//7156 7157//7157 7158//7158
f 7159//7159 7160//7160 7161//7161
f 7162//7162 7163//7163 7164//7164
f 7165//7165 7166//7166 7167//7167
f 7168//7168 7169//7169 7170//7170
f 7169//7169 7171//7171 7172//7172
f 7171//7171 7173//7173 7174//7174
f 7173//7173 7175//7175 7176//7176
f 7177//7177 7178//7178 7179//7179
f 7180//7180 7181//7181 7178//7178
f 7182//7182 7183//7183 7181//7181
f 7184//7184 7185//7185 7183//7183
f 7184//7184 7186//7186 7185//7185
f 7187//7187 7188//7188 7189//7189
f 7190//7190 7191//7191 7192//7192
f 7193//7193 7194//7194 7195//7195
f 7196//7196 7197//7197 7198//7198
f 7199//7199 7200//7200 7201//7201
f 7202//7202 7203//7203 7204//7204
f 7205//7205 7206//7206 7207//7207
f 7208//7208 7209//7209 7210//7210
f 7211//7211 7212//7212 7213//7213
f 7214//7214 7215//7215 7216//7216
f 7217//7217 7218//7218 7219//7219
f 7220//7220 7221//7221 7222//7222
f 7223//7223 7224//7224 7225//7225
f 7226//7226 7227//7227 7228//7228
f 7229//7229 7230//7230 7231//7231
f 7232//7232 7233//7233 7234//7234
f 7235//7235 7236//7236 7237//7237
f 7238//7238 7239//7239 7240//7240
f 7241//7241 7242//7242 7243//7243
f 7244//7244 7245//7245 7246//7246
f 7247//7247 7248//7248 7249//7249
f 7250//7250 7251//7251 7252//7252
f 7253//7253 7254//7254 7255//7255
f 7256//7256 7257//7257 7258//7258
f 7259//7259 7260//7260 7261//7261
f 7262//7262 7263//7263 7264//7264
f 7265//7265 7266//7266 7267//7267
f 7268//7268 7269//7269 7270//7270
f 7271//7271 7272//7272 7273//7273
f 7274//7274 7275//7275 7276//7276
f 7277//7277 7278//7278 7279//7279
f 7280//7280 7281//7281 7282//7282
f 7283//7283 7284//7284 7285//7285
f 7286//7286 7287//7287 7288//7288
f 7289//7289 7290//7290 7291//7291
f 7292//7292 7293//7293 7294//7294
f 7295//7295 7296//7296 7297//7297
f 7298//7298 7299//7299 7300//7300
f 7301//7301 7302//7302 7303//7303
f 7304//7304 7305//7305 7306//7306
f 7307//7307 7308//7308 7309//7309
f 7310//7310 7311//7311 7312//7312
f 7313//7313 7314//7314 7315//7315
f 7316//7316 7317//7317 7318//7318
f 7319//7319 7320//7320 7321//7321
f 7322//7322 7323//7323 7324//7324
f 7325//7325 7326//7326 7327//7327
f 7328//7328 7329//7329 7330//7330
f 7331//7331 7332//7332 7333//7333
f 7334//7334 7335//7335 7336//7336
f 7337//7337 7338//7338 7339//7339
f 7340//7340 7341//7341 7342//7342
f 7343//7343 7344//7344 7345//7345
f 7346//7346 7347//7347 7348//7348
f 7349//7349 7350//7350 7351//7351
f 7352//7352 7353//7353 7354//7354
f 7355//7355 7356//7356 7357//7357
f 7358//7358 7359//7359 7360//7360
f 7361//7361 7362//7362 7363//7363
f 7364//7364 7365//7365 7366//7366
f 7367//7367 7368//7368 7369//7369
f 7370//7370 7371//7371 7372//7372
f 7373//7373 7374//7374 7375//7375
f 7376//7376 7377//7377 7378//7378
f 7379//7379 7380//7380 7381//7381
f 7382//7382 7383//7383 7384//7384
f 7385//7385 7386//7386 7387//7387
f 7388//7388 7389//7389 7390//7390
f 7391//7391 7392//7392 7393//7393
f 7393//7393 7394//7394 7391//7391
f 7395//7395 7396//7396 7397//7397
f 7396//7396 7398//7398 7397//7397
f 7398//7398 7399//7399 7397//7397
f 7400//7400 7401//7401 7402//7402
f 7401//7401 7403//7403 7402//7402
f 7404//7404 7405//7405 7406//7406
f 7405//7405 7407//7407 7406//7406
f 7408//7408 7409//7409 7410//7410
f 7408//7408 7411//7411 7409//7409
f 7411//7411 7412//7412 7409//7409
f 7413//7413 7414//7414 7415//7415
f 7414//7414 7416//7416 7415//7415
f 7417//7417 7418//7418 7419//7419
f 7418//7418 7417//7417 7420//7420
f 7417//7417 7421//7421 7420//7420
f 7422//7422 7423//7423 7424//7424
f 7423//7423 7422//7422 7425//7425
f 7426//7426 7427//7427 7428//7428
f 7427//7427 7429//7429 7428//7428
f 7427//7427 7430//7430 7429//7429
f 7430//7430 7431//7431 7429//7429
f 7430//7430 7432//7432 7431//7431
f 7432//7432 7433//7433 7431//7431
f 7432//7432 7434//7434 7433//7433
f 7434//7434 7435//7435 7433//7433
f 7436//7436 7437//7437 7438//7438
f 7437//7437 7439//7439 7438//7438
f 7440//7440 7441//7441 7442//7442
f 7441//7441 7443//7443 7442//7442
f 7441//7441 7444//7444 7443//7443
f 7444//7444 7445//7445 7443//7443
f 7444//7444 7446//7446 7445//7445
f 7446//7446 7447//7447 7445//7445
f 7446//7446 7448//7448 7447//7447
f 7448//7448 7449//7449 7447//7447
f 7450//7450 7451//7451 7452//7452
f 7451//7451 7453//7453 7452//7452
f 7454//7454 7455//7455 7456//7456
f 7454//7454 7457//7457 7455//7455
f 7454//7454 7458//7458 7457//7457
f 7458//7458 7459//7459 7457//7457
f 7460//7460 7461//7461 7462//7462
f 7460//7460 7463//7463 7461//7461
f 7463//7463 7464//7464 7461//7461
f 7463//7463 7465//7465 7464//7464
f 7465//7465 7463//7463 7466//7466
f 7463//7463 7467//7467 7466//7466
f 7467//7467 7468//7468 7466//7466
f 7468//7468 7469//7469 7466//7466
f 7468//7468 7470//7470 7469//7469
f 7470//7470 7468//7468 7471//7471
f 7468//7468 7472//7472 7471//7471
f 7472//7472 7473//7473 7471//7471
f 7474//7474 7475//7475 7476//7476
f 7475//7475 7477//7477 7476//7476
f 7478//7478 7479//7479 7480//7480
f 7479//7479 7481//7481 7480//7480
f 7482//7482 7483//7483 7484//7484
f 7482//7482 7485//7485 7483//7483
f 7486//7486 7487//7487 7488//7488
f 7486//7486 7489//7489 7487//7487
f 7490//7490 7491//7491 7492//7492
f 7490//7490 7492//7492 7493//7493
f 7494//7494 7490//7490 7493//7493
f 7493//7493 7495//7495 7494//7494
f 7495//7495 7496//7496 7494//7494
f 7495//7495 7497//7497 7496//7496
f 7497//7497 7498//7498 7496//7496
f 7499//7499 7500//7500 7492//7492
f 7500//7500 7501//7501 7492//7492
f 7500//7500 7502//7502 7501//7501
f 7502//7502 7503//7503 7501//7501
f 7504//7504 7505//7505 7506//7506
f 7507//7507 7504//7504 7506//7506
f 7506//7506 7508//7508 7507//7507
f 7508//7508 7509//7509 7507//7507
f 7508//7508 7510//7510 7509//7509
f 7510//7510 7511//7511 7509//7509
f 7510//7510 7512//7512 7513//7513
f 7512//7512 7510//7510 7514//7514
f 7512//7512 7514//7514 7515//7515
f 7515//7515 7514//7514 7516//7516
f 7517//7517 7518//7518 7519//7519
f 7519//7519 7518//7518 7520//7520
f 7521//7521 7522//7522 7523//7523
f 7522//7522 7524//7524 7523//7523
f 7525//7525 7526//7526 7527//7527
f 7526//7526 7528//7528 7527//7527
f 7526//7526 7529//7529 7528//7528
f 7530//7530 7531//7531 7532//7532
f 7530//7530 7533//7533 7531//7531
f 7533//7533 7530//7530 7534//7534
f 7535//7535 7536//7536 7537//7537
f 7536//7536 7538//7538 7537//7537
f 7536//7536 7539//7539 7538//7538
f 7539//7539 7540//7540 7538//7538
f 7539//7539 7541//7541 7540//7540
f 7541//7541 7542//7542 7540//7540
f 7543//7543 7544//7544 7545//7545
f 7544//7544 7546//7546 7545//7545
f 7547//7547 7548//7548 7549//7549
f 7548//7548 7550//7550 7549//7549
f 7551//7551 7548//7548 7552//7552
f 7553//7553 7551//7551 7552//7552
f 7554//7554 7555//7555 7556//7556
f 7555//7555 7557//7557 7556//7556
f 7555//7555 7558//7558 7557//7557
f 7558//7558 7559//7559 7557//7557
f 7558//7558 7560//7560 7559//7559
f 7561//7561 7562//7562 7563//7563
f 7561//7561 7564//7564 7562//7562
f 7564//7564 7565//7565 7562//7562
f 7566//7566 7565//7565 7567//7567
f 7566//7566 7567//7567 7568//7568
f 7569//7569 7566//7566 7568//7568
f 7569//7569 7568//7568 7570//7570
f 7571//7571 7572//7572 7567//7567
f 7571//7571 7573//7573 7572//7572
f 7574//7574 7568//7568 7575//7575
f 7576//7576 7574//7574 7575//7575
f 7577//7577 7570//7570 7578//7578
f 7577//7577 7579//7579 7570//7570
f 7580//7580 7581//7581 7582//7582
f 7581//7581 7583//7583 7582//7582
f 7584//7584 7585//7585 7586//7586
f 7585//7585 7587//7587 7586//7586
f 7588//7588 7589//7589 7590//7590
f 7589//7589 7591//7591 7590//7590
f 7592//7592 7593//7593 7594//7594
f 7594//7594 7595//7595 7592//7592
f 7596//7596 7597//7597 7598//7598
f 7597//7597 7599//7599 7598//7598
f 7599//7599 7600//7600 7598//7598
f 7601//7601 7602//7602 7603//7603
f 7602//7602 7604//7604 7603//7603
f 7605//7605 7606//7606 7607//7607
f 7606//7606 7608//7608 7607//7607
f 7609//7609 7610//7610 7611//7611
f 7609//7609 7612//7612 7610//7610
f 7612//7612 7613//7613 7610//7610
f 7614//7614 7615//7615 7616//7616
f 7615//7615 7617//7617 7616//7616
f 7618//7618 7619//7619 7620//7620
f 7619//7619 7618//7618 7621//7621
f 7618//7618 7622//7622 7621//7621
f 7623//7623 7624//7624 7625//7625
f 7624//7624 7623//7623 7626//7626
f 7627//7627 7624//7624 7626//7626
f 7628//7628 7629//7629 7630//7630
f 7629//7629 7631//7631 7630//7630
f 7629//7629 7632//7632 7631//7631
f 7632//7632 7633//7633 7631//7631
f 7632//7632 7634//7634 7633//7633
f 7634//7634 7635//7635 7633//7633
f 7634//7634 7636//7636 7635//7635
f 7636//7636 7637//7637 7635//7635
f 7638//7638 7639//7639 7640//7640
f 7639//7639 7641//7641 7640//7640
f 7642//7642 7643//7643 7644//7644
f 7643//7643 7645//7645 7644//7644
f 7643//7643 7646//7646 7645//7645
f 7646//7646 7647//7647 7645//7645
f 7646//7646 7648//7648 7647//7647
f 7648//7648 7649//7649 7647//7647
f 7648//7648 7650//7650 7649//7649
f 7650//7650 7651//7651 7649//7649
f 7652//7652 7653//7653 7654//7654
f 7653//7653 7655//7655 7654//7654
f 7656//7656 7657//7657 7658//7658
f 7656//7656 7659//7659 7657//7657
f 7656//7656 7660//7660 7659//7659
f 7660//7660 7661//7661 7659//7659
f 7662//7662 7663//7663 7664//7664
f 7662//7662 7665//7665 7663//7663
f 7665//7665 7666//7666 7663//7663
f 7665//7665 7667//7667 7666//7666
f 7665//7665 7668//7668 7669//7669
f 7668//7668 7670//7670 7669//7669
f 7670//7670 7671//7671 7669//7669
f 7670//7670 7672//7672 7671//7671
f 7672//7672 7670//7670 7673//7673
f 7670//7670 7674//7674 7673//7673
f 7674//7674 7675//7675 7673//7673
f 7676//7676 7677//7677 7678//7678
f 7677//7677 7679//7679 7678//7678
f 7680//7680 7681//7681 7682//7682
f 7681//7681 7683//7683 7682//7682
f 7684//7684 7685//7685 7686//7686
f 7684//7684 7687//7687 7685//7685
f 7688//7688 7689//7689 7690//7690
f 7688//7688 7691//7691 7689//7689
f 7692//7692 7693//7693 7694//7694
f 7692//7692 7694//7694 7695//7695
f 7696//7696 7692//7692 7695//7695
f 7695//7695 7697//7697 7696//7696
f 7697//7697 7698//7698 7696//7696
f 7697//7697 7699//7699 7698//7698
f 7699//7699 7700//7700 7698//7698
f 7701//7701 7702//7702 7694//7694
f 7702//7702 7703//7703 7694//7694
f 7702//7702 7704//7704 7703//7703
f 7704//7704 7705//7705 7703//7703
f 7706//7706 7707//7707 7708//7708
f 7709//7709 7706//7706 7708//7708
f 7708//7708 7710//7710 7709//7709
f 7710//7710 7711//7711 7709//7709
f 7710//7710 7712//7712 7711//7711
f 7712//7712 7713//7713 7711//7711
f 7712//7712 7714//7714 7715//7715
f 7714//7714 7712//7712 7716//7716
f 7714//7714 7716//7716 7717//7717
f 7717//7717 7716//7716 7718//7718
f 7719//7719 7720//7720 7721//7721
f 7721//7721 7720//7720 7722//7722
f 7723//7723 7724//7724 7725//7725
f 7724//7724 7726//7726 7725//7725
f 7727//7727 7728//7728 7729//7729
f 7728//7728 7730//7730 7729//7729
f 7728//7728 7731//7731 7730//7730
f 7732//7732 7733//7733 7734//7734
f 7732//7732 7735//7735 7733//7733
f 7735//7735 7732//7732 7736//7736
f 7737//7737 7738//7738 7739//7739
f 7738//7738 7740//7740 7739//7739
f 7738//7738 7741//7741 7740//7740
f 7741//7741 7742//7742 7740//7740
f 7741//7741 7743//7743 7742//7742
f 7743//7743 7744//7744 7742//7742
f 7745//7745 7746//7746 7747//7747
f 7746//7746 7748//7748 7747//7747
f 7749//7749 7750//7750 7751//7751
f 7750//7750 7752//7752 7751//7751
f 7753//7753 7750//7750 7754//7754
f 7755//7755 7753//7753 7754//7754
f 7756//7756 7757//7757 7758//7758
f 7757//7757 7759//7759 7758//7758
f 7757//7757 7760//7760 7759//7759
f 7760//7760 7761//7761 7759//7759
f 7760//7760 7762//7762 7761//7761
f 7763//7763 7764//7764 7765//7765
f 7763//7763 7766//7766 7764//7764
f 7766//7766 7767//7767 7764//7764
f 7768//7768 7767//7767 7769//7769
f 7768//7768 7769//7769 7770//7770
f 7771//7771 7768//7768 7770//7770
f 7771//7771 7770//7770 7772//7772
f 7773//7773 7774//7774 7769//7769
f 7773//7773 7775//7775 7774//7774
f 7776//7776 7770//7770 7777//7777
f 7778//7778 7776//7776 7777//7777
f 7779//7779 7772//7772 7780//7780
f 7779//7779 7781//7781 7772//7772
f 7782//7782 7783//7783 7784//7784
f 7783//7783 7785//7785 7784//7784
f 7786//7786 7787//7787 7788//7788
f 7787//7787 7789//7789 7788//7788
f 7790//7790 7791//7791 7792//7792
f 7791//7791 7793//7793 7792//7792
f 7794//7794 7795//7795 7796//7796
f 7797//7797 7798//7798 7799//7799
f 7800//7800 7801//7801 7802//7802
f 7803//7803 7804//7804 7805//7805
f 7806//7806 7807//7807 7808//7808
f 7809//7809 7810//7810 7811//7811
f 7812//7812 7813//7813 7814//7814
f 7815//7815 7816//7816 7817//7817
f 7818//7818 7819//7819 7820//7820
f 7821//7821 7822//7822 7823//7823
f 7824//7824 7825//7825 7826//7826
f 7827//7827 7828//7828 7829//7829
f 7830//7830 7831//7831 7832//7832
f 7833//7833 7834//7834 7835//7835
f 7836//7836 7837//7837 7838//7838
f 7839//7839 7840//7840 7841//7841
f 7842//7842 7843//7843 7844//7844
f 7845//7845 7846//7846 7847//7847
f 7848//7848 7849//7849 7850//7850
f 7851//7851 7852//7852 7853//7853
f 7854//7854 7855//7855 7856//7856
f 7857//7857 7858//7858 7859//7859
f 7860//7860 7861//7861 7862//7862
f 7863//7863 7864//7864 7865//7865
f 7866//7866 7867//7867 7868//7868
f 7869//7869 7870//7870 7871//7871
f 7872//7872 7869//7869 7873//7873
f 7872//7872 7873//7873 7874//7874
f 7875//7875 7876//7876 7877//7877
f 7878//7878 7879//7879 7880//7880
f 7881//7881 7882//7882 7883//7883
f 7884//7884 7885//7885 7886//7886
f 7887//7887 7888//7888 7889//7889
f 7890//7890 7891//7891 7892//7892
f 7893//7893 7894//7894 7895//7895
f 7896//7896 7897//7897 7898//7898
f 7899//7899 7900//7900 7901//7901
f 7902//7902 7903//7903 7904//7904
f 7905//7905 7906//7906 7907//7907
f 7908//7908 7909//7909 7910//7910
f 7911//7911 7912//7912 7913//7913
f 7914//7914 7915//7915 7916//7916
f 7917//7917 7918//7918 7919//7919
f 7920//7920 7921//7921 7922//7922
f 7923//7923 7924//7924 7925//7925
f 7926//7926 7927//7927 7928//7928
f 7929//7929 7930//7930 7931//7931
f 7932//7932 7933//7933 7934//7934
f 7935//7935 7936//7936 7937//7937
f 7938//7938 7939//7939 7940//7940
f 7941//7941 7942//7942 7943//7943
f 7944//7944 7945//7945 7946//7946
f 7947//7947 7948//7948 7949//7949
f 7950//7950 7951//7951 7952//7952
f 7953//7953 7954//7954 7955//7955
f 7956//7956 7957//7957 7958//7958
f 7959//7959 7960//7960 7961//7961
f 7962//7962 7963//7963 7964//7964
f 7965//7965 7966//7966 7967//7967
f 7968//7968 7969//7969 7970//7970
f 7971//7971 7972//7972 7973//7973
f 7974//7974 7975//7975 7976//7976
f 7977//7977 7978//7978 7979//7979
f 7980//7980 7981//7981 7982//7982
f 7983//7983 7984//7984 7985//7985
f 7986//7986 7987//7987 7988//7988
f 7989//7989 7990//7990 7991//7991
f 7992//7992 7993//7993 7994//7994
f 7995//7995 7996//7996 7997//7997
f 7998//7998 7999//7999 8000//8000
f 8001//8001 8002//8002 8003//8003
f 8004//8004 8005//8005 8006//8006
f 8007//8007 8008//8008 8009//8009
f 8010//8010 8011//8011 8012//8012
f 8013//8013 8014//8014 8015//8015
f 8016//8016 8017//8017 8018//8018
f 8019//8019 8020//8020 8021//8021
f 8022//8022 8023//8023 8024//8024
f 8025//8025 8026//8026 8027//8027
f 8028//8028 8029//8029 8030//8030
f 8031//8031 8032//8032 8033//8033
f 8034//8034 8035//8035 8036//8036
f 8037//8037 8038//8038 8039//8039
f 8040//8040 8041//8041 8042//8042
f 8043//8043 8044//8044 8045//8045
f 8046//8046 8047//8047 8048//8048
f 8049//8049 8050//8050 8051//8051
f 8052//8052 8053//8053 8054//8054
f 8055//8055 8056//8056 8057//8057
f 8058//8058 8059//8059 8060//8060
f 8061//8061 8062//8062 8063//8063
f 8064//8064 8065//8065 8066//8066
f 8067//8067 8068//8068 8069//8069
f 8070//8070 8071//8071 8072//8072
f 8073//8073 8074//8074 8075//8075
f 8076//8076 8077//8077 8078//8078
f 8079//8079 8080//8080 8081//8081
f 8082//8082 8083//8083 8084//8084
f 8085//8085 8086//8086 8087//8087
f 8088//8088 8089//8089 8090//8090
f 8091//8091 8092//8092 8093//8093
f 8094//8094 8095//8095 8096//8096
f 8097//8097 8098//8098 8099//8099
f 8100//8100 8101//8101 8102//8102
f 8103//8103 8104//8104 8105//8105
f 8106//8106 8107//8107 8108//8108
f 8109//8109 8110//8110 8111//8111
f 8112//8112 8113//8113 8114//8114
f 8115//8115 8116//8116 8117//8117
f 8118//8118 8119//8119 8120//8120
f 8121//8121 8122//8122 8123//8123
f 8124//8124 8125//8125 8126//8126
f 8127//8127 8128//8128 8129//8129
f 8130//8130 8131//8131 8132//8132
f 8133//8133 8134//8134 8135//8135
f 8136//8136 8137//8137 8138//8138
f 8139//8139 8140//8140 8141//8141
f 8142//8142 8143//8143 8144//8144
f 8145//8145 8146//8146 8147//8147
f 8148//8148 8149//8149 8150//8150
f 8151//8151 8152//8152 8153//8153
f 8154//8154 8155//8155 8156//8156
f 8157//8157 8158//8158 8159//8159
f 8160//8160 8161//8161 8162//8162
f 8163//8163 8164//8164 8165//8165
f 8166//8166 8167//8167 8168//8168
f 8169//8169 8170//8170 8171//8171
f 8172//8172 8173//8173 8174//8174
f 8175//8175 8176//8176 8173//8173
f 8177//8177 8178//8178 8179//8179
f 8180//8180 8181//8181 8182//8182
f 8183//8183 8184//8184 8185//8185
f 8186//8186 8187//8187 8188//8188
f 8189//8189 8190//8190 8191//8191
f 8192//8192 8193//8193 8194//8194
f 8195//8195 8196//8196 8197//8197
f 8198//8198 8199//8199 8200//8200
f 8201//8201 8202//8202 8203//8203
f 8204//8204 8205//8205 8206//8206
f 8207//8207 8208//8208 8209//8209
f 8210//8210 8211//8211 8212//8212
f 8213//8213 8214//8214 8215//8215
f 8216//8216 8217//8217 8218//8218
f 8219//8219 8220//8220 8221//8221
f 8222//8222 8223//8223 8224//8224
f 8225//8225 8226//8226 8227//8227
f 8228//8228 8229//8229 8230//8230
f 8231//8231 8232//8232 8233//8233
f 8234//8234 8235//8235 8236//8236
f 8237//8237 8238//8238 8239//8239
f 8240//8240 8241//8241 8242//8242
f 8243//8243 8244//8244 8245//8245
f 8246//8246 8247//8247 8248//8248
f 8249//8249 8250//8250 8251//8251
f 8252//8252 8253//8253 8254//8254
f 8255//8255 8256//8256 8257//8257
f 8258//8258 8259//8259 8260//8260
f 8261//8261 8262//8262 8263//8263
f 8264//8264 8265//8265 8266//8266
f 8267//8267 8268//8268 8269//8269
f 8270//8270 8271//8271 8272//8272
f 8273//8273 8274//8274 8275//8275
f 8276//8276 8277//8277 8278//8278
f 8279//8279 8280//8280 8281//8281
f 8282//8282 8283//8283 8284//8284
f 8285//8285 8286//8286 8287//8287
f 8288//8288 8289//8289 8290//8290
f 8291//8291 8292//8292 8293//8293
f 8294//8294 8295//8295 8296//8296
f 8297//8297 8298//8298 8299//8299
f 8300//8300 8301//8301 8302//8302
f 8303//8303 8304//8304 8305//8305
f 8306//8306 8307//8307 8308//8308
f 8309//8309 8310//8310 8311//8311
f 8312//8312 8313//8313 8314//8314
f 8315//8315 8316//8316 8317//8317
f 8318//8318 8319//8319 8320//8320
f 8321//8321 8322//8322 8323//8323
f 8324//8324 8325//8325 8326//8326
f 8327//8327 8328//8328 8329//8329
f 8330//8330 8331//8331 8332//8332
f 8333//8333 8334//8334 8335//8335
f 8336//8336 8337//8337 8338//8338
f 8338//8338 8339//8339 8340//8340
f 8339//8339 8341//8341 8340//8340
f 8341//8341 8342//8342 8343//8343
f 8340//8340 8344//8344 8345//8345
f 8346//8346 8347//8347 8343//8343
f 8346//8346 8348//8348 8347//8347
f 8348//8348 8349//8349 8347//8347
f 8349//8349 8348//8348 8350//8350
f 8351//8351 8352//8352 8349//8349
f 8352//8352 8353//8353 8349//8349
f 8344//8344 8354//8354 8355//8355
f 8354//8354 8356//8356 8355//8355
f 8354//8354 8357//8357 8356//8356
f 8358//8358 8359//8359 8360//8360
f 8361//8361 8362//8362 8363//8363
f 8364//8364 8365//8365 8366//8366
f 8367//8367 8368//8368 8369//8369
f 8370//8370 8371//8371 8372//8372
f 8373//8373 8374//8374 8375//8375
f 8376//8376 8377//8377 8378//8378
f 8379//8379 8380//8380 8381//8381
f 8382//8382 8383//8383 8384//8384
f 8385//8385 8386//8386 8387//8387
f 8388//8388 8389//8389 8390//8390
f 8391//8391 8392//8392 8393//8393
f 8394//8394 8395//8395 8396//8396
f 8397//8397 8398//8398 8399//8399
f 8400//8400 8401//8401 8402//8402
f 8402//8402 8403//8403 8400//8400
f 8404//8404 8405//8405 8406//8406
f 8405//8405 8407//8407 8406//8406
f 8408//8408 8409//8409 8410//8410
f 8409//8409 8411//8411 8410//8410
f 8412//8412 8413//8413 8414//8414
f 8412//8412 8414//8414 8415//8415
f 8416//8416 8412//8412 8415//8415
f 8417//8417 8416//8416 8418//8418
f 8417//8417 8418//8418 8419//8419
f 8420//8420 8421//8421 8422//8422
f 8420//8420 8422//8422 8423//8423
f 8424//8424 8420//8420 8423//8423
f 8425//8425 8426//8426 8424//8424
f 8427//8427 8428//8428 8425//8425
f 8426//8426 8429//8429 8427//8427
f 8430//8430 8431//8431 8432//8432
f 8433//8433 8431//8431 8430//8430
f 8433//8433 8430//8430 8434//8434
f 8435//8435 8433//8433 8434//8434
f 8436//8436 8437//8437 8438//8438
f 8436//8436 8439//8439 8437//8437
f 8440//8440 8441//8441 8442//8442
f 8441//8441 8443//8443 8442//8442
f 8444//8444 8445//8445 8446//8446
f 8445//8445 8447//8447 8446//8446
f 8448//8448 8449//8449 8450//8450
f 8449//8449 8451//8451 8450//8450
f 8452//8452 8453//8453 8454//8454
f 8453//8453 8455//8455 8454//8454
f 8456//8456 8457//8457 8458//8458
f 8457//8457 8459//8459 8458//8458
f 8460//8460 8461//8461 8462//8462
f 8461//8461 8463//8463 8462//8462
f 8464//8464 8465//8465 8466//8466
f 8465//8465 8467//8467 8466//8466
f 8468//8468 8469//8469 8470//8470
f 8469//8469 8471//8471 8470//8470
f 8472//8472 8473//8473 8474//8474
f 8473//8473 8475//8475 8474//8474
f 8476//8476 8477//8477 8478//8478
f 8477//8477 8476//8476 8479//8479
f 8479//8479 8480//8480 8477//8477
f 8480//8480 8481//8481 8477//8477
f 8480//8480 8482//8482 8481//8481
f 8482//8482 8480//8480 8483//8483
f 8484//8484 8485//8485 8486//8486
f 8487//8487 8484//8484 8486//8486
f 8487//8487 8486//8486 8488//8488
f 8489//8489 8490//8490 8491//8491
f 8489//8489 8492//8492 8490//8490
f 8493//8493 8494//8494 8495//8495
f 8494//8494 8496//8496 8495//8495
f 8497//8497 8498//8498 8499//8499
f 8500//8500 8498//8498 8497//8497
f 8500//8500 8497//8497 8501//8501
f 8502//8502 8500//8500 8501//8501
f 8503//8503 8504//8504 8505//8505
f 8504//8504 8506//8506 8505//8505
f 8507//8507 8508//8508 8509//8509
f 8508//8508 8510//8510 8509//8509
f 8511//8511 8512//8512 8513//8513
f 8512//8512 8514//8514 8513//8513
f 8515//8515 8516//8516 8517//8517
f 8516//8516 8518//8518 8517//8517
f 8519//8519 8520//8520 8521//8521
f 8520//8520 8522//8522 8521//8521
f 8523//8523 8524//8524 8525//8525
f 8524//8524 8526//8526 8525//8525
f 8527//8527 8528//8528 8529//8529
f 8528//8528 8530//8530 8529//8529
f 8531//8531 8532//8532 8533//8533
f 8532//8532 8531//8531 8534//8534
f 8534//8534 8535//8535 8532//8532
f 8535//8535 8536//8536 8532//8532
f 8535//8535 8537//8537 8536//8536
f 8537//8537 8535//8535 8538//8538
f 8539//8539 8540//8540 8541//8541
f 8542//8542 8543//8543 8544//8544
f 8545//8545 8546//8546 8547//8547
f 8548//8548 8549//8549 8550//8550
f 8551//8551 8552//8552 8553//8553
f 8554//8554 8555//8555 8556//8556
f 8557//8557 8558//8558 8559//8559
f 8560//8560 8561//8561 8562//8562
f 8563//8563 8564//8564 8565//8565
f 8566//8566 8567//8567 8568//8568
f 8569//8569 8570//8570 8571//8571
f 8572//8572 8573//8573 8574//8574
f 8575//8575 8576//8576 8577//8577
f 8578//8578 8579//8579 8580//8580
f 8581//8581 8582//8582 8583//8583
f 8584//8584 8585//8585 8586//8586
f 8587//8587 8588//8588 8589//8589
f 8590//8590 8591//8591 8592//8592
f 8593//8593 8594//8594 8595//8595
f 8596//8596 8597//8597 8598//8598
f 8599//8599 8600//8600 8601//8601
f 8602//8602 8603//8603 8604//8604
f 8603//8603 8605//8605 8604//8604
f 8606//8606 8607//8607 8608//8608
f 8607//8607 8609//8609 8608//8608
f 8610//8610 8611//8611 8612//8612
f 8611//8611 8613//8613 8612//8612
f 8614//8614 8615//8615 8616//8616
f 8614//8614 8617//8617 8615//8615
f 8617//8617 8614//8614 8618//8618
f 8619//8619 8617//8617 8618//8618
f 8620//8620 8621//8621 8622//8622
f 8623//8623 8620//8620 8622//8622
f 8623//8623 8622//8622 8624//8624
f 8625//8625 8623//8623 8624//8624
f 8625//8625 8624//8624 8626//8626
f 8627//8627 8625//8625 8626//8626
f 8627//8627 8626//8626 8628//8628
f 8629//8629 8627//8627 8628//8628
f 8629//8629 8628//8628 8630//8630
f 8631//8631 8629//8629 8630//8630
f 8631//8631 8630//8630 8632//8632
f 8633//8633 8631//8631 8632//8632
f 8633//8633 8632//8632 8634//8634
f 8635//8635 8633//8633 8634//8634
f 8635//8635 8634//8634 8636//8636
f 8637//8637 8635//8635 8636//8636
f 8637//8637 8636//8636 8638//8638
f 8639//8639 8637//8637 8638//8638
f 8640//8640 8641//8641 8642//8642
f 8640//8640 8643//8643 8641//8641
f 8643//8643 8644//8644 8641//8641
f 8643//8643 8645//8645 8644//8644
f 8646//8646 8647//8647 8648//8648
f 8649//8649 8646//8646 8648//8648
f 8650//8650 8649//8649 8648//8648
f 8650//8650 8651//8651 8649//8649
f 8652//8652 8653//8653 8654//8654
f 8653//8653 8655//8655 8654//8654
f 8656//8656 8657//8657 8658//8658
f 8657//8657 8659//8659 8658//8658
f 8657//8657 8660//8660 8659//8659
f 8660//8660 8661//8661 8659//8659
f 8662//8662 8663//8663 8664//8664
f 8663//8663 8665//8665 8664//8664
f 8663//8663 8666//8666 8665//8665
f 8666//8666 8667//8667 8665//8665
f 8666//8666 8668//8668 8667//8667
f 8668//8668 8669//8669 8667//8667
f 8670//8670 8671//8671 8672//8672
f 8671//8671 8673//8673 8672//8672
f 8671//8671 8674//8674 8673//8673
f 8674//8674 8675//8675 8673//8673
f 8676//8676 8677//8677 8678//8678
f 8677//8677 8679//8679 8678//8678
f 8680//8680 8681//8681 8682//8682
f 8681//8681 8683//8683 8682//8682
f 8683//8683 8684//8684 8682//8682
f 8683//8683 8685//8685 8684//8684
f 8686//8686 8687//8687 8688//8688
f 8687//8687 8689//8689 8688//8688
f 8690//8690 8691//8691 8692//8692
f 8691//8691 8693//8693 8692//8692
f 8691//8691 8694//8694 8693//8693
f 8694//8694 8695//8695 8693//8693
f 8694//8694 8696//8696 8695//8695
f 8696//8696 8697//8697 8695//8695
f 8698//8698 8699//8699 8700//8700
f 8698//8698 8700//8700 8701//8701
f 8702//8702 8698//8698 8701//8701
f 8702//8702 8701//8701 8703//8703
f 8704//8704 8702//8702 8703//8703
f 8704//8704 8703//8703 8705//8705
f 8706//8706 8704//8704 8705//8705
f 8706//8706 8705//8705 8707//8707
f 8708//8708 8706//8706 8707//8707
f 8709//8709 8708//8708 8707//8707
f 8709//8709 8710//8710 8708//8708
f 8711//8711 8710//8710 8709//8709
f 8712//8712 8713//8713 8714//8714
f 8713//8713 8715//8715 8714//8714
f 8716//8716 8717//8717 8718//8718
f 8719//8719 8716//8716 8718//8718
f 8717//8717 8720//8720 8718//8718
f 8720//8720 8721//8721 8718//8718
f 8720//8720 8722//8722 8721//8721
f 8722//8722 8723//8723 8721//8721
f 8722//8722 8724//8724 8723//8723
f 8724//8724 8725//8725 8723//8723
f 8724//8724 8726//8726 8725//8725
f 8726//8726 8727//8727 8725//8725
f 8726//8726 8728//8728 8727//8727
f 8719//8719 8718//8718 8729//8729
f 8727//8727 8728//8728 8729//8729
f 8730//8730 8719//8719 8729//8729
f 8728//8728 8730//8730 8729//8729
