# Generated from the Unity FBX import by robot-human-interface
o knee_rl.obj
v -0.0384218879 -0.199489161 0.6076913
v -0.03320658 -0.199769408 0.6075755
v -0.0366774574 -0.200043455 0.6062507
v -0.03147746 -0.199718267 0.6101793
v -0.0343764722 -0.199490815 0.6155619
v -0.0316286 -0.200010121 0.6143541
v -0.0343764722 -0.199490815 0.6155619
v -0.0361225121 -0.200043455 0.6169993
v -0.0316286 -0.200010121 0.6143541
v -0.0343764722 -0.199490815 0.6155619
v -0.03959342 -0.199769408 0.6156745
v -0.0361225121 -0.200043455 0.6169993
v -0.04132254 -0.199718267 0.6130707
v -0.0384218879 -0.199489161 0.6076913
v -0.0411714 -0.200010121 0.608895957
v -0.0384218879 -0.199489161 0.6076913
v -0.0366774574 -0.200043455 0.6062507
v -0.0411714 -0.200010121 0.608895957
v -0.0335519873 -0.204268008 0.6070609
v -0.03790096 -0.204192981 0.6064591
v -0.0366774574 -0.200043455 0.6062507
v -0.03790096 -0.204192981 0.6064591
v -0.0411714 -0.200010121 0.608895957
v -0.0366774574 -0.200043455 0.6062507
v -0.03790096 -0.204192981 0.6064591
v -0.04047314 -0.204801872 0.608653247
v -0.0411714 -0.200010121 0.608895957
v -0.04047314 -0.204801872 0.608653247
v -0.0414296724 -0.204813555 0.6113636
v -0.0411714 -0.200010121 0.608895957
v -0.0414296724 -0.204813555 0.6113636
v -0.04132254 -0.199718267 0.6130707
v -0.0411714 -0.200010121 0.608895957
v -0.0414296724 -0.204813555 0.6113636
v -0.0408536345 -0.204241738 0.6144922
v -0.04132254 -0.199718267 0.6130707
v -0.03858596 -0.204243183 0.616449952
v -0.0361225121 -0.200043455 0.6169993
v -0.03959342 -0.199769408 0.6156745
v -0.03858596 -0.204243183 0.616449952
v -0.03554835 -0.204753771 0.616629243
v -0.0361225121 -0.200043455 0.6169993
v -0.03554835 -0.204753771 0.616629243
v -0.0329006463 -0.204244182 0.6156023
v -0.0361225121 -0.200043455 0.6169993
v -0.0329006463 -0.204244182 0.6156023
v -0.0316286 -0.200010121 0.6143541
v -0.0361225121 -0.200043455 0.6169993
v -0.0329006463 -0.204244182 0.6156023
v -0.0313021131 -0.20424372 0.61306715
v -0.0316286 -0.200010121 0.6143541
v -0.0313021131 -0.20424372 0.61306715
v -0.0313349664 -0.204242513 0.6100698
v -0.0316286 -0.200010121 0.6143541
v -0.0313349664 -0.204242513 0.6100698
v -0.03147746 -0.199718267 0.6101793
v -0.0316286 -0.200010121 0.6143541
v -0.0313349664 -0.204242513 0.6100698
v -0.0335519873 -0.204268008 0.6070609
v -0.03147746 -0.199718267 0.6101793
v -0.0335519873 -0.204268008 0.6070609
v -0.03320658 -0.199769408 0.6075755
v -0.03147746 -0.199718267 0.6101793
v -0.0335519873 -0.204268008 0.6070609
v -0.0366774574 -0.200043455 0.6062507
v -0.03320658 -0.199769408 0.6075755
v -0.03959342 -0.199769408 0.6156745
v -0.0343764722 -0.199490815 0.6155619
v -0.0384218879 -0.199489161 0.6076913
v -0.0343764722 -0.199490815 0.6155619
v -0.03320658 -0.199769408 0.6075755
v -0.0384218879 -0.199489161 0.6076913
v -0.0384218879 -0.199489161 0.6076913
v -0.04132254 -0.199718267 0.6130707
v -0.03959342 -0.199769408 0.6156745
v -0.0343764722 -0.199490815 0.6155619
v -0.03147746 -0.199718267 0.6101793
v -0.03320658 -0.199769408 0.6075755
v -0.03379387 -0.207516029 0.611385047
v -0.03083785 -0.213474885 0.610627353
v -0.0307781547 -0.213468462 0.612389445
v -0.0366399437 -0.207516029 0.6090188
v -0.0373975337 -0.213473171 0.6060649
v -0.0356355533 -0.213468462 0.606003165
v -0.0419953354 -0.213470921 0.612612247
v -0.04198435 -0.213473067 0.610847652
v -0.03900613 -0.207516029 0.6118649
v -0.0354127325 -0.213470921 0.6172203
v -0.0371772945 -0.213471249 0.6172074
v -0.0361600555 -0.207516059 0.6142311
v -0.0372680426 -0.206664145 0.611069858
v -0.0375492238 -0.213503763 0.610520661
v -0.0366399437 -0.207516029 0.6090188
v -0.0374934 -0.213503256 0.6127606
v -0.0361600555 -0.207516059 0.6142311
v -0.0371772945 -0.213471249 0.6172074
v -0.0374934 -0.213503256 0.6127606
v -0.03697817 -0.206660271 0.6124707
v -0.0361600555 -0.207516059 0.6142311
v -0.0375492238 -0.213503763 0.610520661
v -0.03900613 -0.207516029 0.6118649
v -0.04198435 -0.213473067 0.610847652
v -0.0375492238 -0.213503763 0.610520661
v -0.0372680426 -0.206664145 0.611069858
v -0.03900613 -0.207516029 0.6118649
v -0.03083785 -0.213474885 0.610627353
v -0.03379387 -0.207516029 0.611385047
v -0.03530659 -0.213503256 0.6104894
v -0.03530659 -0.213503256 0.6104894
v -0.0366399437 -0.207516029 0.6090188
v -0.0356355533 -0.213468462 0.606003165
v -0.03530659 -0.213503256 0.6104894
v -0.0358218253 -0.206660271 0.6107793
v -0.0366399437 -0.207516029 0.6090188
v -0.0358218253 -0.206660271 0.6107793
v -0.03530659 -0.213503256 0.6104894
v -0.03379387 -0.207516029 0.611385047
v -0.0354127325 -0.213470921 0.6172203
v -0.0361600555 -0.207516059 0.6142311
v -0.0352644362 -0.213503256 0.6127184
v -0.0352644362 -0.213503256 0.6127184
v -0.03379387 -0.207516029 0.611385047
v -0.0307781547 -0.213468462 0.612389445
v -0.0352644362 -0.213503256 0.6127184
v -0.0355542637 -0.206660271 0.6122031
v -0.03379387 -0.207516029 0.611385047
v -0.0355542637 -0.206660271 0.6122031
v -0.0352644362 -0.213503256 0.6127184
v -0.0361600555 -0.207516059 0.6142311
v -0.03697817 -0.206660271 0.6124707
v -0.0374934 -0.213503256 0.6127606
v -0.03900613 -0.207516029 0.6118649
v -0.0419953354 -0.213470921 0.612612247
v -0.03900613 -0.207516029 0.6118649
v -0.0374934 -0.213503256 0.6127606
v -0.0373975337 -0.213473171 0.6060649
v -0.0366399437 -0.207516029 0.6090188
v -0.0375492238 -0.213503763 0.610520661
v -0.03638297 -0.2126376 0.6018684
v -0.04138924 -0.213251084 0.60318625
v -0.0357243158 -0.2078607 0.606526256
v -0.04138924 -0.213251084 0.60318625
v -0.0388279781 -0.207638487 0.6073351
v -0.0357243158 -0.2078607 0.606526256
v -0.04138924 -0.213251084 0.60318625
v -0.0403616354 -0.207707986 0.608748853
v -0.0388279781 -0.207638487 0.6073351
v -0.04138924 -0.213251084 0.60318625
v -0.04484814 -0.212645113 0.606743455
v -0.0403616354 -0.207707986 0.608748853
v -0.04484814 -0.212645113 0.606743455
v -0.04125966 -0.207660913 0.610726058
v -0.0403616354 -0.207707986 0.608748853
v -0.04484814 -0.212645113 0.606743455
v -0.0460708775 -0.21262309 0.6136157
v -0.04125966 -0.207660913 0.610726058
v -0.0460708775 -0.21262309 0.6136157
v -0.04079421 -0.207860932 0.614293158
v -0.04125966 -0.207660913 0.610726058
v -0.0460708775 -0.21262309 0.6136157
v -0.04283117 -0.212620437 0.6188498
v -0.04079421 -0.207860932 0.614293158
v -0.04283117 -0.212620437 0.6188498
v -0.0381701 -0.207714781 0.616228
v -0.04079421 -0.207860932 0.614293158
v -0.0353488848 -0.212620929 0.62124
v -0.03598341 -0.207648039 0.6165442
v -0.0381701 -0.207714781 0.616228
v -0.0353488848 -0.212620929 0.62124
v -0.033185 -0.207772657 0.615505636
v -0.03598341 -0.207648039 0.6165442
v -0.0353488848 -0.212620929 0.62124
v -0.0306643434 -0.212644845 0.6195183
v -0.033185 -0.207772657 0.615505636
v -0.0306643434 -0.212644845 0.6195183
v -0.0275318623 -0.21262002 0.6154881
v -0.033185 -0.207772657 0.615505636
v -0.0275318623 -0.21262002 0.6154881
v -0.03151376 -0.207912564 0.612977743
v -0.033185 -0.207772657 0.615505636
v -0.0275318623 -0.21262002 0.6154881
v -0.0266983267 -0.212643459 0.610583544
v -0.03151376 -0.207912564 0.612977743
v -0.0266983267 -0.212643459 0.610583544
v -0.0316064134 -0.207678586 0.610413969
v -0.03151376 -0.207912564 0.612977743
v -0.0266983267 -0.212643459 0.610583544
v -0.0286428444 -0.212620348 0.6058446
v -0.0316064134 -0.207678586 0.610413969
v -0.0286428444 -0.212620348 0.6058446
v -0.0329060145 -0.207728744 0.608129561
v -0.0316064134 -0.207678586 0.610413969
v -0.0286428444 -0.212620348 0.6058446
v -0.0320957154 -0.21333082 0.6027932
v -0.0329060145 -0.207728744 0.608129561
v -0.0320957154 -0.21333082 0.6027932
v -0.0357243158 -0.2078607 0.606526256
v -0.0329060145 -0.207728744 0.608129561
v -0.0320957154 -0.21333082 0.6027932
v -0.03638297 -0.2126376 0.6018684
v -0.0357243158 -0.2078607 0.606526256
v -0.0358218253 -0.206660271 0.6107793
v -0.0364 -0.20615 0.611624956
v -0.0366399437 -0.207516029 0.6090188
v -0.0366399437 -0.207516029 0.6090188
v -0.0364 -0.20615 0.611624956
v -0.0372680426 -0.206664145 0.611069858
v -0.0364 -0.20615 0.611624956
v -0.03900613 -0.207516029 0.6118649
v -0.0372680426 -0.206664145 0.611069858
v -0.03900613 -0.207516029 0.6118649
v -0.0364 -0.20615 0.611624956
v -0.03697817 -0.206660271 0.6124707
v -0.0364 -0.20615 0.611624956
v -0.0361600555 -0.207516059 0.6142311
v -0.03697817 -0.206660271 0.6124707
v -0.0361600555 -0.207516059 0.6142311
v -0.0364 -0.20615 0.611624956
v -0.0355542637 -0.206660271 0.6122031
v -0.0364 -0.20615 0.611624956
v -0.03379387 -0.207516029 0.611385047
v -0.0355542637 -0.206660271 0.6122031
v -0.03379387 -0.207516029 0.611385047
v -0.0364 -0.20615 0.611624956
v -0.0358218253 -0.206660271 0.6107793
v -0.0376034752 -0.213500008 0.602007866
v -0.0373975337 -0.213473171 0.6060649
v -0.04138924 -0.213251084 0.60318625
v -0.0373975337 -0.213473171 0.6060649
v -0.0375492238 -0.213503763 0.610520661
v -0.04138924 -0.213251084 0.60318625
v -0.04198435 -0.213473067 0.610847652
v -0.0419953354 -0.213470921 0.612612247
v -0.0452123173 -0.213500008 0.6160875
v -0.0374934 -0.213503256 0.6127606
v -0.0371772945 -0.213471249 0.6172074
v -0.03967238 -0.213329881 0.620880544
v -0.0354127325 -0.213470921 0.6172203
v -0.0352644362 -0.213503256 0.6127184
v -0.0328829959 -0.213500008 0.6208555
v -0.0307781547 -0.213468462 0.612389445
v -0.03083785 -0.213474885 0.610627353
v -0.0271870922 -0.213500008 0.6151878
v -0.0352644362 -0.213503256 0.6127184
v -0.0328829959 -0.213500008 0.6208555
v -0.0271870922 -0.213500008 0.6151878
v -0.0371772945 -0.213471249 0.6172074
v -0.03967238 -0.213329881 0.620880544
v -0.0354127325 -0.213470921 0.6172203
v -0.03083785 -0.213474885 0.610627353
v -0.0275876783 -0.213500008 0.6071625
v -0.0320957154 -0.21333082 0.6027932
v -0.03530659 -0.213503256 0.6104894
v -0.0356355533 -0.213468462 0.606003165
v -0.0320957154 -0.21333082 0.6027932
v -0.0320957154 -0.21333082 0.6027932
v -0.0376034752 -0.213500008 0.602007866
v -0.03638297 -0.2126376 0.6018684
v -0.0376034752 -0.213500008 0.602007866
v -0.04138924 -0.213251084 0.60318625
v -0.03638297 -0.2126376 0.6018684
v -0.0320957154 -0.21333082 0.6027932
v -0.0286428444 -0.212620348 0.6058446
v -0.0275876783 -0.213500008 0.6071625
v -0.0286428444 -0.212620348 0.6058446
v -0.0266983267 -0.212643459 0.610583544
v -0.0275876783 -0.213500008 0.6071625
v -0.0266983267 -0.212643459 0.610583544
v -0.0271870922 -0.213500008 0.6151878
v -0.0275876783 -0.213500008 0.6071625
v -0.0266983267 -0.212643459 0.610583544
v -0.0275318623 -0.21262002 0.6154881
v -0.0271870922 -0.213500008 0.6151878
v -0.0275318623 -0.21262002 0.6154881
v -0.0306643434 -0.212644845 0.6195183
v -0.0271870922 -0.213500008 0.6151878
v -0.0306643434 -0.212644845 0.6195183
v -0.0328829959 -0.213500008 0.6208555
v -0.0271870922 -0.213500008 0.6151878
v -0.0306643434 -0.212644845 0.6195183
v -0.0353488848 -0.212620929 0.62124
v -0.0328829959 -0.213500008 0.6208555
v -0.0353488848 -0.212620929 0.62124
v -0.03967238 -0.213329881 0.620880544
v -0.0328829959 -0.213500008 0.6208555
v -0.04283117 -0.212620437 0.6188498
v -0.0452123173 -0.213500008 0.6160875
v -0.03967238 -0.213329881 0.620880544
v -0.04283117 -0.212620437 0.6188498
v -0.0460708775 -0.21262309 0.6136157
v -0.0452123173 -0.213500008 0.6160875
v -0.0460708775 -0.21262309 0.6136157
v -0.04561291 -0.213500008 0.6080622
v -0.0452123173 -0.213500008 0.6160875
v -0.0460708775 -0.21262309 0.6136157
v -0.04484814 -0.212645113 0.606743455
v -0.04561291 -0.213500008 0.6080622
v -0.04484814 -0.212645113 0.606743455
v -0.04138924 -0.213251084 0.60318625
v -0.04561291 -0.213500008 0.6080622
v -0.0388279781 -0.207638487 0.6073351
v -0.0371737443 -0.205534279 0.606992
v -0.0357243158 -0.2078607 0.606526256
v -0.0371737443 -0.205534279 0.606992
v -0.0339846946 -0.205665708 0.607565165
v -0.0357243158 -0.2078607 0.606526256
v -0.04079421 -0.207860932 0.614293158
v -0.0384370945 -0.205375716 0.6160077
v -0.040652696 -0.205552176 0.613561332
v -0.04079421 -0.207860932 0.614293158
v -0.0381701 -0.207714781 0.616228
v -0.0384370945 -0.205375716 0.6160077
v -0.0329060145 -0.207728744 0.608129561
v -0.0357243158 -0.2078607 0.606526256
v -0.0339846946 -0.205665708 0.607565165
v -0.033185 -0.207772657 0.615505636
v -0.03151376 -0.207912564 0.612977743
v -0.03269252 -0.205611661 0.614465952
v -0.03269252 -0.205611661 0.614465952
v -0.03151376 -0.207912564 0.612977743
v -0.0315866433 -0.205381915 0.611229539
v -0.0315866433 -0.205381915 0.611229539
v -0.03151376 -0.207912564 0.612977743
v -0.0316064134 -0.207678586 0.610413969
v -0.0388279781 -0.207638487 0.6073351
v -0.04047314 -0.204801872 0.608653247
v -0.0371737443 -0.205534279 0.606992
v -0.0388279781 -0.207638487 0.6073351
v -0.0403616354 -0.207707986 0.608748853
v -0.04047314 -0.204801872 0.608653247
v -0.0403616354 -0.207707986 0.608748853
v -0.04125966 -0.207660913 0.610726058
v -0.04047314 -0.204801872 0.608653247
v -0.04125966 -0.207660913 0.610726058
v -0.0414296724 -0.204813555 0.6113636
v -0.04047314 -0.204801872 0.608653247
v -0.04125966 -0.207660913 0.610726058
v -0.04079421 -0.207860932 0.614293158
v -0.0414296724 -0.204813555 0.6113636
v -0.04079421 -0.207860932 0.614293158
v -0.040652696 -0.205552176 0.613561332
v -0.0414296724 -0.204813555 0.6113636
v -0.0381701 -0.207714781 0.616228
v -0.03598341 -0.207648039 0.6165442
v -0.0384370945 -0.205375716 0.6160077
v -0.03598341 -0.207648039 0.6165442
v -0.03554835 -0.204753771 0.616629243
v -0.0384370945 -0.205375716 0.6160077
v -0.03598341 -0.207648039 0.6165442
v -0.033185 -0.207772657 0.615505636
v -0.03554835 -0.204753771 0.616629243
v -0.033185 -0.207772657 0.615505636
v -0.03269252 -0.205611661 0.614465952
v -0.03554835 -0.204753771 0.616629243
v -0.0316064134 -0.207678586 0.610413969
v -0.0329060145 -0.207728744 0.608129561
v -0.0315866433 -0.205381915 0.611229539
v -0.0329060145 -0.207728744 0.608129561
v -0.0339846946 -0.205665708 0.607565165
v -0.0315866433 -0.205381915 0.611229539
v -0.0339846946 -0.205665708 0.607565165
v -0.0371737443 -0.205534279 0.606992
v -0.0335519873 -0.204268008 0.6070609
v -0.0371737443 -0.205534279 0.606992
v -0.03790096 -0.204192981 0.6064591
v -0.0335519873 -0.204268008 0.6070609
v -0.0335519873 -0.204268008 0.6070609
v -0.0313349664 -0.204242513 0.6100698
v -0.0339846946 -0.205665708 0.607565165
v -0.0313349664 -0.204242513 0.6100698
v -0.0315866433 -0.205381915 0.611229539
v -0.0339846946 -0.205665708 0.607565165
v -0.0313349664 -0.204242513 0.6100698
v -0.0313021131 -0.20424372 0.61306715
v -0.0315866433 -0.205381915 0.611229539
v -0.0313021131 -0.20424372 0.61306715
v -0.03269252 -0.205611661 0.614465952
v -0.0315866433 -0.205381915 0.611229539
v -0.0313021131 -0.20424372 0.61306715
v -0.0329006463 -0.204244182 0.6156023
v -0.03269252 -0.205611661 0.614465952
v -0.0329006463 -0.204244182 0.6156023
v -0.03554835 -0.204753771 0.616629243
v -0.03269252 -0.205611661 0.614465952
v -0.03554835 -0.204753771 0.616629243
v -0.03858596 -0.204243183 0.616449952
v -0.0384370945 -0.205375716 0.6160077
v -0.03858596 -0.204243183 0.616449952
v -0.0408536345 -0.204241738 0.6144922
v -0.0384370945 -0.205375716 0.6160077
v -0.0408536345 -0.204241738 0.6144922
v -0.040652696 -0.205552176 0.613561332
v -0.0384370945 -0.205375716 0.6160077
v -0.0408536345 -0.204241738 0.6144922
v -0.0414296724 -0.204813555 0.6113636
v -0.040652696 -0.205552176 0.613561332
v -0.03790096 -0.204192981 0.6064591
v -0.0371737443 -0.205534279 0.606992
v -0.04047314 -0.204801872 0.608653247
v -0.00593143469 -0.199476227 0.333910644
v -0.005552207 -0.200032443 0.330532283
v -0.00677428627 -0.200043455 0.334098637
v -0.00593143469 -0.199476227 0.333910644
v -0.00284576323 -0.199718267 0.3288986
v -0.005552207 -0.200032443 0.330532283
v -0.00284576323 -0.199718267 0.3288986
v 0.00227565365 -0.199729159 0.3302594
v -0.000115273739 -0.2000306 0.328681976
v 0.00227565365 -0.199729159 0.3302594
v 0.002613771 -0.199490815 0.3356875
v 0.00397428265 -0.200043455 0.3335436
v 0.002613771 -0.199490815 0.3356875
v 0.00183096726 -0.200012922 0.3382681
v 0.00397428265 -0.200043455 0.3335436
v 0.002613771 -0.199490815 0.3356875
v -0.0023772032 -0.199718982 0.3388496
v 0.00183096726 -0.200012922 0.3382681
v -0.0023772032 -0.199718982 0.3388496
v -0.00593143469 -0.199476227 0.333910644
v -0.0052663167 -0.200029925 0.337442636
v -0.00593143469 -0.199476227 0.333910644
v -0.00677428627 -0.200043455 0.334098637
v -0.0052663167 -0.200029925 0.337442636
v -0.00596406264 -0.204268023 0.330973119
v -0.00656591 -0.204193026 0.335322142
v -0.00677428627 -0.200043455 0.334098637
v -0.00656591 -0.204193026 0.335322142
v -0.0052663167 -0.200029925 0.337442636
v -0.00677428627 -0.200043455 0.334098637
v -0.00656591 -0.204193026 0.335322142
v -0.004371697 -0.204801872 0.3378943
v -0.0052663167 -0.200029925 0.337442636
v -0.004371697 -0.204801872 0.3378943
v -0.0023772032 -0.199718982 0.3388496
v -0.0052663167 -0.200029925 0.337442636
v -0.004371697 -0.204801872 0.3378943
v -0.00166142522 -0.204813555 0.3388508
v -0.0023772032 -0.199718982 0.3388496
v -0.00166142522 -0.204813555 0.3388508
v 0.00183096726 -0.200012922 0.3382681
v -0.0023772032 -0.199718982 0.3388496
v -0.00166142522 -0.204813555 0.3388508
v 0.00146714575 -0.204241753 0.338274777
v 0.00183096726 -0.200012922 0.3382681
v 0.00146714575 -0.204241753 0.338274777
v 0.00342491013 -0.204243109 0.336007029
v 0.00183096726 -0.200012922 0.3382681
v 0.00342491013 -0.204243109 0.336007029
v 0.00397428265 -0.200043455 0.3335436
v 0.00183096726 -0.200012922 0.3382681
v 0.00342491013 -0.204243109 0.336007029
v 0.0036042158 -0.204753786 0.332969457
v 0.00397428265 -0.200043455 0.3335436
v 0.0036042158 -0.204753786 0.332969457
v 0.00257728924 -0.204244182 0.330321759
v 0.00397428265 -0.200043455 0.3335436
v 0.00257728924 -0.204244182 0.330321759
v 0.00227565365 -0.199729159 0.3302594
v 0.00397428265 -0.200043455 0.3335436
v 4.21819823E-05 -0.2042437 0.328723252
v -0.002955245 -0.204242513 0.3287561
v -0.000115273739 -0.2000306 0.328681976
v -0.002955245 -0.204242513 0.3287561
v -0.00284576323 -0.199718267 0.3288986
v -0.000115273739 -0.2000306 0.328681976
v -0.002955245 -0.204242513 0.3287561
v -0.00596406264 -0.204268023 0.330973119
v -0.00284576323 -0.199718267 0.3288986
v -0.00596406264 -0.204268023 0.330973119
v -0.005552207 -0.200032443 0.330532283
v -0.00284576323 -0.199718267 0.3288986
v -0.00596406264 -0.204268023 0.330973119
v -0.00677428627 -0.200043455 0.334098637
v -0.005552207 -0.200032443 0.330532283
v -0.00593143469 -0.199476227 0.333910644
v -0.0023772032 -0.199718982 0.3388496
v 0.002613771 -0.199490815 0.3356875
v 0.002613771 -0.199490815 0.3356875
v 0.00227565365 -0.199729159 0.3302594
v -0.00593143469 -0.199476227 0.333910644
v 0.00227565365 -0.199729159 0.3302594
v -0.00284576323 -0.199718267 0.3288986
v -0.00593143469 -0.199476227 0.333910644
v -0.00163994823 -0.207516029 0.331215
v -0.00239765039 -0.213474885 0.328258961
v -0.000635557459 -0.213468462 0.328199238
v -0.004006134 -0.207516029 0.334061056
v -0.00696013728 -0.213473171 0.334818631
v -0.007021846 -0.213468462 0.333056659
v -0.0011600526 -0.207516029 0.336427242
v -0.000402350561 -0.213474885 0.339383245
v -0.00216444349 -0.213468432 0.339442939
v 0.00120613817 -0.207516059 0.333581179
v 0.00416013645 -0.213473171 0.332823545
v 0.004221845 -0.213468462 0.334585577
v -0.0019550866 -0.20666413 0.33468914
v -0.00250434713 -0.213503763 0.334970325
v -0.004006134 -0.207516029 0.334061056
v -0.000264436967 -0.213503256 0.334914535
v 0.00120613817 -0.207516059 0.333581179
v 0.004221845 -0.213468462 0.334585577
v -0.000264436967 -0.213503256 0.334914535
v -0.00055427273 -0.206660271 0.334399283
v 0.00120613817 -0.207516059 0.333581179
v -0.00250434713 -0.213503763 0.334970325
v -0.0011600526 -0.207516029 0.336427242
v -0.00216444349 -0.213468432 0.339442939
v -0.00250434713 -0.213503763 0.334970325
v -0.0019550866 -0.20666413 0.33468914
v -0.0011600526 -0.207516029 0.336427242
v -0.00239765039 -0.213474885 0.328258961
v -0.00163994823 -0.207516029 0.331215
v -0.002535564 -0.213503256 0.332727671
v -0.002535564 -0.213503256 0.332727671
v -0.004006134 -0.207516029 0.334061056
v -0.007021846 -0.213468462 0.333056659
v -0.002535564 -0.213503256 0.332727671
v -0.00224571256 -0.206660271 0.333242983
v -0.004006134 -0.207516029 0.334061056
v -0.00224571256 -0.206660271 0.333242983
v -0.002535564 -0.213503256 0.332727671
v -0.00163994823 -0.207516029 0.331215
v 0.00416013645 -0.213473171 0.332823545
v 0.00120613817 -0.207516059 0.333581179
v -0.000312444783 -0.213503242 0.332681775
v -0.000312444783 -0.213503242 0.332681775
v -0.00163994823 -0.207516029 0.331215
v -0.000635557459 -0.213468462 0.328199238
v -0.000312444783 -0.213503242 0.332681775
v -0.0008349868 -0.206673458 0.332937747
v -0.00163994823 -0.207516029 0.331215
v -0.0008349868 -0.206673458 0.332937747
v -0.000312444783 -0.213503242 0.332681775
v 0.00120613817 -0.207516059 0.333581179
v -0.00055427273 -0.206660271 0.334399283
v -0.000264436967 -0.213503256 0.334914535
v -0.0011600526 -0.207516029 0.336427242
v -0.000402350561 -0.213474885 0.339383245
v -0.0011600526 -0.207516029 0.336427242
v -0.000264436967 -0.213503256 0.334914535
v -0.00696013728 -0.213473171 0.334818631
v -0.004006134 -0.207516029 0.334061056
v -0.00250434713 -0.213503763 0.334970325
v -0.0111565944 -0.2126376 0.333804131
v -0.009759793 -0.212621242 0.338685721
v -0.00649878243 -0.207860708 0.333145559
v -0.009759793 -0.212621242 0.338685721
v -0.005689894 -0.207638428 0.336249083
v -0.00649878243 -0.207860708 0.333145559
v -0.009759793 -0.212621242 0.338685721
v -0.00427612755 -0.207707956 0.33778277
v -0.005689894 -0.207638428 0.336249083
v -0.009759793 -0.212621242 0.338685721
v -0.00628153747 -0.212645113 0.342269242
v -0.00427612755 -0.207707956 0.33778277
v -0.00628153747 -0.212645113 0.342269242
v -0.00229893043 -0.2076609 0.338680774
v -0.00427612755 -0.207707956 0.33778277
v -0.00628153747 -0.212645113 0.342269242
v -0.00132978277 -0.2126201 0.34349373
v -0.00229893043 -0.2076609 0.338680774
v -0.00132978277 -0.2126201 0.34349373
v 0.00126827182 -0.207860932 0.3382153
v -0.00229893043 -0.2076609 0.338680774
v -0.00132978277 -0.2126201 0.34349373
v 0.00236382 -0.213311747 0.342884749
v 0.00126827182 -0.207860932 0.3382153
v 0.00236382 -0.213311747 0.342884749
v 0.005989005 -0.213250786 0.3402635
v 0.00126827182 -0.207860932 0.3382153
v 0.005989005 -0.213250786 0.3402635
v 0.003202979 -0.207714781 0.335591257
v 0.00126827182 -0.207860932 0.3382153
v 0.005989005 -0.213250786 0.3402635
v 0.0079486575 -0.21321176 0.336674631
v 0.003202979 -0.207714781 0.335591257
v 0.0079486575 -0.21321176 0.336674631
v 0.008215016 -0.212620929 0.332770079
v 0.003202979 -0.207714781 0.335591257
v 0.008215016 -0.212620929 0.332770079
v 0.003519184 -0.207648039 0.33340472
v 0.003202979 -0.207714781 0.335591257
v 0.008215016 -0.212620929 0.332770079
v 0.002480726 -0.207772627 0.330606222
v 0.003519184 -0.207648039 0.33340472
v 0.008215016 -0.212620929 0.332770079
v 0.006493345 -0.212644845 0.3280855
v 0.002480726 -0.207772627 0.330606222
v 0.006493345 -0.212644845 0.3280855
v 0.002780312 -0.213254839 0.324930042
v 0.002480726 -0.207772627 0.330606222
v 0.002780312 -0.213254839 0.324930042
v -4.728831E-05 -0.207912564 0.328934878
v 0.002480726 -0.207772627 0.330606222
v 0.002780312 -0.213254839 0.324930042
v -0.00244160043 -0.212643459 0.324119449
v -4.728831E-05 -0.207912564 0.328934878
v -0.00244160043 -0.212643459 0.324119449
v -0.002610929 -0.207678571 0.3290275
v -4.728831E-05 -0.207912564 0.328934878
v -0.00244160043 -0.212643459 0.324119449
v -0.00718048029 -0.212620348 0.32606405
v -0.002610929 -0.207678571 0.3290275
v -0.00718048029 -0.212620348 0.32606405
v -0.004895413 -0.207728714 0.330327123
v -0.002610929 -0.207678571 0.3290275
v -0.00718048029 -0.212620348 0.32606405
v -0.009755736 -0.213286147 0.328668833
v -0.004895413 -0.207728714 0.330327123
v -0.009755736 -0.213286147 0.328668833
v -0.00649878243 -0.207860708 0.333145559
v -0.004895413 -0.207728714 0.330327123
v -0.009755736 -0.213286147 0.328668833
v -0.0111565944 -0.2126376 0.333804131
v -0.00649878243 -0.207860708 0.333145559
v -0.00224571256 -0.206660271 0.333242983
v -0.00140000042 -0.20615 0.333821118
v -0.004006134 -0.207516029 0.334061056
v -0.004006134 -0.207516029 0.334061056
v -0.00140000042 -0.20615 0.333821118
v -0.0019550866 -0.20666413 0.33468914
v -0.00140000042 -0.20615 0.333821118
v -0.0011600526 -0.207516029 0.336427242
v -0.0019550866 -0.20666413 0.33468914
v -0.0011600526 -0.207516029 0.336427242
v -0.00140000042 -0.20615 0.333821118
v -0.00055427273 -0.206660271 0.334399283
v -0.00140000042 -0.20615 0.333821118
v 0.00120613817 -0.207516059 0.333581179
v -0.00055427273 -0.206660271 0.334399283
v 0.00120613817 -0.207516059 0.333581179
v -0.00140000042 -0.20615 0.333821118
v -0.0008349868 -0.206673458 0.332937747
v -0.00140000042 -0.20615 0.333821118
v -0.00163994823 -0.207516029 0.331215
v -0.0008349868 -0.206673458 0.332937747
v -0.00163994823 -0.207516029 0.331215
v -0.00140000042 -0.20615 0.333821118
v -0.00224571256 -0.206660271 0.333242983
v -0.009894946 -0.213500008 0.338952065
v -0.0109532978 -0.213500008 0.331987023
v -0.00696013728 -0.213473171 0.334818631
v -0.00250434713 -0.213503763 0.334970325
v -0.00216444349 -0.213468432 0.339442939
v -0.003982122 -0.213500008 0.343230933
v -0.009894946 -0.213500008 0.338952065
v -0.000402350561 -0.213474885 0.339383245
v -0.00696013728 -0.213473171 0.334818631
v -0.00250434713 -0.213503763 0.334970325
v -0.009894946 -0.213500008 0.338952065
v -0.000402350561 -0.213474885 0.339383245
v 0.00236382 -0.213311747 0.342884749
v -0.003982122 -0.213500008 0.343230933
v -0.000264436967 -0.213503256 0.334914535
v 0.005989005 -0.213250786 0.3402635
v 0.004221845 -0.213468462 0.334585577
v 0.00416013645 -0.213473171 0.332823545
v 0.007830504 -0.213500008 0.330304146
v 0.004221845 -0.213468462 0.334585577
v 0.0079486575 -0.21321176 0.336674631
v 0.00236382 -0.213311747 0.342884749
v -0.000402350561 -0.213474885 0.339383245
v 0.005989005 -0.213250786 0.3402635
v 0.004221845 -0.213468462 0.334585577
v 0.007830504 -0.213500008 0.330304146
v 0.0079486575 -0.21321176 0.336674631
v 0.00416013645 -0.213473171 0.332823545
v -0.000312444783 -0.213503242 0.332681775
v 0.007830504 -0.213500008 0.330304146
v -0.000312444783 -0.213503242 0.332681775
v -0.000635557459 -0.213468462 0.328199238
v 0.007830504 -0.213500008 0.330304146
v -0.000635557459 -0.213468462 0.328199238
v 0.002780312 -0.213254839 0.324930042
v 0.007830504 -0.213500008 0.330304146
v -0.00393287558 -0.213500008 0.3242736
v -0.00239765039 -0.213474885 0.328258961
v -0.009755736 -0.213286147 0.328668833
v -0.00239765039 -0.213474885 0.328258961
v -0.002535564 -0.213503256 0.332727671
v -0.009755736 -0.213286147 0.328668833
v -0.000635557459 -0.213468462 0.328199238
v -0.00393287558 -0.213500008 0.3242736
v 0.002780312 -0.213254839 0.324930042
v -0.00696013728 -0.213473171 0.334818631
v -0.0109532978 -0.213500008 0.331987023
v -0.007021846 -0.213468462 0.333056659
v -0.0109532978 -0.213500008 0.331987023
v -0.009894946 -0.213500008 0.338952065
v -0.0111565944 -0.2126376 0.333804131
v -0.009894946 -0.213500008 0.338952065
v -0.009759793 -0.212621242 0.338685721
v -0.0111565944 -0.2126376 0.333804131
v -0.0111565944 -0.2126376 0.333804131
v -0.009755736 -0.213286147 0.328668833
v -0.0109532978 -0.213500008 0.331987023
v -0.00718048029 -0.212620348 0.32606405
v -0.00393287558 -0.213500008 0.3242736
v -0.009755736 -0.213286147 0.328668833
v -0.00718048029 -0.212620348 0.32606405
v -0.00244160043 -0.212643459 0.324119449
v -0.00393287558 -0.213500008 0.3242736
v -0.00244160043 -0.212643459 0.324119449
v 0.002780312 -0.213254839 0.324930042
v -0.00393287558 -0.213500008 0.3242736
v 0.006493345 -0.212644845 0.3280855
v 0.007830504 -0.213500008 0.330304146
v 0.002780312 -0.213254839 0.324930042
v 0.006493345 -0.212644845 0.3280855
v 0.008215016 -0.212620929 0.332770079
v 0.007830504 -0.213500008 0.330304146
v 0.008215016 -0.212620929 0.332770079
v 0.0079486575 -0.21321176 0.336674631
v 0.007830504 -0.213500008 0.330304146
v -0.00132978277 -0.2126201 0.34349373
v -0.003982122 -0.213500008 0.343230933
v 0.00236382 -0.213311747 0.342884749
v -0.00132978277 -0.2126201 0.34349373
v -0.00628153747 -0.212645113 0.342269242
v -0.003982122 -0.213500008 0.343230933
v -0.00628153747 -0.212645113 0.342269242
v -0.009894946 -0.213500008 0.338952065
v -0.003982122 -0.213500008 0.343230933
v -0.00628153747 -0.212645113 0.342269242
v -0.009759793 -0.212621242 0.338685721
v -0.009894946 -0.213500008 0.338952065
v -0.005689894 -0.207638428 0.336249083
v -0.00603301264 -0.205534339 0.334594846
v -0.00649878243 -0.207860708 0.333145559
v -0.00603301264 -0.205534339 0.334594846
v -0.00545985 -0.205665663 0.331405759
v -0.00649878243 -0.207860708 0.333145559
v 0.00126827182 -0.207860932 0.3382153
v 0.00298276357 -0.205375671 0.335858077
v 0.0005363626 -0.2055522 0.33807382
v 0.00126827182 -0.207860932 0.3382153
v 0.003202979 -0.207714781 0.335591257
v 0.00298276357 -0.205375671 0.335858077
v -0.004895413 -0.207728714 0.330327123
v -0.00649878243 -0.207860708 0.333145559
v -0.00545985 -0.205665663 0.331405759
v 0.002480726 -0.207772627 0.330606222
v -4.728831E-05 -0.207912564 0.328934878
v 0.00144100876 -0.205611631 0.330113649
v 0.00144100876 -0.205611631 0.330113649
v -4.728831E-05 -0.207912564 0.328934878
v -0.00179548212 -0.205381885 0.329007745
v -0.00179548212 -0.205381885 0.329007745
v -4.728831E-05 -0.207912564 0.328934878
v -0.002610929 -0.207678571 0.3290275
v -0.005689894 -0.207638428 0.336249083
v -0.004371697 -0.204801872 0.3378943
v -0.00603301264 -0.205534339 0.334594846
v -0.005689894 -0.207638428 0.336249083
v -0.00427612755 -0.207707956 0.33778277
v -0.004371697 -0.204801872 0.3378943
v -0.00427612755 -0.207707956 0.33778277
v -0.00229893043 -0.2076609 0.338680774
v -0.004371697 -0.204801872 0.3378943
v -0.00229893043 -0.2076609 0.338680774
v -0.00166142522 -0.204813555 0.3388508
v -0.004371697 -0.204801872 0.3378943
v -0.00229893043 -0.2076609 0.338680774
v 0.00126827182 -0.207860932 0.3382153
v -0.00166142522 -0.204813555 0.3388508
v 0.00126827182 -0.207860932 0.3382153
v 0.0005363626 -0.2055522 0.33807382
v -0.00166142522 -0.204813555 0.3388508
v 0.003202979 -0.207714781 0.335591257
v 0.003519184 -0.207648039 0.33340472
v 0.00298276357 -0.205375671 0.335858077
v 0.003519184 -0.207648039 0.33340472
v 0.0036042158 -0.204753786 0.332969457
v 0.00298276357 -0.205375671 0.335858077
v 0.003519184 -0.207648039 0.33340472
v 0.002480726 -0.207772627 0.330606222
v 0.0036042158 -0.204753786 0.332969457
v 0.002480726 -0.207772627 0.330606222
v 0.00144100876 -0.205611631 0.330113649
v 0.0036042158 -0.204753786 0.332969457
v -0.002610929 -0.207678571 0.3290275
v -0.004895413 -0.207728714 0.330327123
v -0.00179548212 -0.205381885 0.329007745
v -0.004895413 -0.207728714 0.330327123
v -0.00545985 -0.205665663 0.331405759
v -0.00179548212 -0.205381885 0.329007745
v -0.00545985 -0.205665663 0.331405759
v -0.00603301264 -0.205534339 0.334594846
v -0.00596406264 -0.204268023 0.330973119
v -0.00603301264 -0.205534339 0.334594846
v -0.00656591 -0.204193026 0.335322142
v -0.00596406264 -0.204268023 0.330973119
v -0.00596406264 -0.204268023 0.330973119
v -0.002955245 -0.204242513 0.3287561
v -0.00545985 -0.205665663 0.331405759
v -0.002955245 -0.204242513 0.3287561
v -0.00179548212 -0.205381885 0.329007745
v -0.00545985 -0.205665663 0.331405759
v -0.002955245 -0.204242513 0.3287561
v 4.21819823E-05 -0.2042437 0.328723252
v -0.00179548212 -0.205381885 0.329007745
v 4.21819823E-05 -0.2042437 0.328723252
v 0.00144100876 -0.205611631 0.330113649
v -0.00179548212 -0.205381885 0.329007745
v 4.21819823E-05 -0.2042437 0.328723252
v 0.00257728924 -0.204244182 0.330321759
v 0.00144100876 -0.205611631 0.330113649
v 0.00257728924 -0.204244182 0.330321759
v 0.0036042158 -0.204753786 0.332969457
v 0.00144100876 -0.205611631 0.330113649
v 0.0036042158 -0.204753786 0.332969457
v 0.00342491013 -0.204243109 0.336007029
v 0.00298276357 -0.205375671 0.335858077
v 0.00342491013 -0.204243109 0.336007029
v 0.00146714575 -0.204241753 0.338274777
v 0.00298276357 -0.205375671 0.335858077
v 0.00146714575 -0.204241753 0.338274777
v 0.0005363626 -0.2055522 0.33807382
v 0.00298276357 -0.205375671 0.335858077
v 0.00146714575 -0.204241753 0.338274777
v -0.00166142522 -0.204813555 0.3388508
v 0.0005363626 -0.2055522 0.33807382
v -0.00656591 -0.204193026 0.335322142
v -0.00603301264 -0.205534339 0.334594846
v -0.004371697 -0.204801872 0.3378943
v -0.0408536345 -0.204241738 0.6144922
v -0.03959342 -0.199769408 0.6156745
v -0.04132254 -0.199718267 0.6130707
v -0.03858596 -0.204243183 0.616449952
v -0.04283117 -0.212620437 0.6188498
v -0.03967238 -0.213329881 0.620880544
v -0.0381701 -0.207714781 0.616228
v -0.0353488848 -0.212620929 0.62124
v -0.0375492238 -0.213503763 0.610520661
v -0.04198435 -0.213473067 0.610847652
v -0.04138924 -0.213251084 0.60318625
v -0.04561291 -0.213500008 0.6080622
v -0.0452123173 -0.213500008 0.6160875
v -0.0419953354 -0.213470921 0.612612247
v -0.03967238 -0.213329881 0.620880544
v -0.0374934 -0.213503256 0.6127606
v -0.0356355533 -0.213468462 0.606003165
v -0.0376034752 -0.213500008 0.602007866
v -0.0320957154 -0.21333082 0.6027932
v -0.0373975337 -0.213473171 0.6060649
v 0.00257728924 -0.204244182 0.330321759
v 4.21819823E-05 -0.2042437 0.328723252
v 0.00227565365 -0.199729159 0.3302594
v -0.000115273739 -0.2000306 0.328681976
v -0.002535564 -0.213503256 0.332727671
v -0.007021846 -0.213468462 0.333056659
v -0.009755736 -0.213286147 0.328668833
v -0.0109532978 -0.213500008 0.331987023
v -0.0390208922 -0.19425 0.5758477
v -0.0390335359 -0.2065 0.5761092
v -0.04011525 -0.19425 0.57617
v -0.0390335359 -0.2065 0.5761092
v -0.04009541 -0.2065 0.576167166
v -0.04011525 -0.19425 0.57617
v -0.03270459 -0.19425 0.576167166
v -0.03268475 -0.2065 0.57617
v -0.0337664634 -0.19425 0.5761092
v -0.03268475 -0.2065 0.57617
v -0.033779107 -0.2065 0.5758477
v -0.0337664634 -0.19425 0.5761092
v -0.0339066647 -0.205624983 0.6311168
v -0.0339066647 -0.2065 0.6288832
v -0.0351022519 -0.206375 0.632458448
v -0.0339066647 -0.205624983 0.6311168
v -0.0343891345 -0.205624983 0.6283127
v -0.0339066647 -0.2065 0.6288832
v -0.0343891345 -0.205624983 0.6283127
v -0.03594416 -0.20628123 0.627414942
v -0.0339066647 -0.2065 0.6288832
v -0.0391249359 -0.205624983 0.6298033
v -0.03912494 -0.2065 0.630196631
v -0.03771249 -0.2060625 0.6277266
v -0.0391249359 -0.205624983 0.6298033
v -0.03771247 -0.20615 0.6322734
v -0.03912494 -0.2065 0.630196631
v -0.0343891345 -0.205624983 0.6283127
v -0.0339066647 -0.205624983 0.6311168
v -0.0391249359 -0.205624983 0.6298033
v -0.0339066647 -0.205624983 0.6311168
v -0.03771247 -0.20615 0.6322734
v -0.0391249359 -0.205624983 0.6298033
v -0.0339066647 -0.205624983 0.6311168
v -0.0351022519 -0.206375 0.632458448
v -0.03771247 -0.20615 0.6322734
v -0.03594416 -0.20628123 0.627414942
v -0.0343891345 -0.205624983 0.6283127
v -0.03771249 -0.2060625 0.6277266
v -0.0343891345 -0.205624983 0.6283127
v -0.0391249359 -0.205624983 0.6298033
v -0.03771249 -0.2060625 0.6277266
v -0.017993452 -0.205624983 0.6035543
v -0.017993452 -0.2065 0.6013207
v -0.0191890337 -0.206375 0.604895949
v -0.017993452 -0.205624983 0.6035543
v -0.0184759162 -0.205624983 0.6007502
v -0.017993452 -0.2065 0.6013207
v -0.0184759162 -0.205624983 0.6007502
v -0.02003094 -0.20628123 0.599852443
v -0.017993452 -0.2065 0.6013207
v -0.0232117213 -0.205624983 0.6022408
v -0.0232117251 -0.2065 0.602634132
v -0.0217992738 -0.206208318 0.6001641
v -0.0232117213 -0.205624983 0.6022408
v -0.0217992552 -0.20615 0.6047108
v -0.0232117251 -0.2065 0.602634132
v -0.0184759162 -0.205624983 0.6007502
v -0.017993452 -0.205624983 0.6035543
v -0.0232117213 -0.205624983 0.6022408
v -0.017993452 -0.205624983 0.6035543
v -0.0217992552 -0.20615 0.6047108
v -0.0232117213 -0.205624983 0.6022408
v -0.017993452 -0.205624983 0.6035543
v -0.0191890337 -0.206375 0.604895949
v -0.0217992552 -0.20615 0.6047108
v -0.02003094 -0.20628123 0.599852443
v -0.0184759162 -0.205624983 0.6007502
v -0.0217992738 -0.206208318 0.6001641
v -0.0184759162 -0.205624983 0.6007502
v -0.0232117213 -0.205624983 0.6022408
v -0.0217992738 -0.206208318 0.6001641
v -0.04981988 -0.205624983 0.6035543
v -0.04981988 -0.2065 0.6013207
v -0.05101547 -0.206354141 0.604895949
v -0.04981988 -0.205624983 0.6035543
v -0.05030235 -0.205624983 0.6007502
v -0.04981988 -0.2065 0.6013207
v -0.05030235 -0.205624983 0.6007502
v -0.0518573746 -0.206208318 0.599852443
v -0.04981988 -0.2065 0.6013207
v -0.0550381541 -0.205624983 0.6022408
v -0.05503816 -0.2065 0.602634132
v -0.0536257029 -0.206208318 0.6001641
v -0.0550381541 -0.205624983 0.6022408
v -0.0536256842 -0.20615 0.6047108
v -0.05503816 -0.2065 0.602634132
v -0.05030235 -0.205624983 0.6007502
v -0.04981988 -0.205624983 0.6035543
v -0.0550381541 -0.205624983 0.6022408
v -0.04981988 -0.205624983 0.6035543
v -0.0536256842 -0.20615 0.6047108
v -0.0550381541 -0.205624983 0.6022408
v -0.04981988 -0.205624983 0.6035543
v -0.05101547 -0.206354141 0.604895949
v -0.0536256842 -0.20615 0.6047108
v -0.0518573746 -0.206208318 0.599852443
v -0.05030235 -0.205624983 0.6007502
v -0.0536257029 -0.206208318 0.6001641
v -0.05030235 -0.205624983 0.6007502
v -0.0550381541 -0.205624983 0.6022408
v -0.0536257029 -0.206208318 0.6001641
v -0.0371773019 -0.19425 0.336442
v -0.0369158164 -0.2065 0.33645466
v -0.0368549526 -0.19425 0.337536335
v -0.0369158164 -0.2065 0.33645466
v -0.0368578024 -0.2065 0.337516516
v -0.0368549526 -0.19425 0.337536335
v -0.0368578024 -0.19425 0.330125719
v -0.0368549526 -0.2065 0.3301059
v -0.0369158126 -0.19425 0.331187576
v -0.0368549526 -0.2065 0.3301059
v -0.0371773019 -0.2065 0.331200242
v -0.0369158126 -0.19425 0.331187576
v 0.01809184 -0.205624983 0.331327766
v 0.01585817 -0.2065 0.331327766
v 0.0194334872 -0.206375 0.332523346
v 0.01809184 -0.205624983 0.331327766
v 0.0152876833 -0.205624983 0.331810236
v 0.01585817 -0.2065 0.331327766
v 0.0152876833 -0.205624983 0.331810236
v 0.0143898772 -0.20628123 0.333365262
v 0.01585817 -0.2065 0.331327766
v 0.0167783238 -0.205624983 0.336546063
v 0.01717167 -0.2065 0.336546063
v 0.01470168 -0.2060625 0.3351336
v 0.0167783238 -0.205624983 0.336546063
v 0.0192483142 -0.20615 0.3351336
v 0.01717167 -0.2065 0.336546063
v 0.0152876833 -0.205624983 0.331810236
v 0.01809184 -0.205624983 0.331327766
v 0.0167783238 -0.205624983 0.336546063
v 0.01809184 -0.205624983 0.331327766
v 0.0192483142 -0.20615 0.3351336
v 0.0167783238 -0.205624983 0.336546063
v 0.01809184 -0.205624983 0.331327766
v 0.0194334872 -0.206375 0.332523346
v 0.0192483142 -0.20615 0.3351336
v 0.0143898772 -0.20628123 0.333365262
v 0.0152876833 -0.205624983 0.331810236
v 0.01470168 -0.2060625 0.3351336
v 0.0152876833 -0.205624983 0.331810236
v 0.0167783238 -0.205624983 0.336546063
v 0.01470168 -0.2060625 0.3351336
v -0.0113346744 -0.205624983 0.31528002
v -0.0117043108 -0.2065 0.315414548
v -0.008900156 -0.2060625 0.315897048
v -0.0113346744 -0.205624983 0.31528002
v -0.0131726209 -0.20628123 0.317452073
v -0.0117043108 -0.2065 0.315414548
v -0.0124897147 -0.205624983 0.319868952
v -0.0121883862 -0.2065 0.320121765
v -0.0131726209 -0.20628123 0.317452073
v -0.0124897147 -0.205624983 0.319868952
v -0.008986615 -0.205624983 0.320121765
v -0.0121883862 -0.2065 0.320121765
v -0.008986615 -0.205624983 0.320121765
v -0.008685289 -0.2065 0.319868952
v -0.0121883862 -0.2065 0.320121765
v -0.008986615 -0.205624983 0.320121765
v -0.008002379 -0.20628123 0.317452073
v -0.008685289 -0.2065 0.319868952
v -0.0113346744 -0.205624983 0.31528002
v -0.008986615 -0.205624983 0.320121765
v -0.0124897147 -0.205624983 0.319868952
v -0.0113346744 -0.205624983 0.31528002
v -0.008900156 -0.2060625 0.315897048
v -0.008986615 -0.205624983 0.320121765
v -0.008900156 -0.2060625 0.315897048
v -0.008002379 -0.20628123 0.317452073
v -0.008986615 -0.205624983 0.320121765
v -0.0131726209 -0.20628123 0.317452073
v -0.0113346744 -0.205624983 0.31528002
v -0.0124897147 -0.205624983 0.319868952
v -0.009470703 -0.205624983 0.347240984
v -0.0117042977 -0.2065 0.347240984
v -0.008129014 -0.206354141 0.3484366
v -0.009470703 -0.205624983 0.347240984
v -0.0122748185 -0.205624983 0.347723484
v -0.0117042977 -0.2065 0.347240984
v -0.0122748185 -0.205624983 0.347723484
v -0.0131726209 -0.206208318 0.349278539
v -0.0117042977 -0.2065 0.347240984
v -0.0107841725 -0.205624983 0.352459282
v -0.0103908293 -0.2065 0.352459282
v -0.0128608169 -0.206208318 0.35104683
v -0.0107841725 -0.205624983 0.352459282
v -0.008314185 -0.20615 0.35104683
v -0.0103908293 -0.2065 0.352459282
v -0.0122748185 -0.205624983 0.347723484
v -0.009470703 -0.205624983 0.347240984
v -0.0107841725 -0.205624983 0.352459282
v -0.009470703 -0.205624983 0.347240984
v -0.008314185 -0.20615 0.35104683
v -0.0107841725 -0.205624983 0.352459282
v -0.009470703 -0.205624983 0.347240984
v -0.008129014 -0.206354141 0.3484366
v -0.008314185 -0.20615 0.35104683
v -0.0131726209 -0.206208318 0.349278539
v -0.0122748185 -0.205624983 0.347723484
v -0.0128608169 -0.206208318 0.35104683
v -0.0122748185 -0.205624983 0.347723484
v -0.0107841725 -0.205624983 0.352459282
v -0.0128608169 -0.206208318 0.35104683
v -0.03694244 -0.19425 0.6472284
v -0.03695964 -0.2065 0.647226632
v -0.03584036 -0.19425 0.647226632
v -0.03585756 -0.2065 0.6472284
v 0.0342033729 -0.19425 0.33436352
v 0.0342016369 -0.2065 0.334380716
v 0.0342016369 -0.19425 0.3332615
v 0.0342033729 -0.2065 0.3332787
v -0.0390208922 -0.19425 0.5758477
v -0.033779107 -0.2065 0.5758477
v -0.0390335359 -0.2065 0.5761092
v -0.0390208922 -0.19425 0.5758477
v -0.0337664634 -0.19425 0.5761092
v -0.033779107 -0.2065 0.5758477
v -0.033779107 -0.2065 0.5758477
v -0.0346489847 -0.206330359 0.5802592
v -0.0372200757 -0.206299216 0.579936445
v -0.0393825844 -0.20625405 0.5813416
v -0.04009541 -0.2065 0.576167166
v -0.0393825844 -0.20625405 0.5813416
v -0.05298737 -0.2065 0.579815
v -0.04009541 -0.2065 0.576167166
v -0.0390335359 -0.2065 0.5761092
v -0.0372200757 -0.206299216 0.579936445
v -0.033779107 -0.2065 0.5758477
v -0.0346489847 -0.206330359 0.5802592
v -0.03268475 -0.2065 0.57617
v -0.05298737 -0.2065 0.579815
v -0.0533732 -0.2065 0.5905604
v -0.0569547527 -0.2065 0.5888233
v -0.040726237 -0.2065 0.5983102
v -0.04981988 -0.2065 0.6013207
v -0.04772624 -0.2065 0.603396
v -0.0391665325 -0.20625405 0.586165845
v -0.03688609 -0.20625405 0.587349653
v -0.0320737623 -0.2065 0.5983102
v -0.03688609 -0.20625405 0.587349653
v -0.0232117251 -0.2065 0.602634132
v -0.025073763 -0.2065 0.603396
v -0.0343678 -0.206299216 0.586810648
v -0.019164091 -0.2065 0.593563139
v -0.019177435 -0.2065 0.5903385
v -0.0328163542 -0.20625405 0.584750533
v -0.0328163542 -0.20625405 0.584750533
v -0.0198126286 -0.2065 0.579815
v -0.0329313166 -0.20625405 0.5821836
v -0.03268475 -0.2065 0.57617
v -0.0533732 -0.2065 0.5905604
v -0.0391665325 -0.20625405 0.586165845
v -0.0401749052 -0.206299216 0.58379215
v -0.04981988 -0.2065 0.6013207
v -0.05392001 -0.2065 0.593738258
v -0.04772624 -0.2065 0.603396
v -0.05101547 -0.206354141 0.604895949
v -0.0401749052 -0.206299216 0.58379215
v -0.05298737 -0.2065 0.579815
v -0.0393825844 -0.20625405 0.5813416
v -0.06355724 -0.2065 0.5881836
v -0.0569547527 -0.2065 0.5888233
v -0.05928727 -0.2065 0.592048943
v -0.07029191 -0.2065 0.5998626
v -0.0565157421 -0.2065 0.5949061
v -0.05503816 -0.2065 0.602634132
v -0.06299178 -0.206325769 0.608117
v -0.05503816 -0.2065 0.602634132
v -0.06106635 -0.206325755 0.609842956
v -0.07224029 -0.2065 0.6132027
v -0.07029191 -0.2065 0.5998626
v -0.06759643 -0.206285462 0.6096478
v -0.07029191 -0.2065 0.5998626
v -0.06558031 -0.206220984 0.6080931
v -0.06759643 -0.206285462 0.6096478
v -0.07029191 -0.2065 0.5998626
v -0.06299178 -0.206325769 0.608117
v -0.06558031 -0.206220984 0.6080931
v -0.07224029 -0.2065 0.6132027
v -0.06759643 -0.206285462 0.6096478
v -0.06808327 -0.20622097 0.612174034
v -0.06139237 -0.2065 0.637362063
v -0.06912724 -0.2065 0.62632
v -0.0592016429 -0.2065 0.632179737
v -0.0501280352 -0.2065 0.6447695
v -0.0559761152 -0.2065 0.6345123
v -0.06139237 -0.2065 0.637362063
v -0.0592016429 -0.2065 0.632179737
v -0.03695964 -0.2065 0.647226632
v -0.0386838429 -0.206324 0.642709434
v -0.0361528769 -0.2062832 0.6434324
v -0.03585756 -0.2065 0.6472284
v -0.0501280352 -0.2065 0.6447695
v -0.04010663 -0.206283212 0.6405296
v -0.0536225662 -0.2065 0.632911444
v -0.0398431756 -0.206351876 0.637895167
v -0.04010663 -0.206283212 0.6405296
v -0.0536359027 -0.2065 0.629686832
v -0.03912494 -0.2065 0.630196631
v -0.040726237 -0.2065 0.6249398
v -0.04772624 -0.2065 0.619854
v -0.0574646629 -0.2065 0.6285982
v -0.0620617047 -0.2063533 0.6146139
v -0.0504 -0.2065 0.611624956
v -0.0607510768 -0.20622097 0.6123688
v -0.06106635 -0.206325755 0.609842956
v -0.06451403 -0.206285492 0.615381837
v -0.0620617047 -0.2063533 0.6146139
v -0.0574646629 -0.2065 0.6285982
v -0.0386838429 -0.206324 0.642709434
v -0.0361528769 -0.2062832 0.6434324
v -0.03695964 -0.2065 0.647226632
v -0.01140763 -0.2065 0.637362063
v -0.022671964 -0.2065 0.6447695
v -0.0158452522 -0.2065 0.6344266
v -0.0158452522 -0.2065 0.6344266
v -0.0135127436 -0.2065 0.6312011
v -0.00367276487 -0.2065 0.62632
v -0.016284259 -0.2065 0.62834394
v -0.00777421 -0.2062926 0.6154387
v -0.0135127436 -0.2065 0.6312011
v -0.025073763 -0.2065 0.619854
v -0.0104133878 -0.206358343 0.614966154
v -0.0224000011 -0.2065 0.611624956
v -0.016284259 -0.2065 0.62834394
v -0.0195792876 -0.2065 0.630577266
v -0.0320737623 -0.2065 0.6249398
v -0.0339066647 -0.2065 0.6288832
v -0.0195792876 -0.2065 0.630577266
v -0.0331803448 -0.206351891 0.637508
v -0.018879991 -0.2065 0.633336246
v -0.0326075479 -0.206283212 0.6400428
v -0.022671964 -0.2065 0.6447695
v -0.018879991 -0.2065 0.633336246
v -0.0158452522 -0.2065 0.6344266
v -0.0326075479 -0.206283212 0.6400428
v -0.033759065 -0.206324 0.642409742
v -0.022671964 -0.2065 0.6447695
v -0.018879991 -0.2065 0.633336246
v -0.03585756 -0.2065 0.6472284
v -0.0361528769 -0.2062832 0.6434324
v -0.0339066647 -0.2065 0.6288832
v -0.03594416 -0.20628123 0.627414942
v -0.0320737623 -0.2065 0.6249398
v -0.03594416 -0.20628123 0.627414942
v -0.040726237 -0.2065 0.6249398
v -0.0320737623 -0.2065 0.6249398
v -0.03594416 -0.20628123 0.627414942
v -0.03771249 -0.2060625 0.6277266
v -0.040726237 -0.2065 0.6249398
v -0.03771249 -0.2060625 0.6277266
v -0.03912494 -0.2065 0.630196631
v -0.040726237 -0.2065 0.6249398
v -0.00367276487 -0.2065 0.62632
v -0.00777421 -0.2062926 0.6154387
v -0.005469251 -0.2062926 0.6141442
v -0.016284259 -0.2065 0.62834394
v -0.0104133878 -0.206358343 0.614966154
v -0.00777421 -0.2062926 0.6154387
v -0.00250809174 -0.2065 0.5998626
v -0.0005597098 -0.2065 0.6132027
v -0.005410155 -0.2062926 0.6091762
v -0.0005597098 -0.2065 0.6132027
v -0.004569721 -0.206229955 0.6116451
v -0.005410155 -0.2062926 0.6091762
v -0.017993452 -0.2065 0.6013207
v -0.02003094 -0.20628123 0.599852443
v -0.01660101 -0.2065 0.594801
v -0.0217992738 -0.206208318 0.6001641
v -0.0320737623 -0.2065 0.5983102
v -0.019164091 -0.2065 0.593563139
v -0.0320737623 -0.2065 0.5983102
v -0.03688609 -0.20625405 0.587349653
v -0.0343678 -0.206299216 0.586810648
v -0.0329313166 -0.20625405 0.5821836
v -0.0346489847 -0.206330359 0.5802592
v -0.03268475 -0.2065 0.57617
v -0.0224000011 -0.2065 0.611624956
v -0.0120061683 -0.206229955 0.6129161
v -0.0104133878 -0.206358343 0.614966154
v -0.0224000011 -0.2065 0.611624956
v -0.012030107 -0.206331655 0.6102377
v -0.0120061683 -0.206229955 0.6129161
v -0.0620617047 -0.2063533 0.6146139
v -0.0607510768 -0.20622097 0.6123688
v -0.0504 -0.2065 0.611624956
v -0.06106635 -0.206325755 0.609842956
v -0.0536256842 -0.20615 0.6047108
v -0.06106635 -0.206325755 0.609842956
v -0.05503816 -0.2065 0.602634132
v -0.0536256842 -0.20615 0.6047108
v -0.04772624 -0.2065 0.603396
v -0.0504 -0.2065 0.611624956
v -0.05101547 -0.206354141 0.604895949
v -0.0504 -0.2065 0.611624956
v -0.0536256842 -0.20615 0.6047108
v -0.05101547 -0.206354141 0.604895949
v -0.0217992738 -0.206208318 0.6001641
v -0.0232117251 -0.2065 0.602634132
v -0.0320737623 -0.2065 0.5983102
v -0.0232117251 -0.2065 0.602634132
v -0.0217992552 -0.20615 0.6047108
v -0.025073763 -0.2065 0.603396
v -0.0217992552 -0.20615 0.6047108
v -0.0224000011 -0.2065 0.611624956
v -0.025073763 -0.2065 0.603396
v -0.0217992552 -0.20615 0.6047108
v -0.0191890337 -0.206375 0.604895949
v -0.0224000011 -0.2065 0.611624956
v -0.0191890337 -0.206375 0.604895949
v -0.012030107 -0.206331655 0.6102377
v -0.0224000011 -0.2065 0.611624956
v -0.019177435 -0.2065 0.5903385
v -0.0198126286 -0.2065 0.579815
v -0.0168239027 -0.2065 0.5887377
v -0.0536225662 -0.2065 0.632911444
v -0.0501280352 -0.2065 0.6447695
v -0.0559761152 -0.2065 0.6345123
v -0.04981988 -0.2065 0.6013207
v -0.0518573746 -0.206208318 0.599852443
v -0.05392001 -0.2065 0.593738258
v -0.0518573746 -0.206208318 0.599852443
v -0.0536257029 -0.206208318 0.6001641
v -0.05392001 -0.2065 0.593738258
v -0.0536257029 -0.206208318 0.6001641
v -0.0565157421 -0.2065 0.5949061
v -0.05392001 -0.2065 0.593738258
v -0.0565157421 -0.2065 0.5949061
v -0.0536257029 -0.206208318 0.6001641
v -0.05503816 -0.2065 0.602634132
v -0.0102890478 -0.206331655 0.608228862
v -0.00250809174 -0.2065 0.5998626
v -0.00771513768 -0.206229955 0.6078564
v -0.00250809174 -0.2065 0.5998626
v -0.005410155 -0.2062926 0.6091762
v -0.00771513768 -0.206229955 0.6078564
v -0.03912494 -0.2065 0.630196631
v -0.03771247 -0.20615 0.6322734
v -0.0398431756 -0.206351876 0.637895167
v -0.03771247 -0.20615 0.6322734
v -0.0379344039 -0.206283212 0.636131763
v -0.0398431756 -0.206351876 0.637895167
v -0.03771247 -0.20615 0.6322734
v -0.0351022519 -0.206375 0.632458448
v -0.0379344039 -0.206283212 0.636131763
v -0.0351022519 -0.206375 0.632458448
v -0.03532998 -0.206283212 0.6359627
v -0.0379344039 -0.206283212 0.636131763
v -0.0351022519 -0.206375 0.632458448
v -0.0331803448 -0.206351891 0.637508
v -0.03532998 -0.206283212 0.6359627
v -0.0351022519 -0.206375 0.632458448
v -0.0339066647 -0.2065 0.6288832
v -0.0331803448 -0.206351891 0.637508
v -0.0370077677 -0.19425 0.580178142
v -0.0334481932 -0.19425 0.581490457
v -0.0337664634 -0.19425 0.5761092
v -0.0198126286 -0.19425 0.579815
v -0.019177435 -0.19425 0.5903385
v -0.0163781215 -0.19425 0.5887377
v -0.0140379258 -0.19425 0.593563139
v -0.0114153847 -0.19425 0.6095813
v -0.008400002 -0.19425 0.608125
v -0.01660101 -0.19425 0.594801
v -0.0114153847 -0.19425 0.6095813
v -0.0193869863 -0.19425 0.5931771
v -0.06138461 -0.19425 0.6136687
v -0.03844375 -0.19425 0.586640358
v -0.0337853245 -0.19425 0.5861613
v -0.019177435 -0.19425 0.5903385
v -0.05392001 -0.19425 0.593738258
v -0.0532207265 -0.19425 0.5909793
v -0.0534130074 -0.19425 0.630072951
v -0.03435623 -0.19425 0.6366097
v -0.0194268245 -0.19425 0.6301583
v -0.018879991 -0.19425 0.633336246
v -0.0329 -0.19425 0.639625
v -0.0390146747 -0.19425 0.637088656
v -0.0536225662 -0.19425 0.632911444
v -0.0501280352 -0.19425 0.6447695
v -0.0565157421 -0.19425 0.588745952
v -0.05298737 -0.19425 0.579815
v -0.03844375 -0.19425 0.586640358
v -0.0397244543 -0.19425 0.5821359
v -0.05704576 -0.19425 0.6284457
v -0.0658890158 -0.19425 0.614949465
v -0.06912724 -0.19425 0.62632
v -0.059279047 -0.19425 0.6317407
v -0.06139237 -0.19425 0.637362063
v -0.05642186 -0.19425 0.6345123
v -0.059279047 -0.19425 0.6317407
v -0.0536225662 -0.19425 0.632911444
v -0.0658890158 -0.19425 0.614949465
v -0.07224029 -0.19425 0.6132027
v -0.06793253 -0.19425 0.6107359
v -0.07029191 -0.19425 0.5998626
v -0.07224029 -0.19425 0.6132027
v -0.039351806 -0.19425 0.6417596
v -0.0390146747 -0.19425 0.637088656
v -0.03694244 -0.19425 0.6472284
v -0.0348104276 -0.19425 0.6429026
v -0.03584036 -0.19425 0.647226632
v -0.022671964 -0.19425 0.6447695
v -0.0329 -0.19425 0.639625
v -0.016284287 -0.19425 0.634504
v -0.01140763 -0.19425 0.637362063
v -0.0135127464 -0.19425 0.631646931
v -0.0641377643 -0.19425 0.6079917
v -0.0569547378 -0.19425 0.594828665
v -0.0592872649 -0.19425 0.5916031
v -0.06355724 -0.19425 0.5881836
v -0.00367276487 -0.19425 0.62632
v -0.0135127464 -0.19425 0.631646931
v -0.0158452652 -0.19425 0.6284213
v -0.0109363 -0.19425 0.6142397
v -0.00626546843 -0.19425 0.6145768
v -0.06793253 -0.19425 0.6107359
v -0.0641377643 -0.19425 0.6079917
v -0.07029191 -0.19425 0.5998626
v -0.04011525 -0.19425 0.57617
v -0.0397244543 -0.19425 0.5821359
v -0.0390208922 -0.19425 0.5758477
v -0.0194268245 -0.19425 0.6301583
v -0.0109363 -0.19425 0.6142397
v -0.0114153847 -0.19425 0.6095813
v -0.0109363 -0.19425 0.6142397
v -0.0194268245 -0.19425 0.6301583
v -0.0158452652 -0.19425 0.6284213
v -0.05704576 -0.19425 0.6284457
v -0.0534130074 -0.19425 0.630072951
v -0.06138461 -0.19425 0.6136687
v -0.0331803448 -0.206351891 0.637508
v -0.0326075479 -0.206283212 0.6400428
v -0.03435623 -0.19425 0.6366097
v -0.0326075479 -0.206283212 0.6400428
v -0.0329 -0.19425 0.639625
v -0.03435623 -0.19425 0.6366097
v -0.0326075479 -0.206283212 0.6400428
v -0.033759065 -0.206324 0.642409742
v -0.0329 -0.19425 0.639625
v -0.0361528769 -0.2062832 0.6434324
v -0.0348104276 -0.19425 0.6429026
v -0.033759065 -0.206324 0.642409742
v -0.0348104276 -0.19425 0.6429026
v -0.0329 -0.19425 0.639625
v -0.0386838429 -0.206324 0.642709434
v -0.04010663 -0.206283212 0.6405296
v -0.039351806 -0.19425 0.6417596
v -0.0398431756 -0.206351876 0.637895167
v -0.0379344039 -0.206283212 0.636131763
v -0.0390146747 -0.19425 0.637088656
v -0.03532998 -0.206283212 0.6359627
v -0.0331803448 -0.206351891 0.637508
v -0.03435623 -0.19425 0.6366097
v -0.03532998 -0.206283212 0.6359627
v -0.0390146747 -0.19425 0.637088656
v -0.0379344039 -0.206283212 0.636131763
v -0.0102890478 -0.206331655 0.608228862
v -0.00771513768 -0.206229955 0.6078564
v -0.0114153847 -0.19425 0.6095813
v -0.00771513768 -0.206229955 0.6078564
v -0.008400002 -0.19425 0.608125
v -0.0114153847 -0.19425 0.6095813
v -0.005410155 -0.2062926 0.6091762
v -0.004569721 -0.206229955 0.6116451
v -0.00512238173 -0.19425 0.610035539
v -0.005410155 -0.2062926 0.6091762
v -0.008400002 -0.19425 0.608125
v -0.00771513768 -0.206229955 0.6078564
v -0.004569721 -0.206229955 0.6116451
v -0.005469251 -0.2062926 0.6141442
v -0.00512238173 -0.19425 0.610035539
v -0.005469251 -0.2062926 0.6141442
v -0.00626546843 -0.19425 0.6145768
v -0.00512238173 -0.19425 0.610035539
v -0.005469251 -0.2062926 0.6141442
v -0.00777421 -0.2062926 0.6154387
v -0.00626546843 -0.19425 0.6145768
v -0.00777421 -0.2062926 0.6154387
v -0.0104133878 -0.206358343 0.614966154
v -0.00626546843 -0.19425 0.6145768
v -0.0104133878 -0.206358343 0.614966154
v -0.0109363 -0.19425 0.6142397
v -0.00626546843 -0.19425 0.6145768
v -0.0104133878 -0.206358343 0.614966154
v -0.0120061683 -0.206229955 0.6129161
v -0.0109363 -0.19425 0.6142397
v -0.0120061683 -0.206229955 0.6129161
v -0.012030107 -0.206331655 0.6102377
v -0.0109363 -0.19425 0.6142397
v -0.012030107 -0.206331655 0.6102377
v -0.0114153847 -0.19425 0.6095813
v -0.0109363 -0.19425 0.6142397
v -0.012030107 -0.206331655 0.6102377
v -0.0102890478 -0.206331655 0.608228862
v -0.0114153847 -0.19425 0.6095813
v -0.0391665325 -0.20625405 0.586165845
v -0.0401749052 -0.206299216 0.58379215
v -0.03844375 -0.19425 0.586640358
v -0.0401749052 -0.206299216 0.58379215
v -0.0397244543 -0.19425 0.5821359
v -0.03844375 -0.19425 0.586640358
v -0.0401749052 -0.206299216 0.58379215
v -0.0393825844 -0.20625405 0.5813416
v -0.0397244543 -0.19425 0.5821359
v -0.0372200757 -0.206299216 0.579936445
v -0.0397244543 -0.19425 0.5821359
v -0.0346489847 -0.206330359 0.5802592
v -0.0370077677 -0.19425 0.580178142
v -0.0329313166 -0.20625405 0.5821836
v -0.0334481932 -0.19425 0.581490457
v -0.0328163542 -0.20625405 0.584750533
v -0.0334481932 -0.19425 0.581490457
v -0.0343678 -0.206299216 0.586810648
v -0.0337853245 -0.19425 0.5861613
v -0.0372200757 -0.206299216 0.579936445
v -0.0370077677 -0.19425 0.580178142
v -0.0397244543 -0.19425 0.5821359
v -0.0346489847 -0.206330359 0.5802592
v -0.0334481932 -0.19425 0.581490457
v -0.0370077677 -0.19425 0.580178142
v -0.0328163542 -0.20625405 0.584750533
v -0.0337853245 -0.19425 0.5861613
v -0.0334481932 -0.19425 0.581490457
v -0.0343678 -0.206299216 0.586810648
v -0.03688609 -0.20625405 0.587349653
v -0.0337853245 -0.19425 0.5861613
v -0.03688609 -0.20625405 0.587349653
v -0.03844375 -0.19425 0.586640358
v -0.0337853245 -0.19425 0.5861613
v -0.03688609 -0.20625405 0.587349653
v -0.0391665325 -0.20625405 0.586165845
v -0.03844375 -0.19425 0.586640358
v -0.0620617047 -0.2063533 0.6146139
v -0.06451403 -0.206285492 0.615381837
v -0.06138461 -0.19425 0.6136687
v -0.06451403 -0.206285492 0.615381837
v -0.0658890158 -0.19425 0.614949465
v -0.06138461 -0.19425 0.6136687
v -0.06451403 -0.206285492 0.615381837
v -0.0669021159 -0.206285462 0.6144296
v -0.0658890158 -0.19425 0.614949465
v -0.06808327 -0.20622097 0.612174034
v -0.06759643 -0.206285462 0.6096478
v -0.06793253 -0.19425 0.6107359
v -0.06558031 -0.206220984 0.6080931
v -0.06299178 -0.206325769 0.608117
v -0.0641377643 -0.19425 0.6079917
v -0.06299178 -0.206325769 0.608117
v -0.06106635 -0.206325755 0.609842956
v -0.0641377643 -0.19425 0.6079917
v -0.06106635 -0.206325755 0.609842956
v -0.06136891 -0.19425 0.609874964
v -0.0641377643 -0.19425 0.6079917
v -0.06106635 -0.206325755 0.609842956
v -0.0607510768 -0.20622097 0.6123688
v -0.06136891 -0.19425 0.609874964
v -0.0607510768 -0.20622097 0.6123688
v -0.06138461 -0.19425 0.6136687
v -0.06136891 -0.19425 0.609874964
v -0.0607510768 -0.20622097 0.6123688
v -0.0620617047 -0.2063533 0.6146139
v -0.06138461 -0.19425 0.6136687
v -0.0533732 -0.2065 0.5905604
v -0.05392001 -0.2065 0.593738258
v -0.0532207265 -0.19425 0.5909793
v -0.05392001 -0.2065 0.593738258
v -0.05392001 -0.19425 0.593738258
v -0.0532207265 -0.19425 0.5909793
v -0.05392001 -0.2065 0.593738258
v -0.0565157421 -0.2065 0.5949061
v -0.05392001 -0.19425 0.593738258
v -0.0565157421 -0.2065 0.5949061
v -0.0569547378 -0.19425 0.594828665
v -0.05392001 -0.19425 0.593738258
v -0.0565157421 -0.2065 0.5949061
v -0.05928727 -0.2065 0.592048943
v -0.0569547378 -0.19425 0.594828665
v -0.05928727 -0.2065 0.592048943
v -0.0592872649 -0.19425 0.5916031
v -0.0569547378 -0.19425 0.594828665
v -0.05928727 -0.2065 0.592048943
v -0.0569547527 -0.2065 0.5888233
v -0.0592872649 -0.19425 0.5916031
v -0.0569547527 -0.2065 0.5888233
v -0.0565157421 -0.19425 0.588745952
v -0.0592872649 -0.19425 0.5916031
v -0.0569547527 -0.2065 0.5888233
v -0.0533732 -0.2065 0.5905604
v -0.0565157421 -0.19425 0.588745952
v -0.0533732 -0.2065 0.5905604
v -0.0532207265 -0.19425 0.5909793
v -0.0565157421 -0.19425 0.588745952
v -0.0574646629 -0.2065 0.6285982
v -0.0536359027 -0.2065 0.629686832
v -0.05704576 -0.19425 0.6284457
v -0.0536359027 -0.2065 0.629686832
v -0.0534130074 -0.19425 0.630072951
v -0.05704576 -0.19425 0.6284457
v -0.0536359027 -0.2065 0.629686832
v -0.0536225662 -0.2065 0.632911444
v -0.0534130074 -0.19425 0.630072951
v -0.0536225662 -0.2065 0.632911444
v -0.0536225662 -0.19425 0.632911444
v -0.0534130074 -0.19425 0.630072951
v -0.0536225662 -0.2065 0.632911444
v -0.0559761152 -0.2065 0.6345123
v -0.0536225662 -0.19425 0.632911444
v -0.0559761152 -0.2065 0.6345123
v -0.05642186 -0.19425 0.6345123
v -0.0536225662 -0.19425 0.632911444
v -0.0559761152 -0.2065 0.6345123
v -0.0592016429 -0.2065 0.632179737
v -0.05642186 -0.19425 0.6345123
v -0.0592016429 -0.2065 0.632179737
v -0.059279047 -0.19425 0.6317407
v -0.05642186 -0.19425 0.6345123
v -0.0592016429 -0.2065 0.632179737
v -0.0574646629 -0.2065 0.6285982
v -0.059279047 -0.19425 0.6317407
v -0.0574646629 -0.2065 0.6285982
v -0.05704576 -0.19425 0.6284457
v -0.059279047 -0.19425 0.6317407
v -0.018879991 -0.2065 0.633336246
v -0.0195792876 -0.2065 0.630577266
v -0.018879991 -0.19425 0.633336246
v -0.0195792876 -0.2065 0.630577266
v -0.0194268245 -0.19425 0.6301583
v -0.018879991 -0.19425 0.633336246
v -0.0195792876 -0.2065 0.630577266
v -0.016284259 -0.2065 0.62834394
v -0.0194268245 -0.19425 0.6301583
v -0.016284259 -0.2065 0.62834394
v -0.0158452652 -0.19425 0.6284213
v -0.0194268245 -0.19425 0.6301583
v -0.016284259 -0.2065 0.62834394
v -0.0135127436 -0.2065 0.6312011
v -0.0158452652 -0.19425 0.6284213
v -0.0135127436 -0.2065 0.6312011
v -0.0135127464 -0.19425 0.631646931
v -0.0158452652 -0.19425 0.6284213
v -0.0135127436 -0.2065 0.6312011
v -0.0158452522 -0.2065 0.6344266
v -0.0135127464 -0.19425 0.631646931
v -0.0158452522 -0.2065 0.6344266
v -0.016284287 -0.19425 0.634504
v -0.0135127464 -0.19425 0.631646931
v -0.0158452522 -0.2065 0.6344266
v -0.018879991 -0.2065 0.633336246
v -0.016284287 -0.19425 0.634504
v -0.018879991 -0.2065 0.633336246
v -0.018879991 -0.19425 0.633336246
v -0.016284287 -0.19425 0.634504
v -0.0138150314 -0.2065 0.5931771
v -0.01660101 -0.2065 0.594801
v -0.0140379258 -0.19425 0.593563139
v -0.01660101 -0.2065 0.594801
v -0.01660101 -0.19425 0.594801
v -0.0140379258 -0.19425 0.593563139
v -0.01660101 -0.2065 0.594801
v -0.019164091 -0.2065 0.593563139
v -0.01660101 -0.19425 0.594801
v -0.019164091 -0.2065 0.593563139
v -0.0193869863 -0.19425 0.5931771
v -0.01660101 -0.19425 0.594801
v -0.019164091 -0.2065 0.593563139
v -0.019177435 -0.2065 0.5903385
v -0.0193869863 -0.19425 0.5931771
v -0.019177435 -0.2065 0.5903385
v -0.019177435 -0.19425 0.5903385
v -0.0193869863 -0.19425 0.5931771
v -0.019177435 -0.2065 0.5903385
v -0.0168239027 -0.2065 0.5887377
v -0.019177435 -0.19425 0.5903385
v -0.0168239027 -0.2065 0.5887377
v -0.0163781215 -0.19425 0.5887377
v -0.019177435 -0.19425 0.5903385
v -0.0168239027 -0.2065 0.5887377
v -0.0140245836 -0.2065 0.5903385
v -0.0163781215 -0.19425 0.5887377
v -0.0140245836 -0.2065 0.5903385
v -0.0140245836 -0.19425 0.5903385
v -0.0163781215 -0.19425 0.5887377
v -0.0140245836 -0.2065 0.5903385
v -0.0138150314 -0.2065 0.5931771
v -0.0140245836 -0.19425 0.5903385
v -0.0138150314 -0.2065 0.5931771
v -0.0140379258 -0.19425 0.593563139
v -0.0140245836 -0.19425 0.5903385
v -0.025073763 -0.2065 0.603396
v -0.0224000011 -0.2065 0.611624956
v -0.0234893821 -0.212914333 0.606990457
v -0.025073763 -0.2065 0.603396
v -0.0287069548 -0.21294342 0.6002367
v -0.0320737623 -0.2065 0.5983102
v -0.0287069548 -0.21294342 0.6002367
v -0.0364 -0.212099984 0.597624958
v -0.040726237 -0.2065 0.5983102
v -0.0364 -0.212099984 0.597624958
v -0.0364 -0.212099984 0.597624958
v -0.0440930575 -0.21294342 0.6002367
v -0.04772624 -0.2065 0.603396
v -0.0440930575 -0.21294342 0.6002367
v -0.04772624 -0.2065 0.603396
v -0.04931062 -0.212914318 0.606990457
v -0.0504 -0.2065 0.611624956
v -0.04931062 -0.212914318 0.606990457
v -0.04951926 -0.2128846 0.615510046
v -0.04772624 -0.2065 0.619854
v -0.04951926 -0.2128846 0.615510046
v -0.04772624 -0.2065 0.619854
v -0.0446341559 -0.212850288 0.622513831
v -0.040726237 -0.2065 0.6249398
v -0.0446341559 -0.212850288 0.622513831
v -0.040726237 -0.2065 0.6249398
v -0.036399968 -0.2128303 0.625269
v -0.0320737623 -0.2065 0.6249398
v -0.036399968 -0.2128303 0.625269
v -0.0320737623 -0.2065 0.6249398
v -0.0281658527 -0.212850273 0.622513831
v -0.025073763 -0.2065 0.619854
v -0.0281658527 -0.212850273 0.622513831
v -0.025073763 -0.2065 0.619854
v -0.02328074 -0.2128846 0.615510046
v -0.0224000011 -0.2065 0.611624956
v -0.02328074 -0.2128846 0.615510046
v -0.0234893821 -0.212914333 0.606990457
v -0.0364 -0.212099984 0.597624958
v -0.0287069548 -0.21294342 0.6002367
v -0.0440930575 -0.21294342 0.6002367
v -0.036399968 -0.2128303 0.625269
v -0.0406 -0.21314998 0.6188996
v -0.0349413529 -0.21314998 0.619897366
v -0.036399968 -0.2128303 0.625269
v -0.0446341559 -0.212850288 0.622513831
v -0.0406 -0.21314998 0.6188996
v -0.0446341559 -0.212850288 0.622513831
v -0.04429342 -0.21314998 0.61449796
v -0.0406 -0.21314998 0.6188996
v -0.0287069548 -0.21294342 0.6002367
v -0.0299652256 -0.21314998 0.60622555
v -0.0349413529 -0.21314998 0.6033526
v -0.0234893821 -0.212914333 0.606990457
v -0.02328074 -0.2128846 0.615510046
v -0.028 -0.21314998 0.611624956
v -0.0371773019 -0.19425 0.336442
v -0.0371773019 -0.2065 0.331200242
v -0.0369158164 -0.2065 0.33645466
v -0.0371773019 -0.19425 0.336442
v -0.0369158126 -0.19425 0.331187576
v -0.0371773019 -0.2065 0.331200242
v -0.0371773019 -0.2065 0.331200242
v -0.0327658169 -0.206330344 0.3320701
v -0.03308854 -0.2062992 0.334641218
v -0.0316832736 -0.20625405 0.336803675
v -0.0368578024 -0.2065 0.337516516
v -0.0316832736 -0.20625405 0.336803675
v -0.03320998 -0.2065 0.350408465
v -0.0368578024 -0.2065 0.337516516
v -0.0369158164 -0.2065 0.33645466
v -0.03308854 -0.2062992 0.334641218
v -0.0371773019 -0.2065 0.331200242
v -0.0327658169 -0.206330344 0.3320701
v -0.0368549526 -0.2065 0.3301059
v -0.03320998 -0.2065 0.350408465
v -0.0241287947 -0.2065 0.3531035
v -0.0230133459 -0.2065 0.35612914
v 0.000177706926 -0.2065 0.369661421
v -0.013162408 -0.2065 0.367712975
v -0.00337711931 -0.206285462 0.365017563
v -0.013162408 -0.2065 0.367712975
v -0.00493197 -0.20622097 0.3630014
v -0.00337711931 -0.206285462 0.365017563
v -0.013162408 -0.2065 0.367712975
v -0.004907987 -0.206325755 0.360412866
v -0.00493197 -0.20622097 0.3630014
v 0.000177706926 -0.2065 0.369661421
v -0.00337711931 -0.206285462 0.365017563
v -0.000850956363 -0.20622097 0.365504354
v 0.0023567637 -0.206285492 0.361935139
v 0.00158886553 -0.2063533 0.359482825
v 0.0161200054 -0.2065 0.355532378
v 0.00158886553 -0.2063533 0.359482825
v 0.0154207228 -0.2065 0.352773339
v 0.0161200054 -0.2065 0.355532378
v 0.00682899263 -0.2065 0.345147341
v 0.01871574 -0.2065 0.350540072
v 0.0154207228 -0.2065 0.352773339
v 0.02433707 -0.2065 0.3588135
v 0.0191547759 -0.2065 0.356622756
v 0.0214872565 -0.2065 0.35339722
v 0.03174448 -0.2065 0.34754914
v 0.02433707 -0.2065 0.3588135
v 0.0342016369 -0.2065 0.334380716
v 0.029684389 -0.206324 0.336104959
v 0.0304073915 -0.206283212 0.333573967
v 0.0342033729 -0.2065 0.3332787
v 0.03174448 -0.2065 0.34754914
v 0.0275045168 -0.206283212 0.337527752
v 0.01871574 -0.2065 0.350540072
v 0.01871574 -0.2065 0.350540072
v 0.0214872565 -0.2065 0.35339722
v 0.024870174 -0.206351876 0.3372643
v 0.0275045168 -0.206283212 0.337527752
v 0.01717167 -0.2065 0.336546063
v 0.024870174 -0.206351876 0.3372643
v 0.0119147915 -0.2065 0.3381473
v 0.00682899263 -0.2065 0.345147341
v 0.00158886553 -0.2063533 0.359482825
v 0.0154207228 -0.2065 0.352773339
v -0.00140000042 -0.2065 0.347821116
v -0.000656187 -0.20622097 0.3581722
v -0.00318207615 -0.206325755 0.358487457
v 0.029684389 -0.206324 0.336104959
v 0.0304073915 -0.206283212 0.333573967
v 0.0342016369 -0.2065 0.334380716
v 0.01585817 -0.2065 0.331327766
v 0.0143898772 -0.20628123 0.333365262
v 0.0119147915 -0.2065 0.329494864
v 0.0143898772 -0.20628123 0.333365262
v 0.0119147915 -0.2065 0.3381473
v 0.0119147915 -0.2065 0.329494864
v 0.0143898772 -0.20628123 0.333365262
v 0.01470168 -0.2060625 0.3351336
v 0.0119147915 -0.2065 0.3381473
v 0.01470168 -0.2060625 0.3351336
v 0.01717167 -0.2065 0.336546063
v 0.0119147915 -0.2065 0.3381473
v 0.02433707 -0.2065 0.308828741
v 0.0211849678 -0.2065 0.315373182
v 0.0209754128 -0.2065 0.31253463
v 0.0132950228 -0.2065 0.301093876
v 0.002413682 -0.2062926 0.305195332
v 0.00111920515 -0.2062926 0.30289036
v 0.0158225652 -0.2065 0.31253463
v 0.00194113748 -0.206358343 0.307834476
v 0.002413682 -0.2062926 0.305195332
v 0.0158225652 -0.2065 0.31253463
v 0.0158359166 -0.2065 0.3157593
v 0.00194113748 -0.206358343 0.307834476
v -0.013162408 -0.2065 0.2999292
v 0.000177706926 -0.2065 0.297980815
v -0.00384878227 -0.2062926 0.302831262
v 0.000177706926 -0.2065 0.297980815
v -0.00137987942 -0.206229955 0.301990837
v -0.00384878227 -0.2062926 0.302831262
v -0.013162408 -0.2065 0.2999292
v -0.0183732 -0.2065 0.3127564
v -0.021954786 -0.2065 0.31101945
v -0.0117043108 -0.2065 0.315414548
v -0.0131726209 -0.20628123 0.317452073
v -0.0183732 -0.2065 0.3127564
v -0.0131726209 -0.20628123 0.317452073
v -0.0121883862 -0.2065 0.320121765
v -0.0194618218 -0.2065 0.3165852
v -0.0147147924 -0.2065 0.329494864
v -0.02567536 -0.20625405 0.334307224
v -0.0262144059 -0.206299216 0.331788927
v -0.0308413189 -0.20625405 0.330352426
v -0.0327658169 -0.206330344 0.3320701
v -0.0368549526 -0.2065 0.3301059
v -0.00140000042 -0.2065 0.319821119
v -0.000108882261 -0.206229955 0.309427261
v 0.00194113748 -0.206358343 0.307834476
v -0.00140000042 -0.2065 0.319821119
v -0.002787322 -0.206331655 0.309451222
v -0.000108882261 -0.206229955 0.309427261
v -0.008685289 -0.2065 0.319868952
v -0.009628993 -0.2065 0.3224949
v -0.0121883862 -0.2065 0.320121765
v -0.009628993 -0.2065 0.3224949
v -0.0147147924 -0.2065 0.329494864
v -0.0194618218 -0.2065 0.3165852
v -0.0131726209 -0.20628123 0.317452073
v -0.0183732 -0.2065 0.3127564
v -0.013162408 -0.2065 0.2999292
v -0.0117043108 -0.2065 0.315414548
v -0.004796135 -0.206331655 0.307710171
v -0.0248414148 -0.2065 0.306663841
v -0.021954786 -0.2065 0.31101945
v -0.0239945762 -0.2065 0.313004583
v -0.03320998 -0.2065 0.317233741
v -0.0308413189 -0.20625405 0.330352426
v -0.0368549526 -0.2065 0.3301059
v -0.03320998 -0.2065 0.317233741
v -0.028274497 -0.20625405 0.330237448
v -0.0234214682 -0.2065 0.316177964
v -0.0194618218 -0.2065 0.3165852
v -0.0262144059 -0.206299216 0.331788927
v -0.028274497 -0.20625405 0.330237448
v -0.0234214682 -0.2065 0.316177964
v -0.03320998 -0.2065 0.317233741
v -0.0239945762 -0.2065 0.313004583
v -0.0147147924 -0.2065 0.3381473
v -0.02567536 -0.20625405 0.334307224
v -0.009628993 -0.2065 0.345147341
v -0.0117042977 -0.2065 0.347240984
v -0.0268592145 -0.20625405 0.3365876
v -0.02567536 -0.20625405 0.334307224
v -0.0224647019 -0.2065 0.350794315
v -0.0268592145 -0.20625405 0.3365876
v -0.0292328931 -0.206299216 0.337596059
v -0.0117042977 -0.2065 0.347240984
v -0.0186359212 -0.2065 0.351882935
v -0.009628993 -0.2065 0.345147341
v -0.008129014 -0.206354141 0.3484366
v -0.03320998 -0.2065 0.350408465
v -0.0241287947 -0.2065 0.3531035
v -0.0292328931 -0.206299216 0.337596059
v -0.0316832736 -0.20625405 0.336803675
v -0.0248414148 -0.2065 0.360978335
v -0.0230133459 -0.2065 0.35612914
v -0.01904314 -0.2065 0.3558426
v -0.013162408 -0.2065 0.367712975
v -0.0103908293 -0.2065 0.352459282
v -0.004907987 -0.206325755 0.360412866
v -0.0103908293 -0.2065 0.352459282
v -0.00318207615 -0.206325755 0.358487457
v 0.00158886553 -0.2063533 0.359482825
v -0.000656187 -0.20622097 0.3581722
v -0.00140000042 -0.2065 0.347821116
v -0.00318207615 -0.206325755 0.358487457
v -0.008314185 -0.20615 0.35104683
v -0.00318207615 -0.206325755 0.358487457
v -0.0103908293 -0.2065 0.352459282
v -0.008314185 -0.20615 0.35104683
v -0.009628993 -0.2065 0.345147341
v -0.00140000042 -0.2065 0.347821116
v -0.008129014 -0.206354141 0.3484366
v -0.00140000042 -0.2065 0.347821116
v -0.008314185 -0.20615 0.35104683
v -0.008129014 -0.206354141 0.3484366
v -0.008685289 -0.2065 0.319868952
v -0.008002379 -0.20628123 0.317452073
v -0.00140000042 -0.2065 0.319821119
v -0.008002379 -0.20628123 0.317452073
v -0.002787322 -0.206331655 0.309451222
v -0.00140000042 -0.2065 0.319821119
v -0.008002379 -0.20628123 0.317452073
v -0.008900156 -0.2060625 0.315897048
v -0.002787322 -0.206331655 0.309451222
v -0.008900156 -0.2060625 0.315897048
v -0.004796135 -0.206331655 0.307710171
v -0.002787322 -0.206331655 0.309451222
v -0.008900156 -0.2060625 0.315897048
v -0.0117043108 -0.2065 0.315414548
v -0.004796135 -0.206331655 0.307710171
v -0.0117042977 -0.2065 0.347240984
v -0.0131726209 -0.206208318 0.349278539
v -0.0186359212 -0.2065 0.351882935
v -0.01904314 -0.2065 0.3558426
v -0.0128608169 -0.206208318 0.35104683
v -0.0103908293 -0.2065 0.352459282
v -0.004796135 -0.206331655 0.307710171
v -0.013162408 -0.2065 0.2999292
v -0.005168598 -0.206229955 0.3051362
v -0.013162408 -0.2065 0.2999292
v -0.00384878227 -0.2062926 0.302831262
v -0.005168598 -0.206229955 0.3051362
v 0.01717167 -0.2065 0.336546063
v 0.0192483142 -0.20615 0.3351336
v 0.024870174 -0.206351876 0.3372643
v 0.0192483142 -0.20615 0.3351336
v 0.0231067613 -0.206283212 0.33535552
v 0.024870174 -0.206351876 0.3372643
v 0.0192483142 -0.20615 0.3351336
v 0.0194334872 -0.206375 0.332523346
v 0.0231067613 -0.206283212 0.33535552
v 0.0194334872 -0.206375 0.332523346
v 0.0229377188 -0.2062832 0.332751125
v 0.0231067613 -0.206283212 0.33535552
v 0.0194334872 -0.206375 0.332523346
v 0.02448305 -0.206351876 0.330601424
v 0.0229377188 -0.2062832 0.332751125
v 0.0194334872 -0.206375 0.332523346
v 0.01585817 -0.2065 0.331327766
v 0.02448305 -0.206351876 0.330601424
v -0.0326776244 -0.19425 0.3354106
v -0.03243109 -0.19425 0.332071126
v -0.0369158126 -0.19425 0.331187576
v -0.013162408 -0.19425 0.2999292
v -0.0248414148 -0.19425 0.306663841
v -0.0194618236 -0.19425 0.311459064
v -0.013162408 -0.19425 0.2999292
v -0.00490383571 -0.19425 0.306817353
v -0.002989552 -0.19425 0.3025435
v 0.000177706926 -0.19425 0.297980815
v 0.00155180739 -0.19425 0.3036866
v 0.0132950228 -0.19425 0.301093876
v 0.000177706926 -0.19425 0.297980815
v -0.0194618236 -0.19425 0.311459064
v -0.01822399 -0.19425 0.3140221
v -0.0248414148 -0.19425 0.306663841
v -0.0234214533 -0.19425 0.311866224
v -0.03320998 -0.19425 0.317233741
v -0.023708025 -0.19425 0.315836459
v -0.02913776 -0.19425 0.330187827
v -0.0368578024 -0.19425 0.330125719
v -0.03243109 -0.19425 0.332071126
v -0.0369158126 -0.19425 0.331187576
v -0.02913776 -0.19425 0.330187827
v -0.019847881 -0.19425 0.316808075
v -0.0263689086 -0.19425 0.332071126
v -0.019847881 -0.19425 0.316808075
v -0.0326776244 -0.19425 0.3354106
v -0.0371773019 -0.19425 0.336442
v -0.01822399 -0.19425 0.3140221
v -0.00102734927 -0.19425 0.3094447
v -0.00490383571 -0.19425 0.306817353
v -0.03320998 -0.19425 0.350408465
v -0.0368549526 -0.19425 0.337536335
v -0.0294 -0.19425 0.3373211
v -0.02376206 -0.19425 0.351882935
v -0.0233548433 -0.19425 0.3558426
v -0.0233548433 -0.19425 0.3558426
v -0.0248414148 -0.19425 0.360978335
v -0.0193846375 -0.19425 0.35612914
v -0.02376206 -0.19425 0.351882935
v -0.0263846181 -0.19425 0.3358648
v -0.0199332777 -0.19425 0.350794315
v -0.00177265168 -0.19425 0.35819754
v -0.00102734927 -0.19425 0.3094447
v 0.0155731952 -0.19425 0.3523544
v 0.00128115132 -0.19425 0.359571338
v 0.0166618284 -0.19425 0.356183171
v 0.0235846173 -0.19425 0.3317774
v 0.0235689078 -0.19425 0.3355711
v 0.0156130148 -0.19425 0.3153732
v 0.00188892346 -0.19425 0.3070182
v 0.01839899 -0.19425 0.316997141
v -0.00177265168 -0.19425 0.35819754
v -0.0182691887 -0.19425 0.3531035
v -0.00503326347 -0.19425 0.361558884
v 0.0132950228 -0.19425 0.366548359
v 0.02433707 -0.19425 0.3588135
v 0.00192445866 -0.19425 0.363310158
v 0.000177706926 -0.19425 0.369661421
v -0.002289157 -0.19425 0.365353644
v -0.013162408 -0.19425 0.367712975
v -0.00503326347 -0.19425 0.361558884
v 0.0209620651 -0.19425 0.3157593
v 0.0235846173 -0.19425 0.3317774
v 0.02808908 -0.19425 0.330496639
v 0.03174448 -0.19425 0.320093066
v 0.0342016369 -0.19425 0.3332615
v 0.030132534 -0.19425 0.33471027
v -0.00503326347 -0.19425 0.361558884
v -0.0193846375 -0.19425 0.35612914
v -0.0182691887 -0.19425 0.3531035
v -0.0248414148 -0.19425 0.360978335
v -0.013162408 -0.19425 0.367712975
v 0.02433707 -0.19425 0.308828741
v 0.0209620651 -0.19425 0.3157593
v 0.0205548424 -0.19425 0.311799616
v 0.0132950228 -0.19425 0.301093876
v 0.016584646 -0.19425 0.311513066
v 0.00188892346 -0.19425 0.3070182
v 0.00155180739 -0.19425 0.3036866
v 0.030132534 -0.19425 0.33471027
v 0.0342033729 -0.19425 0.33436352
v 0.03174448 -0.19425 0.34754914
v 0.026337767 -0.19425 0.337454379
v 0.0191547666 -0.19425 0.350617468
v 0.0235689078 -0.19425 0.3355711
v 0.0214872565 -0.19425 0.353843
v 0.0214872565 -0.19425 0.353843
v 0.02433707 -0.19425 0.3588135
v 0.0166618284 -0.19425 0.356183171
v 0.00128115132 -0.19425 0.359571338
v 0.00192445866 -0.19425 0.363310158
v -0.0368549526 -0.19425 0.337536335
v -0.0326776244 -0.19425 0.3354106
v -0.0371773019 -0.19425 0.336442
v -0.0263689086 -0.19425 0.332071126
v -0.0263846181 -0.19425 0.3358648
v -0.019847881 -0.19425 0.316808075
v 0.02448305 -0.206351876 0.330601424
v 0.0270178039 -0.2062832 0.330028653
v 0.0235846173 -0.19425 0.3317774
v 0.0270178039 -0.2062832 0.330028653
v 0.02808908 -0.19425 0.330496639
v 0.0235846173 -0.19425 0.3317774
v 0.0270178039 -0.2062832 0.330028653
v 0.0293847341 -0.206324 0.331180185
v 0.02808908 -0.19425 0.330496639
v 0.0293847341 -0.206324 0.331180185
v 0.0304073915 -0.206283212 0.333573967
v 0.02808908 -0.19425 0.330496639
v 0.030132534 -0.19425 0.33471027
v 0.02808908 -0.19425 0.330496639
v 0.0304073915 -0.206283212 0.333573967
v 0.029684389 -0.206324 0.336104959
v 0.029684389 -0.206324 0.336104959
v 0.0275045168 -0.206283212 0.337527752
v 0.030132534 -0.19425 0.33471027
v 0.026337767 -0.19425 0.337454379
v 0.030132534 -0.19425 0.33471027
v 0.0275045168 -0.206283212 0.337527752
v 0.024870174 -0.206351876 0.3372643
v 0.024870174 -0.206351876 0.3372643
v 0.0231067613 -0.206283212 0.33535552
v 0.026337767 -0.19425 0.337454379
v 0.0231067613 -0.206283212 0.33535552
v 0.0235689078 -0.19425 0.3355711
v 0.026337767 -0.19425 0.337454379
v 0.0231067613 -0.206283212 0.33535552
v 0.0229377188 -0.2062832 0.332751125
v 0.0235689078 -0.19425 0.3355711
v 0.02448305 -0.206351876 0.330601424
v 0.0235846173 -0.19425 0.3317774
v 0.0229377188 -0.2062832 0.332751125
v 0.0235846173 -0.19425 0.3317774
v 0.0235689078 -0.19425 0.3355711
v -0.004796135 -0.206331655 0.307710171
v -0.005168598 -0.206229955 0.3051362
v -0.00490383571 -0.19425 0.306817353
v -0.005168598 -0.206229955 0.3051362
v -0.00384878227 -0.2062926 0.302831262
v -0.00490383571 -0.19425 0.306817353
v -0.00384878227 -0.2062926 0.302831262
v -0.002989552 -0.19425 0.3025435
v -0.00490383571 -0.19425 0.306817353
v -0.00384878227 -0.2062926 0.302831262
v -0.00137987942 -0.206229955 0.301990837
v -0.002989552 -0.19425 0.3025435
v -0.00137987942 -0.206229955 0.301990837
v 0.00111920515 -0.2062926 0.30289036
v -0.002989552 -0.19425 0.3025435
v 0.00111920515 -0.2062926 0.30289036
v 0.00155180739 -0.19425 0.3036866
v -0.002989552 -0.19425 0.3025435
v 0.00111920515 -0.2062926 0.30289036
v 0.002413682 -0.2062926 0.305195332
v 0.00155180739 -0.19425 0.3036866
v 0.002413682 -0.2062926 0.305195332
v 0.00194113748 -0.206358343 0.307834476
v 0.00155180739 -0.19425 0.3036866
v 0.00194113748 -0.206358343 0.307834476
v 0.00188892346 -0.19425 0.3070182
v 0.00155180739 -0.19425 0.3036866
v -0.000108882261 -0.206229955 0.309427261
v -0.002787322 -0.206331655 0.309451222
v -0.00102734927 -0.19425 0.3094447
v -0.000108882261 -0.206229955 0.309427261
v 0.00188892346 -0.19425 0.3070182
v 0.00194113748 -0.206358343 0.307834476
v -0.002787322 -0.206331655 0.309451222
v -0.004796135 -0.206331655 0.307710171
v -0.00102734927 -0.19425 0.3094447
v -0.004796135 -0.206331655 0.307710171
v -0.00490383571 -0.19425 0.306817353
v -0.00102734927 -0.19425 0.3094447
v -0.0268592145 -0.20625405 0.3365876
v -0.0292328931 -0.206299216 0.337596059
v -0.0263846181 -0.19425 0.3358648
v -0.0292328931 -0.206299216 0.337596059
v -0.0294 -0.19425 0.3373211
v -0.0263846181 -0.19425 0.3358648
v -0.0292328931 -0.206299216 0.337596059
v -0.0316832736 -0.20625405 0.336803675
v -0.0294 -0.19425 0.3373211
v -0.03308854 -0.2062992 0.334641218
v -0.0326776244 -0.19425 0.3354106
v -0.0316832736 -0.20625405 0.336803675
v -0.0326776244 -0.19425 0.3354106
v -0.0294 -0.19425 0.3373211
v -0.03308854 -0.2062992 0.334641218
v -0.0327658169 -0.206330344 0.3320701
v -0.0326776244 -0.19425 0.3354106
v -0.0308413189 -0.20625405 0.330352426
v -0.03243109 -0.19425 0.332071126
v -0.028274497 -0.20625405 0.330237448
v -0.02913776 -0.19425 0.330187827
v -0.0327658169 -0.206330344 0.3320701
v -0.03243109 -0.19425 0.332071126
v -0.0326776244 -0.19425 0.3354106
v -0.0308413189 -0.20625405 0.330352426
v -0.02913776 -0.19425 0.330187827
v -0.03243109 -0.19425 0.332071126
v -0.028274497 -0.20625405 0.330237448
v -0.0262144059 -0.206299216 0.331788927
v -0.02913776 -0.19425 0.330187827
v -0.02567536 -0.20625405 0.334307224
v -0.0263689086 -0.19425 0.332071126
v -0.0268592145 -0.20625405 0.3365876
v -0.0263846181 -0.19425 0.3358648
v -0.0262144059 -0.206299216 0.331788927
v -0.0263689086 -0.19425 0.332071126
v -0.02913776 -0.19425 0.330187827
v -0.02567536 -0.20625405 0.334307224
v -0.0263846181 -0.19425 0.3358648
v -0.0263689086 -0.19425 0.332071126
v 0.00158886553 -0.2063533 0.359482825
v 0.0023567637 -0.206285492 0.361935139
v 0.00128115132 -0.19425 0.359571338
v -0.000656187 -0.20622097 0.3581722
v -0.00177265168 -0.19425 0.35819754
v 0.0023567637 -0.206285492 0.361935139
v 0.00192445866 -0.19425 0.363310158
v 0.00128115132 -0.19425 0.359571338
v 0.0023567637 -0.206285492 0.361935139
v 0.00140454783 -0.206285492 0.3643233
v 0.00192445866 -0.19425 0.363310158
v -0.000850956363 -0.20622097 0.365504354
v -0.00337711931 -0.206285462 0.365017563
v -0.002289157 -0.19425 0.365353644
v -0.00493197 -0.20622097 0.3630014
v -0.004907987 -0.206325755 0.360412866
v -0.00503326347 -0.19425 0.361558884
v -0.004907987 -0.206325755 0.360412866
v -0.00318207615 -0.206325755 0.358487457
v -0.00503326347 -0.19425 0.361558884
v -0.00177265168 -0.19425 0.35819754
v -0.00503326347 -0.19425 0.361558884
v -0.00318207615 -0.206325755 0.358487457
v -0.000656187 -0.20622097 0.3581722
v 0.00158886553 -0.2063533 0.359482825
v 0.00128115132 -0.19425 0.359571338
v -0.00177265168 -0.19425 0.35819754
v -0.0224647019 -0.2065 0.350794315
v -0.0199332777 -0.19425 0.350794315
v -0.02376206 -0.19425 0.351882935
v -0.0224647019 -0.2065 0.350794315
v -0.0186359212 -0.2065 0.351882935
v -0.0199332777 -0.19425 0.350794315
v -0.0186359212 -0.2065 0.351882935
v -0.0182691887 -0.19425 0.3531035
v -0.0199332777 -0.19425 0.350794315
v -0.0186359212 -0.2065 0.351882935
v -0.01904314 -0.2065 0.3558426
v -0.0182691887 -0.19425 0.3531035
v -0.01904314 -0.2065 0.3558426
v -0.0193846375 -0.19425 0.35612914
v -0.0182691887 -0.19425 0.3531035
v -0.01904314 -0.2065 0.3558426
v -0.0230133459 -0.2065 0.35612914
v -0.0193846375 -0.19425 0.35612914
v -0.0230133459 -0.2065 0.35612914
v -0.0233548433 -0.19425 0.3558426
v -0.0193846375 -0.19425 0.35612914
v -0.0230133459 -0.2065 0.35612914
v -0.0241287947 -0.2065 0.3531035
v -0.0233548433 -0.19425 0.3558426
v -0.0241287947 -0.2065 0.3531035
v -0.02376206 -0.19425 0.351882935
v -0.0233548433 -0.19425 0.3558426
v -0.0241287947 -0.2065 0.3531035
v -0.0224647019 -0.2065 0.350794315
v -0.02376206 -0.19425 0.351882935
v 0.0154207228 -0.2065 0.352773339
v 0.01871574 -0.2065 0.350540072
v 0.0155731952 -0.19425 0.3523544
v 0.01871574 -0.2065 0.350540072
v 0.0191547666 -0.19425 0.350617468
v 0.0155731952 -0.19425 0.3523544
v 0.01871574 -0.2065 0.350540072
v 0.0214872565 -0.2065 0.35339722
v 0.0191547666 -0.19425 0.350617468
v 0.0214872565 -0.2065 0.35339722
v 0.0214872565 -0.19425 0.353843
v 0.0191547666 -0.19425 0.350617468
v 0.0191547759 -0.2065 0.356622756
v 0.0166618284 -0.19425 0.356183171
v 0.0198864881 -0.19425 0.356196523
v 0.0191547759 -0.2065 0.356622756
v 0.0161200054 -0.2065 0.355532378
v 0.0166618284 -0.19425 0.356183171
v 0.0211849678 -0.2065 0.315373182
v 0.01839899 -0.2065 0.316997141
v 0.0209620651 -0.19425 0.3157593
v 0.01839899 -0.2065 0.316997141
v 0.01839899 -0.19425 0.316997141
v 0.0209620651 -0.19425 0.3157593
v 0.01839899 -0.2065 0.316997141
v 0.0158359166 -0.2065 0.3157593
v 0.01839899 -0.19425 0.316997141
v 0.0158359166 -0.2065 0.3157593
v 0.0156130148 -0.19425 0.3153732
v 0.01839899 -0.19425 0.316997141
v 0.0158359166 -0.2065 0.3157593
v 0.0158225652 -0.2065 0.31253463
v 0.0156130148 -0.19425 0.3153732
v 0.0158225652 -0.2065 0.31253463
v 0.016584646 -0.19425 0.311513066
v 0.0156130148 -0.19425 0.3153732
v 0.0158225652 -0.2065 0.31253463
v 0.0181760956 -0.2065 0.310933828
v 0.016584646 -0.19425 0.311513066
v 0.0181760956 -0.2065 0.310933828
v 0.0205548424 -0.19425 0.311799616
v 0.016584646 -0.19425 0.311513066
v 0.0181760956 -0.2065 0.310933828
v 0.0209754128 -0.2065 0.31253463
v 0.0205548424 -0.19425 0.311799616
v -0.0183732 -0.2065 0.3127564
v -0.01822399 -0.19425 0.3140221
v -0.0194618236 -0.19425 0.311459064
v -0.0183732 -0.2065 0.3127564
v -0.0194618218 -0.2065 0.3165852
v -0.01822399 -0.19425 0.3140221
v -0.0194618218 -0.2065 0.3165852
v -0.019847881 -0.19425 0.316808075
v -0.01822399 -0.19425 0.3140221
v -0.0194618218 -0.2065 0.3165852
v -0.0234214682 -0.2065 0.316177964
v -0.019847881 -0.19425 0.316808075
v -0.0234214682 -0.2065 0.316177964
v -0.023708025 -0.19425 0.315836459
v -0.019847881 -0.19425 0.316808075
v -0.0234214682 -0.2065 0.316177964
v -0.0239945762 -0.2065 0.313004583
v -0.023708025 -0.19425 0.315836459
v -0.0239945762 -0.2065 0.313004583
v -0.0234214533 -0.19425 0.311866224
v -0.023708025 -0.19425 0.315836459
v -0.0239945762 -0.2065 0.313004583
v -0.021954786 -0.2065 0.31101945
v -0.0234214533 -0.19425 0.311866224
v -0.021954786 -0.2065 0.31101945
v -0.0194618236 -0.19425 0.311459064
v -0.0234214533 -0.19425 0.311866224
v -0.021954786 -0.2065 0.31101945
v -0.0183732 -0.2065 0.3127564
v -0.0194618236 -0.19425 0.311459064
v -0.009628993 -0.2065 0.3224949
v -0.00140000042 -0.2065 0.319821119
v -0.006034494 -0.212914333 0.3209105
v -0.009628993 -0.2065 0.3224949
v -0.0127883172 -0.21294342 0.3261281
v -0.0147147924 -0.2065 0.329494864
v -0.0127883172 -0.21294342 0.3261281
v -0.0154000008 -0.212099984 0.333821118
v -0.0147147924 -0.2065 0.3381473
v -0.0154000008 -0.212099984 0.333821118
v -0.0154000008 -0.212099984 0.333821118
v -0.0127883069 -0.21294342 0.34151414
v -0.009628993 -0.2065 0.345147341
v -0.0127883069 -0.21294342 0.34151414
v -0.009628993 -0.2065 0.345147341
v -0.006034478 -0.212914333 0.346731752
v -0.00140000042 -0.2065 0.347821116
v -0.006034478 -0.212914333 0.346731752
v 0.0024850287 -0.21288462 0.346940368
v 0.00682899263 -0.2065 0.345147341
v 0.0024850287 -0.21288462 0.346940368
v 0.00682899263 -0.2065 0.345147341
v 0.00948885549 -0.212850288 0.342055231
v 0.0119147915 -0.2065 0.3381473
v 0.00948885549 -0.212850288 0.342055231
v 0.0119147915 -0.2065 0.3381473
v 0.0122439926 -0.2128303 0.333821118
v 0.0119147915 -0.2065 0.329494864
v 0.0122439926 -0.2128303 0.333821118
v 0.0119147915 -0.2065 0.329494864
v 0.00948885 -0.212850288 0.325587
v 0.00682899263 -0.2065 0.3224949
v 0.00948885 -0.212850288 0.325587
v 0.00682899263 -0.2065 0.3224949
v 0.00248506269 -0.2128846 0.320701838
v -0.00140000042 -0.2065 0.319821119
v 0.00248506269 -0.2128846 0.320701838
v -0.006034494 -0.212914333 0.3209105
v -0.0154000008 -0.212099984 0.333821118
v -0.0127883172 -0.21294342 0.3261281
v -0.0127883069 -0.21294342 0.34151414
v 0.0122439926 -0.2128303 0.333821118
v 0.005874613 -0.21314998 0.3380211
v 0.006872385 -0.21314998 0.332362473
v 0.0122439926 -0.2128303 0.333821118
v 0.00948885549 -0.212850288 0.342055231
v 0.005874613 -0.21314998 0.3380211
v 0.00948885549 -0.212850288 0.342055231
v 0.00147296616 -0.21314998 0.3417145
v 0.005874613 -0.21314998 0.3380211
v -0.0127883172 -0.21294342 0.3261281
v -0.00679941662 -0.21314998 0.32738632
v -0.009672386 -0.21314998 0.332362473
v -0.006034494 -0.212914333 0.3209105
v 0.00248506269 -0.2128846 0.320701838
v -0.00140000042 -0.21314998 0.3254211
v -0.03270459 -0.19425 0.576167166
v -0.0198126286 -0.19425 0.579815
v -0.03268475 -0.2065 0.57617
v -0.0198126286 -0.2065 0.579815
v -0.009242762 -0.2065 0.5881836
v -0.009242762 -0.19425 0.5881836
v -0.00250809174 -0.2065 0.5998626
v -0.00250809174 -0.19425 0.5998626
v -0.0005597098 -0.2065 0.6132027
v -0.0005597098 -0.19425 0.6132027
v -0.00367276487 -0.2065 0.62632
v -0.00367276487 -0.19425 0.62632
v -0.01140763 -0.2065 0.637362063
v -0.01140763 -0.19425 0.637362063
v -0.022671964 -0.2065 0.6447695
v -0.022671964 -0.19425 0.6447695
v -0.03584036 -0.19425 0.647226632
v -0.03585756 -0.2065 0.6472284
v -0.04009541 -0.2065 0.576167166
v -0.05298737 -0.2065 0.579815
v -0.04011525 -0.19425 0.57617
v -0.05298737 -0.19425 0.579815
v -0.06355724 -0.19425 0.5881836
v -0.06355724 -0.2065 0.5881836
v -0.07029191 -0.19425 0.5998626
v -0.07029191 -0.2065 0.5998626
v -0.07224029 -0.19425 0.6132027
v -0.07224029 -0.2065 0.6132027
v -0.06912724 -0.19425 0.62632
v -0.06912724 -0.2065 0.62632
v -0.06139237 -0.19425 0.637362063
v -0.06139237 -0.2065 0.637362063
v -0.0501280352 -0.19425 0.6447695
v -0.0501280352 -0.2065 0.6447695
v -0.03695964 -0.2065 0.647226632
v -0.03694244 -0.19425 0.6472284
v -0.06912724 -0.2065 0.62632
v -0.07224029 -0.2065 0.6132027
v -0.0669021159 -0.206285462 0.6144296
v -0.06808327 -0.20622097 0.612174034
v -0.06912724 -0.2065 0.62632
v -0.0574646629 -0.2065 0.6285982
v -0.0592016429 -0.2065 0.632179737
v -0.06451403 -0.206285492 0.615381837
v -0.0669021159 -0.206285462 0.6144296
v -0.0005597098 -0.2065 0.6132027
v -0.00367276487 -0.2065 0.62632
v -0.005469251 -0.2062926 0.6141442
v -0.004569721 -0.206229955 0.6116451
v -0.009242762 -0.2065 0.5881836
v -0.00250809174 -0.2065 0.5998626
v -0.0138150314 -0.2065 0.5931771
v -0.017993452 -0.2065 0.6013207
v -0.0102890478 -0.206331655 0.608228862
v -0.0191890337 -0.206375 0.604895949
v -0.012030107 -0.206331655 0.6102377
v -0.01660101 -0.2065 0.594801
v -0.0138150314 -0.2065 0.5931771
v -0.009242762 -0.2065 0.5881836
v -0.0140245836 -0.2065 0.5903385
v -0.0168239027 -0.2065 0.5887377
v -0.0198126286 -0.2065 0.579815
v -0.02003094 -0.20628123 0.599852443
v -0.019164091 -0.2065 0.593563139
v -0.01660101 -0.2065 0.594801
v -0.0217992738 -0.206208318 0.6001641
v -0.028 -0.20265 0.611624956
v -0.028 -0.21314998 0.611624956
v -0.0299652256 -0.21314998 0.6170244
v -0.0299652256 -0.20265 0.6170244
v -0.0349413529 -0.21314998 0.619897366
v -0.0349413529 -0.20265 0.619897366
v -0.0406 -0.21314998 0.6188996
v -0.0406 -0.20265 0.6188996
v -0.04429342 -0.21314998 0.61449796
v -0.04429342 -0.20265 0.61449796
v -0.04429342 -0.21314998 0.608752
v -0.04429342 -0.20265 0.608752
v -0.0406 -0.21314998 0.6043503
v -0.0406 -0.20265 0.6043503
v -0.0349413529 -0.21314998 0.6033526
v -0.0349413529 -0.20265 0.6033526
v -0.0299652256 -0.21314998 0.60622555
v -0.0299652256 -0.20265 0.60622555
v -0.028 -0.21314998 0.611624956
v -0.028 -0.20265 0.611624956
v -0.028 -0.20265 0.611624956
v -0.0299652256 -0.20265 0.6170244
v -0.0299652256 -0.20265 0.60622555
v -0.0349413529 -0.20265 0.6033526
v -0.0349413529 -0.20265 0.619897366
v -0.0406 -0.20265 0.6043503
v -0.0406 -0.20265 0.6188996
v -0.04429342 -0.20265 0.608752
v -0.04429342 -0.20265 0.61449796
v -0.0005597098 -0.19425 0.6132027
v -0.00250809174 -0.19425 0.5998626
v -0.00512238173 -0.19425 0.610035539
v -0.008400002 -0.19425 0.608125
v -0.0140379258 -0.19425 0.593563139
v -0.009242762 -0.19425 0.5881836
v -0.0140245836 -0.19425 0.5903385
v -0.0005597098 -0.19425 0.6132027
v -0.00626546843 -0.19425 0.6145768
v -0.00367276487 -0.19425 0.62632
v -0.009242762 -0.19425 0.5881836
v -0.0163781215 -0.19425 0.5887377
v -0.0198126286 -0.19425 0.579815
v -0.0337853245 -0.19425 0.5861613
v -0.0334481932 -0.19425 0.581490457
v -0.03270459 -0.19425 0.576167166
v -0.0337664634 -0.19425 0.5761092
v -0.0370077677 -0.19425 0.580178142
v -0.0390208922 -0.19425 0.5758477
v -0.0532207265 -0.19425 0.5909793
v -0.05298737 -0.19425 0.579815
v -0.04011525 -0.19425 0.57617
v -0.0565157421 -0.19425 0.588745952
v -0.06355724 -0.19425 0.5881836
v -0.0592872649 -0.19425 0.5916031
v -0.0641377643 -0.19425 0.6079917
v -0.06136891 -0.19425 0.609874964
v -0.0569547378 -0.19425 0.594828665
v -0.05392001 -0.19425 0.593738258
v -0.06138461 -0.19425 0.6136687
v -0.0361528769 -0.2062832 0.6434324
v -0.0386838429 -0.206324 0.642709434
v -0.0348104276 -0.19425 0.6429026
v -0.039351806 -0.19425 0.6417596
v -0.04010663 -0.206283212 0.6405296
v -0.0398431756 -0.206351876 0.637895167
v -0.039351806 -0.19425 0.6417596
v -0.0390146747 -0.19425 0.637088656
v -0.0669021159 -0.206285462 0.6144296
v -0.06808327 -0.20622097 0.612174034
v -0.0658890158 -0.19425 0.614949465
v -0.06793253 -0.19425 0.6107359
v -0.06759643 -0.206285462 0.6096478
v -0.06558031 -0.206220984 0.6080931
v -0.06793253 -0.19425 0.6107359
v -0.0641377643 -0.19425 0.6079917
v -0.0281658527 -0.212850273 0.622513831
v -0.036399968 -0.2128303 0.625269
v -0.0349413529 -0.21314998 0.619897366
v -0.0299652256 -0.21314998 0.6170244
v -0.0446341559 -0.212850288 0.622513831
v -0.04951926 -0.2128846 0.615510046
v -0.04429342 -0.21314998 0.61449796
v -0.04429342 -0.21314998 0.608752
v -0.04931062 -0.212914318 0.606990457
v -0.04931062 -0.212914318 0.606990457
v -0.0406 -0.21314998 0.6043503
v -0.04429342 -0.21314998 0.608752
v -0.0440930575 -0.21294342 0.6002367
v -0.0440930575 -0.21294342 0.6002367
v -0.0349413529 -0.21314998 0.6033526
v -0.0406 -0.21314998 0.6043503
v -0.0287069548 -0.21294342 0.6002367
v -0.0287069548 -0.21294342 0.6002367
v -0.0234893821 -0.212914333 0.606990457
v -0.0299652256 -0.21314998 0.60622555
v -0.028 -0.21314998 0.611624956
v -0.02328074 -0.2128846 0.615510046
v -0.0299652256 -0.21314998 0.6170244
v -0.0281658527 -0.212850273 0.622513831
v -0.0368578024 -0.19425 0.330125719
v -0.03320998 -0.19425 0.317233741
v -0.0368549526 -0.2065 0.3301059
v -0.03320998 -0.2065 0.317233741
v -0.0248414148 -0.2065 0.306663841
v -0.0248414148 -0.19425 0.306663841
v -0.013162408 -0.2065 0.2999292
v -0.013162408 -0.19425 0.2999292
v 0.000177706926 -0.2065 0.297980815
v 0.000177706926 -0.19425 0.297980815
v 0.0132950228 -0.2065 0.301093876
v 0.0132950228 -0.19425 0.301093876
v 0.02433707 -0.2065 0.308828741
v 0.02433707 -0.19425 0.308828741
v 0.03174448 -0.2065 0.320093066
v 0.03174448 -0.19425 0.320093066
v 0.0342016369 -0.19425 0.3332615
v 0.0342033729 -0.2065 0.3332787
v -0.0368578024 -0.2065 0.337516516
v -0.03320998 -0.2065 0.350408465
v -0.0368549526 -0.19425 0.337536335
v -0.03320998 -0.19425 0.350408465
v -0.0248414148 -0.19425 0.360978335
v -0.0248414148 -0.2065 0.360978335
v -0.013162408 -0.19425 0.367712975
v -0.013162408 -0.2065 0.367712975
v 0.000177706926 -0.19425 0.369661421
v 0.000177706926 -0.2065 0.369661421
v 0.0132950228 -0.19425 0.366548359
v 0.0132950228 -0.2065 0.366548359
v 0.02433707 -0.19425 0.3588135
v 0.02433707 -0.2065 0.3588135
v 0.03174448 -0.19425 0.34754914
v 0.03174448 -0.2065 0.34754914
v 0.0342016369 -0.2065 0.334380716
v 0.0342033729 -0.19425 0.33436352
v 0.0132950228 -0.2065 0.366548359
v 0.000177706926 -0.2065 0.369661421
v 0.00140454783 -0.206285492 0.3643233
v -0.000850956363 -0.20622097 0.365504354
v 0.0304073915 -0.206283212 0.333573967
v 0.0293847341 -0.206324 0.331180185
v 0.0342033729 -0.2065 0.3332787
v 0.03174448 -0.2065 0.320093066
v 0.0270178039 -0.2062832 0.330028653
v 0.0211849678 -0.2065 0.315373182
v 0.02448305 -0.206351876 0.330601424
v 0.01839899 -0.2065 0.316997141
v 0.01585817 -0.2065 0.331327766
v 0.02433707 -0.2065 0.308828741
v 0.0211849678 -0.2065 0.315373182
v 0.0119147915 -0.2065 0.329494864
v 0.01839899 -0.2065 0.316997141
v 0.0158359166 -0.2065 0.3157593
v 0.00682899263 -0.2065 0.3224949
v 0.00194113748 -0.206358343 0.307834476
v -0.00140000042 -0.2065 0.319821119
v 0.0209754128 -0.2065 0.31253463
v 0.0181760956 -0.2065 0.310933828
v 0.0132950228 -0.2065 0.301093876
v 0.0158225652 -0.2065 0.31253463
v 0.002413682 -0.2062926 0.305195332
v 0.000177706926 -0.2065 0.297980815
v 0.0132950228 -0.2065 0.301093876
v 0.00111920515 -0.2062926 0.30289036
v -0.00137987942 -0.206229955 0.301990837
v -0.0131726209 -0.206208318 0.349278539
v -0.0128608169 -0.206208318 0.35104683
v -0.0186359212 -0.2065 0.351882935
v -0.01904314 -0.2065 0.3558426
v 0.0023567637 -0.206285492 0.361935139
v 0.0132950228 -0.2065 0.366548359
v 0.00140454783 -0.206285492 0.3643233
v 0.0161200054 -0.2065 0.355532378
v 0.0191547759 -0.2065 0.356622756
v -0.00140000042 -0.20265 0.3254211
v -0.00140000042 -0.21314998 0.3254211
v 0.00399941346 -0.21314998 0.32738632
v 0.00399941346 -0.20265 0.32738632
v 0.006872385 -0.21314998 0.332362473
v 0.006872385 -0.20265 0.332362473
v 0.005874613 -0.21314998 0.3380211
v 0.005874613 -0.20265 0.3380211
v 0.00147296616 -0.21314998 0.3417145
v 0.00147296616 -0.20265 0.3417145
v -0.00427296944 -0.21314998 0.3417145
v -0.00427296944 -0.20265 0.3417145
v -0.008674613 -0.21314998 0.3380211
v -0.008674613 -0.20265 0.3380211
v -0.009672386 -0.21314998 0.332362473
v -0.009672386 -0.20265 0.332362473
v -0.00679941662 -0.21314998 0.32738632
v -0.00679941662 -0.20265 0.32738632
v -0.00140000042 -0.21314998 0.3254211
v -0.00140000042 -0.20265 0.3254211
v -0.00140000042 -0.20265 0.3254211
v 0.00399941346 -0.20265 0.32738632
v -0.00679941662 -0.20265 0.32738632
v -0.009672386 -0.20265 0.332362473
v 0.006872385 -0.20265 0.332362473
v -0.008674613 -0.20265 0.3380211
v 0.005874613 -0.20265 0.3380211
v -0.00427296944 -0.20265 0.3417145
v 0.00147296616 -0.20265 0.3417145
v 0.0214872565 -0.19425 0.353843
v 0.0198864881 -0.19425 0.356196523
v 0.02433707 -0.19425 0.3588135
v 0.0166618284 -0.19425 0.356183171
v 0.00140454783 -0.206285492 0.3643233
v -0.000850956363 -0.20622097 0.365504354
v 0.00192445866 -0.19425 0.363310158
v -0.002289157 -0.19425 0.365353644
v -0.00337711931 -0.206285462 0.365017563
v -0.00493197 -0.20622097 0.3630014
v -0.002289157 -0.19425 0.365353644
v -0.00503326347 -0.19425 0.361558884
v 0.0161200054 -0.2065 0.355532378
v 0.0154207228 -0.2065 0.352773339
v 0.0166618284 -0.19425 0.356183171
v 0.0155731952 -0.19425 0.3523544
v 0.0214872565 -0.2065 0.35339722
v 0.0191547759 -0.2065 0.356622756
v 0.0214872565 -0.19425 0.353843
v 0.0198864881 -0.19425 0.356196523
v 0.0209754128 -0.2065 0.31253463
v 0.0211849678 -0.2065 0.315373182
v 0.0205548424 -0.19425 0.311799616
v 0.0209620651 -0.19425 0.3157593
v 0.00948885 -0.212850288 0.325587
v 0.0122439926 -0.2128303 0.333821118
v 0.006872385 -0.21314998 0.332362473
v 0.00399941346 -0.21314998 0.32738632
v 0.00948885549 -0.212850288 0.342055231
v 0.0024850287 -0.21288462 0.346940368
v 0.00147296616 -0.21314998 0.3417145
v -0.00427296944 -0.21314998 0.3417145
v -0.006034478 -0.212914333 0.346731752
v -0.006034478 -0.212914333 0.346731752
v -0.008674613 -0.21314998 0.3380211
v -0.00427296944 -0.21314998 0.3417145
v -0.0127883069 -0.21294342 0.34151414
v -0.0127883069 -0.21294342 0.34151414
v -0.009672386 -0.21314998 0.332362473
v -0.008674613 -0.21314998 0.3380211
v -0.0127883172 -0.21294342 0.3261281
v -0.0127883172 -0.21294342 0.3261281
v -0.006034494 -0.212914333 0.3209105
v -0.00679941662 -0.21314998 0.32738632
v -0.00140000042 -0.21314998 0.3254211
v 0.00248506269 -0.2128846 0.320701838
v 0.00399941346 -0.21314998 0.32738632
v 0.00948885 -0.212850288 0.325587
v -0.06917344 -0.0735 0.5970333
v -0.072275 -0.0735 0.611624956
v -0.0676378 -0.0737239942 0.6097556
v -0.0604050569 -0.0735 0.584964633
v -0.058982417 -0.07372371 0.590218961
v -0.0474859849 -0.0735 0.577505767
v -0.05509976 -0.0737236962 0.5888058
v -0.0396406353 -0.07378688 0.581817448
v -0.0377401337 -0.07372149 0.580128968
v -0.0326500423 -0.0735 0.5759465
v -0.03518261 -0.0737868547 0.5801197
v -0.0184625015 -0.0735 0.580556333
v -0.0331898145 -0.0737215057 0.5816981
v -0.01944141 -0.0736802 0.5902663
v -0.0326807462 -0.0736804 0.584210634
v -0.0184625015 -0.0735 0.580556333
v -0.0331898145 -0.0737215057 0.5816981
v -0.072275 -0.0735 0.611624956
v -0.0680494756 -0.07378965 0.6122685
v -0.0676378 -0.0737239942 0.6097556
v -0.072275 -0.0735 0.611624956
v -0.06680319 -0.073724 0.614489
v -0.0680494756 -0.07378965 0.6122685
v -0.06917344 -0.0735 0.5970333
v -0.0593317635 -0.0737893358 0.592378438
v -0.058982417 -0.07372371 0.590218961
v -0.06917344 -0.0735 0.5970333
v -0.0582782663 -0.07368236 0.594303966
v -0.0593317635 -0.0737893358 0.592378438
v -0.0604050569 -0.0735 0.584964633
v -0.0572869927 -0.07378931 0.5888367
v -0.05509976 -0.0737236962 0.5888058
v -0.0604050569 -0.0735 0.584964633
v -0.058982417 -0.07372371 0.590218961
v -0.0572869927 -0.07378931 0.5888367
v -0.0474859849 -0.0735 0.577505767
v -0.040095266 -0.0736804 0.5843467
v -0.0396406353 -0.07378688 0.581817448
v -0.0326500423 -0.0735 0.5759465
v -0.03518261 -0.0737868547 0.5801197
v -0.0331898145 -0.0737215057 0.5816981
v -0.0184625015 -0.0735 0.580556333
v -0.01944141 -0.0736802 0.5902663
v -0.0177424271 -0.0737866 0.588851452
v -0.0013089577 -0.0735 0.6041662
v -0.007376517 -0.0735 0.5905382
v -0.0144443847 -0.0736314058 0.594278
v -0.007376517 -0.0735 0.5905382
v -0.0134542873 -0.07378662 0.592324853
v -0.0144443847 -0.0736314058 0.594278
v -0.007376517 -0.0735 0.5905382
v -0.0138698658 -0.0737866 0.590185463
v -0.0134542873 -0.07378662 0.592324853
v -0.0013089577 -0.0735 0.6190838
v -0.0013089577 -0.0735 0.6041662
v -0.004680496 -0.07371451 0.6121651
v -0.0013089577 -0.0735 0.6041662
v -0.005225535 -0.0737790242 0.609678
v -0.004680496 -0.07371451 0.6121651
v -0.0013089577 -0.0735 0.6041662
v -0.007222261 -0.0737145 0.6080558
v -0.005225535 -0.0737790242 0.609678
v -0.0013089577 -0.0735 0.6190838
v -0.00593139557 -0.07377902 0.614413142
v -0.008270034 -0.07364669 0.6154177
v -0.007376517 -0.0735 0.632711768
v -0.0138455182 -0.07367423 0.629690468
v -0.0134347575 -0.07377901 0.6318819
v -0.0184625015 -0.0735 0.6426936
v -0.0165021662 -0.0737789944 0.6346217
v -0.0186018441 -0.07364667 0.634010732
v -0.0326500423 -0.0735 0.647303462
v -0.03405717 -0.07378688 0.6425025
v -0.0364636034 -0.0737215057 0.643368542
v -0.0326500423 -0.0735 0.647303462
v -0.03270473 -0.0736804 0.6403467
v -0.03405717 -0.07378688 0.6425025
v -0.0474859849 -0.0735 0.645744145
v -0.0541633666 -0.07365198 0.6339638
v -0.0562629625 -0.07372127 0.634642839
v -0.0400977 -0.0737215057 0.640212357
v -0.0396101847 -0.0737215 0.637698054
v -0.047075 -0.0735 0.6301146
v -0.0541633666 -0.07365198 0.6339638
v -0.0376206152 -0.0737215 0.636085451
v -0.0474859849 -0.0735 0.645744145
v -0.0400977 -0.0737215057 0.640212357
v -0.0541633666 -0.07365198 0.6339638
v -0.0364636034 -0.0737215057 0.643368542
v -0.03882697 -0.07378686 0.6424319
v -0.0326500423 -0.0735 0.647303462
v -0.0184625015 -0.0735 0.6426936
v -0.03270473 -0.0736804 0.6403467
v -0.0186018441 -0.07364667 0.634010732
v -0.0604050569 -0.0735 0.6382853
v -0.0562629625 -0.07372127 0.634642839
v -0.0582888871 -0.07378662 0.6338288
v -0.06917344 -0.0735 0.62621665
v -0.0593800023 -0.0737212747 0.63192
v -0.0376206152 -0.0737215 0.636085451
v -0.0364 -0.0735 0.632975
v -0.047075 -0.0735 0.6301146
v -0.05337946 -0.07372129 0.629869938
v -0.05488964 -0.0735 0.622299969
v -0.05307145 -0.07378662 0.6320315
v -0.0331262127 -0.07372151 0.637808263
v -0.03270473 -0.0736804 0.6403467
v -0.0186018441 -0.07364667 0.634010732
v -0.0350598469 -0.07372149 0.636129
v -0.025725 -0.0735 0.6301146
v -0.0186018441 -0.07364667 0.634010732
v -0.0604050569 -0.0735 0.6382853
v -0.0582888871 -0.07378662 0.6338288
v -0.0593800023 -0.0737212747 0.63192
v -0.072275 -0.0735 0.611624956
v -0.06917344 -0.0735 0.62621665
v -0.06680319 -0.073724 0.614489
v -0.06917344 -0.0735 0.62621665
v -0.0643999949 -0.07368261 0.615384459
v -0.06680319 -0.073724 0.614489
v -0.0572418049 -0.0736801848 0.6283558
v -0.05488964 -0.0735 0.622299969
v -0.0643999949 -0.07368261 0.615384459
v -0.0572418049 -0.0736801848 0.6283558
v -0.05505757 -0.0737866 0.62844944
v -0.05488964 -0.0735 0.622299969
v -0.05505757 -0.0737866 0.62844944
v -0.05337946 -0.07372129 0.629869938
v -0.05488964 -0.0735 0.622299969
v -0.05307145 -0.07378662 0.6320315
v -0.0541633666 -0.07365198 0.6339638
v -0.047075 -0.0735 0.6301146
v -0.025725 -0.0735 0.6301146
v -0.0186018441 -0.07364667 0.634010732
v -0.0197329186 -0.07377902 0.6320767
v -0.0150500014 -0.0735 0.611624956
v -0.01791036 -0.0735 0.622299969
v -0.0107274335 -0.07371452 0.614576161
v -0.01791036 -0.0735 0.622299969
v -0.008270034 -0.07364669 0.6154177
v -0.0107274335 -0.07371452 0.614576161
v -0.01791036 -0.0735 0.622299969
v -0.015602801 -0.07371451 0.6283482
v -0.008270034 -0.07364669 0.6154177
v -0.015602801 -0.07371451 0.6283482
v -0.0138455182 -0.07367423 0.629690468
v -0.008270034 -0.07364669 0.6154177
v -0.01791036 -0.0735 0.600949943
v -0.0150500014 -0.0735 0.611624956
v -0.0117104724 -0.07371452 0.6098454
v -0.0150500014 -0.0735 0.611624956
v -0.012048929 -0.07377902 0.6123688
v -0.0117104724 -0.07371452 0.6098454
v -0.0150500014 -0.0735 0.611624956
v -0.0107274335 -0.07371452 0.614576161
v -0.012048929 -0.07377902 0.6123688
v -0.01791036 -0.0735 0.600949943
v -0.0165457837 -0.07378662 0.595011532
v -0.0186210126 -0.07372129 0.5943329
v -0.01791036 -0.0735 0.600949943
v -0.0144443847 -0.0736314058 0.594278
v -0.0165457837 -0.07378662 0.595011532
v -0.0364 -0.0735 0.590275
v -0.025725 -0.0735 0.5931353
v -0.033945 -0.0737215 0.5864518
v -0.01791036 -0.0735 0.600949943
v -0.0186210126 -0.07372129 0.5943329
v -0.0197285563 -0.07378662 0.5924336
v -0.025725 -0.0735 0.5931353
v -0.0326807462 -0.0736804 0.584210634
v -0.033945 -0.0737215 0.5864518
v -0.025725 -0.0735 0.5931353
v -0.01944141 -0.0736802 0.5902663
v -0.0326807462 -0.0736804 0.584210634
v -0.047075 -0.0735 0.5931353
v -0.0364 -0.0735 0.590275
v -0.0387575775 -0.0737215 0.5865336
v -0.05339757 -0.07368236 0.59020865
v -0.040095266 -0.0736804 0.5843467
v -0.0364 -0.0735 0.590275
v -0.0363450758 -0.07378686 0.5873353
v -0.0387575775 -0.0737215 0.5865336
v -0.0364 -0.0735 0.590275
v -0.033945 -0.0737215 0.5864518
v -0.0363450758 -0.07378686 0.5873353
v -0.047075 -0.0735 0.5931353
v -0.05339757 -0.07368236 0.59020865
v -0.05306621 -0.0737893358 0.592378438
v -0.0577499978 -0.0735 0.611624956
v -0.05488964 -0.0735 0.600949943
v -0.0611621961 -0.073724 0.6097556
v -0.05488964 -0.0735 0.600949943
v -0.06311416 -0.07368259 0.608092248
v -0.0611621961 -0.073724 0.6097556
v -0.05488964 -0.0735 0.600949943
v -0.0582782663 -0.07368236 0.594303966
v -0.06311416 -0.07368259 0.608092248
v -0.0582782663 -0.07368236 0.594303966
v -0.06917344 -0.0735 0.5970333
v -0.06311416 -0.07368259 0.608092248
v -0.05488964 -0.0735 0.622299969
v -0.0577499978 -0.0735 0.611624956
v -0.061996825 -0.073724 0.614489
v -0.0577499978 -0.0735 0.611624956
v -0.0607505254 -0.07378965 0.612268448
v -0.061996825 -0.073724 0.614489
v -0.0577499978 -0.0735 0.611624956
v -0.0611621961 -0.073724 0.6097556
v -0.0607505254 -0.07378965 0.612268448
v -0.015602801 -0.07371451 0.6283482
v -0.01791036 -0.0735 0.622299969
v -0.0177876186 -0.07377902 0.628452957
v -0.01791036 -0.0735 0.622299969
v -0.019456815 -0.07371452 0.6299069
v -0.0177876186 -0.07377902 0.628452957
v -0.0138698658 -0.0737866 0.590185463
v -0.007376517 -0.0735 0.5905382
v -0.0155601967 -0.07372125 0.588779449
v -0.01944141 -0.0736802 0.5902663
v -0.025725 -0.0735 0.5931353
v -0.0197285563 -0.07378662 0.5924336
v -0.0582782663 -0.07368236 0.594303966
v -0.05488964 -0.0735 0.600949943
v -0.056199003 -0.0737893358 0.5950071
v -0.05509976 -0.0737236962 0.5888058
v -0.05339757 -0.07368236 0.59020865
v -0.0474859849 -0.0735 0.577505767
v -0.05339757 -0.07368236 0.59020865
v -0.040095266 -0.0736804 0.5843467
v -0.0474859849 -0.0735 0.577505767
v -0.047075 -0.0735 0.5931353
v -0.0387575775 -0.0737215 0.5865336
v -0.040095266 -0.0736804 0.5843467
v -0.0572418049 -0.0736801848 0.6283558
v -0.06917344 -0.0735 0.62621665
v -0.05893013 -0.07378662 0.629783332
v -0.06917344 -0.0735 0.62621665
v -0.0593800023 -0.0737212747 0.63192
v -0.05893013 -0.07378662 0.629783332
v -0.0572418049 -0.0736801848 0.6283558
v -0.0643999949 -0.07368261 0.615384459
v -0.05488964 -0.0735 0.622299969
v -0.061996825 -0.073724 0.614489
v -0.06311416 -0.07368259 0.608092248
v -0.06917344 -0.0735 0.5970333
v -0.06566747 -0.0737896338 0.6081427
v -0.06917344 -0.0735 0.5970333
v -0.0676378 -0.0737239942 0.6097556
v -0.06566747 -0.0737896338 0.6081427
v -0.0400977 -0.0737215057 0.640212357
v -0.0474859849 -0.0735 0.645744145
v -0.03882697 -0.07378686 0.6424319
v -0.00593139557 -0.07377902 0.614413142
v -0.0013089577 -0.0735 0.6190838
v -0.004680496 -0.07371451 0.6121651
v -0.0144443847 -0.0736314058 0.594278
v -0.01791036 -0.0735 0.600949943
v -0.009792043 -0.0737145 0.6081338
v -0.0144443847 -0.0736314058 0.594278
v -0.007222261 -0.0737145 0.6080558
v -0.0013089577 -0.0735 0.6041662
v -0.01791036 -0.0735 0.600949943
v -0.0117104724 -0.07371452 0.6098454
v -0.009792043 -0.0737145 0.6081338
v -0.072275 -0.08575 0.611624956
v -0.0667676 -0.08575021 0.61444664
v -0.06604062 -0.08575 0.6193272
v -0.06236431 -0.08575 0.6193298
v -0.0667676 -0.08575021 0.61444664
v -0.072275 -0.08575 0.611624956
v -0.06784683 -0.08575 0.6110172
v -0.06565973 -0.08575018 0.6081637
v -0.06632867 -0.08575 0.603831
v -0.0619003065 -0.08575 0.6040579
v -0.06917344 -0.08575 0.5970333
v -0.0619675368 -0.08575 0.594767
v -0.0604050569 -0.08575 0.584964633
v -0.0604050569 -0.08575 0.584964633
v -0.05928227 -0.08575014 0.5923697
v -0.05726984 -0.08575018 0.588883936
v -0.05341243 -0.08575 0.5857977
v -0.0474859849 -0.08575 0.577505767
v -0.0561989881 -0.08575014 0.5949569
v -0.0594315119 -0.08575 0.597572148
v -0.0619675368 -0.08575 0.594767
v -0.06917344 -0.08575 0.62621665
v -0.06604062 -0.08575 0.6193272
v -0.062227264 -0.08575 0.628637433
v -0.0604050569 -0.08575 0.6382853
v -0.05917399 -0.08575 0.631424
v -0.0441022068 -0.08575 0.581984341
v -0.05341243 -0.08575 0.5857977
v -0.0441048443 -0.08575 0.585660636
v -0.0400696956 -0.0857502744 0.5837727
v -0.0422452167 -0.08575 0.588981152
v -0.05021901 -0.08575 0.5890499
v -0.0542867 -0.08575 0.589547
v -0.0531157032 -0.08575011 0.5923697
v -0.0497988835 -0.08575 0.592808
v -0.04381516 -0.08575 0.595388055
v -0.0514163747 -0.08575 0.601974547
v -0.0338596776 -0.08575 0.593956649
v -0.0422452167 -0.08575 0.588981152
v -0.0441022068 -0.08575 0.581984341
v -0.0371827222 -0.08575032 0.5800367
v -0.0326500423 -0.08575 0.5759465
v -0.0184625015 -0.08575 0.580556333
v -0.0286059845 -0.08575 0.581696332
v -0.0195420124 -0.08575 0.5860575
v -0.0160844065 -0.08575 0.5888962
v -0.0190711748 -0.0857502 0.5899172
v -0.0230866764 -0.08575 0.5924048
v -0.01890979 -0.08575023 0.5939272
v -0.0247107353 -0.08575 0.5981348
v -0.0190711748 -0.0857502 0.5899172
v -0.0223471 -0.08575 0.5885934
v -0.0230866764 -0.08575 0.5924048
v -0.01371283 -0.08575023 0.5906412
v -0.007376517 -0.08575 0.5905382
v -0.01057273 -0.08575 0.594612539
v -0.0013089577 -0.08575 0.6041662
v -0.00675937533 -0.08575 0.603922844
v -0.00675937533 -0.08575 0.603922844
v -0.008662235 -0.08575 0.6079917
v -0.0104357125 -0.08575 0.603920162
v -0.0013089577 -0.08575 0.6041662
v -0.00536891166 -0.08575 0.609874964
v -0.00512237148 -0.08575 0.6132145
v -0.0247107353 -0.08575 0.5981348
v -0.0308417585 -0.08575 0.589203656
v -0.0338596776 -0.08575 0.593956649
v -0.03689185 -0.08575032 0.5872646
v -0.03290112 -0.0857502744 0.5847413
v -0.03290112 -0.0857502744 0.5847413
v -0.02883295 -0.08575 0.586124659
v -0.0286059845 -0.08575 0.581696332
v -0.0337188467 -0.08575 0.5813752
v -0.0326500423 -0.08575 0.5759465
v -0.01890979 -0.08575023 0.5939272
v -0.01758299 -0.08575 0.59822613
v -0.019273052 -0.08575 0.606596053
v -0.0137561439 -0.08575 0.605779767
v -0.0120236007 -0.08575 0.611252367
v -0.019273052 -0.08575 0.61665386
v -0.0139786722 -0.08575 0.6171832
v -0.009396175 -0.08575 0.6151289
v -0.0171798058 -0.08575 0.62493825
v -0.0108996965 -0.08575 0.619192
v -0.0139786722 -0.08575 0.6171832
v -0.01758299 -0.08575 0.59822613
v -0.0149327023 -0.0857502 0.5944646
v -0.0138249351 -0.08575 0.597806036
v -0.008662235 -0.08575 0.6079917
v -0.0120236007 -0.08575 0.611252367
v -0.0104357125 -0.08575 0.603920162
v -0.0247107353 -0.08575 0.6251151
v -0.0171798058 -0.08575 0.62493825
v -0.0196810775 -0.08575 0.63110733
v -0.0338596776 -0.08575 0.6292933
v -0.0305547938 -0.08575 0.6342688
v -0.0419582427 -0.08575 0.6340463
v -0.04381516 -0.08575 0.627862
v -0.017618522 -0.08575 0.6286284
v -0.0171798058 -0.08575 0.62493825
v -0.0147866579 -0.08575 0.6289149
v -0.0133685088 -0.08575 0.6256779
v -0.0439670458 -0.08575 0.6371253
v -0.0397978649 -0.0857502744 0.6382311
v -0.0441940129 -0.08575 0.6415537
v -0.0497133248 -0.08575 0.6308452
v -0.0514163747 -0.08575 0.621275365
v -0.0419582427 -0.08575 0.6340463
v -0.03561725 -0.08575032 0.636036754
v -0.0338596776 -0.08575 0.6292933
v -0.0225809775 -0.08575 0.634200156
v -0.0185133033 -0.08575 0.633702934
v -0.0230011158 -0.08575 0.630441964
v -0.0247107353 -0.08575 0.6251151
v -0.0305547938 -0.08575 0.6342688
v -0.02869516 -0.08575 0.637589335
v -0.0331110731 -0.08575 0.6384279
v -0.0336837769 -0.08575032 0.642096937
v -0.0286977962 -0.08575 0.6412656
v -0.0326500423 -0.08575 0.647303462
v -0.0336837769 -0.08575032 0.642096937
v -0.03836276 -0.08575032 0.6427292
v -0.0193875842 -0.08575 0.6374523
v -0.0185133033 -0.08575 0.633702934
v -0.0153352628 -0.08575 0.6342498
v -0.0184625015 -0.08575 0.6426936
v -0.0153352628 -0.08575 0.6342498
v -0.007376517 -0.08575 0.632711768
v -0.0136712063 -0.08575 0.631940544
v -0.0108324615 -0.08575 0.628483
v -0.00647134148 -0.08575 0.619419
v -0.0013089577 -0.08575 0.6190838
v -0.00512237148 -0.08575 0.6132145
v -0.0013089577 -0.08575 0.6041662
v -0.009396175 -0.08575 0.6151289
v -0.0108996965 -0.08575 0.619192
v -0.0286977962 -0.08575 0.6412656
v -0.0193875842 -0.08575 0.6374523
v -0.0326500423 -0.08575 0.647303462
v -0.0474859849 -0.08575 0.645744145
v -0.0441940129 -0.08575 0.6415537
v -0.0532579869 -0.08575 0.637192547
v -0.05786728 -0.0857502744 0.6340626
v -0.0538902245 -0.0857502 0.6335252
v -0.05045292 -0.08575 0.6346566
v -0.05521701 -0.08575 0.625023842
v -0.0514163747 -0.08575 0.621275365
v -0.05904385 -0.08575 0.6174702
v -0.05425 -0.08575 0.611624956
v -0.06203239 -0.08575018 0.61444664
v -0.06236431 -0.08575 0.6193298
v -0.06121013 -0.08575021 0.609783351
v -0.058821328 -0.08575 0.6060667
v -0.0589750633 -0.08575 0.625444
v -0.0576498881 -0.0857502 0.628659844
v -0.05372883 -0.0857502744 0.6295152
v -0.06565973 -0.08575018 0.6081637
v -0.0619003065 -0.08575 0.6040579
v -0.058821328 -0.08575 0.6060667
v -0.0514163747 -0.08575 0.601974547
v -0.05562021 -0.08575 0.5983117
v -0.0531157032 -0.08575011 0.5923697
v -0.01371283 -0.08575023 0.5906412
v -0.0160844065 -0.08575 0.5888962
v -0.0184625015 -0.08575 0.580556333
v -0.01057273 -0.08575 0.594612539
v -0.0149327023 -0.0857502 0.5944646
v -0.0138249351 -0.08575 0.597806036
v -0.0326500423 -0.08575 0.5759465
v -0.0337188467 -0.08575 0.5813752
v -0.0371827222 -0.08575032 0.5800367
v -0.0604050569 -0.08575 0.584964633
v -0.05726984 -0.08575018 0.588883936
v -0.05928227 -0.08575014 0.5923697
v -0.05562021 -0.08575 0.5983117
v -0.0561989881 -0.08575014 0.5949569
v -0.0531157032 -0.08575011 0.5923697
v -0.072275 -0.08575 0.611624956
v -0.06632867 -0.08575 0.603831
v -0.06565973 -0.08575018 0.6081637
v -0.0542867 -0.08575 0.589547
v -0.05726984 -0.08575018 0.588883936
v -0.05341243 -0.08575 0.5857977
v -0.0561989881 -0.08575014 0.5949569
v -0.05562021 -0.08575 0.5983117
v -0.0594315119 -0.08575 0.597572148
v -0.05917399 -0.08575 0.631424
v -0.05786728 -0.0857502744 0.6340626
v -0.0604050569 -0.08575 0.6382853
v -0.0186018441 -0.07364667 0.634010732
v -0.0165021662 -0.0737789944 0.6346217
v -0.0185133033 -0.08575 0.633702934
v -0.0165021662 -0.0737789944 0.6346217
v -0.0153352628 -0.08575 0.6342498
v -0.0185133033 -0.08575 0.633702934
v -0.0165021662 -0.0737789944 0.6346217
v -0.0144363 -0.07371449 0.633826435
v -0.0153352628 -0.08575 0.6342498
v -0.0144363 -0.07371449 0.633826435
v -0.0134347575 -0.07377901 0.6318819
v -0.0153352628 -0.08575 0.6342498
v -0.0138455182 -0.07367423 0.629690468
v -0.0136712063 -0.08575 0.631940544
v -0.015602801 -0.07371451 0.6283482
v -0.0147866579 -0.08575 0.6289149
v -0.0177876186 -0.07377902 0.628452957
v -0.0147866579 -0.08575 0.6289149
v -0.019456815 -0.07371452 0.6299069
v -0.017618522 -0.08575 0.6286284
v -0.0197329186 -0.07377902 0.6320767
v -0.0196810775 -0.08575 0.63110733
v -0.0134347575 -0.07377901 0.6318819
v -0.0136712063 -0.08575 0.631940544
v -0.0153352628 -0.08575 0.6342498
v -0.0138455182 -0.07367423 0.629690468
v -0.0147866579 -0.08575 0.6289149
v -0.0136712063 -0.08575 0.631940544
v -0.0177876186 -0.07377902 0.628452957
v -0.017618522 -0.08575 0.6286284
v -0.0147866579 -0.08575 0.6289149
v -0.019456815 -0.07371452 0.6299069
v -0.0196810775 -0.08575 0.63110733
v -0.017618522 -0.08575 0.6286284
v -0.0197329186 -0.07377902 0.6320767
v -0.0186018441 -0.07364667 0.634010732
v -0.0196810775 -0.08575 0.63110733
v -0.0186018441 -0.07364667 0.634010732
v -0.0185133033 -0.08575 0.633702934
v -0.0196810775 -0.08575 0.63110733
v -0.0165457837 -0.07378662 0.595011532
v -0.0144443847 -0.0736314058 0.594278
v -0.0149327023 -0.0857502 0.5944646
v -0.0149327023 -0.0857502 0.5944646
v -0.01890979 -0.08575023 0.5939272
v -0.0186210126 -0.07372129 0.5943329
v -0.0197285563 -0.07378662 0.5924336
v -0.01890979 -0.08575023 0.5939272
v -0.0197285563 -0.07378662 0.5924336
v -0.0190711748 -0.0857502 0.5899172
v -0.01944141 -0.0736802 0.5902663
v -0.0144443847 -0.0736314058 0.594278
v -0.0134542873 -0.07378662 0.592324853
v -0.0149327023 -0.0857502 0.5944646
v -0.0134542873 -0.07378662 0.592324853
v -0.01371283 -0.08575023 0.5906412
v -0.0149327023 -0.0857502 0.5944646
v -0.0134542873 -0.07378662 0.592324853
v -0.0138698658 -0.0737866 0.590185463
v -0.0138698658 -0.0737866 0.590185463
v -0.0155601967 -0.07372125 0.588779449
v -0.01371283 -0.08575023 0.5906412
v -0.0177424271 -0.0737866 0.588851452
v -0.0160844065 -0.08575 0.5888962
v -0.01944141 -0.0736802 0.5902663
v -0.0190711748 -0.0857502 0.5899172
v -0.0155601967 -0.07372125 0.588779449
v -0.0160844065 -0.08575 0.5888962
v -0.01371283 -0.08575023 0.5906412
v -0.0177424271 -0.0737866 0.588851452
v -0.0190711748 -0.0857502 0.5899172
v -0.0160844065 -0.08575 0.5888962
v -0.05339757 -0.07368236 0.59020865
v -0.0542867 -0.08575 0.589547
v -0.0531157032 -0.08575011 0.5923697
v -0.05339757 -0.07368236 0.59020865
v -0.05509976 -0.0737236962 0.5888058
v -0.0542867 -0.08575 0.589547
v -0.05306621 -0.0737893358 0.592378438
v -0.0531157032 -0.08575011 0.5923697
v -0.05413302 -0.07372371 0.5942881
v -0.0531157032 -0.08575011 0.5923697
v -0.0561989881 -0.08575014 0.5949569
v -0.056199003 -0.0737893358 0.5950071
v -0.0582782663 -0.07368236 0.594303966
v -0.0561989881 -0.08575014 0.5949569
v -0.0582782663 -0.07368236 0.594303966
v -0.05928227 -0.08575014 0.5923697
v -0.0593317635 -0.0737893358 0.592378438
v -0.058982417 -0.07372371 0.590218961
v -0.05928227 -0.08575014 0.5923697
v -0.05726984 -0.08575018 0.588883936
v -0.0572869927 -0.07378931 0.5888367
v -0.05509976 -0.0737236962 0.5888058
v -0.05726984 -0.08575018 0.588883936
v -0.0542867 -0.08575 0.589547
v -0.05509976 -0.0737236962 0.5888058
v -0.0572869927 -0.07378931 0.5888367
v -0.05726984 -0.08575018 0.588883936
v -0.0541633666 -0.07365198 0.6339638
v -0.05307145 -0.07378662 0.6320315
v -0.0538902245 -0.0857502 0.6335252
v -0.0572418049 -0.0736801848 0.6283558
v -0.05893013 -0.07378662 0.629783332
v -0.0576498881 -0.0857502 0.628659844
v -0.0593800023 -0.0737212747 0.63192
v -0.05917399 -0.08575 0.631424
v -0.05893013 -0.07378662 0.629783332
v -0.05917399 -0.08575 0.631424
v -0.0576498881 -0.0857502 0.628659844
v -0.0593800023 -0.0737212747 0.63192
v -0.05786728 -0.0857502744 0.6340626
v -0.05917399 -0.08575 0.631424
v -0.0593800023 -0.0737212747 0.63192
v -0.0582888871 -0.07378662 0.6338288
v -0.05786728 -0.0857502744 0.6340626
v -0.0562629625 -0.07372127 0.634642839
v -0.05786728 -0.0857502744 0.6340626
v -0.0562629625 -0.07372127 0.634642839
v -0.0538902245 -0.0857502 0.6335252
v -0.0541633666 -0.07365198 0.6339638
v -0.0286059864 -0.07875 0.6415537
v -0.0193875842 -0.08575 0.6374523
v -0.0286977962 -0.08575 0.6412656
v -0.0286059864 -0.07875 0.6415537
v -0.0195420124 -0.07875 0.637192547
v -0.0193875842 -0.08575 0.6374523
v -0.0308417585 -0.07875 0.6340463
v -0.0288329553 -0.07875 0.6371253
v -0.0305547938 -0.08575 0.6342688
v -0.0288329553 -0.07875 0.6371253
v -0.02869516 -0.08575 0.637589335
v -0.0305547938 -0.08575 0.6342688
v -0.0286977962 -0.08575 0.6412656
v -0.02869516 -0.08575 0.637589335
v -0.0286059864 -0.07875 0.6415537
v -0.02869516 -0.08575 0.637589335
v -0.0288329553 -0.07875 0.6371253
v -0.0286059864 -0.07875 0.6415537
v -0.0195420124 -0.07875 0.637192547
v -0.0223470815 -0.07875 0.6346566
v -0.0193875842 -0.08575 0.6374523
v -0.0223470815 -0.07875 0.6346566
v -0.0225809775 -0.08575 0.634200156
v -0.0193875842 -0.08575 0.6374523
v -0.0230011158 -0.08575 0.630441964
v -0.0225809775 -0.08575 0.634200156
v -0.0230866764 -0.07875 0.6308452
v -0.0225809775 -0.08575 0.634200156
v -0.0223470815 -0.07875 0.6346566
v -0.0230866764 -0.07875 0.6308452
v -0.0288329553 -0.07875 0.6371253
v -0.0223470815 -0.07875 0.6346566
v -0.0286059864 -0.07875 0.6415537
v -0.0223470815 -0.07875 0.6346566
v -0.0195420124 -0.07875 0.637192547
v -0.0286059864 -0.07875 0.6415537
v -0.0288329553 -0.07875 0.6371253
v -0.0230866764 -0.07875 0.6308452
v -0.0308417585 -0.07875 0.6340463
v -0.0138249351 -0.07875 0.625444
v -0.01375616 -0.07875 0.6174702
v -0.01057274 -0.07875 0.628637433
v -0.0138249351 -0.07875 0.625444
v -0.01758299 -0.07875 0.625023842
v -0.01375616 -0.07875 0.6174702
v -0.00675937533 -0.07875 0.6193272
v -0.01057274 -0.07875 0.628637433
v -0.0104356892 -0.07875 0.6193298
v -0.01057274 -0.07875 0.628637433
v -0.01375616 -0.07875 0.6174702
v -0.0104356892 -0.07875 0.6193298
v -0.0133684855 -0.07875 0.597572148
v -0.0108324615 -0.07875 0.594767
v -0.00647133356 -0.07875 0.603831
v -0.0589750633 -0.07875 0.597806036
v -0.0623642839 -0.07875 0.603920162
v -0.0622272678 -0.07875 0.594612539
v -0.0623642839 -0.07875 0.603920162
v -0.06604062 -0.07875 0.603922844
v -0.0622272678 -0.07875 0.594612539
v -0.0623642839 -0.07875 0.603920162
v -0.0589750633 -0.07875 0.597806036
v -0.05904385 -0.07875 0.605779767
v -0.0589750633 -0.07875 0.597806036
v -0.05521701 -0.07875 0.59822613
v -0.05904385 -0.07875 0.605779767
v -0.06632866 -0.07875 0.619419
v -0.0556202047 -0.07875 0.62493825
v -0.05943149 -0.07875 0.6256779
v -0.0619003028 -0.07875 0.619192
v -0.0556202047 -0.07875 0.62493825
v -0.058821328 -0.07875 0.6171832
v -0.06632866 -0.07875 0.619419
v -0.05943149 -0.07875 0.6256779
v -0.0619675368 -0.07875 0.628483
v -0.0441022068 -0.07875 0.6412656
v -0.04410484 -0.07875 0.637589335
v -0.0441940129 -0.08575 0.6415537
v -0.04410484 -0.07875 0.637589335
v -0.0439670458 -0.08575 0.6371253
v -0.0441940129 -0.08575 0.6415537
v -0.0419582427 -0.08575 0.6340463
v -0.0439670458 -0.08575 0.6371253
v -0.0422452055 -0.07875 0.6342688
v -0.0439670458 -0.08575 0.6371253
v -0.04410484 -0.07875 0.637589335
v -0.0422452055 -0.07875 0.6342688
v -0.05341242 -0.07875 0.6374523
v -0.0441940129 -0.08575 0.6415537
v -0.0532579869 -0.08575 0.637192547
v -0.05341242 -0.07875 0.6374523
v -0.0441022068 -0.07875 0.6412656
v -0.0441940129 -0.08575 0.6415537
v -0.0497988835 -0.07875 0.630441964
v -0.05021902 -0.07875 0.634200156
v -0.0497133248 -0.08575 0.6308452
v -0.05021902 -0.07875 0.634200156
v -0.05045292 -0.08575 0.6346566
v -0.0497133248 -0.08575 0.6308452
v -0.0532579869 -0.08575 0.637192547
v -0.05045292 -0.08575 0.6346566
v -0.05341242 -0.07875 0.6374523
v -0.05045292 -0.08575 0.6346566
v -0.05021902 -0.07875 0.634200156
v -0.05341242 -0.07875 0.6374523
v -0.01057274 -0.07875 0.628637433
v -0.00647134148 -0.08575 0.619419
v -0.0108324615 -0.08575 0.628483
v -0.01057274 -0.07875 0.628637433
v -0.00675937533 -0.07875 0.6193272
v -0.00647134148 -0.08575 0.619419
v -0.01758299 -0.07875 0.625023842
v -0.0138249351 -0.07875 0.625444
v -0.0171798058 -0.08575 0.62493825
v -0.0138249351 -0.07875 0.625444
v -0.0133685088 -0.08575 0.6256779
v -0.0171798058 -0.08575 0.62493825
v -0.0108324615 -0.08575 0.628483
v -0.0133685088 -0.08575 0.6256779
v -0.01057274 -0.07875 0.628637433
v -0.0133685088 -0.08575 0.6256779
v -0.0138249351 -0.07875 0.625444
v -0.01057274 -0.07875 0.628637433
v -0.00675937533 -0.07875 0.6193272
v -0.0104356892 -0.07875 0.6193298
v -0.00647134148 -0.08575 0.619419
v -0.0104356892 -0.07875 0.6193298
v -0.0108996965 -0.08575 0.619192
v -0.00647134148 -0.08575 0.619419
v -0.0139786722 -0.08575 0.6171832
v -0.0108996965 -0.08575 0.619192
v -0.01375616 -0.07875 0.6174702
v -0.0108996965 -0.08575 0.619192
v -0.0104356892 -0.07875 0.6193298
v -0.01375616 -0.07875 0.6174702
v -0.00647133356 -0.07875 0.603831
v -0.01057273 -0.08575 0.594612539
v -0.00675937533 -0.08575 0.603922844
v -0.00647133356 -0.07875 0.603831
v -0.0108324615 -0.07875 0.594767
v -0.01057273 -0.08575 0.594612539
v -0.0139786722 -0.07875 0.6060667
v -0.0108996909 -0.07875 0.6040579
v -0.0137561439 -0.08575 0.605779767
v -0.0108996909 -0.07875 0.6040579
v -0.0104357125 -0.08575 0.603920162
v -0.0137561439 -0.08575 0.605779767
v -0.00675937533 -0.08575 0.603922844
v -0.0104357125 -0.08575 0.603920162
v -0.00647133356 -0.07875 0.603831
v -0.0104357125 -0.08575 0.603920162
v -0.0108996909 -0.07875 0.6040579
v -0.00647133356 -0.07875 0.603831
v -0.0108324615 -0.07875 0.594767
v -0.0133684855 -0.07875 0.597572148
v -0.01057273 -0.08575 0.594612539
v -0.0133684855 -0.07875 0.597572148
v -0.0138249351 -0.08575 0.597806036
v -0.01057273 -0.08575 0.594612539
v -0.01758299 -0.08575 0.59822613
v -0.0138249351 -0.08575 0.597806036
v -0.0171797853 -0.07875 0.5983117
v -0.0138249351 -0.08575 0.597806036
v -0.0133684855 -0.07875 0.597572148
v -0.0171797853 -0.07875 0.5983117
v -0.0193875637 -0.07875 0.5857977
v -0.0286059845 -0.08575 0.581696332
v -0.0195420124 -0.08575 0.5860575
v -0.0193875637 -0.07875 0.5857977
v -0.0286977962 -0.07875 0.581984341
v -0.0286059845 -0.08575 0.581696332
v -0.0230011158 -0.07875 0.592808
v -0.0225809887 -0.07875 0.5890499
v -0.0230866764 -0.08575 0.5924048
v -0.0225809887 -0.07875 0.5890499
v -0.0223471 -0.08575 0.5885934
v -0.0230866764 -0.08575 0.5924048
v -0.0195420124 -0.08575 0.5860575
v -0.0223471 -0.08575 0.5885934
v -0.0193875637 -0.07875 0.5857977
v -0.0223471 -0.08575 0.5885934
v -0.0225809887 -0.07875 0.5890499
v -0.0193875637 -0.07875 0.5857977
v -0.0286977962 -0.07875 0.581984341
v -0.0286951549 -0.07875 0.585660636
v -0.0286059845 -0.08575 0.581696332
v -0.0286951549 -0.07875 0.585660636
v -0.02883295 -0.08575 0.586124659
v -0.0286059845 -0.08575 0.581696332
v -0.0308417585 -0.08575 0.589203656
v -0.02883295 -0.08575 0.586124659
v -0.0305547845 -0.07875 0.588981152
v -0.02883295 -0.08575 0.586124659
v -0.0286951549 -0.07875 0.585660636
v -0.0305547845 -0.07875 0.588981152
v -0.0441940129 -0.07875 0.581696332
v -0.05341243 -0.08575 0.5857977
v -0.0441022068 -0.08575 0.581984341
v -0.0441940129 -0.07875 0.581696332
v -0.0532579869 -0.07875 0.5860575
v -0.05341243 -0.08575 0.5857977
v -0.0419582427 -0.07875 0.589203656
v -0.0439670533 -0.07875 0.586124659
v -0.0422452167 -0.08575 0.588981152
v -0.0439670533 -0.07875 0.586124659
v -0.0441048443 -0.08575 0.585660636
v -0.0422452167 -0.08575 0.588981152
v -0.0441022068 -0.08575 0.581984341
v -0.0441048443 -0.08575 0.585660636
v -0.0441940129 -0.07875 0.581696332
v -0.0441048443 -0.08575 0.585660636
v -0.0439670533 -0.07875 0.586124659
v -0.0441940129 -0.07875 0.581696332
v -0.0532579869 -0.07875 0.5860575
v -0.0504529 -0.07875 0.5885934
v -0.05341243 -0.08575 0.5857977
v -0.0504529 -0.07875 0.5885934
v -0.05021901 -0.08575 0.5890499
v -0.05341243 -0.08575 0.5857977
v -0.0497988835 -0.08575 0.592808
v -0.05021901 -0.08575 0.5890499
v -0.0497133248 -0.07875 0.5924048
v -0.05021901 -0.08575 0.5890499
v -0.0504529 -0.07875 0.5885934
v -0.0497133248 -0.07875 0.5924048
v -0.0622272678 -0.07875 0.594612539
v -0.06632867 -0.08575 0.603831
v -0.0619675368 -0.08575 0.594767
v -0.0622272678 -0.07875 0.594612539
v -0.06604062 -0.07875 0.603922844
v -0.06632867 -0.08575 0.603831
v -0.05521701 -0.07875 0.59822613
v -0.0589750633 -0.07875 0.597806036
v -0.05562021 -0.08575 0.5983117
v -0.0589750633 -0.07875 0.597806036
v -0.0594315119 -0.08575 0.597572148
v -0.05562021 -0.08575 0.5983117
v -0.0619675368 -0.08575 0.594767
v -0.0594315119 -0.08575 0.597572148
v -0.0622272678 -0.07875 0.594612539
v -0.0594315119 -0.08575 0.597572148
v -0.0589750633 -0.07875 0.597806036
v -0.0622272678 -0.07875 0.594612539
v -0.06604062 -0.07875 0.603922844
v -0.0623642839 -0.07875 0.603920162
v -0.06632867 -0.08575 0.603831
v -0.0623642839 -0.07875 0.603920162
v -0.0619003065 -0.08575 0.6040579
v -0.06632867 -0.08575 0.603831
v -0.058821328 -0.08575 0.6060667
v -0.0619003065 -0.08575 0.6040579
v -0.05904385 -0.07875 0.605779767
v -0.0619003065 -0.08575 0.6040579
v -0.0623642839 -0.07875 0.603920162
v -0.05904385 -0.07875 0.605779767
v -0.06632866 -0.07875 0.619419
v -0.062227264 -0.08575 0.628637433
v -0.06604062 -0.08575 0.6193272
v -0.06632866 -0.07875 0.619419
v -0.0619675368 -0.07875 0.628483
v -0.062227264 -0.08575 0.628637433
v -0.058821328 -0.07875 0.6171832
v -0.0619003028 -0.07875 0.619192
v -0.05904385 -0.08575 0.6174702
v -0.0619003028 -0.07875 0.619192
v -0.06236431 -0.08575 0.6193298
v -0.05904385 -0.08575 0.6174702
v -0.06604062 -0.08575 0.6193272
v -0.06236431 -0.08575 0.6193298
v -0.06632866 -0.07875 0.619419
v -0.06236431 -0.08575 0.6193298
v -0.0619003028 -0.07875 0.619192
v -0.06632866 -0.07875 0.619419
v -0.0619675368 -0.07875 0.628483
v -0.05943149 -0.07875 0.6256779
v -0.062227264 -0.08575 0.628637433
v -0.05943149 -0.07875 0.6256779
v -0.0589750633 -0.08575 0.625444
v -0.062227264 -0.08575 0.628637433
v -0.05521701 -0.08575 0.625023842
v -0.0589750633 -0.08575 0.625444
v -0.0556202047 -0.07875 0.62493825
v -0.0589750633 -0.08575 0.625444
v -0.05943149 -0.07875 0.6256779
v -0.0556202047 -0.07875 0.62493825
v -0.0159916747 -0.0735 0.366594553
v -0.00140000042 -0.0735 0.369696081
v -0.00326932454 -0.073724 0.365058929
v -0.0280603226 -0.0735 0.357826144
v -0.022806 -0.0737237 0.356403559
v -0.0355191566 -0.0735 0.344907075
v -0.0242191963 -0.07372371 0.352520823
v -0.0312075485 -0.07378688 0.3370618
v -0.0328960121 -0.0737215057 0.335161239
v -0.0370784737 -0.0735 0.330071151
v -0.032905288 -0.07378686 0.332603723
v -0.0324686654 -0.0735 0.315883636
v -0.0313268229 -0.0737215057 0.330610931
v -0.02275873 -0.0736802 0.3168625
v -0.0288143158 -0.0736804 0.330101877
v -0.0324686654 -0.0735 0.315883636
v -0.0313268229 -0.0737215057 0.330610931
v -0.00140000042 -0.0735 0.369696081
v -0.0007564897 -0.07378965 0.3654706
v -0.00326932454 -0.073724 0.365058929
v -0.00140000042 -0.0735 0.369696081
v 0.001464006 -0.0737239942 0.3642243
v -0.0007564897 -0.07378965 0.3654706
v -0.0159916747 -0.0735 0.366594553
v -0.0206466187 -0.07378933 0.356752872
v -0.022806 -0.0737237 0.356403559
v -0.0159916747 -0.0735 0.366594553
v -0.0187210087 -0.07368235 0.3556994
v -0.0206466187 -0.07378933 0.356752872
v -0.0280603226 -0.0735 0.357826144
v -0.0241882522 -0.0737893358 0.354708076
v -0.0242191963 -0.07372371 0.352520823
v -0.0280603226 -0.0735 0.357826144
v -0.022806 -0.0737237 0.356403559
v -0.0241882522 -0.0737893358 0.354708076
v -0.0355191566 -0.0735 0.344907075
v -0.0286782831 -0.0736804 0.3375164
v -0.0312075485 -0.07378688 0.3370618
v -0.0370784737 -0.0735 0.330071151
v -0.032905288 -0.07378686 0.332603723
v -0.0313268229 -0.0737215057 0.330610931
v -0.0324686654 -0.0735 0.315883636
v -0.02275873 -0.0736802 0.3168625
v -0.0241735224 -0.07378662 0.315163523
v -0.008858834 -0.0735 0.298730046
v -0.0224867966 -0.0735 0.30479762
v -0.018747 -0.0736314058 0.311865538
v -0.0224867966 -0.0735 0.30479762
v -0.02070025 -0.07378662 0.3108754
v -0.018747 -0.0736314058 0.311865538
v -0.0224867966 -0.0735 0.30479762
v -0.0228395481 -0.0737866 0.31129095
v -0.02070025 -0.07378662 0.3108754
v 0.00605883123 -0.0735 0.298730046
v -0.008858834 -0.0735 0.298730046
v -0.0008599399 -0.07371452 0.3021016
v -0.008858834 -0.0735 0.298730046
v -0.00334694027 -0.0737790242 0.302646637
v -0.0008599399 -0.07371452 0.3021016
v -0.008858834 -0.0735 0.298730046
v -0.004969213 -0.07371451 0.3046434
v -0.00334694027 -0.0737790242 0.302646637
v 0.00605883123 -0.0735 0.298730046
v 0.00138815842 -0.07377901 0.303352475
v 0.00239264034 -0.07364669 0.305691153
v 0.0196867958 -0.0735 0.30479762
v 0.0166655369 -0.0736742243 0.3112666
v 0.018856857 -0.07377902 0.310855865
v 0.02966866 -0.0735 0.315883636
v 0.02159664 -0.07377902 0.3139232
v 0.0209856965 -0.07364669 0.316022962
v 0.0342784747 -0.0735 0.330071151
v 0.02947752 -0.07378686 0.331478238
v 0.0303435288 -0.0737215 0.333884716
v 0.0342784747 -0.0735 0.330071151
v 0.0273217168 -0.0736804 0.330125839
v 0.02947752 -0.07378686 0.331478238
v 0.03271915 -0.0735 0.344907075
v 0.0209388155 -0.07365198 0.351584435
v 0.0216177888 -0.07372127 0.353684038
v 0.0271874312 -0.0737215 0.3375188
v 0.0246731769 -0.07372151 0.3370313
v 0.0170896426 -0.0735 0.3444961
v 0.0209388155 -0.07365198 0.351584435
v 0.02306048 -0.0737215057 0.3350417
v 0.03271915 -0.0735 0.344907075
v 0.0271874312 -0.0737215 0.3375188
v 0.0209388155 -0.07365198 0.351584435
v 0.0303435288 -0.0737215 0.333884716
v 0.02940692 -0.07378686 0.33624813
v 0.0342784747 -0.0735 0.330071151
v 0.02966866 -0.0735 0.315883636
v 0.0273217168 -0.0736804 0.330125839
v 0.0209856965 -0.07364669 0.316022962
v 0.0252603218 -0.0735 0.357826144
v 0.0216177888 -0.07372127 0.353684038
v 0.0208037514 -0.07378662 0.35571003
v 0.0131916739 -0.0735 0.366594553
v 0.0188949239 -0.0737212747 0.3568011
v 0.02306048 -0.0737215057 0.3350417
v 0.019949995 -0.0735 0.333821118
v 0.0170896426 -0.0735 0.3444961
v 0.0168449767 -0.0737212747 0.350800544
v 0.009274998 -0.0735 0.352310747
v 0.01900654 -0.07378662 0.350492537
v 0.0247833375 -0.0737215057 0.330547333
v 0.0273217168 -0.0736804 0.330125839
v 0.0209856965 -0.07364669 0.316022962
v 0.0231039859 -0.0737215057 0.332480967
v 0.0170896426 -0.0735 0.3231461
v 0.0209856965 -0.07364669 0.316022962
v 0.0252603218 -0.0735 0.357826144
v 0.0208037514 -0.07378662 0.35571003
v 0.0188949239 -0.0737212747 0.3568011
v -0.00140000042 -0.0735 0.369696081
v 0.0131916739 -0.0735 0.366594553
v 0.001464006 -0.0737239942 0.3642243
v 0.0131916739 -0.0735 0.366594553
v 0.00235945731 -0.0736826062 0.361821115
v 0.001464006 -0.0737239942 0.3642243
v 0.0153308874 -0.07368019 0.354662955
v 0.009274998 -0.0735 0.352310747
v 0.00235945731 -0.0736826062 0.361821115
v 0.0153308874 -0.07368019 0.354662955
v 0.0154244518 -0.07378662 0.352478683
v 0.009274998 -0.0735 0.352310747
v 0.0154244518 -0.07378662 0.352478683
v 0.0168449767 -0.0737212747 0.350800544
v 0.009274998 -0.0735 0.352310747
v 0.01900654 -0.07378662 0.350492537
v 0.0209388155 -0.07365198 0.351584435
v 0.0170896426 -0.0735 0.3444961
v 0.0170896426 -0.0735 0.3231461
v 0.0209856965 -0.07364669 0.316022962
v 0.0190516412 -0.07377902 0.31715402
v -0.00140000042 -0.0735 0.3124711
v 0.009274998 -0.0735 0.315331459
v 0.00155114767 -0.07371451 0.308148563
v 0.009274998 -0.0735 0.315331459
v 0.00239264034 -0.07364669 0.305691153
v 0.00155114767 -0.07371451 0.308148563
v 0.009274998 -0.0735 0.315331459
v 0.0153231164 -0.07371451 0.313023955
v 0.00239264034 -0.07364669 0.305691153
v 0.0153231164 -0.07371451 0.313023955
v 0.0166655369 -0.0736742243 0.3112666
v 0.00239264034 -0.07364669 0.305691153
v -0.0120750014 -0.0735 0.315331459
v -0.00140000042 -0.0735 0.3124711
v -0.003179604 -0.07371452 0.309131622
v -0.00140000042 -0.0735 0.3124711
v -0.000656187 -0.07377902 0.309470028
v -0.003179604 -0.07371452 0.309131622
v -0.00140000042 -0.0735 0.3124711
v 0.00155114767 -0.07371451 0.308148563
v -0.000656187 -0.07377902 0.309470028
v -0.0120750014 -0.0735 0.315331459
v -0.018013455 -0.07378662 0.31396687
v -0.0186921377 -0.07372127 0.316042155
v -0.0120750014 -0.0735 0.315331459
v -0.018747 -0.0736314058 0.311865538
v -0.018013455 -0.07378662 0.31396687
v -0.02275 -0.0735 0.333821118
v -0.0198896434 -0.0735 0.3231461
v -0.0265731756 -0.0737215 0.3313661
v -0.0120750014 -0.0735 0.315331459
v -0.0186921377 -0.07372127 0.316042155
v -0.0205914155 -0.07378662 0.317149639
v -0.0198896434 -0.0735 0.3231461
v -0.0288143158 -0.0736804 0.330101877
v -0.0265731756 -0.0737215 0.3313661
v -0.0198896434 -0.0735 0.3231461
v -0.02275873 -0.0736802 0.3168625
v -0.0288143158 -0.0736804 0.330101877
v -0.0198896434 -0.0735 0.3444961
v -0.02275 -0.0735 0.333821118
v -0.0264914129 -0.0737215057 0.3361787
v -0.0228163842 -0.07368236 0.3508187
v -0.0286782831 -0.0736804 0.3375164
v -0.02275 -0.0735 0.333821118
v -0.02568974 -0.07378686 0.333766222
v -0.0264914129 -0.0737215057 0.3361787
v -0.02275 -0.0735 0.333821118
v -0.0265731756 -0.0737215 0.3313661
v -0.02568974 -0.07378686 0.333766222
v -0.0198896434 -0.0735 0.3444961
v -0.0228163842 -0.07368236 0.3508187
v -0.0206465852 -0.0737893358 0.350487322
v -0.00140000042 -0.0735 0.355171084
v -0.0120750014 -0.0735 0.352310747
v -0.00326933246 -0.073724 0.358583272
v -0.0120750014 -0.0735 0.352310747
v -0.00493273651 -0.0736826062 0.360535324
v -0.00326933246 -0.073724 0.358583272
v -0.0120750014 -0.0735 0.352310747
v -0.0187210087 -0.07368235 0.3556994
v -0.00493273651 -0.0736826062 0.360535324
v -0.0187210087 -0.07368235 0.3556994
v -0.0159916747 -0.0735 0.366594553
v -0.00493273651 -0.0736826062 0.360535324
v 0.009274998 -0.0735 0.352310747
v -0.00140000042 -0.0735 0.355171084
v 0.00146401126 -0.0737239942 0.3594179
v -0.00140000042 -0.0735 0.355171084
v -0.0007564871 -0.0737896562 0.3581716
v 0.00146401126 -0.0737239942 0.3594179
v -0.00140000042 -0.0735 0.355171084
v -0.00326933246 -0.073724 0.358583272
v -0.0007564871 -0.0737896562 0.3581716
v 0.0153231164 -0.07371451 0.313023955
v 0.009274998 -0.0735 0.315331459
v 0.0154280039 -0.07377902 0.3152087
v 0.009274998 -0.0735 0.315331459
v 0.01688185 -0.07371452 0.3168779
v 0.0154280039 -0.07377902 0.3152087
v -0.0228395481 -0.0737866 0.31129095
v -0.0224867966 -0.0735 0.30479762
v -0.0242455546 -0.07372127 0.3129813
v -0.02275873 -0.0736802 0.3168625
v -0.0198896434 -0.0735 0.3231461
v -0.0205914155 -0.07378662 0.317149639
v -0.0187210087 -0.07368235 0.3556994
v -0.0120750014 -0.0735 0.352310747
v -0.0180178881 -0.07378933 0.3536201
v -0.0242191963 -0.07372371 0.352520823
v -0.0228163842 -0.07368236 0.3508187
v -0.0355191566 -0.0735 0.344907075
v -0.0228163842 -0.07368236 0.3508187
v -0.0286782831 -0.0736804 0.3375164
v -0.0355191566 -0.0735 0.344907075
v -0.0198896434 -0.0735 0.3444961
v -0.0264914129 -0.0737215057 0.3361787
v -0.0286782831 -0.0736804 0.3375164
v 0.0153308874 -0.07368019 0.354662955
v 0.0131916739 -0.0735 0.366594553
v 0.0167583972 -0.0737866 0.3563513
v 0.0131916739 -0.0735 0.366594553
v 0.0188949239 -0.0737212747 0.3568011
v 0.0167583972 -0.0737866 0.3563513
v 0.0153308874 -0.07368019 0.354662955
v 0.00235945731 -0.0736826062 0.361821115
v 0.009274998 -0.0735 0.352310747
v 0.00146401126 -0.0737239942 0.3594179
v -0.00493273651 -0.0736826062 0.360535324
v -0.0159916747 -0.0735 0.366594553
v -0.004882296 -0.07378965 0.363088578
v -0.0159916747 -0.0735 0.366594553
v -0.00326932454 -0.073724 0.365058929
v -0.004882296 -0.07378965 0.363088578
v 0.0271874312 -0.0737215 0.3375188
v 0.03271915 -0.0735 0.344907075
v 0.02940692 -0.07378686 0.33624813
v 0.00138815842 -0.07377901 0.303352475
v 0.00605883123 -0.0735 0.298730046
v -0.0008599399 -0.07371452 0.3021016
v -0.018747 -0.0736314058 0.311865538
v -0.0120750014 -0.0735 0.315331459
v -0.0048912093 -0.07371452 0.307213157
v -0.018747 -0.0736314058 0.311865538
v -0.004969213 -0.07371451 0.3046434
v -0.008858834 -0.0735 0.298730046
v -0.0120750014 -0.0735 0.315331459
v -0.003179604 -0.07371452 0.309131622
v -0.0048912093 -0.07371452 0.307213157
v 0.0162683148 -0.08575 0.3312808
v 0.02124386 -0.08575 0.3279759
v 0.0243543182 -0.0857502744 0.330915034
v 0.02442727 -0.08575 0.3168087
v 0.0206779726 -0.08575 0.3159344
v 0.0212247763 -0.08575 0.3127564
v 0.0282406248 -0.08575 0.3261189
v 0.0342784747 -0.08575 0.330071151
v 0.02779707 -0.08575 0.330532163
v 0.02456431 -0.08575 0.326116264
v 0.0243543182 -0.0857502744 0.330915034
v 0.02124386 -0.08575 0.3279759
v 0.0162683148 -0.08575 0.3312808
v 0.02334811 -0.08575032 0.335528016
v 0.0120901279 -0.08575 0.322131842
v 0.0210213289 -0.08575 0.33937934
v 0.0148369307 -0.08575 0.341236264
v 0.0178202018 -0.08575 0.3471344
v 0.008250436 -0.08575 0.3488375
v 0.03271915 -0.08575 0.344907075
v 0.0302395746 -0.0857503861 0.33332935
v 0.0277163 -0.0857502744 0.33732003
v 0.0252603218 -0.08575 0.357826144
v 0.0285286661 -0.08575 0.3416151
v 0.0241675321 -0.08575 0.35067907
v 0.0210375544 -0.0857502744 0.355288446
v 0.0205001533 -0.0857502 0.351311326
v 0.0216315519 -0.08575 0.347874016
v 0.0131916739 -0.08575 0.366594553
v 0.0156124095 -0.08575 0.359648377
v 0.006302203 -0.08575 0.363461763
v 0.006304842 -0.08575 0.359785438
v 0.0022833515 -0.08575018 0.361821115
v -0.00140000042 -0.08575 0.369696081
v 0.006302203 -0.08575 0.363461763
v -0.000760383 -0.0857502446 0.365448475
v -0.004861215 -0.08575018 0.363080859
v -0.00919401553 -0.08575 0.363749772
v -0.008967049 -0.08575 0.359321475
v -0.0159916747 -0.08575 0.366594553
v -0.0182579886 -0.08575 0.359388649
v -0.0280603226 -0.08575 0.357826144
v -0.0280603226 -0.08575 0.357826144
v -0.0206553135 -0.08575014 0.356703371
v -0.0154528962 -0.08575 0.356852621
v -0.0182579886 -0.08575 0.359388649
v -0.02414102 -0.08575018 0.3546909
v -0.0272272769 -0.08575 0.3508335
v -0.0355191566 -0.08575 0.344907075
v -0.0310406256 -0.08575 0.341523319
v -0.03243109 -0.08575 0.3355711
v -0.0370784737 -0.08575 0.330071151
v -0.0292523354 -0.0857502744 0.3374908
v -0.0273643024 -0.08575 0.341525942
v -0.0240438636 -0.08575 0.3396663
v -0.0176369324 -0.08575 0.341236264
v -0.0202170126 -0.08575 0.347219974
v -0.0110504394 -0.08575 0.3488375
v -0.0190683156 -0.08575 0.3312808
v -0.0240438636 -0.08575 0.3396663
v -0.0239750911 -0.08575 0.347640127
v -0.0227644183 -0.0857501253 0.350908726
v -0.0272272769 -0.08575 0.3508335
v -0.02414102 -0.08575018 0.3546909
v -0.00695824157 -0.08575 0.356242418
v -0.0147133265 -0.08575 0.3530413
v -0.00140000042 -0.08575 0.3516711
v -0.000760396 -0.08575021 0.358193725
v -0.0040811575 -0.08575 0.359571338
v -0.008967049 -0.08575 0.359321475
v 0.00444520032 -0.08575 0.356464922
v 0.008250436 -0.08575 0.3488375
v 0.0119988844 -0.08575 0.352638125
v 0.0124190059 -0.08575 0.3563962
v 0.01546919 -0.08575 0.354136676
v 0.017214166 -0.08575023 0.356508285
v 0.01531072 -0.08575 0.314245
v 0.01191332 -0.08575 0.3146009
v 0.0126528963 -0.08575 0.3107896
v 0.00605883123 -0.08575 0.298730046
v 0.00192446122 -0.08575 0.304332048
v -0.00228916714 -0.08575 0.3022886
v -0.007245214 -0.08575 0.311177254
v -0.00503326626 -0.08575 0.306083322
v -0.00177265168 -0.08575 0.3094447
v -0.009104842 -0.08575 0.307856768
v -0.00503326626 -0.08575 0.306083322
v -0.009102207 -0.08575 0.304180473
v -0.008858834 -0.08575 0.298730046
v -0.00228916714 -0.08575 0.3022886
v 0.00605883123 -0.08575 0.298730046
v -0.0184124187 -0.08575 0.307993829
v -0.0224867966 -0.08575 0.30479762
v -0.0223838128 -0.08575023 0.311133951
v -0.0324686654 -0.08575 0.315883636
v -0.0192867 -0.08575 0.3117431
v -0.0223838128 -0.08575023 0.311133951
v -0.0241287947 -0.08575 0.3135055
v -0.0324686654 -0.08575 0.315883636
v -0.0184124187 -0.08575 0.307993829
v -0.015219016 -0.08575 0.311246
v -0.01810535 -0.0857502 0.314440131
v -0.0192867 -0.08575 0.3117431
v 0.00639402028 -0.08575 0.303892463
v 0.00192446122 -0.08575 0.304332048
v 0.006167046 -0.08575 0.308320761
v 0.0196867958 -0.08575 0.30479762
v 0.0154579869 -0.08575 0.308253556
v 0.01764319 -0.08575 0.31101945
v 0.01764319 -0.08575 0.31101945
v 0.0126528963 -0.08575 0.3107896
v 0.01531072 -0.08575 0.314245
v 0.0212247763 -0.08575 0.3127564
v 0.0196867958 -0.08575 0.30479762
v 0.02966866 -0.08575 0.315883636
v 0.02442727 -0.08575 0.3168087
v 0.0211750939 -0.08575 0.3200021
v 0.0206779726 -0.08575 0.3159344
v 0.0180822387 -0.08575 0.317102164
v 0.0174170081 -0.08575 0.3204222
v 0.0120901279 -0.08575 0.322131842
v 0.02124386 -0.08575 0.3279759
v 0.01191332 -0.08575 0.3146009
v 0.00362892379 -0.08575 0.31669417
v 0.00415824074 -0.08575 0.311399758
v -0.00177265168 -0.08575 0.3094447
v 0.00128115132 -0.08575 0.308070868
v -0.006428927 -0.08575 0.31669417
v -0.0147988861 -0.08575 0.3150041
v -0.0148901315 -0.08575 0.322131842
v -0.01810535 -0.0857502 0.314440131
v -0.015219016 -0.08575 0.311246
v -0.01810535 -0.0857502 0.314440131
v 0.006167046 -0.08575 0.308320761
v 0.00128115132 -0.08575 0.308070868
v 0.00192446122 -0.08575 0.304332048
v -0.0206202045 -0.08575 0.320507824
v -0.02382133 -0.08575 0.328262836
v -0.02310783 -0.0857502 0.3164923
v -0.0244315378 -0.08575 0.31976822
v -0.0269675385 -0.08575 0.3169631
v -0.0148901315 -0.08575 0.322131842
v -0.02018148 -0.08575 0.3168177
v -0.0206202045 -0.08575 0.320507824
v -0.02310783 -0.0857502 0.3164923
v -0.0241287947 -0.08575 0.3135055
v -0.0313286558 -0.08575 0.326027066
v -0.0326518863 -0.0857503861 0.3321142
v -0.0190683156 -0.08575 0.3312808
v -0.0257604253 -0.08575032 0.334312916
v -0.0282836668 -0.0857502744 0.330322236
v -0.0313286558 -0.08575 0.326027066
v -0.0282836668 -0.0857502744 0.330322236
v -0.0269003529 -0.08575 0.32625404
v -0.0370784737 -0.08575 0.330071151
v -0.0326518863 -0.0857503861 0.3321142
v -0.03243109 -0.08575 0.3355711
v -0.0280603226 -0.08575 0.357826144
v -0.02414102 -0.08575018 0.3546909
v -0.0206553135 -0.08575014 0.356703371
v -0.0040811575 -0.08575 0.359571338
v -0.004861215 -0.08575018 0.363080859
v -0.008967049 -0.08575 0.359321475
v 0.006302203 -0.08575 0.363461763
v -0.000760383 -0.0857502446 0.365448475
v 0.0022833515 -0.08575018 0.361821115
v -0.00140000042 -0.08575 0.369696081
v -0.00919401553 -0.08575 0.363749772
v -0.004861215 -0.08575018 0.363080859
v 0.02779707 -0.08575 0.330532163
v 0.0342784747 -0.08575 0.330071151
v 0.0302395746 -0.0857503861 0.33332935
v 0.0180822387 -0.08575 0.317102164
v 0.01191332 -0.08575 0.3146009
v 0.01531072 -0.08575 0.314245
v 0.017214166 -0.08575023 0.356508285
v 0.0210375544 -0.0857502744 0.355288446
v 0.0252603218 -0.08575 0.357826144
v 0.0119988844 -0.08575 0.352638125
v 0.0164901465 -0.0857502744 0.351149917
v 0.01546919 -0.08575 0.354136676
v 0.0209856965 -0.07364669 0.316022962
v 0.02159664 -0.07377902 0.3139232
v 0.0206779726 -0.08575 0.3159344
v 0.02159664 -0.07377902 0.3139232
v 0.0212247763 -0.08575 0.3127564
v 0.0206779726 -0.08575 0.3159344
v 0.02159664 -0.07377902 0.3139232
v 0.0208013635 -0.07371452 0.311857432
v 0.0212247763 -0.08575 0.3127564
v 0.018856857 -0.07377902 0.310855865
v 0.0166655369 -0.0736742243 0.3112666
v 0.01764319 -0.08575 0.31101945
v 0.0153231164 -0.07371451 0.313023955
v 0.0154280039 -0.07377902 0.3152087
v 0.01531072 -0.08575 0.314245
v 0.0153231164 -0.07371451 0.313023955
v 0.01764319 -0.08575 0.31101945
v 0.0166655369 -0.0736742243 0.3112666
v 0.0154280039 -0.07377902 0.3152087
v 0.01688185 -0.07371452 0.3168779
v 0.01531072 -0.08575 0.314245
v 0.01688185 -0.07371452 0.3168779
v 0.0180822387 -0.08575 0.317102164
v 0.01531072 -0.08575 0.314245
v 0.01688185 -0.07371452 0.3168779
v 0.0190516412 -0.07377902 0.31715402
v 0.0190516412 -0.07377902 0.31715402
v 0.0209856965 -0.07364669 0.316022962
v 0.0180822387 -0.08575 0.317102164
v 0.0209856965 -0.07364669 0.316022962
v 0.0206779726 -0.08575 0.3159344
v 0.0180822387 -0.08575 0.317102164
v -0.0186921377 -0.07372127 0.316042155
v -0.018013455 -0.07378662 0.31396687
v -0.01810535 -0.0857502 0.314440131
v -0.0205914155 -0.07378662 0.317149639
v -0.02018148 -0.08575 0.3168177
v -0.02275873 -0.0736802 0.3168625
v -0.02310783 -0.0857502 0.3164923
v -0.018013455 -0.07378662 0.31396687
v -0.018747 -0.0736314058 0.311865538
v -0.01810535 -0.0857502 0.314440131
v -0.018747 -0.0736314058 0.311865538
v -0.0192867 -0.08575 0.3117431
v -0.01810535 -0.0857502 0.314440131
v -0.018747 -0.0736314058 0.311865538
v -0.02070025 -0.07378662 0.3108754
v -0.0192867 -0.08575 0.3117431
v -0.02070025 -0.07378662 0.3108754
v -0.0223838128 -0.08575023 0.311133951
v -0.0192867 -0.08575 0.3117431
v -0.02070025 -0.07378662 0.3108754
v -0.0228395481 -0.0737866 0.31129095
v -0.0223838128 -0.08575023 0.311133951
v -0.0228395481 -0.0737866 0.31129095
v -0.0242455546 -0.07372127 0.3129813
v -0.0223838128 -0.08575023 0.311133951
v -0.0241735224 -0.07378662 0.315163523
v -0.0241287947 -0.08575 0.3135055
v -0.02275873 -0.0736802 0.3168625
v -0.02310783 -0.0857502 0.3164923
v -0.0242455546 -0.07372127 0.3129813
v -0.0241287947 -0.08575 0.3135055
v -0.0223838128 -0.08575023 0.311133951
v -0.0241735224 -0.07378662 0.315163523
v -0.02310783 -0.0857502 0.3164923
v -0.0241287947 -0.08575 0.3135055
v -0.0205914155 -0.07378662 0.317149639
v -0.02018148 -0.08575 0.3168177
v -0.02310783 -0.0857502 0.3164923
v -0.0186921377 -0.07372127 0.316042155
v -0.01810535 -0.0857502 0.314440131
v -0.02018148 -0.08575 0.3168177
v -0.0180178881 -0.07378933 0.3536201
v -0.0188006163 -0.08575014 0.351607621
v -0.0184034072 -0.08575 0.354637623
v -0.0242191963 -0.07372371 0.352520823
v -0.0241882522 -0.0737893358 0.354708076
v -0.02414102 -0.08575018 0.3546909
v -0.0242191963 -0.07372371 0.352520823
v -0.0227644183 -0.0857501253 0.350908726
v -0.0228163842 -0.07368236 0.3508187
v -0.0242191963 -0.07372371 0.352520823
v -0.0206465852 -0.0737893358 0.350487322
v -0.0227644183 -0.0857501253 0.350908726
v -0.0188006163 -0.08575014 0.351607621
v -0.0187369 -0.0737237 0.351554155
v -0.0180178881 -0.07378933 0.3536201
v -0.0188006163 -0.08575014 0.351607621
v -0.0187210087 -0.07368235 0.3556994
v -0.0184034072 -0.08575 0.354637623
v -0.0206466187 -0.07378933 0.356752872
v -0.0206553135 -0.08575014 0.356703371
v -0.022806 -0.0737237 0.356403559
v -0.0206553135 -0.08575014 0.356703371
v -0.02414102 -0.08575018 0.3546909
v -0.0241882522 -0.0737893358 0.354708076
v -0.0187210087 -0.07368235 0.3556994
v -0.0184034072 -0.08575 0.354637623
v -0.0206553135 -0.08575014 0.356703371
v 0.0209388155 -0.07365198 0.351584435
v 0.01900654 -0.07378662 0.350492537
v 0.0205001533 -0.0857502 0.351311326
v 0.0154244518 -0.07378662 0.352478683
v 0.01546919 -0.08575 0.354136676
v 0.0164901465 -0.0857502744 0.351149917
v 0.0153308874 -0.07368019 0.354662955
v 0.017214166 -0.08575023 0.356508285
v 0.01546919 -0.08575 0.354136676
v 0.0167583972 -0.0737866 0.3563513
v 0.0188949239 -0.0737212747 0.3568011
v 0.017214166 -0.08575023 0.356508285
v 0.0153308874 -0.07368019 0.354662955
v 0.017214166 -0.08575023 0.356508285
v 0.0154244518 -0.07378662 0.352478683
v 0.01546919 -0.08575 0.354136676
v 0.0168449767 -0.0737212747 0.350800544
v 0.0164901465 -0.0857502744 0.351149917
v 0.01900654 -0.07378662 0.350492537
v 0.0164901465 -0.0857502744 0.351149917
v 0.0205001533 -0.0857502 0.351311326
v 0.0188949239 -0.0737212747 0.3568011
v 0.0210375544 -0.0857502744 0.355288446
v 0.017214166 -0.08575023 0.356508285
v 0.0188949239 -0.0737212747 0.3568011
v 0.0208037514 -0.07378662 0.35571003
v 0.0210375544 -0.0857502744 0.355288446
v 0.0216177888 -0.07372127 0.353684038
v 0.0210375544 -0.0857502744 0.355288446
v 0.0216177888 -0.07372127 0.353684038
v 0.0205001533 -0.0857502 0.351311326
v 0.0209388155 -0.07365198 0.351584435
v 0.0285286549 -0.07875 0.326027066
v 0.02442727 -0.08575 0.3168087
v 0.0282406248 -0.08575 0.3261189
v 0.0285286549 -0.07875 0.326027066
v 0.0241675321 -0.07875 0.3169631
v 0.02442727 -0.08575 0.3168087
v 0.0210213289 -0.07875 0.328262836
v 0.0241003484 -0.07875 0.32625404
v 0.02124386 -0.08575 0.3279759
v 0.0241003484 -0.07875 0.32625404
v 0.02456431 -0.08575 0.326116264
v 0.02124386 -0.08575 0.3279759
v 0.0282406248 -0.08575 0.3261189
v 0.02456431 -0.08575 0.326116264
v 0.0285286549 -0.07875 0.326027066
v 0.02456431 -0.08575 0.326116264
v 0.0241003484 -0.07875 0.32625404
v 0.0285286549 -0.07875 0.326027066
v 0.0241675321 -0.07875 0.3169631
v 0.02163154 -0.07875 0.31976822
v 0.02442727 -0.08575 0.3168087
v 0.02163154 -0.07875 0.31976822
v 0.0211750939 -0.08575 0.3200021
v 0.02442727 -0.08575 0.3168087
v 0.0174170081 -0.08575 0.3204222
v 0.0211750939 -0.08575 0.3200021
v 0.0178202018 -0.07875 0.320507824
v 0.0211750939 -0.08575 0.3200021
v 0.02163154 -0.07875 0.31976822
v 0.0178202018 -0.07875 0.320507824
v -0.008967047 -0.07875 0.308320761
v -0.0147133209 -0.07875 0.3146009
v -0.0154529 -0.07875 0.310789555
v -0.0147133209 -0.07875 0.3146009
v -0.008967047 -0.07875 0.308320761
v -0.00695824157 -0.07875 0.311399758
v -0.0152190113 -0.07875 0.3563962
v -0.009104842 -0.07875 0.359785438
v -0.0184124131 -0.07875 0.359648377
v -0.009104842 -0.07875 0.359785438
v -0.009102207 -0.07875 0.363461763
v -0.0184124131 -0.07875 0.359648377
v 0.006167048 -0.07875 0.359321475
v 0.00415824074 -0.07875 0.356242418
v 0.0119133256 -0.07875 0.353041321
v 0.00639401237 -0.07875 0.363749772
v 0.0126528963 -0.07875 0.356852621
v 0.0154579869 -0.07875 0.359388649
v 0.0282406248 -0.07875 0.341523319
v 0.0245643 -0.07875 0.341525942
v 0.0285286661 -0.08575 0.3416151
v 0.0245643 -0.07875 0.341525942
v 0.0241003018 -0.08575 0.341388136
v 0.0285286661 -0.08575 0.3416151
v 0.0210213289 -0.08575 0.33937934
v 0.0241003018 -0.08575 0.341388136
v 0.02124386 -0.07875 0.3396663
v 0.0241003018 -0.08575 0.341388136
v 0.0245643 -0.07875 0.341525942
v 0.02124386 -0.07875 0.3396663
v 0.0244272817 -0.07875 0.3508335
v 0.0285286661 -0.08575 0.3416151
v 0.0241675321 -0.08575 0.35067907
v 0.0244272817 -0.07875 0.3508335
v 0.0282406248 -0.07875 0.341523319
v 0.0285286661 -0.08575 0.3416151
v 0.0174170081 -0.07875 0.347219974
v 0.0211750939 -0.07875 0.347640127
v 0.0178202018 -0.08575 0.3471344
v 0.0211750939 -0.07875 0.347640127
v 0.0216315519 -0.08575 0.347874016
v 0.0178202018 -0.08575 0.3471344
v 0.0241675321 -0.08575 0.35067907
v 0.0216315519 -0.08575 0.347874016
v 0.0244272817 -0.07875 0.3508335
v 0.0216315519 -0.08575 0.347874016
v 0.0211750939 -0.07875 0.347640127
v 0.0244272817 -0.07875 0.3508335
v 0.0156124206 -0.07875 0.307993829
v 0.00639402028 -0.08575 0.303892463
v 0.0154579869 -0.08575 0.308253556
v 0.0156124206 -0.07875 0.307993829
v 0.006302203 -0.07875 0.304180473
v 0.00639402028 -0.08575 0.303892463
v 0.0119988844 -0.07875 0.3150041
v 0.0124190114 -0.07875 0.311246
v 0.01191332 -0.08575 0.3146009
v 0.0124190114 -0.07875 0.311246
v 0.0126528963 -0.08575 0.3107896
v 0.01191332 -0.08575 0.3146009
v 0.0154579869 -0.08575 0.308253556
v 0.0126528963 -0.08575 0.3107896
v 0.0156124206 -0.07875 0.307993829
v 0.0126528963 -0.08575 0.3107896
v 0.0124190114 -0.07875 0.311246
v 0.0156124206 -0.07875 0.307993829
v 0.006302203 -0.07875 0.304180473
v 0.006304842 -0.07875 0.307856768
v 0.00639402028 -0.08575 0.303892463
v 0.006304842 -0.07875 0.307856768
v 0.006167046 -0.08575 0.308320761
v 0.00639402028 -0.08575 0.303892463
v 0.00415824074 -0.08575 0.311399758
v 0.006167046 -0.08575 0.308320761
v 0.00444521569 -0.07875 0.311177254
v 0.006167046 -0.08575 0.308320761
v 0.006304842 -0.07875 0.307856768
v 0.00444521569 -0.07875 0.311177254
v -0.009194021 -0.07875 0.303892463
v -0.0184124187 -0.08575 0.307993829
v -0.009102207 -0.08575 0.304180473
v -0.009194021 -0.07875 0.303892463
v -0.0182579886 -0.07875 0.308253556
v -0.0184124187 -0.08575 0.307993829
v -0.00695824157 -0.07875 0.311399758
v -0.008967047 -0.07875 0.308320761
v -0.007245214 -0.08575 0.311177254
v -0.008967047 -0.07875 0.308320761
v -0.009104842 -0.08575 0.307856768
v -0.007245214 -0.08575 0.311177254
v -0.009102207 -0.08575 0.304180473
v -0.009104842 -0.08575 0.307856768
v -0.009194021 -0.07875 0.303892463
v -0.009104842 -0.08575 0.307856768
v -0.008967047 -0.07875 0.308320761
v -0.009194021 -0.07875 0.303892463
v -0.0182579886 -0.07875 0.308253556
v -0.0154529 -0.07875 0.310789555
v -0.0184124187 -0.08575 0.307993829
v -0.0154529 -0.07875 0.310789555
v -0.015219016 -0.08575 0.311246
v -0.0184124187 -0.08575 0.307993829
v -0.0147988861 -0.08575 0.3150041
v -0.015219016 -0.08575 0.311246
v -0.0147133209 -0.07875 0.3146009
v -0.015219016 -0.08575 0.311246
v -0.0154529 -0.07875 0.310789555
v -0.0147133209 -0.07875 0.3146009
v -0.0272272732 -0.07875 0.3168087
v -0.0313286558 -0.08575 0.326027066
v -0.0269675385 -0.08575 0.3169631
v -0.0272272732 -0.07875 0.3168087
v -0.0310406256 -0.07875 0.3261189
v -0.0313286558 -0.08575 0.326027066
v -0.0202170126 -0.07875 0.3204222
v -0.0239750911 -0.07875 0.3200021
v -0.0206202045 -0.08575 0.320507824
v -0.0239750911 -0.07875 0.3200021
v -0.0244315378 -0.08575 0.31976822
v -0.0206202045 -0.08575 0.320507824
v -0.0269675385 -0.08575 0.3169631
v -0.0244315378 -0.08575 0.31976822
v -0.0272272732 -0.07875 0.3168087
v -0.0244315378 -0.08575 0.31976822
v -0.0239750911 -0.07875 0.3200021
v -0.0272272732 -0.07875 0.3168087
v -0.0310406256 -0.07875 0.3261189
v -0.0273643155 -0.07875 0.326116264
v -0.0313286558 -0.08575 0.326027066
v -0.0273643155 -0.07875 0.326116264
v -0.0269003529 -0.08575 0.32625404
v -0.0313286558 -0.08575 0.326027066
v -0.02382133 -0.08575 0.328262836
v -0.0269003529 -0.08575 0.32625404
v -0.0240438636 -0.07875 0.327975869
v -0.0269003529 -0.08575 0.32625404
v -0.0273643155 -0.07875 0.326116264
v -0.0240438636 -0.07875 0.327975869
v -0.031328667 -0.07875 0.3416151
v -0.0272272769 -0.08575 0.3508335
v -0.0310406256 -0.08575 0.341523319
v -0.031328667 -0.07875 0.3416151
v -0.0269675385 -0.07875 0.35067907
v -0.0272272769 -0.08575 0.3508335
v -0.02382133 -0.07875 0.33937934
v -0.0269003063 -0.07875 0.341388136
v -0.0240438636 -0.08575 0.3396663
v -0.0269003063 -0.07875 0.341388136
v -0.0273643024 -0.08575 0.341525942
v -0.0240438636 -0.08575 0.3396663
v -0.0310406256 -0.08575 0.341523319
v -0.0273643024 -0.08575 0.341525942
v -0.031328667 -0.07875 0.3416151
v -0.0273643024 -0.08575 0.341525942
v -0.0269003063 -0.07875 0.341388136
v -0.031328667 -0.07875 0.3416151
v -0.0269675385 -0.07875 0.35067907
v -0.024431549 -0.07875 0.347874016
v -0.0272272769 -0.08575 0.3508335
v -0.024431549 -0.07875 0.347874016
v -0.0239750911 -0.08575 0.347640127
v -0.0272272769 -0.08575 0.3508335
v -0.0202170126 -0.08575 0.347219974
v -0.0239750911 -0.08575 0.347640127
v -0.0206202045 -0.07875 0.3471344
v -0.0239750911 -0.08575 0.347640127
v -0.024431549 -0.07875 0.347874016
v -0.0206202045 -0.07875 0.3471344
v -0.0184124131 -0.07875 0.359648377
v -0.00919401553 -0.08575 0.363749772
v -0.0182579886 -0.08575 0.359388649
v -0.0184124131 -0.07875 0.359648377
v -0.009102207 -0.07875 0.363461763
v -0.00919401553 -0.08575 0.363749772
v -0.0147988861 -0.07875 0.352638125
v -0.0152190113 -0.07875 0.3563962
v -0.0147133265 -0.08575 0.3530413
v -0.0152190113 -0.07875 0.3563962
v -0.0154528962 -0.08575 0.356852621
v -0.0147133265 -0.08575 0.3530413
v -0.0182579886 -0.08575 0.359388649
v -0.0154528962 -0.08575 0.356852621
v -0.0184124131 -0.07875 0.359648377
v -0.0154528962 -0.08575 0.356852621
v -0.0152190113 -0.07875 0.3563962
v -0.0184124131 -0.07875 0.359648377
v -0.009102207 -0.07875 0.363461763
v -0.009104842 -0.07875 0.359785438
v -0.00919401553 -0.08575 0.363749772
v -0.009104842 -0.07875 0.359785438
v -0.008967049 -0.08575 0.359321475
v -0.00919401553 -0.08575 0.363749772
v -0.00695824157 -0.08575 0.356242418
v -0.008967049 -0.08575 0.359321475
v -0.007245201 -0.07875 0.356464982
v -0.008967049 -0.08575 0.359321475
v -0.009104842 -0.07875 0.359785438
v -0.007245201 -0.07875 0.356464982
v 0.00639401237 -0.07875 0.363749772
v 0.0156124095 -0.08575 0.359648377
v 0.006302203 -0.08575 0.363461763
v 0.00639401237 -0.07875 0.363749772
v 0.0154579869 -0.07875 0.359388649
v 0.0156124095 -0.08575 0.359648377
v 0.00415824074 -0.07875 0.356242418
v 0.006167048 -0.07875 0.359321475
v 0.00444520032 -0.08575 0.356464922
v 0.006167048 -0.07875 0.359321475
v 0.006304842 -0.08575 0.359785438
v 0.00444520032 -0.08575 0.356464922
v 0.006302203 -0.08575 0.363461763
v 0.006304842 -0.08575 0.359785438
v 0.00639401237 -0.07875 0.363749772
v 0.006304842 -0.08575 0.359785438
v 0.006167048 -0.07875 0.359321475
v 0.00639401237 -0.07875 0.363749772
v 0.0154579869 -0.07875 0.359388649
v 0.0126528963 -0.07875 0.356852621
v 0.0156124095 -0.08575 0.359648377
v 0.0126528963 -0.07875 0.356852621
v 0.0124190059 -0.08575 0.3563962
v 0.0156124095 -0.08575 0.359648377
v 0.0119988844 -0.08575 0.352638125
v 0.0124190059 -0.08575 0.3563962
v 0.0119133256 -0.07875 0.353041321
v 0.0124190059 -0.08575 0.3563962
v 0.0126528963 -0.07875 0.356852621
v 0.0119133256 -0.07875 0.353041321
v -0.072275 -0.0735 0.611624956
v -0.072275 -0.08575 0.611624956
v -0.06917344 -0.08575 0.62621665
v -0.06917344 -0.0735 0.62621665
v -0.0604050569 -0.08575 0.6382853
v -0.0604050569 -0.0735 0.6382853
v -0.0474859849 -0.08575 0.645744145
v -0.0474859849 -0.0735 0.645744145
v -0.0326500423 -0.08575 0.647303462
v -0.0326500423 -0.0735 0.647303462
v -0.0184625015 -0.08575 0.6426936
v -0.0184625015 -0.0735 0.6426936
v -0.007376517 -0.08575 0.632711768
v -0.007376517 -0.0735 0.632711768
v -0.0013089577 -0.08575 0.6190838
v -0.0013089577 -0.0735 0.6190838
v -0.0013089577 -0.08575 0.6041662
v -0.0013089577 -0.0735 0.6041662
v -0.007376517 -0.08575 0.5905382
v -0.007376517 -0.0735 0.5905382
v -0.0184625015 -0.08575 0.580556333
v -0.0184625015 -0.0735 0.580556333
v -0.0326500423 -0.08575 0.5759465
v -0.0326500423 -0.0735 0.5759465
v -0.0474859849 -0.08575 0.577505767
v -0.0474859849 -0.0735 0.577505767
v -0.0604050569 -0.08575 0.584964633
v -0.0604050569 -0.0735 0.584964633
v -0.06917344 -0.08575 0.5970333
v -0.06917344 -0.0735 0.5970333
v -0.072275 -0.08575 0.611624956
v -0.072275 -0.0735 0.611624956
v -0.007376517 -0.0735 0.5905382
v -0.0184625015 -0.0735 0.580556333
v -0.0155601967 -0.07372125 0.588779449
v -0.0177424271 -0.0737866 0.588851452
v -0.007376517 -0.0735 0.632711768
v -0.0013089577 -0.0735 0.6190838
v -0.0138455182 -0.07367423 0.629690468
v -0.008270034 -0.07364669 0.6154177
v -0.007376517 -0.0735 0.632711768
v -0.0134347575 -0.07377901 0.6318819
v -0.0144363 -0.07371449 0.633826435
v -0.0184625015 -0.0735 0.6426936
v -0.0165021662 -0.0737789944 0.6346217
v -0.0376206152 -0.0737215 0.636085451
v -0.0350598469 -0.07372149 0.636129
v -0.0364 -0.0735 0.632975
v -0.025725 -0.0735 0.6301146
v -0.01791036 -0.0735 0.622299969
v -0.019456815 -0.07371452 0.6299069
v -0.0197329186 -0.07377902 0.6320767
v -0.047075 -0.0735 0.5931353
v -0.05306621 -0.0737893358 0.592378438
v -0.05413302 -0.07372371 0.5942881
v -0.05488964 -0.0735 0.600949943
v -0.056199003 -0.0737893358 0.5950071
v -0.0364 -0.0735 0.632975
v -0.0364 -0.0777 0.632975
v -0.047075 -0.0777 0.6301146
v -0.047075 -0.0735 0.6301146
v -0.05488964 -0.0777 0.622299969
v -0.05488964 -0.0735 0.622299969
v -0.0577499978 -0.0777 0.611624956
v -0.0577499978 -0.0735 0.611624956
v -0.05488964 -0.0777 0.600949943
v -0.05488964 -0.0735 0.600949943
v -0.047075 -0.0777 0.5931353
v -0.047075 -0.0735 0.5931353
v -0.0364 -0.0777 0.590275
v -0.0364 -0.0735 0.590275
v -0.025725 -0.0777 0.5931353
v -0.025725 -0.0735 0.5931353
v -0.01791036 -0.0777 0.600949943
v -0.01791036 -0.0735 0.600949943
v -0.0150500014 -0.0777 0.611624956
v -0.0150500014 -0.0735 0.611624956
v -0.01791036 -0.0777 0.622299969
v -0.01791036 -0.0735 0.622299969
v -0.025725 -0.0777 0.6301146
v -0.025725 -0.0735 0.6301146
v -0.0364 -0.0777 0.632975
v -0.0364 -0.0735 0.632975
v -0.05425 -0.08575 0.611624956
v -0.05425 -0.0777 0.611624956
v -0.0514163747 -0.0777 0.621275365
v -0.0514163747 -0.08575 0.621275365
v -0.04381516 -0.0777 0.627862
v -0.04381516 -0.08575 0.627862
v -0.0338596776 -0.0777 0.6292933
v -0.0338596776 -0.08575 0.6292933
v -0.0247107353 -0.0777 0.6251151
v -0.0247107353 -0.08575 0.6251151
v -0.019273052 -0.0777 0.61665386
v -0.019273052 -0.08575 0.61665386
v -0.019273052 -0.0777 0.606596053
v -0.019273052 -0.08575 0.606596053
v -0.0247107353 -0.0777 0.5981348
v -0.0247107353 -0.08575 0.5981348
v -0.0338596776 -0.0777 0.593956649
v -0.0338596776 -0.08575 0.593956649
v -0.04381516 -0.0777 0.595388055
v -0.04381516 -0.08575 0.595388055
v -0.0514163747 -0.0777 0.601974547
v -0.0514163747 -0.08575 0.601974547
v -0.05425 -0.0777 0.611624956
v -0.05425 -0.08575 0.611624956
v -0.0338596776 -0.08575 0.6292933
v -0.0305547938 -0.08575 0.6342688
v -0.03561725 -0.08575032 0.636036754
v -0.0331110731 -0.08575 0.6384279
v -0.0136712063 -0.08575 0.631940544
v -0.0147866579 -0.08575 0.6289149
v -0.0108324615 -0.08575 0.628483
v -0.0133685088 -0.08575 0.6256779
v -0.0338596776 -0.08575 0.593956649
v -0.0422452167 -0.08575 0.588981152
v -0.03689185 -0.08575032 0.5872646
v -0.0400696956 -0.0857502744 0.5837727
v -0.0576498881 -0.0857502 0.628659844
v -0.05917399 -0.08575 0.631424
v -0.062227264 -0.08575 0.628637433
v -0.0589750633 -0.08575 0.625444
v -0.05521701 -0.08575 0.625023842
v -0.0497133248 -0.08575 0.6308452
v -0.05372883 -0.0857502744 0.6295152
v -0.0538902245 -0.0857502 0.6335252
v -0.05307145 -0.07378662 0.6320315
v -0.05372883 -0.0857502744 0.6295152
v -0.0538902245 -0.0857502 0.6335252
v -0.05337946 -0.07372129 0.629869938
v -0.05505757 -0.0737866 0.62844944
v -0.05372883 -0.0857502744 0.6295152
v -0.05505757 -0.0737866 0.62844944
v -0.0576498881 -0.0857502 0.628659844
v -0.0572418049 -0.0736801848 0.6283558
v -0.0230866764 -0.07875 0.6308452
v -0.0305547938 -0.08575 0.6342688
v -0.0230011158 -0.08575 0.630441964
v -0.0308417585 -0.07875 0.6340463
v -0.04410484 -0.07875 0.637589335
v -0.05021902 -0.07875 0.634200156
v -0.0422452055 -0.07875 0.6342688
v -0.0497988835 -0.07875 0.630441964
v -0.05021902 -0.07875 0.634200156
v -0.04410484 -0.07875 0.637589335
v -0.05341242 -0.07875 0.6374523
v -0.0441022068 -0.07875 0.6412656
v -0.0108996909 -0.07875 0.6040579
v -0.0133684855 -0.07875 0.597572148
v -0.00647133356 -0.07875 0.603831
v -0.0171797853 -0.07875 0.5983117
v -0.0139786722 -0.07875 0.6060667
v -0.0225809887 -0.07875 0.5890499
v -0.0286951549 -0.07875 0.585660636
v -0.0193875637 -0.07875 0.5857977
v -0.0286977962 -0.07875 0.581984341
v -0.0286951549 -0.07875 0.585660636
v -0.0225809887 -0.07875 0.5890499
v -0.0305547845 -0.07875 0.588981152
v -0.0230011158 -0.07875 0.592808
v -0.0439670533 -0.07875 0.586124659
v -0.0504529 -0.07875 0.5885934
v -0.0441940129 -0.07875 0.581696332
v -0.0532579869 -0.07875 0.5860575
v -0.0439670533 -0.07875 0.586124659
v -0.0497133248 -0.07875 0.5924048
v -0.0419582427 -0.07875 0.589203656
v -0.0422452055 -0.07875 0.6342688
v -0.0497133248 -0.08575 0.6308452
v -0.0419582427 -0.08575 0.6340463
v -0.0497988835 -0.07875 0.630441964
v -0.01375616 -0.07875 0.6174702
v -0.0171798058 -0.08575 0.62493825
v -0.0139786722 -0.08575 0.6171832
v -0.01758299 -0.07875 0.625023842
v -0.0171797853 -0.07875 0.5983117
v -0.0137561439 -0.08575 0.605779767
v -0.01758299 -0.08575 0.59822613
v -0.0139786722 -0.07875 0.6060667
v -0.0305547845 -0.07875 0.588981152
v -0.0230866764 -0.08575 0.5924048
v -0.0308417585 -0.08575 0.589203656
v -0.0230011158 -0.07875 0.592808
v -0.0497133248 -0.07875 0.5924048
v -0.0422452167 -0.08575 0.588981152
v -0.0497988835 -0.08575 0.592808
v -0.0419582427 -0.07875 0.589203656
v -0.05904385 -0.07875 0.605779767
v -0.05562021 -0.08575 0.5983117
v -0.058821328 -0.08575 0.6060667
v -0.05521701 -0.07875 0.59822613
v -0.0556202047 -0.07875 0.62493825
v -0.05904385 -0.08575 0.6174702
v -0.05521701 -0.08575 0.625023842
v -0.058821328 -0.07875 0.6171832
v -0.00140000042 -0.0735 0.369696081
v -0.00140000042 -0.08575 0.369696081
v 0.0131916739 -0.08575 0.366594553
v 0.0131916739 -0.0735 0.366594553
v 0.0252603218 -0.08575 0.357826144
v 0.0252603218 -0.0735 0.357826144
v 0.03271915 -0.08575 0.344907075
v 0.03271915 -0.0735 0.344907075
v 0.0342784747 -0.08575 0.330071151
v 0.0342784747 -0.0735 0.330071151
v 0.02966866 -0.08575 0.315883636
v 0.02966866 -0.0735 0.315883636
v 0.0196867958 -0.08575 0.30479762
v 0.0196867958 -0.0735 0.30479762
v 0.00605883123 -0.08575 0.298730046
v 0.00605883123 -0.0735 0.298730046
v -0.008858834 -0.08575 0.298730046
v -0.008858834 -0.0735 0.298730046
v -0.0224867966 -0.08575 0.30479762
v -0.0224867966 -0.0735 0.30479762
v -0.0324686654 -0.08575 0.315883636
v -0.0324686654 -0.0735 0.315883636
v -0.0370784737 -0.08575 0.330071151
v -0.0370784737 -0.0735 0.330071151
v -0.0355191566 -0.08575 0.344907075
v -0.0355191566 -0.0735 0.344907075
v -0.0280603226 -0.08575 0.357826144
v -0.0280603226 -0.0735 0.357826144
v -0.0159916747 -0.08575 0.366594553
v -0.0159916747 -0.0735 0.366594553
v -0.00140000042 -0.08575 0.369696081
v -0.00140000042 -0.0735 0.369696081
v -0.0224867966 -0.0735 0.30479762
v -0.0324686654 -0.0735 0.315883636
v -0.0242455546 -0.07372127 0.3129813
v -0.0241735224 -0.07378662 0.315163523
v 0.0196867958 -0.0735 0.30479762
v 0.00605883123 -0.0735 0.298730046
v 0.0166655369 -0.0736742243 0.3112666
v 0.00239264034 -0.07364669 0.305691153
v 0.0196867958 -0.0735 0.30479762
v 0.018856857 -0.07377902 0.310855865
v 0.0208013635 -0.07371452 0.311857432
v 0.02966866 -0.0735 0.315883636
v 0.02159664 -0.07377902 0.3139232
v 0.02306048 -0.0737215057 0.3350417
v 0.0231039859 -0.0737215057 0.332480967
v 0.019949995 -0.0735 0.333821118
v 0.0170896426 -0.0735 0.3231461
v 0.009274998 -0.0735 0.315331459
v 0.01688185 -0.07371452 0.3168779
v 0.0190516412 -0.07377902 0.31715402
v -0.0198896434 -0.0735 0.3444961
v -0.0206465852 -0.0737893358 0.350487322
v -0.0187369 -0.0737237 0.351554155
v -0.0120750014 -0.0735 0.352310747
v -0.0180178881 -0.07378933 0.3536201
v 0.019949995 -0.0735 0.333821118
v 0.019949995 -0.0777 0.333821118
v 0.0170896426 -0.0777 0.3444961
v 0.0170896426 -0.0735 0.3444961
v 0.009274998 -0.0777 0.352310747
v 0.009274998 -0.0735 0.352310747
v -0.00140000042 -0.0777 0.355171084
v -0.00140000042 -0.0735 0.355171084
v -0.0120750014 -0.0777 0.352310747
v -0.0120750014 -0.0735 0.352310747
v -0.0198896434 -0.0777 0.3444961
v -0.0198896434 -0.0735 0.3444961
v -0.02275 -0.0777 0.333821118
v -0.02275 -0.0735 0.333821118
v -0.0198896434 -0.0777 0.3231461
v -0.0198896434 -0.0735 0.3231461
v -0.0120750014 -0.0777 0.315331459
v -0.0120750014 -0.0735 0.315331459
v -0.00140000042 -0.0777 0.3124711
v -0.00140000042 -0.0735 0.3124711
v 0.009274998 -0.0777 0.315331459
v 0.009274998 -0.0735 0.315331459
v 0.0170896426 -0.0777 0.3231461
v 0.0170896426 -0.0735 0.3231461
v 0.019949995 -0.0777 0.333821118
v 0.019949995 -0.0735 0.333821118
v -0.00140000042 -0.08575 0.3516711
v -0.00140000042 -0.0777 0.3516711
v 0.008250436 -0.0777 0.3488375
v 0.008250436 -0.08575 0.3488375
v 0.0148369307 -0.0777 0.341236264
v 0.0148369307 -0.08575 0.341236264
v 0.0162683148 -0.0777 0.3312808
v 0.0162683148 -0.08575 0.3312808
v 0.0120901279 -0.0777 0.322131842
v 0.0120901279 -0.08575 0.322131842
v 0.00362892379 -0.0777 0.31669417
v 0.00362892379 -0.08575 0.31669417
v -0.006428927 -0.0777 0.31669417
v -0.006428927 -0.08575 0.31669417
v -0.0148901315 -0.0777 0.322131842
v -0.0148901315 -0.08575 0.322131842
v -0.0190683156 -0.0777 0.3312808
v -0.0190683156 -0.08575 0.3312808
v -0.0176369324 -0.0777 0.341236264
v -0.0176369324 -0.08575 0.341236264
v -0.0110504394 -0.0777 0.3488375
v -0.0110504394 -0.08575 0.3488375
v -0.00140000042 -0.0777 0.3516711
v -0.00140000042 -0.08575 0.3516711
v 0.03271915 -0.08575 0.344907075
v 0.0285286661 -0.08575 0.3416151
v 0.0277163 -0.0857502744 0.33732003
v 0.0241003018 -0.08575 0.341388136
v 0.02334811 -0.08575032 0.335528016
v 0.0210213289 -0.08575 0.33937934
v 0.0162683148 -0.08575 0.3312808
v -0.0110504394 -0.08575 0.3488375
v -0.0188006163 -0.08575014 0.351607621
v -0.0202170126 -0.08575 0.347219974
v -0.0227644183 -0.0857501253 0.350908726
v -0.0110504394 -0.08575 0.3488375
v -0.0147133265 -0.08575 0.3530413
v -0.0188006163 -0.08575014 0.351607621
v -0.0184034072 -0.08575 0.354637623
v -0.0190683156 -0.08575 0.3312808
v -0.0240438636 -0.08575 0.3396663
v -0.0257604253 -0.08575032 0.334312916
v -0.0292523354 -0.0857502744 0.3374908
v -0.000760396 -0.08575021 0.358193725
v 0.00444520032 -0.08575 0.356464922
v 0.0022833515 -0.08575018 0.361821115
v 0.006304842 -0.08575 0.359785438
v -0.0206553135 -0.08575014 0.356703371
v -0.0184034072 -0.08575 0.354637623
v -0.0154528962 -0.08575 0.356852621
v -0.0147133265 -0.08575 0.3530413
v 0.017214166 -0.08575023 0.356508285
v 0.0252603218 -0.08575 0.357826144
v 0.0156124095 -0.08575 0.359648377
v 0.0124190059 -0.08575 0.3563962
v 0.0119988844 -0.08575 0.352638125
v 0.0178202018 -0.08575 0.3471344
v 0.0164901465 -0.0857502744 0.351149917
v 0.0205001533 -0.0857502 0.351311326
v 0.0208013635 -0.07371452 0.311857432
v 0.018856857 -0.07377902 0.310855865
v 0.0212247763 -0.08575 0.3127564
v 0.01764319 -0.08575 0.31101945
v 0.0178202018 -0.07875 0.320507824
v 0.02124386 -0.08575 0.3279759
v 0.0174170081 -0.08575 0.3204222
v 0.0210213289 -0.07875 0.328262836
v 0.02163154 -0.07875 0.31976822
v 0.0241675321 -0.07875 0.3169631
v 0.0285286549 -0.07875 0.326027066
v 0.0241003484 -0.07875 0.32625404
v 0.0178202018 -0.07875 0.320507824
v 0.0210213289 -0.07875 0.328262836
v 0.0245643 -0.07875 0.341525942
v 0.0211750939 -0.07875 0.347640127
v 0.02124386 -0.07875 0.3396663
v 0.0174170081 -0.07875 0.347219974
v 0.0211750939 -0.07875 0.347640127
v 0.0245643 -0.07875 0.341525942
v 0.0244272817 -0.07875 0.3508335
v 0.0282406248 -0.07875 0.341523319
v 0.0124190114 -0.07875 0.311246
v 0.0119988844 -0.07875 0.3150041
v 0.00444521569 -0.07875 0.311177254
v 0.0156124206 -0.07875 0.307993829
v 0.006304842 -0.07875 0.307856768
v 0.006302203 -0.07875 0.304180473
v -0.008967047 -0.07875 0.308320761
v -0.0154529 -0.07875 0.310789555
v -0.009194021 -0.07875 0.303892463
v -0.0182579886 -0.07875 0.308253556
v -0.0239750911 -0.07875 0.3200021
v -0.0273643155 -0.07875 0.326116264
v -0.0272272732 -0.07875 0.3168087
v -0.0310406256 -0.07875 0.3261189
v -0.0273643155 -0.07875 0.326116264
v -0.0239750911 -0.07875 0.3200021
v -0.0240438636 -0.07875 0.327975869
v -0.0202170126 -0.07875 0.3204222
v -0.0269003063 -0.07875 0.341388136
v -0.024431549 -0.07875 0.347874016
v -0.031328667 -0.07875 0.3416151
v -0.0269675385 -0.07875 0.35067907
v -0.0269003063 -0.07875 0.341388136
v -0.0206202045 -0.07875 0.3471344
v -0.02382133 -0.07875 0.33937934
v -0.009104842 -0.07875 0.359785438
v -0.0152190113 -0.07875 0.3563962
v -0.007245201 -0.07875 0.356464982
v -0.0147988861 -0.07875 0.352638125
v 0.006167048 -0.07875 0.359321475
v 0.0119133256 -0.07875 0.353041321
v 0.00639401237 -0.07875 0.363749772
v 0.0126528963 -0.07875 0.356852621
v 0.02124386 -0.07875 0.3396663
v 0.0178202018 -0.08575 0.3471344
v 0.0210213289 -0.08575 0.33937934
v 0.0174170081 -0.07875 0.347219974
v 0.00444521569 -0.07875 0.311177254
v 0.01191332 -0.08575 0.3146009
v 0.00415824074 -0.08575 0.311399758
v 0.0119988844 -0.07875 0.3150041
v -0.0147133209 -0.07875 0.3146009
v -0.007245214 -0.08575 0.311177254
v -0.0147988861 -0.08575 0.3150041
v -0.00695824157 -0.07875 0.311399758
v -0.0240438636 -0.07875 0.327975869
v -0.0206202045 -0.08575 0.320507824
v -0.02382133 -0.08575 0.328262836
v -0.0202170126 -0.07875 0.3204222
v -0.0206202045 -0.07875 0.3471344
v -0.0240438636 -0.08575 0.3396663
v -0.0202170126 -0.08575 0.347219974
v -0.02382133 -0.07875 0.33937934
v -0.007245201 -0.07875 0.356464982
v -0.0147133265 -0.08575 0.3530413
v -0.00695824157 -0.08575 0.356242418
v -0.0147988861 -0.07875 0.352638125
v 0.0119133256 -0.07875 0.353041321
v 0.00444520032 -0.08575 0.356464922
v 0.0119988844 -0.08575 0.352638125
v 0.00415824074 -0.07875 0.356242418
v -0.0120750014 -0.0777 0.352310747
v -0.00140000042 -0.0777 0.355171084
v -0.00140000042 -0.0777 0.3516711
v 0.009274998 -0.0777 0.352310747
v -0.0110504394 -0.0777 0.3488375
v 0.008250436 -0.0777 0.3488375
v -0.0198896434 -0.0777 0.3444961
v 0.0170896426 -0.0777 0.3444961
v -0.0176369324 -0.0777 0.341236264
v 0.0148369307 -0.0777 0.341236264
v -0.02275 -0.0777 0.333821118
v 0.019949995 -0.0777 0.333821118
v -0.0190683156 -0.0777 0.3312808
v 0.0162683148 -0.0777 0.3312808
v -0.0198896434 -0.0777 0.3231461
v 0.0170896426 -0.0777 0.3231461
v -0.0148901315 -0.0777 0.322131842
v 0.0120901279 -0.0777 0.322131842
v -0.0120750014 -0.0777 0.315331459
v 0.009274998 -0.0777 0.315331459
v -0.006428927 -0.0777 0.31669417
v 0.00362892379 -0.0777 0.31669417
v -0.00140000042 -0.0777 0.3124711
v -0.05488964 -0.0777 0.600949943
v -0.0577499978 -0.0777 0.611624956
v -0.05425 -0.0777 0.611624956
v -0.05488964 -0.0777 0.622299969
v -0.0514163747 -0.0777 0.601974547
v -0.0514163747 -0.0777 0.621275365
v -0.047075 -0.0777 0.5931353
v -0.047075 -0.0777 0.6301146
v -0.04381516 -0.0777 0.595388055
v -0.04381516 -0.0777 0.627862
v -0.0364 -0.0777 0.590275
v -0.0364 -0.0777 0.632975
v -0.0338596776 -0.0777 0.593956649
v -0.0338596776 -0.0777 0.6292933
v -0.025725 -0.0777 0.5931353
v -0.025725 -0.0777 0.6301146
v -0.0247107353 -0.0777 0.5981348
v -0.0247107353 -0.0777 0.6251151
v -0.01791036 -0.0777 0.600949943
v -0.01791036 -0.0777 0.622299969
v -0.019273052 -0.0777 0.606596053
v -0.019273052 -0.0777 0.61665386
v -0.0150500014 -0.0777 0.611624956
v -0.0337188467 -0.08575 0.5813752
v -0.03290112 -0.0857502744 0.5847413
v -0.0331898145 -0.0737215057 0.5816981
v -0.03290112 -0.0857502744 0.5847413
v -0.0326807462 -0.0736804 0.584210634
v -0.0331898145 -0.0737215057 0.5816981
v -0.03290112 -0.0857502744 0.5847413
v -0.033945 -0.0737215 0.5864518
v -0.03689185 -0.08575032 0.5872646
v -0.033945 -0.0737215 0.5864518
v -0.03689185 -0.08575032 0.5872646
v -0.0363450758 -0.07378686 0.5873353
v -0.03689185 -0.08575032 0.5872646
v -0.0387575775 -0.0737215 0.5865336
v -0.0400696956 -0.0857502744 0.5837727
v -0.0387575775 -0.0737215 0.5865336
v -0.040095266 -0.0736804 0.5843467
v -0.0400696956 -0.0857502744 0.5837727
v -0.0396406353 -0.07378688 0.581817448
v -0.040095266 -0.0736804 0.5843467
v -0.0371827222 -0.08575032 0.5800367
v -0.0337188467 -0.08575 0.5813752
v -0.03518261 -0.0737868547 0.5801197
v -0.0337188467 -0.08575 0.5813752
v -0.0331898145 -0.0737215057 0.5816981
v -0.03518261 -0.0737868547 0.5801197
v -0.0371827222 -0.08575032 0.5800367
v -0.0377401337 -0.07372149 0.580128968
v -0.0371827222 -0.08575032 0.5800367
v -0.0396406353 -0.07378688 0.581817448
v -0.0400696956 -0.0857502744 0.5837727
v -0.06565973 -0.08575018 0.6081637
v -0.06311416 -0.07368259 0.608092248
v -0.06566747 -0.0737896338 0.6081427
v -0.06121013 -0.08575021 0.609783351
v -0.06311416 -0.07368259 0.608092248
v -0.0611621961 -0.073724 0.6097556
v -0.06311416 -0.07368259 0.608092248
v -0.06121013 -0.08575021 0.609783351
v -0.0607505254 -0.07378965 0.612268448
v -0.06203239 -0.08575018 0.61444664
v -0.061996825 -0.073724 0.614489
v -0.06203239 -0.08575018 0.61444664
v -0.0643999949 -0.07368261 0.615384459
v -0.0667676 -0.08575021 0.61444664
v -0.06680319 -0.073724 0.614489
v -0.0667676 -0.08575021 0.61444664
v -0.0680494756 -0.07378965 0.6122685
v -0.06784683 -0.08575 0.6110172
v -0.0676378 -0.0737239942 0.6097556
v -0.06565973 -0.08575018 0.6081637
v -0.06566747 -0.0737896338 0.6081427
v -0.0667676 -0.08575021 0.61444664
v -0.06784683 -0.08575 0.6110172
v -0.0680494756 -0.07378965 0.6122685
v -0.06784683 -0.08575 0.6110172
v -0.06565973 -0.08575018 0.6081637
v -0.0676378 -0.0737239942 0.6097556
v -0.03836276 -0.08575032 0.6427292
v -0.0397978649 -0.0857502744 0.6382311
v -0.0400977 -0.0737215057 0.640212357
v -0.0397978649 -0.0857502744 0.6382311
v -0.0396101847 -0.0737215 0.637698054
v -0.0400977 -0.0737215057 0.640212357
v -0.0397978649 -0.0857502744 0.6382311
v -0.0376206152 -0.0737215 0.636085451
v -0.03561725 -0.08575032 0.636036754
v -0.0350598469 -0.07372149 0.636129
v -0.03561725 -0.08575032 0.636036754
v -0.0331262127 -0.07372151 0.637808263
v -0.0331110731 -0.08575 0.6384279
v -0.03270473 -0.0736804 0.6403467
v -0.0336837769 -0.08575032 0.642096937
v -0.03405717 -0.07378688 0.6425025
v -0.0336837769 -0.08575032 0.642096937
v -0.0364636034 -0.0737215057 0.643368542
v -0.03836276 -0.08575032 0.6427292
v -0.03882697 -0.07378686 0.6424319
v -0.0336837769 -0.08575032 0.642096937
v -0.0364636034 -0.0737215057 0.643368542
v -0.03836276 -0.08575032 0.6427292
v -0.0400977 -0.0737215057 0.640212357
v -0.03561725 -0.08575032 0.636036754
v -0.0331110731 -0.08575 0.6384279
v -0.0331262127 -0.07372151 0.637808263
v -0.0331110731 -0.08575 0.6384279
v -0.0336837769 -0.08575032 0.642096937
v -0.03270473 -0.0736804 0.6403467
v -0.009396175 -0.08575 0.6151289
v -0.0107274335 -0.07371452 0.614576161
v -0.008270034 -0.07364669 0.6154177
v -0.0120236007 -0.08575 0.611252367
v -0.012048929 -0.07377902 0.6123688
v -0.009396175 -0.08575 0.6151289
v -0.0120236007 -0.08575 0.611252367
v -0.0107274335 -0.07371452 0.614576161
v -0.0120236007 -0.08575 0.611252367
v -0.0117104724 -0.07371452 0.6098454
v -0.012048929 -0.07377902 0.6123688
v -0.008662235 -0.08575 0.6079917
v -0.0117104724 -0.07371452 0.6098454
v -0.008662235 -0.08575 0.6079917
v -0.009792043 -0.0737145 0.6081338
v -0.0117104724 -0.07371452 0.6098454
v -0.008662235 -0.08575 0.6079917
v -0.007222261 -0.0737145 0.6080558
v -0.009792043 -0.0737145 0.6081338
v -0.00536891166 -0.08575 0.609874964
v -0.005225535 -0.0737790242 0.609678
v -0.00512237148 -0.08575 0.6132145
v -0.004680496 -0.07371451 0.6121651
v -0.008662235 -0.08575 0.6079917
v -0.00536891166 -0.08575 0.609874964
v -0.007222261 -0.0737145 0.6080558
v -0.00536891166 -0.08575 0.609874964
v -0.00512237148 -0.08575 0.6132145
v -0.005225535 -0.0737790242 0.609678
v -0.00512237148 -0.08575 0.6132145
v -0.00593139557 -0.07377902 0.614413142
v -0.004680496 -0.07371451 0.6121651
v -0.0326518863 -0.0857503861 0.3321142
v -0.0282836668 -0.0857502744 0.330322236
v -0.0313268229 -0.0737215057 0.330610931
v -0.0313268229 -0.0737215057 0.330610931
v -0.032905288 -0.07378686 0.332603723
v -0.0326518863 -0.0857503861 0.3321142
v -0.0328960121 -0.0737215057 0.335161239
v -0.03243109 -0.08575 0.3355711
v -0.0312075485 -0.07378688 0.3370618
v -0.0292523354 -0.0857502744 0.3374908
v -0.0286782831 -0.0736804 0.3375164
v -0.0282836668 -0.0857502744 0.330322236
v -0.0288143158 -0.0736804 0.330101877
v -0.0313268229 -0.0737215057 0.330610931
v -0.0282836668 -0.0857502744 0.330322236
v -0.0265731756 -0.0737215 0.3313661
v -0.0257604253 -0.08575032 0.334312916
v -0.0265731756 -0.0737215 0.3313661
v -0.0257604253 -0.08575032 0.334312916
v -0.02568974 -0.07378686 0.333766222
v -0.0257604253 -0.08575032 0.334312916
v -0.0264914129 -0.0737215057 0.3361787
v -0.0292523354 -0.0857502744 0.3374908
v -0.0264914129 -0.0737215057 0.3361787
v -0.0286782831 -0.0736804 0.3375164
v -0.0292523354 -0.0857502744 0.3374908
v -0.03243109 -0.08575 0.3355711
v -0.0312075485 -0.07378688 0.3370618
v -0.03243109 -0.08575 0.3355711
v -0.0326518863 -0.0857503861 0.3321142
v -0.0328960121 -0.0737215057 0.335161239
v -0.004861215 -0.08575018 0.363080859
v -0.00493273651 -0.0736826062 0.360535324
v -0.004882296 -0.07378965 0.363088578
v -0.004861215 -0.08575018 0.363080859
v -0.0040811575 -0.08575 0.359571338
v -0.00493273651 -0.0736826062 0.360535324
v -0.0040811575 -0.08575 0.359571338
v -0.00326933246 -0.073724 0.358583272
v -0.00493273651 -0.0736826062 0.360535324
v -0.000760396 -0.08575021 0.358193725
v -0.0007564871 -0.0737896562 0.3581716
v -0.000760396 -0.08575021 0.358193725
v 0.00146401126 -0.0737239942 0.3594179
v 0.0022833515 -0.08575018 0.361821115
v 0.00146401126 -0.0737239942 0.3594179
v 0.00235945731 -0.0736826062 0.361821115
v 0.0022833515 -0.08575018 0.361821115
v 0.001464006 -0.0737239942 0.3642243
v -0.000760383 -0.0857502446 0.365448475
v -0.0007564897 -0.07378965 0.3654706
v -0.000760383 -0.0857502446 0.365448475
v -0.00326932454 -0.073724 0.365058929
v -0.004861215 -0.08575018 0.363080859
v -0.00326932454 -0.073724 0.365058929
v -0.004882296 -0.07378965 0.363088578
v -0.0040811575 -0.08575 0.359571338
v -0.000760396 -0.08575021 0.358193725
v -0.00326933246 -0.073724 0.358583272
v 0.0243543182 -0.0857502744 0.330915034
v 0.02779707 -0.08575 0.330532163
v 0.0273217168 -0.0736804 0.330125839
v 0.02779707 -0.08575 0.330532163
v 0.0302395746 -0.0857503861 0.33332935
v 0.02947752 -0.07378686 0.331478238
v 0.00192446122 -0.08575 0.304332048
v 0.00239264034 -0.07364669 0.305691153
v 0.00138815842 -0.07377901 0.303352475
v 0.00192446122 -0.08575 0.304332048
v 0.00128115132 -0.08575 0.308070868
v 0.00239264034 -0.07364669 0.305691153
v 0.00128115132 -0.08575 0.308070868
v 0.00155114767 -0.07371451 0.308148563
v 0.00239264034 -0.07364669 0.305691153
v -0.00177265168 -0.08575 0.3094447
v -0.000656187 -0.07377902 0.309470028
v 0.00128115132 -0.08575 0.308070868
v -0.00177265168 -0.08575 0.3094447
v 0.00155114767 -0.07371451 0.308148563
v -0.00177265168 -0.08575 0.3094447
v -0.003179604 -0.07371452 0.309131622
v -0.000656187 -0.07377902 0.309470028
v -0.00503326626 -0.08575 0.306083322
v -0.003179604 -0.07371452 0.309131622
v -0.00503326626 -0.08575 0.306083322
v -0.0048912093 -0.07371452 0.307213157
v -0.003179604 -0.07371452 0.309131622
v -0.00503326626 -0.08575 0.306083322
v -0.004969213 -0.07371451 0.3046434
v -0.0048912093 -0.07371452 0.307213157
v -0.00503326626 -0.08575 0.306083322
v -0.00228916714 -0.08575 0.3022886
v -0.004969213 -0.07371451 0.3046434
v -0.00228916714 -0.08575 0.3022886
v -0.00334694027 -0.0737790242 0.302646637
v -0.004969213 -0.07371451 0.3046434
v -0.00228916714 -0.08575 0.3022886
v -0.0008599399 -0.07371452 0.3021016
v -0.00334694027 -0.0737790242 0.302646637
v 0.00192446122 -0.08575 0.304332048
v -0.0008599399 -0.07371452 0.3021016
v 0.00192446122 -0.08575 0.304332048
v 0.00138815842 -0.07377901 0.303352475
v -0.0008599399 -0.07371452 0.3021016
v -0.00512237148 -0.08575 0.6132145
v -0.009396175 -0.08575 0.6151289
v -0.00593139557 -0.07377902 0.614413142
v -0.008270034 -0.07364669 0.6154177
v 0.0277163 -0.0857502744 0.33732003
v 0.0246731769 -0.07372151 0.3370313
v 0.0271874312 -0.0737215 0.3375188
v 0.02334811 -0.08575032 0.335528016
v 0.02306048 -0.0737215057 0.3350417
v 0.0246731769 -0.07372151 0.3370313
v 0.02334811 -0.08575032 0.335528016
v 0.0231039859 -0.0737215057 0.332480967
v 0.0243543182 -0.0857502744 0.330915034
v 0.0247833375 -0.0737215057 0.330547333
v 0.0243543182 -0.0857502744 0.330915034
v 0.0273217168 -0.0736804 0.330125839
v 0.02779707 -0.08575 0.330532163
v 0.02947752 -0.07378686 0.331478238
v 0.0302395746 -0.0857503861 0.33332935
v 0.0303435288 -0.0737215 0.333884716
v 0.0302395746 -0.0857503861 0.33332935
v 0.02940692 -0.07378686 0.33624813
v 0.0277163 -0.0857502744 0.33732003
v 0.0271874312 -0.0737215 0.3375188
v -0.049151402 -0.0742 0.606283367
v -0.051991418 -0.07429435 0.6042123
v -0.05361459 -0.07439135 0.6142855
v -0.043629013 -0.0742 0.5997409
v -0.03889836 -0.07478319 0.598876357
v -0.0409863 -0.0742 0.595281243
v -0.04683244 -0.0742 0.625015855
v -0.0440577865 -0.0742 0.6231354
v -0.0483728 -0.0742 0.6185375
v -0.0518411621 -0.07435126 0.6193689
v -0.0501971766 -0.0742 0.6125016
v -0.04683244 -0.0742 0.625015855
v -0.04683244 -0.0742 0.625015855
v -0.0364 -0.07418716 0.6289347
v -0.0440577865 -0.0742 0.6231354
v -0.0364 -0.07418716 0.6289347
v -0.0381497629 -0.0742 0.6253388
v -0.0440577865 -0.0742 0.6231354
v -0.0364 -0.07418716 0.6289347
v -0.0287422147 -0.0742 0.6231354
v -0.0346502364 -0.0742 0.6253388
v -0.0364 -0.07418716 0.6289347
v -0.02596756 -0.0742 0.625015855
v -0.0287422147 -0.0742 0.6231354
v -0.01918541 -0.07439135 0.6142855
v -0.0208085813 -0.07429435 0.6042123
v -0.023648601 -0.0742 0.606283367
v -0.0334515162 -0.0742 0.598118067
v -0.02867579 -0.0742 0.600056648
v -0.0318137035 -0.0742 0.595281243
v -0.0339192525 -0.06999999 0.5984
v -0.0291709863 -0.06999999 0.5997409
v -0.0334515162 -0.0742 0.598118067
v -0.0291709863 -0.06999999 0.5997409
v -0.02867579 -0.0742 0.600056648
v -0.0334515162 -0.0742 0.598118067
v -0.03889836 -0.07478319 0.598876357
v -0.043629013 -0.0742 0.5997409
v -0.03891949 -0.06999999 0.598233461
v -0.043629013 -0.0742 0.5997409
v -0.04412421 -0.06999999 0.600056648
v -0.03891949 -0.06999999 0.598233461
v -0.0253983624 -0.06999999 0.6032527
v -0.0254736245 -0.06999999 0.6051493
v -0.0253983624 -0.0742 0.6032527
v -0.0254736245 -0.06999999 0.6051493
v -0.02532872 -0.0742 0.6054003
v -0.0253983624 -0.0742 0.6032527
v -0.0254736245 -0.06999999 0.6051493
v -0.023648601 -0.06999999 0.606283367
v -0.02532872 -0.0742 0.6054003
v -0.023648601 -0.06999999 0.606283367
v -0.023648601 -0.0742 0.606283367
v -0.02532872 -0.0742 0.6054003
v -0.0299623739 -0.07012248 0.604566455
v -0.0291709863 -0.06999999 0.5997409
v -0.03410879 -0.07019904 0.6025618
v -0.0291709863 -0.06999999 0.5997409
v -0.0339192525 -0.06999999 0.5984
v -0.03410879 -0.07019904 0.6025618
v -0.0275021736 -0.07012816 0.6081441
v -0.02260282 -0.06999999 0.6125016
v -0.023648601 -0.06999999 0.606283367
v -0.0275021736 -0.07012816 0.6081441
v -0.0275712088 -0.06999999 0.615458131
v -0.02260282 -0.06999999 0.6125016
v -0.0416795127 -0.06999999 0.6196728
v -0.0381497629 -0.06999999 0.6253388
v -0.0362551063 -0.06999999 0.624325335
v -0.04522879 -0.06999999 0.615458131
v -0.0452978276 -0.07012816 0.6081441
v -0.0501971766 -0.06999999 0.6125016
v -0.0452978276 -0.07012816 0.6081441
v -0.049151402 -0.06999999 0.606283367
v -0.0501971766 -0.06999999 0.6125016
v -0.0474016368 -0.06999999 0.6032527
v -0.04287373 -0.07012675 0.604604959
v -0.04412421 -0.06999999 0.600056648
v -0.04287373 -0.07012675 0.604604959
v -0.0474712774 -0.06999999 0.6054003
v -0.0452978276 -0.07012816 0.6081441
v -0.049151402 -0.06999999 0.606283367
v -0.04287373 -0.07012675 0.604604959
v -0.0386907123 -0.07020314 0.602565765
v -0.04412421 -0.06999999 0.600056648
v -0.0386907123 -0.07020314 0.602565765
v -0.03891949 -0.06999999 0.598233461
v -0.04412421 -0.06999999 0.600056648
v -0.03410879 -0.07019904 0.6025618
v -0.0339192525 -0.06999999 0.5984
v -0.034124922 -0.07459388 0.59928447
v -0.034124922 -0.07459388 0.59928447
v -0.0323901474 -0.0787341446 0.59647125
v -0.03410879 -0.07019904 0.6025618
v -0.0323901474 -0.0787341446 0.59647125
v -0.0299623739 -0.07012248 0.604566455
v -0.03410879 -0.07019904 0.6025618
v -0.0323901474 -0.0787341446 0.59647125
v -0.0299458634 -0.08041389 0.5959701
v -0.0299623739 -0.07012248 0.604566455
v -0.0299458634 -0.08041389 0.5959701
v -0.0229391176 -0.08055395 0.6005106
v -0.0299623739 -0.07012248 0.604566455
v -0.0229391176 -0.08055395 0.6005106
v -0.0275021736 -0.07012816 0.6081441
v -0.0299623739 -0.07012248 0.604566455
v -0.0334515162 -0.0742 0.598118067
v -0.034124922 -0.07459388 0.59928447
v -0.0339192525 -0.06999999 0.5984
v -0.0318137035 -0.0742 0.595281243
v -0.0323901474 -0.0787341446 0.59647125
v -0.0314529352 -0.0777 0.5946564
v -0.0309502352 -0.07749491 0.593785763
v -0.0334515162 -0.0742 0.598118067
v -0.0323901474 -0.0787341446 0.59647125
v -0.034124922 -0.07459388 0.59928447
v -0.0318137035 -0.0742 0.595281243
v -0.0314529352 -0.0777 0.5946564
v -0.0323901474 -0.0787341446 0.59647125
v -0.0273323711 -0.07667462 0.595383167
v -0.0318137035 -0.0742 0.595281243
v -0.0252733 -0.0742 0.5988052
v -0.0273323711 -0.07667462 0.595383167
v -0.0309502352 -0.07749491 0.593785763
v -0.0318137035 -0.0742 0.595281243
v -0.0208085813 -0.07429435 0.6042123
v -0.01918541 -0.07439135 0.6142855
v -0.0189935248 -0.0752888843 0.6085558
v -0.02596756 -0.0742 0.625015855
v -0.0364 -0.07418716 0.6289347
v -0.0295521989 -0.07752181 0.6290191
v -0.0364 -0.07418716 0.6289347
v -0.0364 -0.0775226951 0.6303174
v -0.0295521989 -0.07752181 0.6290191
v -0.0364 -0.07418716 0.6289347
v -0.04324785 -0.0775218 0.6290191
v -0.0364 -0.07418716 0.6289347
v -0.04683244 -0.0742 0.625015855
v -0.04324785 -0.0775218 0.6290191
v -0.05361459 -0.07439135 0.6142855
v -0.051991418 -0.07429435 0.6042123
v -0.0538064763 -0.0752888843 0.6085558
v -0.0475267 -0.0742 0.5988052
v -0.0409863 -0.0742 0.595281243
v -0.04561703 -0.07748366 0.595322251
v -0.0409863 -0.0742 0.595281243
v -0.041674044 -0.07758311 0.5940842
v -0.04561703 -0.07748366 0.595322251
v -0.0517069958 -0.0777 0.6027875
v -0.0498608835 -0.08055395 0.6005106
v -0.0499951169 -0.0882 0.600329936
v -0.0392 -0.0846999958 0.6290768
v -0.0336698033 -0.0846981853 0.629215062
v -0.04007484 -0.0777 0.62891376
v -0.0336698033 -0.0846981853 0.629215062
v -0.0327251628 -0.0777 0.62891376
v -0.04007484 -0.0777 0.62891376
v -0.0336698033 -0.0846981853 0.629215062
v -0.0332839228 -0.08790146 0.629034
v -0.0327251628 -0.0777 0.62891376
v -0.0210930035 -0.0777 0.6204625
v -0.01918541 -0.07439135 0.6142855
v -0.0209250171 -0.07435308 0.619290531
v -0.0208085813 -0.07429435 0.6042123
v -0.0189935248 -0.0752888843 0.6085558
v -0.0210930035 -0.0777 0.6027875
v -0.0256322082 -0.07769908 0.5974303
v -0.0210930035 -0.0777 0.6027875
v -0.0229391176 -0.08055395 0.6005106
v -0.0210930035 -0.0777 0.6027875
v -0.0228048842 -0.0882 0.600329936
v -0.0229391176 -0.08055395 0.6005106
v -0.0229391176 -0.08055395 0.6005106
v -0.0255387072 -0.08050175 0.597644866
v -0.0256322082 -0.07769908 0.5974303
v -0.0255387072 -0.08050175 0.597644866
v -0.0304950122 -0.0800783 0.5949208
v -0.0256322082 -0.07769908 0.5974303
v -0.0304950122 -0.0800783 0.5949208
v -0.0314529352 -0.0777 0.5946564
v -0.0256322082 -0.07769908 0.5974303
v -0.0517069958 -0.0777 0.6027875
v -0.0470312759 -0.07769835 0.597303033
v -0.0498608835 -0.08055395 0.6005106
v -0.0470312759 -0.07769835 0.597303033
v -0.04726129 -0.08050175 0.597644866
v -0.0498608835 -0.08055395 0.6005106
v -0.0470312759 -0.07769835 0.597303033
v -0.04230465 -0.08007841 0.594920635
v -0.04726129 -0.08050175 0.597644866
v -0.0470312759 -0.07769835 0.597303033
v -0.041674044 -0.07758311 0.5940842
v -0.04230465 -0.08007841 0.594920635
v -0.0517069958 -0.0777 0.6027875
v -0.0538064763 -0.0752888843 0.6085558
v -0.051991418 -0.07429435 0.6042123
v -0.05361459 -0.07439135 0.6142855
v -0.0517069958 -0.0777 0.6204625
v -0.0518411621 -0.07435126 0.6193689
v -0.0210930035 -0.0777 0.6204625
v -0.0238402579 -0.0774163753 0.6254669
v -0.026010897 -0.0777 0.625924349
v -0.0238402579 -0.0774163753 0.6254669
v -0.0295521989 -0.07752181 0.6290191
v -0.026010897 -0.0777 0.625924349
v -0.0295521989 -0.07752181 0.6290191
v -0.0327251628 -0.0777 0.62891376
v -0.026010897 -0.0777 0.625924349
v -0.0295521989 -0.07752181 0.6290191
v -0.0364 -0.0775226951 0.6303174
v -0.0327251628 -0.0777 0.62891376
v -0.0364 -0.0775226951 0.6303174
v -0.04007484 -0.0777 0.62891376
v -0.0327251628 -0.0777 0.62891376
v -0.0364 -0.0775226951 0.6303174
v -0.04324785 -0.0775218 0.6290191
v -0.04007484 -0.0777 0.62891376
v -0.04324785 -0.0775218 0.6290191
v -0.0467891023 -0.0777 0.625924349
v -0.04007484 -0.0777 0.62891376
v -0.04324785 -0.0775218 0.6290191
v -0.04888946 -0.07750288 0.625492454
v -0.0467891023 -0.0777 0.625924349
v -0.04888946 -0.07750288 0.625492454
v -0.0517069958 -0.0777 0.6204625
v -0.0467891023 -0.0777 0.625924349
v -0.0309502352 -0.07749491 0.593785763
v -0.024468556 -0.0776470751 0.5971064
v -0.0314529352 -0.0777 0.5946564
v -0.0517069958 -0.0777 0.6027875
v -0.04883356 -0.07755988 0.5976747
v -0.0470312759 -0.07769835 0.597303033
v -0.0210930035 -0.0777 0.6204625
v -0.0209250171 -0.07435308 0.619290531
v -0.0238402579 -0.0774163753 0.6254669
v -0.024468556 -0.0776470751 0.5971064
v -0.0309502352 -0.07749491 0.593785763
v -0.0273323711 -0.07667462 0.595383167
v -0.04888946 -0.07750288 0.625492454
v -0.0518411621 -0.07435126 0.6193689
v -0.0517069958 -0.0777 0.6204625
v -0.024468556 -0.0776470751 0.5971064
v -0.0208085813 -0.07429435 0.6042123
v -0.0210930035 -0.0777 0.6027875
v -0.0517069958 -0.0777 0.6027875
v -0.051991418 -0.07429435 0.6042123
v -0.04883356 -0.07755988 0.5976747
v -0.0409863 -0.0742 0.595281243
v -0.03889836 -0.07478319 0.598876357
v -0.0403682366 -0.07869898 0.5964953
v -0.0409863 -0.0742 0.595281243
v -0.0403682366 -0.07869898 0.5964953
v -0.041674044 -0.07758311 0.5940842
v -0.03889836 -0.07478319 0.598876357
v -0.03891949 -0.06999999 0.598233461
v -0.0386907123 -0.07020314 0.602565765
v -0.0403682366 -0.07869898 0.5964953
v -0.03889836 -0.07478319 0.598876357
v -0.0386907123 -0.07020314 0.602565765
v -0.0403682366 -0.07869898 0.5964953
v -0.0386907123 -0.07020314 0.602565765
v -0.04285254 -0.08041407 0.595974565
v -0.0386907123 -0.07020314 0.602565765
v -0.04287373 -0.07012675 0.604604959
v -0.04285254 -0.08041407 0.595974565
v -0.04287373 -0.07012675 0.604604959
v -0.0498608835 -0.08055395 0.6005106
v -0.04285254 -0.08041407 0.595974565
v -0.04287373 -0.07012675 0.604604959
v -0.0452978276 -0.07012816 0.6081441
v -0.0498608835 -0.08055395 0.6005106
v -0.02756612 -0.0819 0.6078036
v -0.0274283346 -0.08190197 0.6135702
v -0.0275021736 -0.07012816 0.6081441
v -0.0274283346 -0.08190197 0.6135702
v -0.0275712088 -0.06999999 0.615458131
v -0.0275021736 -0.07012816 0.6081441
v -0.0274283346 -0.08190197 0.6135702
v -0.0298884287 -0.0819020346 0.6180948
v -0.0275712088 -0.06999999 0.615458131
v -0.0343971662 -0.081902124 0.6205821
v -0.0311204884 -0.06999999 0.6196728
v -0.039535068 -0.08190218 0.6202501
v -0.0364 -0.06999999 0.62125
v -0.0435986 -0.0819022954 0.6172811
v -0.0416795127 -0.06999999 0.6196728
v -0.0298884287 -0.0819020346 0.6180948
v -0.0311204884 -0.06999999 0.6196728
v -0.0275712088 -0.06999999 0.615458131
v -0.0343971662 -0.081902124 0.6205821
v -0.0364 -0.06999999 0.62125
v -0.039535068 -0.08190218 0.6202501
v -0.0416795127 -0.06999999 0.6196728
v -0.0435986 -0.0819022954 0.6172811
v -0.04522879 -0.06999999 0.615458131
v -0.0456085354 -0.08190158 0.612859964
v -0.0456085354 -0.08190158 0.612859964
v -0.0452978276 -0.07012816 0.6081441
v -0.04522879 -0.06999999 0.615458131
v -0.0456085354 -0.08190158 0.612859964
v -0.0450291559 -0.0819012 0.6080378
v -0.0452978276 -0.07012816 0.6081441
v -0.0304950122 -0.0800783 0.5949208
v -0.0255387072 -0.08050175 0.597644866
v -0.0299458634 -0.08041389 0.5959701
v -0.0255387072 -0.08050175 0.597644866
v -0.0229391176 -0.08055395 0.6005106
v -0.0299458634 -0.08041389 0.5959701
v -0.04230465 -0.08007841 0.594920635
v -0.04285254 -0.08041407 0.595974565
v -0.04726129 -0.08050175 0.597644866
v -0.04285254 -0.08041407 0.595974565
v -0.0498608835 -0.08055395 0.6005106
v -0.04726129 -0.08050175 0.597644866
v -0.0314529352 -0.0777 0.5946564
v -0.0304950122 -0.0800783 0.5949208
v -0.0323901474 -0.0787341446 0.59647125
v -0.0304950122 -0.0800783 0.5949208
v -0.0299458634 -0.08041389 0.5959701
v -0.0323901474 -0.0787341446 0.59647125
v -0.041674044 -0.07758311 0.5940842
v -0.0403682366 -0.07869898 0.5964953
v -0.04230465 -0.08007841 0.594920635
v -0.0403682366 -0.07869898 0.5964953
v -0.04285254 -0.08041407 0.595974565
v -0.04230465 -0.08007841 0.594920635
v -0.03121205 -0.0819 0.6040644
v -0.02756612 -0.0819 0.6078036
v -0.03111514 -0.0882 0.6035807
v -0.02756612 -0.0819 0.6078036
v -0.02756612 -0.0882 0.6078036
v -0.03111514 -0.0882 0.6035807
v -0.0394042246 -0.087814495 0.629057169
v -0.04655843 -0.0882 0.626089156
v -0.039580442 -0.08803262 0.6211485
v -0.02756612 -0.0882 0.6078036
v -0.03195711 -0.08775522 0.609975457
v -0.0340050235 -0.08795692 0.6075497
v -0.02756612 -0.0882 0.6078036
v -0.0319284648 -0.08796227 0.6131625
v -0.03195711 -0.08775522 0.609975457
v -0.0400601663 -0.08795903 0.61461705
v -0.037234012 -0.08789793 0.616290152
v -0.039580442 -0.08803262 0.6211485
v -0.04376097 -0.0832999945 0.6163556
v -0.0411123149 -0.08785417 0.611624956
v -0.04515 -0.0832999945 0.611624956
v -0.0411123149 -0.08785417 0.611624956
v -0.04376097 -0.0832999945 0.6068944
v -0.04515 -0.0832999945 0.611624956
v -0.0411123149 -0.08785417 0.611624956
v -0.0400667824 -0.08790154 0.608621657
v -0.04376097 -0.0832999945 0.6068944
v -0.0400667824 -0.08790154 0.608621657
v -0.0400348827 -0.0832999945 0.6036657
v -0.04376097 -0.0832999945 0.6068944
v -0.0400667824 -0.08790154 0.608621657
v -0.03723405 -0.08789791 0.6069599
v -0.0400348827 -0.0832999945 0.6036657
v -0.03723405 -0.08789791 0.6069599
v -0.035154745 -0.0832999945 0.602964044
v -0.0400348827 -0.0832999945 0.6036657
v -0.03723405 -0.08789791 0.6069599
v -0.0340050235 -0.08795692 0.6075497
v -0.035154745 -0.0832999945 0.602964044
v -0.0340050235 -0.08795692 0.6075497
v -0.0306699686 -0.0832999945 0.6050122
v -0.035154745 -0.0832999945 0.602964044
v -0.0340050235 -0.08795692 0.6075497
v -0.03195711 -0.08775522 0.609975457
v -0.0306699686 -0.0832999945 0.6050122
v -0.03195711 -0.08775522 0.609975457
v -0.0278477017 -0.08220029 0.609116256
v -0.0306699686 -0.0832999945 0.6050122
v -0.03195711 -0.08775522 0.609975457
v -0.02800444 -0.0832999945 0.614090145
v -0.0278477017 -0.08220029 0.609116256
v -0.03195711 -0.08775522 0.609975457
v -0.0319284648 -0.08796227 0.6131625
v -0.02800444 -0.0832999945 0.614090145
v -0.0319284648 -0.08796227 0.6131625
v -0.0306699686 -0.0832999945 0.6182378
v -0.02800444 -0.0832999945 0.614090145
v -0.0319284648 -0.08796227 0.6131625
v -0.03400111 -0.08789911 0.615712345
v -0.0306699686 -0.0832999945 0.6182378
v -0.03400111 -0.08789911 0.615712345
v -0.035154745 -0.0832999945 0.620285869
v -0.0306699686 -0.0832999945 0.6182378
v -0.03400111 -0.08789911 0.615712345
v -0.037234012 -0.08789793 0.616290152
v -0.035154745 -0.0832999945 0.620285869
v -0.037234012 -0.08789793 0.616290152
v -0.0400348827 -0.0832999945 0.619584262
v -0.035154745 -0.0832999945 0.620285869
v -0.037234012 -0.08789793 0.616290152
v -0.0400601663 -0.08795903 0.61461705
v -0.0400348827 -0.0832999945 0.619584262
v -0.0400601663 -0.08795903 0.61461705
v -0.04376097 -0.0832999945 0.6163556
v -0.0400348827 -0.0832999945 0.619584262
v -0.0400601663 -0.08795903 0.61461705
v -0.0411123149 -0.08785417 0.611624956
v -0.04376097 -0.0832999945 0.6163556
v -0.0450291559 -0.0819012 0.6080378
v -0.0456085354 -0.08190158 0.612859964
v -0.04376097 -0.0832999945 0.6068944
v -0.0456085354 -0.08190158 0.612859964
v -0.04515 -0.0832999945 0.611624956
v -0.04376097 -0.0832999945 0.6068944
v -0.0456085354 -0.08190158 0.612859964
v -0.0435986 -0.0819022954 0.6172811
v -0.04515 -0.0832999945 0.611624956
v -0.0435986 -0.0819022954 0.6172811
v -0.04376097 -0.0832999945 0.6163556
v -0.04515 -0.0832999945 0.611624956
v -0.0435986 -0.0819022954 0.6172811
v -0.0400348827 -0.0832999945 0.619584262
v -0.04376097 -0.0832999945 0.6163556
v -0.0450291559 -0.0819012 0.6080378
v -0.04376097 -0.0832999945 0.6068944
v -0.0412569754 -0.0819 0.603845239
v -0.04376097 -0.0832999945 0.6068944
v -0.0400348827 -0.0832999945 0.6036657
v -0.0412569754 -0.0819 0.603845239
v -0.0400348827 -0.0832999945 0.6036657
v -0.0362016335 -0.0819 0.6024569
v -0.0412569754 -0.0819 0.603845239
v -0.0400348827 -0.0832999945 0.6036657
v -0.035154745 -0.0832999945 0.602964044
v -0.0362016335 -0.0819 0.6024569
v -0.035154745 -0.0832999945 0.602964044
v -0.03121205 -0.0819 0.6040644
v -0.0362016335 -0.0819 0.6024569
v -0.035154745 -0.0832999945 0.602964044
v -0.0306699686 -0.0832999945 0.6050122
v -0.03121205 -0.0819 0.6040644
v -0.0306699686 -0.0832999945 0.6050122
v -0.0278477017 -0.08220029 0.609116256
v -0.03121205 -0.0819 0.6040644
v -0.0278477017 -0.08220029 0.609116256
v -0.02800444 -0.0832999945 0.614090145
v -0.0274283346 -0.08190197 0.6135702
v -0.02800444 -0.0832999945 0.614090145
v -0.0298884287 -0.0819020346 0.6180948
v -0.0274283346 -0.08190197 0.6135702
v -0.02800444 -0.0832999945 0.614090145
v -0.0306699686 -0.0832999945 0.6182378
v -0.0298884287 -0.0819020346 0.6180948
v -0.0306699686 -0.0832999945 0.6182378
v -0.0343971662 -0.081902124 0.6205821
v -0.0298884287 -0.0819020346 0.6180948
v -0.0306699686 -0.0832999945 0.6182378
v -0.035154745 -0.0832999945 0.620285869
v -0.0343971662 -0.081902124 0.6205821
v -0.035154745 -0.0832999945 0.620285869
v -0.039535068 -0.08190218 0.6202501
v -0.0343971662 -0.081902124 0.6205821
v -0.035154745 -0.0832999945 0.620285869
v -0.0400348827 -0.0832999945 0.619584262
v -0.039535068 -0.08190218 0.6202501
v -0.0400348827 -0.0832999945 0.619584262
v -0.0435986 -0.0819022954 0.6172811
v -0.039535068 -0.08190218 0.6202501
v -0.0274283346 -0.08190197 0.6135702
v -0.02756612 -0.0819 0.6078036
v -0.0278477017 -0.08220029 0.609116256
v -0.02756612 -0.0819 0.6078036
v -0.03121205 -0.0819 0.6040644
v -0.0278477017 -0.08220029 0.609116256
v -0.039580442 -0.08803262 0.6211485
v -0.0392 -0.0846999958 0.621376753
v -0.0394042246 -0.087814495 0.629057169
v -0.0392 -0.0846999958 0.621376753
v -0.0392 -0.0846999958 0.6290768
v -0.0394042246 -0.087814495 0.629057169
v -0.0474016368 -0.0742 0.6032527
v -0.0473263748 -0.0742 0.6051493
v -0.0474016368 -0.06999999 0.6032527
v -0.0473263748 -0.0742 0.6051493
v -0.0474712774 -0.06999999 0.6054003
v -0.0474016368 -0.06999999 0.6032527
v -0.0473263748 -0.0742 0.6051493
v -0.049151402 -0.0742 0.606283367
v -0.0474712774 -0.06999999 0.6054003
v -0.049151402 -0.0742 0.606283367
v -0.049151402 -0.06999999 0.606283367
v -0.0474712774 -0.06999999 0.6054003
v -0.0381497629 -0.0742 0.6253388
v -0.0365448929 -0.0742 0.624325335
v -0.0381497629 -0.06999999 0.6253388
v -0.0365448929 -0.0742 0.624325335
v -0.0362551063 -0.06999999 0.624325335
v -0.0381497629 -0.06999999 0.6253388
v -0.0365448929 -0.0742 0.624325335
v -0.0346502364 -0.0742 0.6253388
v -0.0362551063 -0.06999999 0.624325335
v -0.0346502364 -0.0742 0.6253388
v -0.0346502364 -0.06999999 0.6253388
v -0.0362551063 -0.06999999 0.624325335
v -0.00674157543 -0.0742 0.346572518
v -0.008812775 -0.07429436 0.3494125
v 0.001260527 -0.0743913651 0.351035684
v -0.0132840872 -0.0742 0.341050148
v -0.0141486926 -0.07478318 0.336319476
v -0.0177436974 -0.0742 0.338407367
v 0.0119908471 -0.0742 0.34425354
v 0.01011038 -0.0742 0.341478884
v 0.00551249646 -0.0742 0.3457939
v 0.00634393934 -0.07435127 0.349262267
v -0.0005233584 -0.0742 0.347618282
v 0.0119908471 -0.0742 0.34425354
v 0.0119908471 -0.0742 0.34425354
v 0.0159097034 -0.07418716 0.333821118
v 0.01011038 -0.0742 0.341478884
v 0.0159097034 -0.07418716 0.333821118
v 0.0123138223 -0.0742 0.335570872
v 0.01011038 -0.0742 0.341478884
v 0.0159097034 -0.07418716 0.333821118
v 0.01011038 -0.0742 0.326163322
v 0.0123138223 -0.0742 0.332071334
v 0.0159097034 -0.07418716 0.333821118
v 0.0119908471 -0.0742 0.323388666
v 0.01011038 -0.0742 0.326163322
v 0.00126060261 -0.0743913651 0.316606522
v -0.008812772 -0.07429436 0.3182297
v -0.00674157543 -0.0742 0.3210697
v -0.0143878432 -0.0749874 0.33119455
v -0.0129683372 -0.0742 0.326096863
v -0.0177436974 -0.0742 0.3292348
v -0.0146250222 -0.06999999 0.331340343
v -0.0132840937 -0.06999999 0.326592118
v -0.0143878432 -0.0749874 0.33119455
v -0.0132840937 -0.06999999 0.326592118
v -0.0129683372 -0.0742 0.326096863
v -0.0143878432 -0.0749874 0.33119455
v -0.0141486926 -0.07478318 0.336319476
v -0.0132840872 -0.0742 0.341050148
v -0.0147915967 -0.06999999 0.336340576
v -0.0132840872 -0.0742 0.341050148
v -0.0129683353 -0.06999999 0.341545373
v -0.0147915967 -0.06999999 0.336340576
v -0.009772253 -0.06999999 0.322819471
v -0.007875645 -0.06999999 0.322894752
v -0.009772253 -0.0742 0.322819471
v -0.007875645 -0.06999999 0.322894752
v -0.007624674 -0.0742 0.322749853
v -0.009772253 -0.0742 0.322819471
v -0.007875645 -0.06999999 0.322894752
v -0.00674157543 -0.06999999 0.3210697
v -0.007624674 -0.0742 0.322749853
v -0.00674157543 -0.06999999 0.3210697
v -0.00674157543 -0.0742 0.3210697
v -0.007624674 -0.0742 0.322749853
v -0.008458513 -0.07012248 0.327383459
v -0.0132840937 -0.06999999 0.326592118
v -0.0104632471 -0.07019904 0.331529915
v -0.0132840937 -0.06999999 0.326592118
v -0.0146250222 -0.06999999 0.331340343
v -0.0104632471 -0.07019904 0.331529915
v -0.004880898 -0.07012816 0.324923277
v -0.0005233584 -0.06999999 0.320023924
v -0.00674157543 -0.06999999 0.3210697
v -0.004880898 -0.07012816 0.324923277
v 0.002433151 -0.06999999 0.3249923
v -0.0005233584 -0.06999999 0.320023924
v 0.002433151 -0.06999999 0.342649877
v -0.00488090329 -0.07012816 0.3427189
v -0.0005233584 -0.06999999 0.347618282
v -0.00488090329 -0.07012816 0.3427189
v -0.00674157543 -0.06999999 0.346572518
v -0.0005233584 -0.06999999 0.347618282
v -0.009772253 -0.06999999 0.344822735
v -0.008420052 -0.07012674 0.340294868
v -0.0129683353 -0.06999999 0.341545373
v -0.008420052 -0.07012674 0.340294868
v -0.00762465037 -0.06999999 0.3448924
v -0.00488090329 -0.07012816 0.3427189
v -0.00674157543 -0.06999999 0.346572518
v -0.008420052 -0.07012674 0.340294868
v -0.0104592657 -0.07020315 0.336111784
v -0.0129683353 -0.06999999 0.341545373
v -0.0104592657 -0.07020315 0.336111784
v -0.0147915967 -0.06999999 0.336340576
v -0.0129683353 -0.06999999 0.341545373
v -0.0104632471 -0.07019904 0.331529915
v -0.0146250222 -0.06999999 0.331340343
v -0.0143878432 -0.0749874 0.33119455
v -0.0143878432 -0.0749874 0.33119455
v -0.0165356249 -0.0787007138 0.329848617
v -0.0104632471 -0.07019904 0.331529915
v -0.0165356249 -0.0787007138 0.329848617
v -0.008458513 -0.07012248 0.327383459
v -0.0104632471 -0.07019904 0.331529915
v -0.0165356249 -0.0787007138 0.329848617
v -0.0170548763 -0.0804139 0.327366918
v -0.008458513 -0.07012248 0.327383459
v -0.0170548763 -0.0804139 0.327366918
v -0.0125144171 -0.08055394 0.3203602
v -0.008458513 -0.07012248 0.327383459
v -0.0125144171 -0.08055394 0.3203602
v -0.004880898 -0.07012816 0.324923277
v -0.008458513 -0.07012248 0.327383459
v -0.0143878432 -0.0749874 0.33119455
v -0.0177436974 -0.0742 0.3292348
v -0.0165356249 -0.0787007138 0.329848617
v -0.0177436974 -0.0742 0.3292348
v -0.0183685627 -0.0777 0.328874022
v -0.0165356249 -0.0787007138 0.329848617
v -0.0183685627 -0.0777 0.328874022
v -0.0177436974 -0.0742 0.3292348
v -0.019239245 -0.0774949044 0.328371376
v -0.0176418871 -0.07667461 0.324753582
v -0.0177436974 -0.0742 0.3292348
v -0.0142197981 -0.0742 0.3226944
v -0.0176418871 -0.07667461 0.324753582
v -0.019239245 -0.0774949044 0.328371376
v -0.0177436974 -0.0742 0.3292348
v -0.008812772 -0.07429436 0.3182297
v 0.00126060261 -0.0743913651 0.316606522
v -0.004469233 -0.0752888843 0.316414624
v 0.0119908471 -0.0742 0.323388666
v 0.0159097034 -0.07418716 0.333821118
v 0.0159940366 -0.0775218 0.326973259
v 0.0159097034 -0.07418716 0.333821118
v 0.0172923543 -0.07752268 0.333821118
v 0.0159940366 -0.0775218 0.326973259
v 0.0159097034 -0.07418716 0.333821118
v 0.0159940366 -0.0775218 0.340668976
v 0.0159097034 -0.07418716 0.333821118
v 0.0119908471 -0.0742 0.34425354
v 0.0159940366 -0.0775218 0.340668976
v 0.001260527 -0.0743913651 0.351035684
v -0.008812775 -0.07429436 0.3494125
v -0.004469233 -0.0752888843 0.351227582
v -0.0142197981 -0.0742 0.344947815
v -0.0177436974 -0.0742 0.338407367
v -0.0177027658 -0.077483654 0.343038082
v -0.0177436974 -0.0742 0.338407367
v -0.01894082 -0.0775831044 0.339095145
v -0.0177027658 -0.077483654 0.343038082
v -0.010237501 -0.0777 0.3491281
v -0.0125144254 -0.08055395 0.347281963
v -0.012695061 -0.0882 0.347416222
v 0.0160518084 -0.0846999958 0.3366211
v 0.0161900371 -0.0846981853 0.331090927
v 0.015888758 -0.0777 0.337495923
v 0.0161900371 -0.0846981853 0.331090927
v 0.015888758 -0.0777 0.330146253
v 0.015888758 -0.0777 0.337495923
v 0.0161900371 -0.0846981853 0.331090927
v 0.0160089377 -0.08790145 0.330705047
v 0.015888758 -0.0777 0.330146253
v 0.007437498 -0.0777 0.318514079
v 0.00126060261 -0.0743913651 0.316606522
v 0.00626551267 -0.074353084 0.3183461
v -0.008812772 -0.07429436 0.3182297
v -0.004469233 -0.0752888843 0.316414624
v -0.010237501 -0.0777 0.318514079
v -0.015594718 -0.07769908 0.32305336
v -0.010237501 -0.0777 0.318514079
v -0.0125144171 -0.08055394 0.3203602
v -0.010237501 -0.0777 0.318514079
v -0.012695061 -0.0882 0.320225984
v -0.0125144171 -0.08055394 0.3203602
v -0.0125144171 -0.08055394 0.3203602
v -0.0153801264 -0.08050175 0.3229599
v -0.015594718 -0.07769908 0.32305336
v -0.0153801264 -0.08050175 0.3229599
v -0.0181041844 -0.0800783 0.327916116
v -0.015594718 -0.07769908 0.32305336
v -0.0181041844 -0.0800783 0.327916116
v -0.0183685627 -0.0777 0.328874022
v -0.015594718 -0.07769908 0.32305336
v -0.010237501 -0.0777 0.3491281
v -0.0157219488 -0.07769835 0.344452381
v -0.0125144254 -0.08055395 0.347281963
v -0.0157219488 -0.07769835 0.344452381
v -0.0153801125 -0.08050175 0.344682366
v -0.0125144254 -0.08055395 0.347281963
v -0.0157219488 -0.07769835 0.344452381
v -0.0181043427 -0.0800784 0.339725763
v -0.0153801125 -0.08050175 0.344682366
v -0.0157219488 -0.07769835 0.344452381
v -0.01894082 -0.0775831044 0.339095145
v -0.0181043427 -0.0800784 0.339725763
v -0.010237501 -0.0777 0.3491281
v -0.004469233 -0.0752888843 0.351227582
v -0.008812775 -0.07429436 0.3494125
v 0.001260527 -0.0743913651 0.351035684
v 0.007437498 -0.0777 0.3491281
v 0.00634393934 -0.07435127 0.349262267
v 0.007437498 -0.0777 0.318514079
v 0.0124419387 -0.07741637 0.321261346
v 0.0128993765 -0.0777 0.323432
v 0.0124419387 -0.07741637 0.321261346
v 0.0159940366 -0.0775218 0.326973259
v 0.0128993765 -0.0777 0.323432
v 0.0159940366 -0.0775218 0.326973259
v 0.015888758 -0.0777 0.330146253
v 0.0128993765 -0.0777 0.323432
v 0.0159940366 -0.0775218 0.326973259
v 0.0172923543 -0.07752268 0.333821118
v 0.015888758 -0.0777 0.330146253
v 0.0172923543 -0.07752268 0.333821118
v 0.015888758 -0.0777 0.337495923
v 0.015888758 -0.0777 0.330146253
v 0.0172923543 -0.07752268 0.333821118
v 0.0159940366 -0.0775218 0.340668976
v 0.015888758 -0.0777 0.337495923
v 0.0159940366 -0.0775218 0.340668976
v 0.0128993765 -0.0777 0.3442102
v 0.015888758 -0.0777 0.337495923
v 0.0159940366 -0.0775218 0.340668976
v 0.01246741 -0.0775029 0.3463106
v 0.0128993765 -0.0777 0.3442102
v 0.01246741 -0.0775029 0.3463106
v 0.007437498 -0.0777 0.3491281
v 0.0128993765 -0.0777 0.3442102
v -0.019239245 -0.0774949044 0.328371376
v -0.0159185454 -0.0776470751 0.321889639
v -0.0183685627 -0.0777 0.328874022
v -0.010237501 -0.0777 0.3491281
v -0.0153501965 -0.07755989 0.346254736
v -0.0157219488 -0.07769835 0.344452381
v 0.007437498 -0.0777 0.318514079
v 0.00626551267 -0.074353084 0.3183461
v 0.0124419387 -0.07741637 0.321261346
v -0.0159185454 -0.0776470751 0.321889639
v -0.019239245 -0.0774949044 0.328371376
v -0.0176418871 -0.07667461 0.324753582
v 0.01246741 -0.0775029 0.3463106
v 0.00634393934 -0.07435127 0.349262267
v 0.007437498 -0.0777 0.3491281
v -0.0159185454 -0.0776470751 0.321889639
v -0.008812772 -0.07429436 0.3182297
v -0.010237501 -0.0777 0.318514079
v -0.010237501 -0.0777 0.3491281
v -0.008812775 -0.07429436 0.3494125
v -0.0153501965 -0.07755989 0.346254736
v -0.0177436974 -0.0742 0.338407367
v -0.0141486926 -0.07478318 0.336319476
v -0.016529737 -0.07869899 0.337789357
v -0.0177436974 -0.0742 0.338407367
v -0.016529737 -0.07869899 0.337789357
v -0.01894082 -0.0775831044 0.339095145
v -0.0141486926 -0.07478318 0.336319476
v -0.0147915967 -0.06999999 0.336340576
v -0.0104592657 -0.07020315 0.336111784
v -0.016529737 -0.07869899 0.337789357
v -0.0141486926 -0.07478318 0.336319476
v -0.0104592657 -0.07020315 0.336111784
v -0.016529737 -0.07869899 0.337789357
v -0.0104592657 -0.07020315 0.336111784
v -0.0170504246 -0.08041408 0.340273678
v -0.0104592657 -0.07020315 0.336111784
v -0.008420052 -0.07012674 0.340294868
v -0.0170504246 -0.08041408 0.340273678
v -0.008420052 -0.07012674 0.340294868
v -0.0125144254 -0.08055395 0.347281963
v -0.0170504246 -0.08041408 0.340273678
v -0.008420052 -0.07012674 0.340294868
v -0.00488090329 -0.07012816 0.3427189
v -0.0125144254 -0.08055395 0.347281963
v -0.005221412 -0.0819 0.324987233
v 0.000545145362 -0.08190197 0.324849427
v -0.004880898 -0.07012816 0.324923277
v 0.000545145362 -0.08190197 0.324849427
v 0.002433151 -0.06999999 0.3249923
v -0.004880898 -0.07012816 0.324923277
v 0.000545145362 -0.08190197 0.324849427
v 0.00506980764 -0.0819020346 0.327309519
v 0.002433151 -0.06999999 0.3249923
v 0.00755715743 -0.081902124 0.331818372
v 0.006647815 -0.06999999 0.328541577
v 0.00722514465 -0.08190218 0.336956143
v 0.008225 -0.06999999 0.333821118
v 0.004256071 -0.0819022954 0.34101966
v 0.006647815 -0.06999999 0.3391006
v 0.00506980764 -0.0819020346 0.327309519
v 0.006647815 -0.06999999 0.328541577
v 0.002433151 -0.06999999 0.3249923
v 0.00755715743 -0.081902124 0.331818372
v 0.008225 -0.06999999 0.333821118
v 0.00722514465 -0.08190218 0.336956143
v 0.006647815 -0.06999999 0.3391006
v 0.004256071 -0.0819022954 0.34101966
v 0.002433151 -0.06999999 0.342649877
v -0.000165028716 -0.08190158 0.343029648
v -0.000165028716 -0.08190158 0.343029648
v -0.00488090329 -0.07012816 0.3427189
v 0.002433151 -0.06999999 0.342649877
v -0.000165028716 -0.08190158 0.343029648
v -0.004987144 -0.0819012 0.342450261
v -0.00488090329 -0.07012816 0.3427189
v -0.0181041844 -0.0800783 0.327916116
v -0.0153801264 -0.08050175 0.3229599
v -0.0170548763 -0.0804139 0.327366918
v -0.0153801264 -0.08050175 0.3229599
v -0.0125144171 -0.08055394 0.3203602
v -0.0170548763 -0.0804139 0.327366918
v -0.0181043427 -0.0800784 0.339725763
v -0.0170504246 -0.08041408 0.340273678
v -0.0153801125 -0.08050175 0.344682366
v -0.0170504246 -0.08041408 0.340273678
v -0.0125144254 -0.08055395 0.347281963
v -0.0153801125 -0.08050175 0.344682366
v -0.0183685627 -0.0777 0.328874022
v -0.0181041844 -0.0800783 0.327916116
v -0.0165356249 -0.0787007138 0.329848617
v -0.0181041844 -0.0800783 0.327916116
v -0.0170548763 -0.0804139 0.327366918
v -0.0165356249 -0.0787007138 0.329848617
v -0.01894082 -0.0775831044 0.339095145
v -0.016529737 -0.07869899 0.337789357
v -0.0181043427 -0.0800784 0.339725763
v -0.016529737 -0.07869899 0.337789357
v -0.0170504246 -0.08041408 0.340273678
v -0.0181043427 -0.0800784 0.339725763
v -0.008960587 -0.0819 0.328633219
v -0.005221412 -0.0819 0.324987233
v -0.009444306 -0.0882 0.328536242
v -0.005221412 -0.0819 0.324987233
v -0.005221412 -0.0882 0.324987233
v -0.009444306 -0.0882 0.328536242
v 0.01603214 -0.087814495 0.3368253
v 0.0130641572 -0.0882 0.343979537
v 0.008123545 -0.08803262 0.337001532
v -0.005221412 -0.0882 0.324987233
v -0.00304956036 -0.08775522 0.329378217
v -0.00547529 -0.08795692 0.331426173
v -0.005221412 -0.0882 0.324987233
v 0.0001375483 -0.08796227 0.329349548
v -0.00304956036 -0.08775522 0.329378217
v 0.00159215124 -0.08795903 0.33748126
v 0.00326512055 -0.08789791 0.3346552
v 0.008123545 -0.08803262 0.337001532
v 0.003330605 -0.0832999945 0.341182053
v -0.00140003429 -0.08785417 0.338533431
v -0.00140000042 -0.0832999945 0.3425711
v -0.00140003429 -0.08785417 0.338533431
v -0.00613060873 -0.0832999945 0.341182053
v -0.00140000042 -0.0832999945 0.3425711
v -0.00140003429 -0.08785417 0.338533431
v -0.00440332852 -0.08790153 0.3374879
v -0.00613060873 -0.0832999945 0.341182053
v -0.00440332852 -0.08790153 0.3374879
v -0.00935928151 -0.0832999945 0.337456
v -0.00613060873 -0.0832999945 0.341182053
v -0.00440332852 -0.08790153 0.3374879
v -0.00606511626 -0.08789791 0.334655136
v -0.00935928151 -0.0832999945 0.337456
v -0.00606511626 -0.08789791 0.334655136
v -0.0100609418 -0.0832999945 0.332575858
v -0.00935928151 -0.0832999945 0.337456
v -0.00606511626 -0.08789791 0.334655136
v -0.00547529 -0.08795692 0.331426173
v -0.0100609418 -0.0832999945 0.332575858
v -0.00547529 -0.08795692 0.331426173
v -0.00801281 -0.0832999945 0.328091085
v -0.0100609418 -0.0832999945 0.332575858
v -0.00547529 -0.08795692 0.331426173
v -0.00304956036 -0.08775522 0.329378217
v -0.00801281 -0.0832999945 0.328091085
v -0.00304956036 -0.08775522 0.329378217
v -0.003908705 -0.08220029 0.325268775
v -0.00801281 -0.0832999945 0.328091085
v -0.00304956036 -0.08775522 0.329378217
v 0.00106515526 -0.0832999945 0.325425535
v -0.003908705 -0.08220029 0.325268775
v -0.00304956036 -0.08775522 0.329378217
v 0.0001375483 -0.08796227 0.329349548
v 0.00106515526 -0.0832999945 0.325425535
v 0.0001375483 -0.08796227 0.329349548
v 0.005212809 -0.0832999945 0.328091085
v 0.00106515526 -0.0832999945 0.325425535
v 0.0001375483 -0.08796227 0.329349548
v 0.00268734223 -0.08789911 0.33142224
v 0.005212809 -0.0832999945 0.328091085
v 0.00268734223 -0.08789911 0.33142224
v 0.007260938 -0.0832999945 0.332575858
v 0.005212809 -0.0832999945 0.328091085
v 0.00268734223 -0.08789911 0.33142224
v 0.00326512055 -0.08789791 0.3346552
v 0.007260938 -0.0832999945 0.332575858
v 0.00326512055 -0.08789791 0.3346552
v 0.006559278 -0.0832999945 0.337456
v 0.007260938 -0.0832999945 0.332575858
v 0.00326512055 -0.08789791 0.3346552
v 0.00159215124 -0.08795903 0.33748126
v 0.006559278 -0.0832999945 0.337456
v 0.00159215124 -0.08795903 0.33748126
v 0.003330605 -0.0832999945 0.341182053
v 0.006559278 -0.0832999945 0.337456
v 0.00159215124 -0.08795903 0.33748126
v -0.00140003429 -0.08785417 0.338533431
v 0.003330605 -0.0832999945 0.341182053
v -0.004987144 -0.0819012 0.342450261
v -0.000165028716 -0.08190158 0.343029648
v -0.00613060873 -0.0832999945 0.341182053
v -0.000165028716 -0.08190158 0.343029648
v -0.00140000042 -0.0832999945 0.3425711
v -0.00613060873 -0.0832999945 0.341182053
v -0.000165028716 -0.08190158 0.343029648
v 0.004256071 -0.0819022954 0.34101966
v -0.00140000042 -0.0832999945 0.3425711
v 0.004256071 -0.0819022954 0.34101966
v 0.003330605 -0.0832999945 0.341182053
v -0.00140000042 -0.0832999945 0.3425711
v 0.004256071 -0.0819022954 0.34101966
v 0.006559278 -0.0832999945 0.337456
v 0.003330605 -0.0832999945 0.341182053
v -0.004987144 -0.0819012 0.342450261
v -0.00613060873 -0.0832999945 0.341182053
v -0.009179773 -0.0819 0.338678032
v -0.00613060873 -0.0832999945 0.341182053
v -0.00935928151 -0.0832999945 0.337456
v -0.009179773 -0.0819 0.338678032
v -0.00935928151 -0.0832999945 0.337456
v -0.0105680721 -0.0819 0.333622754
v -0.009179773 -0.0819 0.338678032
v -0.00935928151 -0.0832999945 0.337456
v -0.0100609418 -0.0832999945 0.332575858
v -0.0105680721 -0.0819 0.333622754
v -0.0100609418 -0.0832999945 0.332575858
v -0.008960587 -0.0819 0.328633219
v -0.0105680721 -0.0819 0.333622754
v -0.0100609418 -0.0832999945 0.332575858
v -0.00801281 -0.0832999945 0.328091085
v -0.008960587 -0.0819 0.328633219
v -0.00801281 -0.0832999945 0.328091085
v -0.003908705 -0.08220029 0.325268775
v -0.008960587 -0.0819 0.328633219
v -0.003908705 -0.08220029 0.325268775
v 0.00106515526 -0.0832999945 0.325425535
v 0.000545145362 -0.08190197 0.324849427
v 0.00106515526 -0.0832999945 0.325425535
v 0.00506980764 -0.0819020346 0.327309519
v 0.000545145362 -0.08190197 0.324849427
v 0.00106515526 -0.0832999945 0.325425535
v 0.005212809 -0.0832999945 0.328091085
v 0.00506980764 -0.0819020346 0.327309519
v 0.005212809 -0.0832999945 0.328091085
v 0.00755715743 -0.081902124 0.331818372
v 0.00506980764 -0.0819020346 0.327309519
v 0.005212809 -0.0832999945 0.328091085
v 0.007260938 -0.0832999945 0.332575858
v 0.00755715743 -0.081902124 0.331818372
v 0.007260938 -0.0832999945 0.332575858
v 0.00722514465 -0.08190218 0.336956143
v 0.00755715743 -0.081902124 0.331818372
v 0.007260938 -0.0832999945 0.332575858
v 0.006559278 -0.0832999945 0.337456
v 0.00722514465 -0.08190218 0.336956143
v 0.006559278 -0.0832999945 0.337456
v 0.004256071 -0.0819022954 0.34101966
v 0.00722514465 -0.08190218 0.336956143
v 0.000545145362 -0.08190197 0.324849427
v -0.005221412 -0.0819 0.324987233
v -0.003908705 -0.08220029 0.325268775
v -0.005221412 -0.0819 0.324987233
v -0.008960587 -0.0819 0.328633219
v -0.003908705 -0.08220029 0.325268775
v 0.008123545 -0.08803262 0.337001532
v 0.008351808 -0.0846999958 0.3366211
v 0.01603214 -0.087814495 0.3368253
v 0.008351808 -0.0846999958 0.3366211
v 0.0160518084 -0.0846999958 0.3366211
v 0.01603214 -0.087814495 0.3368253
v -0.009772253 -0.0742 0.344822735
v -0.007875616 -0.0742 0.344747484
v -0.009772253 -0.06999999 0.344822735
v -0.007875616 -0.0742 0.344747484
v -0.00762465037 -0.06999999 0.3448924
v -0.009772253 -0.06999999 0.344822735
v -0.007875616 -0.0742 0.344747484
v -0.00674157543 -0.0742 0.346572518
v -0.00762465037 -0.06999999 0.3448924
v -0.00674157543 -0.0742 0.346572518
v -0.00674157543 -0.06999999 0.346572518
v -0.00762465037 -0.06999999 0.3448924
v 0.0123138223 -0.0742 0.335570872
v 0.0113003328 -0.0742 0.333966
v 0.0123138223 -0.06999999 0.335570872
v 0.0113003328 -0.0742 0.333966
v 0.0113003384 -0.06999999 0.3336762
v 0.0123138223 -0.06999999 0.335570872
v 0.0113003328 -0.0742 0.333966
v 0.0123138223 -0.0742 0.332071334
v 0.0113003384 -0.06999999 0.3336762
v 0.0123138223 -0.0742 0.332071334
v 0.0123138223 -0.06999999 0.332071334
v 0.0113003384 -0.06999999 0.3336762
v -0.0501971766 -0.0742 0.6125016
v -0.049151402 -0.0742 0.606283367
v -0.05361459 -0.07439135 0.6142855
v -0.0518411621 -0.07435126 0.6193689
v -0.049151402 -0.0742 0.606283367
v -0.0473263748 -0.0742 0.6051493
v -0.051991418 -0.07429435 0.6042123
v -0.0474016368 -0.0742 0.6032527
v -0.0475267 -0.0742 0.5988052
v -0.0474016368 -0.0742 0.6032527
v -0.043629013 -0.0742 0.5997409
v -0.0475267 -0.0742 0.5988052
v -0.0409863 -0.0742 0.595281243
v -0.0364 -0.07418716 0.6289347
v -0.0346502364 -0.0742 0.6253388
v -0.0381497629 -0.0742 0.6253388
v -0.0365448929 -0.0742 0.624325335
v -0.02596756 -0.0742 0.625015855
v -0.0244272 -0.0742 0.6185375
v -0.0287422147 -0.0742 0.6231354
v -0.0209250171 -0.07435308 0.619290531
v -0.02260282 -0.0742 0.6125016
v -0.0209250171 -0.07435308 0.619290531
v -0.01918541 -0.07439135 0.6142855
v -0.02260282 -0.0742 0.6125016
v -0.023648601 -0.0742 0.606283367
v -0.0208085813 -0.07429435 0.6042123
v -0.02532872 -0.0742 0.6054003
v -0.023648601 -0.0742 0.606283367
v -0.0253983624 -0.0742 0.6032527
v -0.0252733 -0.0742 0.5988052
v -0.0252733 -0.0742 0.5988052
v -0.02867579 -0.0742 0.600056648
v -0.0253983624 -0.0742 0.6032527
v -0.0318137035 -0.0742 0.595281243
v -0.023648601 -0.06999999 0.606283367
v -0.02260282 -0.06999999 0.6125016
v -0.023648601 -0.0742 0.606283367
v -0.02260282 -0.0742 0.6125016
v -0.0244272 -0.06999999 0.6185375
v -0.0244272 -0.0742 0.6185375
v -0.0287422147 -0.06999999 0.6231354
v -0.0287422147 -0.0742 0.6231354
v -0.0346502364 -0.06999999 0.6253388
v -0.0346502364 -0.0742 0.6253388
v -0.0253983624 -0.0742 0.6032527
v -0.02867579 -0.0742 0.600056648
v -0.0253983624 -0.06999999 0.6032527
v -0.0291709863 -0.06999999 0.5997409
v -0.0381497629 -0.06999999 0.6253388
v -0.0440577865 -0.06999999 0.6231354
v -0.0381497629 -0.0742 0.6253388
v -0.0440577865 -0.0742 0.6231354
v -0.0483728 -0.06999999 0.6185375
v -0.0483728 -0.0742 0.6185375
v -0.0501971766 -0.06999999 0.6125016
v -0.0501971766 -0.0742 0.6125016
v -0.049151402 -0.06999999 0.606283367
v -0.049151402 -0.0742 0.606283367
v -0.0474016368 -0.06999999 0.6032527
v -0.04412421 -0.06999999 0.600056648
v -0.0474016368 -0.0742 0.6032527
v -0.043629013 -0.0742 0.5997409
v -0.0299623739 -0.07012248 0.604566455
v -0.0253983624 -0.06999999 0.6032527
v -0.0291709863 -0.06999999 0.5997409
v -0.0254736245 -0.06999999 0.6051493
v -0.0275021736 -0.07012816 0.6081441
v -0.023648601 -0.06999999 0.606283367
v -0.0275712088 -0.06999999 0.615458131
v -0.0244272 -0.06999999 0.6185375
v -0.02260282 -0.06999999 0.6125016
v -0.0311204884 -0.06999999 0.6196728
v -0.0287422147 -0.06999999 0.6231354
v -0.0346502364 -0.06999999 0.6253388
v -0.0362551063 -0.06999999 0.624325335
v -0.0364 -0.06999999 0.62125
v -0.0362551063 -0.06999999 0.624325335
v -0.0416795127 -0.06999999 0.6196728
v -0.0440577865 -0.06999999 0.6231354
v -0.0381497629 -0.06999999 0.6253388
v -0.0483728 -0.06999999 0.6185375
v -0.04522879 -0.06999999 0.615458131
v -0.0501971766 -0.06999999 0.6125016
v -0.0208085813 -0.07429435 0.6042123
v -0.024468556 -0.0776470751 0.5971064
v -0.0252733 -0.0742 0.5988052
v -0.0273323711 -0.07667462 0.595383167
v -0.0209250171 -0.07435308 0.619290531
v -0.02596756 -0.0742 0.625015855
v -0.0238402579 -0.0774163753 0.6254669
v -0.0295521989 -0.07752181 0.6290191
v -0.04683244 -0.0742 0.625015855
v -0.04888946 -0.07750288 0.625492454
v -0.04324785 -0.0775218 0.6290191
v -0.0518411621 -0.07435126 0.6193689
v -0.0475267 -0.0742 0.5988052
v -0.04883356 -0.07755988 0.5976747
v -0.051991418 -0.07429435 0.6042123
v -0.04561703 -0.07748366 0.595322251
v -0.0517069958 -0.0777 0.6204625
v -0.05361459 -0.07439135 0.6142855
v -0.0539197624 -0.0882 0.6139624
v -0.0515091047 -0.0882 0.62079674
v -0.0467891023 -0.0777 0.625924349
v -0.04655843 -0.0882 0.626089156
v -0.04007484 -0.0777 0.62891376
v -0.0394042246 -0.087814495 0.629057169
v -0.0392 -0.0846999958 0.6290768
v -0.05361459 -0.07439135 0.6142855
v -0.0538064763 -0.0752888843 0.6085558
v -0.0533851422 -0.0882 0.6067351
v -0.0517069958 -0.0777 0.6027875
v -0.0499951169 -0.0882 0.600329936
v -0.0327251628 -0.0777 0.62891376
v -0.0332839228 -0.08790146 0.629034
v -0.0262415726 -0.0882 0.626089156
v -0.026010897 -0.0777 0.625924349
v -0.0212908965 -0.0882 0.62079674
v -0.0210930035 -0.0777 0.6204625
v -0.0188802369 -0.0882 0.6139624
v -0.01918541 -0.07439135 0.6142855
v -0.0189935248 -0.0752888843 0.6085558
v -0.01918541 -0.07439135 0.6142855
v -0.019414857 -0.0882 0.6067351
v -0.0210930035 -0.0777 0.6027875
v -0.0228048842 -0.0882 0.600329936
v -0.0210930035 -0.0777 0.6027875
v -0.0256322082 -0.07769908 0.5974303
v -0.024468556 -0.0776470751 0.5971064
v -0.0314529352 -0.0777 0.5946564
v -0.04883356 -0.07755988 0.5976747
v -0.04561703 -0.07748366 0.595322251
v -0.0470312759 -0.07769835 0.597303033
v -0.041674044 -0.07758311 0.5940842
v -0.0275021736 -0.07012816 0.6081441
v -0.0229391176 -0.08055395 0.6005106
v -0.02756612 -0.0819 0.6078036
v -0.02756612 -0.0882 0.6078036
v -0.0228048842 -0.0882 0.600329936
v -0.0498608835 -0.08055395 0.6005106
v -0.04523388 -0.0882 0.6078036
v -0.0499951169 -0.0882 0.600329936
v -0.0450291559 -0.0819012 0.6080378
v -0.0452978276 -0.07012816 0.6081441
v -0.0450291559 -0.0819012 0.6080378
v -0.0412569754 -0.0819 0.603845239
v -0.04523388 -0.0882 0.6078036
v -0.04168486 -0.0882 0.6035807
v -0.0362016335 -0.0819 0.6024569
v -0.0364 -0.0882 0.601999938
v -0.03121205 -0.0819 0.6040644
v -0.03111514 -0.0882 0.6035807
v -0.04655843 -0.0882 0.626089156
v -0.0515091047 -0.0882 0.62079674
v -0.039580442 -0.08803262 0.6211485
v -0.0400601663 -0.08795903 0.61461705
v -0.0515091047 -0.0882 0.62079674
v -0.0539197624 -0.0882 0.6139624
v -0.0400601663 -0.08795903 0.61461705
v -0.0411123149 -0.08785417 0.611624956
v -0.04523388 -0.0882 0.6078036
v -0.0533851422 -0.0882 0.6067351
v -0.0499951169 -0.0882 0.600329936
v -0.0539197624 -0.0882 0.6139624
v -0.04523388 -0.0882 0.6078036
v -0.0411123149 -0.08785417 0.611624956
v -0.0400667824 -0.08790154 0.608621657
v -0.04168486 -0.0882 0.6035807
v -0.03723405 -0.08789791 0.6069599
v -0.0364 -0.0882 0.601999938
v -0.0364 -0.0882 0.601999938
v -0.0340050235 -0.08795692 0.6075497
v -0.03723405 -0.08789791 0.6069599
v -0.03111514 -0.0882 0.6035807
v -0.02756612 -0.0882 0.6078036
v -0.0319284648 -0.08796227 0.6131625
v -0.0188802369 -0.0882 0.6139624
v -0.0212908965 -0.0882 0.62079674
v -0.03400111 -0.08789911 0.615712345
v -0.03331026 -0.08802153 0.6210638
v -0.02756612 -0.0882 0.6078036
v -0.019414857 -0.0882 0.6067351
v -0.0228048842 -0.0882 0.600329936
v -0.03331026 -0.08802153 0.6210638
v -0.0262415726 -0.0882 0.626089156
v -0.0332839228 -0.08790146 0.629034
v -0.037234012 -0.08789793 0.616290152
v -0.039580442 -0.08803262 0.6211485
v -0.03400111 -0.08789911 0.615712345
v -0.0332839228 -0.08790146 0.629034
v -0.0336698033 -0.0846981853 0.629215062
v -0.03331026 -0.08802153 0.6210638
v -0.0336 -0.0846999958 0.621376753
v -0.0392 -0.0846999958 0.6290768
v -0.0392 -0.0846999958 0.621376753
v -0.0336698033 -0.0846981853 0.629215062
v -0.0336 -0.0846999958 0.621376753
v -0.03331026 -0.08802153 0.6210638
v -0.0336 -0.0846999958 0.621376753
v -0.039580442 -0.08803262 0.6211485
v -0.0392 -0.0846999958 0.621376753
v -0.0005233584 -0.0742 0.347618282
v -0.00674157543 -0.0742 0.346572518
v 0.001260527 -0.0743913651 0.351035684
v 0.00634393934 -0.07435127 0.349262267
v -0.00674157543 -0.0742 0.346572518
v -0.007875616 -0.0742 0.344747484
v -0.008812775 -0.07429436 0.3494125
v -0.009772253 -0.0742 0.344822735
v -0.0142197981 -0.0742 0.344947815
v -0.009772253 -0.0742 0.344822735
v -0.0132840872 -0.0742 0.341050148
v -0.0142197981 -0.0742 0.344947815
v -0.0177436974 -0.0742 0.338407367
v 0.0159097034 -0.07418716 0.333821118
v 0.0123138223 -0.0742 0.332071334
v 0.0123138223 -0.0742 0.335570872
v 0.0113003328 -0.0742 0.333966
v 0.0119908471 -0.0742 0.323388666
v 0.00551249646 -0.0742 0.3218483
v 0.01011038 -0.0742 0.326163322
v 0.00626551267 -0.074353084 0.3183461
v -0.0005233584 -0.0742 0.320023924
v 0.00626551267 -0.074353084 0.3183461
v 0.00126060261 -0.0743913651 0.316606522
v -0.0005233584 -0.0742 0.320023924
v -0.00674157543 -0.0742 0.3210697
v -0.008812772 -0.07429436 0.3182297
v -0.007624674 -0.0742 0.322749853
v -0.00674157543 -0.0742 0.3210697
v -0.009772253 -0.0742 0.322819471
v -0.0142197981 -0.0742 0.3226944
v -0.0142197981 -0.0742 0.3226944
v -0.0129683372 -0.0742 0.326096863
v -0.009772253 -0.0742 0.322819471
v -0.0177436974 -0.0742 0.3292348
v -0.00674157543 -0.06999999 0.3210697
v -0.0005233584 -0.06999999 0.320023924
v -0.00674157543 -0.0742 0.3210697
v -0.0005233584 -0.0742 0.320023924
v 0.00551249646 -0.06999999 0.3218483
v 0.00551249646 -0.0742 0.3218483
v 0.01011038 -0.06999999 0.326163322
v 0.01011038 -0.0742 0.326163322
v 0.0123138223 -0.06999999 0.332071334
v 0.0123138223 -0.0742 0.332071334
v -0.009772253 -0.0742 0.322819471
v -0.0129683372 -0.0742 0.326096863
v -0.009772253 -0.06999999 0.322819471
v -0.0132840937 -0.06999999 0.326592118
v 0.0123138223 -0.06999999 0.335570872
v 0.01011038 -0.06999999 0.341478884
v 0.0123138223 -0.0742 0.335570872
v 0.01011038 -0.0742 0.341478884
v 0.00551249646 -0.06999999 0.3457939
v 0.00551249646 -0.0742 0.3457939
v -0.0005233584 -0.06999999 0.347618282
v -0.0005233584 -0.0742 0.347618282
v -0.00674157543 -0.06999999 0.346572518
v -0.00674157543 -0.0742 0.346572518
v -0.009772253 -0.06999999 0.344822735
v -0.0129683353 -0.06999999 0.341545373
v -0.009772253 -0.0742 0.344822735
v -0.0132840872 -0.0742 0.341050148
v -0.008458513 -0.07012248 0.327383459
v -0.009772253 -0.06999999 0.322819471
v -0.0132840937 -0.06999999 0.326592118
v -0.007875645 -0.06999999 0.322894752
v -0.004880898 -0.07012816 0.324923277
v -0.00674157543 -0.06999999 0.3210697
v 0.002433151 -0.06999999 0.3249923
v 0.00551249646 -0.06999999 0.3218483
v -0.0005233584 -0.06999999 0.320023924
v 0.006647815 -0.06999999 0.328541577
v 0.01011038 -0.06999999 0.326163322
v 0.0123138223 -0.06999999 0.332071334
v 0.0113003384 -0.06999999 0.3336762
v 0.008225 -0.06999999 0.333821118
v 0.0113003384 -0.06999999 0.3336762
v 0.006647815 -0.06999999 0.3391006
v 0.0123138223 -0.06999999 0.335570872
v 0.01011038 -0.06999999 0.341478884
v 0.00551249646 -0.06999999 0.3457939
v 0.002433151 -0.06999999 0.342649877
v -0.0005233584 -0.06999999 0.347618282
v -0.008812772 -0.07429436 0.3182297
v -0.0159185454 -0.0776470751 0.321889639
v -0.0142197981 -0.0742 0.3226944
v -0.0176418871 -0.07667461 0.324753582
v 0.00626551267 -0.074353084 0.3183461
v 0.0119908471 -0.0742 0.323388666
v 0.0124419387 -0.07741637 0.321261346
v 0.0159940366 -0.0775218 0.326973259
v 0.0119908471 -0.0742 0.34425354
v 0.01246741 -0.0775029 0.3463106
v 0.0159940366 -0.0775218 0.340668976
v 0.00634393934 -0.07435127 0.349262267
v -0.0142197981 -0.0742 0.344947815
v -0.0153501965 -0.07755989 0.346254736
v -0.008812775 -0.07429436 0.3494125
v -0.0177027658 -0.077483654 0.343038082
v 0.007437498 -0.0777 0.3491281
v 0.001260527 -0.0743913651 0.351035684
v 0.0009374143 -0.0882 0.35134086
v 0.00777172437 -0.0882 0.3489302
v 0.0128993765 -0.0777 0.3442102
v 0.0130641572 -0.0882 0.343979537
v 0.015888758 -0.0777 0.337495923
v 0.01603214 -0.087814495 0.3368253
v 0.0160518084 -0.0846999958 0.3366211
v 0.001260527 -0.0743913651 0.351035684
v -0.004469233 -0.0752888843 0.351227582
v -0.00628984533 -0.0882 0.3508062
v -0.010237501 -0.0777 0.3491281
v -0.012695061 -0.0882 0.347416222
v 0.015888758 -0.0777 0.330146253
v 0.0160089377 -0.08790145 0.330705047
v 0.0130641572 -0.0882 0.323662668
v 0.0128993765 -0.0777 0.323432
v 0.00777172437 -0.0882 0.318711966
v 0.007437498 -0.0777 0.318514079
v 0.0009374143 -0.0882 0.316301346
v 0.00126060261 -0.0743913651 0.316606522
v -0.004469233 -0.0752888843 0.316414624
v 0.00126060261 -0.0743913651 0.316606522
v -0.00628984533 -0.0882 0.31683597
v -0.010237501 -0.0777 0.318514079
v -0.012695061 -0.0882 0.320225984
v -0.010237501 -0.0777 0.318514079
v -0.015594718 -0.07769908 0.32305336
v -0.0159185454 -0.0776470751 0.321889639
v -0.0183685627 -0.0777 0.328874022
v -0.0153501965 -0.07755989 0.346254736
v -0.0177027658 -0.077483654 0.343038082
v -0.0157219488 -0.07769835 0.344452381
v -0.01894082 -0.0775831044 0.339095145
v -0.004880898 -0.07012816 0.324923277
v -0.0125144171 -0.08055394 0.3203602
v -0.005221412 -0.0819 0.324987233
v -0.005221412 -0.0882 0.324987233
v -0.012695061 -0.0882 0.320225984
v -0.0125144254 -0.08055395 0.347281963
v -0.005221412 -0.0882 0.342655
v -0.012695061 -0.0882 0.347416222
v -0.004987144 -0.0819012 0.342450261
v -0.00488090329 -0.07012816 0.3427189
v -0.004987144 -0.0819012 0.342450261
v -0.009179773 -0.0819 0.338678032
v -0.005221412 -0.0882 0.342655
v -0.009444306 -0.0882 0.339105964
v -0.0105680721 -0.0819 0.333622754
v -0.0110250013 -0.0882 0.333821118
v -0.008960587 -0.0819 0.328633219
v -0.009444306 -0.0882 0.328536242
v 0.0130641572 -0.0882 0.343979537
v 0.00777172437 -0.0882 0.3489302
v 0.008123545 -0.08803262 0.337001532
v 0.00159215124 -0.08795903 0.33748126
v 0.00777172437 -0.0882 0.3489302
v 0.0009374143 -0.0882 0.35134086
v 0.00159215124 -0.08795903 0.33748126
v -0.00140003429 -0.08785417 0.338533431
v -0.005221412 -0.0882 0.342655
v -0.00628984533 -0.0882 0.3508062
v -0.012695061 -0.0882 0.347416222
v 0.0009374143 -0.0882 0.35134086
v -0.005221412 -0.0882 0.342655
v -0.00140003429 -0.08785417 0.338533431
v -0.00440332852 -0.08790153 0.3374879
v -0.009444306 -0.0882 0.339105964
v -0.00606511626 -0.08789791 0.334655136
v -0.0110250013 -0.0882 0.333821118
v -0.0110250013 -0.0882 0.333821118
v -0.00547529 -0.08795692 0.331426173
v -0.00606511626 -0.08789791 0.334655136
v -0.009444306 -0.0882 0.328536242
v -0.005221412 -0.0882 0.324987233
v 0.0001375483 -0.08796227 0.329349548
v 0.0009374143 -0.0882 0.316301346
v 0.00777172437 -0.0882 0.318711966
v 0.00268734223 -0.08789911 0.33142224
v 0.008038894 -0.08802153 0.3307314
v -0.005221412 -0.0882 0.324987233
v -0.00628984533 -0.0882 0.31683597
v -0.012695061 -0.0882 0.320225984
v 0.008038894 -0.08802153 0.3307314
v 0.0130641572 -0.0882 0.323662668
v 0.0160089377 -0.08790145 0.330705047
v 0.00326512055 -0.08789791 0.3346552
v 0.008123545 -0.08803262 0.337001532
v 0.00268734223 -0.08789911 0.33142224
v 0.0160089377 -0.08790145 0.330705047
v 0.0161900371 -0.0846981853 0.331090927
v 0.008038894 -0.08802153 0.3307314
v 0.008351808 -0.0846999958 0.3310211
v 0.0160518084 -0.0846999958 0.3366211
v 0.008351808 -0.0846999958 0.3366211
v 0.0161900371 -0.0846981853 0.331090927
v 0.008351808 -0.0846999958 0.3310211
v 0.008038894 -0.08802153 0.3307314
v 0.008351808 -0.0846999958 0.3310211
v 0.008123545 -0.08803262 0.337001532
v 0.008351808 -0.0846999958 0.3366211
v -0.04057046 -0.09941303 0.6136667
v -0.0322295353 -0.09941303 0.6095833
v -0.032750845 -0.09914676 0.6150852
v -0.04057046 -0.09941303 0.6136667
v -0.04004916 -0.09914675 0.608164847
v -0.0322295353 -0.09941303 0.6095833
v -0.04004916 -0.09914675 0.608164847
v -0.03710244 -0.09941323 0.6070751
v -0.0322295353 -0.09941303 0.6095833
v -0.032750845 -0.09914676 0.6150852
v -0.0356975459 -0.09941323 0.6161749
v -0.04057046 -0.09941303 0.6136667
v -0.04004916 -0.09914675 0.608164847
v -0.04057046 -0.09941303 0.6136667
v -0.04177878 -0.0985106 0.6114819
v -0.04004916 -0.09914675 0.608164847
v -0.0378117748 -0.09853673 0.606519163
v -0.03710244 -0.09941323 0.6070751
v -0.0378117748 -0.09853673 0.606519163
v -0.0332790576 -0.0985787138 0.6071076
v -0.03710244 -0.09941323 0.6070751
v -0.0332790576 -0.0985787138 0.6071076
v -0.0322295353 -0.09941303 0.6095833
v -0.03710244 -0.09941323 0.6070751
v -0.0332790576 -0.0985787138 0.6071076
v -0.03102122 -0.0985106 0.6117681
v -0.0322295353 -0.09941303 0.6095833
v -0.03102122 -0.0985106 0.6117681
v -0.032750845 -0.09914676 0.6150852
v -0.0322295353 -0.09941303 0.6095833
v -0.032750845 -0.09914676 0.6150852
v -0.0349882171 -0.09853673 0.616730869
v -0.0356975459 -0.09941323 0.6161749
v -0.0349882171 -0.09853673 0.616730869
v -0.03952094 -0.0985787138 0.616142452
v -0.0356975459 -0.09941323 0.6161749
v -0.03952094 -0.0985787138 0.616142452
v -0.04057046 -0.09941303 0.6136667
v -0.0356975459 -0.09941323 0.6161749
v -0.03952094 -0.0985787138 0.616142452
v -0.04177878 -0.0985106 0.6114819
v -0.04057046 -0.09941303 0.6136667
v -0.0309272259 -0.08889999 0.6121806
v -0.032750845 -0.09914676 0.6150852
v -0.03102122 -0.0985106 0.6117681
v -0.0309272259 -0.08889999 0.6121806
v -0.0346319 -0.08889999 0.6168339
v -0.032750845 -0.09914676 0.6150852
v -0.0346319 -0.08889999 0.6168339
v -0.0349882171 -0.09853673 0.616730869
v -0.032750845 -0.09914676 0.6150852
v -0.0346319 -0.08889999 0.6168339
v -0.03952094 -0.0985787138 0.616142452
v -0.0349882171 -0.09853673 0.616730869
v -0.0346319 -0.08889999 0.6168339
v -0.03914764 -0.08889999 0.6161537
v -0.03952094 -0.0985787138 0.616142452
v -0.03914764 -0.08889999 0.6161537
v -0.0418076254 -0.08889999 0.612633765
v -0.03952094 -0.0985787138 0.616142452
v -0.0418076254 -0.08889999 0.612633765
v -0.04177878 -0.0985106 0.6114819
v -0.03952094 -0.0985787138 0.616142452
v -0.0418076254 -0.08889999 0.612633765
v -0.03956402 -0.08889999 0.6071251
v -0.04177878 -0.0985106 0.6114819
v -0.03956402 -0.08889999 0.6071251
v -0.04004916 -0.09914675 0.608164847
v -0.04177878 -0.0985106 0.6114819
v -0.03956402 -0.08889999 0.6071251
v -0.0378117748 -0.09853673 0.606519163
v -0.04004916 -0.09914675 0.608164847
v -0.03956402 -0.08889999 0.6071251
v -0.03362109 -0.08889999 0.6068776
v -0.0378117748 -0.09853673 0.606519163
v -0.03362109 -0.08889999 0.6068776
v -0.0332790576 -0.0985787138 0.6071076
v -0.0378117748 -0.09853673 0.606519163
v -0.03362109 -0.08889999 0.6068776
v -0.0309272259 -0.08889999 0.6121806
v -0.0332790576 -0.0985787138 0.6071076
v -0.0309272259 -0.08889999 0.6121806
v -0.03102122 -0.0985106 0.6117681
v -0.0332790576 -0.0985787138 0.6071076
v -0.0339012668 -0.08889999 0.615375936
v -0.0346319 -0.08889999 0.6168339
v -0.0309272259 -0.08889999 0.6121806
v -0.0339012668 -0.08889999 0.615375936
v -0.03796582 -0.08889999 0.6158513
v -0.0346319 -0.08889999 0.6168339
v -0.03189669 -0.08889999 0.6118082
v -0.0309272259 -0.08889999 0.6121806
v -0.03362109 -0.08889999 0.6068776
v -0.04099675 -0.08889999 0.6121373
v -0.03943609 -0.08889999 0.608409941
v -0.03956402 -0.08889999 0.6071251
v -0.03943609 -0.08889999 0.608409941
v -0.0362168625 -0.08889999 0.607121646
v -0.03956402 -0.08889999 0.6071251
v -0.04099675 -0.08889999 0.6121373
v -0.0418076254 -0.08889999 0.612633765
v -0.03914764 -0.08889999 0.6161537
v -0.03796582 -0.08889999 0.6158513
v -0.0346319 -0.08889999 0.6168339
v -0.0362168625 -0.08889999 0.607121646
v -0.03362109 -0.08889999 0.6068776
v -0.03956402 -0.08889999 0.6071251
v -0.0362168625 -0.08889999 0.607121646
v -0.03318506 -0.08889999 0.608588755
v -0.03362109 -0.08889999 0.6068776
v -0.03318506 -0.08889999 0.608588755
v -0.03189669 -0.08889999 0.6118082
v -0.03362109 -0.08889999 0.6068776
v -0.04099675 -0.08889999 0.6121373
v -0.0402846672 -0.0871618539 0.613735855
v -0.0407295525 -0.08716374 0.610387
v -0.04099675 -0.08889999 0.6121373
v -0.03796582 -0.08889999 0.6158513
v -0.0402846672 -0.0871618539 0.613735855
v -0.03796582 -0.08889999 0.6158513
v -0.0376380421 -0.08716374 0.6159545
v -0.0402846672 -0.0871618539 0.613735855
v -0.0339012668 -0.08889999 0.615375936
v -0.0320704468 -0.08716374 0.612862945
v -0.0342890173 -0.08716186 0.6155096
v -0.0339012668 -0.08889999 0.615375936
v -0.03189669 -0.08889999 0.6118082
v -0.0320704468 -0.08716374 0.612862945
v -0.03189669 -0.08889999 0.6118082
v -0.03251535 -0.08716186 0.609514058
v -0.0320704468 -0.08716374 0.612862945
v -0.03189669 -0.08889999 0.6118082
v -0.03318506 -0.08889999 0.608588755
v -0.03251535 -0.08716186 0.609514058
v -0.03318506 -0.08889999 0.608588755
v -0.0351619832 -0.08716372 0.607295454
v -0.03251535 -0.08716186 0.609514058
v -0.03318506 -0.08889999 0.608588755
v -0.0362168625 -0.08889999 0.607121646
v -0.0351619832 -0.08716372 0.607295454
v -0.0362168625 -0.08889999 0.607121646
v -0.03851097 -0.08716184 0.6077403
v -0.0351619832 -0.08716372 0.607295454
v -0.0362168625 -0.08889999 0.607121646
v -0.03943609 -0.08889999 0.608409941
v -0.03851097 -0.08716184 0.6077403
v -0.03943609 -0.08889999 0.608409941
v -0.0407295525 -0.08716374 0.610387
v -0.03851097 -0.08716184 0.6077403
v -0.03943609 -0.08889999 0.608409941
v -0.04099675 -0.08889999 0.6121373
v -0.0407295525 -0.08716374 0.610387
v -0.0452855453 -0.0827731639 0.611444056
v -0.0426256172 -0.0827977061 0.6051137
v -0.0407295525 -0.08716374 0.610387
v -0.0426256172 -0.0827977061 0.6051137
v -0.03851097 -0.08716184 0.6077403
v -0.0407295525 -0.08716374 0.610387
v -0.0426256172 -0.0827977061 0.6051137
v -0.0362190567 -0.0827731639 0.6027395
v -0.03851097 -0.08716184 0.6077403
v -0.0362190567 -0.0827731639 0.6027395
v -0.0351619832 -0.08716372 0.607295454
v -0.03851097 -0.08716184 0.6077403
v -0.0362190567 -0.0827731639 0.6027395
v -0.02988872 -0.08279772 0.60539937
v -0.0351619832 -0.08716372 0.607295454
v -0.02988872 -0.08279772 0.60539937
v -0.03251535 -0.08716186 0.609514058
v -0.0351619832 -0.08716372 0.607295454
v -0.02988872 -0.08279772 0.60539937
v -0.0275144521 -0.0827731639 0.6118059
v -0.03251535 -0.08716186 0.609514058
v -0.0275144521 -0.0827731639 0.6118059
v -0.0320704468 -0.08716374 0.612862945
v -0.03251535 -0.08716186 0.609514058
v -0.0275144521 -0.0827731639 0.6118059
v -0.0301743969 -0.08279773 0.6181363
v -0.0320704468 -0.08716374 0.612862945
v -0.0301743969 -0.08279773 0.6181363
v -0.0342890173 -0.08716186 0.6155096
v -0.0320704468 -0.08716374 0.612862945
v -0.0301743969 -0.08279773 0.6181363
v -0.0365809277 -0.0827731341 0.6205105
v -0.0342890173 -0.08716186 0.6155096
v -0.0365809277 -0.0827731341 0.6205105
v -0.0376380421 -0.08716374 0.6159545
v -0.0342890173 -0.08716186 0.6155096
v -0.0365809277 -0.0827731341 0.6205105
v -0.0406990238 -0.08216613 0.6195511
v -0.0376380421 -0.08716374 0.6159545
v -0.0406990238 -0.08216613 0.6195511
v -0.0402846672 -0.0871618539 0.613735855
v -0.0376380421 -0.08716374 0.6159545
v -0.0406990238 -0.08216613 0.6195511
v -0.043917 -0.082774885 0.616199732
v -0.0402846672 -0.0871618539 0.613735855
v -0.043917 -0.082774885 0.616199732
v -0.0452855453 -0.0827731639 0.611444056
v -0.0402846672 -0.0871618539 0.613735855
v -0.0452855453 -0.0827731639 0.611444056
v -0.0407295525 -0.08716374 0.610387
v -0.0402846672 -0.0871618539 0.613735855
v -0.02779479 -0.0819 0.6094008
v -0.02828537 -0.0819 0.615251243
v -0.0275144521 -0.0827731639 0.6118059
v -0.02828537 -0.0819 0.615251243
v -0.0301743969 -0.08279773 0.6181363
v -0.0275144521 -0.0827731639 0.6118059
v -0.02828537 -0.0819 0.615251243
v -0.03314978 -0.0819 0.6200315
v -0.0301743969 -0.08279773 0.6181363
v -0.03314978 -0.0819 0.6200315
v -0.0365809277 -0.0827731341 0.6205105
v -0.0301743969 -0.08279773 0.6181363
v -0.03314978 -0.0819 0.6200315
v -0.0406990238 -0.08216613 0.6195511
v -0.0365809277 -0.0827731341 0.6205105
v -0.0431879759 -0.0819 0.6173626
v -0.043917 -0.082774885 0.616199732
v -0.0406990238 -0.08216613 0.6195511
v -0.0431879759 -0.0819 0.6173626
v -0.0453841947 -0.0819 0.610906065
v -0.043917 -0.082774885 0.616199732
v -0.0453841947 -0.0819 0.610906065
v -0.0452855453 -0.0827731639 0.611444056
v -0.043917 -0.082774885 0.616199732
v -0.0453841947 -0.0819 0.610906065
v -0.0426256172 -0.0827977061 0.6051137
v -0.0452855453 -0.0827731639 0.611444056
v -0.0453841947 -0.0819 0.610906065
v -0.0421377458 -0.0819 0.6048371
v -0.0426256172 -0.0827977061 0.6051137
v -0.0421377458 -0.0819 0.6048371
v -0.03756082 -0.0819 0.60290277
v -0.0426256172 -0.0827977061 0.6051137
v -0.03756082 -0.0819 0.60290277
v -0.0362190567 -0.0827731639 0.6027395
v -0.0426256172 -0.0827977061 0.6051137
v -0.03756082 -0.0819 0.60290277
v -0.0318540744 -0.0819 0.603842437
v -0.0362190567 -0.0827731639 0.6027395
v -0.0318540744 -0.0819 0.603842437
v -0.02988872 -0.08279772 0.60539937
v -0.0362190567 -0.0827731639 0.6027395
v -0.0318540744 -0.0819 0.603842437
v -0.02779479 -0.0819 0.6094008
v -0.02988872 -0.08279772 0.60539937
v -0.02779479 -0.0819 0.6094008
v -0.0275144521 -0.0827731639 0.6118059
v -0.02988872 -0.08279772 0.60539937
v -0.03314978 -0.0819 0.6200315
v -0.02828537 -0.0819 0.615251243
v -0.03468571 -0.0819 0.6131856
v -0.02779479 -0.0819 0.6094008
v -0.0302964617 -0.0819 0.612666368
v -0.0303722825 -0.0819 0.6105377
v -0.0318540744 -0.0819 0.603842437
v -0.03468571 -0.0819 0.6131856
v -0.03531269 -0.0819 0.6176527
v -0.03314978 -0.0819 0.6200315
v -0.02828537 -0.0819 0.615251243
v -0.0302964617 -0.0819 0.612666368
v -0.03531269 -0.0819 0.6176527
v -0.0374413654 -0.0819 0.6177286
v -0.03314978 -0.0819 0.6200315
v -0.03796063 -0.0819 0.6133393
v -0.0431879759 -0.0819 0.6173626
v -0.04242772 -0.0819 0.612712264
v -0.0453841947 -0.0819 0.610906065
v -0.0425035357 -0.0819 0.610583663
v -0.0421377458 -0.0819 0.6048371
v -0.0381143056 -0.0819 0.6100643
v -0.03748731 -0.0819 0.6055973
v -0.03756082 -0.0819 0.60290277
v -0.0374413654 -0.0819 0.6177286
v -0.0406990238 -0.08216613 0.6195511
v -0.03314978 -0.0819 0.6200315
v -0.0374413654 -0.0819 0.6177286
v -0.0431879759 -0.0819 0.6173626
v -0.0406990238 -0.08216613 0.6195511
v -0.03796063 -0.0819 0.6133393
v -0.04242772 -0.0819 0.612712264
v -0.0431879759 -0.0819 0.6173626
v -0.0421377458 -0.0819 0.6048371
v -0.0425035357 -0.0819 0.610583663
v -0.0381143056 -0.0819 0.6100643
v -0.0425035357 -0.084525 0.612666368
v -0.0425035357 -0.0819 0.610583663
v -0.04242772 -0.0819 0.612712264
v -0.0425035357 -0.0819 0.610583663
v -0.0425035357 -0.084525 0.612666368
v -0.04242772 -0.084525 0.6105377
v -0.0381142981 -0.084525 0.6131856
v -0.03796063 -0.0819 0.6133393
v -0.03748731 -0.084525 0.6176527
v -0.03796063 -0.0819 0.6133393
v -0.0374413654 -0.0819 0.6177286
v -0.03748731 -0.084525 0.6176527
v -0.0374413654 -0.0819 0.6177286
v -0.0353586338 -0.084525 0.6177286
v -0.03748731 -0.084525 0.6176527
v -0.0353586338 -0.084525 0.6177286
v -0.0374413654 -0.0819 0.6177286
v -0.03531269 -0.0819 0.6176527
v -0.0302964617 -0.084525 0.610583663
v -0.0302964617 -0.0819 0.612666368
v -0.0303722825 -0.0819 0.6105377
v -0.0302964617 -0.0819 0.612666368
v -0.0302964617 -0.084525 0.610583663
v -0.0303722825 -0.084525 0.612712264
v -0.0374413654 -0.084525 0.605521441
v -0.0353586338 -0.0819 0.605521441
v -0.03748731 -0.0819 0.6055973
v -0.0353586338 -0.0819 0.605521441
v -0.0374413654 -0.084525 0.605521441
v -0.03531269 -0.084525 0.6055973
v -0.04242772 -0.084525 0.6105377
v -0.0425035357 -0.084525 0.612666368
v -0.0379606374 -0.084525 0.609910667
v -0.0425035357 -0.084525 0.612666368
v -0.0381142981 -0.084525 0.6131856
v -0.0379606374 -0.084525 0.609910667
v -0.0348393768 -0.084525 0.6133393
v -0.0302964617 -0.084525 0.610583663
v -0.0346857 -0.084525 0.6100644
v -0.0348393768 -0.084525 0.6133393
v -0.0303722825 -0.084525 0.612712264
v -0.0302964617 -0.084525 0.610583663
v 0.0006416095 -0.09941303 0.3379916
v -0.00344166253 -0.09941303 0.32965064
v 0.0020601165 -0.09914675 0.330171883
v 0.0006416095 -0.09941303 0.3379916
v -0.00486012548 -0.09914676 0.337470323
v -0.00344166253 -0.09941303 0.32965064
v -0.00486012548 -0.09914676 0.337470323
v -0.00594987674 -0.09941323 0.3345235
v -0.00344166253 -0.09941303 0.32965064
v 0.0020601165 -0.09914675 0.330171883
v 0.003149873 -0.09941323 0.333118677
v 0.0006416095 -0.09941303 0.3379916
v -0.00486012548 -0.09914676 0.337470323
v 0.0006416095 -0.09941303 0.3379916
v -0.001543145 -0.09851061 0.3391999
v -0.00486012548 -0.09914676 0.337470323
v -0.00650585443 -0.09853671 0.335232854
v -0.00594987674 -0.09941323 0.3345235
v -0.00650585443 -0.09853671 0.335232854
v -0.005917424 -0.09857869 0.330700129
v -0.00594987674 -0.09941323 0.3345235
v -0.005917424 -0.09857869 0.330700129
v -0.00344166253 -0.09941303 0.32965064
v -0.00594987674 -0.09941323 0.3345235
v -0.005917424 -0.09857869 0.330700129
v -0.00125686883 -0.0985106 0.328442335
v -0.00344166253 -0.09941303 0.32965064
v -0.00125686883 -0.0985106 0.328442335
v 0.0020601165 -0.09914675 0.330171883
v -0.00344166253 -0.09941303 0.32965064
v 0.0020601165 -0.09914675 0.330171883
v 0.00370584335 -0.09853671 0.332409322
v 0.003149873 -0.09941323 0.333118677
v 0.00370584335 -0.09853671 0.332409322
v 0.00311743072 -0.09857869 0.336942047
v 0.003149873 -0.09941323 0.333118677
v 0.00311743072 -0.09857869 0.336942047
v 0.0006416095 -0.09941303 0.3379916
v 0.003149873 -0.09941323 0.333118677
v 0.00311743072 -0.09857869 0.336942047
v -0.001543145 -0.09851061 0.3391999
v 0.0006416095 -0.09941303 0.3379916
v -0.00389142358 -0.08889999 0.328916728
v 0.00202620588 -0.08889999 0.329517484
v -0.00125686883 -0.0985106 0.328442335
v 0.00202620588 -0.08889999 0.329517484
v 0.0020601165 -0.09914675 0.330171883
v -0.00125686883 -0.0985106 0.328442335
v 0.00393800437 -0.08889999 0.335149884
v 0.00311743072 -0.09857869 0.336942047
v 0.00370584335 -0.09853671 0.332409322
v 0.00393800437 -0.08889999 0.335149884
v 0.00030494458 -0.08889999 0.338926047
v 0.00311743072 -0.09857869 0.336942047
v 0.00030494458 -0.08889999 0.338926047
v -0.001543145 -0.09851061 0.3391999
v 0.00311743072 -0.09857869 0.336942047
v 0.00030494458 -0.08889999 0.338926047
v -0.00347517664 -0.08889999 0.338694781
v -0.001543145 -0.09851061 0.3391999
v -0.0062103495 -0.08889999 0.336235136
v -0.00650585443 -0.09853671 0.335232854
v -0.00486012548 -0.09914676 0.337470323
v -0.0062103495 -0.08889999 0.336235136
v -0.00651939353 -0.08889999 0.3324607
v -0.00650585443 -0.09853671 0.335232854
v -0.00651939353 -0.08889999 0.3324607
v -0.005917424 -0.09857869 0.330700129
v -0.00650585443 -0.09853671 0.335232854
v -0.00651939353 -0.08889999 0.3324607
v -0.00389142358 -0.08889999 0.328916728
v -0.005917424 -0.09857869 0.330700129
v -0.00389142358 -0.08889999 0.328916728
v -0.00125686883 -0.0985106 0.328442335
v -0.005917424 -0.09857869 0.330700129
v 0.000887354254 -0.08889999 0.329801083
v 0.00310330465 -0.08889999 0.334004253
v 0.00202620588 -0.08889999 0.329517484
v -0.00233314885 -0.08889999 0.33835125
v -0.00347517664 -0.08889999 0.338694781
v 0.00030494458 -0.08889999 0.338926047
v -0.00233314885 -0.08889999 0.33835125
v -0.0062103495 -0.08889999 0.336235136
v -0.00347517664 -0.08889999 0.338694781
v -0.00233314885 -0.08889999 0.33835125
v -0.00573948957 -0.08889999 0.3350385
v -0.0062103495 -0.08889999 0.336235136
v 0.00163612748 -0.08889999 0.337036133
v 0.00030494458 -0.08889999 0.338926047
v 0.00393800437 -0.08889999 0.335149884
v 0.00310330465 -0.08889999 0.334004253
v 0.00202620588 -0.08889999 0.329517484
v -0.00233314885 -0.08889999 0.33835125
v 0.00071097177 -0.08716185 0.337705761
v -0.00263796584 -0.087163724 0.3381507
v -0.00233314885 -0.08889999 0.33835125
v 0.00163612748 -0.08889999 0.337036133
v 0.00071097177 -0.08716185 0.337705761
v 0.00163612748 -0.08889999 0.337036133
v 0.00292954571 -0.08716374 0.335059077
v 0.00071097177 -0.08716185 0.337705761
v 0.00163612748 -0.08889999 0.337036133
v 0.00310330465 -0.08889999 0.334004253
v 0.00292954571 -0.08716374 0.335059077
v 0.00310330465 -0.08889999 0.334004253
v 0.00248464 -0.0871618539 0.3317101
v 0.00292954571 -0.08716374 0.335059077
v 0.00310330465 -0.08889999 0.334004253
v 0.000887354254 -0.08889999 0.329801083
v 0.00248464 -0.0871618539 0.3317101
v 0.000887354254 -0.08889999 0.329801083
v -0.000161951626 -0.087163724 0.3294916
v 0.00248464 -0.0871618539 0.3317101
v 0.000887354254 -0.08889999 0.329801083
v -0.00451640645 -0.08889999 0.330403417
v -0.000161951626 -0.087163724 0.3294916
v -0.00451640645 -0.08889999 0.330403417
v -0.00351099623 -0.0871618539 0.329936445
v -0.00451640645 -0.08889999 0.330403417
v -0.005729549 -0.087163724 0.3325831
v -0.00351099623 -0.0871618539 0.329936445
v -0.00451640645 -0.08889999 0.330403417
v -0.00573948957 -0.08889999 0.3350385
v -0.005729549 -0.087163724 0.3325831
v -0.00573948957 -0.08889999 0.3350385
v -0.00528463861 -0.08716186 0.335932076
v -0.005729549 -0.087163724 0.3325831
v -0.00573948957 -0.08889999 0.3350385
v -0.00233314885 -0.08889999 0.33835125
v -0.00528463861 -0.08716186 0.335932076
v -0.00233314885 -0.08889999 0.33835125
v -0.00263796584 -0.087163724 0.3381507
v -0.00528463861 -0.08716186 0.335932076
v -0.00158090983 -0.0827731639 0.34270668
v -0.00569909625 -0.08216613 0.341747224
v -0.00263796584 -0.087163724 0.3381507
v -0.00569909625 -0.08216613 0.341747224
v -0.00528463861 -0.08716186 0.335932076
v -0.00263796584 -0.087163724 0.3381507
v -0.00569909625 -0.08216613 0.341747224
v -0.008917086 -0.082774885 0.338395685
v -0.00528463861 -0.08716186 0.335932076
v -0.008917086 -0.082774885 0.338395685
v -0.0102855479 -0.08277315 0.333640218
v -0.00528463861 -0.08716186 0.335932076
v -0.0102855479 -0.08277315 0.333640218
v -0.005729549 -0.087163724 0.3325831
v -0.00528463861 -0.08716186 0.335932076
v -0.0102855479 -0.08277315 0.333640218
v -0.007625626 -0.08279773 0.327309817
v -0.005729549 -0.087163724 0.3325831
v -0.007625626 -0.08279773 0.327309817
v -0.00351099623 -0.0871618539 0.329936445
v -0.005729549 -0.087163724 0.3325831
v -0.007625626 -0.08279773 0.327309817
v -0.00121906493 -0.0827731639 0.324935555
v -0.00351099623 -0.0871618539 0.329936445
v -0.00121906493 -0.0827731639 0.324935555
v -0.000161951626 -0.087163724 0.3294916
v -0.00351099623 -0.0871618539 0.329936445
v -0.00121906493 -0.0827731639 0.324935555
v 0.00289906422 -0.08216613 0.325894982
v -0.000161951626 -0.087163724 0.3294916
v 0.00289906422 -0.08216613 0.325894982
v 0.00248464 -0.0871618539 0.3317101
v -0.000161951626 -0.087163724 0.3294916
v 0.00289906422 -0.08216613 0.325894982
v 0.00611707661 -0.082774885 0.329246461
v 0.00248464 -0.0871618539 0.3317101
v 0.00611707661 -0.082774885 0.329246461
v 0.007485547 -0.08277315 0.334002018
v 0.00248464 -0.0871618539 0.3317101
v 0.007485547 -0.08277315 0.334002018
v 0.00292954571 -0.08716374 0.335059077
v 0.00248464 -0.0871618539 0.3317101
v 0.007485547 -0.08277315 0.334002018
v 0.00482561952 -0.08279772 0.340332419
v 0.00292954571 -0.08716374 0.335059077
v 0.00482561952 -0.08279772 0.340332419
v 0.00071097177 -0.08716185 0.337705761
v 0.00292954571 -0.08716374 0.335059077
v 0.00482561952 -0.08279772 0.340332419
v -0.00158090983 -0.0827731639 0.34270668
v 0.00071097177 -0.08716185 0.337705761
v -0.00158090983 -0.0827731639 0.34270668
v -0.00263796584 -0.087163724 0.3381507
v 0.00071097177 -0.08716185 0.337705761
v -0.004650291 -0.0819 0.3254147
v 0.00289906422 -0.08216613 0.325894982
v -0.00121906493 -0.0827731639 0.324935555
v 0.00538794743 -0.0819 0.328083426
v 0.00611707661 -0.082774885 0.329246461
v 0.00289906422 -0.08216613 0.325894982
v 0.00538794743 -0.0819 0.328083426
v 0.00732225273 -0.0819 0.332660228
v 0.00611707661 -0.082774885 0.329246461
v 0.00732225273 -0.0819 0.332660228
v 0.007485547 -0.08277315 0.334002018
v 0.00611707661 -0.082774885 0.329246461
v 0.00732225273 -0.0819 0.332660228
v 0.0063825096 -0.0819 0.338367015
v 0.007485547 -0.08277315 0.334002018
v 0.0063825096 -0.0819 0.338367015
v 0.00482561952 -0.08279772 0.340332419
v 0.007485547 -0.08277315 0.334002018
v 0.0063825096 -0.0819 0.338367015
v 0.000824286952 -0.0819 0.3424263
v 0.00482561952 -0.08279772 0.340332419
v 0.000824286952 -0.0819 0.3424263
v -0.00158090983 -0.0827731639 0.34270668
v 0.00482561952 -0.08279772 0.340332419
v 0.000824286952 -0.0819 0.3424263
v -0.00569909625 -0.08216613 0.341747224
v -0.00158090983 -0.0827731639 0.34270668
v -0.008187948 -0.0819 0.33955875
v -0.008917086 -0.082774885 0.338395685
v -0.00569909625 -0.08216613 0.341747224
v -0.008187948 -0.0819 0.33955875
v -0.0101222508 -0.0819 0.334982
v -0.008917086 -0.082774885 0.338395685
v -0.0101222508 -0.0819 0.334982
v -0.0102855479 -0.08277315 0.333640218
v -0.008917086 -0.082774885 0.338395685
v -0.0101222508 -0.0819 0.334982
v -0.009514643 -0.0819 0.330194861
v -0.0102855479 -0.08277315 0.333640218
v -0.009514643 -0.0819 0.330194861
v -0.007625626 -0.08279773 0.327309817
v -0.0102855479 -0.08277315 0.333640218
v -0.009514643 -0.0819 0.330194861
v -0.004650291 -0.0819 0.3254147
v -0.007625626 -0.08279773 0.327309817
v -0.004650291 -0.0819 0.3254147
v -0.00121906493 -0.0827731639 0.324935555
v -0.007625626 -0.08279773 0.327309817
v 0.00289906422 -0.08216613 0.325894982
v -0.004650291 -0.0819 0.3254147
v -0.000358632416 -0.0819 0.327717543
v -0.000358632416 -0.0819 0.327717543
v 0.00538794743 -0.0819 0.328083426
v 0.00289906422 -0.08216613 0.325894982
v -0.00244137365 -0.0819 0.339924663
v -0.00569909625 -0.08216613 0.341747224
v 0.000824286952 -0.0819 0.3424263
v -0.00244137365 -0.0819 0.339924663
v -0.008187948 -0.0819 0.33955875
v -0.00569909625 -0.08216613 0.341747224
v -0.00750353839 -0.0819 0.332779735
v -0.003114289 -0.0819 0.3322605
v -0.009514643 -0.0819 0.330194861
v -0.00742771663 -0.0819 0.3349084
v -0.0101222508 -0.0819 0.334982
v -0.009514643 -0.0819 0.330194861
v -0.003114289 -0.0819 0.3322605
v -0.004650291 -0.0819 0.3254147
v -0.002487311 -0.0819 0.3277934
v -0.000358632416 -0.0819 0.327717543
v -0.008187948 -0.0819 0.33955875
v -0.00244137365 -0.0819 0.339924663
v -0.00296063 -0.0819 0.335535377
v 0.00538794743 -0.0819 0.328083426
v -0.000358632416 -0.0819 0.327717543
v 0.000160629075 -0.0819 0.332106829
v -0.000358632416 -0.084525 0.339924663
v -0.00244137365 -0.0819 0.339924663
v -0.000312692515 -0.0819 0.339848816
v -0.00244137365 -0.0819 0.339924663
v -0.000358632416 -0.084525 0.339924663
v -0.002487311 -0.084525 0.339848816
v 0.00016062647 -0.084525 0.335535377
v 0.000314285367 -0.0819 0.335381746
v 0.00462771347 -0.084525 0.3349084
v 0.000314285367 -0.0819 0.335381746
v 0.00470353477 -0.0819 0.3348625
v 0.00462771347 -0.084525 0.3349084
v 0.00470353477 -0.0819 0.3348625
v 0.00470353756 -0.084525 0.332779735
v 0.00462771347 -0.084525 0.3349084
v 0.00470353756 -0.084525 0.332779735
v 0.00470353477 -0.0819 0.3348625
v 0.00462771347 -0.0819 0.3327338
v -0.00244137365 -0.084525 0.327717543
v -0.000358632416 -0.0819 0.327717543
v -0.002487311 -0.0819 0.3277934
v -0.000358632416 -0.0819 0.327717543
v -0.00244137365 -0.084525 0.327717543
v -0.000312692515 -0.084525 0.3277934
v -0.0075035356 -0.084525 0.3348625
v -0.00750353839 -0.0819 0.332779735
v -0.00742771663 -0.0819 0.3349084
v -0.00750353839 -0.0819 0.332779735
v -0.0075035356 -0.084525 0.3348625
v -0.00742771663 -0.084525 0.3327338
v 0.000314285367 -0.084525 0.3322605
v -0.00244137365 -0.084525 0.327717543
v -0.00296063 -0.084525 0.332106829
v 0.000314285367 -0.084525 0.3322605
v -0.000312692515 -0.084525 0.3277934
v -0.00244137365 -0.084525 0.327717543
v -0.03796582 -0.08889999 0.6158513
v -0.0339012668 -0.08889999 0.615375936
v -0.0376380421 -0.08716374 0.6159545
v -0.0342890173 -0.08716186 0.6155096
v -0.0318540744 -0.0819 0.603842437
v -0.03483937 -0.0819 0.609910667
v -0.0303722825 -0.0819 0.6105377
v -0.0353586338 -0.0819 0.605521441
v -0.03756082 -0.0819 0.60290277
v -0.03748731 -0.0819 0.6055973
v -0.0425035357 -0.0819 0.610583663
v -0.04242772 -0.084525 0.6105377
v -0.0381143056 -0.0819 0.6100643
v -0.0379606374 -0.084525 0.609910667
v -0.0425035357 -0.084525 0.612666368
v -0.04242772 -0.0819 0.612712264
v -0.0381142981 -0.084525 0.6131856
v -0.03796063 -0.0819 0.6133393
v -0.0353586338 -0.084525 0.6177286
v -0.03531269 -0.0819 0.6176527
v -0.0348393768 -0.084525 0.6133393
v -0.03468571 -0.0819 0.6131856
v -0.0348393768 -0.084525 0.6133393
v -0.03468571 -0.0819 0.6131856
v -0.0303722825 -0.084525 0.612712264
v -0.0302964617 -0.0819 0.612666368
v -0.03483937 -0.0819 0.609910667
v -0.0346857 -0.084525 0.6100644
v -0.0303722825 -0.0819 0.6105377
v -0.0302964617 -0.084525 0.610583663
v -0.0353586338 -0.0819 0.605521441
v -0.03531269 -0.084525 0.6055973
v -0.03483937 -0.0819 0.609910667
v -0.0346857 -0.084525 0.6100644
v -0.0381143056 -0.0819 0.6100643
v -0.0379606374 -0.084525 0.609910667
v -0.03748731 -0.0819 0.6055973
v -0.0374413654 -0.084525 0.605521441
v -0.0374413654 -0.084525 0.605521441
v -0.0346857 -0.084525 0.6100644
v -0.03531269 -0.084525 0.6055973
v -0.0379606374 -0.084525 0.609910667
v -0.0381142981 -0.084525 0.6131856
v -0.0348393768 -0.084525 0.6133393
v -0.0353586338 -0.084525 0.6177286
v -0.03748731 -0.084525 0.6176527
v 0.00202620588 -0.08889999 0.329517484
v 0.00370584335 -0.09853671 0.332409322
v 0.0020601165 -0.09914675 0.330171883
v 0.00393800437 -0.08889999 0.335149884
v -0.00347517664 -0.08889999 0.338694781
v -0.00486012548 -0.09914676 0.337470323
v -0.001543145 -0.09851061 0.3391999
v -0.0062103495 -0.08889999 0.336235136
v 0.000887354254 -0.08889999 0.329801083
v 0.00202620588 -0.08889999 0.329517484
v -0.00389142358 -0.08889999 0.328916728
v -0.00451640645 -0.08889999 0.330403417
v -0.00651939353 -0.08889999 0.3324607
v -0.00573948957 -0.08889999 0.3350385
v -0.00651939353 -0.08889999 0.3324607
v -0.0062103495 -0.08889999 0.336235136
v -0.00451640645 -0.08889999 0.330403417
v 0.000160629075 -0.0819 0.332106829
v 0.00462771347 -0.0819 0.3327338
v 0.00538794743 -0.0819 0.328083426
v 0.00732225273 -0.0819 0.332660228
v 0.00462771347 -0.0819 0.3327338
v 0.00470353477 -0.0819 0.3348625
v 0.00732225273 -0.0819 0.332660228
v 0.0063825096 -0.0819 0.338367015
v 0.000314285367 -0.0819 0.335381746
v -0.000312692515 -0.0819 0.339848816
v 0.000824286952 -0.0819 0.3424263
v -0.00244137365 -0.0819 0.339924663
v -0.00296063 -0.0819 0.335535377
v -0.00742771663 -0.0819 0.3349084
v -0.008187948 -0.0819 0.33955875
v -0.0101222508 -0.0819 0.334982
v -0.00244137365 -0.0819 0.339924663
v -0.002487311 -0.084525 0.339848816
v -0.00296063 -0.0819 0.335535377
v -0.003114289 -0.084525 0.335381746
v -0.000358632416 -0.084525 0.339924663
v -0.000312692515 -0.0819 0.339848816
v 0.00016062647 -0.084525 0.335535377
v 0.000314285367 -0.0819 0.335381746
v 0.00470353756 -0.084525 0.332779735
v 0.00462771347 -0.0819 0.3327338
v 0.000314285367 -0.084525 0.3322605
v 0.000160629075 -0.0819 0.332106829
v 0.000314285367 -0.084525 0.3322605
v 0.000160629075 -0.0819 0.332106829
v -0.000312692515 -0.084525 0.3277934
v -0.000358632416 -0.0819 0.327717543
v -0.003114289 -0.0819 0.3322605
v -0.00296063 -0.084525 0.332106829
v -0.002487311 -0.0819 0.3277934
v -0.00244137365 -0.084525 0.327717543
v -0.00750353839 -0.0819 0.332779735
v -0.00742771663 -0.084525 0.3327338
v -0.003114289 -0.0819 0.3322605
v -0.00296063 -0.084525 0.332106829
v -0.00296063 -0.0819 0.335535377
v -0.003114289 -0.084525 0.335381746
v -0.00742771663 -0.0819 0.3349084
v -0.0075035356 -0.084525 0.3348625
v -0.002487311 -0.084525 0.339848816
v -0.000358632416 -0.084525 0.339924663
v -0.003114289 -0.084525 0.335381746
v 0.00016062647 -0.084525 0.335535377
v -0.00296063 -0.084525 0.332106829
v -0.0075035356 -0.084525 0.3348625
v -0.00742771663 -0.084525 0.3327338
v 0.00016062647 -0.084525 0.335535377
v 0.000314285367 -0.084525 0.3322605
v 0.00470353756 -0.084525 0.332779735
v 0.00462771347 -0.084525 0.3349084
v -0.141472474 -0.21420002 0.5214384
v -0.153597847 -0.2134773 0.52143234
v -0.1515969 -0.213945776 0.37793234
v -0.141472474 -0.21420002 0.5214384
v -0.1414 -0.21419999 0.37793234
v -0.07951358 -0.21420002 0.4583145
v -0.08133118 -0.21420002 0.4829548
v -0.07909739 -0.21419999 0.5002539
v -0.140038311 -0.21420002 0.5463168
v -0.132684126 -0.21420002 0.5732083
v -0.07468655 -0.21420002 0.5162284
v -0.119604126 -0.21420002 0.5978281
v -0.101436414 -0.21420002 0.618975163
v -0.0679018 -0.21419999 0.530982
v -0.0838675 -0.21419999 0.63245666
v -0.05594357 -0.21420002 0.5488684
v -0.0666449144 -0.21420002 0.641982734
v -0.119783521 -0.21420002 0.350388765
v -0.1414 -0.21419999 0.372682333
v -0.074001275 -0.21419999 0.439477772
v -0.09799675 -0.21419999 0.333446264
v -0.0666151 -0.21420002 0.423676133
v -0.0714729 -0.21420002 0.317299068
v -0.0532746352 -0.21420002 0.405470729
v -0.04081417 -0.21419999 0.393764257
v -0.03529609 -0.21420002 0.302474678
v -0.0255780742 -0.21420002 0.3832023
v -0.0161 -0.21419999 0.333821118
v -0.0148261432 -0.21420002 0.327457
v -0.004812944 -0.21420002 0.295422673
v -0.0144403353 -0.21420002 0.3409424
v -0.0255780742 -0.21420002 0.3832023
v -0.0100404453 -0.21419999 0.321928561
v -0.0148261432 -0.21420002 0.327457
v -0.0144403353 -0.21420002 0.3409424
v -0.0100404453 -0.21419999 0.345713645
v -0.00642620726 -0.21419999 0.374933153
v -0.00507767545 -0.21420002 0.319510549
v -0.0100404453 -0.21419999 0.321928561
v 0.0067566447 -0.21420002 0.296036065
v -0.0100404453 -0.21419999 0.345713645
v -0.00446516275 -0.21420002 0.34827736
v 0.0132617224 -0.21420002 0.36961934
v 0.0134773683 -0.21420002 0.318859428
v -0.00507767545 -0.21420002 0.319510549
v 0.01783071 -0.21420002 0.3006656
v 0.01810478 -0.21419999 0.316168427
v 0.0134773683 -0.21420002 0.318859428
v -0.00446516275 -0.21420002 0.34827736
v 0.0140111241 -0.21420002 0.3489388
v 0.0197585486 -0.21420002 0.3532272
v 0.0185913 -0.21419999 0.3660654
v 0.0132617224 -0.21420002 0.36961934
v 0.0197585486 -0.21420002 0.3532272
v 0.0212687831 -0.21420002 0.3610813
v 0.0185913 -0.21419999 0.3660654
v -0.03612931 -0.21420002 0.5673314
v -0.0400775857 -0.21420002 0.5973144
v -0.0450404435 -0.21419999 0.5997324
v -0.0215228386 -0.21420002 0.596663356
v -0.0400775857 -0.21420002 0.5973144
v -0.0167185012 -0.21420002 0.5789743
v -0.015675623 -0.21420002 0.592840254
v -0.0136113176 -0.21420002 0.5851132
v -0.0643738061 -0.0658 0.642965555
v -0.049440328 -0.0658 0.6045037
v -0.0574679449 -0.0658 0.547005057
v -0.0413309149 -0.0658 0.6499132
v -0.0498261265 -0.0658 0.6179891
v -0.0643738061 -0.0658 0.642965555
v -0.051099997 -0.0658 0.611624956
v -0.049440328 -0.0658 0.6045037
v -0.0450404435 -0.0658 0.5997324
v -0.0574679449 -0.0658 0.547005057
v -0.03806452 -0.0658 0.5658993
v -0.0838675 -0.0658 0.63245666
v -0.0679018 -0.0658 0.530982
v -0.09961005 -0.0658 0.6206445
v -0.075101465 -0.0658 0.51507926
v -0.118188925 -0.0658 0.599857867
v -0.129247442 -0.0658 0.5806709
v -0.07909739 -0.0658 0.5002539
v -0.136430055 -0.0658 0.5623467
v -0.140628725 -0.0658 0.5406024
v -0.141515717 -0.0658 0.5214516
v -0.0813958347 -0.0658 0.480762243
v -0.09778436 -0.0658 0.420254946
v -0.08018528 -0.0658 0.463361531
v -0.09196908 -0.0658 0.422132
v -0.151902542 -0.06617087 0.52143234
v -0.15131934 -0.0660321638 0.37793234
v -0.1414 -0.0658 0.37793234
v -0.0992011651 -0.0658 0.4161573
v -0.128058076 -0.0658 0.358393073
v -0.1414 -0.0658 0.372682333
v -0.09734878 -0.0658 0.4116241
v -0.107389227 -0.0658 0.340103179
v -0.09137409 -0.0658 0.410342067
v -0.07454153 -0.0658 0.3189007
v -0.09196908 -0.0658 0.422132
v -0.07586334 -0.0658 0.4442166
v -0.08743594 -0.0658 0.418034345
v -0.06549454 -0.0658 0.421790481
v -0.08809831 -0.0658 0.413182318
v -0.0524506 -0.0658 0.404566824
v -0.04081417 -0.0658 0.393764257
v -0.0336132981 -0.0658 0.3349025
v -0.0235316679 -0.0658 0.382081717
v -0.030697871 -0.0658 0.337815523
v -0.03859091 -0.0658 0.303536415
v -0.03279787 -0.0658 0.3313524
v -0.0291265082 -0.0658 0.329479843
v -0.03859091 -0.0658 0.303536415
v -0.0251867 -0.0658 0.332739741
v -0.0144403446 -0.0658 0.326699823
v -0.004885279 -0.0658 0.295357257
v -0.0161356349 -0.0658 0.335724771
v -0.0270695444 -0.0658 0.337494045
v -0.0122024417 -0.0658 0.344022572
v -0.00642620726 -0.0658 0.374933153
v -0.00507755 -0.0658 0.348131716
v 0.0108719552 -0.0658 0.3703605
v 0.0134773739 -0.0658 0.348782748
v -0.0100404453 -0.0658 0.321928561
v -0.004465267 -0.0658 0.319364876
v 0.00673894351 -0.0658 0.296118081
v 0.0179503933 -0.0658 0.366847038
v 0.0134773739 -0.0658 0.348782748
v 0.0193243977 -0.0658 0.35260585
v 0.021388676 -0.0658 0.360332847
v -0.004465267 -0.0658 0.319364876
v 0.0140111391 -0.0658 0.318703443
v 0.0172989052 -0.0658 0.300223082
v 0.019758543 -0.0658 0.314415038
v 0.0212687831 -0.0658 0.3065609
v -0.0450404435 -0.0658 0.5997324
v -0.03946523 -0.0658 0.5971688
v -0.03806452 -0.0658 0.5658993
v -0.0209890362 -0.0658 0.5965074
v -0.0169937331 -0.0658 0.578703761
v -0.0152414544 -0.0658 0.5922189
v -0.0137312161 -0.0658 0.5843649
v -0.0209890362 -0.0658 0.5965074
v -0.03946523 -0.0658 0.5971688
v -0.0387304574 -0.0658 0.635952055
v -0.0400776044 -0.0658 0.6259356
v -0.0450404435 -0.0658 0.6235175
v -0.03510213 -0.0658 0.635630548
v -0.0400776044 -0.0658 0.6259356
v -0.0321867056 -0.0658 0.638543546
v -0.0215226449 -0.0658 0.6265866
v -0.0284812488 -0.0658 0.649435
v -0.03300213 -0.0658 0.642093658
v -0.0171917118 -0.0658 0.6448045
v -0.0156756323 -0.0658 0.6304098
v -0.0136113232 -0.0658 0.638136744
v -0.03667346 -0.0658 0.6439663
v -0.0406132936 -0.0658 0.64070636
v -0.0450404435 -0.0658 0.6235175
v -0.0498261265 -0.0658 0.6179891
v -0.0387304574 -0.0658 0.635952055
v -0.0284812488 -0.0658 0.649435
v -0.03300213 -0.0658 0.642093658
v -0.03667346 -0.0658 0.6439663
v -0.09137409 -0.0658 0.410342067
v -0.08809831 -0.0658 0.413182318
v -0.07454153 -0.0658 0.3189007
v -0.0291265082 -0.0658 0.329479843
v -0.0251867 -0.0658 0.332739741
v -0.03859091 -0.0658 0.303536415
v -0.0144403446 -0.0658 0.326699823
v -0.0100404453 -0.0658 0.321928561
v -0.004885279 -0.0658 0.295357257
v -0.0270695444 -0.0658 0.337494045
v -0.030697871 -0.0658 0.337815523
v -0.0235316679 -0.0658 0.382081717
v -0.09778436 -0.0658 0.420254946
v -0.0992011651 -0.0658 0.4161573
v -0.141515717 -0.0658 0.5214516
v -0.07510148 -0.2072 0.5150792
v -0.0679018 -0.2072 0.530982
v -0.07468655 -0.21420002 0.5162284
v -0.05746795 -0.2072 0.547005057
v -0.0380645245 -0.2072 0.5658993
v -0.05594357 -0.21420002 0.5488684
v -0.0380645245 -0.2072 0.5658993
v -0.03612931 -0.21420002 0.5673314
v -0.05594357 -0.21420002 0.5488684
v -0.0380645245 -0.2072 0.5658993
v -0.016993735 -0.2072 0.578703761
v -0.03612931 -0.21420002 0.5673314
v -0.016993735 -0.2072 0.578703761
v -0.0167185012 -0.21420002 0.5789743
v -0.03612931 -0.21420002 0.5673314
v -0.07468655 -0.21420002 0.5162284
v -0.07909739 -0.21419999 0.5002539
v -0.07510148 -0.2072 0.5150792
v -0.07951358 -0.21420002 0.4583145
v -0.07586335 -0.2072 0.444216639
v -0.08018528 -0.2072 0.463361531
v -0.07951358 -0.21420002 0.4583145
v -0.074001275 -0.21419999 0.439477772
v -0.07586335 -0.2072 0.444216639
v -0.0666151 -0.21420002 0.423676133
v -0.0532746352 -0.21420002 0.405470729
v -0.06549453 -0.2072 0.421790481
v -0.0532746352 -0.21420002 0.405470729
v -0.0524506 -0.2072 0.404566824
v -0.06549453 -0.2072 0.421790481
v -0.0532746352 -0.21420002 0.405470729
v -0.04081417 -0.21419999 0.393764257
v -0.0524506 -0.2072 0.404566824
v 0.0132617224 -0.21420002 0.36961934
v 0.0108719552 -0.2072 0.3703605
v -0.00642620726 -0.2072 0.374933153
v -0.05327464 -0.0727999955 0.405470729
v -0.04081417 -0.0727999955 0.393764257
v -0.0524506 -0.0658 0.404566824
v 0.0132616386 -0.0727999955 0.3696194
v 0.0108719552 -0.0658 0.3703605
v -0.00642620726 -0.0658 0.374933153
v -0.0524506 -0.0658 0.404566824
v -0.06549454 -0.0658 0.421790481
v -0.05327464 -0.0727999955 0.405470729
v -0.06549454 -0.0658 0.421790481
v -0.0666151 -0.0727999955 0.423676133
v -0.05327464 -0.0727999955 0.405470729
v -0.06549454 -0.0658 0.421790481
v -0.07586334 -0.0658 0.4442166
v -0.0666151 -0.0727999955 0.423676133
v -0.07586334 -0.0658 0.4442166
v -0.07653234 -0.0727999955 0.446305633
v -0.0666151 -0.0727999955 0.423676133
v -0.0813958347 -0.0658 0.480762243
v -0.08133118 -0.0727999955 0.4829548
v -0.08018528 -0.0727999955 0.463361531
v -0.08018528 -0.0658 0.463361531
v -0.08018528 -0.0727999955 0.463361531
v -0.08018528 -0.0658 0.463361531
v -0.07653234 -0.0727999955 0.446305633
v -0.07586334 -0.0658 0.4442166
v -0.075101465 -0.0658 0.51507926
v -0.07468653 -0.0727999955 0.5162285
v -0.07909739 -0.0727999955 0.5002539
v -0.075101465 -0.0658 0.51507926
v -0.0679018 -0.0658 0.530982
v -0.07468653 -0.0727999955 0.5162285
v -0.0574679449 -0.0658 0.547005057
v -0.03806452 -0.0658 0.5658993
v -0.0559435673 -0.0727999955 0.5488684
v -0.03806452 -0.0658 0.5658993
v -0.03612931 -0.0727999955 0.5673314
v -0.0559435673 -0.0727999955 0.5488684
v -0.03806452 -0.0658 0.5658993
v -0.0169937331 -0.0658 0.578703761
v -0.03612931 -0.0727999955 0.5673314
v -0.0169937331 -0.0658 0.578703761
v -0.0167185087 -0.0727999955 0.578974247
v -0.03612931 -0.0727999955 0.5673314
v -0.0990664 -0.0727999955 0.418034375
v -0.0992011651 -0.0658 0.4161573
v -0.09778436 -0.0658 0.420254946
v -0.0990664 -0.0727999955 0.418034375
v -0.09778435 -0.0727999955 0.4120597
v -0.0992011651 -0.0658 0.4161573
v -0.09778435 -0.0727999955 0.4120597
v -0.09734878 -0.0658 0.4116241
v -0.0992011651 -0.0658 0.4161573
v -0.09778435 -0.0727999955 0.4120597
v -0.09196908 -0.0727999955 0.410182655
v -0.09734878 -0.0658 0.4116241
v -0.09196908 -0.0727999955 0.410182655
v -0.09137409 -0.0658 0.410342067
v -0.09734878 -0.0658 0.4116241
v -0.09196908 -0.0727999955 0.410182655
v -0.08809831 -0.0727999955 0.413182318
v -0.09137409 -0.0658 0.410342067
v -0.08809831 -0.0727999955 0.413182318
v -0.08809831 -0.0658 0.413182318
v -0.09137409 -0.0658 0.410342067
v -0.08809831 -0.0727999955 0.413182318
v -0.0872765 -0.0727999955 0.417439342
v -0.08809831 -0.0658 0.413182318
v -0.0872765 -0.0727999955 0.417439342
v -0.08743594 -0.0658 0.418034345
v -0.08809831 -0.0658 0.413182318
v -0.0872765 -0.0727999955 0.417439342
v -0.09137411 -0.0727999955 0.421972573
v -0.08743594 -0.0658 0.418034345
v -0.09137411 -0.0727999955 0.421972573
v -0.09196908 -0.0658 0.422132
v -0.08743594 -0.0658 0.418034345
v -0.09137411 -0.0727999955 0.421972573
v -0.09622616 -0.0727999955 0.421310157
v -0.09196908 -0.0658 0.422132
v -0.09622616 -0.0727999955 0.421310157
v -0.09778436 -0.0658 0.420254946
v -0.09196908 -0.0658 0.422132
v -0.09622616 -0.0727999955 0.421310157
v -0.0990664 -0.0727999955 0.418034375
v -0.09778436 -0.0658 0.420254946
v -0.155247644 -0.202099666 0.37793234
v -0.162479892 -0.197627082 0.377885222
v -0.155400008 -0.196699992 0.37793234
v -0.154978186 -0.203225419 0.52143234
v -0.155400008 -0.196254462 0.5210492
v -0.162565142 -0.197554246 0.521505356
v -0.154978186 -0.203225419 0.52143234
v -0.151425421 -0.206778184 0.37793234
v -0.155247644 -0.202099666 0.37793234
v -0.154978186 -0.203225419 0.52143234
v -0.150583088 -0.206909224 0.52143234
v -0.151425421 -0.206778184 0.37793234
v -0.161186844 -0.206260949 0.37793234
v -0.156629 -0.211526245 0.37793234
v -0.160819411 -0.2069821 0.52143234
v -0.153597847 -0.2134773 0.52143234
v -0.141472474 -0.21420002 0.5214384
v -0.150583088 -0.206909224 0.52143234
v -0.141472474 -0.21420002 0.5214384
v -0.141515717 -0.2072 0.5214516
v -0.150583088 -0.206909224 0.52143234
v -0.1414 -0.2072 0.372682333
v -0.128058076 -0.2072 0.358393073
v -0.1414 -0.21419999 0.372682333
v -0.119783521 -0.21420002 0.350388765
v -0.1414 -0.21419999 0.372682333
v -0.128058076 -0.2072 0.358393073
v -0.107389234 -0.2072 0.3401032
v -0.119783521 -0.21420002 0.350388765
v -0.107389234 -0.2072 0.3401032
v -0.09799675 -0.21419999 0.333446264
v -0.119783521 -0.21420002 0.350388765
v -0.0745415241 -0.2072 0.3189007
v -0.0714729 -0.21420002 0.317299068
v -0.107389234 -0.2072 0.3401032
v -0.0745415241 -0.2072 0.3189007
v -0.09799675 -0.21419999 0.333446264
v -0.0745415241 -0.2072 0.3189007
v -0.0385909155 -0.2072 0.303536415
v -0.0714729 -0.21420002 0.317299068
v -0.0385909155 -0.2072 0.303536415
v -0.03529609 -0.21420002 0.302474678
v -0.0714729 -0.21420002 0.317299068
v -0.0385909155 -0.2072 0.303536415
v -0.004885279 -0.2072 0.295357257
v -0.03529609 -0.21420002 0.302474678
v -0.004885279 -0.2072 0.295357257
v -0.004812944 -0.21420002 0.295422673
v -0.03529609 -0.21420002 0.302474678
v -0.0413309149 -0.2072 0.6499132
v -0.0643738061 -0.2072 0.642965555
v -0.0424808078 -0.21420002 0.649749935
v -0.0643738061 -0.2072 0.642965555
v -0.0666449144 -0.21420002 0.641982734
v -0.0424808078 -0.21420002 0.649749935
v -0.09961006 -0.2072 0.6206445
v -0.118188925 -0.2072 0.599857867
v -0.101436414 -0.21420002 0.618975163
v -0.118188925 -0.2072 0.599857867
v -0.119604126 -0.21420002 0.5978281
v -0.101436414 -0.21420002 0.618975163
v -0.118188925 -0.2072 0.599857867
v -0.131749168 -0.2072 0.575499356
v -0.119604126 -0.21420002 0.5978281
v -0.131749168 -0.2072 0.575499356
v -0.132684126 -0.21420002 0.5732083
v -0.119604126 -0.21420002 0.5978281
v -0.131749168 -0.2072 0.575499356
v -0.1396293 -0.2072 0.548757255
v -0.132684126 -0.21420002 0.5732083
v -0.1396293 -0.2072 0.548757255
v -0.140038311 -0.21420002 0.5463168
v -0.132684126 -0.21420002 0.5732083
v -0.1396293 -0.2072 0.548757255
v -0.141515717 -0.2072 0.5214516
v -0.140038311 -0.21420002 0.5463168
v -0.141515717 -0.2072 0.5214516
v -0.141472474 -0.21420002 0.5214384
v -0.140038311 -0.21420002 0.5463168
v 0.00673894351 -0.2072 0.296118081
v 0.0172989052 -0.2072 0.300223053
v 0.0067566447 -0.21420002 0.296036065
v 0.0172989052 -0.2072 0.300223053
v 0.01783071 -0.21420002 0.3006656
v 0.0067566447 -0.21420002 0.296036065
v 0.0179504044 -0.2072 0.3668471
v 0.0108719552 -0.2072 0.3703605
v 0.0132617224 -0.21420002 0.36961934
v -0.00507767545 -0.21420002 0.319510549
v 0.0134773683 -0.21420002 0.318859428
v -0.004465267 -0.2072 0.319364876
v 0.0134773683 -0.21420002 0.318859428
v 0.0140111391 -0.2072 0.318703443
v -0.004465267 -0.2072 0.319364876
v 0.0172989052 -0.2072 0.300223053
v 0.0212687738 -0.2072 0.3065609
v 0.01783071 -0.21420002 0.3006656
v 0.0206645951 -0.21419999 0.305010438
v 0.01783071 -0.21420002 0.3006656
v 0.0212687738 -0.2072 0.3065609
v 0.02110831 -0.21420002 0.3113737
v 0.0206645951 -0.21419999 0.305010438
v 0.0212687738 -0.2072 0.3065609
v 0.0197585486 -0.2072 0.314415
v 0.02110831 -0.21420002 0.3113737
v 0.0140111391 -0.2072 0.318703443
v 0.0134773683 -0.21420002 0.318859428
v 0.01810478 -0.21419999 0.316168427
v 0.0134773739 -0.2072 0.348782748
v 0.019324407 -0.2072 0.35260585
v 0.0140111241 -0.21420002 0.3489388
v 0.019324407 -0.2072 0.35260585
v 0.0197585486 -0.21420002 0.3532272
v 0.0140111241 -0.21420002 0.3489388
v 0.019324407 -0.2072 0.35260585
v 0.0213886853 -0.2072 0.360332847
v 0.0197585486 -0.21420002 0.3532272
v 0.0213886853 -0.2072 0.360332847
v 0.0212687831 -0.21420002 0.3610813
v 0.0197585486 -0.21420002 0.3532272
v 0.0179504044 -0.2072 0.3668471
v 0.0132617224 -0.21420002 0.36961934
v 0.0185913 -0.21419999 0.3660654
v 0.0140111241 -0.21420002 0.3489388
v -0.00446516275 -0.21420002 0.34827736
v 0.0134773739 -0.2072 0.348782748
v -0.00446516275 -0.21420002 0.34827736
v -0.00507755 -0.2072 0.348131716
v 0.0134773739 -0.2072 0.348782748
v -0.0100404453 -0.2072 0.321928561
v -0.0144403446 -0.2072 0.326699823
v -0.0100404453 -0.21419999 0.321928561
v -0.0144403446 -0.2072 0.326699823
v -0.0148261432 -0.21420002 0.327457
v -0.0100404453 -0.21419999 0.321928561
v -0.0161356349 -0.2072 0.335724831
v -0.0144403353 -0.21420002 0.3409424
v -0.0161 -0.21419999 0.333821118
v -0.0161356349 -0.2072 0.335724831
v -0.01220245 -0.2072 0.344022572
v -0.0144403353 -0.21420002 0.3409424
v -0.01220245 -0.2072 0.344022572
v -0.0100404453 -0.21419999 0.345713645
v -0.0144403353 -0.21420002 0.3409424
v -0.01220245 -0.2072 0.344022572
v -0.00507755 -0.2072 0.348131716
v -0.0100404453 -0.21419999 0.345713645
v -0.00507755 -0.2072 0.348131716
v -0.00446516275 -0.21420002 0.34827736
v -0.0100404453 -0.21419999 0.345713645
v -0.0450404435 -0.2072 0.5997324
v -0.049440328 -0.2072 0.6045037
v -0.0450404435 -0.21419999 0.5997324
v -0.049440328 -0.2072 0.6045037
v -0.0498261377 -0.21420002 0.6052609
v -0.0450404435 -0.21419999 0.5997324
v -0.049440328 -0.2072 0.6045037
v -0.051099997 -0.2072 0.611624956
v -0.0498261377 -0.21420002 0.6052609
v -0.051099997 -0.2072 0.611624956
v -0.0510026962 -0.21420002 0.614368
v -0.0498261377 -0.21420002 0.6052609
v -0.051099997 -0.2072 0.611624956
v -0.0498261265 -0.2072 0.6179891
v -0.0510026962 -0.21420002 0.614368
v -0.0498261265 -0.2072 0.6179891
v -0.0466015562 -0.21420002 0.6224274
v -0.0510026962 -0.21420002 0.614368
v -0.0498261265 -0.2072 0.6179891
v -0.0450404435 -0.2072 0.6235175
v -0.0466015562 -0.21420002 0.6224274
v -0.0400775857 -0.21420002 0.5973144
v -0.0215228386 -0.21420002 0.596663356
v -0.03946523 -0.2072 0.5971688
v -0.0215228386 -0.21420002 0.596663356
v -0.0209890362 -0.2072 0.5965074
v -0.03946523 -0.2072 0.5971688
v -0.016993735 -0.2072 0.578703761
v -0.01373122 -0.2072 0.5843649
v -0.0167185012 -0.21420002 0.5789743
v -0.01373122 -0.2072 0.5843649
v -0.0136113176 -0.21420002 0.5851132
v -0.0167185012 -0.21420002 0.5789743
v -0.01373122 -0.2072 0.5843649
v -0.0152414581 -0.2072 0.5922189
v -0.0136113176 -0.21420002 0.5851132
v -0.0152414581 -0.2072 0.5922189
v -0.015675623 -0.21420002 0.592840254
v -0.0136113176 -0.21420002 0.5851132
v -0.0152414581 -0.2072 0.5922189
v -0.0209890362 -0.2072 0.5965074
v -0.015675623 -0.21420002 0.592840254
v -0.0209890362 -0.2072 0.5965074
v -0.0215228386 -0.21420002 0.596663356
v -0.015675623 -0.21420002 0.592840254
v -0.0296526533 -0.21420002 0.6496615
v -0.017731186 -0.21420002 0.6452503
v -0.0284812488 -0.2072 0.649435
v -0.017731186 -0.21420002 0.6452503
v -0.0171917118 -0.2072 0.644804537
v -0.0284812488 -0.2072 0.649435
v -0.0215226337 -0.2072 0.6265866
v -0.0156756137 -0.2072 0.6304098
v -0.02098888 -0.21420002 0.626742661
v -0.0156756137 -0.2072 0.6304098
v -0.0152414516 -0.21420002 0.6310311
v -0.02098888 -0.21420002 0.626742661
v -0.0156756137 -0.2072 0.6304098
v -0.01361132 -0.2072 0.638136744
v -0.0152414516 -0.21420002 0.6310311
v -0.01361132 -0.2072 0.638136744
v -0.0137312207 -0.21420002 0.63888514
v -0.0152414516 -0.21420002 0.6310311
v -0.01361132 -0.2072 0.638136744
v -0.0171917118 -0.2072 0.644804537
v -0.0137312207 -0.21420002 0.63888514
v -0.0171917118 -0.2072 0.644804537
v -0.017731186 -0.21420002 0.6452503
v -0.0137312207 -0.21420002 0.63888514
v -0.02098888 -0.21420002 0.626742661
v -0.0394652262 -0.21420002 0.6260812
v -0.0215226337 -0.2072 0.6265866
v -0.0394652262 -0.21420002 0.6260812
v -0.0400776044 -0.2072 0.6259356
v -0.0215226337 -0.2072 0.6265866
v -0.0450404435 -0.2072 0.5997324
v -0.03946523 -0.2072 0.5971688
v -0.0380645245 -0.2072 0.5658993
v -0.0209890362 -0.2072 0.5965074
v -0.016993735 -0.2072 0.578703761
v -0.0413309149 -0.2072 0.6499132
v -0.0450404435 -0.2072 0.6235175
v -0.0498261265 -0.2072 0.6179891
v -0.0400776044 -0.2072 0.6259356
v -0.0450404435 -0.2072 0.6235175
v -0.0284812488 -0.2072 0.649435
v -0.0643738061 -0.2072 0.642965555
v -0.0498261265 -0.2072 0.6179891
v -0.049440328 -0.2072 0.6045037
v -0.05746795 -0.2072 0.547005057
v -0.0450404435 -0.2072 0.5997324
v -0.0380645245 -0.2072 0.5658993
v -0.03946523 -0.2072 0.5971688
v -0.0209890362 -0.2072 0.5965074
v -0.0152414581 -0.2072 0.5922189
v -0.016993735 -0.2072 0.578703761
v -0.01373122 -0.2072 0.5843649
v -0.0215226337 -0.2072 0.6265866
v -0.0400776044 -0.2072 0.6259356
v -0.0171917118 -0.2072 0.644804537
v -0.0156756137 -0.2072 0.6304098
v -0.01361132 -0.2072 0.638136744
v -0.049440328 -0.2072 0.6045037
v -0.05746795 -0.2072 0.547005057
v -0.0643738061 -0.2072 0.642965555
v -0.051099997 -0.2072 0.611624956
v -0.0838675 -0.2072 0.63245666
v -0.0679018 -0.2072 0.530982
v -0.09961006 -0.2072 0.6206445
v -0.07510148 -0.2072 0.5150792
v -0.118188925 -0.2072 0.599857867
v -0.131749168 -0.2072 0.575499356
v -0.07909739 -0.2072 0.5002539
v -0.1396293 -0.2072 0.548757255
v -0.141515717 -0.2072 0.5214516
v -0.0813958347 -0.2072 0.480762243
v -0.08018528 -0.2072 0.463361531
v -0.1414 -0.2072 0.37793234
v -0.151425421 -0.206778184 0.37793234
v -0.150583088 -0.206909224 0.52143234
v -0.128058076 -0.2072 0.358393073
v -0.1414 -0.2072 0.372682333
v -0.07586335 -0.2072 0.444216639
v -0.107389234 -0.2072 0.3401032
v -0.06549453 -0.2072 0.421790481
v -0.0745415241 -0.2072 0.3189007
v -0.0524506 -0.2072 0.404566824
v -0.04081417 -0.2072 0.393764257
v -0.0385909155 -0.2072 0.303536415
v -0.0235316679 -0.2072 0.382081717
v -0.0161356349 -0.2072 0.335724831
v -0.0144403446 -0.2072 0.326699823
v -0.004885279 -0.2072 0.295357257
v -0.0235316679 -0.2072 0.382081717
v -0.01220245 -0.2072 0.344022572
v -0.00642620726 -0.2072 0.374933153
v -0.0100404453 -0.2072 0.321928561
v -0.004465267 -0.2072 0.319364876
v 0.00673894351 -0.2072 0.296118081
v -0.00507755 -0.2072 0.348131716
v -0.01220245 -0.2072 0.344022572
v 0.0108719552 -0.2072 0.3703605
v 0.0134773739 -0.2072 0.348782748
v 0.0179504044 -0.2072 0.3668471
v 0.019324407 -0.2072 0.35260585
v 0.0213886853 -0.2072 0.360332847
v -0.004465267 -0.2072 0.319364876
v 0.0140111391 -0.2072 0.318703443
v 0.0172989052 -0.2072 0.300223053
v 0.0197585486 -0.2072 0.314415
v 0.0212687738 -0.2072 0.3065609
v -0.0144403446 -0.2072 0.326699823
v -0.0100404453 -0.2072 0.321928561
v -0.004885279 -0.2072 0.295357257
v -0.0317304544 -0.0727999955 0.337494045
v -0.0336132981 -0.0727999955 0.332739741
v -0.0336132981 -0.0658 0.3349025
v -0.0336132981 -0.0727999955 0.332739741
v -0.03279787 -0.0658 0.3313524
v -0.0336132981 -0.0658 0.3349025
v -0.0336132981 -0.0727999955 0.332739741
v -0.0296734925 -0.0727999955 0.329479843
v -0.03279787 -0.0658 0.3313524
v -0.0296734925 -0.0727999955 0.329479843
v -0.0291265082 -0.0658 0.329479843
v -0.03279787 -0.0658 0.3313524
v -0.0296734925 -0.0727999955 0.329479843
v -0.02600213 -0.0727999955 0.3313524
v -0.0291265082 -0.0658 0.329479843
v -0.02600213 -0.0727999955 0.3313524
v -0.0251867 -0.0658 0.332739741
v -0.0291265082 -0.0658 0.329479843
v -0.02600213 -0.0727999955 0.3313524
v -0.0251867026 -0.0727999955 0.3349025
v -0.0251867 -0.0658 0.332739741
v -0.0251867026 -0.0727999955 0.3349025
v -0.0270695444 -0.0658 0.337494045
v -0.0251867 -0.0658 0.332739741
v -0.0251867026 -0.0727999955 0.3349025
v -0.02810213 -0.0727999955 0.337815523
v -0.0270695444 -0.0658 0.337494045
v -0.02810213 -0.0727999955 0.337815523
v -0.0317304544 -0.0727999955 0.337494045
v -0.0270695444 -0.0658 0.337494045
v -0.0317304544 -0.0727999955 0.337494045
v -0.030697871 -0.0658 0.337815523
v -0.0270695444 -0.0658 0.337494045
v -0.0317304544 -0.0727999955 0.337494045
v -0.0336132981 -0.0658 0.3349025
v -0.030697871 -0.0658 0.337815523
v -0.0404442623 -0.0727999955 0.6412266
v -0.03917298 -0.0727999955 0.636273563
v -0.0406132936 -0.0658 0.64070636
v -0.03917298 -0.0727999955 0.636273563
v -0.0387304574 -0.0658 0.635952055
v -0.0406132936 -0.0658 0.64070636
v -0.03917298 -0.0727999955 0.636273563
v -0.03510213 -0.0727999955 0.635630548
v -0.0387304574 -0.0658 0.635952055
v -0.03510213 -0.0727999955 0.635630548
v -0.03510213 -0.0658 0.635630548
v -0.0387304574 -0.0658 0.635952055
v -0.03510213 -0.0727999955 0.635630548
v -0.0323557369 -0.0727999955 0.6380234
v -0.03510213 -0.0658 0.635630548
v -0.0323557369 -0.0727999955 0.6380234
v -0.0321867056 -0.0658 0.638543546
v -0.03510213 -0.0658 0.635630548
v -0.0323557369 -0.0727999955 0.6380234
v -0.03300213 -0.0727999955 0.642093658
v -0.0321867056 -0.0658 0.638543546
v -0.03300213 -0.0727999955 0.642093658
v -0.03300213 -0.0658 0.642093658
v -0.0321867056 -0.0658 0.638543546
v -0.03300213 -0.0727999955 0.642093658
v -0.03612649 -0.0727999955 0.6439663
v -0.03300213 -0.0658 0.642093658
v -0.03612649 -0.0727999955 0.6439663
v -0.03667346 -0.0658 0.6439663
v -0.03300213 -0.0658 0.642093658
v -0.03612649 -0.0727999955 0.6439663
v -0.0404442623 -0.0727999955 0.6412266
v -0.03667346 -0.0658 0.6439663
v -0.0404442623 -0.0727999955 0.6412266
v -0.0406132936 -0.0658 0.64070636
v -0.03667346 -0.0658 0.6439663
v -0.155064583 -0.07689544 0.37793234
v -0.155400008 -0.0832999945 0.37793234
v -0.16253382 -0.08237687 0.377853483
v -0.155200064 -0.07780288 0.52143234
v -0.162501648 -0.08241552 0.5214773
v -0.155400008 -0.0832999945 0.52143234
v -0.155400008 -0.0832999945 0.37793234
v -0.155400008 -0.1057935 0.3837123
v -0.16253382 -0.08237687 0.377853483
v -0.155400008 -0.1057935 0.3837123
v -0.162399992 -0.108662456 0.3842195
v -0.16253382 -0.08237687 0.377853483
v -0.155400008 -0.1057935 0.3837123
v -0.155400008 -0.138543278 0.386840582
v -0.162399992 -0.108662456 0.3842195
v -0.155400008 -0.138543278 0.386840582
v -0.162399992 -0.141456708 0.386840582
v -0.162399992 -0.108662456 0.3842195
v -0.155400008 -0.138543278 0.386840582
v -0.155400008 -0.171337545 0.3842195
v -0.162399992 -0.141456708 0.386840582
v -0.155400008 -0.171337545 0.3842195
v -0.162399992 -0.17420654 0.383712262
v -0.162399992 -0.141456708 0.386840582
v -0.155400008 -0.171337545 0.3842195
v -0.155400008 -0.196699992 0.37793234
v -0.162399992 -0.17420654 0.383712262
v -0.155400008 -0.196699992 0.37793234
v -0.162479892 -0.197627082 0.377885222
v -0.162399992 -0.17420654 0.383712262
v -0.155400008 -0.196254462 0.5210492
v -0.162399992 -0.171337232 0.5151451
v -0.162565142 -0.197554246 0.521505356
v -0.155400008 -0.196254462 0.5210492
v -0.155400008 -0.15790002 0.513371468
v -0.162399992 -0.171337232 0.5151451
v -0.155400008 -0.15790002 0.513371468
v -0.162399992 -0.138543233 0.5125241
v -0.162399992 -0.171337232 0.5151451
v -0.155400008 -0.15790002 0.513371468
v -0.155400008 -0.12500225 0.5131169
v -0.162399992 -0.138543233 0.5125241
v -0.155400008 -0.12500225 0.5131169
v -0.162399992 -0.105793789 0.515652359
v -0.162399992 -0.138543233 0.5125241
v -0.155400008 -0.12500225 0.5131169
v -0.155400008 -0.0991873 0.517163754
v -0.162399992 -0.105793789 0.515652359
v -0.155400008 -0.0991873 0.517163754
v -0.155400008 -0.0832999945 0.52143234
v -0.162399992 -0.105793789 0.515652359
v -0.155400008 -0.0832999945 0.52143234
v -0.162501648 -0.08241552 0.5214773
v -0.162399992 -0.105793789 0.515652359
v -0.155400008 -0.0832999945 0.37793234
v -0.155064583 -0.07689544 0.37793234
v -0.155400008 -0.1057935 0.3837123
v -0.155200064 -0.07780288 0.52143234
v -0.155400008 -0.0832999945 0.52143234
v -0.155400008 -0.0991873 0.517163754
v -0.155400008 -0.196254462 0.5210492
v -0.154978186 -0.203225419 0.52143234
v -0.155247644 -0.202099666 0.37793234
v -0.155400008 -0.171337545 0.3842195
v -0.155247644 -0.202099666 0.37793234
v -0.155400008 -0.196699992 0.37793234
v -0.15811573 -0.06951199 0.37793234
v -0.150397077 -0.07299994 0.37793234
v -0.155064583 -0.07689544 0.37793234
v -0.16253382 -0.08237687 0.377853483
v -0.161714792 -0.07547376 0.37793234
v -0.15811573 -0.06951199 0.37793234
v -0.15131934 -0.0660321638 0.37793234
v -0.150397077 -0.07299994 0.37793234
v -0.155064583 -0.07689544 0.37793234
v -0.151630208 -0.0733682439 0.52143234
v -0.155200064 -0.07780288 0.52143234
v -0.155064583 -0.07689544 0.37793234
v -0.150397077 -0.07299994 0.37793234
v -0.151630208 -0.0733682439 0.52143234
v -0.158688009 -0.07008427 0.52143234
v -0.151902542 -0.06617087 0.52143234
v -0.15811573 -0.06951199 0.37793234
v -0.151902542 -0.06617087 0.52143234
v -0.15131934 -0.0660321638 0.37793234
v -0.15811573 -0.06951199 0.37793234
v -0.15131934 -0.0660321638 0.37793234
v -0.1414 -0.0658 0.37793234
v -0.150397077 -0.07299994 0.37793234
v -0.1414 -0.0658 0.37793234
v -0.1414 -0.0727999955 0.37793234
v -0.150397077 -0.07299994 0.37793234
v -0.004812944 -0.0727999955 0.295422673
v -0.0352960862 -0.0727999955 0.302474678
v -0.004885279 -0.0658 0.295357257
v -0.0352960862 -0.0727999955 0.302474678
v -0.03859091 -0.0658 0.303536415
v -0.004885279 -0.0658 0.295357257
v -0.0352960862 -0.0727999955 0.302474678
v -0.07147287 -0.0727999955 0.317299068
v -0.03859091 -0.0658 0.303536415
v -0.07147287 -0.0727999955 0.317299068
v -0.07454153 -0.0658 0.3189007
v -0.03859091 -0.0658 0.303536415
v -0.07147287 -0.0727999955 0.317299068
v -0.09799675 -0.0727999955 0.333446264
v -0.07454153 -0.0658 0.3189007
v -0.119783513 -0.0727999955 0.350388765
v -0.107389227 -0.0658 0.340103179
v -0.09799675 -0.0727999955 0.333446264
v -0.107389227 -0.0658 0.340103179
v -0.07454153 -0.0658 0.3189007
v -0.119783513 -0.0727999955 0.350388765
v -0.128058076 -0.0658 0.358393073
v -0.107389227 -0.0658 0.340103179
v -0.119783513 -0.0727999955 0.350388765
v -0.1414 -0.0727999955 0.372682333
v -0.128058076 -0.0658 0.358393073
v -0.1414 -0.0727999955 0.372682333
v -0.1414 -0.0658 0.372682333
v -0.141472474 -0.0727999955 0.5214384
v -0.140038311 -0.0727999955 0.5463168
v -0.141515717 -0.0658 0.5214516
v -0.140038311 -0.0727999955 0.5463168
v -0.140628725 -0.0658 0.5406024
v -0.141515717 -0.0658 0.5214516
v -0.140038311 -0.0727999955 0.5463168
v -0.136430055 -0.0658 0.5623467
v -0.140628725 -0.0658 0.5406024
v -0.140038311 -0.0727999955 0.5463168
v -0.132684112 -0.0727999955 0.5732083
v -0.136430055 -0.0658 0.5623467
v -0.132684112 -0.0727999955 0.5732083
v -0.129247442 -0.0658 0.5806709
v -0.136430055 -0.0658 0.5623467
v -0.132684112 -0.0727999955 0.5732083
v -0.119604126 -0.0727999955 0.5978281
v -0.129247442 -0.0658 0.5806709
v -0.119604126 -0.0727999955 0.5978281
v -0.118188925 -0.0658 0.599857867
v -0.129247442 -0.0658 0.5806709
v -0.119604126 -0.0727999955 0.5978281
v -0.1014364 -0.0727999955 0.618975163
v -0.118188925 -0.0658 0.599857867
v -0.1014364 -0.0727999955 0.618975163
v -0.09961005 -0.0658 0.6206445
v -0.118188925 -0.0658 0.599857867
v -0.0666449144 -0.0727999955 0.641982734
v -0.0424808078 -0.0727999955 0.649749935
v -0.0643738061 -0.0658 0.642965555
v -0.0424808078 -0.0727999955 0.649749935
v -0.0413309149 -0.0658 0.6499132
v -0.0643738061 -0.0658 0.642965555
v 0.00673894351 -0.0658 0.296118081
v 0.0172989052 -0.0658 0.300223082
v 0.0067566447 -0.0727999955 0.296036065
v 0.0172989052 -0.0658 0.300223082
v 0.01783072 -0.0727999955 0.300665617
v 0.0067566447 -0.0727999955 0.296036065
v 0.0179503933 -0.0658 0.366847038
v 0.0108719552 -0.0658 0.3703605
v 0.0132616386 -0.0727999955 0.3696194
v 0.0140111391 -0.0658 0.318703443
v -0.004465267 -0.0658 0.319364876
v 0.0134773683 -0.0727999955 0.318859428
v -0.004465267 -0.0658 0.319364876
v -0.005077613 -0.0727999955 0.3195105
v 0.0134773683 -0.0727999955 0.318859428
v 0.0134773683 -0.0727999955 0.318859428
v 0.0193243921 -0.0727999955 0.315036356
v 0.0140111391 -0.0658 0.318703443
v 0.0193243921 -0.0727999955 0.315036356
v 0.019758543 -0.0658 0.314415038
v 0.0140111391 -0.0658 0.318703443
v 0.0193243921 -0.0727999955 0.315036356
v 0.0213886853 -0.0727999955 0.307309359
v 0.019758543 -0.0658 0.314415038
v 0.0213886853 -0.0727999955 0.307309359
v 0.0212687831 -0.0658 0.3065609
v 0.019758543 -0.0658 0.314415038
v 0.0213886853 -0.0727999955 0.307309359
v 0.01783072 -0.0727999955 0.300665617
v 0.0212687831 -0.0658 0.3065609
v 0.01783072 -0.0727999955 0.300665617
v 0.0172989052 -0.0658 0.300223082
v 0.0212687831 -0.0658 0.3065609
v 0.0132616386 -0.0727999955 0.3696194
v 0.0185913 -0.0727999955 0.3660654
v 0.0179503933 -0.0658 0.366847038
v 0.0212687831 -0.0727999955 0.361081272
v 0.019758543 -0.0727999955 0.3532272
v 0.021388676 -0.0658 0.360332847
v 0.019758543 -0.0727999955 0.3532272
v 0.0193243977 -0.0658 0.35260585
v 0.021388676 -0.0658 0.360332847
v 0.019758543 -0.0727999955 0.3532272
v 0.0140111241 -0.0727999955 0.3489388
v 0.0193243977 -0.0658 0.35260585
v 0.0140111241 -0.0727999955 0.3489388
v 0.0134773739 -0.0658 0.348782748
v 0.0193243977 -0.0658 0.35260585
v -0.00507755 -0.0658 0.348131716
v 0.0134773739 -0.0658 0.348782748
v -0.00446516275 -0.0727999955 0.34827736
v 0.0134773739 -0.0658 0.348782748
v 0.0140111241 -0.0727999955 0.3489388
v -0.00446516275 -0.0727999955 0.34827736
v -0.00446516275 -0.0727999955 0.34827736
v -0.0116015486 -0.0727999955 0.344623476
v -0.00507755 -0.0658 0.348131716
v -0.0116015486 -0.0727999955 0.344623476
v -0.0122024417 -0.0658 0.344022572
v -0.00507755 -0.0658 0.348131716
v -0.0116015486 -0.0727999955 0.344623476
v -0.0160026979 -0.0727999955 0.336564153
v -0.0122024417 -0.0658 0.344022572
v -0.0160026979 -0.0727999955 0.336564153
v -0.0161356349 -0.0658 0.335724771
v -0.0122024417 -0.0658 0.344022572
v -0.0160026979 -0.0727999955 0.336564153
v -0.0148261432 -0.0727999955 0.327457
v -0.0161356349 -0.0658 0.335724771
v -0.0148261432 -0.0727999955 0.327457
v -0.0144403446 -0.0658 0.326699823
v -0.0161356349 -0.0658 0.335724771
v -0.0148261432 -0.0727999955 0.327457
v -0.0100404453 -0.0727999955 0.321928561
v -0.0144403446 -0.0658 0.326699823
v -0.0100404453 -0.0727999955 0.321928561
v -0.0100404453 -0.0658 0.321928561
v -0.0144403446 -0.0658 0.326699823
v -0.0466015562 -0.0727999955 0.6224274
v -0.0498261265 -0.0658 0.6179891
v -0.0450404435 -0.0658 0.6235175
v -0.0466015562 -0.0727999955 0.6224274
v -0.050380528 -0.0727999955 0.6161675
v -0.0498261265 -0.0658 0.6179891
v -0.050380528 -0.0727999955 0.6161675
v -0.0511356331 -0.0727999955 0.609721363
v -0.0498261265 -0.0658 0.6179891
v -0.0511356331 -0.0727999955 0.609721363
v -0.051099997 -0.0658 0.611624956
v -0.0498261265 -0.0658 0.6179891
v -0.0511356331 -0.0727999955 0.609721363
v -0.049440328 -0.0658 0.6045037
v -0.051099997 -0.0658 0.611624956
v -0.0511356331 -0.0727999955 0.609721363
v -0.0472024679 -0.0727999955 0.6014235
v -0.049440328 -0.0658 0.6045037
v -0.0472024679 -0.0727999955 0.6014235
v -0.0450404435 -0.0658 0.5997324
v -0.049440328 -0.0658 0.6045037
v -0.0472024679 -0.0727999955 0.6014235
v -0.0400775857 -0.0727999955 0.5973144
v -0.0450404435 -0.0658 0.5997324
v -0.0400775857 -0.0727999955 0.5973144
v -0.03946523 -0.0658 0.5971688
v -0.0450404435 -0.0658 0.5997324
v -0.0209890362 -0.0658 0.5965074
v -0.03946523 -0.0658 0.5971688
v -0.0215228386 -0.0727999955 0.596663356
v -0.03946523 -0.0658 0.5971688
v -0.0400775857 -0.0727999955 0.5973144
v -0.0215228386 -0.0727999955 0.596663356
v -0.0215228386 -0.0727999955 0.596663356
v -0.0156756062 -0.0727999955 0.592840254
v -0.0209890362 -0.0658 0.5965074
v -0.0156756062 -0.0727999955 0.592840254
v -0.0152414544 -0.0658 0.5922189
v -0.0209890362 -0.0658 0.5965074
v -0.0156756062 -0.0727999955 0.592840254
v -0.0136113176 -0.0727999955 0.5851132
v -0.0152414544 -0.0658 0.5922189
v -0.0136113176 -0.0727999955 0.5851132
v -0.0137312161 -0.0658 0.5843649
v -0.0152414544 -0.0658 0.5922189
v -0.0136113176 -0.0727999955 0.5851132
v -0.0167185087 -0.0727999955 0.578974247
v -0.0137312161 -0.0658 0.5843649
v -0.0167185087 -0.0727999955 0.578974247
v -0.0169937331 -0.0658 0.578703761
v -0.0137312161 -0.0658 0.5843649
v -0.0296526533 -0.0727999955 0.6496615
v -0.0177312028 -0.0727999955 0.6452503
v -0.0284812488 -0.0658 0.649435
v -0.0177312028 -0.0727999955 0.6452503
v -0.0171917118 -0.0658 0.6448045
v -0.0284812488 -0.0658 0.649435
v -0.0177312028 -0.0727999955 0.6452503
v -0.0137312254 -0.0727999955 0.6388852
v -0.0171917118 -0.0658 0.6448045
v -0.0137312254 -0.0727999955 0.6388852
v -0.0136113232 -0.0658 0.638136744
v -0.0171917118 -0.0658 0.6448045
v -0.0137312254 -0.0727999955 0.6388852
v -0.01524147 -0.0727999955 0.6310311
v -0.0136113232 -0.0658 0.638136744
v -0.01524147 -0.0727999955 0.6310311
v -0.0156756323 -0.0658 0.6304098
v -0.0136113232 -0.0658 0.638136744
v -0.01524147 -0.0727999955 0.6310311
v -0.0209888015 -0.0727999955 0.626742661
v -0.0156756323 -0.0658 0.6304098
v -0.0209888015 -0.0727999955 0.626742661
v -0.0215226449 -0.0658 0.6265866
v -0.0156756323 -0.0658 0.6304098
v -0.0400776044 -0.0658 0.6259356
v -0.0215226449 -0.0658 0.6265866
v -0.0394652262 -0.0727999955 0.6260812
v -0.0215226449 -0.0658 0.6265866
v -0.0209888015 -0.0727999955 0.626742661
v -0.0394652262 -0.0727999955 0.6260812
v -0.09622616 -0.0727999955 0.421310157
v -0.09137411 -0.0727999955 0.421972573
v -0.08018528 -0.0727999955 0.463361531
v -0.0352960862 -0.0727999955 0.302474678
v -0.0296734925 -0.0727999955 0.329479843
v -0.0336132981 -0.0727999955 0.332739741
v -0.0255780723 -0.0727999955 0.3832023
v -0.0317304544 -0.0727999955 0.337494045
v -0.02810213 -0.0727999955 0.337815523
v 0.019758543 -0.0727999955 0.3532272
v 0.0212687831 -0.0727999955 0.361081272
v 0.0185913 -0.0727999955 0.3660654
v -0.09196908 -0.0727999955 0.410182655
v -0.09778435 -0.0727999955 0.4120597
v -0.09799675 -0.0727999955 0.333446264
v -0.09196908 -0.0727999955 0.410182655
v -0.07147287 -0.0727999955 0.317299068
v -0.08809831 -0.0727999955 0.413182318
v -0.0666151 -0.0727999955 0.423676133
v -0.0872765 -0.0727999955 0.417439342
v -0.07653234 -0.0727999955 0.446305633
v -0.09137411 -0.0727999955 0.421972573
v -0.08018528 -0.0727999955 0.463361531
v -0.05327464 -0.0727999955 0.405470729
v -0.04081417 -0.0727999955 0.393764257
v -0.0336132981 -0.0727999955 0.332739741
v -0.0352960862 -0.0727999955 0.302474678
v -0.0336132981 -0.0727999955 0.332739741
v -0.0317304544 -0.0727999955 0.337494045
v -0.0255780723 -0.0727999955 0.3832023
v -0.09778435 -0.0727999955 0.4120597
v -0.119783513 -0.0727999955 0.350388765
v -0.0990664 -0.0727999955 0.418034375
v -0.09622616 -0.0727999955 0.421310157
v -0.08133118 -0.0727999955 0.4829548
v -0.0990664 -0.0727999955 0.418034375
v -0.1414 -0.0727999955 0.37793234
v -0.1414 -0.0727999955 0.372682333
v -0.141472474 -0.0727999955 0.5214384
v -0.150397077 -0.07299994 0.37793234
v -0.07909739 -0.0727999955 0.5002539
v -0.140038311 -0.0727999955 0.5463168
v -0.132684112 -0.0727999955 0.5732083
v -0.07468653 -0.0727999955 0.5162285
v -0.119604126 -0.0727999955 0.5978281
v -0.1014364 -0.0727999955 0.618975163
v -0.0679018 -0.0727999955 0.530982
v -0.0838675 -0.0727999955 0.63245666
v -0.0559435673 -0.0727999955 0.5488684
v -0.0666449144 -0.0727999955 0.641982734
v -0.0511356331 -0.0727999955 0.609721363
v -0.050380528 -0.0727999955 0.6161675
v -0.0466015562 -0.0727999955 0.6224274
v -0.0424808078 -0.0727999955 0.649749935
v -0.0559435673 -0.0727999955 0.5488684
v -0.0472024679 -0.0727999955 0.6014235
v -0.0466015562 -0.0727999955 0.6224274
v -0.0404442623 -0.0727999955 0.6412266
v -0.03917298 -0.0727999955 0.636273563
v -0.0394652262 -0.0727999955 0.6260812
v -0.03510213 -0.0727999955 0.635630548
v -0.0404442623 -0.0727999955 0.6412266
v -0.03612649 -0.0727999955 0.6439663
v -0.0296526533 -0.0727999955 0.6496615
v -0.03612931 -0.0727999955 0.5673314
v -0.0472024679 -0.0727999955 0.6014235
v -0.0400775857 -0.0727999955 0.5973144
v -0.0215228386 -0.0727999955 0.596663356
v -0.0167185087 -0.0727999955 0.578974247
v -0.0215228386 -0.0727999955 0.596663356
v -0.0156756062 -0.0727999955 0.592840254
v -0.0136113176 -0.0727999955 0.5851132
v -0.03300213 -0.0727999955 0.642093658
v -0.0323557369 -0.0727999955 0.6380234
v -0.0209888015 -0.0727999955 0.626742661
v -0.0177312028 -0.0727999955 0.6452503
v -0.0394652262 -0.0727999955 0.6260812
v -0.03510213 -0.0727999955 0.635630548
v -0.01524147 -0.0727999955 0.6310311
v -0.0137312254 -0.0727999955 0.6388852
v -0.141472474 -0.0727999955 0.5214384
v -0.151630208 -0.0733682439 0.52143234
v -0.0466015562 -0.0727999955 0.6224274
v -0.03917298 -0.0727999955 0.636273563
v -0.0404442623 -0.0727999955 0.6412266
v -0.03612649 -0.0727999955 0.6439663
v -0.03300213 -0.0727999955 0.642093658
v -0.0296526533 -0.0727999955 0.6496615
v -0.0296734925 -0.0727999955 0.329479843
v -0.0352960862 -0.0727999955 0.302474678
v -0.02600213 -0.0727999955 0.3313524
v -0.0251867026 -0.0727999955 0.3349025
v -0.0255780723 -0.0727999955 0.3832023
v -0.02810213 -0.0727999955 0.337815523
v -0.0116015486 -0.0727999955 0.344623476
v -0.00642620726 -0.0727999955 0.374933153
v -0.0160026979 -0.0727999955 0.336564153
v -0.00446516275 -0.0727999955 0.34827736
v -0.0148261432 -0.0727999955 0.327457
v 0.0132616386 -0.0727999955 0.3696194
v 0.0140111241 -0.0727999955 0.3489388
v 0.019758543 -0.0727999955 0.3532272
v 0.0185913 -0.0727999955 0.3660654
v -0.02600213 -0.0727999955 0.3313524
v -0.004812944 -0.0727999955 0.295422673
v -0.0100404453 -0.0727999955 0.321928561
v 0.01783071 -0.21420002 0.3006656
v 0.02110831 -0.21420002 0.3113737
v 0.01810478 -0.21419999 0.316168427
v 0.0206645951 -0.21419999 0.305010438
v -0.05594357 -0.21420002 0.5488684
v -0.0498261377 -0.21420002 0.6052609
v -0.0666449144 -0.21420002 0.641982734
v -0.03612931 -0.21420002 0.5673314
v -0.0450404435 -0.21419999 0.5997324
v -0.0498261377 -0.21420002 0.6052609
v -0.0510026962 -0.21420002 0.614368
v -0.0466015562 -0.21420002 0.6224274
v -0.0424808078 -0.21420002 0.649749935
v -0.0394652262 -0.21420002 0.6260812
v -0.0296526533 -0.21420002 0.6496615
v -0.02098888 -0.21420002 0.626742661
v -0.017731186 -0.21420002 0.6452503
v -0.0152414516 -0.21420002 0.6310311
v -0.0137312207 -0.21420002 0.63888514
v -0.0679018 -0.2072 0.530982
v -0.0679018 -0.21419999 0.530982
v -0.07468655 -0.21420002 0.5162284
v -0.05746795 -0.2072 0.547005057
v -0.05594357 -0.21420002 0.5488684
v -0.07909739 -0.21419999 0.5002539
v -0.07909739 -0.2072 0.5002539
v -0.07510148 -0.2072 0.5150792
v -0.08133118 -0.21420002 0.4829548
v -0.0813958347 -0.2072 0.480762243
v -0.08133118 -0.21420002 0.4829548
v -0.07951358 -0.21420002 0.4583145
v -0.0813958347 -0.2072 0.480762243
v -0.08018528 -0.2072 0.463361531
v -0.074001275 -0.21419999 0.439477772
v -0.0666151 -0.21420002 0.423676133
v -0.07586335 -0.2072 0.444216639
v -0.06549453 -0.2072 0.421790481
v -0.04081417 -0.21419999 0.393764257
v -0.04081417 -0.2072 0.393764257
v -0.0524506 -0.2072 0.404566824
v -0.0255780742 -0.21420002 0.3832023
v -0.0235316679 -0.2072 0.382081717
v -0.0255780742 -0.21420002 0.3832023
v -0.00642620726 -0.21419999 0.374933153
v -0.0235316679 -0.2072 0.382081717
v -0.00642620726 -0.2072 0.374933153
v 0.0132617224 -0.21420002 0.36961934
v -0.04081417 -0.0727999955 0.393764257
v -0.04081417 -0.0658 0.393764257
v -0.0524506 -0.0658 0.404566824
v -0.0255780723 -0.0727999955 0.3832023
v -0.0235316679 -0.0658 0.382081717
v -0.0255780723 -0.0727999955 0.3832023
v -0.00642620726 -0.0727999955 0.374933153
v -0.0235316679 -0.0658 0.382081717
v -0.00642620726 -0.0658 0.374933153
v 0.0132616386 -0.0727999955 0.3696194
v -0.0813958347 -0.0658 0.480762243
v -0.07909739 -0.0658 0.5002539
v -0.08133118 -0.0727999955 0.4829548
v -0.07909739 -0.0727999955 0.5002539
v -0.075101465 -0.0658 0.51507926
v -0.0679018 -0.0658 0.530982
v -0.0679018 -0.0727999955 0.530982
v -0.07468653 -0.0727999955 0.5162285
v -0.0574679449 -0.0658 0.547005057
v -0.0559435673 -0.0727999955 0.5488684
v -0.162479892 -0.197627082 0.377885222
v -0.155247644 -0.202099666 0.37793234
v -0.161186844 -0.206260949 0.37793234
v -0.151425421 -0.206778184 0.37793234
v -0.151425421 -0.206778184 0.37793234
v -0.156629 -0.211526245 0.37793234
v -0.161186844 -0.206260949 0.37793234
v -0.1515969 -0.213945776 0.37793234
v -0.162565142 -0.197554246 0.521505356
v -0.160819411 -0.2069821 0.52143234
v -0.154978186 -0.203225419 0.52143234
v -0.153597847 -0.2134773 0.52143234
v -0.150583088 -0.206909224 0.52143234
v -0.162479892 -0.197627082 0.377885222
v -0.161186844 -0.206260949 0.37793234
v -0.162565142 -0.197554246 0.521505356
v -0.160819411 -0.2069821 0.52143234
v -0.156629 -0.211526245 0.37793234
v -0.153597847 -0.2134773 0.52143234
v -0.160819411 -0.2069821 0.52143234
v -0.1515969 -0.213945776 0.37793234
v -0.151425421 -0.206778184 0.37793234
v -0.1414 -0.2072 0.37793234
v -0.1515969 -0.213945776 0.37793234
v -0.1414 -0.21419999 0.37793234
v -0.1414 -0.2072 0.37793234
v -0.1414 -0.2072 0.372682333
v -0.1414 -0.21419999 0.37793234
v -0.1414 -0.21419999 0.372682333
v -0.0643738061 -0.2072 0.642965555
v -0.0838675 -0.2072 0.63245666
v -0.0666449144 -0.21420002 0.641982734
v -0.0838675 -0.21419999 0.63245666
v -0.09961006 -0.2072 0.6206445
v -0.101436414 -0.21420002 0.618975163
v -0.004885279 -0.2072 0.295357257
v 0.0067566447 -0.21420002 0.296036065
v -0.004812944 -0.21420002 0.295422673
v 0.00673894351 -0.2072 0.296118081
v 0.0197585486 -0.2072 0.314415
v 0.01810478 -0.21419999 0.316168427
v 0.02110831 -0.21420002 0.3113737
v 0.0140111391 -0.2072 0.318703443
v 0.0213886853 -0.2072 0.360332847
v 0.0179504044 -0.2072 0.3668471
v 0.0212687831 -0.21420002 0.3610813
v 0.0185913 -0.21419999 0.3660654
v -0.004465267 -0.2072 0.319364876
v -0.0100404453 -0.2072 0.321928561
v -0.00507767545 -0.21420002 0.319510549
v -0.0100404453 -0.21419999 0.321928561
v -0.0144403446 -0.2072 0.326699823
v -0.0161356349 -0.2072 0.335724831
v -0.0148261432 -0.21420002 0.327457
v -0.0161 -0.21419999 0.333821118
v -0.03946523 -0.2072 0.5971688
v -0.0450404435 -0.2072 0.5997324
v -0.0400775857 -0.21420002 0.5973144
v -0.0450404435 -0.21419999 0.5997324
v -0.0450404435 -0.2072 0.6235175
v -0.0400776044 -0.2072 0.6259356
v -0.0466015562 -0.21420002 0.6224274
v -0.0394652262 -0.21420002 0.6260812
v -0.0424808078 -0.21420002 0.649749935
v -0.0296526533 -0.21420002 0.6496615
v -0.0413309149 -0.2072 0.6499132
v -0.0284812488 -0.2072 0.649435
v -0.155064583 -0.07689544 0.37793234
v -0.155200064 -0.07780288 0.52143234
v -0.155400008 -0.0991873 0.517163754
v -0.155400008 -0.1057935 0.3837123
v -0.155400008 -0.12500225 0.5131169
v -0.155400008 -0.138543278 0.386840582
v -0.155400008 -0.15790002 0.513371468
v -0.155400008 -0.171337545 0.3842195
v -0.155400008 -0.196254462 0.5210492
v -0.155247644 -0.202099666 0.37793234
v -0.162479892 -0.197627082 0.377885222
v -0.162565142 -0.197554246 0.521505356
v -0.162399992 -0.171337232 0.5151451
v -0.162399992 -0.17420654 0.383712262
v -0.162399992 -0.138543233 0.5125241
v -0.162399992 -0.141456708 0.386840582
v -0.162399992 -0.108662456 0.3842195
v -0.162399992 -0.105793789 0.515652359
v -0.16253382 -0.08237687 0.377853483
v -0.162501648 -0.08241552 0.5214773
v -0.162501648 -0.08241552 0.5214773
v -0.155200064 -0.07780288 0.52143234
v -0.161714792 -0.07547376 0.52143234
v -0.158688009 -0.07008427 0.52143234
v -0.151630208 -0.0733682439 0.52143234
v -0.151902542 -0.06617087 0.52143234
v -0.162501648 -0.08241552 0.5214773
v -0.161714792 -0.07547376 0.52143234
v -0.16253382 -0.08237687 0.377853483
v -0.161714792 -0.07547376 0.37793234
v -0.161714792 -0.07547376 0.52143234
v -0.158688009 -0.07008427 0.52143234
v -0.161714792 -0.07547376 0.37793234
v -0.15811573 -0.06951199 0.37793234
v -0.151630208 -0.0733682439 0.52143234
v -0.141472474 -0.0727999955 0.5214384
v -0.151902542 -0.06617087 0.52143234
v -0.141515717 -0.0658 0.5214516
v -0.1414 -0.0658 0.37793234
v -0.1414 -0.0658 0.372682333
v -0.1414 -0.0727999955 0.37793234
v -0.1414 -0.0727999955 0.372682333
v -0.1014364 -0.0727999955 0.618975163
v -0.0838675 -0.0727999955 0.63245666
v -0.09961005 -0.0658 0.6206445
v -0.0838675 -0.0658 0.63245666
v -0.0666449144 -0.0727999955 0.641982734
v -0.0643738061 -0.0658 0.642965555
v -0.004885279 -0.0658 0.295357257
v 0.0067566447 -0.0727999955 0.296036065
v -0.004812944 -0.0727999955 0.295422673
v 0.00673894351 -0.0658 0.296118081
v 0.0185913 -0.0727999955 0.3660654
v 0.0212687831 -0.0727999955 0.361081272
v 0.0179503933 -0.0658 0.366847038
v 0.021388676 -0.0658 0.360332847
v -0.0100404453 -0.0727999955 0.321928561
v -0.005077613 -0.0727999955 0.3195105
v -0.0100404453 -0.0658 0.321928561
v -0.004465267 -0.0658 0.319364876
v -0.0394652262 -0.0727999955 0.6260812
v -0.0466015562 -0.0727999955 0.6224274
v -0.0400776044 -0.0658 0.6259356
v -0.0450404435 -0.0658 0.6235175
v -0.0424808078 -0.0727999955 0.649749935
v -0.0296526533 -0.0727999955 0.6496615
v -0.0413309149 -0.0658 0.6499132
v -0.0284812488 -0.0658 0.649435
v -0.004812944 -0.0727999955 0.295422673
v -0.005077613 -0.0727999955 0.3195105
v -0.0100404453 -0.0727999955 0.321928561
v 0.0067566447 -0.0727999955 0.296036065
v 0.0134773683 -0.0727999955 0.318859428
v -0.005077613 -0.0727999955 0.3195105
v 0.01783072 -0.0727999955 0.300665617
v 0.0193243921 -0.0727999955 0.315036356
v 0.0213886853 -0.0727999955 0.307309359
v -0.109661616 -0.08049999 0.402484179
v -0.113890648 -0.08049999 0.406498581
v -0.11014352 -0.0735 0.402678132
v -0.113890648 -0.08049999 0.406498581
v -0.113766417 -0.0735 0.406465232
v -0.11014352 -0.0735 0.402678132
v -0.113766417 -0.08049999 0.4608494
v -0.110143505 -0.08049999 0.4646365
v -0.113890648 -0.0735 0.460816145
v -0.110143505 -0.08049999 0.4646365
v -0.109661616 -0.0735 0.4648305
v -0.113890648 -0.0735 0.460816145
v -0.110143505 -0.08049999 0.4646365
v -0.06971602 -0.08077567 0.46515733
v -0.109661616 -0.0735 0.4648305
v -0.06971602 -0.08077567 0.46515733
v -0.07225116 -0.0735 0.46515733
v -0.109661616 -0.0735 0.4648305
v -0.113766417 -0.1995 0.406465232
v -0.11014352 -0.1995 0.402678132
v -0.113890648 -0.2065 0.406498581
v -0.11014352 -0.1995 0.402678132
v -0.109661616 -0.2065 0.402484179
v -0.113890648 -0.2065 0.406498581
v -0.11014352 -0.1995 0.402678132
v -0.06935879 -0.198979184 0.4021573
v -0.109661616 -0.2065 0.402484179
v -0.06935879 -0.198979184 0.4021573
v -0.07225116 -0.2065 0.4021573
v -0.109661616 -0.2065 0.402484179
v -0.109661616 -0.1995 0.4648305
v -0.11389064 -0.1995 0.460816145
v -0.110143483 -0.2065 0.4646365
v -0.11389064 -0.1995 0.460816145
v -0.1137664 -0.2065 0.4608494
v -0.110143483 -0.2065 0.4646365
v -0.110143483 -0.2065 0.4646365
v -0.07225116 -0.2065 0.46515733
v -0.109661616 -0.1995 0.4648305
v -0.07225116 -0.2065 0.46515733
v -0.06984067 -0.199173138 0.46515733
v -0.109661616 -0.1995 0.4648305
v -0.06984067 -0.199173138 0.46515733
v -0.06577199 -0.195392355 0.46515733
v -0.06935879 -0.198979184 0.4021573
v -0.06577199 -0.195392355 0.46515733
v -0.06557802 -0.194910482 0.4021573
v -0.06935879 -0.198979184 0.4021573
v -0.06557802 -0.0850895 0.46515733
v -0.06971602 -0.08077567 0.46515733
v -0.06577199 -0.08460763 0.4021573
v -0.06971602 -0.08077567 0.46515733
v -0.0701287538 -0.0806653053 0.4021573
v -0.06577199 -0.08460763 0.4021573
v -0.11014352 -0.0735 0.402678132
v -0.07225116 -0.0735 0.4021573
v -0.109661616 -0.08049999 0.402484179
v -0.07225116 -0.0735 0.4021573
v -0.0701287538 -0.0806653053 0.4021573
v -0.109661616 -0.08049999 0.402484179
v -0.0873915553 -0.08049999 0.415124118
v -0.08942658 -0.08049999 0.411599338
v -0.0701287538 -0.0806653053 0.4021573
v -0.06577199 -0.195392355 0.46515733
v -0.06557802 -0.0850895 0.46515733
v -0.06557802 -0.194910482 0.4021573
v -0.06577199 -0.08460763 0.4021573
v -0.05825116 -0.1925 0.4021573
v -0.05825116 -0.0875 0.4021573
v -0.05825116 -0.1925 0.46515733
v -0.05825116 -0.0875 0.46515733
v -0.113766417 -0.0735 0.406465232
v -0.113890648 -0.08049999 0.406498581
v -0.113890648 -0.0735 0.460816145
v -0.113766417 -0.08049999 0.4608494
v -0.109661616 -0.2065 0.402484179
v -0.1137664 -0.2065 0.4608494
v -0.113890648 -0.2065 0.406498581
v -0.110143483 -0.2065 0.4646365
v -0.07225116 -0.2065 0.4021573
v -0.07225116 -0.2065 0.46515733
v -0.09325117 -0.0735 0.4102073
v -0.09325117 -0.08049999 0.4102073
v -0.08942658 -0.08049999 0.411599338
v -0.08942658 -0.0735 0.411599338
v -0.0873915553 -0.08049999 0.415124118
v -0.0873915553 -0.0735 0.415124118
v -0.08809831 -0.08049999 0.4191323
v -0.08809831 -0.0735 0.4191323
v -0.09121615 -0.08049999 0.421748519
v -0.09121615 -0.0735 0.421748519
v -0.09528618 -0.08049999 0.421748519
v -0.09528618 -0.0735 0.421748519
v -0.09840401 -0.08049999 0.4191323
v -0.09840401 -0.0735 0.4191323
v -0.09911077 -0.08049999 0.415124118
v -0.09911077 -0.0735 0.415124118
v -0.09707575 -0.08049999 0.411599338
v -0.09707575 -0.0735 0.411599338
v -0.09325117 -0.08049999 0.4102073
v -0.09325117 -0.0735 0.4102073
v -0.06935879 -0.198979184 0.4021573
v -0.0652511641 -0.204624355 0.4021573
v -0.07225116 -0.2065 0.4021573
v -0.06557802 -0.194910482 0.4021573
v -0.0601268075 -0.1995 0.4021573
v -0.05825116 -0.1925 0.4021573
v -0.06984067 -0.199173138 0.46515733
v -0.06935879 -0.198979184 0.4021573
v -0.11014352 -0.1995 0.402678132
v -0.109661616 -0.1995 0.4648305
v -0.113766417 -0.1995 0.406465232
v -0.11389064 -0.1995 0.460816145
v -0.05825116 -0.1925 0.46515733
v -0.05825116 -0.0875 0.46515733
v -0.06577199 -0.195392355 0.46515733
v -0.06557802 -0.0850895 0.46515733
v -0.07225116 -0.2065 0.46515733
v -0.0652511641 -0.204624355 0.46515733
v -0.06984067 -0.199173138 0.46515733
v -0.06577199 -0.195392355 0.46515733
v -0.0601268075 -0.1995 0.46515733
v -0.05825116 -0.1925 0.46515733
v -0.07225116 -0.2065 0.4021573
v -0.0652511641 -0.204624355 0.4021573
v -0.07225116 -0.2065 0.46515733
v -0.0652511641 -0.204624355 0.46515733
v -0.0601268075 -0.1995 0.4021573
v -0.0601268075 -0.1995 0.46515733
v -0.05825116 -0.1925 0.4021573
v -0.05825116 -0.1925 0.46515733
v -0.05825116 -0.0875 0.4021573
v -0.06577199 -0.08460763 0.4021573
v -0.0601268075 -0.08049999 0.4021573
v -0.0652511641 -0.07537564 0.4021573
v -0.0701287538 -0.0806653053 0.4021573
v -0.07225116 -0.0735 0.4021573
v -0.06557802 -0.194910482 0.4021573
v -0.06577199 -0.08460763 0.4021573
v -0.05825116 -0.1925 0.4021573
v -0.05825116 -0.0875 0.4021573
v -0.05825116 -0.0875 0.46515733
v -0.0601268075 -0.08049999 0.46515733
v -0.06557802 -0.0850895 0.46515733
v -0.0652511641 -0.07537564 0.46515733
v -0.06971602 -0.08077567 0.46515733
v -0.07225116 -0.0735 0.46515733
v -0.113766417 -0.1995 0.406465232
v -0.113890648 -0.2065 0.406498581
v -0.11389064 -0.1995 0.460816145
v -0.1137664 -0.2065 0.4608494
v -0.05825116 -0.0875 0.4021573
v -0.0601268075 -0.08049999 0.4021573
v -0.05825116 -0.0875 0.46515733
v -0.0601268075 -0.08049999 0.46515733
v -0.0652511641 -0.07537564 0.4021573
v -0.0652511641 -0.07537564 0.46515733
v -0.07225116 -0.0735 0.4021573
v -0.07225116 -0.0735 0.46515733
v -0.08809831 -0.08049999 0.4191323
v -0.0873915553 -0.08049999 0.415124118
v -0.0701287538 -0.0806653053 0.4021573
v -0.06971602 -0.08077567 0.46515733
v -0.09121615 -0.08049999 0.421748519
v -0.110143505 -0.08049999 0.4646365
v -0.09528618 -0.08049999 0.421748519
v -0.113766417 -0.08049999 0.4608494
v -0.09840401 -0.08049999 0.4191323
v -0.113890648 -0.08049999 0.406498581
v -0.09911077 -0.08049999 0.415124118
v -0.109661616 -0.08049999 0.402484179
v -0.09707575 -0.08049999 0.411599338
v -0.09325117 -0.08049999 0.4102073
v -0.08942658 -0.08049999 0.411599338
v -0.09325117 -0.08049999 0.4102073
v -0.0701287538 -0.0806653053 0.4021573
v -0.109661616 -0.08049999 0.402484179
v -0.08942658 -0.0735 0.411599338
v -0.0873915553 -0.0735 0.415124118
v -0.07225116 -0.0735 0.4021573
v -0.09325117 -0.0735 0.4102073
v -0.08809831 -0.0735 0.4191323
v -0.07225116 -0.0735 0.46515733
v -0.09121615 -0.0735 0.421748519
v -0.109661616 -0.0735 0.4648305
v -0.09528618 -0.0735 0.421748519
v -0.113890648 -0.0735 0.460816145
v -0.09840401 -0.0735 0.4191323
v -0.113766417 -0.0735 0.406465232
v -0.09911077 -0.0735 0.415124118
v -0.11014352 -0.0735 0.402678132
v -0.09707575 -0.0735 0.411599338
vn -0.025944842 0.9504962 -0.309651226
vn 0.0930250958 0.929192245 -0.3576985
vn 0.0815179944 0.9324942 -0.351865619
vn 0.280699819 0.958617568 0.0475391
vn 0.205447823 0.9677656 0.145674184
vn 0.241802752 0.9673319 0.07616068
vn 0.378780723 0.5793841 0.721691966
vn 0.372281551 0.59093976 0.7156792
vn 0.458373725 0.5761819 0.676689
vn 0.0260707084 0.950556934 0.309454054
vn -0.09290713 0.9293162 0.357406855
vn -0.08140579 0.932616353 0.351567745
vn -0.281059682 0.958511 -0.04756134
vn -0.205749586 0.967702568 -0.145666853
vn -0.2421559 0.9672411 -0.07619176
vn -0.377883136 0.581927657 -0.7201143
vn -0.371320933 0.5934798 -0.714074552
vn -0.4574706 0.578744 -0.675111949
vn 0.2628048 -0.0298769176 -0.964386344
vn -0.0073018996 -0.09332842 -0.9956086
vn 0.258678645 -0.0212850049 -0.9657289
vn -0.605347157 0.02651588 -0.7955198
vn -0.609568834 0.0354377553 -0.7919406
vn -0.375814229 0.110369451 -0.9200991
vn -0.5450261 0.02312536 -0.838100135
vn -0.7340422 -0.105307028 -0.670889258
vn -0.5534055 0.03707387 -0.8320865
vn -0.8802569 -0.109259464 -0.4617468
vn -0.97500813 -0.108082376 -0.194106743
vn -0.879766047 -0.113011815 -0.461779237
vn -0.994857 0.005054638 0.101163223
vn -0.9948197 0.006477367 0.101448469
vn -0.983587444 0.0180735383 -0.1795247
vn -0.998616457 -0.0201380961 0.04857641
vn -0.944681048 -0.03477119 0.3261422
vn -0.9986622 -0.007846691 0.05111087
vn -0.225721478 0.0250517614 0.973869741
vn -0.223896667 0.0293464344 0.974171
vn -0.4786157 0.09301686 0.8730836
vn -0.202988356 -0.0292847529 0.978743136
vn 0.066580534 -0.114925168 0.9911404
vn -0.200557813 -0.02395984 0.979388833
vn 0.2313492 -0.04987655 0.9715915
vn 0.489894837 0.0120809143 0.871697843
vn 0.232301146 -0.0560394377 0.9710282
vn 0.620807052 0.0733594745 0.7805236
vn 0.6195381 0.06463229 0.7823012
vn 0.380764484 0.06970113 0.9220413
vn 0.762955666 -0.0593028 0.643725038
vn 0.9088605 -0.100208327 0.404883862
vn 0.7642661 -0.0537283346 0.642659068
vn 0.9903192 0.05177676 0.128791
vn 0.981948853 0.118275292 -0.147605628
vn 0.991785 0.0328526832 0.123625465
vn 0.9934382 0.0497296862 -0.102992758
vn 0.9939067 0.0359269977 -0.104205877
vn 0.9847398 -0.012608055 0.173576042
vn 0.880501747 0.03953162 -0.472391784
vn 0.7125188 0.0691968 -0.6982326
vn 0.8805709 0.0262323562 -0.4731879
vn 0.7473335 0.0265057888 -0.6639203
vn 0.746164143 0.0115084322 -0.6656626
vn 0.9015654 -0.030264141 -0.4315831
vn 0.233968884 0.00634721061 -0.9722234
vn 0.2285242 0.0164660439 -0.973399
vn 0.476976 0.103320904 -0.8728223
vn -0.0527154356 0.9982363 0.0273034461
vn -0.0527154356 0.9982363 0.0273034461
vn -0.0527154356 0.9982363 0.0273034461
vn 0.0530369021 0.9982262 -0.0270471033
vn 0.0530369021 0.9982262 -0.0270471033
vn 0.0530369021 0.9982262 -0.0270471033
vn -0.0190639235 0.999297 0.03228046
vn -0.0190639235 0.999297 0.03228046
vn -0.0190639235 0.999297 0.03228046
vn 0.018798206 0.999307632 -0.0321067646
vn 0.018798206 0.999307632 -0.0321067646
vn 0.018798206 0.999307632 -0.0321067646
vn -0.8878163 -0.4558672 -0.0629868954
vn -0.892883539 -0.443187445 0.0796487257
vn -0.8957687 -0.444238544 -0.0158269946
vn -0.06228511 -0.455760241 0.887920737
vn 0.08035666 -0.443108946 0.892859042
vn -0.01506467 -0.4440825 0.895859241
vn 0.894750357 -0.44462052 -0.0416463725
vn 0.8944 -0.4440166 0.0538315773
vn 0.887499869 -0.4521254 -0.08903167
vn -0.04089695 -0.444479436 -0.894855
vn 0.05462126 -0.443947077 -0.894386649
vn -0.08829766 -0.452033669 -0.8876199
vn 0.871494055 -0.07062122 0.485294551
vn 0.9849735 -0.101635464 0.139633447
vn 0.98612 -0.09210909 0.138142422
vn 0.977241039 -0.200929269 -0.0680247247
vn 0.977241039 -0.200929269 -0.0680247247
vn 0.977241039 -0.200929269 -0.0680247247
vn 0.8868722 -0.08600178 -0.453940034
vn 0.8868722 -0.08600178 -0.453940034
vn 0.8868722 -0.08600178 -0.453940034
vn 0.07060665 -0.202118739 0.976812541
vn 0.07060665 -0.202118739 0.976812541
vn 0.07060665 -0.202118739 0.976812541
vn 0.4507093 -0.08983578 0.8881389
vn 0.450708479 -0.08985498 0.888137341
vn 0.450709254 -0.08983868 0.8881386
vn -0.0296663754 -0.140552029 0.9896288
vn -0.0296663754 -0.140552029 0.9896288
vn -0.0296663754 -0.140552029 0.9896288
vn -0.977201939 -0.200405583 0.07009945
vn -0.977201939 -0.200405583 0.07009945
vn -0.977201939 -0.200405583 0.07009945
vn -0.8868712 -0.08600433 0.453941345
vn -0.8868712 -0.08600433 0.453941345
vn -0.8868712 -0.08600433 0.453941345
vn -0.47962448 -0.06887716 0.874766469
vn -0.133180425 -0.101079591 0.9859239
vn -0.13173829 -0.09177677 0.9870269
vn -0.98963964 -0.14005436 -0.03159315
vn -0.98963964 -0.14005436 -0.03159315
vn -0.98963964 -0.14005436 -0.03159315
vn -0.0700954 -0.20040071 -0.97720325
vn -0.0700954 -0.20040071 -0.97720325
vn -0.0700954 -0.20040071 -0.97720325
vn -0.454274118 -0.08599862 -0.886701345
vn -0.454273134 -0.08601844 -0.8866999
vn -0.454274 -0.08600157 -0.8867011
vn -0.8748715 -0.06886624 -0.479434371
vn -0.9859423 -0.101121828 -0.1330118
vn -0.9870517 -0.09181334 -0.1315266
vn 0.479420453 -0.06889835 -0.874876559
vn 0.133045673 -0.101117216 -0.985938251
vn 0.131559223 -0.0918111652 -0.987047553
vn 0.03159935 -0.140061 -0.989638567
vn 0.03159935 -0.140061 -0.989638567
vn 0.03159935 -0.140061 -0.989638567
vn 0.9893216 -0.142032415 0.03270504
vn 0.9893216 -0.142032415 0.03270504
vn 0.9893216 -0.142032415 0.03270504
vn -0.1898625 0.69996196 -0.688480556
vn -0.326425761 0.6985188 -0.6368028
vn -0.187776282 0.6942622 -0.694795
vn -0.203067124 0.6408269 -0.740340948
vn -0.242199525 0.643709838 -0.7259319
vn -0.0632965341 0.6108917 -0.7891799
vn -0.5418251 0.640009165 -0.5448063
vn -0.607154965 0.627026856 -0.4880576
vn -0.454221636 0.6576202 -0.6010145
vn -0.411825061 0.67353785 -0.6137971
vn -0.5201496 0.6793633 -0.517600238
vn -0.4817665 0.670896649 -0.5637364
vn -0.6773833 0.6906069 -0.253404945
vn -0.686741233 0.6914047 -0.224379092
vn -0.5834417 0.7149345 -0.3853108
vn -0.719201 0.665051043 -0.201139271
vn -0.746417 0.6625293 -0.06258377
vn -0.7321008 0.6580121 -0.176206157
vn -0.6830914 0.722250164 0.108355135
vn -0.6573807 0.719684243 0.223394677
vn -0.6954671 0.7176865 0.0353784338
vn -0.6627899 0.673114 0.328065753
vn -0.59405005 0.664889038 0.452799141
vn -0.6592258 0.6690261 0.343257
vn -0.452283233 0.707368 0.5432039
vn -0.368569642 0.703502059 0.6076523
vn -0.518411636 0.702390552 0.487746745
vn -0.07804705 0.6783822 0.730552
vn -0.0300381724 0.681810141 0.730912268
vn -0.220802143 0.657384336 0.720480561
vn 0.284562439 0.6723186 0.6833828
vn 0.373135 0.65155 0.6604944
vn 0.188687846 0.688940346 0.6998272
vn 0.180518448 0.7062632 0.6845476
vn 0.3194614 0.6939004 0.6453268
vn 0.2704324 0.6926665 0.66864
vn 0.526370168 0.683496356 0.505734265
vn 0.611561537 0.688916445 0.389084458
vn 0.5525955 0.679624259 0.48244074
vn 0.618120432 0.7041705 0.349386662
vn 0.65310663 0.7045677 0.2775539
vn 0.564025 0.6939697 0.4475286
vn 0.705144 0.682749152 0.191378072
vn 0.718652964 0.6937244 0.04779499
vn 0.7200979 0.6903229 0.0700955242
vn 0.7223067 0.6829769 0.108699255
vn 0.692364 0.7194532 -0.0549481176
vn 0.7199381 0.6813661 0.13202019
vn 0.703704655 0.679746151 -0.206748426
vn 0.6454759 0.68459785 -0.33865416
vn 0.68613255 0.675024331 -0.2712275
vn 0.624447644 0.6962018 -0.354073673
vn 0.555953741 0.7038945 -0.442095
vn 0.6667865 0.6883359 -0.2856388
vn 0.473458737 0.6650746 -0.5775055
vn 0.352382869 0.664115369 -0.659376264
vn 0.3424106 0.669017136 -0.659675
vn 0.307212859 0.6669213 -0.6788492
vn 0.258729547 0.661737859 -0.703677535
vn 0.42445305 0.6722298 -0.606586039
vn 0.3250463 0.6620522 -0.675301254
vn 0.18642737 0.669617355 -0.718928039
vn 0.275001168 0.661296666 -0.6978977
vn -0.130579442 -0.8796782 0.457291275
vn -0.20172438 -0.8759275 0.438244641
vn -0.04746824 -0.883252561 0.4664887
vn 0.203946635 -0.874799132 0.4394681
vn 0.114175484 -0.8540049 0.5075821
vn 0.266983569 -0.8693546 0.4158634
vn 0.439004 -0.8772517 0.194177732
vn 0.4662947 -0.883743465 0.0395812765
vn 0.457452655 -0.880703747 0.122874007
vn 0.441371351 -0.876054049 -0.194218129
vn 0.506651163 -0.85599643 -0.10283377
vn 0.4179719 -0.8712161 -0.257452726
vn 0.201675341 -0.8759458 -0.4382305
vn 0.0474206842 -0.8832578 -0.466483623
vn 0.13053377 -0.879690349 -0.457280874
vn -0.1941556 -0.8761031 -0.4413015
vn -0.102800459 -0.8560192 -0.5066194
vn -0.257423043 -0.871239364 -0.4179418
vn -0.4382895 -0.8759118 -0.201694891
vn -0.466547549 -0.883221745 -0.0474636555
vn -0.457314372 -0.8796633 -0.13059932
vn -0.4414322 -0.875973165 0.1944445
vn -0.506606 -0.855998933 0.10303548
vn -0.417972624 -0.8711626 0.257632881
vn -0.06257578 -0.9979923 0.009780641
vn -0.06257578 -0.9979923 0.009780641
vn -0.06257578 -0.9979923 0.009780641
vn -0.0494098365 -0.998742 -0.008554264
vn -0.0494098365 -0.998742 -0.008554264
vn -0.0494098365 -0.998742 -0.008554264
vn 0.0104244109 -0.9999448 0.00129282172
vn 0.0104244109 -0.9999448 0.00129282172
vn 0.0104244109 -0.9999448 0.00129282172
vn -0.04167108 -0.9990798 0.01014779
vn -0.04167108 -0.9990798 0.01014779
vn -0.04167108 -0.9990798 0.01014779
vn -0.0208260473 -0.999761939 0.006509805
vn -0.0208260473 -0.999761939 0.006509805
vn -0.0208260473 -0.999761939 0.006509805
vn 0.007621253 -0.9999693 -0.00183212082
vn -0.0119358478 -0.9999205 0.004065365
vn -0.0119358478 -0.9999205 0.004065365
vn 0.007621253 -0.9999693 -0.00183212082
vn -0.02496185 -0.999457 0.0215090625
vn -0.00492489338 -0.9999757 -0.00494428724
vn -0.02496185 -0.999457 0.0215090625
vn -0.02496185 -0.999457 0.0215090625
vn 0.000256927742 -0.9999666 -0.00817135
vn -0.007336471 -0.999973059 0.000364011619
vn -0.007336471 -0.999973059 0.000364011619
vn -0.0233274586 -0.9996207 -0.014643101
vn 0.006949278 -0.999785662 -0.0195033085
vn 0.0298486333 -0.999505043 -0.009933458
vn 0.0298486333 -0.999505043 -0.009933458
vn 0.206872761 -0.270301521 -0.9402876
vn 0.0389703922 -0.3644954 -0.9303894
vn 0.198112562 -0.2647622 -0.9437438
vn -0.190788969 0.183651686 -0.9642985
vn -0.371962279 0.212341055 -0.9036345
vn -0.193140611 0.180268437 -0.9644688
vn 0.588543 -0.272389233 -0.761197269
vn 0.73277545 -0.174450129 -0.6577289
vn 0.728859246 -0.168077424 -0.663712442
vn 0.7653882 0.483806878 -0.4243958
vn 0.8693688 0.406267226 -0.281327
vn 0.869173169 0.401868373 -0.288166285
vn 0.806880832 -0.580085 -0.111556172
vn 0.772474051 -0.6316367 0.06571935
vn 0.8077508 -0.5791269 -0.1102298
vn 0.952369452 0.299933 0.05506926
vn 0.92226994 0.287688226 0.2581738
vn 0.9203658 0.292931467 0.259071261
vn 0.815871239 0.178498715 0.549993038
vn 0.7501896 0.0141841555 0.6610707
vn 0.7836658 -0.00505029457 0.621162236
vn 0.6468454 -0.5127573 0.5645095
vn 0.494929 -0.581567168 0.6456198
vn 0.6480036 -0.51445055 0.561633348
vn 0.399296 0.4869423 0.7768204
vn 0.244158179 0.424651146 0.8718132
vn 0.24593243 0.423281163 0.8719807
vn 0.06852846 -0.349717766 0.9343454
vn -0.110610396 -0.402461946 0.908729732
vn 0.0664060861 -0.347749084 0.935233
vn -0.5105489 -0.484067053 0.7106468
vn -0.613408148 -0.5475545 0.5691349
vn -0.511457741 -0.483495057 0.7103827
vn -0.657368064 0.536451638 0.529232442
vn -0.7822058 0.479997039 0.397186339
vn -0.782234848 0.4803986 0.396643341
vn -0.8024093 -0.5849967 0.11797563
vn -0.7739357 -0.6298733 -0.06544708
vn -0.8040776 -0.583135664 0.115810394
vn -0.8612247 0.5058099 -0.04948167
vn -0.8537801 0.4627103 -0.238660291
vn -0.85138303 0.465924859 -0.240958363
vn -0.770988941 -0.277579665 -0.5731715
vn -0.635025263 -0.318876237 -0.703605652
vn -0.7700645 -0.27411148 -0.5760761
vn -0.173624828 -0.231087357 -0.957315564
vn 0.0287176222 0.0280835759 -0.999193
vn -0.344471276 0.159223586 -0.9251959
vn 0.0559888333 0.0565940626 -0.9968262
vn 0.331937969 0.064474605 -0.941095233
vn 0.117497265 0.439193547 -0.890675843
vn -0.6936386 0.398287922 0.600193441
vn -0.660730243 -0.00129862141 0.7506224
vn -0.8597841 0.0389053151 0.5091736
vn -0.5240325 0.224562109 0.8215606
vn -0.6175007 -0.236230686 0.7502586
vn -0.7753159 0.0193628259 0.6312768
vn 0.561353743 0.237462208 -0.7927759
vn 0.462462217 0.257371932 -0.848462343
vn 0.412837118 -0.133125514 -0.9010234
vn 0.7479438 0.294147521 0.595027149
vn 0.8235664 0.30484128 0.478341132
vn 0.8414359 -0.09765657 0.531459153
vn 0.9023687 -0.007356718 0.430902064
vn 0.839364946 0.3860752 0.3826388
vn 0.985134959 0.0370669626 0.167735472
vn 0.976720154 -0.0465375334 0.20940876
vn 0.9719591 0.230235755 -0.04782294
vn 0.9698729 -0.243568525 -0.00457280874
vn -0.5309704 0.106048405 -0.8407284
vn -0.537533 0.125623509 -0.8338328
vn -0.2707456 0.177612916 -0.946123958
vn -0.5707804 0.0133134956 -0.8209948
vn -0.7624833 -0.119853288 -0.6358101
vn -0.5872016 0.04596087 -0.8081348
vn -0.838098168 -0.0504018478 -0.543186069
vn -0.960314453 -0.06158327 -0.272036254
vn -0.838525534 -0.04173775 -0.5432614
vn -0.9813385 -0.0134795494 -0.191815153
vn -0.9817287 -0.004680746 -0.190228537
vn -0.8827276 0.0332054161 -0.468710333
vn -0.997790933 -0.06230541 -0.02305144
vn -0.958111644 -0.094795756 0.2702515
vn -0.99788 -0.0609514676 -0.02281417
vn -0.8371183 0.197858885 0.5099851
vn -0.838751 0.1842186 0.5124064
vn -0.9501915 0.2002526 0.2388202
vn -0.290449232 0.06158173 0.9549068
vn 0.004008247 0.0771059543 0.9970149
vn -0.2905161 0.06242465 0.9548317
vn -0.06368719 -0.013207146 0.9978825
vn -0.06289586 -0.00184053183 0.9980184
vn -0.353614748 -0.0102962367 0.9353345
vn 0.201092169 -0.0633517951 0.9775216
vn 0.478838772 -0.0916043743 0.8731106
vn 0.201659724 -0.0591650829 0.977667034
vn 0.5616557 0.105276912 0.8206459
vn 0.6903503 0.314236015 0.6516688
vn 0.5430802 0.127250507 0.8299827
vn 0.9227706 0.136732832 -0.360275626
vn 0.7706537 0.173295483 -0.6132386
vn 0.9230324 0.129108071 -0.362411827
vn 0.7173324 0.222422972 -0.6602743
vn 0.7190576 0.218332961 -0.65976274
vn 0.872266 0.2613329 -0.4133488
vn 0.27589947 -0.393575519 -0.8769138
vn 0.02019041 -0.348158926 -0.93721807
vn 0.2616295 -0.401955366 -0.877486169
vn 0.00127726851 -0.337697566 -0.9412538
vn 0.004056573 -0.346948624 -0.9378754
vn 0.244733214 -0.336877733 -0.909185946
vn 0.644766569 -0.4303968 -0.631692
vn 0.7787399 -0.463742763 -0.422500581
vn 0.6716272 -0.423405856 -0.6079839
vn 0.7576972 -0.5481211 -0.35420087
vn 0.7857506 -0.5285804 -0.321245432
vn 0.6497646 -0.5414471 -0.53351754
vn 0.9481727 -0.293687522 -0.121310093
vn 0.9546359 -0.276844442 0.109669916
vn 0.960401356 -0.270019919 -0.06869085
vn 0.8011707 -0.5320136 0.274020255
vn 0.7847944 -0.50953573 0.352804661
vn 0.8448143 -0.522991061 0.113000512
vn 0.8358188 -0.374480039 0.4014618
vn 0.7219653 -0.3320449 0.6070522
vn 0.807911158 -0.346361 0.476774216
vn 0.404634 -0.514710248 0.7558735
vn 0.345926434 -0.454152763 0.8210238
vn 0.50956434 -0.545418859 0.6654791
vn -0.0276703648 -0.468745649 0.8828997
vn -0.249935463 -0.3664432 0.8962431
vn -0.143616885 -0.401825666 0.904383957
vn -0.5040668 -0.3519876 0.788683355
vn -0.654491961 -0.4421898 0.6132768
vn -0.599976063 -0.401921481 0.6917282
vn -0.6253475 -0.4740411 0.619859338
vn -0.7051963 -0.511226058 0.491269857
vn -0.5737706 -0.43318978 0.695078433
vn -0.882135749 -0.314316541 0.350772917
vn -0.9049293 -0.401840925 0.140096173
vn -0.91201216 -0.359146357 0.198110312
vn -0.533849537 -0.445762843 -0.7185403
vn -0.350305378 -0.576722264 -0.7380228
vn -0.561455 -0.435287625 -0.7037706
vn -0.583086133 0.7996253 -0.143562
vn -0.533428133 0.8110245 -0.240195215
vn -0.5779159 0.8054538 -0.131367534
vn -0.2767405 0.950792134 -0.139316171
vn -0.229326054 0.94056654 -0.250487983
vn -0.229754865 0.94925797 -0.214760259
vn 0.045046553 0.9299185 -0.364996374
vn 0.151182741 0.9332377 -0.325900733
vn 0.07694345 0.9403406 -0.331420273
vn 0.333775163 0.9357513 -0.113857672
vn 0.298168033 0.954464257 0.00968342
vn 0.328565866 0.9389272 -0.102275431
vn 0.7562712 0.5808665 0.3010781
vn 0.721092939 0.5761249 0.384844363
vn 0.7497024 0.592234552 0.295304269
vn 0.167149022 0.9639271 0.207137018
vn 0.07632445 0.9534973 0.2915777
vn 0.10183499 0.9627937 0.250315756
vn -0.197414726 0.946251333 0.256195068
vn -0.253445268 0.9558474 0.148732156
vn -0.200663939 0.95451653 0.220527008
vn -0.527208149 0.8311252 0.176868513
vn -0.525110066 0.8352581 0.163105309
vn -0.460143477 0.846924841 0.266432554
vn -0.9643951 -0.0298924875 -0.262770861
vn -0.9956085 -0.0933265239 0.00734089455
vn -0.9657373 -0.0213038 -0.2586458
vn -0.8501027 0.0179489 0.5263109
vn -0.8484309 0.0250892732 0.528711259
vn -0.9579496 0.07961047 0.275671482
vn -0.8467344 -0.0258338 0.5313882
vn -0.6689952 -0.105975322 0.7356729
vn -0.8462286 -0.0235693716 0.5322985
vn -0.312968 -0.04423151 0.948733151
vn -0.309436917 -0.0311139617 0.950410843
vn -0.5614069 0.009678904 0.827483356
vn -0.459072649 -0.007663298 0.8883657
vn -0.195946187 -0.06484686 0.9784682
vn -0.455821216 0.00347954943 0.8900646
vn 0.259219527 -0.0514149368 0.9644489
vn 0.264091551 -0.04200689 0.963582456
vn -0.00257514161 0.0411612764 0.9991492
vn 0.0511235446 0.0366111062 0.998021066
vn 0.318803072 -0.0421212055 0.9468846
vn 0.06491245 0.063926734 0.9958412
vn 0.6550109 -0.0578598529 0.7534009
vn 0.8407156 -0.0428028964 0.5397825
vn 0.6545608 -0.06609699 0.7531144
vn 0.9556365 0.07495201 0.284852624
vn 0.9555163 0.07160842 0.286113471
vn 0.839001536 0.101213627 0.5346328
vn 0.9787527 -0.0292984284 0.202940509
vn 0.991136253 -0.11493101 -0.06663151
vn 0.9793979 -0.0239757281 0.200511724
vn 0.971584439 -0.04986886 -0.231380284
vn 0.87168175 0.0120879235 -0.489923269
vn 0.971021235 -0.05603149 -0.232332081
vn 0.8148817 0.06134424 -0.5763721
vn 0.8151744 0.0525511727 -0.576826751
vn 0.9444401 0.0172915012 -0.328228474
vn 0.131416 -0.00657585729 -0.99130553
vn -0.151445255 0.0120069077 -0.9883927
vn 0.131352678 -0.0156363882 -0.9912124
vn -0.215907991 0.0445395224 -0.975397348
vn -0.216202781 0.0403083 -0.9755161
vn 0.0645709261 0.004842857 -0.9979014
vn -0.4723585 0.0395302 -0.8805197
vn -0.698207 0.069184795 -0.7125451
vn -0.473154753 0.0262266751 -0.8805888
vn -0.6282521 -0.0119208237 -0.7779185
vn -0.6298964 -0.0307822879 -0.7760689
vn -0.387111962 -0.06398837 -0.919809639
vn -0.9785045 -0.0148415416 -0.205690935
vn -0.9799629 -0.00224594027 -0.19916755
vn -0.8880913 0.07654097 -0.453249633
vn -0.009995562 0.99836576 0.0562665872
vn -0.009995562 0.99836576 0.0562665872
vn -0.009995562 0.99836576 0.0562665872
vn 0.0109670563 0.9989472 -0.0445442237
vn 0.0109670563 0.9989472 -0.0445442237
vn 0.0109670563 0.9989472 -0.0445442237
vn 0.0128413495 0.9991032 -0.0403482579
vn 0.0128413495 0.9991032 -0.0403482579
vn 0.0128413495 0.9991032 -0.0403482579
vn -0.06295434 -0.455837369 0.8878339
vn 0.079635486 -0.44316572 0.8928955
vn -0.0157881342 -0.444220841 0.8957782
vn 0.887888134 -0.455808878 0.06239407
vn 0.892852 -0.4431521 -0.08019733
vn 0.8958409 -0.44411394 0.0152286952
vn 0.0629851744 -0.455838829 -0.887831
vn -0.07965159 -0.443158776 -0.8928975
vn 0.0157715455 -0.444217235 -0.895780265
vn -0.8879172 -0.45574373 -0.0624557249
vn -0.892886043 -0.443085521 0.0801863
vn -0.8958673 -0.444060683 -0.0152304089
vn 0.485238969 -0.0706189 -0.8715252
vn 0.139612347 -0.101600111 -0.984980166
vn 0.138126418 -0.0921072438 -0.9861224
vn -0.07010884 -0.200408891 -0.9772006
vn -0.07010884 -0.200408891 -0.9772006
vn -0.07010884 -0.200408891 -0.9772006
vn -0.453952849 -0.08600595 -0.886865139
vn -0.453952849 -0.08600595 -0.886865139
vn -0.453952849 -0.08600595 -0.886865139
vn 0.976767361 -0.201616228 -0.07263939
vn 0.976767361 -0.201616228 -0.07263939
vn 0.976767361 -0.201616228 -0.07263939
vn 0.88830936 -0.089852646 -0.4503698
vn 0.88830936 -0.089852646 -0.4503698
vn 0.88830936 -0.089852646 -0.4503698
vn 0.989629865 -0.140547588 0.0296504274
vn 0.989629865 -0.140547588 0.0296504274
vn 0.989629865 -0.140547588 0.0296504274
vn 0.07010884 -0.200408474 0.9772007
vn 0.07010884 -0.200408474 0.9772007
vn 0.07010884 -0.200408474 0.9772007
vn 0.453436643 -0.08609055 0.887120962
vn 0.453436 -0.08599048 0.887131035
vn 0.453435242 -0.08607004 0.8871237
vn 0.8748875 -0.0688661262 0.479405075
vn 0.9859468 -0.101119936 0.132980227
vn 0.9870564 -0.09181214 0.1314927
vn -0.030430492 -0.14093259 0.9895514
vn -0.030430492 -0.14093259 0.9895514
vn -0.030430492 -0.14093259 0.9895514
vn -0.9774036 -0.19983612 0.06890401
vn -0.9774036 -0.19983612 0.06890401
vn -0.9774036 -0.19983612 0.06890401
vn -0.8861469 -0.08487287 0.455565929
vn -0.8861469 -0.08487287 0.455565929
vn -0.8861469 -0.08487287 0.455565929
vn -0.490939915 -0.06624686 0.86867106
vn -0.146116614 -0.09787329 0.9844139
vn -0.144550741 -0.08800455 0.985576153
vn -0.8748577 -0.06889367 -0.4794556
vn -0.985940039 -0.101109169 -0.133038163
vn -0.9870493 -0.09180375 -0.1315513
vn -0.98963 -0.140546739 -0.0296504311
vn -0.98963 -0.140546739 -0.0296504311
vn -0.98963 -0.140546739 -0.0296504311
vn 0.0327022225 -0.142029464 -0.989322066
vn 0.0327022225 -0.142029464 -0.989322066
vn 0.0327022225 -0.142029464 -0.989322066
vn -0.7026879 0.700967252 0.121961623
vn -0.653881 0.710893869 0.258978039
vn -0.70746243 0.696539342 0.11970719
vn -0.710886836 0.676370859 0.192775548
vn -0.6966726 0.6788212 0.2320541
vn -0.7619469 0.6453815 0.0540331
vn -0.5232821 0.6726897 0.5231294
vn -0.467972934 0.658422649 0.589475155
vn -0.578148663 0.6904058 0.434838
vn -0.562169254 0.6933922 0.450747073
vn -0.464751184 0.687932849 0.5574538
vn -0.5120291 0.6840312 0.5195455
vn -0.253402621 0.690606654 0.6773844
vn -0.224377662 0.691406965 0.6867395
vn -0.385308743 0.714936137 0.583441138
vn -0.2466521 0.681277931 0.689219236
vn -0.10865359 0.673083842 0.7315412
vn -0.221139 0.6768065 0.7021613
vn 0.108182229 0.7016627 0.704248548
vn 0.224922463 0.6843844 0.693561733
vn 0.0347566 0.704377651 0.708974
vn 0.169501722 0.6797813 0.7135591
vn 0.31178695 0.6518862 0.6912549
vn 0.284392834 0.655219138 0.6998633
vn 0.381117553 0.6412822 0.665962934
vn 0.5007252 0.640459239 0.5823112
vn 0.395701379 0.639202833 0.6594241
vn 0.570871055 0.6727336 0.470675826
vn 0.6339643 0.67025435 0.385808676
vn 0.515222847 0.6681127 0.536815464
vn 0.6198415 0.6574978 0.428361028
vn 0.6930134 0.6547745 0.301666558
vn 0.6773922 0.652208567 0.340241
vn 0.718031466 0.6593808 0.222817987
vn 0.7306384 0.6783146 0.07782608
vn 0.7190707 0.6592785 0.2197482
vn 0.730572 0.6783617 0.07803886
vn 0.7309295 0.681791961 0.0300315861
vn 0.7204995 0.6573659 0.220795214
vn 0.68339026 0.6722987 -0.284591168
vn 0.660483 0.651535869 -0.373179823
vn 0.6998237 0.688930631 -0.1887363
vn 0.6845431 0.7062741 -0.1804929
vn 0.6453124 0.6939083 -0.319473237
vn 0.668628454 0.6926737 -0.270442456
vn 0.468199074 0.677802742 -0.56689775
vn 0.351136029 0.6712976 -0.652735054
vn 0.445309371 0.6708733 -0.5929828
vn 0.367824525 0.6717552 -0.6430009
vn 0.2964439 0.671512365 -0.679111362
vn 0.464331239 0.6644075 -0.585627258
vn 0.260989964 0.6522693 -0.7116382
vn 0.119242735 0.6728196 -0.730133533
vn 0.140692547 0.6663865 -0.7322122
vn 0.108682707 0.6829931 -0.7222939
vn -0.0549662076 0.7194703 -0.6923447
vn 0.13204737 0.681372762 -0.719926834
vn -0.206749573 0.6797357 -0.7037144
vn -0.338653862 0.6845978 -0.6454761
vn -0.271221638 0.675015748 -0.6861432
vn -0.354076147 0.6962231 -0.62442255
vn -0.4420773 0.7039001 -0.5559608
vn -0.285619259 0.688337743 -0.66679287
vn -0.559368134 0.6706475 -0.487174779
vn -0.648437142 0.6651082 -0.370351732
vn -0.6491545 0.670097649 -0.3599551
vn -0.6807079 0.66392833 -0.3095739
vn -0.707202554 0.6566934 -0.261951149
vn -0.601757 0.6785498 -0.4212585
vn -0.668299 0.6627945 -0.33775726
vn -0.718756437 0.6650232 -0.202813476
vn -0.694857 0.658066154 -0.290039152
vn 0.4573613 -0.8796459 0.130551785
vn 0.438338965 -0.875897348 0.201650232
vn 0.466592073 -0.8832007 0.04741665
vn 0.439410955 -0.8747764 -0.204167143
vn 0.5074525 -0.8540635 -0.114313431
vn 0.415750951 -0.869362 -0.2671345
vn 0.194214016 -0.877250969 -0.4389893
vn 0.03964033 -0.883752942 -0.4662718
vn 0.122903064 -0.8807045 -0.4574433
vn -0.194229051 -0.8760832 -0.4413087
vn -0.102857813 -0.8560487 -0.506557941
vn -0.257449657 -0.871240735 -0.4179225
vn -0.438202173 -0.875957 -0.201688364
vn -0.466442943 -0.883277655 -0.047450725
vn -0.4572426 -0.879709 -0.130542174
vn -0.439287454 -0.8748073 0.204300746
vn -0.5074769 -0.8540179 0.1145452
vn -0.415920347 -0.869200945 0.267394871
vn -0.194600821 -0.877165556 0.438988745
vn -0.0400517061 -0.8838363 0.46607855
vn -0.12333902 -0.880558848 0.457606375
vn 0.194347531 -0.8760533 0.4413159
vn 0.102976181 -0.856051743 0.506528735
vn 0.257570565 -0.871217847 0.417895764
vn 0.00752828969 -0.999971032 -0.00114488136
vn 0.00752828969 -0.999971032 -0.00114488136
vn 0.00752828969 -0.999971032 -0.00114488136
vn 0.00359701365 -0.9999645 0.00762673141
vn 0.00359701365 -0.9999645 0.00762673141
vn 0.00447361358 -0.999970853 -0.00618813559
vn 0.00447361358 -0.999970853 -0.00618813559
vn -0.003999138 -0.9999395 -0.01024747
vn -0.0064865 -0.9999176 -0.0110777589
vn -0.0064865 -0.9999176 -0.0110777589
vn -0.0064865 -0.9999176 -0.0110777589
vn 0.0308540035 -0.9992775 0.02219385
vn 0.0308540035 -0.9992775 0.02219385
vn 0.0308540035 -0.9992775 0.02219385
vn 0.03402151 -0.9993937 0.0073986887
vn 0.03402151 -0.9993937 0.0073986887
vn 0.0103240535 -0.999330759 0.0350928158
vn -0.00534375152 -0.999981642 0.00286470074
vn -0.00534375152 -0.999981642 0.00286470074
vn 0.0573014319 -0.998147845 0.0204315167
vn 0.0573014319 -0.998147845 0.0204315167
vn 0.032117784 -0.9992596 0.0211839732
vn 0.032117784 -0.9992596 0.0211839732
vn 0.032117784 -0.9992596 0.0211839732
vn 0.0438896678 -0.998051643 0.04434723
vn 0.0438896678 -0.998051643 0.04434723
vn 0.0438896678 -0.998051643 0.04434723
vn 0.00610204367 -0.9997906 0.0195306521
vn 0.00610204367 -0.9997906 0.0195306521
vn 0.00610204367 -0.9997906 0.0195306521
vn -0.00182860356 -0.999969244 -0.00762316445
vn -0.00182860356 -0.999969244 -0.00762316445
vn -0.00182860356 -0.999969244 -0.00762316445
vn 0.0099233035 -0.998444259 -0.0548690446
vn 0.0099233035 -0.998444259 -0.0548690446
vn 0.0099233035 -0.998444259 -0.0548690446
vn -0.0247552 -0.999568164 0.0158308521
vn -0.0247552 -0.999568164 0.0158308521
vn -0.0247552 -0.999568164 0.0158308521
vn 0.00380843272 -0.999981046 0.004834333
vn -0.0260374546 -0.999635458 -0.007149671
vn -0.0260374546 -0.999635458 -0.007149671
vn 0.03888753 -0.998939931 -0.0246320534
vn 0.03888753 -0.998939931 -0.0246320534
vn 0.03888753 -0.998939931 -0.0246320534
vn 0.008833145 -0.9999565 -0.00299666752
vn 0.008833145 -0.9999565 -0.00299666752
vn 0.008833145 -0.9999565 -0.00299666752
vn -0.905990243 -0.41939497 0.0573539957
vn -0.851948857 -0.468217134 0.234426752
vn -0.904854834 -0.4222171 0.0545018353
vn -0.9588572 0.123484038 0.255625844
vn -0.8953839 0.2934808 0.3348982
vn -0.967002153 0.141777366 0.2116743
vn -0.893161535 0.409379035 -0.186202228
vn -0.8827113 0.316506565 -0.347339034
vn -0.8836657 0.3155746 -0.345756739
vn -0.5874192 -0.493352175 -0.6415157
vn -0.427509457 -0.5567778 -0.7122038
vn -0.5868414 -0.4926245 -0.642602742
vn -0.434904635 0.431106418 -0.7905727
vn -0.271179855 0.3807145 -0.884035051
vn -0.269707471 0.382237434 -0.8838283
vn 0.0207711235 -0.2899198 -0.9568255
vn 0.206358463 -0.329994977 -0.9211512
vn 0.0238415543 -0.286216348 -0.9578684
vn 0.5734186 -0.503036439 -0.646641731
vn 0.651422858 -0.5750241 -0.4949703
vn 0.5716978 -0.50401634 -0.6474018
vn 0.776793242 0.486946881 -0.3993433
vn 0.8717871 0.424669832 -0.2442188
vn 0.87195164 0.423323423 -0.24596256
vn 0.9389252 -0.335923284 -0.07466604
vn 0.916070342 -0.387133926 0.104606025
vn 0.9397125 -0.334133536 -0.07276812
vn 0.126386628 -0.375154376 0.9183059
vn -0.04265371 -0.4491348 0.892445266
vn 0.1272603 -0.375754833 0.917939663
vn -0.119333275 0.398013353 0.909585059
vn -0.2979111 0.331473857 0.895195
vn -0.297049761 0.3306246 0.895795047
vn -0.446594536 -0.491665751 0.7475414
vn -0.5731475 -0.541862965 0.6147247
vn -0.4490763 -0.489793181 0.7472839
vn -0.608778954 0.2924146 0.737483442
vn -0.7526742 0.2977409 0.587223947
vn -0.751360238 0.304175824 0.5856064
vn -0.9573105 -0.231106415 0.173627481
vn -0.9991943 0.0280919541 -0.0286644418
vn -0.9251931 0.159211949 0.344484121
vn -0.9968227 0.0566000119 -0.0560444444
vn -0.941068351 0.06444252 -0.332020521
vn -0.8906534 0.439225852 -0.11754676
vn 0.600179732 0.39829275 0.693647742
vn 0.7506047 -0.00131136191 0.66075027
vn 0.509164333 0.0389324427 0.8597883
vn 0.8215443 0.224591285 0.5240455
vn 0.7502493 -0.236204833 0.6175219
vn 0.6312533 0.01938531 0.7753344
vn -0.792799532 0.237448975 -0.561326
vn -0.8484682 0.257344663 -0.4624668
vn -0.9010427 -0.1331288 -0.4127939
vn 0.595031857 0.294170946 -0.7479309
vn 0.478377759 0.304833919 -0.82354784
vn 0.53150773 -0.0976821855 -0.8414023
vn 0.4309194 -0.00736123323 -0.9023604
vn 0.3826269 0.386092544 -0.8393624
vn 0.167693183 0.03706347 -0.9851423
vn 0.209407568 -0.0464948043 -0.9767224
vn -0.04786616 0.230238378 -0.9719563
vn -0.004581744 -0.243563965 -0.969874
vn -0.8407351 0.106050037 0.5309594
vn -0.83384037 0.1256248 0.5375209
vn -0.946127951 0.177611813 0.2707323
vn -0.820970833 0.0133112213 0.5708149
vn -0.635780931 -0.119863175 0.762506068
vn -0.8081152 0.0459491871 0.5872296
vn -0.543120444 -0.0504024141 0.8381407
vn -0.2719599 -0.0615921132 0.9603355
vn -0.5432356 -0.0417381153 0.838542163
vn -0.191812292 -0.0134840384 0.981339
vn -0.190225527 -0.004684456 0.981729269
vn -0.468707532 0.0332025 0.8827292
vn -0.02303887 -0.0623116866 0.9977908
vn 0.270219564 -0.09477436 0.95812273
vn -0.0228017177 -0.0609584861 0.997879863
vn 0.5099508 0.197863325 0.8371382
vn 0.5123725 0.184226409 0.83877
vn 0.2388256 0.200233221 0.9501942
vn 0.9549355 0.0615732 0.290356576
vn 0.997017 0.07707222 -0.00410719542
vn 0.954860151 0.0624189824 0.290423721
vn 0.9978787 -0.0132017964 0.06374921
vn 0.998014569 -0.001835622 0.06295764
vn 0.9352956 -0.0102876285 0.3537178
vn 0.977527559 -0.06337346 -0.201056421
vn 0.873127341 -0.0916085839 -0.478807449
vn 0.977672756 -0.0591866039 -0.201625779
vn 0.8206487 0.105260357 -0.5616547
vn 0.651705265 0.314187348 -0.690338
vn 0.829984546 0.127234146 -0.5430812
vn -0.360288143 0.136722624 -0.9227672
vn -0.6132205 0.173230618 -0.7706827
vn -0.3624246 0.129098341 -0.923028767
vn -0.6602634 0.222399667 -0.7173497
vn -0.659751356 0.21831 -0.719075
vn -0.413378119 0.261311442 -0.8722585
vn -0.8769298 -0.393561 -0.27586925
vn -0.937218249 -0.348157823 -0.020201847
vn -0.8774782 -0.40196836 -0.2616363
vn -0.9412467 -0.337717533 -0.00124804594
vn -0.9378671 -0.3469712 -0.00402984768
vn -0.90919584 -0.336870641 -0.244706318
vn -0.631733537 -0.430361062 -0.6447497
vn -0.4225499 -0.4637105 -0.7787324
vn -0.6080253 -0.423369676 -0.671612561
vn -0.35413748 -0.5481079 -0.7577364
vn -0.321220219 -0.5285757 -0.785764158
vn -0.533481538 -0.541465461 -0.6497789
vn -0.121261068 -0.293648243 -0.948191166
vn 0.109677494 -0.2768268 -0.95464015
vn -0.06864553 -0.269974828 -0.96041733
vn 0.2740322 -0.5320062 -0.801171541
vn 0.352810562 -0.5095233 -0.7847999
vn 0.113008216 -0.522979736 -0.8448203
vn 0.401437223 -0.374483854 -0.8358289
vn 0.6069896 -0.332056671 -0.7220124
vn 0.476747245 -0.346360743 -0.807927132
vn 0.755928 -0.5146374 -0.4046249
vn 0.821067631 -0.4540969 -0.3458959
vn 0.6655229 -0.545395136 -0.50953263
vn 0.8829148 -0.4687133 0.0277357511
vn 0.896223664 -0.3664301 0.2500242
vn 0.904390037 -0.401784629 0.1436933
vn 0.7887506 -0.351982772 0.503964961
vn 0.613371 -0.442194462 0.6544005
vn 0.6918015 -0.4019097 0.5998994
vn 0.619833 -0.474093 0.6253342
vn 0.491254926 -0.5112441 0.7051937
vn 0.6950646 -0.43323487 0.5737533
vn 0.3507652 -0.31430468 0.8821431
vn 0.140033841 -0.401871443 0.904925346
vn 0.198066965 -0.359143436 0.912022769
vn -0.718532264 -0.4457878 0.5338396
vn -0.7380176 -0.576732 0.350300342
vn -0.7037862 -0.435296267 0.5614287
vn -0.747448742 0.04850536 0.6625463
vn -0.746590555 0.05239506 0.663217366
vn -0.899195254 0.09061043 0.428062767
vn -0.539070249 -0.02168501 0.8419816
vn -0.35525924 0.673117936 0.6486164
vn -0.230134919 0.6524571 0.722037137
vn -0.268197477 0.6564968 0.7050405
vn -0.0963378847 0.6716293 0.7345972
vn -0.009105162 -0.9995187 -0.0296567529
vn -0.009105162 -0.9995187 -0.0296567529
vn -0.009105162 -0.9995187 -0.0296567529
vn 0.0279733036 -0.9992498 -0.02678285
vn 0.00771715259 -0.9999702 -0.000384616578
vn 0.021064559 -0.999716163 0.0111295134
vn 0.021064559 -0.999716163 0.0111295134
vn -0.007815243 -0.9997842 0.01924863
vn 0.0318095274 -0.9994636 -0.00778887747
vn 0.0318095274 -0.9994636 -0.00778887747
vn 0.0318095274 -0.9994636 -0.00778887747
vn 0.0029013427 -0.999974847 0.006473167
vn 0.6479978 0.0297480971 -0.7610611
vn 0.4080924 0.0411421135 -0.9120131
vn 0.6481918 0.02293472 -0.761131644
vn 0.425383419 0.003788224 -0.905005336
vn -0.0103229228 -0.999331 -0.0350869335
vn -0.0103229228 -0.999331 -0.0350869335
vn -0.0103229228 -0.999331 -0.0350869335
vn 0.0232272428 -0.9981634 -0.0559487976
vn -0.282526761 -0.0201792158 -0.959047139
vn -0.282526761 -0.0201792158 -0.959047139
vn -0.282526761 -0.0201792158 -0.959047139
vn -0.0544090457 0.00014238953 -0.998518765
vn -0.0544090457 0.00014238953 -0.998518765
vn -0.0544090457 0.00014238953 -0.998518765
vn 0.0544090942 -0.0001423927 -0.998518765
vn 0.0544090942 -0.0001423927 -0.998518765
vn 0.0544090942 -0.0001423927 -0.998518765
vn 0.282527417 0.0201833732 -0.9590469
vn 0.282527417 0.0201833732 -0.9590469
vn 0.282527417 0.0201833732 -0.9590469
vn -0.8145501 0.576985836 0.059962824
vn -0.7706768 0.6320521 0.08103994
vn -0.5538442 0.6093827 -0.567370534
vn -0.907873154 -0.373283446 -0.190855548
vn -0.791874647 -0.373282164 0.4833167
vn -0.971718669 -0.201433033 -0.12323802
vn -0.7999062 0.0868232 0.5938112
vn -0.24349606 0.321631432 0.9150207
vn -0.797831 0.07672508 0.597979069
vn 0.9380575 0.289759129 0.18996796
vn 0.9444201 0.268908083 0.189100981
vn 0.608786941 0.164947882 0.7759966
vn 0.9392487 -0.2815822 -0.196273834
vn 0.605307341 -0.157457992 -0.7802628
vn 0.932381153 -0.302643538 -0.1976673
vn 0 -1 0
vn 0 -1 0
vn 0 -1 0
vn 0.0605432577 -0.968751252 -0.240531966
vn 0.0605432577 -0.968751252 -0.240531966
vn 0.0605432577 -0.968751252 -0.240531966
vn -0.037554808 -0.8576302 -0.5128938
vn -0.037554808 -0.8576302 -0.5128938
vn -0.037554808 -0.8576302 -0.5128938
vn 0.003196325 -0.8099575 0.5864799
vn 0.003196325 -0.8099575 0.5864799
vn 0.003196325 -0.8099575 0.5864799
vn 0.08122507 -0.9627044 0.2580751
vn 0.08122507 -0.9627044 0.2580751
vn 0.08122507 -0.9627044 0.2580751
vn -0.8145439 0.576999 0.0599197
vn -0.770676553 0.632058263 0.08099408
vn -0.5538478 0.609379768 -0.5673702
vn -0.9078742 -0.3732809 -0.1908556
vn -0.791875958 -0.3732794 0.4833167
vn -0.9717192 -0.2014303 -0.123237856
vn -0.7999209 0.08682951 0.593790531
vn -0.243513808 0.321642 0.9150123
vn -0.7978429 0.07673374 0.597962141
vn 0.946721733 0.2685229 0.177801684
vn 0.9524112 0.247597888 0.177787334
vn 0.6145964 0.177841231 0.7685335
vn 0.9392456 -0.2815866 -0.196282417
vn 0.6053003 -0.157461345 -0.780267537
vn 0.932377934 -0.302648 -0.1976755
vn 0 -1 1.33524445E-05
vn 0 -1 1.33524445E-05
vn 0 -1 1.33524445E-05
vn 0.06054733 -0.968751 -0.240531832
vn 0.06054733 -0.968751 -0.240531832
vn 0.06054733 -0.968751 -0.240531832
vn -0.03755516 -0.8576402 -0.5128771
vn -0.03755516 -0.8576402 -0.5128771
vn -0.03755516 -0.8576402 -0.5128771
vn 0.05709713 -0.850522041 0.5228309
vn 0.05709713 -0.850522041 0.5228309
vn 0.05709713 -0.850522041 0.5228309
vn 0.105344921 -0.9364195 0.334695369
vn 0.105344921 -0.9364195 0.334695369
vn 0.105344921 -0.9364195 0.334695369
vn -0.809080362 0.584793031 0.05836193
vn -0.7651489 0.63898766 0.07900588
vn -0.548365057 0.612549543 -0.5692792
vn -0.9078732 -0.373283356 -0.190855533
vn -0.791874766 -0.373282045 0.48331663
vn -0.971718669 -0.2014329 -0.12323802
vn -0.797368348 0.103689626 0.5945185
vn -0.2339524 0.315043837 0.91979
vn -0.7950503 0.0904329 0.599764049
vn 0.9467239 0.268525749 0.177785724
vn 0.9524129 0.247600615 0.177774072
vn 0.614605367 0.177846178 0.768525243
vn 0.9392444 -0.28159076 -0.196282133
vn 0.605299532 -0.1574658 -0.7802673
vn 0.9323768 -0.3026523 -0.197674453
vn 0 -1 0
vn 0 -1 0
vn 0 -1 0
vn 0.06054745 -0.9687529 -0.240524068
vn 0.06054745 -0.9687529 -0.240524068
vn 0.06054745 -0.9687529 -0.240524068
vn -0.0323000476 -0.865798354 -0.499349564
vn -0.0323000476 -0.865798354 -0.499349564
vn -0.0323000476 -0.865798354 -0.499349564
vn 0.07832966 -0.892488539 0.4442169
vn 0.07832966 -0.892488539 0.4442169
vn 0.07832966 -0.892488539 0.4442169
vn 0.105344519 -0.936416 0.334705383
vn 0.105344519 -0.936416 0.334705383
vn 0.105344519 -0.936416 0.334705383
vn -0.959056139 -0.0201796573 0.282496333
vn -0.959056139 -0.0201796573 0.282496333
vn -0.959056139 -0.0201796573 0.282496333
vn -0.998510838 0.00014399692 0.05455329
vn -0.998510838 0.00014399692 0.05455329
vn -0.998510838 0.00014399692 0.05455329
vn -0.9985109 -0.000143853278 -0.0545527
vn -0.9985109 -0.000143853278 -0.0545527
vn -0.9985109 -0.000143853278 -0.0545527
vn -0.9590569 0.0201796163 -0.282493532
vn -0.9590569 0.0201796163 -0.282493532
vn -0.9590569 0.0201796163 -0.282493532
vn 0.0599342 0.5770027 0.814540267
vn 0.0810076743 0.632064 0.7706704
vn -0.5673591 0.609388 0.553850055
vn -0.1908124 -0.373278856 0.9078841
vn 0.483314127 -0.3732694 0.7918822
vn -0.12319544 -0.201441288 0.971722364
vn 0.5937839 0.08680199 0.799928844
vn 0.9150198 0.321610242 0.243527427
vn 0.5979566 0.0767035559 0.797849953
vn 0.189934388 0.289745867 -0.9380684
vn 0.1890656 0.2688906 -0.944432139
vn 0.7760037 0.164925218 -0.60878396
vn -0.196278557 -0.281557262 -0.9392552
vn -0.780265749 -0.157430217 -0.605310738
vn -0.197672412 -0.302618027 -0.9323883
vn 0 -1 3.338051E-06
vn 0 -1 3.338051E-06
vn 0 -1 3.338051E-06
vn -0.240534261 -0.9687508 -0.0605412833
vn -0.240534261 -0.9687508 -0.0605412833
vn -0.240534261 -0.9687508 -0.0605412833
vn -0.512886 -0.8576354 0.0375444181
vn -0.512886 -0.8576354 0.0375444181
vn -0.512886 -0.8576354 0.0375444181
vn 0.586484253 -0.8099543 -0.00321421283
vn 0.586484253 -0.8099543 -0.00321421283
vn 0.586484253 -0.8099543 -0.00321421283
vn 0.258067042 -0.962705135 -0.0812418237
vn 0.258067042 -0.962705135 -0.0812418237
vn 0.258067042 -0.962705135 -0.0812418237
vn 0.142367736 0.28975755 0.9464523
vn 0.145357087 0.2689013 0.9521363
vn -0.520942748 0.164949447 0.8375025
vn 0.513679266 -0.300346673 0.803694963
vn 0.9442226 -0.146611914 0.294870555
vn 0.5131178 -0.3220327 0.7956162
vn 0.7429658 0.2580351 -0.6175918
vn 0.7467672 0.2368725 -0.6214742
vn 0.98267144 0.184435219 0.0184514523
vn 0.406564057 -0.239350885 -0.8817125
vn -0.2757416 -0.2393509 -0.9309553
vn 0.4027702 -0.28288877 -0.8704884
vn -0.4027702 0.282889038 -0.870488346
vn -0.406564027 0.2393511 -0.881712437
vn 0.275741637 0.239351109 -0.930955231
vn -0.7575557 -0.300347447 -0.5795695
vn -0.988131046 -0.1466073 0.045862142
vn -0.754265249 -0.322038442 -0.5721671
vn 0 -1 0
vn 0 -1 0
vn 0 -1 0
vn -0.19977738 -0.9750397 0.09688437
vn -0.19977738 -0.9750397 0.09688437
vn -0.19977738 -0.9750397 0.09688437
vn -0.376739264 -0.922149837 0.0877906159
vn -0.376739264 -0.922149837 0.0877906159
vn -0.376739264 -0.922149837 0.0877906159
vn 0.450156659 -0.8857316 0.113307536
vn 0.450156659 -0.8857316 0.113307536
vn 0.450156659 -0.8857316 0.113307536
vn 0.05829959 0.584829569 0.8090584
vn 0.078942515 0.6390141 0.7651334
vn -0.569290459 0.612558 0.548343956
vn -0.190812856 -0.3732775 0.907884538
vn 0.4833146 -0.373270929 0.7918812
vn -0.123202145 -0.201447785 0.971720159
vn 0.594500065 0.103666656 0.7973851
vn 0.9197912 0.315016717 0.233984128
vn 0.5997455 0.0904023349 0.7950677
vn 0.1777974 0.268499523 -0.9467291
vn 0.177782267 0.247572809 -0.9524186
vn 0.7685315 0.177816719 -0.6146061
vn -0.196295947 -0.281561852 -0.9392502
vn -0.780275762 -0.1574325 -0.6052973
vn -0.197690338 -0.302622646 -0.932383
vn 0 -1 3.33811249E-06
vn 0 -1 3.33811249E-06
vn 0 -1 3.33811249E-06
vn -0.240533173 -0.968751 -0.06054101
vn -0.240533173 -0.968751 -0.06054101
vn -0.240533173 -0.968751 -0.06054101
vn -0.499316424 -0.8658179 0.03228827
vn -0.499316424 -0.8658179 0.03228827
vn -0.499316424 -0.8658179 0.03228827
vn 0.4442013 -0.8924978 -0.07831329
vn 0.4442013 -0.8924978 -0.07831329
vn 0.4442013 -0.8924978 -0.07831329
vn 0.334698856 -0.9364177 -0.105349906
vn 0.334698856 -0.9364177 -0.105349906
vn 0.334698856 -0.9364177 -0.105349906
vn 0.00155068643 -0.000146114064 0.9999988
vn 0.00155068643 -0.000146114064 0.9999988
vn 0.00155068643 -0.000146114064 0.9999988
vn -0.00155068224 0.000146113656 0.9999988
vn 0.9999988 -0.000143650133 -0.00157495937
vn 0.9999988 -0.000143650133 -0.00157495937
vn 0.9999988 -0.000143650133 -0.00157495937
vn 0.9999988 0.000143798869 0.00157495937
vn -0.0266803559 -0.0132072037 -0.9995568
vn -0.02619174 -0.0147672994 -0.999547839
vn -0.0739886239 -0.0234647263 -0.996983
vn 0.0261920635 0.0147717949 -0.9995478
vn 0.07398891 0.0234691873 -0.9969829
vn 0.0266805477 0.0132116554 -0.9995567
vn -0.0165187027 -0.9992446 0.0351761542
vn -0.0165187027 -0.9992446 0.0351761542
vn -0.0165187027 -0.9992446 0.0351761542
vn 0.009171732 -0.9988896 0.0462109037
vn 0.009171732 -0.9988896 0.0462109037
vn 0.0129291229 -0.9988716 0.0456984267
vn 0.0129291229 -0.9988716 0.0456984267
vn 0.00278719561 -0.9986903 0.0510873981
vn 0.00254718377 -0.9986859 0.05118626
vn 0.00254718377 -0.9986859 0.05118626
vn 0.00254718377 -0.9986859 0.05118626
vn -0.0106955459 -0.9992834 0.0363100059
vn -0.0106955459 -0.9992834 0.0363100059
vn 0 -1 -2.3869095E-06
vn 0 -1 -2.3869095E-06
vn 0 -1 -2.3869095E-06
vn 0 -1 1.48496774E-05
vn 0 -1 1.48496774E-05
vn 0 -1 1.48496774E-05
vn 0.009858674 -0.9997713 -0.01897812
vn 0.009858674 -0.9997713 -0.01897812
vn -0.0059804935 -0.9998498 -0.01626544
vn 0 -0.9997484 -0.0224321168
vn 0 -1 0
vn 0 -1 0
vn -0.0059804935 -0.9998498 -0.01626544
vn -0.0059804935 -0.9998498 -0.01626544
vn -0.0132291811 -0.9999125 6.110917E-05
vn -0.00691388175 -0.999608338 -0.02711685
vn -0.01859294 -0.9998268 0.0008375872
vn -0.0114378221 -0.9991184 0.04039429
vn -0.0114378221 -0.9991184 0.04039429
vn -0.0114378221 -0.9991184 0.04039429
vn 0.0154959494 -0.9998798 0.000555320759
vn 0.0115011316 -0.9997577 -0.0187690724
vn 0.0204961542 -0.999736845 0.0103063928
vn -0.030338265 -0.9990711 0.0306029283
vn 0 -1 -1.36032861E-06
vn -0.030338265 -0.9990711 0.0306029283
vn -0.030338265 -0.9990711 0.0306029283
vn 0.0194341168 -0.999737442 -0.0121379551
vn 0.0194341168 -0.999737442 -0.0121379551
vn 0.0194341168 -0.999737442 -0.0121379551
vn 0 -1 3.01409113E-06
vn 0 -1 3.01409113E-06
vn 0 -1 0
vn 0 -1 0
vn 0 -1 0
vn 0 -1 0
vn -0.0123786842 -0.999827862 0.0138216456
vn -0.0123786842 -0.999827862 0.0138216456
vn -0.0123786842 -0.999827862 0.0138216456
vn 0.0519367643 -0.9986216 0.007585464
vn 0.0519367643 -0.9986216 0.007585464
vn 0.0519367643 -0.9986216 0.007585464
vn 0.04029015 -0.9991295 0.0108138546
vn 0.04029015 -0.9991295 0.0108138546
vn 0.04029015 -0.9991295 0.0108138546
vn -0.0409083255 -0.997522354 0.0572338253
vn -0.0409083255 -0.997522354 0.0572338253
vn -0.0409083255 -0.997522354 0.0572338253
vn 0.07682788 -0.996232 0.0402407721
vn 0.07682788 -0.996232 0.0402407721
vn 0.07682788 -0.996232 0.0402407721
vn 0 -1 0
vn 0 -1 0
vn 0 -1 0
vn 0 -1 -2.58816272E-06
vn 0 -1 -2.58816272E-06
vn 0 -1 4.282103E-06
vn 0 -1 4.282103E-06
vn 0.00781931449 -0.999091148 -0.0419013239
vn 0.00781931449 -0.999091148 -0.0419013239
vn 9.480214E-05 -0.9983727 -0.05702627
vn 9.480214E-05 -0.9983727 -0.05702627
vn 0.0107422573 -0.9996113 -0.0257271249
vn 0.0107422573 -0.9996113 -0.0257271249
vn 0.019230416 -0.999799 -0.00566869276
vn 0.001275638 -0.9996563 0.0261837225
vn 0.001275638 -0.9996563 0.0261837225
vn 0 -1 4.240326E-06
vn -0.0006734416 -0.999816 0.0191729739
vn 0 -1 4.953747E-06
vn -0.0072719194 -0.999940753 -0.008102312
vn -0.0072719194 -0.999940753 -0.008102312
vn -0.0072719194 -0.999940753 -0.008102312
vn -0.0116111282 -0.9999255 0.00377928023
vn -0.0237316322 -0.9987326 0.0443849154
vn -0.0237316322 -0.9987326 0.0443849154
vn -0.0280379765 -0.9996061 -0.00127448176
vn -0.0280379765 -0.9996061 -0.00127448176
vn -0.0280379765 -0.9996061 -0.00127448176
vn 0.0305382553 -0.998254359 -0.0505528674
vn 0.0305382553 -0.998254359 -0.0505528674
vn 0.0305382553 -0.998254359 -0.0505528674
vn 0 -1 -2.83482768E-06
vn 0 -1 -2.83482768E-06
vn 0 -1 -2.83482768E-06
vn 0 -1 0
vn 0 -1 0
vn 0 -1 0
vn -0.00288365153 -0.9998344 -0.017968405
vn -0.00288365153 -0.9998344 -0.017968405
vn 0 -1 0
vn 0.007182902 -0.9999466 -0.0074372245
vn 0.007182902 -0.9999466 -0.0074372245
vn 0.0108358981 -0.9999351 0.00352371344
vn 0 -1 -3.92652328E-06
vn 0 -1 -3.92652328E-06
vn 0 -1 0
vn -0.00205057533 -0.9998476 0.0173387565
vn -0.009643437 -0.9999505 0.00244270265
vn -0.002299756 -0.9996163 0.0276031159
vn -0.002299756 -0.9996163 0.0276031159
vn -0.002299756 -0.9996163 0.0276031159
vn 0 -1 0
vn 0 -1 0
vn 0 -1 0
vn -0.0188422855 -0.999802947 -0.006249382
vn -0.0400276072 -0.997745335 -0.0538700372
vn -0.007406917 -0.999183536 -0.0397168547
vn -0.0188422855 -0.999802947 -0.006249382
vn -0.0400276072 -0.997745335 -0.0538700372
vn -0.0400276072 -0.997745335 -0.0538700372
vn -0.08010872 -0.9960898 -0.037251994
vn -0.08010872 -0.9960898 -0.037251994
vn -0.08010872 -0.9960898 -0.037251994
vn 0 -0.996117234 0.08803669
vn 0 -0.996117234 0.08803669
vn 0 -0.996117234 0.08803669
vn -0.07810288 -0.968483746 0.236514583
vn -0.07810288 -0.968483746 0.236514583
vn -0.07810288 -0.968483746 0.236514583
vn 0.19772701 -0.978404939 -0.06023089
vn 0.19772701 -0.978404939 -0.06023089
vn 0.19772701 -0.978404939 -0.06023089
vn -0.00883172452 -0.9998373 -0.0157278348
vn -0.00883172452 -0.9998373 -0.0157278348
vn -0.00883172452 -0.9998373 -0.0157278348
vn 0.0248405319 -0.999691367 0.000314050849
vn 0.0248405319 -0.999691367 0.000314050849
vn 0.0248405319 -0.999691367 0.000314050849
vn -0.0485970229 -0.998793244 0.00709868642
vn -0.0485970229 -0.998793244 0.00709868642
vn -0.0485970229 -0.998793244 0.00709868642
vn -0.08847834 -0.994537532 0.0553774051
vn -0.08847834 -0.994537532 0.0553774051
vn -0.08847834 -0.994537532 0.0553774051
vn -0.0926234052 -0.9955047 -0.01978143
vn -0.0926234052 -0.9955047 -0.01978143
vn -0.0926234052 -0.9955047 -0.01978143
vn 0.0190140046 -0.9984812 0.05170854
vn 0.0190140046 -0.9984812 0.05170854
vn 0.0190140046 -0.9984812 0.05170854
vn -0.0207787119 -0.9996954 -0.0133143421
vn -0.0207787119 -0.9996954 -0.0133143421
vn -0.0207787119 -0.9996954 -0.0133143421
vn -0.00133540761 -0.99916625 0.04080556
vn -0.00133540761 -0.99916625 0.04080556
vn -0.00133540761 -0.99916625 0.04080556
vn 0.03718534 -0.995135665 -0.09122655
vn 0.03718534 -0.995135665 -0.09122655
vn 0.03718534 -0.995135665 -0.09122655
vn 0.0212684125 -0.999060869 0.03775022
vn 0.0212684125 -0.999060869 0.03775022
vn 0.0212684125 -0.999060869 0.03775022
vn -0.03244059 -0.9964514 -0.07766836
vn -0.03244059 -0.9964514 -0.07766836
vn -0.03244059 -0.9964514 -0.07766836
vn -0.008534429 -0.998878062 -0.0465813875
vn -0.008534429 -0.998878062 -0.0465813875
vn 0.09427196 -0.9902276 0.102772087
vn 0.09427196 -0.9902276 0.102772087
vn 0.09427196 -0.9902276 0.102772087
vn -0.05197255 -0.9985057 -0.0168880671
vn -0.05197255 -0.9985057 -0.0168880671
vn -0.05197255 -0.9985057 -0.0168880671
vn -0.07694143 -0.996929348 -0.0145604182
vn -0.07694143 -0.996929348 -0.0145604182
vn -0.07694143 -0.996929348 -0.0145604182
vn 0.0448095761 -0.994765162 -0.0918390751
vn 0.0448095761 -0.994765162 -0.0918390751
vn 0.0448095761 -0.994765162 -0.0918390751
vn 0.0534048378 -0.990003 0.130545169
vn 0.0534048378 -0.990003 0.130545169
vn 0.0534048378 -0.990003 0.130545169
vn 0.121906869 -0.991750836 -0.0396110266
vn 0.121906869 -0.991750836 -0.0396110266
vn 0.121906869 -0.991750836 -0.0396110266
vn -0.08169302 -0.9949993 -0.0574694052
vn -0.08169302 -0.9949993 -0.0574694052
vn -0.08169302 -0.9949993 -0.0574694052
vn 0.0146828489 -0.999825358 -0.0115637546
vn 0.0146828489 -0.999825358 -0.0115637546
vn 0.0146828489 -0.999825358 -0.0115637546
vn 0 -1 0
vn 0 -1 0
vn 0 -1 0
vn 0 -1 0
vn 0 -1 0
vn 0 -1 0
vn -0.226624191 -0.9662427 0.122542262
vn -0.226624191 -0.9662427 0.122542262
vn -0.226624191 -0.9662427 0.122542262
vn 0.007928404 -0.9989564 0.0449816175
vn 0.007928404 -0.9989564 0.0449816175
vn 0.007928404 -0.9989564 0.0449816175
vn 0.0199846681 -0.998813 0.0444219559
vn 0.0199846681 -0.998813 0.0444219559
vn 0.0199846681 -0.998813 0.0444219559
vn 0.152864873 -0.987814844 -0.0292266849
vn 0.152864873 -0.987814844 -0.0292266849
vn 0.152864873 -0.987814844 -0.0292266849
vn 0.04886288 -0.9966557 0.06549705
vn 0.04886288 -0.9966557 0.06549705
vn 0.04886288 -0.9966557 0.06549705
vn -0.0338667035 -0.999357939 0.0116962511
vn -0.0338667035 -0.999357939 0.0116962511
vn -0.0338667035 -0.999357939 0.0116962511
vn 0.1893958 -0.9812204 0.0365472063
vn 0.1893958 -0.9812204 0.0365472063
vn 0.1893958 -0.9812204 0.0365472063
vn 0.004307933 -0.9994041 -0.0342491567
vn 0.004307933 -0.9994041 -0.0342491567
vn 0.004307933 -0.9994041 -0.0342491567
vn -0.0830604061 -0.9957748 -0.03915925
vn -0.0830604061 -0.9957748 -0.03915925
vn -0.0830604061 -0.9957748 -0.03915925
vn 0.001706512 -0.999652743 0.0262967311
vn 0.001706512 -0.999652743 0.0262967311
vn 0.001706512 -0.999652743 0.0262967311
vn -0.0484423637 -0.998560667 0.0230212938
vn -0.0484423637 -0.998560667 0.0230212938
vn -0.0484423637 -0.998560667 0.0230212938
vn -0.04244638 -0.998883665 0.02073095
vn -0.04244638 -0.998883665 0.02073095
vn -0.04244638 -0.998883665 0.02073095
vn 0 1 -1.87046146E-06
vn 0 1 -1.87046146E-06
vn 0 1 -1.87046146E-06
vn 0 1 -3.06673678E-06
vn 0 1 -3.06673678E-06
vn 0 1 -3.06673678E-06
vn 0 1 -1.79316692E-06
vn 0 1 -1.79316692E-06
vn 0 1 -1.79316692E-06
vn 0 1 0
vn 0 1 0
vn 0 1 1.10366329E-06
vn 0 1 0
vn 0 1 -1.12428063E-06
vn 0 1 1.10366329E-06
vn 0 1 1.54660722E-06
vn 0 1 1.46336822E-06
vn 0 1 -1.23835844E-06
vn 0 1 -5.51841367E-07
vn 0 1 0
vn 0 1 0
vn 0 1 0
vn 0 1 -2.72568559E-06
vn 0 1 -5.891966E-07
vn 0 1 -5.891966E-07
vn 0 1 0
vn 0 1 -2.50512312E-06
vn 0 1 -2.50512312E-06
vn 0 1 -4.53569828E-06
vn 0 1 -5.950717E-06
vn 0 1 -8.39045E-06
vn 0 1 1.94362769E-06
vn 0 1 2.79753181E-06
vn 0 1 2.79753181E-06
vn 0 1 0
vn 0 1 0
vn 0 1 0
vn 0 1 0
vn 0 1 0
vn 0 1 0
vn 0 1 0
vn 0 1 -8.87399665E-07
vn 0 1 -8.87399665E-07
vn 0 1 8.46476451E-06
vn 0 1 7.5799494E-06
vn 0 1 -9.809719E-06
vn 0 1 -5.15309648E-06
vn 0 1 -5.15309648E-06
vn 0 1 0
vn 0 1 0
vn 0 1 0
vn 0 1 0
vn 0 1 0
vn 0 1 0
vn 0 1 0
vn 0 1 0
vn 0 1 0
vn 0 1 0
vn 0 1 0
vn 0 1 0
vn 0 1 1.15162E-06
vn 0 1 -3.46300567E-06
vn 0 1 0
vn 0 1 0
vn 0 1 0
vn 0 1 0
vn 0 1 0
vn 0 1 0
vn 0 1 4.95248344E-07
vn 0 1 4.95248344E-07
vn 0 1 4.95248344E-07
vn 0 1 -2.21126629E-06
vn 0 1 -2.21126629E-06
vn 0 1 -2.21126629E-06
vn 0 1 -4.009358E-06
vn 0 1 -4.009358E-06
vn 0 1 -4.009358E-06
vn -0.8379823 -0.0642456859 0.5419024
vn -0.9887206 -0.08231928 -0.125120357
vn -0.8400825 -0.0408757478 0.5409163
vn -0.994097531 -0.03746868 0.101814665
vn -0.9949033 -0.00637662737 0.100631684
vn -0.697414 -0.00637666462 0.7166401
vn -0.9937953 -0.040097747 -0.103745826
vn -0.694603741 -0.0294965021 -0.718787551
vn -0.9942462 -0.0254068226 -0.104063034
vn -0.054670006 -0.0022295448 -0.998502
vn -0.6824693 -0.026777437 -0.73042357
vn -0.638345063 -0.0521530658 -0.7679815
vn -0.6383856 -0.05130162 -0.768005252
vn -0.982873857 -0.0513018854 -0.176994488
vn 0.6000186 0.008491863 -0.799940944
vn 0.973847449 -0.00222868822 -0.227192
vn 0.600808 -0.026779823 -0.798944652
vn 0.888747156 0.0113823069 0.4582564
vn 0.3864845 -0.00668623531 0.922271669
vn 0.8879431 -0.0275110584 0.45912984
vn -0.270837575 -0.00551289367 0.9626093
vn -0.826055169 0.0122265378 0.563456655
vn -0.244232655 -0.05792206 0.9679853
vn -0.280627668 -0.06892112 0.957339
vn 0.4005441 -0.0361443274 0.9155643
vn 0.4019705 -0.06892237 0.913055
vn 0.475583822 -0.07738976 0.876259565
vn -0.200893357 -0.104113184 0.9740648
vn 0.474159181 -0.0535954721 0.878806353
vn 0.102635838 -0.0330838971 0.994168639
vn 0.100705326 0.00439251028 0.9949066
vn 0.716659844 0.00439245626 0.697409034
vn -0.779405 0.007863361 0.6264711
vn -0.999744952 -0.008566015 -0.0208963137
vn -0.7680768 -0.04656446 0.6386626
vn -0.764039159 -0.03689905 0.6441139
vn -0.171390012 -0.0291968659 0.984770536
vn -0.170590252 -0.0530310273 0.983914
vn -0.995800436 -0.0915047154 0.00288823247
vn -0.7642103 -0.07537306 -0.640547931
vn -0.9989818 -0.0451126322 -0.000473737717
vn -0.825183 -0.0799974054 -0.559172153
vn -0.826406658 -0.0519306548 -0.560673952
vn -0.993358552 -0.0519296229 0.102674745
vn -0.7583651 -0.0009907522 -0.6518293
vn -0.161958337 -0.000990802 -0.9867971
vn -0.757738 -0.0229780748 -0.6521542
vn -0.169559628 -0.09519348 -0.980911732
vn 0.503605843 -0.07842648 -0.8603665
vn -0.1667331 -0.0483598039 -0.9848154
vn 0.407374024 -0.08190886 -0.9095809
vn 0.408696681 -0.0532260239 -0.911116958
vn -0.2736085 -0.0532260239 -0.9603673
vn 0.532355666 0.0143405367 -0.846399367
vn 0.9515395 -0.0194468834 -0.306911051
vn 0.532467365 -0.0250197519 -0.846080661
vn 0.932942033 -0.09599135 -0.346994042
vn 0.9390519 -0.07003348 0.33656615
vn 0.9375298 -0.04438233 -0.3450624
vn 0.966564953 -0.08113434 0.2432476
vn 0.968275249 -0.0526995063 0.244265854
vn 0.8982927 -0.0526996 -0.436225832
vn 0.9340929 -0.00269298838 0.357019871
vn 0.4860711 -0.00269293645 0.873915136
vn 0.9335999 -0.0242570769 0.357495248
vn 0.730735064 -0.0435463823 -0.681270838
vn 0.998161256 -0.0315705948 -0.051743418
vn 0.7319689 -0.01642853 -0.681139946
vn 0.9945766 -0.07430337 0.07277694
vn 0.994968534 -0.06892733 0.07270961
vn 0.80791533 -0.06892858 -0.585253537
vn 0.9992685 0.012323793 -0.0362022519
vn 0.7888398 0.0003315047 0.6145988
vn 0.9986627 -0.0396381281 -0.0331919231
vn 0.2243191 -0.0315758139 0.9740041
vn 0.797859132 -0.0164350737 0.602619946
vn -0.4565841 -0.0125237405 0.8895921
vn 0.222062334 -0.0214468632 0.9747966
vn -0.928828239 -0.004180824 0.370487
vn -0.4757966 -0.0400136225 0.8786447
vn -0.9532813 -0.03796194 -0.299689353
vn -0.923555851 -0.0168682411 0.3830927
vn -0.5449455 0.0118194548 -0.8383882
vn -0.954768658 -0.0400329269 -0.2946426
vn 0.2718157 -0.04174951 0.9614433
vn 0.271742 -0.0249651726 0.9620463
vn 0.8266825 -0.0249647237 0.562114656
vn -0.645349562 -0.0419998132 0.7627319
vn -0.645352066 -0.0574468672 0.7617221
vn -0.00354596972 -0.05744739 0.9983423
vn -0.909814358 -0.07293788 -0.4085559
vn -0.9102001 -0.06753006 -0.408626348
vn -0.959447563 -0.0675301 0.273678869
vn -0.53163743 -0.0339323431 -0.846292
vn 0.137135953 -0.0459295772 -0.9894868
vn -0.5311978 -0.01900243 -0.847034752
vn 0.244359523 -0.07293656 -0.9669378
vn 0.244357914 -0.06753059 -0.967330754
vn -0.4360904 -0.06753119 -0.897365451
vn 0.1293681 0.00690060854 -0.9915726
vn 0.736480057 0.00690429 -0.6764241
vn 0.1322252 -0.0390879735 -0.9904487
vn -0.607913 -0.0451019369 -0.7927217
vn 0.0446561277 -0.0631429255 -0.9970049
vn -0.607345045 -0.0276297871 -0.7939576
vn 0.07249199 -0.07424255 -0.994601965
vn 0.07249019 -0.0616955943 -0.9954591
vn -0.5854574 -0.0616938956 -0.808352351
vn 0.0303994417 0.008409665 -0.9995025
vn 0.665770531 0.008405738 -0.7461092
vn 0.0325383246 -0.0299655739 -0.9990212
vn 0.987418532 0.00114407763 -0.158124387
vn 0.8579929 0.0182881467 0.513336
vn 0.9873323 -0.0287636574 -0.156037435
vn 0.333440721 -0.004878905 0.942758441
vn -0.350050747 0.0227886084 0.9364535
vn 0.331576 -0.0292907152 0.942973733
vn -0.37153694 -0.05218537 0.9269504
vn -0.8809119 -0.05219096 0.470393866
vn -0.373316258 -0.0253838319 0.9273568
vn -0.8103484 -0.03895853 0.584651768
vn -0.8112415 -0.0153004043 0.584511
vn -0.245652154 -0.0153009193 0.969237268
vn -0.889703631 -0.00959572 0.4564378
vn -0.9743618 -0.03773142 -0.221800745
vn -0.8893531 -0.0221848562 0.456682473
vn -0.9374176 -0.0410426 -0.345779866
vn -0.9369871 -0.049241934 -0.3458763
vn -0.939802051 -0.0492410436 0.338152945
vn -0.9839269 -0.008944858 -0.178347751
vn -0.63952744 0.0258289631 -0.76833427
vn -0.983239233 -0.0296347141 -0.1798955
vn -0.9839354 0.016973732 0.177716091
vn -0.867922664 0.0169733874 -0.496409327
vn -0.9836344 0.03110034 0.177471548
vn -0.8269788 -0.01679337 -0.561982334
vn -0.8268773 0 -0.56238246
vn -0.99491775 0 0.10069108
vn -0.697414041 0 -0.7166685
vn -0.0735906139 0 -0.9972886
vn -0.69703573 0.0167955272 -0.716839731
vn 0.00395765947 -0.0311017875 -0.9995084
vn 0.00415015267 -0.0169708766 -0.9998474
vn -0.63958627 -0.0169707332 -0.768532038
vn 0.4361855 0.020033421 -0.899633765
vn 0.912468433 0.0200337116 -0.408656329
vn 0.436643153 0.04999638 -0.8982445
vn 0.9604066 -0.0499944277 -0.27407974
vn 0.961695135 -0.0200358573 -0.273388118
vn 0.5608542 -0.0200354625 -0.8276722
vn 0.9617087 0.02003508 0.273340464
vn 0.5608953 0.0200353768 0.8276442
vn 0.96042 0.04999731 0.274032265
vn 0.436644346 -0.04999695 0.8982439
vn 0.436186671 -0.0200343151 0.899633169
vn 0.9124689 -0.0200346317 0.408655226
vn -0.102168508 0.02003169 0.994565368
vn -0.7176578 0.0200326182 0.6961078
vn -0.103074178 0.0499980226 0.9934163
vn -0.8087773 -0.0499960631 0.5859862
vn -0.8102251 -0.0200337544 0.5857763
vn -0.244002461 -0.0200339928 0.969567657
vn 0.07206428 0.0200340915 0.9971988
vn -0.585896969 0.0200345945 0.810137868
vn 0.07097483 0.0499962233 0.9962244
vn -0.6947243 -0.0499914959 0.717536747
vn -0.6961846 -0.0200334061 0.7175833
vn -0.07191348 -0.0200333521 0.997209668
vn -0.938109159 0.01697335 0.3459235
vn -0.94093883 0.0169733539 -0.338150859
vn -0.937855065 0.0311020184 0.345630646
vn -0.9119834 -0.0167957358 -0.409883261
vn -0.9119529 0 -0.41029498
vn -0.962317348 0 0.271928817
vn -0.811279 0 -0.5846593
vn -0.245669127 0 -0.969353735
vn -0.8109376 0.0167963728 -0.5848916
vn -0.1696187 -0.03110333 -0.985018849
vn -0.169492021 -0.0169713851 -0.9853855
vn -0.7632963 -0.0169717018 -0.6458257
vn 0.273371369 0.0200314578 -0.961699963
vn 0.82766217 0.0200315714 -0.5608691
vn 0.27406463 0.0499949828 -0.9604109
vn 0.898229063 -0.0499943048 -0.436675161
vn 0.89961797 -0.0200352147 -0.436218
vn 0.408623278 -0.0200348925 -0.9124832
vn 0.99456203 0.0200344771 0.102200665
vn 0.6960844 0.0200348049 0.7176804
vn 0.99341315 0.0499956831 0.103105456
vn 0.5860127 -0.0499906242 0.8087583
vn 0.5858043 -0.0200332813 0.8102049
vn 0.9695762 -0.02003302 0.243968681
vn 0.8268691 0 -0.5623945
vn 0.9949192 0 0.100676857
vn 0.826970041 0.0167934224 -0.561995149
vn 0.983626068 -0.0311010424 0.177517861
vn 0.983927131 -0.0169724375 0.1777621
vn 0.867945731 -0.0169727858 -0.496369
vn 0.81019634 0.0200345218 0.585816145
vn 0.243954867 0.0200340655 0.969579637
vn 0.808748662 0.04999323 0.586025834
vn 0.10309507 -0.0499943048 0.9934143
vn 0.102191851 -0.0200315751 0.994563043
vn 0.7176747 -0.0200321414 0.696090341
vn -0.436170846 0.0200337432 0.899640858
vn -0.912462 0.0200343337 0.408670753
vn -0.4366268 0.0499965921 0.8982524
vn -0.960407 -0.04999434 0.27407822
vn -0.961695552 -0.0200358666 0.2733866
vn -0.560855567 -0.0200354829 0.82767123
vn -0.9617045 0.0200359 -0.273355275
vn -0.5608829 0.0200360622 -0.827652633
vn -0.960415661 0.04999729 -0.2740476
vn -0.4366406 -0.0499941073 -0.8982458
vn -0.436183065 -0.0200326573 -0.899634957
vn -0.91246736 -0.0200329833 -0.408658862
vn -0.004263699 0.0169749856 -0.9998468
vn 0.639499843 0.0169760268 -0.7686038
vn -0.00407651067 0.0311068762 -0.9995078
vn 0.6971006 -0.0167971756 -0.7167766
vn 0.697476447 0 -0.716607749
vn 0.0736764744 0 -0.9972822
vn -0.768586338 0.0169736538 -0.639520943
vn -0.177597985 0.016972959 -0.983956754
vn -0.7682034 0.03110258 -0.6394499
vn -0.101051725 -0.0167977437 -0.994739354
vn -0.100677945 0 -0.994919062
vn -0.716641366 0 -0.697441936
vn 0.1006769 0 -0.9949192
vn 0.7166407 0 -0.6974426
vn 0.101050563 0.0167977437 -0.9947395
vn 0.7682042 -0.0311024487 -0.639449
vn 0.768587 -0.0169736128 -0.6395201
vn 0.177598938 -0.016972933 -0.9839566
vn 0.938108563 0.0169721954 -0.345925272
vn 0.9409395 0.0169722084 0.338149279
vn 0.9378546 0.03110195 -0.345632017
vn 0.9119843 -0.0167968012 0.409881
vn 0.9119539 0 0.4102927
vn 0.9623167 0 -0.271931261
vn 0.811262131 0 0.5846827
vn 0.2456417 0 0.9693607
vn 0.810919762 0.0167954881 0.5849163
vn 0.169614866 -0.03110321 0.9850195
vn 0.16948694 -0.0169724915 0.985386252
vn 0.76329273 -0.0169726368 0.6458298
vn -0.169486836 0.0169720761 0.9853863
vn -0.76329273 0.0169722158 0.6458298
vn -0.169614911 0.03110287 0.9850195
vn -0.810918868 -0.0167955235 0.5849175
vn -0.8112613 0 0.5846838
vn -0.245640352 0 0.969361
vn -0.9119536 0 0.410293221
vn -0.9623169 0 -0.271930635
vn -0.9119841 0.0167968031 0.409881622
vn -0.9378549 -0.0311018154 -0.345631182
vn -0.938108861 -0.0169720612 -0.345924467
vn -0.9409391 -0.0169720687 0.3381501
vn 0.803827 -0.0351611078 -0.5938231
vn 0.998569846 -0.0534305647 0.00187840161
vn 0.947649 -0.0599343479 -0.313638717
vn 0.8089285 -0.0507223681 -0.5857149
vn 0.5819041 -0.0564283468 -0.8112974
vn 0.309010655 -4.05311539E-06 -0.9510586
vn 0.5975495 -0.0370857753 -0.800973952
vn 0.00497040525 0.0107567022 -0.9999298
vn -0.300898 -0.030208895 -0.9531778
vn 9.197742E-06 -1.21034682E-05 -1
vn -0.004976541 0.010756149 -0.9999298
vn -0.5975543 -0.0370841734 -0.800970435
vn -0.808927953 -0.05072135 -0.5857158
vn -0.561934 -0.0286062378 -0.8266873
vn -0.803827643 -0.0351608619 -0.5938223
vn -0.9436158 -0.0472250953 -0.327656955
vn -0.9991058 -0.0416201949 -0.007436824
vn -0.9418963 -0.0347672142 -0.33409968
vn -0.9544717 -0.0509589724 0.293916553
vn -0.806374252 -0.0573369972 0.5886196
vn -0.9567405 -0.04231705 0.287848741
vn -0.8119576 -0.04835531 0.58171016
vn -0.5956149 -0.054817006 0.801397562
vn -0.305774659 -0.059807986 0.950223565
vn -0.596997142 -0.05142163 0.8005937
vn -0.312973946 -0.0551300645 0.94816035
vn -0.00242967112 -0.0563904457 0.9984059
vn 0.312974423 -0.0551284924 0.948160231
vn 0.002424717 -0.05638896 0.998405933
vn 0.3057813 -0.0598080121 0.9502214
vn 0.5969934 -0.0514195859 0.800596654
vn 0.8119615 -0.0483562462 0.581704557
vn 0.595616 -0.0548170544 0.8013967
vn 0.80637455 -0.0573372245 0.5886192
vn 0.950487435 -0.064843744 0.303922683
vn 0.999382257 -0.0296506882 -0.0188670233
vn 0.9544718 -0.05095959 0.2939161
vn 0.9418961 -0.03476824 -0.3341003
vn -1.61975622E-05 -0.83805114 -0.5455917
vn 0.226038828 -0.8243514 -0.518990636
vn -0.2260407 -0.824350834 -0.518990755
vn -0.009998 -0.998341143 0.0567012243
vn -0.009998 -0.998341143 0.0567012243
vn -0.009998 -0.998341143 0.0567012243
vn -0.01839595 -0.997893155 0.062216524
vn -0.01839595 -0.997893155 0.062216524
vn -0.01839595 -0.997893155 0.062216524
vn -0.0423448868 -0.998471 0.03553191
vn -0.0423448868 -0.998471 0.03553191
vn -0.0423448868 -0.998471 0.03553191
vn 0.01774733 -0.99936986 -0.0307402369
vn 0.01774733 -0.99936986 -0.0307402369
vn 0.01774733 -0.99936986 -0.0307402369
vn 0.054378245 -0.9985181 0.00215089647
vn 0.054378245 -0.9985181 0.00215089647
vn 0.054378245 -0.9985181 0.00215089647
vn -0.999556661 -0.0132084172 0.0266831033
vn -0.9995478 -0.0147685623 0.0261946246
vn -0.9969864 -0.0234616343 0.07394386
vn -0.9995478 0.0147682866 -0.0261944048
vn -0.996986449 0.0234613586 -0.0739436448
vn -0.999556661 0.0132081425 -0.02668289
vn 0.0351686962 -0.99924463 0.016533725
vn 0.0351686962 -0.99924463 0.016533725
vn 0.0351686962 -0.99924463 0.016533725
vn 0.0462129824 -0.9988895 -0.009173678
vn 0.0462129824 -0.9988895 -0.009173678
vn 0.0456957258 -0.998871744 -0.01293037
vn 0.0456957258 -0.998871744 -0.01293037
vn 0.0510718673 -0.998691142 -0.002776071
vn 0.0511874445 -0.9986858 -0.00255738827
vn 0.0511874445 -0.9986858 -0.00255738827
vn 0.0511874445 -0.9986858 -0.00255738827
vn 0.0363201 -0.999283135 0.0106843989
vn 0.0363201 -0.999283135 0.0106843989
vn 0 -1 9.548305E-06
vn 0 -1 9.548305E-06
vn 0 -1 9.548305E-06
vn 0.00758569 -0.9986215 -0.0519381352
vn 0.00758569 -0.9986215 -0.0519381352
vn 0.00758569 -0.9986215 -0.0519381352
vn 0.0108034331 -0.9991295 -0.04029365
vn 0.0108034331 -0.9991295 -0.04029365
vn 0.0108034331 -0.9991295 -0.04029365
vn 0.0572357476 -0.9975225 0.04090275
vn 0.0572357476 -0.9975225 0.04090275
vn 0.0572357476 -0.9975225 0.04090275
vn 0.0402426757 -0.996232569 -0.076819405
vn 0.0402426757 -0.996232569 -0.076819405
vn 0.0402426757 -0.996232569 -0.076819405
vn -0.00237186067 -0.999594033 0.0283922646
vn -0.00237186067 -0.999594033 0.0283922646
vn -0.00237186067 -0.999594033 0.0283922646
vn -0.009442973 -0.999952555 0.00239229621
vn -0.009442973 -0.999952555 0.00239229621
vn -0.009442973 -0.999952555 0.00239229621
vn 0 -1 -2.108975E-06
vn 0 -1 -2.108975E-06
vn 0 -1 -2.108975E-06
vn 0 -1 -4.282137E-06
vn 0 -1 -4.282137E-06
vn 0 -1 -2.588139E-06
vn 0 -1 -2.588139E-06
vn 0 -1 0
vn -0.0419077277 -0.99909085 -0.007821783
vn -0.0419077277 -0.99909085 -0.007821783
vn -0.0570255779 -0.998372734 -8.922881E-05
vn -0.0570255779 -0.998372734 -8.922881E-05
vn -0.0257216655 -0.999611437 -0.0107438387
vn -0.0257216655 -0.999611437 -0.0107438387
vn -0.00452543469 -0.9997955 -0.0197126
vn 0 -1 8.213654E-06
vn 0 -1 8.213654E-06
vn 0.0259687714 -0.9996624 0.000883369648
vn 0.0259687714 -0.9996624 0.000883369648
vn 0.0194366556 -0.999808848 -0.002145363
vn 0.0194366556 -0.999808848 -0.002145363
vn 0 -1 2.458274E-06
vn -0.0068566897 -0.999946654 0.00772720343
vn -0.0068566897 -0.999946654 0.00772720343
vn -0.0068566897 -0.999946654 0.00772720343
vn 0.00377241662 -0.9999255 0.0116093019
vn 0.0443935655 -0.9987322 0.02373153
vn 0.0443935655 -0.9987322 0.02373153
vn -0.0505448356 -0.998255134 -0.0305267982
vn -0.0505448356 -0.998255134 -0.0305267982
vn -0.0505448356 -0.998255134 -0.0305267982
vn -0.03723626 -0.9960908 0.08010337
vn -0.03723626 -0.9960908 0.08010337
vn -0.03723626 -0.9960908 0.08010337
vn 0.08803762 -0.9961172 0
vn 0.08803762 -0.9961172 0
vn 0.08803762 -0.9961172 0
vn 0.236501113 -0.9684873 0.0780997
vn 0.236501113 -0.9684873 0.0780997
vn 0.236501113 -0.9684873 0.0780997
vn -0.0602316931 -0.9784044 -0.197729647
vn -0.0602316931 -0.9784044 -0.197729647
vn -0.0602316931 -0.9784044 -0.197729647
vn 0 -1 2.26430825E-06
vn 0 -1 2.26430825E-06
vn 0 -1 2.26430825E-06
vn -0.015726937 -0.9998374 0.008827808
vn -0.015726937 -0.9998374 0.008827808
vn -0.015726937 -0.9998374 0.008827808
vn -0.00167053461 -0.999681234 -0.02519117
vn -0.00167053461 -0.999681234 -0.02519117
vn -0.00167053461 -0.999681234 -0.02519117
vn -0.0102186054 -0.9999478 4.18141935E-05
vn -0.0102186054 -0.9999478 4.18141935E-05
vn -0.0102186054 -0.9999478 4.18141935E-05
vn 0.00709808 -0.998793364 0.048594214
vn 0.00709808 -0.998793364 0.048594214
vn 0.00709808 -0.998793364 0.048594214
vn 0.0553567745 -0.9945387 0.0884778053
vn 0.0553567745 -0.9945387 0.0884778053
vn 0.0553567745 -0.9945387 0.0884778053
vn 0 -1 -3.399006E-06
vn 0 -1 -3.399006E-06
vn 0 -1 -3.399006E-06
vn -0.0331104547 -0.9959931 0.08307549
vn -0.0331104547 -0.9959931 0.08307549
vn -0.0331104547 -0.9959931 0.08307549
vn 0.0482462 -0.993894756 -0.09922452
vn 0.0482462 -0.993894756 -0.09922452
vn 0.0482462 -0.993894756 -0.09922452
vn -0.0133098327 -0.9996957 0.0207686462
vn -0.0133098327 -0.9996957 0.0207686462
vn -0.0133098327 -0.9996957 0.0207686462
vn 0.0408065952 -0.9991662 0.00133104925
vn 0.0408065952 -0.9991662 0.00133104925
vn 0.0408065952 -0.9991662 0.00133104925
vn -0.0912145 -0.9951368 -0.0371856
vn -0.0912145 -0.9951368 -0.0371856
vn -0.0912145 -0.9951368 -0.0371856
vn 0.03774831 -0.9990609 -0.021267673
vn 0.03774831 -0.9990609 -0.021267673
vn 0.03774831 -0.9990609 -0.021267673
vn 0 -1 0
vn 0 -1 0
vn 0 -1 2.42408964E-06
vn 0 -1 0
vn 0 -1 2.42408964E-06
vn 0.0334497131 -0.9993952 0.009506936
vn 0.0334497131 -0.9993952 0.009506936
vn 0 -1 -1.88059289E-06
vn 0 -1 0
vn 0 -1 -1.88059289E-06
vn 0.0220464319 -0.999754846 -0.00207727379
vn 0 -1 0
vn 0 -1 0
vn 0 -1 -3.01417E-06
vn 0 -1 -3.01417E-06
vn 0.0403908975 -0.9991185 0.0114380457
vn 0.0403908975 -0.9991185 0.0114380457
vn 0.000833052967 -0.999826849 0.01859212
vn 0.000833052967 -0.999826849 0.01859212
vn -0.00129877054 -0.9999194 0.0126288235
vn -0.0162640288 -0.999849856 0.005980459
vn -0.0162640288 -0.999849856 0.005980459
vn -0.0278401766 -0.9995814 0.007874428
vn -0.0278401766 -0.9995814 0.007874428
vn 0 -1 7.378201E-07
vn 0 -1 7.378201E-07
vn 0 -1 -3.71240026E-06
vn -0.0224324428 -0.9997484 0
vn 0 -1 -3.71240026E-06
vn 0 -1 -3.71240026E-06
vn -0.01898223 -0.9997713 -0.009849877
vn -0.01898223 -0.9997713 -0.009849877
vn 0.0005565007 -0.9998798 -0.0154960938
vn -0.01876969 -0.9997577 -0.0115004722
vn 0.0103149386 -0.9997367 -0.02049748
vn 0.0306070484 -0.999070764 0.0303447284
vn 0 -1 0
vn 0.0306070484 -0.999070764 0.0303447284
vn 0.0306070484 -0.999070764 0.0303447284
vn -0.012143773 -0.999737263 -0.0194408558
vn 0 -1 0
vn -0.012143773 -0.999737263 -0.0194408558
vn -0.012143773 -0.999737263 -0.0194408558
vn 0 -1 0
vn 0 -1 0
vn 0 -1 0
vn 0 -1 0
vn 0 -1 0
vn 0.0138118127 -0.9998279 0.0123827709
vn 0.0138118127 -0.9998279 0.0123827709
vn 0.0138118127 -0.9998279 0.0123827709
vn -0.07767799 -0.996450543 0.03244173
vn -0.07767799 -0.996450543 0.03244173
vn -0.07767799 -0.996450543 0.03244173
vn -0.046581395 -0.998878062 0.008533681
vn -0.046581395 -0.998878062 0.008533681
vn 0.10277079 -0.990228 -0.0942695
vn 0.10277079 -0.990228 -0.0942695
vn 0.10277079 -0.990228 -0.0942695
vn -0.0168869 -0.9985051 0.0519852228
vn -0.0168869 -0.9985051 0.0519852228
vn -0.0168869 -0.9985051 0.0519852228
vn -0.0145690367 -0.9969296 0.07693578
vn -0.0145690367 -0.9969296 0.07693578
vn -0.0145690367 -0.9969296 0.07693578
vn -0.0005924964 -0.9959137 -0.0903083757
vn -0.0005924964 -0.9959137 -0.0903083757
vn -0.0005924964 -0.9959137 -0.0903083757
vn -0.0286704414 -0.999512136 -0.0123899328
vn -0.0286704414 -0.999512136 -0.0123899328
vn -0.0286704414 -0.999512136 -0.0123899328
vn -0.118429683 -0.9904242 -0.07095309
vn -0.118429683 -0.9904242 -0.07095309
vn -0.118429683 -0.9904242 -0.07095309
vn -0.0198556967 -0.9995403 0.0229117144
vn -0.0198556967 -0.9995403 0.0229117144
vn -0.0198556967 -0.9995403 0.0229117144
vn 0.136416882 -0.9855112 0.100787707
vn 0.136416882 -0.9855112 0.100787707
vn 0.136416882 -0.9855112 0.100787707
vn 0.1757818 -0.9487937 0.262471378
vn 0.1757818 -0.9487937 0.262471378
vn 0.1757818 -0.9487937 0.262471378
vn -0.04754442 -0.9914418 -0.121584214
vn -0.04754442 -0.9914418 -0.121584214
vn -0.04754442 -0.9914418 -0.121584214
vn 0.06549555 -0.9966559 -0.0488612875
vn 0.06549555 -0.9966559 -0.0488612875
vn 0.06549555 -0.9966559 -0.0488612875
vn 0.0117001552 -0.999357641 0.03387285
vn 0.0117001552 -0.999357641 0.03387285
vn 0.0117001552 -0.999357641 0.03387285
vn 0.0365485176 -0.981217146 -0.189412639
vn 0.0365485176 -0.981217146 -0.189412639
vn 0.0365485176 -0.981217146 -0.189412639
vn -0.0342555568 -0.9994038 -0.004312971
vn -0.0342555568 -0.9994038 -0.004312971
vn -0.0342555568 -0.9994038 -0.004312971
vn -0.0391547754 -0.9957762 0.0830467343
vn -0.0391547754 -0.9957762 0.0830467343
vn -0.0391547754 -0.9957762 0.0830467343
vn 0.0263004564 -0.9996526 -0.00169883086
vn 0.0263004564 -0.9996526 -0.00169883086
vn 0.0263004564 -0.9996526 -0.00169883086
vn 0.02301118 -0.9985611 0.0484383553
vn 0.02301118 -0.9985611 0.0484383553
vn 0.02301118 -0.9985611 0.0484383553
vn 0.020728074 -0.9988841 0.0424379073
vn 0.020728074 -0.9988841 0.0424379073
vn 0.020728074 -0.9988841 0.0424379073
vn 0 1 0
vn 0 1 0
vn 0 1 0
vn 0 1 -2.02661272E-06
vn 0 1 -2.02661272E-06
vn 0 1 -2.02661272E-06
vn 0 1 0
vn 0 1 0
vn 0 1 0
vn 0 1 0
vn 0 1 -1.32441653E-06
vn 0 1 -1.32441653E-06
vn 0 1 -1.32441653E-06
vn 0 1 4.41313E-06
vn 0 1 0
vn 0 1 6.38548272E-06
vn 0 1 6.38548272E-06
vn 0 1 0
vn 0 1 0
vn 0 1 0
vn 0 1 9.708487E-06
vn 0 1 9.708487E-06
vn 0 1 2.99890485E-06
vn 0 1 -3.08072117E-06
vn 0 1 -3.08072117E-06
vn 0 1 3.42709313E-06
vn 0 1 1.02470693E-07
vn 0 1 2.99890485E-06
vn 0 1 2.99890485E-06
vn 0 1 1.48524134E-06
vn 0 1 1.48524134E-06
vn 0 1 1.48524134E-06
vn 0 1 0
vn 0 1 0
vn 0 1 -2.169019E-06
vn 0 1 0
vn 0 1 0
vn 0 1 4.48981655E-06
vn 0 1 4.48981655E-06
vn 0 1 4.48981655E-06
vn 0 1 0
vn 0 1 0
vn 0 1 0
vn 0 1 1.02470693E-07
vn 0 1 1.02470693E-07
vn 0 1 0
vn 0 1 0
vn 0 1 0
vn 0 1 0
vn 0 1 0
vn 0 1 0
vn 0 1 0
vn 0 1 -4.21923141E-06
vn 0 1 0
vn 0 1 0
vn 0 1 0
vn 0 1 0
vn 0 1 0
vn 0 1 0
vn 0 1 0
vn 0 1 0
vn 0 1 0
vn 0 1 0
vn 0 1 -4.21923141E-06
vn 0 1 -4.21923141E-06
vn 0 1 0
vn 0 1 1.04594631E-06
vn 0 1 0
vn 0 1 0
vn 0 1 0
vn 0 1 0
vn 0 1 2.8333352E-06
vn 0 1 4.00327963E-06
vn 0 1 4.00327963E-06
vn 0 1 0
vn 0 1 1.04594631E-06
vn 0 1 0
vn 0 1 0
vn 0 1 0
vn 0 1 0
vn 0 1 0
vn 0 1 -2.08296442E-05
vn 0 1 -2.08296442E-05
vn 0 1 1.76927267E-06
vn 0 1 0
vn 0 1 0
vn 0 1 0
vn 0 1 0
vn 0 1 -2.71214753E-06
vn 0 1 -2.71214753E-06
vn 0 1 1.1744105E-06
vn 0 1 1.1744105E-06
vn 0 1 1.1744105E-06
vn 0 1 0
vn 0 1 0
vn 0 1 0
vn 0 1 0
vn 0 1 0
vn 0 1 0
vn 0.5418714 -0.06424768 0.8380022
vn -0.125107035 -0.08231991 0.988722265
vn 0.540884554 -0.0408757962 0.84010303
vn -0.0722383261 -0.0784757957 0.9942953
vn -0.0724886656 -0.0579218455 0.995685935
vn 0.585471034 -0.0579226166 0.808621466
vn -0.103516795 -0.001574807 0.994626462
vn -0.7185498 0.009030826 0.6954169
vn -0.104681045 -0.025900688 0.9941685
vn -0.726857364 -0.06615935 0.6835944
vn -0.995542765 -0.07687891 0.054628402
vn -0.7293642 -0.0389630944 0.6830152
vn -0.993147552 -0.057921797 0.101503693
vn -0.69467634 -0.0579227656 0.7169866
vn -0.997489035 -0.001572542 0.07080391
vn -0.8096462 0.009029464 -0.5868488
vn -0.7994474 -0.06615956 -0.59708184
vn -0.226706952 -0.07688128 -0.97092396
vn -0.7993121 -0.0389593281 -0.5996518
vn -0.2724198 -0.05792064 -0.960433543
vn -0.826750159 -0.0579206869 -0.5595797
vn -0.246802062 -0.005510086 -0.9690503
vn 0.433653742 0.012226562 -0.9009966
vn 0.454773128 -0.06424571 -0.888287067
vn 0.9188216 -0.08231556 -0.3859936
vn 0.4570849 -0.040872857 -0.888483465
vn 0.810003459 -0.03746959 -0.5852269
vn 0.8112928 -0.00637704832 -0.584605336
vn 0.245699748 -0.00637720339 -0.969325
vn 0.914910734 -0.0348978452 -0.402144969
vn 0.9592196 -0.0349013843 0.280499041
vn 0.9152545 -0.0258392822 -0.402046829
vn 0.563507557 0.01222504 0.8260204
vn 0.962015152 -0.0260208342 0.2717532
vn 0.9368984 -0.0505893826 0.345922083
vn 0.9369229 -0.0501301177 0.34592253
vn 0.939771652 -0.050131008 -0.338106781
vn 0.881043136 0.0117071159 -0.472891033
vn 0.9789345 -0.015025205 0.203620911
vn 0.881049156 -0.0241620485 -0.472407162
vn 0.9811751 -0.09150396 0.170065939
vn 0.6413407 -0.07537004 0.7635454
vn 0.9837246 -0.04511103 0.173928112
vn 0.7155199 -0.08000124 0.6939964
vn 0.71646446 -0.05193008 0.6956881
vn 0.996097147 -0.0519299619 0.07137132
vn 0.626492262 0.007863915 0.779387951
vn -0.0208694339 -0.008565438 0.999745548
vn 0.6258784 -0.0229099821 0.7795841
vn 0.0028141737 -0.0915051 0.9958007
vn -0.6406034 -0.07536937 0.7641641
vn -0.0005470812 -0.0451178923 0.998981535
vn -0.559169 -0.0799994543 0.825184941
vn -0.560671 -0.0519320257 0.826408565
vn 0.102678195 -0.0519309044 0.993358135
vn -0.6518774 -0.0009906963 0.7583238
vn -0.9868073 -0.0009906772 0.16189611
vn -0.6522043 -0.0229751244 0.757695
vn -0.9809085 -0.09519681 0.169576079
vn -0.8603737 -0.07843098 -0.5035929
vn -0.9848124 -0.04836408 0.166750014
vn -0.9692173 -0.036396265 -0.243501917
vn -0.969342768 0.00234523579 -0.245701224
vn -0.9004741 0.002345221 0.434903443
vn -0.350207537 -0.0122574586 -0.9365919
vn 0.333307654 0.01369842 -0.9427186
vn -0.3374616 -0.0449763946 -0.9402642
vn -0.307903439 -0.0692274 -0.9488957
vn -0.847421169 -0.03750281 -0.529595
vn -0.8474167 -0.0354410261 -0.5297442
vn 0.354161561 -0.0896257 -0.930879653
vn 0.8710832 -0.08962722 -0.482888162
vn 0.358159184 -0.05163817 -0.9322315
vn 0.8076322 -0.08113686 -0.584077954
vn 0.8095116 -0.0527014956 -0.5847338
vn 0.243286282 -0.0527024157 -0.968521655
vn -0.681246161 -0.04354832 -0.730757952
vn -0.0517576 -0.0315690972 -0.9981606
vn -0.6811146 -0.0164305065 -0.7319925
vn -0.100712895 -0.0417537875 -0.994039059
vn -0.100533843 -0.0249663051 -0.9946203
vn -0.716497242 -0.02496643 -0.697143
vn -0.0365896262 -0.0103967041 -0.99927634
vn 0.614167154 -0.02239225 -0.788858235
vn -0.0366636552 -0.0213055853 -0.999100566
vn 0.974204957 0.01181955 -0.225355372
vn 0.603405356 -0.04003398 -0.796429038
vn 0.7680287 -0.0395006835 -0.6391961
vn 0.76787585 -0.05492339 -0.6382398
vn 0.176898465 -0.05492225 -0.9826955
vn 0.974090934 -0.04337337 -0.221958458
vn 0.8889238 -0.0351520665 0.4567043
vn 0.9750548 -0.0182684585 -0.22121118
vn 0.370928973 -0.0275143143 0.9282536
vn 0.88096565 -0.0223694779 0.472651243
vn -0.2996493 0.006903158 0.954024434
vn 0.380659074 -0.039085824 0.923889041
vn 0.911182046 -0.04276413 0.409778565
vn 0.911614656 -0.0259626638 0.4102251
vn 0.9619597 -0.0259621963 -0.271955073
vn 0.169488356 -0.03949902 0.9847403
vn 0.168739066 -0.054922156 0.9841294
vn 0.7625851 -0.05492271 0.6445521
vn -0.292194784 -0.04354804 0.95536685
vn -0.838558853 -0.03157234 0.5438954
vn -0.293328732 -0.0164295062 0.95587045
vn -0.9902518 -0.0223884229 -0.1374778
vn -0.846900642 -0.0213021524 0.5313243
vn -0.676405132 0.00690124929 -0.736497462
vn -0.990438 -0.0390859619 -0.132306159
vn -0.810516238 -0.0417515673 0.584226251
vn -0.8111088 -0.02496543 0.584362268
vn -0.245463744 -0.0249652 0.969084263
vn -0.937558949 -0.0394988954 -0.345576465
vn -0.936654568 -0.0549219958 -0.345921755
vn -0.939487338 -0.05492203 0.338152617
vn -0.7940626 -0.0158189628 0.6076301
vn -0.9984143 -0.03386822 -0.0449652933
vn -0.793844163 -0.02309832 0.6076824
vn -0.180251569 -0.06342135 0.9815738
vn -0.181926981 -0.01868634 0.9831345
vn -0.9831 -0.0435139239 -0.177822918
vn -0.9826902 -0.0513906479 -0.177985653
vn -0.866692662 -0.0513907261 0.4961884
vn -0.999505341 0.00840915 -0.0303052645
vn -0.7461401 0.008409164 -0.665735841
vn -0.9990243 -0.0299695488 -0.0324389
vn -0.158127576 0.00114291534 -0.987418056
vn 0.5133335 0.0182872657 -0.8579944
vn -0.156039909 -0.0287665874 -0.9873318
vn 0.9427719 -0.00487774238 -0.3334026
vn 0.9364393 0.02278963 0.3500887
vn 0.942988038 -0.02928941 -0.331535339
vn 0.926923931 -0.05218372 0.371603072
vn 0.470333129 -0.0521827 0.8809448
vn 0.927329659 -0.0253839865 0.373383671
vn 0.434866339 -0.06287373 0.898297369
vn 0.911128 -0.0628725737 0.40729937
vn 0.455089778 0.0229129884 0.8901507
vn -0.223106921 -0.00522093335 0.97478
vn -0.696435 -0.0398737863 0.7165113
vn -0.6973587 -0.0160668213 0.7165421
vn -0.0735348761 -0.0160665568 0.997163236
vn -0.07109146 -0.02736011 0.9970945
vn -0.0724183246 -0.0530218557 0.995964
vn 0.5855432 -0.0530227721 0.8089053
vn 0.0724182948 0.0530218668 0.995964
vn -0.5855432 0.0530227721 0.8089053
vn 0.07109144 0.0273600817 0.9970945
vn -0.9621086 -0.01594844 0.27219972
vn -0.961887 -0.03189742 0.271580577
vn -0.5619776 -0.0318979248 0.8265372
vn -0.9690008 0.0375321172 0.244190231
vn -0.899038553 0.03753278 -0.436257958
vn -0.9686578 0.0458952822 0.244122431
vn -0.7630807 -0.031103598 -0.645554364
vn -0.763219237 -0.0169728044 -0.6459167
vn -0.9998477 -0.0169728082 -0.00406539533
vn -0.408785284 0.0200334676 -0.9124107
vn 0.273520172 0.0200335 -0.961657643
vn -0.40742746 0.04999545 -0.911868036
vn 0.407427639 -0.04999549 -0.911868
vn 0.408785433 -0.0200335048 -0.9124106
vn -0.273520082 -0.0200335383 -0.961657643
vn 0.763219237 0.0169728044 -0.6459167
vn 0.9998477 0.0169728082 -0.00406539533
vn 0.7630807 0.031103598 -0.645554364
vn 0.968657732 -0.0458952636 0.244122744
vn 0.9690007 -0.03753212 0.244190425
vn 0.8990387 -0.037532784 -0.43625775
vn 0.961886466 0.03189746 0.2715825
vn 0.561975956 0.0318979323 0.8265383
vn 0.962108 0.0159485377 0.272201836
vn 0.8101968 0.0200340543 0.5858154
vn 0.243955329 0.020033747 0.9695795
vn 0.808749735 0.04999187 0.5860245
vn 0.103092879 -0.04999546 0.993414462
vn 0.102188133 -0.0200337563 0.994563341
vn 0.717671752 -0.020034099 0.6960933
vn -0.4361867 0.02003364 0.899633169
vn -0.91246897 0.0200339612 0.4086551
vn -0.436644346 0.0499954335 0.898243964
vn -0.960419357 -0.0499960445 0.274034947
vn -0.96170795 -0.02003428 0.273343176
vn -0.560893 -0.0200345963 0.8276459
vn 0.343135357 0.010395091 -0.9392285
vn 0.345884383 -0.03290827 -0.937699854
vn -0.338145047 -0.0329077765 -0.9405185
vn -0.004346311 0.0329078734 -0.999448955
vn 0.639403 0.0329084024 -0.768167257
vn -0.00123879313 -0.0104006333 -0.999945164
vn -0.768605351 0.0169743579 -0.639498
vn -0.177626714 0.0169739537 -0.983951569
vn -0.768224 0.0311029274 -0.6394252
vn -0.101034164 -0.0167975817 -0.994741142
vn -0.100662053 0 -0.9949207
vn -0.7166306 0 -0.697453
vn 0.10066101 0 -0.9949208
vn 0.7166298 0 -0.6974538
vn 0.101033032 0.016797578 -0.994741261
vn 0.768225431 -0.0311016217 -0.639423549
vn 0.768606246 -0.0169729944 -0.6394969
vn 0.1776279 -0.0169726815 -0.98395133
vn 0.9381078 0.0169730019 -0.345927358
vn 0.9409402 0.0169729888 0.3381471
vn 0.9378537 0.031103272 -0.345634222
vn 0.826745331 -0.04589514 0.560701132
vn 0.8270444 -0.03753283 0.560882151
vn 0.9940241 -0.0375328027 -0.1025059
vn 0.810976267 0.0318991728 0.584208846
vn 0.245367587 0.0318988971 0.968905151
vn 0.8109739 0.0159518756 0.584864855
vn -0.407847553 -0.0273592286 0.9126401
vn -0.408705235 -0.05302097 0.911125064
vn 0.2735993 -0.0530215725 0.960381269
vn -0.169308811 0.0329088047 0.9850135
vn -0.7631037 0.03290832 0.6454376
vn -0.172453716 -0.0103943311 0.9849628
vn -0.994759 -0.015949022 0.10099563
vn -0.9944332 -0.0318980552 0.100424483
vn -0.6969324 -0.0318980664 0.716427147
vn -0.996682763 0.03753277 0.07221297
vn -0.809595466 0.037532676 -0.585787058
vn -0.996333241 0.0458960049 0.0722057
vn -0.6393938 -0.0311035682 -0.7682501
vn -0.639467 -0.0169725 -0.7686312
vn -0.98395294 -0.0169724841 -0.1776191
vn -0.244132817 0.02003312 -0.9695349
vn 0.4363152 0.02003352 -0.8995709
vn -0.242890045 0.0499953143 -0.9687646
vn 0.559540451 -0.0499924049 -0.827294
vn 0.560972154 -0.0200342461 -0.8275922
vn -0.1023763 -0.0200338475 -0.994544
vn 0.863787234 0.0169730447 -0.503570855
vn 0.9853635 0.0169730112 0.169619337
vn 0.863588 0.03110347 -0.5032379
vn 0.9115484 -0.0458956659 0.408623457
vn 0.9118745 -0.037533097 0.40874967
vn 0.961123645 -0.037533097 -0.273555547
vn 0.900114536 0.03189818 0.434484
vn 0.4099139 0.03189867 0.911566257
vn 0.9002253 0.0159483384 0.435132325
vn -0.243153766 -0.0273586214 0.96960187
vn -0.244265363 -0.0530209355 0.968257844
vn 0.436182678 -0.05302156 0.8982947
vn -0.101638377 0.05302085 0.9934075
vn -0.7171189 0.05302137 0.69493103
vn -0.103143156 0.02735928 0.9942902
vn -0.5938189 -0.0351644754 -0.803829968
vn 0.00188343879 -0.0534340367 -0.9985696
vn -0.3136344 -0.05993771 -0.947650254
vn -0.5857264 -0.05072239 -0.8089202
vn -0.8112938 -0.056429442 -0.58190906
vn -0.9510586 -2.01910734E-06 -0.3090106
vn -0.800966442 -0.03708243 -0.59755975
vn -0.9999297 0.0107583413 -0.00498325238
vn -0.953183055 -0.0302094687 0.300881147
vn -1 -9.987503E-06 -9.01520252E-06
vn -0.9999297 0.0107568055 0.004987017
vn -0.800964 -0.03708203 0.597563148
vn -0.585729957 -0.0507205 0.808917761
vn -0.826678753 -0.0286075324 0.561946452
vn -0.5938179 -0.03516038 0.8038309
vn -0.327643216 -0.0472226627 0.9436207
vn -0.007430338 -0.04162123 0.9991058
vn -0.334108233 -0.0347691067 0.9418932
vn 0.2939092 -0.0509638153 0.954473734
vn 0.5886245 -0.0573426373 0.806370258
vn 0.287835956 -0.0423185825 0.956744254
vn 0.5817162 -0.04835757 0.811953068
vn 0.801389 -0.0548222922 0.5956259
vn 0.9502259 -0.05980967 0.305767238
vn 0.800593 -0.05142019 0.5969982
vn 0.9481604 -0.0551263727 0.3129744
vn 0.998405933 -0.0563887358 0.00243035913
vn 0.9481604 -0.05512688 -0.312974244
vn 0.998405933 -0.05638893 -0.00243043923
vn 0.9502244 -0.05981153 -0.3057715
vn 0.800592959 -0.0514214747 -0.5969981
vn 0.5817125 -0.0483606756 -0.8119556
vn 0.801391363 -0.0548246838 -0.59562254
vn 0.5886202 -0.05734198 -0.806373537
vn 0.303923279 -0.0648471862 -0.950486958
vn -0.0188711025 -0.029654311 -0.9993821
vn 0.293912023 -0.05096416 -0.95447284
vn -0.334104985 -0.0347711369 -0.9418943
vn -0.545583665 -0.8380564 -1.59516949E-05
vn -0.518983543 -0.824355364 -0.226040691
vn -0.5189832 -0.824356 0.2260391
vn 0.05670049 -0.9983412 0.00999507
vn 0.05670049 -0.9983412 0.00999507
vn 0.05670049 -0.9983412 0.00999507
vn 0.0622155257 -0.9978933 0.0183927361
vn 0.0622155257 -0.9978933 0.0183927361
vn 0.0622155257 -0.9978933 0.0183927361
vn 0.03553137 -0.9984709 0.0423481427
vn 0.03553137 -0.9984709 0.0423481427
vn 0.03553137 -0.9984709 0.0423481427
vn -0.0307421926 -0.9993697 -0.01775144
vn -0.0307421926 -0.9993697 -0.01775144
vn -0.0307421926 -0.9993697 -0.01775144
vn 0.00215150835 -0.9985183 -0.0543745868
vn 0.00215150835 -0.9985183 -0.0543745868
vn 0.00215150835 -0.9985183 -0.0543745868
vn 0.086615786 2.58683622E-06 -0.9962418
vn 0.448213518 0.0006072049 -0.8939264
vn 0.0866161361 -0.0002047047 -0.996241748
vn 0.448402673 9.018661E-06 -0.8938317
vn 0.7569952 1.55195612E-05 -0.6534205
vn 0.7569942 -6.304747E-05 -0.65342164
vn 0.94472146 1.54078E-05 -0.327873945
vn 0.9447228 -8.976081E-06 -0.327870339
vn 0.999032557 1.54823083E-05 0.0439771228
vn 0.9990325 -8.976072E-06 0.04397775
vn 0.9122574 1.54599547E-05 0.409617484
vn 0.9122576 -8.976074E-06 0.409617
vn 0.6966537 1.554191E-05 0.7174076
vn 0.6966497 -8.97608152E-06 0.717411458
vn 0.382667124 1.54003519E-05 0.9238863
vn 0.3826595 -8.97608E-06 0.923889458
vn -0.00454777526 0.0003235169 0.9999896
vn -0.00464864075 7.132499E-05 0.9999892
vn -0.086615786 -2.589921E-06 -0.9962418
vn -0.448213518 -0.0006072049 -0.8939264
vn -0.08661615 0.000204712152 -0.996241748
vn -0.448403269 -9.01866E-06 -0.8938314
vn -0.7569952 -1.553446E-05 -0.6534205
vn -0.7569942 8.976063E-06 -0.65342164
vn -0.94472146 -1.53929E-05 -0.327873945
vn -0.94472307 8.976083E-06 -0.327869326
vn -0.999032557 -1.54748577E-05 0.0439771749
vn -0.9990325 8.976072E-06 0.0439774841
vn -0.9122576 -1.5467409E-05 0.409617
vn -0.9122574 8.976073E-06 0.409617484
vn -0.6966537 -1.554191E-05 0.7174076
vn -0.6966497 8.97608152E-06 0.717411458
vn -0.382667124 -1.54003519E-05 0.9238863
vn -0.3826595 8.97608E-06 0.923889458
vn 0.00454776036 -0.0003235169 0.9999896
vn 0.00464819372 -7.128981E-05 0.9999892
vn 0.0424635 -0.9990472 -0.0100785224
vn 0.0424635 -0.9990472 -0.0100785224
vn 0.0424635 -0.9990472 -0.0100785224
vn 0.05299369 -0.9970089 -0.05625768
vn 0 -1 -2.04386083E-06
vn 0 -1 -2.04386083E-06
vn 0 -1 -2.04386083E-06
vn 0.00353840366 -0.99982965 -0.0181153286
vn 0.00668893429 -0.999836743 -0.0167847313
vn -0.04421024 -0.9989672 -0.0104908627
vn -0.04421024 -0.9989672 -0.0104908627
vn -0.04421024 -0.9989672 -0.0104908627
vn -0.05042637 -0.9977938 -0.04318339
vn 0 -1 0
vn 0 -1 0
vn 0 -1 0
vn 0 -1 1.557482E-06
vn 0.00367615069 -0.9999882 0.00319467927
vn 0.00367615069 -0.9999882 0.00319467927
vn 0.00367615069 -0.9999882 0.00319467927
vn 0 -1 0
vn 0 -1 0
vn 0 -1 0
vn 0 -1 6.82839436E-06
vn 0 -1 0
vn 0 -1 0
vn -0.0157389957 -0.999344766 0.03259435
vn -0.0157389957 -0.999344766 0.03259435
vn -0.0157389957 -0.999344766 0.03259435
vn -0.0359386 -0.9989098 0.0297936127
vn -1 0 2.05636024E-05
vn -1 0 2.17855E-05
vn -0.766030133 -1.67489052E-05 -0.642804742
vn -0.7660302 0 -0.6428047
vn -0.17367 0 -0.9848039
vn -0.1736506 0 -0.9848074
vn 0.499982446 0 -0.8660355
vn 0.4999806 0 -0.8660366
vn 0.939685345 0 -0.342040151
vn 0.939685345 0 -0.342040151
vn 0.9397003 0 0.3419991
vn 0.9396996 0 0.342001051
vn 0.499995053 0 0.8660283
vn 0.5000171 0 0.866015553
vn -0.173671961 0 0.984803557
vn -0.173642486 0 0.984808743
vn -0.766031 0 0.6428036
vn -0.766030252 0 0.642804563
vn -1 -1.67489052E-05 -2.0340085E-05
vn -1 0 -2.04741955E-05
vn 0 -1 0
vn 0 -1 0
vn 0 -1 0
vn 0 -1 0
vn 0 -1 0
vn 0 -1 0
vn 0 -1 0
vn 0 -1 0
vn 0 -1 0
vn 0 1 0
vn 0 1 0
vn 0 1 0
vn 0 1 0
vn 0 1 0
vn 0 1 0
vn 0 1 9.867682E-06
vn 0 1 0
vn 0 1 0
vn 0 1 0
vn 0 1 1.42534918E-06
vn 0 1 1.42534918E-06
vn 0 1 0
vn 0 1 0
vn 0 1 0
vn 0 1 0
vn 0 1 0
vn 0 1 -5.950717E-06
vn 0 1 -5.950717E-06
vn 0 1 2.515542E-06
vn 0 1 0
vn 0 1 -4.48073342E-06
vn 0 1 8.622875E-06
vn 0 1 8.622875E-06
vn 0 1 8.622875E-06
vn 0 1 0
vn 0 1 0
vn 0 1 0
vn 0 1 0
vn 0 1 0
vn -0.07037568 -0.07379592 -0.9947871
vn 0.5872703 -0.06318938 -0.8069205
vn -0.06809243 -0.0354131348 -0.997050345
vn 0.560617864 -0.058884602 -0.8259784
vn 0.9664024 -0.07706626 -0.245208532
vn 0.8983538 -0.0593300574 0.43524757
vn 0.969300449 -0.0349068232 -0.243388921
vn 0.9107406 -0.0595364161 0.4086648
vn 0.6720128 -0.04240803 -0.7393243
vn 0.98924154 -0.0597313829 -0.133541733
vn 0.6732999 -0.0245731249 -0.738961041
vn 0.993042648 -0.0597846881 -0.101450212
vn 0.844813466 -0.04240486 0.533377945
vn 0.3033423 -0.059727557 0.951007962
vn 0.8446809 -0.02456665 0.5347062
vn 0.2723358 -0.0597882159 0.960342944
vn 0.019193694 -0.9977275 0.0645865351
vn 0.019193694 -0.9977275 0.0645865351
vn 0.019193694 -0.9977275 0.0645865351
vn 0.0264683776 -0.998598039 0.0458405949
vn -0.0438314453 -0.99840945 0.03546046
vn -0.0438314453 -0.99840945 0.03546046
vn -0.0438314453 -0.99840945 0.03546046
vn -0.0507151261 -0.998713136 0
vn -0.047730457 -0.998857558 0.002312603
vn -0.0362416878 -0.9988804 -0.0304065756
vn -0.0362416878 -0.9988804 -0.0304065756
vn -0.0362416878 -0.9988804 -0.0304065756
vn -0.033595968 -0.999201 -0.0216494109
vn -0.00769341551 -0.9990176 -0.0436434075
vn -0.00769341551 -0.9990176 -0.0436434075
vn -0.00769341551 -0.9990176 -0.0436434075
vn -9.725934E-07 -0.997810364 -0.06614024
vn 0.03944036 -0.998879254 -0.0261659548
vn 0.03944036 -0.998879254 -0.0261659548
vn 0.03944036 -0.998879254 -0.0261659548
vn 0.03799242 -0.9991823 -0.0138306469
vn 0.04322086 -0.9989417 0.0157310273
vn 0.04322086 -0.9989417 0.0157310273
vn 0.0483770147 -0.998081565 0.03863748
vn -0.9962418 1.18077173E-06 -0.0866158456
vn -0.8939263 0.000605778943 -0.448213547
vn -0.996241748 -0.0002061576 -0.08661618
vn -0.893837333 9.018631E-06 -0.448391348
vn -0.65342015 1.55046582E-05 -0.75699544
vn -0.6534201 -8.976072E-06 -0.7569955
vn -0.3278687 1.54227037E-05 -0.9447233
vn -0.32787782 -8.976055E-06 -0.944720149
vn 0.0439794958 1.54674053E-05 -0.999032438
vn 0.0439742841 -8.976067E-06 -0.9990327
vn 0.409620166 1.55046564E-05 -0.9122562
vn 0.409615844 -8.976065E-06 -0.912258148
vn 0.717409432 1.54748559E-05 -0.696651757
vn 0.717409432 -9.006086E-05 -0.696651757
vn 0.9238891 1.54152513E-05 -0.382660419
vn 0.923886657 -8.976067E-06 -0.382666349
vn 0.9999896 0.000323426619 0.004547358
vn 0.999989152 7.003973E-05 0.00465540634
vn -0.9962418 -1.02818012E-06 0.08661527
vn -0.8939266 -0.000605768466 0.448212981
vn -0.9962418 0.00020634383 0.0866156146
vn -0.8938374 -9.01863E-06 0.448391318
vn -0.65342015 -1.55046582E-05 0.75699544
vn -0.6534201 8.976072E-06 0.7569955
vn -0.327874 -1.54227037E-05 0.94472146
vn -0.327868819 8.97608E-06 0.9447233
vn 0.0439791568 -1.54674053E-05 0.9990325
vn 0.0439746268 8.976068E-06 0.9990327
vn 0.409620345 -1.54972076E-05 0.912256062
vn 0.4096117 8.976059E-06 0.91226
vn 0.717409432 -1.54748559E-05 0.696651757
vn 0.717409432 9.006086E-05 0.696651757
vn 0.9238876 -1.54972076E-05 0.382664025
vn 0.923887968 8.976073E-06 0.3826631
vn 0.9999896 -0.000323426764 -0.004548267
vn 0.999989152 -7.00397359E-05 -0.004655987
vn -0.0100771869 -0.999047339 -0.0424595848
vn -0.0100771869 -0.999047339 -0.0424595848
vn -0.0100771869 -0.999047339 -0.0424595848
vn -0.0562688857 -0.997008 -0.05299906
vn -0.05386713 -0.9977456 0.040025726
vn -0.05386713 -0.9977456 0.040025726
vn -0.05386713 -0.9977456 0.040025726
vn -0.0397176333 -0.9991835 0.00740647735
vn -0.008041479 -0.999805868 0.0179899987
vn -0.008041479 -0.999805868 0.0179899987
vn 0.0279151425 -0.99960357 0.00367564079
vn 0.005033994 -0.999950051 0.00863724947
vn 0.0174313076 -0.9998433 0.003089911
vn 0 -1 0
vn 0 -1 0
vn 0 -1 0
vn 0 -1 0
vn -0.0057836757 -0.9999534 -0.007733993
vn -0.0057836757 -0.9999534 -0.007733993
vn -0.0057836757 -0.9999534 -0.007733993
vn 0.00352088013 -0.99993515 -0.0108352145
vn 0 -1 0
vn 0 -1 0
vn 0 -1 0
vn -0.0175910965 -0.999837756 0.00388588174
vn -0.0175910965 -0.999837756 0.00388588174
vn -0.0104919355 -0.9989674 0.04420503
vn -0.0104919355 -0.9989674 0.04420503
vn -0.0104919355 -0.9989674 0.04420503
vn -0.04316856 -0.9977943 0.0504291765
vn 0.04918622 -0.9987519 -0.008681232
vn 0.04918622 -0.9987519 -0.008681232
vn 0.04918622 -0.9987519 -0.008681232
vn 0.0511991829 -0.9986746 0.005270321
vn -0.0176935531 -0.999833167 -0.00453758845
vn 0 -1 0
vn -0.01678446 -0.9998368 -0.006688061
vn 0 -1 2.559758E-06
vn 0 -1 0
vn 1.64508838E-05 0 1
vn -2.24411488E-05 0 1
vn -0.6428082 -1.6435979E-05 0.766027153
vn -0.6428079 0 0.7660274
vn -0.984804 0 0.173669666
vn -0.9848043 0 0.1736678
vn -0.866031349 0 -0.4999898
vn -0.8660147 0 -0.5000186
vn -0.342040151 0 -0.939685345
vn -0.342040151 0 -0.939685345
vn 0.342007 0 -0.9396974
vn 0.342036754 0 -0.9396866
vn 0.866038 0 -0.499978125
vn 0.866014957 0 -0.5000182
vn 0.9848115 0 0.173627019
vn 0.984811664 0 0.173625886
vn 0.642807841 0 0.766027451
vn 0.6428002 0 0.7660339
vn 2.11149454E-05 -1.65104866E-05 1
vn 2.13980675E-05 0 1
vn 0 -1 1.76155772E-05
vn 0 -1 1.76155772E-05
vn 0 -1 1.76155772E-05
vn 0 -1 -1.73923172E-06
vn 0 -1 0
vn 0 -1 -1.996566E-06
vn 0 -1 4.54082374E-06
vn 0 -1 -6.956952E-06
vn 0 -1 8.807818E-06
vn 0 1 0
vn 0 1 0
vn 0 1 0
vn 0 1 0
vn -0.7393361 -0.0424018279 -0.6720002
vn -0.133560762 -0.05973027 -0.989239037
vn -0.738972843 -0.0245676339 -0.673287153
vn -0.101456374 -0.05978762 -0.9930418
vn 0.53344357 -0.04240345 -0.8447721
vn 0.951031148 -0.0597261339 -0.3032698
vn 0.5347744 -0.0245696846 -0.844637632
vn 0.960327268 -0.0597891435 -0.272390932
vn 0.82644546 -0.028011227 -0.562319636
vn 0.9945129 -0.0280112643 0.100793816
vn 0.828004956 0.008924284 -0.5606498
vn 0.9971987 -0.02003316 0.0720653757
vn -0.9617106 0.0200339835 -0.273333967
vn -0.560900569 0.0200344212 -0.8276407
vn -0.960422158 0.04999563 -0.274025053
vn -0.5843217 0.0280106943 -0.8110386
vn -0.9115357 -0.0280122962 0.410265863
vn -0.961901248 -0.02801234 -0.2719583
vn -0.9127818 0.00892318 0.40835008
vn -0.969534039 -0.02003383 -0.244136065
vn 0.06458964 -0.997727454 -0.0191868
vn 0.06458964 -0.997727454 -0.0191868
vn 0.06458964 -0.997727454 -0.0191868
vn 0.04584344 -0.998598039 -0.0264654867
vn 0.0354658775 -0.9984092 0.04383121
vn 0.0354658775 -0.9984092 0.04383121
vn 0.0354658775 -0.9984092 0.04383121
vn 0 -0.9987137 0.05070561
vn 0.00231424533 -0.9988575 0.0477313772
vn -0.0304086655 -0.9988807 0.0362319462
vn -0.0304086655 -0.9988807 0.0362319462
vn -0.0304086655 -0.9988807 0.0362319462
vn -0.02165089 -0.999201 0.0335942954
vn -0.0436335653 -0.999017954 0.007696065
vn -0.0436335653 -0.999017954 0.007696065
vn -0.0436335653 -0.999017954 0.007696065
vn -0.06615075 -0.997809649 -1.94518088E-06
vn -0.0261680074 -0.9988794 -0.0394374169
vn -0.0261680074 -0.9988794 -0.0394374169
vn -0.0261680074 -0.9988794 -0.0394374169
vn -0.0138282795 -0.9991821 -0.0379982069
vn 0.0157311428 -0.998941839 -0.0432183519
vn 0.0157311428 -0.998941839 -0.0432183519
vn 0.0386344567 -0.9980818 -0.0483739749
vn 0.0527543277 0.9985446 0.01121399
vn 0.0527543277 0.9985446 0.01121399
vn 0.0527543277 0.9985446 0.01121399
vn 0.0426338241 0.9986105 0.0309751574
vn 0.0426338241 0.9986105 0.0309751574
vn 0.0186933521 0.999300957 0.0323758759
vn 0.0186933521 0.999300957 0.0323758759
vn 0.009433065 0.9987403 0.0492833219
vn 0.00637018727 0.998140931 0.0606152564
vn 0.00637018727 0.998140931 0.0606152564
vn 0.0257649366 0.996124148 0.08410048
vn -0.0121338516 0.999228954 0.0373401977
vn -0.0121338516 0.999228954 0.0373401977
vn -0.008126778 0.9998097 0.0177349411
vn -0.008126778 0.9998097 0.0177349411
vn -0.0160534848 0.999785364 -0.0130973756
vn -0.0160534848 0.999785364 -0.0130973756
vn 0.06283189 0.997362 0.03634771
vn 0.06283189 0.997362 0.03634771
vn 0.06283189 0.997362 0.03634771
vn 0.0794096142 0.9940951 -0.07395322
vn 0.0794096142 0.9940951 -0.07395322
vn 0.0794096142 0.9940951 -0.07395322
vn 0.04731071 0.9981577 0.037985336
vn 0.04731071 0.9981577 0.037985336
vn 0.04731071 0.9981577 0.037985336
vn 0.00247554458 0.998381257 -0.0568226166
vn 0.00247554458 0.998381257 -0.0568226166
vn 0.00247554458 0.998381257 -0.0568226166
vn -0.028470017 0.994851053 0.09726686
vn -0.028470017 0.994851053 0.09726686
vn -0.028470017 0.994851053 0.09726686
vn 0.0600041673 0.99785316 0.0262397286
vn 0.0600041673 0.99785316 0.0262397286
vn 0.0600041673 0.99785316 0.0262397286
vn 0.05422566 0.998007238 -0.03226722
vn 0.05422566 0.998007238 -0.03226722
vn 0.05422566 0.998007238 -0.03226722
vn -0.0587836 0.997728169 0.03290855
vn -0.0587836 0.997728169 0.03290855
vn -0.0587836 0.997728169 0.03290855
vn 0.0849005356 0.996022344 0.0270448513
vn 0.0849005356 0.996022344 0.0270448513
vn 0.0849005356 0.996022344 0.0270448513
vn -0.01504576 0.99986434 0.006698477
vn -0.01504576 0.99986434 0.006698477
vn -0.01504576 0.99986434 0.006698477
vn -0.08198731 0.9893596 -0.120189779
vn -0.08198731 0.9893596 -0.120189779
vn -0.08198731 0.9893596 -0.120189779
vn -0.04456428 0.9989689 0.008671035
vn -0.04456428 0.9989689 0.008671035
vn -0.04456428 0.9989689 0.008671035
vn -0.06349538 0.997982144 0
vn -0.06349538 0.997982144 0
vn -0.06349538 0.997982144 0
vn -0.0820710137 0.996595442 -0.007865856
vn -0.0820710137 0.996595442 -0.007865856
vn -0.0820710137 0.996595442 -0.007865856
vn -0.005582278 0.998898268 0.0465956144
vn -0.005582278 0.998898268 0.0465956144
vn -0.005582278 0.998898268 0.0465956144
vn 0.021626927 0.9964851 -0.08093009
vn 0.021626927 0.9964851 -0.08093009
vn 0.021626927 0.9964851 -0.08093009
vn -0.0538233668 0.9968789 0.0577538125
vn -0.0538233668 0.9968789 0.0577538125
vn -0.0538233668 0.9968789 0.0577538125
vn 0.0680826157 0.9975183 -0.0179431811
vn 0.0680826157 0.9975183 -0.0179431811
vn 0.0680826157 0.9975183 -0.0179431811
vn 0.005110951 0.998116 -0.0611415133
vn 0.005110951 0.998116 -0.0611415133
vn 0.005110951 0.998116 -0.0611415133
vn -0.117717773 0.992736936 -0.0248181876
vn -0.117717773 0.992736936 -0.0248181876
vn -0.117717773 0.992736936 -0.0248181876
vn -0.0313982554 0.9994949 0.00490157632
vn -0.0313982554 0.9994949 0.00490157632
vn -0.0313982554 0.9994949 0.00490157632
vn 0.00455005933 0.9999893 0.0008807841
vn 0.00455005933 0.9999893 0.0008807841
vn -0.0036344477 0.9994562 0.0327717476
vn -0.0036344477 0.9994562 0.0327717476
vn 0.0131655186 0.9997814 0.0162416063
vn 0.006574283 0.998020053 -0.06255219
vn 0.0142622329 0.999678135 -0.0209823884
vn 0.0142622329 0.999678135 -0.0209823884
vn 0.006574283 0.998020053 -0.06255219
vn 0.00326392846 0.9969624 -0.07781546
vn -0.00840112 0.999630451 -0.02585483
vn -0.00840112 0.999630451 -0.02585483
vn -0.00840112 0.999630451 -0.02585483
vn -0.009906885 0.999811 -0.0167313367
vn 0.02115267 0.999104738 -0.0366364829
vn 0.02115267 0.999104738 -0.0366364829
vn -0.005373269 0.9977569 -0.06672568
vn 0.039120622 0.99883014 -0.0284230951
vn 0.039120622 0.99883014 -0.0284230951
vn -0.0172271822 0.9977823 0.06429381
vn -0.0172271822 0.9977823 0.06429381
vn -0.0172271822 0.9977823 0.06429381
vn -0.0364685953 0.9986692 0.03646712
vn -0.0364685953 0.9986692 0.03646712
vn -0.03643054 0.9987097 0.0353802256
vn -0.0136145111 0.9997843 0.0156865455
vn -0.008995142 0.9998514 -0.0147056989
vn -0.008995142 0.9998514 -0.0147056989
vn -0.0136145111 0.9997843 0.0156865455
vn -0.0136145111 0.9997843 0.0156865455
vn 0.00317199877 0.9994883 0.0318291634
vn 0.09373353 0.995406151 -0.0195086878
vn 0.09373353 0.995406151 -0.0195086878
vn 0.09373353 0.995406151 -0.0195086878
vn 0.046011664 0.9988931 -0.009780022
vn 0.046011664 0.9988931 -0.009780022
vn 0.046011664 0.9988931 -0.009780022
vn -0.009396153 0.9997355 -0.0209932122
vn -0.009396153 0.9997355 -0.0209932122
vn -0.009396153 0.9997355 -0.0209932122
vn -0.03182256 0.999342561 0.0173723
vn -0.03182256 0.999342561 0.0173723
vn -0.03182256 0.999342561 0.0173723
vn 0.04656508 0.997772157 0.04777407
vn 0.04656508 0.997772157 0.04777407
vn 0.04656508 0.997772157 0.04777407
vn -0.07630465 0.9960981 0.04434113
vn -0.07630465 0.9960981 0.04434113
vn -0.07630465 0.9960981 0.04434113
vn -0.08462588 0.989546835 -0.116771691
vn -0.08462588 0.989546835 -0.116771691
vn -0.08462588 0.989546835 -0.116771691
vn 0.08441122 0.9895293 -0.117074467
vn 0.08441122 0.9895293 -0.117074467
vn 0.08441122 0.9895293 -0.117074467
vn 0.0419130959 0.9990582 0.0112299658
vn 0.0419130959 0.9990582 0.0112299658
vn 0.0419130959 0.9990582 0.0112299658
vn -0.0137095461 0.9990854 -0.0405008532
vn -0.0137095461 0.9990854 -0.0405008532
vn -0.0137095461 0.9990854 -0.0405008532
vn 0.0318339542 0.9992217 0.0232954156
vn 0.0318339542 0.9992217 0.0232954156
vn 0.0318339542 0.9992217 0.0232954156
vn -0.0187834781 0.999808967 -0.00540872337
vn -0.0187834781 0.999808967 -0.00540872337
vn -0.0187834781 0.999808967 -0.00540872337
vn 0.0561150759 0.9983111 -0.0150363138
vn 0.0561150759 0.9983111 -0.0150363138
vn 0.0561150759 0.9983111 -0.0150363138
vn 0.0835025162 0.9958333 0.036653392
vn 0.0835025162 0.9958333 0.036653392
vn 0.0835025162 0.9958333 0.036653392
vn 0.116299488 0.98831743 -0.09850408
vn 0.116299488 0.98831743 -0.09850408
vn 0.116299488 0.98831743 -0.09850408
vn 0.0438901559 0.9983096 -0.0380996056
vn 0.0438901559 0.9983096 -0.0380996056
vn 0.0438901559 0.9983096 -0.0380996056
vn -0.09790269 0.9927019 -0.0704133138
vn -0.09790269 0.9927019 -0.0704133138
vn -0.09790269 0.9927019 -0.0704133138
vn 0.0132273473 0.998693049 -0.0493677966
vn 0.0374134444 0.998599231 -0.0374136977
vn 0.0132273473 0.998693049 -0.0493677966
vn 0.0374134444 0.998599231 -0.0374136977
vn 0.0374134444 0.998599231 -0.0374136977
vn 0.0408699065 0.9974715 -0.05813996
vn -0.028682936 0.9995863 0.002149762
vn -0.028682936 0.9995863 0.002149762
vn -0.028682936 0.9995863 0.002149762
vn 0.0143356705 0.9994049 -0.03137428
vn 0.0143356705 0.9994049 -0.03137428
vn 0.0143356705 0.9994049 -0.03137428
vn -0.01355373 0.9986278 -0.0505851954
vn -0.01355373 0.9986278 -0.0505851954
vn -0.01355373 0.9986278 -0.0505851954
vn -0.01413369 0.9993963 -0.0317377336
vn -0.01413369 0.9993963 -0.0317377336
vn 0.0587847531 0.9936568 -0.09586715
vn 0.0587847531 0.9936568 -0.09586715
vn 0.0587847531 0.9936568 -0.09586715
vn -0.06315856 0.993170142 -0.09810221
vn -0.06315856 0.993170142 -0.09810221
vn -0.06315856 0.993170142 -0.09810221
vn -0.05541794 0.9967999 0.0576094873
vn -0.05541794 0.9967999 0.0576094873
vn -0.05541794 0.9967999 0.0576094873
vn -0.05714398 0.9982485 -0.015312545
vn -0.05714398 0.9982485 -0.015312545
vn -0.05714398 0.9982485 -0.015312545
vn -0.000288778654 0.9996817 0.0252290219
vn -0.000288778654 0.9996817 0.0252290219
vn -0.000288778654 0.9996817 0.0252290219
vn -0.0318850875 0.999429166 -0.0111655947
vn -0.0318850875 0.999429166 -0.0111655947
vn -0.0318850875 0.999429166 -0.0111655947
vn 0.0183512 0.999810755 0.00645308662
vn 0.0183512 0.999810755 0.00645308662
vn 0.0183512 0.999810755 0.00645308662
vn -0.0446254462 0.998932242 0.0119571537
vn -0.0446254462 0.998932242 0.0119571537
vn -0.0446254462 0.998932242 0.0119571537
vn -0.115647964 0.988820255 -0.0941283
vn -0.115647964 0.988820255 -0.0941283
vn -0.115647964 0.988820255 -0.0941283
vn -0.08743631 0.9953539 0.0403186046
vn -0.08743631 0.9953539 0.0403186046
vn -0.08743631 0.9953539 0.0403186046
vn -0.0272868387 0.998576641 0.0458264463
vn -0.0272868387 0.998576641 0.0458264463
vn -0.0272868387 0.998576641 0.0458264463
vn 0.07650813 0.9961133 0.0436438322
vn 0.07650813 0.9961133 0.0436438322
vn 0.07650813 0.9961133 0.0436438322
vn -0.0495836474 0.9931537 0.105769753
vn -0.0495836474 0.9931537 0.105769753
vn -0.0495836474 0.9931537 0.105769753
vn 0.05422381 0.996949732 0.05613365
vn 0.05422381 0.996949732 0.05613365
vn 0.05422381 0.996949732 0.05613365
vn 0.07303148 0.995238662 -0.06454839
vn 0.07303148 0.995238662 -0.06454839
vn 0.07303148 0.995238662 -0.06454839
vn -0.0260949358 0.999657035 0.00220795488
vn -0.0260949358 0.999657035 0.00220795488
vn -0.0260949358 0.999657035 0.00220795488
vn 0.007771081 0.9998084 0.0179699734
vn 0.007771081 0.9998084 0.0179699734
vn 0.007771081 0.9998084 0.0179699734
vn 0.0279584471 0.9996077 0.00168293947
vn 0.0279584471 0.9996077 0.00168293947
vn 0.0279584471 0.9996077 0.00168293947
vn 0.00142756 0.9971049 0.07602519
vn 0.00142756 0.9971049 0.07602519
vn 0.00142756 0.9971049 0.07602519
vn 0.016793726 0.999814332 -0.009454367
vn 0.0359562449 0.9990891 -0.0229800567
vn 0.0359562449 0.9990891 -0.0229800567
vn 0.016793726 0.999814332 -0.009454367
vn 0.016793726 0.999814332 -0.009454367
vn 0.0048784446 0.999440134 -0.0331002139
vn 0.0048784446 0.999440134 -0.0331002139
vn -0.0410868451 0.998394251 0.0389978476
vn -0.0410868451 0.998394251 0.0389978476
vn -0.0410868451 0.998394251 0.0389978476
vn 0.0433919579 0.9989818 0.0123493392
vn 0.0433919579 0.9989818 0.0123493392
vn 0.0433919579 0.9989818 0.0123493392
vn 0.0363933444 0.9993006 0.008598783
vn 0.0363933444 0.9993006 0.008598783
vn 0.0363933444 0.9993006 0.008598783
vn -0.0571061857 0.9983632 -0.00312379142
vn -0.0571061857 0.9983632 -0.00312379142
vn -0.0571061857 0.9983632 -0.00312379142
vn 0.0300275385 0.999540746 -0.004086931
vn 0.0300275385 0.999540746 -0.004086931
vn 0.00018025552 0.999982357 0.0059364154
vn -0.0240132436 0.9995383 0.01861631
vn -0.0240132436 0.9995383 0.01861631
vn -0.0240132436 0.9995383 0.01861631
vn 0.0132589759 0.9998016 0.0148685426
vn 0.0132589759 0.9998016 0.0148685426
vn 0.0132589759 0.9998016 0.0148685426
vn -6.420052E-05 -1 5.411235E-05
vn -6.420052E-05 -1 5.411235E-05
vn -6.420052E-05 -1 5.411235E-05
vn 0 -1 4.23268539E-05
vn -7.939064E-06 -1 -6.194544E-05
vn 0 -1 0
vn -7.939064E-06 -1 -6.194544E-05
vn 2.14806369E-06 -1 -4.418874E-05
vn 0 -1 0
vn 2.14806369E-06 -1 -4.418874E-05
vn 0 -1 -6.9649235E-07
vn 0 -1 -6.9649235E-07
vn 0 -1 -1.48538845E-06
vn -6.37680059E-05 -1 -8.279577E-06
vn -6.37680059E-05 -1 -8.279577E-06
vn 6.05629475E-06 -1 -5.27719458E-05
vn 0 -1 -1.48538845E-06
vn -9.31906652E-06 -1 -8.80317E-05
vn -2.31315844E-05 -1 2.84474172E-05
vn -2.31315844E-05 -1 2.84474172E-05
vn -3.026622E-05 -1 2.40306017E-05
vn 0 -1 0
vn 0 -1 0
vn 0 -1 0
vn 0 -1 0
vn 0 -1 0
vn 0 -1 0
vn 0 -1 0
vn -5.374696E-05 -1 3.03987254E-05
vn -5.374696E-05 -1 3.03987254E-05
vn -5.374696E-05 -1 3.03987254E-05
vn 0 -1 -3.15399575E-06
vn 0 -1 -3.15399575E-06
vn 3.3436052E-05 -1 6.007811E-06
vn 0 -1 -7.917208E-07
vn 0 -1 -7.917208E-07
vn 0 -1 -7.80587243E-07
vn 0 -1 -1.51877873E-06
vn 0 -1 -1.51877873E-06
vn -5.46810479E-05 -1 -3.003163E-05
vn -9.31906652E-06 -1 -8.80317E-05
vn 0 -1 5.94024641E-06
vn 3.622102E-05 -1 -4.35438924E-05
vn 0 -1 5.94024641E-06
vn 0 -1 -1.05795141E-06
vn 0 -1 -1.05795141E-06
vn 4.734153E-05 -1 -5.83693945E-05
vn -5.070139E-05 -1 -1.592692E-05
vn -5.070139E-05 -1 -1.592692E-05
vn -5.070139E-05 -1 -1.592692E-05
vn -4.22506128E-05 -1 -4.66485944E-05
vn -4.22506128E-05 -1 -4.66485944E-05
vn -5.66878625E-05 -1 -1.04116416E-05
vn 3.735061E-05 -1 2.933546E-05
vn 0 -1 0
vn 0 -1 0
vn 0 -1 4.12800955E-06
vn 0 -1 0
vn 0 -1 -1.56143142E-06
vn 0 -1 -1.56143142E-06
vn 0 -1 -1.56143142E-06
vn 0 -1 0
vn 0 -1 0
vn 0 -1 1.561229E-06
vn 0 -1 0
vn 0 -1 -2.00899785E-06
vn 4.400758E-05 -1 2.700531E-05
vn 4.400758E-05 -1 2.700531E-05
vn 3.90869754E-05 -1 4.36744158E-05
vn 5.50639124E-05 -1 3.51130439E-05
vn 5.50639124E-05 -1 3.51130439E-05
vn 6.612665E-05 -1 3.18688649E-06
vn 0 -1 -3.3260535E-06
vn 0 -1 -3.3260535E-06
vn -6.982616E-07 -1 5.81814857E-05
vn 0 -1 0
vn 0 -1 0
vn 0 -1 7.39256734E-07
vn 0 -1 0
vn 0 -1 0
vn 0 -1 0
vn 0 -1 6.01777674E-06
vn 0 -1 -8.9543E-07
vn 0 -1 6.01777674E-06
vn 0 -1 6.01777674E-06
vn 6.46359968E-06 -1 5.382537E-05
vn 6.46359968E-06 -1 5.382537E-05
vn 6.46359968E-06 -1 5.382537E-05
vn 0 -1 1.943476E-06
vn 0 -1 1.943476E-06
vn 0 -1 -1.38932694E-06
vn 0 -1 3.72295E-07
vn 0 -1 3.72295E-07
vn 0 -1 0
vn 0 -1 1.575272E-06
vn 0 -1 1.575272E-06
vn -5.59669425E-05 -1 -3.568792E-05
vn 0 -1 7.93236666E-07
vn 0 -1 -8.9543E-07
vn 0 -1 0
vn 0 -1 0
vn 0 -1 0
vn -6.476781E-05 -1 -2.497119E-06
vn -5.64912953E-05 -1 8.568176E-06
vn -6.476781E-05 -1 -2.497119E-06
vn 5.47640157E-05 -1 1.17346781E-05
vn 0 -1 0
vn -3.58046273E-05 -1 -4.4133536E-05
vn -3.58046273E-05 -1 -4.4133536E-05
vn -3.292508E-05 -1 -5.65709561E-05
vn 0 -1 0
vn 0 -1 0
vn 0 -1 0
vn 0 -1 0
vn 0 -1 0
vn 0 -1 0
vn 0 -1 0
vn -1.7090455E-05 -1 -8.84245237E-05
vn 6.42750747E-05 -1 0
vn 7.2140916E-05 -1 4.57389324E-05
vn 7.2140916E-05 -1 4.57389324E-05
vn -8.474335E-06 -1 7.92630453E-05
vn 0 -1 -2.37732388E-06
vn 0 -1 0
vn 0 -1 0
vn 0 -1 -2.37732388E-06
vn 0 -1 0
vn 0 -1 0
vn 0 -1 5.9080694E-06
vn 0 -1 -1.95085136E-06
vn 0 -1 0
vn 0 -1 0
vn 0 -1 0
vn 0 -1 0
vn 0 -1 0
vn 0 -1 0
vn 0 -1 -4.54325163E-06
vn 0 -1 -4.54325163E-06
vn -8.474335E-06 -1 7.92630453E-05
vn 0 -1 0
vn 0 -1 0
vn 0 -1 4.55075133E-06
vn 1.11803438E-05 -1 7.161281E-05
vn 2.68948443E-05 -1 5.08788326E-05
vn 4.27146333E-05 -1 4.71609164E-05
vn 0 -1 1.09297139E-06
vn 0 -1 1.09297139E-06
vn 0 -1 -2.170805E-06
vn 0 -1 -7.80587243E-07
vn 2.69599113E-05 -1 1.2036252E-05
vn 2.14886823E-05 -1 3.745049E-05
vn 3.80035563E-05 -1 -3.242198E-05
vn 0 -1 -7.80587243E-07
vn -6.65451034E-06 -1 -5.91415774E-05
vn -6.65451034E-06 -1 -5.91415774E-05
vn -7.34468449E-06 -1 -6.006469E-05
vn 7.48370076E-06 -1 -3.45323751E-05
vn 7.48370076E-06 -1 -3.45323751E-05
vn 2.55947416E-05 -1 -4.02795122E-05
vn -1.21709463E-05 -1 1.23142518E-05
vn -1.21709463E-05 -1 1.23142518E-05
vn -1.21709463E-05 -1 1.23142518E-05
vn 4.514867E-05 -1 2.357258E-05
vn -0.0001246811 -1 3.58801262E-05
vn -0.0001246811 -1 3.58801262E-05
vn 4.514867E-05 -1 2.357258E-05
vn 4.514867E-05 -1 2.357258E-05
vn 4.439878E-05 -1 4.37952658E-05
vn 8.59655847E-05 -1 1.61656262E-05
vn 8.59655847E-05 -1 1.61656262E-05
vn 8.59655847E-05 -1 1.61656262E-05
vn -4.034383E-05 -1 -1.11760837E-05
vn -4.034383E-05 -1 -1.11760837E-05
vn -4.034383E-05 -1 -1.11760837E-05
vn 4.154538E-05 -1 3.94633425E-05
vn 4.154538E-05 -1 3.94633425E-05
vn 4.154538E-05 -1 3.94633425E-05
vn -4.53487628E-05 -1 -3.544992E-05
vn -4.53487628E-05 -1 -3.544992E-05
vn -4.53487628E-05 -1 -3.544992E-05
vn 5.744588E-05 -1 1.58888743E-05
vn 5.744588E-05 -1 1.58888743E-05
vn 5.744588E-05 -1 1.58888743E-05
vn -8.789446E-06 -1 4.53753637E-05
vn -8.789446E-06 -1 4.53753637E-05
vn -8.789446E-06 -1 4.53753637E-05
vn -0.000157505987 -1 -2.678155E-05
vn -0.000157505987 -1 -2.678155E-05
vn -0.000157505987 -1 -2.678155E-05
vn 0.591735959 0.00419344055 -0.806120932
vn -0.0638498142 0.04551008 -0.9969213
vn 0.59219116 0.0231836662 -0.8054639
vn -0.177790135 0.0377379879 -0.9833446
vn -0.17790544 0.0442507043 -0.983052135
vn 0.496266216 0.044250194 -0.867041945
vn -0.0183813553 0.004314342 -0.9998217
vn -0.6565153 -0.0156117259 -0.754151165
vn -0.0197203476 0.0266083423 -0.9994514
vn -0.6771526 0.0370241 -0.7349106
vn -0.990243554 0.05719382 -0.12706925
vn -0.6780359 0.0238532051 -0.7346416
vn -0.860298455 0.00303279259 0.5097818
vn -0.9866366 0.016568 -0.16209209
vn -0.298629731 0.00271959812 0.9543652
vn -0.841055453 0.0286163967 0.5401915
vn 0.385122478 0.05718807 0.921091855
vn -0.2971953 0.0238491278 0.954518855
vn 0.8752555 0.009136113 0.483574569
vn 0.3597043 0.0168019943 0.9329151
vn 0.975331545 0.00452648662 -0.220698565
vn 0.8894623 0.0270153489 0.4562094
vn -0.9616811 0.03298774 -0.27217868
vn -0.9622653 0.012363513 -0.271832
vn -0.562366247 0.0123637 -0.8267959
vn -0.7625584 0.041852463 0.6455642
vn -0.762257 0.047777012 0.6455089
vn -0.9988513 0.047776 0.00369292521
vn 0.245114729 0.0329851173 0.9689328
vn 0.245706335 0.0123596489 0.9692655
vn -0.434898585 0.0123597076 0.9003946
vn 0.9404246 0.0402786024 0.337608
vn 0.940225363 0.0464266 0.337373435
vn 0.502720833 0.0464266539 0.8632012
vn 0.9814564 0.062220674 -0.181306168
vn 0.6367502 0.02188828 -0.7707594
vn 0.9830362 0.0177854244 -0.182547063
vn 0.7164356 0.03756273 -0.696641266
vn 0.716493666 0.0160705652 -0.6974085
vn 0.997158051 0.01607088 -0.07360405
vn -0.03204452 0.04433781 -0.998502553
vn -0.6324128 -0.0141196856 -0.7745029
vn -0.162149 0.02592956 -0.9864256
vn -0.213266149 0.0483186133 -0.9757986
vn 0.472060949 0.0217478666 -0.881297648
vn 0.617779255 0.0236563627 -0.785995662
vn 0.9838378 0.01770866 -0.1781842
vn 0.9239465 0.04832887 -0.37945658
vn 0.975503266 0.0525645837 -0.213612467
vn 0.952678561 0.0237701889 0.30304864
vn 0.885783732 0.0191719774 0.4637021
vn -0.682015657 0.0138566047 -0.731206357
vn -0.990502834 0.062253464 -0.1225916
vn -0.798122168 0.0261457916 -0.601928055
vn -0.98944217 0.0573822558 -0.133084521
vn -0.9980059 0.0483280346 0.0406035222
vn -0.790098369 0.0483506732 -0.6110703
vn -0.987648 0.00587101653 -0.156578913
vn -0.8572222 0.005434036 0.5149181
vn -0.8627413 0.04047948 0.504022658
vn -0.3370506 0.020657409 0.9412599
vn -0.7629806 0.0179765727 0.646171451
vn 0.372132629 0.02886949 0.9277305
vn -0.1413361 0.0188590884 0.989782035
vn 0.864102066 -0.008067931 0.503252
vn 0.4979657 0.0247388128 0.8668438
vn -0.4431264 0.03301927 0.8958509
vn -0.2813377 0.0206837188 0.9593859
vn -0.8322612 0.0205233283 0.5540037
vn 0.482458532 0.03226101 0.875324547
vn 0.6274219 0.0342942029 0.777924
vn -0.0198372658 0.03446467 0.999209046
vn -0.9229246 0.031489417 0.3836909
vn -0.7364601 0.0295927487 0.675833464
vn -0.998599768 0.0293359421 0.0440222472
vn -0.877045035 0.00208445755 0.480403662
vn -0.3338822 0.0252287909 0.942277133
vn -0.6359172 0.0200855173 0.771495938
vn -0.986683667 0.0282185879 -0.160184473
vn -0.988530934 0.0194473155 0.1497613
vn -0.6322011 0.008418425 -0.774758637
vn -0.8652069 0.04878568 -0.4990361
vn -0.327423275 0.0194331612 -0.9446779
vn -0.0217990074 0.03455136 -0.9991652
vn 0.6254552 0.00208160258 -0.7802573
vn 0.319228679 0.01944563 -0.9474782
vn 0.6418357 0.0536423177 -0.7649637
vn 0.877718568 0.0194489323 -0.47878176
vn 0.981966138 0.0282142274 -0.186939761
vn 0.859042168 0.008422721 0.5118356
vn 0.983705461 0.04878442 0.173042208
vn 0.6307759 0.019433599 0.775721669
vn 0.329079032 0.02820956 0.943881
vn -0.217600971 0.0299452282 0.975578368
vn 0.13002713 0.0278925318 0.991118
vn -0.537703633 0.0281336922 0.8426644
vn -0.328990251 0.008420915 0.944295764
vn 0.354654044 0.0282102954 0.9345719
vn 0.0154879866 0.0194366258 0.9996911
vn -0.649821937 -0.0115843695 -0.7599982
vn -0.985742569 0.02998494 -0.165567249
vn -0.941957355 0.0254205689 -0.334768772
vn 0.345533818 -0.008069654 0.9383716
vn 0.867266 0.02502678 0.4972156
vn 0.7671883 0.0247344188 0.6409449
vn 0.9898956 0.008533706 -0.141541392
vn 0.9992895 0.0188598 0.03263168
vn 0.778271139 0.0322635658 0.6270989
vn 0.9874787 0.0344666243 0.153941363
vn 0.6571807 0.03429642 0.7529524
vn 0.9591806 0.03302194 -0.280859739
vn 0.6900851 0.0205288138 -0.723437
vn 0.993666351 0.0206800979 -0.11045137
vn 0.9854812 0.02066211 -0.168522477
vn 0.667426169 0.0161916241 -0.7444999
vn 0.7688181 0.0179777816 -0.639214754
vn 0.03297808 -0.00370858726 -0.9994492
vn 0.20789367 0.0226434432 -0.9778893
vn 0.0407569259 0.0596909858 -0.9973845
vn -0.4645901 0.05048965 -0.8840853
vn -0.615359247 0.0259269625 -0.787820339
vn -0.421795845 0.01438811 -0.9065767
vn -0.4287825 0.0429492928 -0.902386248
vn -0.327422619 0.0429492779 -0.94390136
vn -0.383223385 -0.04290103 -0.922658861
vn -0.481880337 -0.04290089 -0.8751862
vn -0.3910135 -0.0143523663 -0.920273
vn 0.7355784 0.0113182468 -0.677345037
vn 0.9162251 0.007710132 -0.400589854
vn 0.7354904 0.0146377189 -0.6773771
vn 0.9412327 -0.0106846094 -0.33758986
vn 0.9412199 -0.007571004 -0.337709576
vn 0.7797936 -0.00597996823 -0.6260081
vn 0.985956669 -0.017488772 0.1660829
vn 0.9864666 0.00330578769 -0.163929224
vn 0.9858592 -0.0249262843 0.1657116
vn 0.9763483 0.0148541415 -0.215692952
vn 0.976457536 0.008635639 -0.215536818
vn 0.993488431 -0.000219183 0.113932684
vn -0.502397954 0.018136818 0.8644463
vn -0.809055567 -0.008108722 0.5876762
vn -0.502710164 0.0275578331 0.864015639
vn -0.8430147 -0.0195803419 0.537534058
vn -0.8429849 -0.0117237018 0.537809432
vn -0.553837359 -0.000840360241 0.8326245
vn -0.9952341 -0.0104291961 -0.09695559
vn -0.9493291 -0.007241812 0.314200282
vn -0.9951741 -0.014339501 -0.0970717743
vn -0.920903862 0.0139342165 0.389540732
vn -0.9210048 0.0102319866 0.389417
vn -0.999820769 0.009043904 -0.0166317318
vn 0 -1 3.19171818E-06
vn 0 -1 3.19171818E-06
vn 0 -1 3.19171818E-06
vn 0 -1 -2.65369317E-06
vn 0 -1 -2.65369317E-06
vn 0 -1 -2.65369317E-06
vn 0 -1 -1.76033018E-06
vn 0 -1 -1.76033018E-06
vn 0 -1 2.312728E-06
vn 0 -1 1.7868756E-06
vn 0 -1 1.7868756E-06
vn 0 -1 1.7868756E-06
vn 0 -1 0
vn 0 -1 0
vn 0 -1 0
vn 0 -1 5.12131351E-07
vn 0 -1 5.12131351E-07
vn 0 -1 5.12131351E-07
vn 0 -1 0
vn 0 -1 0
vn 0 -1 0
vn 0 -1 -1.32679838E-06
vn 0 -1 -1.32679838E-06
vn 0 -1 -1.32679838E-06
vn 0 -1 3.80443367E-07
vn 0 -1 3.80443367E-07
vn 0 -1 3.80443367E-07
vn 0 -1 0
vn 0 -1 0
vn 0 -1 0
vn 0 -1 -1.09780569E-06
vn 0 -1 -1.09780569E-06
vn 0 -1 -1.09780569E-06
vn 0 -1 1.55794555E-06
vn 0 -1 1.55794555E-06
vn 0 -1 1.55794555E-06
vn 0 -1 0
vn 0 -1 1.61384673E-06
vn 0 -1 1.61384673E-06
vn 0 -1 0
vn 0 -1 0
vn 0 -1 0
vn 0 -1 1.32680373E-06
vn 0 -1 1.32680373E-06
vn 0 -1 1.32680373E-06
vn -0.985956669 0.017488772 0.166083008
vn -0.9864666 -0.00330578769 -0.16392912
vn -0.9858592 0.0249262918 0.165711716
vn -0.9763483 -0.0148543362 -0.215692922
vn -0.976457536 -0.00863582548 -0.215536818
vn -0.993488431 0.0002189986 0.113932684
vn -0.7355784 -0.0113184657 -0.677345037
vn -0.9162251 -0.00771035533 -0.400589854
vn -0.7354904 -0.0146379368 -0.6773771
vn -0.941233 0.0106847147 -0.337589145
vn -0.9412202 0.00757111236 -0.3377088
vn -0.779794157 0.005980088 -0.6260075
vn 0.391013056 0.01435228 -0.920273244
vn 0.383222967 0.0429009423 -0.922659039
vn 0.48187995 0.0429008119 -0.8751864
vn 0.428781718 -0.0429493859 -0.902386665
vn 0.327421755 -0.04294936 -0.943901658
vn 0.421794951 -0.0143882083 -0.906577051
vn 0.9952341 0.010429197 -0.0969553441
vn 0.949329 0.00724181253 0.314200521
vn 0.9951741 0.014339501 -0.09707158
vn 0.9209035 -0.0139340162 0.389541566
vn 0.9210045 -0.0102317641 0.389417738
vn 0.999820769 -0.009043593 -0.01663087
vn 0.502397954 -0.018136818 0.8644463
vn 0.809055567 0.008108718 0.5876763
vn 0.5026688 -0.0275610145 0.86403966
vn 0.8430154 0.01957979 0.537533
vn 0.8429856 0.011723143 0.5378085
vn 0.553838253 0.0008399114 0.832623839
vn -0.9202919 0.01432293 -0.3909701
vn -0.9226799 0.0428968258 -0.383173257
vn -0.8751895 0.0428967923 -0.481874734
vn -0.9023853 -0.04294713 -0.428784817
vn -0.943900645 -0.0429471135 -0.327425063
vn -0.9065755 -0.0143862311 -0.421798438
vn -0.09696591 0.0104287714 -0.9952331
vn 0.314190179 0.00724220369 -0.9493324
vn -0.0970814452 0.0143387327 -0.995173156
vn 0.389566153 -0.013937233 -0.920893
vn 0.3894432 -0.010235413 -0.9209936
vn -0.0166029856 -0.00904823653 -0.999821246
vn 0.864435732 -0.0181291271 -0.502416432
vn 0.5876591 0.008117295 -0.809067965
vn 0.8640291 -0.0275538433 -0.502687335
vn 0.5375675 0.019576557 -0.8429935
vn 0.5378425 0.0117212106 -0.8429639
vn 0.8326195 0.000834304839 -0.5538448
vn 0.166045189 0.01749436 0.9859629
vn -0.163919747 -0.00329824234 0.9864682
vn 0.165674 0.02492963 0.9858655
vn -0.215646833 -0.01485262 0.9763585
vn -0.215490729 -0.008636016 0.9764677
vn 0.113932088 0.000220658258 0.99348855
vn -0.6773066 -0.0113264071 0.735613763
vn -0.400541842 -0.0077139507 0.916246
vn -0.6773387 -0.014644891 0.7355255
vn -0.33762154 0.01068683 0.9412213
vn -0.337741256 0.00757422624 0.941208541
vn -0.6260344 0.005978661 0.7797726
vn -0.9065728 0.01438334 0.421804368
vn -0.902382553 0.0429445542 0.428790718
vn -0.9438986 0.0429445729 0.3274313
vn -0.9226814 -0.0428949036 0.38316983
vn -0.875191331 -0.04289488 0.4818715
vn -0.9202935 -0.0143212844 0.3909665
vn -0.6773247 0.011318638 -0.7355972
vn -0.400564969 0.00770594925 -0.916236
vn -0.6773563 0.0146372532 -0.735509455
vn -0.337626219 -0.0106866639 -0.9412196
vn -0.3377454 -0.00757385744 -0.941207051
vn -0.626037657 -0.005977778 -0.7797699
vn 0.166015118 -0.0174869914 -0.9859682
vn -0.1639506 0.00330638513 -0.986463
vn 0.165644512 -0.024922369 -0.98587054
vn -0.215623036 0.0148543436 -0.9763637
vn -0.215466455 0.008637598 -0.976473033
vn 0.113956958 -0.000220084592 -0.9934857
vn 0.864437342 0.0181358419 0.5024134
vn 0.5876614 -0.00810994 0.8090663
vn 0.8640307 0.0275604129 0.5026842
vn 0.5375657 -0.0195779148 0.8429946
vn 0.5378407 -0.0117226336 0.842965
vn 0.8326184 -0.00083620107 0.5538465
vn -0.096935004 -0.01043558 0.995236
vn 0.314220637 -0.00724891527 0.949322343
vn -0.0970524848 -0.0143452222 0.9951759
vn 0.389540732 0.0139361173 0.9209038
vn 0.389416546 0.0102345385 0.9210049
vn -0.01663255 0.009047598 0.999820769
vn -0.3910049 0.01434654 0.920276761
vn -0.383214921 0.0428955033 0.9226626
vn -0.4818723 0.04289537 0.8751909
vn -0.4287897 -0.0429421552 0.902383149
vn -0.327430159 -0.0429421477 0.9438991
vn -0.4218032 -0.01438103 0.9065734
vn -0.995233834 0.0104287565 0.09695826
vn -0.94933 0.00724218972 -0.314197659
vn -0.9951739 0.0143387327 0.0970744342
vn -0.920901358 -0.0139334938 -0.3895466
vn -0.9210021 -0.0102315806 -0.389423341
vn -0.9998209 -0.009044292 0.0166247487
vn -0.5023944 -0.0181288011 -0.864448547
vn -0.8090528 0.008116638 -0.5876799
vn -0.5026656 -0.02755321 -0.864041746
vn -0.8430216 0.019581655 -0.53752327
vn -0.8429922 0.0117248679 -0.537798047
vn -0.5538489 0.000841381 -0.8326168
vn 0.9859565 0.0174885262 -0.166084349
vn 0.986466765 -0.00330460351 0.163927972
vn 0.985859 0.0249257684 -0.165713012
vn 0.97634846 -0.0148535362 0.215692028
vn 0.9764578 -0.008635277 0.215535849
vn 0.9934883 0.000218972535 -0.113933735
vn 0.73558867 -0.01132376 0.6773338
vn 0.9162312 -0.00771430554 0.400575668
vn 0.7355001 -0.0146434875 0.6773664
vn 0.941233158 0.0106847091 0.337588549
vn 0.941220343 0.00757082226 0.337708473
vn 0.779794335 0.00597917242 0.626007259
vn 0.4218031 0.0143807614 0.9065735
vn 0.4287896 0.0429418832 0.902383268
vn 0.3274301 0.0429418869 0.9438991
vn 0.3832151 -0.0428949 0.922662556
vn 0.4818724 -0.0428947769 0.875190854
vn 0.391005039 -0.0143459979 0.920276761
vn -0.73558867 0.0113236485 0.6773338
vn -0.9162312 0.00771419331 0.400575668
vn -0.735500157 0.01464337 0.6773663
vn -0.941233158 -0.010684601 0.337588459
vn -0.941220343 -0.007570714 0.337708473
vn -0.779794335 -0.00597906439 0.626007259
vn -0.98595643 -0.0174883 -0.166084468
vn -0.9864668 0.00330482679 0.163927868
vn -0.985859 -0.02492555 -0.1657131
vn -0.9763486 0.0148537252 0.215691462
vn -0.9764579 0.00863546 0.215535313
vn -0.9934883 -0.000218788162 -0.113934331
vn 0.502395451 0.018129766 -0.8644479
vn 0.809053659 -0.008115408 -0.5876788
vn 0.502708 0.0275508557 -0.8640171
vn 0.8430221 -0.0195813626 -0.5375223
vn 0.8429928 -0.01172451 -0.537797153
vn 0.5538498 -0.0008411408 -0.8326162
vn 0.995233834 -0.0104287593 0.09695805
vn 0.9493299 -0.00724218925 -0.314197868
vn 0.9951739 -0.0143387457 0.09707423
vn 0.920901 0.0139334919 -0.389547378
vn 0.921001732 0.0102315648 -0.389424115
vn 0.9998209 0.009044293 0.0166238528
vn 0.9202938 0.0143207945 0.39096573
vn 0.9226817 0.042894423 0.3831691
vn 0.875191748 0.0428944081 0.4818708
vn 0.9023824 -0.0429445058 0.428791165
vn 0.943898439 -0.0429445133 0.327431738
vn 0.9065726 -0.0143832825 0.421804756
vn 0.0969348252 0.0104357088 0.995236039
vn -0.314220816 0.007248894 0.9493222
vn 0.09705228 0.0143454308 0.9951759
vn -0.389540732 -0.0139361843 0.9209038
vn -0.389416546 -0.0102346437 0.9210049
vn 0.0166325346 -0.009047654 0.999820769
vn -0.864438 -0.0181354135 0.50241226
vn -0.587662637 0.008110342 0.809065461
vn -0.864031434 -0.02755997 0.502683
vn -0.5375657 0.0195782334 0.8429946
vn -0.5378407 0.01172299 0.842965
vn -0.832618356 0.000836562249 0.553846538
vn -0.166015133 0.017486969 -0.9859682
vn 0.163950637 -0.00330641144 -0.986463
vn -0.165644556 0.0249223523 -0.98587054
vn 0.21562314 -0.0148543278 -0.976363659
vn 0.215466559 -0.0086375745 -0.976473033
vn -0.113956884 0.000220106944 -0.9934857
vn 0.6773247 -0.0113191409 -0.735597134
vn 0.400564879 -0.007706389 -0.916236
vn 0.677356362 -0.0146377916 -0.7355094
vn 0.337627023 0.0106867254 -0.94121933
vn 0.337746263 0.007573885 -0.941206753
vn 0.626038432 0.00597779453 -0.7797693
vn 0.906575859 0.0143861258 -0.421797723
vn 0.9023856 0.0429470167 -0.428784162
vn 0.9439009 0.04294701 -0.3274244
vn 0.922679842 -0.0428970978 -0.383173227
vn 0.8751895 -0.0428970829 -0.481874734
vn 0.9202919 -0.0143232262 -0.3909701
vn 0.6773073 0.0113253947 0.7356131
vn 0.400542885 0.00771320146 0.9162456
vn 0.677339554 0.0146438126 0.735524833
vn 0.337624 -0.0106868269 0.9412204
vn 0.337743729 -0.00757430354 0.941207647
vn 0.6260364 -0.005978882 0.779771
vn -0.166045189 -0.0174943935 0.9859629
vn 0.163919747 0.00329826749 0.9864682
vn -0.165674 -0.0249297153 0.9858655
vn 0.2156467 0.0148526775 0.976358533
vn 0.21549055 0.008636015 0.9764678
vn -0.11393223 -0.0002207011 0.99348855
vn -0.864435732 0.0181300342 -0.5024164
vn -0.587659061 -0.008116531 -0.809067965
vn -0.86402905 0.0275547337 -0.502687335
vn -0.5375675 -0.0195766017 -0.8429935
vn -0.5378425 -0.0117212133 -0.8429639
vn -0.832619548 -0.0008342452 -0.55384475
vn 0.0969657153 -0.0104287341 -0.9952331
vn -0.3141904 -0.00724243838 -0.9493324
vn 0.09708126 -0.0143386368 -0.995173156
vn -0.389566451 0.0139371445 -0.9208929
vn -0.389443427 0.0102353422 -0.9209935
vn 0.0166026875 0.009048312 -0.999821246
vn 0.01121366 0.9985445 -0.05275568
vn 0.01121366 0.9985445 -0.05275568
vn 0.01121366 0.9985445 -0.05275568
vn 0.030974282 0.998610556 -0.0426326655
vn 0.030974282 0.998610556 -0.0426326655
vn 0.0323804654 0.9993008 -0.0186940655
vn 0.0323804654 0.9993008 -0.0186940655
vn 0.0492855459 0.998740137 -0.009436129
vn 0.0606158227 0.9981408 -0.006371517
vn 0.0606158227 0.9981408 -0.006371517
vn 0.08410921 0.9961234 -0.0257677231
vn 0.03734341 0.999228835 0.0121330032
vn 0.03734341 0.999228835 0.0121330032
vn 0.0177360382 0.9998097 0.008126804
vn 0.0177360382 0.9998097 0.008126804
vn -0.0131055908 0.999785244 0.0160523374
vn -0.0131055908 0.999785244 0.0160523374
vn 0.03635105 0.9973619 -0.062831834
vn 0.03635105 0.9973619 -0.062831834
vn 0.03635105 0.9973619 -0.062831834
vn -0.07396275 0.9940946 -0.07940701
vn -0.07396275 0.9940946 -0.07940701
vn -0.07396275 0.9940946 -0.07940701
vn 0.0379875265 0.9981577 -0.0473098345
vn 0.0379875265 0.9981577 -0.0473098345
vn 0.0379875265 0.9981577 -0.0473098345
vn -0.0568204224 0.9983814 -0.00247694738
vn -0.0568204224 0.9983814 -0.00247694738
vn -0.0568204224 0.9983814 -0.00247694738
vn 0.09726585 0.9948512 0.02846841
vn 0.09726585 0.9948512 0.02846841
vn 0.09726585 0.9948512 0.02846841
vn 0.02623795 0.9978527 -0.06001288
vn 0.02623795 0.9978527 -0.06001288
vn 0.02623795 0.9978527 -0.06001288
vn -0.0322673023 0.998007357 -0.0542240255
vn -0.0322673023 0.998007357 -0.0542240255
vn -0.0322673023 0.998007357 -0.0542240255
vn 0.03290806 0.9977277 0.05879308
vn 0.03290806 0.9977277 0.05879308
vn 0.03290806 0.9977277 0.05879308
vn 0.0270434935 0.996022046 -0.0849049538
vn 0.0270434935 0.996022046 -0.0849049538
vn 0.0270434935 0.996022046 -0.0849049538
vn 0.00669879233 0.9998644 0.01504501
vn 0.00669879233 0.9998644 0.01504501
vn 0.00669879233 0.9998644 0.01504501
vn -0.120170422 0.9893623 0.0819838345
vn -0.120170422 0.9893623 0.0819838345
vn -0.120170422 0.9893623 0.0819838345
vn 0.00865784753 0.998968959 0.04456576
vn 0.00865784753 0.998968959 0.04456576
vn 0.00865784753 0.998968959 0.04456576
vn 0 0.9979819 0.06349851
vn 0 0.9979819 0.06349851
vn 0 0.9979819 0.06349851
vn -0.00786372 0.9965963 0.0820611343
vn -0.00786372 0.9965963 0.0820611343
vn -0.00786372 0.9965963 0.0820611343
vn 0.04659851 0.9988981 0.005586235
vn 0.04659851 0.9988981 0.005586235
vn 0.04659851 0.9988981 0.005586235
vn -0.0809272453 0.996485353 -0.0216266643
vn -0.0809272453 0.996485353 -0.0216266643
vn -0.0809272453 0.996485353 -0.0216266643
vn 0.0577600934 0.9968785 0.0538245477
vn 0.0577600934 0.9968785 0.0538245477
vn 0.0577600934 0.9968785 0.0538245477
vn -0.0179431811 0.9975179 -0.06808918
vn -0.0179431811 0.9975179 -0.06808918
vn -0.0179431811 0.9975179 -0.06808918
vn -0.0611378774 0.998116255 -0.005108118
vn -0.0611378774 0.998116255 -0.005108118
vn -0.0611378774 0.998116255 -0.005108118
vn -0.0248173028 0.992738366 0.117705971
vn -0.0248173028 0.992738366 0.117705971
vn -0.0248173028 0.992738366 0.117705971
vn 0.00490401033 0.999494851 0.0314009041
vn 0.00490401033 0.999494851 0.0314009041
vn 0.00490401033 0.999494851 0.0314009041
vn 0.0008774536 0.9999893 -0.004552418
vn 0.0008774536 0.9999893 -0.004552418
vn 0.0327705219 0.999456346 0.00363385561
vn 0.0327705219 0.999456346 0.00363385561
vn 0.0162454266 0.9997814 -0.0131616807
vn -0.0625506043 0.9980202 -0.006574185
vn -0.0209807679 0.999678135 -0.0142624257
vn -0.0209807679 0.999678135 -0.0142624257
vn -0.0625506043 0.9980202 -0.006574185
vn -0.07781528 0.9969624 -0.00326429424
vn -0.0258558691 0.9996304 0.008401821
vn -0.0258558691 0.9996304 0.008401821
vn -0.0258558691 0.9996304 0.008401821
vn -0.0167312771 0.999811 0.009907333
vn -0.0366382822 0.999104738 -0.0211516023
vn -0.0366382822 0.999104738 -0.0211516023
vn -0.06672072 0.997757256 0.00537091959
vn -0.0284225289 0.99883014 -0.03912271
vn -0.0284225289 0.99883014 -0.03912271
vn 0.06429466 0.9977823 0.0172258839
vn 0.06429466 0.9977823 0.0172258839
vn 0.06429466 0.9977823 0.0172258839
vn 0.03646779 0.998669267 0.036467053
vn 0.03646779 0.998669267 0.036467053
vn 0.035375867 0.998710036 0.03642621
vn 0.0156818349 0.9997843 0.0136192674
vn -0.0146991191 0.9998515 0.008992616
vn -0.0146991191 0.9998515 0.008992616
vn 0.0156818349 0.9997843 0.0136192674
vn 0.0156818349 0.9997843 0.0136192674
vn 0.0318287872 0.9994883 -0.003173539
vn -0.0195084214 0.9954069 -0.0937256
vn -0.0195084214 0.9954069 -0.0937256
vn -0.0195084214 0.9954069 -0.0937256
vn -0.009779932 0.9988931 -0.0460103676
vn -0.009779932 0.9988931 -0.0460103676
vn -0.009779932 0.9988931 -0.0460103676
vn -0.0209933575 0.9997355 0.00939551
vn -0.0209933575 0.9997355 0.00939551
vn -0.0209933575 0.9997355 0.00939551
vn 0.0173757616 0.9993424 0.0318257138
vn 0.0173757616 0.9993424 0.0318257138
vn 0.0173757616 0.9993424 0.0318257138
vn 0.0477765873 0.9977721 -0.0465647951
vn 0.0477765873 0.9977721 -0.0465647951
vn 0.0477765873 0.9977721 -0.0465647951
vn 0.04434134 0.996098042 0.07630533
vn 0.04434134 0.996098042 0.07630533
vn 0.04434134 0.996098042 0.07630533
vn -0.116768442 0.9895473 0.08462407
vn -0.116768442 0.9895473 0.08462407
vn -0.116768442 0.9895473 0.08462407
vn -0.117068954 0.989530265 -0.08440843
vn -0.117068954 0.989530265 -0.08440843
vn -0.117068954 0.989530265 -0.08440843
vn 0.0112301027 0.9990583 -0.04190975
vn 0.0112301027 0.9990583 -0.04190975
vn 0.0112301027 0.9990583 -0.04190975
vn -0.0404954553 0.9990857 0.013707241
vn -0.0404954553 0.9990857 0.013707241
vn -0.0404954553 0.9990857 0.013707241
vn 0.0232943315 0.9992217 -0.0318353735
vn 0.0232943315 0.9992217 -0.0318353735
vn 0.0232943315 0.9992217 -0.0318353735
vn -0.005408722 0.999808848 0.0187877156
vn -0.005408722 0.999808848 0.0187877156
vn -0.005408722 0.999808848 0.0187877156
vn -0.0150364554 0.9983111 -0.056115035
vn -0.0150364554 0.9983111 -0.056115035
vn -0.0150364554 0.9983111 -0.056115035
vn 0.03665588 0.995833337 -0.08350024
vn 0.03665588 0.995833337 -0.08350024
vn 0.03665588 0.995833337 -0.08350024
vn -0.0985101238 0.9883165 -0.116302632
vn -0.0985101238 0.9883165 -0.116302632
vn -0.0985101238 0.9883165 -0.116302632
vn -0.0380969867 0.998309731 -0.0438889861
vn -0.0380969867 0.998309731 -0.0438889861
vn -0.0380969867 0.998309731 -0.0438889861
vn -0.07040802 0.9927027 0.09789809
vn -0.07040802 0.9927027 0.09789809
vn -0.07040802 0.9927027 0.09789809
vn -0.04936662 0.9986931 -0.0132295387
vn -0.0374106243 0.99859947 -0.0374111235
vn -0.04936662 0.9986931 -0.0132295387
vn -0.0374106243 0.99859947 -0.0374111235
vn -0.0374106243 0.99859947 -0.0374111235
vn -0.0581496544 0.997471 -0.0408701263
vn 0.00215124781 0.9995863 0.0286827236
vn 0.00215124781 0.9995863 0.0286827236
vn 0.00215124781 0.9995863 0.0286827236
vn -0.03137446 0.9994049 -0.01433451
vn -0.03137446 0.9994049 -0.01433451
vn -0.03137446 0.9994049 -0.01433451
vn -0.05058224 0.998627961 0.0135520408
vn -0.05058224 0.998627961 0.0135520408
vn -0.05058224 0.998627961 0.0135520408
vn -0.0317385979 0.9993963 0.01413199
vn -0.0317385979 0.9993963 0.01413199
vn -0.095868364 0.993657053 -0.0587785579
vn -0.095868364 0.993657053 -0.0587785579
vn -0.095868364 0.993657053 -0.0587785579
vn -0.0980945751 0.9931711 0.0631560758
vn -0.0980945751 0.9931711 0.0631560758
vn -0.0980945751 0.9931711 0.0631560758
vn 0.05760853 0.9967999 0.0554190651
vn 0.05760853 0.9967999 0.0554190651
vn 0.05760853 0.9967999 0.0554190651
vn -0.0153124109 0.998248458 0.0571456365
vn -0.0153124109 0.998248458 0.0571456365
vn -0.0153124109 0.998248458 0.0571456365
vn 0.0252225325 0.99968183 0.0002908837
vn 0.0252225325 0.99968183 0.0002908837
vn 0.0252225325 0.99968183 0.0002908837
vn -0.0111648124 0.9994291 0.0318868272
vn -0.0111648124 0.9994291 0.0318868272
vn -0.0111648124 0.9994291 0.0318868272
vn 0.00645454973 0.999810755 -0.01835073
vn 0.00645454973 0.999810755 -0.01835073
vn 0.00645454973 0.999810755 -0.01835073
vn 0.0119574638 0.998932362 0.0446223058
vn 0.0119574638 0.998932362 0.0446223058
vn 0.0119574638 0.998932362 0.0446223058
vn -0.09415175 0.9888176 0.115651339
vn -0.09415175 0.9888176 0.115651339
vn -0.09415175 0.9888176 0.115651339
vn 0.0403324328 0.995353639 0.08743269
vn 0.0403324328 0.995353639 0.08743269
vn 0.0403324328 0.995353639 0.08743269
vn 0.0458263829 0.9985767 0.02728584
vn 0.0458263829 0.9985767 0.02728584
vn 0.0458263829 0.9985767 0.02728584
vn 0.0436453335 0.996113 -0.07651116
vn 0.0436453335 0.996113 -0.07651116
vn 0.0436453335 0.996113 -0.07651116
vn 0.10576193 0.9931545 0.04958444
vn 0.10576193 0.9931545 0.04958444
vn 0.10576193 0.9931545 0.04958444
vn 0.0561330579 0.99695003 -0.0542196259
vn 0.0561330579 0.99695003 -0.0542196259
vn 0.0561330579 0.99695003 -0.0542196259
vn -0.06454333 0.9952392 -0.073028326
vn -0.06454333 0.9952392 -0.073028326
vn -0.06454333 0.9952392 -0.073028326
vn 0.00220297719 0.9996567 0.0261093639
vn 0.00220297719 0.9996567 0.0261093639
vn 0.00220297719 0.9996567 0.0261093639
vn 0.0179698 0.9998084 -0.00777254859
vn 0.0179698 0.9998084 -0.00777254859
vn 0.0179698 0.9998084 -0.00777254859
vn 0.00168737757 0.9996078 -0.0279540475
vn 0.00168737757 0.9996078 -0.0279540475
vn 0.00168737757 0.9996078 -0.0279540475
vn 0.07601784 0.9971054 -0.00143095583
vn 0.07601784 0.9971054 -0.00143095583
vn 0.07601784 0.9971054 -0.00143095583
vn -0.009453807 0.9998143 -0.0167953651
vn -0.0229788367 0.9990893 -0.0359514281
vn -0.0229788367 0.9990893 -0.0359514281
vn -0.009453807 0.9998143 -0.0167953651
vn -0.009453807 0.9998143 -0.0167953651
vn -0.03310127 0.9994401 -0.00487932377
vn -0.03310127 0.9994401 -0.00487932377
vn 0.0389978439 0.9983942 0.0410877
vn 0.0389978439 0.9983942 0.0410877
vn 0.0389978439 0.9983942 0.0410877
vn 0.0123508889 0.9989816 -0.04339632
vn 0.0123508889 0.9989816 -0.04339632
vn 0.0123508889 0.9989816 -0.04339632
vn 0.008595037 0.9993006 -0.0363933668
vn 0.008595037 0.9993006 -0.0363933668
vn 0.008595037 0.9993006 -0.0363933668
vn -0.00312957261 0.9983638 0.05709674
vn -0.00312957261 0.9983638 0.05709674
vn -0.00312957261 0.9983638 0.05709674
vn -0.00408754637 0.9995407 -0.0300300866
vn -0.00408754637 0.9995407 -0.0300300866
vn 0.005938021 0.999982357 -0.000173029781
vn 0.0186163168 0.9995383 0.0240133274
vn 0.0186163168 0.9995383 0.0240133274
vn 0.0186163168 0.9995383 0.0240133274
vn 0.0148664387 0.999801457 -0.0132665662
vn 0.0148664387 0.999801457 -0.0132665662
vn 0.0148664387 0.999801457 -0.0132665662
vn -3.632315E-05 -1 -5.254047E-05
vn -3.632315E-05 -1 -5.254047E-05
vn -3.632315E-05 -1 -5.254047E-05
vn 0 -1 0
vn 0 -1 2.82794235E-06
vn 0 -1 2.82794235E-06
vn 0 -1 1.43998852E-06
vn 0.000104746825 -1 1.10774445E-05
vn 7.35163339E-05 -1 -5.400492E-05
vn -3.27458547E-05 -1 -5.76850834E-05
vn -3.4648896E-05 -1 -2.0560823E-05
vn -3.27458547E-05 -1 -5.76850834E-05
vn -3.4648896E-05 -1 -2.0560823E-05
vn -3.4648896E-05 -1 -2.0560823E-05
vn 0 -1 0
vn 0 -1 0
vn 0 -1 0
vn 1.06265234E-05 -1 -5.36450352E-05
vn 0 -1 -1.51906772E-06
vn 0 -1 0
vn 0.000104746825 -1 1.10774445E-05
vn 5.91234675E-06 -1 3.34562865E-05
vn 0 -1 7.46428E-07
vn 0 -1 0
vn 0 -1 0
vn 7.31166E-05 -1 -1.02301965E-05
vn 4.997143E-05 -1 -2.8178154E-05
vn 4.724634E-05 -1 -4.3229993E-05
vn 0 -1 0
vn 0 -1 7.46428E-07
vn 4.48372266E-05 -1 0
vn 4.48372266E-05 -1 0
vn 4.48372266E-05 -1 0
vn 0 -1 0
vn 0 -1 0
vn 5.36022271E-05 -1 6.506482E-05
vn -4.19317075E-05 -1 -3.682405E-06
vn 0 -1 -1.49312791E-06
vn -4.19317075E-05 -1 -3.682405E-06
vn 0 -1 0
vn 0 -1 0
vn 0 -1 0
vn -1.01646119E-05 -1 6.416733E-05
vn -1.01646119E-05 -1 6.416733E-05
vn 2.73610185E-05 -1 2.746411E-05
vn 2.73610185E-05 -1 2.746411E-05
vn -5.08334924E-05 -1 -6.12527128E-06
vn 0 -1 0
vn 0 -1 1.548067E-06
vn 0 -1 0
vn 0 -1 1.548067E-06
vn 0 -1 1.67069754E-06
vn 3.01001946E-05 -1 5.112573E-05
vn 3.01001946E-05 -1 5.112573E-05
vn 3.01001946E-05 -1 5.112573E-05
vn 0 -1 0
vn 0 -1 0
vn 0 -1 1.56117483E-06
vn 0 -1 -1.51876566E-06
vn 0 -1 -1.51876566E-06
vn -2.79416763E-05 -1 -2.90124062E-05
vn -2.8010998E-05 -1 -2.476431E-05
vn -2.8010998E-05 -1 -2.476431E-05
vn -2.8010998E-05 -1 -2.476431E-05
vn 0 -1 1.56117483E-06
vn 0 -1 0
vn 0 -1 1.56117483E-06
vn -2.41467023E-05 -1 -3.10117757E-05
vn 0 -1 3.005964E-06
vn 0 -1 3.005964E-06
vn 0 -1 0
vn 0 -1 2.18593823E-06
vn 0 -1 2.18593823E-06
vn -4.723613E-05 -1 -6.898772E-05
vn -4.723613E-05 -1 -6.898772E-05
vn -4.723613E-05 -1 -6.898772E-05
vn 0 -1 -2.76283276E-06
vn 0 -1 -2.76283276E-06
vn 0 -1 -2.76283276E-06
vn 0 -1 -1.45789386E-06
vn 0 -1 -1.45789386E-06
vn 0 -1 -1.45789386E-06
vn 0 -1 0
vn 0 -1 -1.94348445E-06
vn 0 -1 -1.94348445E-06
vn 0 -1 0
vn 0 -1 0
vn 0 -1 0
vn 0 -1 0
vn 0 -1 0
vn 0 -1 0
vn 0 -1 -3.75216564E-06
vn 0 -1 0
vn 2.9300345E-05 -1 -3.821605E-05
vn -4.022755E-05 -1 -3.773816E-05
vn 7.21322649E-05 -1 1.92390271E-05
vn 7.21322649E-05 -1 1.92390271E-05
vn 3.55537E-05 -1 0.000125580016
vn 3.55537E-05 -1 0.000125580016
vn 0 -1 0
vn 0 -1 0
vn -8.614372E-06 -1 -7.27764855E-05
vn -8.614372E-06 -1 -7.27764855E-05
vn 0 -1 0
vn 0 -1 0
vn 0 -1 0
vn 0 -1 0
vn 0 -1 0
vn 0 -1 -9.044372E-07
vn 0 -1 0
vn 0 -1 0
vn 0 -1 0
vn 0 -1 -3.8616563E-06
vn 0 -1 0
vn 0 -1 0
vn 0 -1 0
vn 0 -1 7.884818E-07
vn 0 -1 7.884818E-07
vn 0 -1 0
vn 0 -1 -9.989312E-07
vn 0 -1 -9.989312E-07
vn 0 -1 -9.989312E-07
vn 0 -1 0
vn 0 -1 0
vn 0 -1 -3.00597731E-06
vn 0 -1 0
vn 0 -1 0
vn 0 -1 0
vn 0 -1 0
vn 0 -1 -7.89230455E-07
vn 6.04380257E-05 -1 1.97848635E-06
vn 6.174666E-05 -1 -7.667555E-06
vn -4.507068E-05 -1 4.65056219E-05
vn 0 -1 1.90184448E-06
vn 0 -1 1.90184448E-06
vn 0 -1 1.90184448E-06
vn -1.10005749E-05 -1 5.89996162E-05
vn 0 -1 0
vn -4.67340979E-05 -1 4.276129E-05
vn -4.67340979E-05 -1 4.276129E-05
vn 0 -1 4.231823E-06
vn -4.507068E-05 -1 4.65056219E-05
vn -4.507068E-05 -1 4.65056219E-05
vn 0 -1 -8.01745045E-07
vn -5.76621424E-05 -1 -4.669593E-05
vn 0 -1 4.231823E-06
vn 0 -1 1.67069754E-06
vn -5.28127857E-05 -1 -7.407828E-05
vn 2.794288E-05 -1 -4.45588157E-05
vn 2.794288E-05 -1 -4.45588157E-05
vn 4.32983725E-05 -1 -4.0627714E-05
vn 3.38916061E-06 -1 -6.628688E-05
vn 3.59245641E-05 -1 -5.19058631E-05
vn 3.59245641E-05 -1 -5.19058631E-05
vn -0.000143391429 -1 0.000112881775
vn -0.000143391429 -1 0.000112881775
vn -0.000143391429 -1 0.000112881775
vn -1.37160323E-05 -1 4.221978E-05
vn -1.37160323E-05 -1 4.221978E-05
vn -1.37160323E-05 -1 4.221978E-05
vn 2.59789181E-06 -1 -5.389194E-05
vn 2.59789181E-06 -1 -5.389194E-05
vn 2.59789181E-06 -1 -5.389194E-05
vn 3.90022469E-05 -1 1.6713584E-05
vn 3.90022469E-05 -1 1.6713584E-05
vn 3.90022469E-05 -1 1.6713584E-05
vn -3.45993067E-05 -1 4.82724136E-05
vn -3.45993067E-05 -1 4.82724136E-05
vn -3.45993067E-05 -1 4.82724136E-05
vn -9.27E-06 -1 -0.000131047927
vn -9.27E-06 -1 -0.000131047927
vn -9.27E-06 -1 -0.000131047927
vn 0 -1 0
vn 0 -1 0
vn 0 -1 0
vn 1.50402975E-05 -1 8.179611E-05
vn 1.50402975E-05 -1 8.179611E-05
vn 1.50402975E-05 -1 8.179611E-05
vn -3.53224023E-05 -1 8.05352247E-05
vn -3.53224023E-05 -1 8.05352247E-05
vn -3.53224023E-05 -1 8.05352247E-05
vn -0.8061458 0.00419115229 -0.5917021
vn -0.9969186 0.045509968 0.06389148
vn -0.8054891 0.023179682 -0.5921571
vn -0.9833496 0.0377400853 0.177761674
vn -0.983057737 0.0442505 0.177874774
vn -0.86705035 0.0442496836 -0.496251583
vn -0.999821961 0.004314047 0.01837218
vn -0.754157245 -0.01561068 0.6565083
vn -0.9994517 0.02660787 0.0197069962
vn -0.1629529 0.0111533934 0.9865708
vn 0.508638859 -0.0209619682 0.860724747
vn -0.16183801 0.027094271 0.9864453
vn 0.954974651 -0.0156378336 0.29627502
vn 0.9221855 0.00452851458 -0.386721373
vn 0.960562766 0.0549860671 0.272572547
vn 0.9527875 0.0548867472 0.298636079
vn 0.5387778 0.0252187327 0.842070341
vn 0.5376131 0.0424286425 0.8421235
vn 0.931573331 0.0527443364 -0.359707117
vn 0.482483476 0.0328200161 -0.875290036
vn 0.9322801 0.0188917 -0.361243457
vn 0.434843719 0.06650325 -0.898047
vn 0.435191959 0.05498511 -0.898657143
vn 0.911470056 0.0549857877 -0.407675117
vn 0.4575647 -0.0156371966 -0.889038861
vn -0.220706388 0.00452565635 -0.9753298
vn -0.18135941 0.06221747 -0.981446743
vn -0.7707935 0.021884812 -0.6367091
vn -0.182600051 0.0177884921 -0.9830263
vn -0.696603239 0.03755827 -0.716472864
vn -0.6973701 0.0160692744 -0.7165311
vn -0.0735505 0.0160690621 -0.997162044
vn -0.786789536 -0.003706739 -0.6172103
vn -0.999335 0.01618771 0.032672748
vn -0.8827365 0.02264388 -0.4693225
vn -0.213595659 0.0525621623 -0.9755071
vn -0.3461009 0.01716072 -0.9380404
vn 0.4637176 0.0191700589 -0.8857756
vn 0.30306673 0.0237673428 -0.9526729
vn -0.998513043 0.053459812 -0.0106641361
vn -0.7735971 0.00655622175 0.6336438
vn -0.9867034 0.0172699112 0.161610961
vn -0.8315676 0.0361991562 0.5542428
vn -0.7232592 0.02359682 0.6901734
vn -0.9976976 0.0234230533 0.063646704
vn -0.730408132 -0.00263005239 0.6830059
vn -0.121825136 0.045416 0.991512
vn -0.600728035 0.02174601 0.7991576
vn -0.0198752135 0.03226249 0.9992818
vn 0.154371142 0.0342991352 0.9874174
vn -0.5168101 0.03446163 0.855406165
vn -0.156542689 0.00587132527 0.987653732
vn 0.5149084 0.005438029 0.857228041
vn 0.0191101711 0.02205693 0.999574065
vn 0.5040408 0.04047831 0.8627308
vn 0.9412669 0.020660609 0.337030947
vn 0.646188 0.0179782473 0.762966454
vn 0.927743 0.0288705155 -0.3721014
vn 0.9897767 0.0188608449 0.1413734
vn 0.5031916 -0.008070457 -0.8641372
vn 0.8668308 0.0247383546 -0.497988343
vn 0.895866 0.0330193974 0.443095863
vn 0.959394753 0.0206840318 0.281307459
vn 0.5540297 0.0205240026 0.8322439
vn 0.8753425 0.0322622545 -0.482425839
vn 0.7779757 0.0342978239 -0.6273576
vn 0.999208331 0.0344655663 0.0198716037
vn -0.06419383 0.0306753889 -0.997465849
vn -0.23607406 0.01854294 -0.971558154
vn 0.443733543 0.0183795486 -0.8959703
vn -0.8554051 0.0347717181 -0.5167911
vn -0.932230532 0.0366327465 -0.360006034
vn -0.482331723 0.03679677 -0.87521553
vn -0.9912362 0.0274722129 0.129213244
vn -0.8869349 0.02556283 0.461186618
vn -0.9758301 0.0258140042 -0.217000633
vn 0.9442696 0.008422725 0.3290653
vn 0.934600651 0.0282125939 -0.354578316
vn 0.998808742 0.0487942845 -0.000401735248
vn 0.9384034 0.0521640442 0.341581553
vn 0.7705135 0.0235378742 0.636989057
vn 0.480563045 0.00535438024 0.8769438
vn 0.9421573 0.0287956633 0.333931744
vn -0.160306215 0.03109758 0.9865774
vn 0.173859075 0.046558354 0.983669341
vn -0.4889798 0.0219338667 0.8720193
vn -0.774676263 0.0102337589 0.6322753
vn -0.999177158 0.0341554172 0.0218726825
vn -0.9436909 0.02193469 0.330100626
vn -0.780323863 0.00115216151 -0.625374556
vn -0.9470904 0.0187989324 -0.320415974
vn -0.1868938 0.0282116923 -0.981974959
vn -0.478812158 0.01944562 -0.877702
vn 0.511805236 0.008422487 -0.8590602
vn 0.172990009 0.0487843677 -0.98371464
vn 0.7757121 0.0194396041 -0.6307875
vn 0.943869233 0.0282135382 -0.329112262
vn -0.676201165 0.0314895436 -0.736043751
vn -0.8869489 0.0295933075 -0.460918665
vn -0.382886142 0.0293389168 -0.9233296
vn -0.7599569 -0.0115806786 0.6498703
vn -0.165551826 0.0299851671 0.985745132
vn -0.334707856 0.0254288837 0.9419788
vn 0.8753468 0.0322612524 0.48241812
vn 0.9992085 0.0344560333 -0.0198791921
vn 0.7779801 0.03430556 0.6273517
vn 0.8958234 0.03448114 -0.4430706
vn 0.554002464 0.0218588486 -0.832228
vn 0.959369242 0.02202154 -0.281293
vn 0.4975839 0.0464626 -0.8661706
vn -0.141083911 -0.00370362145 -0.9899907
vn 0.0349702574 0.0226704031 -0.9991312
vn 0.95328635 0.0034179 -0.302048773
vn 0.6403074 0.0176543929 -0.767915845
vn 0.9379425 0.0177105516 0.3463383
vn 0.991061032 0.0201854855 -0.13187325
vn 0.471891463 0.023658162 0.8813392
vn 0.86277163 0.0237184912 0.5050371
vn -0.213358387 0.05737984 0.975287557
vn 0.3039812 0.04835802 0.951449931
vn -0.379455775 0.048318442 0.923947334
vn -0.1330791 0.0596928336 -0.989306152
vn -0.6110663 0.0505016632 -0.7899668
vn 0.040599566 0.0504742451 -0.99789983
vn -0.168509454 0.0206606742 -0.9854835
vn -0.744509339 0.0161905177 -0.667415738
vn -0.6392047 0.01797671 -0.768826544
vn -0.9994497 -0.00370722334 -0.0329642929
vn -0.9778927 0.0226439945 -0.20787771
vn -0.997383535 0.05969222 -0.0407786481
vn -0.884097159 0.0504945554 0.464566976
vn -0.787864566 0.0259295888 0.6153025
vn -0.9065745 0.0143816732 0.4218007
vn -0.9023843 0.04294283 0.428787261
vn -0.9438999 0.04294282 0.327427655
vn -0.922679663 -0.0428967774 0.383173734
vn -0.875189245 -0.04289676 0.4818752
vn -0.9202917 -0.0143230921 0.3909706
vn -0.6773374 0.0113157649 -0.735585451
vn -0.4005366 0.007704266 -0.9162484
vn -0.6773699 0.0146354595 -0.735497057
vn -0.337591261 -0.0106845163 -0.9412322
vn -0.337710977 -0.00757067371 -0.941219449
vn -0.626046658 -0.00597610744 -0.7797627
vn 0.166030869 -0.0174862165 -0.9859655
vn -0.163928881 0.00335885654 -0.986466467
vn 0.1656597 -0.024921488 -0.985868037
vn -0.215647355 0.0148535455 -0.976358354
vn -0.215491176 0.008636883 -0.9764676
vn 0.113931611 -0.00022043474 -0.99348855
vn 0.864417434 0.018133495 0.5024478
vn 0.5876733 -0.008177128 0.809057
vn 0.8640108 0.0275559518 0.5027187
vn 0.53757 -0.0195794757 0.8429918
vn 0.5378454 -0.0117242383 0.842962
vn 0.8326214 -0.000837571861 0.553842
vn -0.09696618 -0.0104321372 0.995233
vn 0.31419006 -0.00724523049 0.9493325
vn -0.09708202 -0.01434212 0.995173037
vn 0.3895394 0.0139338011 0.9209044
vn 0.389415562 0.0102318721 0.921005368
vn -0.01663348 0.009044277 0.999820769
vn 0 -1 -8.80179E-07
vn 0 -1 -8.80179E-07
vn 0 -1 -8.80179E-07
vn 0 -1 0
vn 0 -1 0
vn 0 -1 0
vn 0 -1 3.04355626E-06
vn 0 -1 3.04355626E-06
vn 0 -1 3.04355626E-06
vn 0 -1 0
vn 0 -1 0
vn 0 -1 0
vn 0 -1 0
vn 0 -1 0
vn 0 -1 0
vn 0 -1 0
vn 0 -1 0
vn 0 -1 0
vn 0.16607812 0.0174876079 0.9859575
vn -0.163887 -0.003301917 0.9864736
vn 0.1657068 0.0249251053 0.98586005
vn -0.215693578 -0.014852534 0.976348162
vn -0.215537369 -0.008634038 0.9764574
vn 0.113884747 0.000216050088 0.993494
vn -0.677341759 -0.01132017 0.7355814
vn -0.400541872 -0.00770950876 0.916246057
vn -0.677374065 -0.014639602 0.7354931
vn -0.337580472 0.0106864246 0.941236
vn -0.337699771 0.007572895 0.9412234
vn -0.6260374 0.005979503 0.7797701
vn -0.9202931 0.01432332 -0.390967369
vn -0.9226809 0.0428970046 -0.383170754
vn -0.8751908 0.04289702 -0.48187238
vn -0.902383566 -0.04294657 -0.428788424
vn -0.943899333 -0.04294657 -0.3274289
vn -0.9065739 -0.0143853668 -0.421801984
vn -0.0969517 0.0104286689 -0.99523443
vn 0.314204037 0.00724168541 -0.9493279
vn -0.09706791 0.014338702 -0.995174468
vn 0.389538437 -0.0139331967 -0.9209048
vn 0.3894146 -0.0102313282 -0.9210058
vn -0.01663451 -0.00904396 -0.999820769
vn 0.864418149 -0.0181335919 -0.5024465
vn 0.5876747 0.00817677 -0.809056
vn 0.8640116 -0.0275559314 -0.5027174
vn 0.537569344 0.0195812751 -0.8429922
vn 0.5378446 0.0117262341 -0.8429625
vn 0.8326212 0.000839973 -0.5538423
vn -0.3909629 0.0143242488 0.92029494
vn -0.383166254 0.04289803 0.9226827
vn -0.4818681 0.0428980365 0.8751931
vn -0.4287858 -0.0429427028 0.902385
vn -0.327426165 -0.04294269 0.943900466
vn -0.4217993 -0.0143816359 0.906575143
vn -0.9952341 0.0104306955 0.09695527
vn -0.949329 0.007243537 -0.31420067
vn -0.9951741 0.0143406307 0.09707136
vn -0.920903146 -0.013934426 -0.389542431
vn -0.921003938 -0.0102324216 -0.38941887
vn -0.9998208 -0.009044528 0.0166297834
vn -0.502413034 -0.0181321446 -0.8644376
vn -0.8090657 0.008114087 -0.5876623
vn -0.5026839 -0.0275567919 -0.864031
vn -0.8429974 0.01957984 -0.5375612
vn -0.8429678 0.0117245 -0.5378362
vn -0.553850949 0.0008375198 -0.832615435
vn 0.9859644 0.0174878184 -0.166037142
vn 0.9864668 -0.003304116 0.163927808
vn 0.985866964 0.0249229241 -0.165665984
vn 0.976348 -0.0148531655 0.215694308
vn 0.9764573 -0.008634894 0.21553801
vn 0.9934886 0.000219341367 -0.113931455
vn 0.735578358 -0.0113214012 0.677345037
vn 0.916244149 -0.00771013275 0.400546163
vn 0.7354902 -0.0146410922 0.6773771
vn 0.9412361 0.0106837824 0.337580383
vn 0.9412234 0.007570022 0.3377
vn 0.779770136 0.00597618939 0.6260374
vn 0.42179957 0.0143815046 0.9065751
vn 0.428786039 0.0429425836 0.9023849
vn 0.327426344 0.0429425724 0.9439004
vn 0.383166671 -0.0428976268 0.9226826
vn 0.481868476 -0.0428976379 0.8751929
vn 0.390963376 -0.01432387 0.9202948
vn -0.7355784 0.0113214282 0.677345037
vn -0.9162442 0.007710053 0.400546074
vn -0.735490263 0.014641121 0.677377045
vn -0.9412356 -0.0106838066 0.337581843
vn -0.941222847 -0.00757001573 0.3377015
vn -0.7797691 -0.00597613072 0.62603873
vn -0.9859566 -0.01748901 -0.1660835
vn -0.986467361 0.00335662952 0.163923532
vn -0.9858591 -0.02492625 -0.165712222
vn -0.976347864 0.01485465 0.215694532
vn -0.9764572 0.008636371 0.215538442
vn -0.993488669 -0.000217866153 -0.113931157
vn 0.5024536 0.0181322079 -0.864414036
vn 0.8090653 -0.008112625 -0.5876628
vn 0.502724469 0.0275546126 -0.8640075
vn 0.8429979 -0.0195819139 -0.5375603
vn 0.842968345 -0.01172671 -0.5378353
vn 0.5538603 -0.0007415861 -0.8326093
vn 0.9952342 -0.0104302615 0.09695439
vn 0.949328661 -0.007243103 -0.3142015
vn 0.9951742 -0.0143401986 0.09707054
vn 0.920903146 0.0139324972 -0.3895425
vn 0.921003938 0.0102306278 -0.38941896
vn 0.9998208 0.009043284 0.0166296121
vn 0.92029196 0.0143230911 0.390970081
vn 0.9226799 0.0428968146 0.383173257
vn 0.8751895 0.0428967923 0.481874734
vn 0.9023843 -0.0429435857 0.428787261
vn 0.94389987 -0.04294358 0.327427626
vn 0.9065745 -0.0143824313 0.421800733
vn 0.09696617 0.0104321344 0.995233
vn -0.31419006 0.00724527752 0.9493325
vn 0.0970820561 0.0143420761 0.995173037
vn -0.389539629 -0.0139336511 0.9209043
vn -0.38941583 -0.0102317482 0.921005249
vn 0.0166331362 -0.009044204 0.999820769
vn -0.864416063 -0.01813234 0.502450168
vn -0.587671161 0.0081782965 0.8090586
vn -0.864009559 -0.0275548212 0.5027209
vn -0.537570059 0.0195807852 0.8429917
vn -0.5378453 0.0117255393 0.842962
vn -0.8326215 0.0008388142 0.5538418
vn -0.166030869 0.0174862165 -0.9859655
vn 0.163934082 -0.00330636231 -0.986465752
vn -0.1656597 0.0249214377 -0.985868037
vn 0.215647385 -0.0148536563 -0.9763583
vn 0.215491265 -0.008637022 -0.97646755
vn -0.113931544 0.000220295027 -0.99348855
vn 0.6773367 -0.0113203414 -0.735586047
vn 0.400535524 -0.007709157 -0.9162488
vn 0.677368939 -0.0146399345 -0.735497832
vn 0.3375905 0.0106838271 -0.941232443
vn 0.3377104 0.00757011957 -0.9412196
vn 0.6260463 0.00597566366 -0.779763043
vn 0.9065736 0.0143841431 -0.421802521
vn 0.9023833 0.0429453477 -0.42878896
vn 0.9438992 0.0429453477 -0.327429473
vn 0.922681332 -0.04289678 -0.383169651
vn 0.875191331 -0.0428967848 -0.4818713
vn 0.9202935 -0.0143230511 -0.390966326
vn 0.677341759 0.0113198692 0.7355814
vn 0.400541872 0.007709176 0.916246057
vn 0.677374065 0.0146392882 0.7354931
vn 0.337580442 -0.01068594 0.941236
vn 0.33769986 -0.00757243158 0.9412234
vn 0.6260374 -0.00597906858 0.779770136
vn -0.16607812 -0.0174875669 0.9859575
vn 0.163887024 0.0033018128 0.9864736
vn -0.1657068 -0.0249250513 0.98586005
vn 0.215693578 0.0148525229 0.976348162
vn 0.215537369 0.008634039 0.9764574
vn -0.113884747 -0.000215908527 0.993494
vn -0.864416838 0.0181328245 -0.502448738
vn -0.587667465 -0.008111588 -0.809061944
vn -0.8640102 0.027555095 -0.5027197
vn -0.537569344 -0.019581141 -0.8429922
vn -0.5378446 -0.0117260423 -0.8429625
vn -0.8326212 -0.000839740154 -0.5538423
vn 0.0969515145 -0.01042878 -0.9952345
vn -0.314204216 -0.00724186841 -0.9493278
vn 0.0970677 -0.01433868 -0.995174468
vn -0.3895388 0.013933057 -0.9209047
vn -0.389414936 0.0102312518 -0.921005666
vn 0.0166341662 0.009043889 -0.999820769
vn 0.390967339 0.01432339 -0.9202931
vn 0.3831706 0.0428971127 -0.9226809
vn 0.481872261 0.0428971052 -0.875190854
vn 0.42879045 -0.04294205 -0.9023828
vn 0.327431023 -0.04294205 -0.9438988
vn 0.42180413 -0.0143809235 -0.906572938
vn 0.9952339 0.0104291933 -0.0969573855
vn 0.9493297 0.0072411797 0.314198583
vn 0.995173931 0.0143394331 -0.09707351
vn 0.92090404 -0.0139345462 0.389540166
vn 0.9210049 -0.0102324476 0.389416635
vn 0.999820769 -0.009044207 -0.0166321527
vn 0.5024429 -0.0181330983 0.864420235
vn 0.8090579 0.008111474 0.587673
vn 0.502714038 -0.0275555439 0.8640135
vn 0.8429935 0.01958035 0.5375674
vn 0.8429639 0.0117251407 0.537842453
vn 0.553853154 0.0007395539 0.832614064
vn -0.9859566 0.0174881145 0.1660835
vn -0.986466646 -0.0033050112 -0.163928717
vn -0.9858591 0.0249253586 0.165712237
vn -0.976348341 -0.0148539124 -0.215692729
vn -0.9764576 -0.008635643 -0.215536609
vn -0.993488431 0.000218601883 0.11393299
vn -0.7355834 -0.0113174208 -0.6773396
vn -0.9162472 -0.00770615553 -0.400539249
vn -0.7354952 -0.014637053 -0.6773718
vn -0.941234469 0.0106851533 -0.337584764
vn -0.9412218 0.007571332 -0.3377043
vn -0.779767156 0.005977282 -0.6260411
vn -0.421803951 0.0143816918 -0.906573
vn -0.428790331 0.0429428034 -0.902382851
vn -0.3274309 0.04294282 -0.9438988
vn -0.383170545 -0.04289739 -0.922681
vn -0.481872141 -0.04289739 -0.8751909
vn -0.39096728 -0.0143236583 -0.920293152
vn 0.735589147 0.0113193961 -0.6773334
vn 0.9162506 0.00770741375 -0.4005315
vn 0.7355007 0.0146391718 -0.677365839
vn 0.941234469 -0.0106847817 -0.337584823
vn 0.9412218 -0.007570908 -0.3377045
vn 0.779767036 -0.005976591 -0.6260413
vn 0.98595643 -0.0174899045 0.1660845
vn 0.9864668 0.00330322958 -0.163927913
vn 0.9858589 -0.02492713 0.165712938
vn 0.97634846 0.0148539115 -0.215691969
vn 0.9764578 0.008635647 -0.215535879
vn 0.9934889 -0.000271154538 0.113928512
vn -0.5024441 0.0181327183 0.8644195
vn -0.809058666 -0.008111895 0.587672
vn -0.5027152 0.0275551341 0.864012837
vn -0.842992842 -0.0195806026 0.537568331
vn -0.8429633 -0.0117254471 0.537843347
vn -0.5538039 -0.0008337721 0.832646668
vn -0.9952341 -0.0104289362 -0.0969561562
vn -0.949329257 -0.007241813 0.314199835
vn -0.99517405 -0.0143389637 -0.09707228
vn -0.9209044 0.0139336521 0.38953945
vn -0.9210053 0.0102316141 0.389415681
vn -0.999820769 0.009043804 -0.01663311
vn -1 1.70837138E-05 -1.11758709E-06
vn -1 9.979425E-06 -5.12599945E-06
vn -0.913543344 -1.04010105E-05 0.406741351
vn -0.913543344 -9.979425E-06 0.406741381
vn -0.6691345 9.979419E-06 0.7431413
vn -0.6691345 1.70341627E-05 0.7431413
vn -0.309020519 9.979427E-06 0.9510554
vn -0.3090121 1.70836829E-05 0.9510581
vn 0.104520343 9.979437E-06 0.99452275
vn 0.10452874 1.7083712E-05 0.994521856
vn 0.500000536 9.979408E-06 0.86602515
vn 0.4999948 1.71333268E-05 0.8660284
vn 0.809014559 9.979423E-06 0.5877886
vn 0.809016466 1.70341482E-05 0.587786
vn 0.978147 9.979419E-06 0.207914829
vn 0.978147 1.72820164E-05 0.207914829
vn 0.9781488 9.979427E-06 -0.207905918
vn 0.978148 1.70341482E-05 -0.207909986
vn 0.8090173 9.97941152E-06 -0.5877848
vn 0.8090212 1.71333413E-05 -0.587779462
vn 0.500005662 9.979426E-06 -0.86602217
vn 0.4999982 1.70836829E-05 -0.866026461
vn 0.104539827 9.979439E-06 -0.9945207
vn 0.104530953 1.71332813E-05 -0.9945216
vn -0.30901593 9.979418E-06 -0.9510569
vn -0.30901593 1.70341609E-05 -0.9510569
vn -0.6691309 9.979406E-06 -0.7431445
vn -0.6691268 -8.939431E-05 -0.7431482
vn -0.913543463 9.979424E-06 -0.406741172
vn -0.913544834 1.70341482E-05 -0.406737983
vn -1 -1.03637576E-05 4.84287739E-06
vn -1 -9.979424E-06 4.84287739E-06
vn -0.03546307 0.9985946 0.0393854827
vn -0.03546307 0.9985946 0.0393854827
vn -0.03546307 0.9985946 0.0393854827
vn -0.02869277 0.998903155 0.0370035246
vn -0.0222907253 0.9997023 -0.009923074
vn -0.0222907253 0.9997023 -0.009923074
vn -0.0222907253 0.9997023 -0.009923074
vn -0.0183166638 0.9998186 -0.005225421
vn -0.03678726 0.998487651 -0.0408551954
vn -0.038688 0.9978425 -0.05304354
vn -0.03678726 0.998487651 -0.0408551954
vn -0.03678726 0.998487651 -0.0408551954
vn -0.0490103327 0.99772054 -0.046387177
vn -0.00119756116 0.99750644 0.070566
vn -0.00119756116 0.99750644 0.070566
vn -0.00119756116 0.99750644 0.070566
vn 0.01685765 0.9978764 0.06291699
vn 0.0353519 0.9987495 0.035352394
vn 0.0353519 0.9987495 0.035352394
vn 0.0353144854 0.9987913 0.0341882035
vn -0.037829455 0.9985679 -0.0378299579
vn -0.04095359 0.9975249 -0.0571565367
vn -0.037829455 0.9985679 -0.0378299579
vn -0.037829455 0.9985679 -0.0378299579
vn -0.045159433 0.998231769 -0.0386520028
vn 5.260111E-06 0 -1
vn 1.218915E-05 0 -1
vn 0.499990553 -1.51768327E-05 -0.8660309
vn 0.499990553 0 -0.8660309
vn 0.8660305 0 -0.499991179
vn 0.866028666 0 -0.4999944
vn 1 0 7.7039E-06
vn 1 0 7.7039E-06
vn 0.866022766 0 0.50000453
vn 0.866022646 0 0.500004768
vn 0.499984354 0 0.866034448
vn 0.499996424 0 0.8660275
vn -1.218915E-05 0 1
vn 1.1920929E-06 0 1
vn -0.500008047 0 0.8660208
vn -0.50000906 0 0.866020143
vn -0.866029561 0 0.4999928
vn -0.866029561 0 0.4999928
vn -1 0 -9.521843E-06
vn -1 0 -5.94556332E-06
vn -0.8660221 0 -0.5000058
vn -0.8660203 0 -0.5000089
vn -0.499990553 0 -0.8660309
vn -0.4999964 0 -0.8660275
vn -1.22152278E-05 -1.51842842E-05 -1
vn -1.218915E-05 0 -1
vn 1 0 1.77323818E-05
vn 1 0 1.59442425E-05
vn 0.8412444 -1.32769346E-05 -0.540655136
vn 0.8412444 0 -0.540655136
vn 0.4154372 0 -0.9096219
vn 0.4154297 0 -0.9096253
vn -0.142305821 0 -0.989822745
vn -0.142298341 0 -0.9898238
vn -0.6548491 0 -0.755759656
vn -0.654845953 0 -0.7557624
vn -0.959488034 0 -0.281749278
vn -0.959488034 0 -0.281749278
vn -0.959497154 0 0.281718224
vn -0.959498465 0 0.2817138
vn -0.654874444 0 0.7557377
vn -0.654843569 0 0.7557644
vn -0.142325208 0 0.989819944
vn -0.142333329 0 0.9898188
vn 0.415441126 0 0.909620047
vn 0.415403217 0 0.9096374
vn 0.8412446 0 0.5406548
vn 0.8412431 0 0.540657043
vn 1 -1.32769346E-05 -1.53779984E-05
vn 1 0 -1.54078E-05
vn 5.13787563E-05 -1 -3.61417478E-05
vn 5.13787563E-05 -1 -3.61417478E-05
vn 5.13787563E-05 -1 -3.61417478E-05
vn 8.05938253E-05 -1 4.804223E-05
vn 0 -1 0
vn 0 -1 0
vn 0 -1 0
vn 0 -1 3.83432644E-06
vn -3.88568842E-05 -1 6.83354447E-05
vn -3.88568842E-05 -1 6.83354447E-05
vn -3.88568842E-05 -1 6.83354447E-05
vn -4.965755E-05 -1 2.99944659E-05
vn -4.3990578E-05 -1 4.42010132E-05
vn -4.3990578E-05 -1 4.42010132E-05
vn -4.3990578E-05 -1 4.42010132E-05
vn -4.35346956E-05 -1 -4.13524467E-05
vn 0.000101657562 -1 -9.895738E-05
vn 0.000101657562 -1 -9.895738E-05
vn 0.000101657562 -1 -9.895738E-05
vn 6.23772139E-05 -1 2.27322034E-05
vn -0.9752864 0.05738091 -0.213363349
vn -0.9514512 0.0483593829 0.303977
vn -0.923945546 0.04831972 -0.379459977
vn -0.881329 0.0236574281 0.471910477
vn -0.346346855 0.017709963 0.937939346
vn -0.505046666 0.0237212572 0.862766
vn -0.3794036 0.05735226 0.9234521
vn 0.134215832 0.0483428463 0.98977226
vn 0.302768648 0.0191761181 0.952871144
vn 0.4097602 -0.004087251 0.9121841
vn 0.404450774 -0.0116425008 0.914485633
vn 0.5047879 -0.0592655838 0.861206532
vn 0.323762983 0.05886776 0.9443051
vn 0 -1 0
vn 0 -1 0
vn 0 -1 0
vn 0 -1 0
vn 0 -1 3.04359E-06
vn 0 -1 3.04359E-06
vn 0 -1 3.04359E-06
vn 0 -1 0
vn 0 -1 0
vn 0 -1 0
vn 0 -1 0
vn 0 -1 0
vn 0 -1 0
vn 0 -1 0
vn 0 -1 0
vn 0 -1 0
vn 0 -1 -2.73138744E-06
vn 0 -1 -3.51289873E-06
vn 0 -1 -3.51289873E-06
vn 0 -1 -3.51289873E-06
vn 0 -1 0
vn 0 -1 0
vn 0 -1 0
vn 0 -1 0
vn 0 -1 0
vn 0 -1 -8.801796E-07
vn 0 -1 -8.801796E-07
vn 0 -1 2.31272747E-06
vn -0.424180657 -0.00315096229 0.9055721
vn -0.42949903 -0.01083901 0.9030023
vn -0.3237631 -0.05886784 0.944305062
vn -0.5047881 0.0592654757 0.861206532
vn 0.9055721 -0.00314988219 0.424180657
vn 0.9030024 -0.010837839 0.429498821
vn 0.9442907 -0.05885574 0.323807269
vn 0.861210942 0.0592629425 0.504780769
vn 0.91218704 -0.004083334 -0.40975368
vn 0.914488554 -0.0116384355 -0.404444277
vn 0.861210346 -0.0592612065 -0.5047821
vn 0.944291234 0.05885439 -0.323805928
vn 0.424180239 -0.00314456876 -0.9055723
vn 0.4294985 -0.0108325593 -0.9030026
vn 0.3237626 -0.05886121 -0.944305658
vn 0.50477916 0.0592660047 -0.8612117
vn -0.409750581 -0.004087592 -0.9121884
vn -0.404441 -0.0116426917 -0.91449
vn -0.504778743 -0.0592658073 -0.861211956
vn -0.3237629 0.05886118 -0.944305539
vn -0.9055728 -0.003147804 -0.424179316
vn -0.903003037 -0.0108359465 -0.42949748
vn -0.9442913 -0.0588540845 -0.3238059
vn -0.8612103 0.0592610538 -0.5047822
vn -0.912187338 -0.00408485625 0.409753144
vn -0.9144889 -0.0116399638 0.404443562
vn -0.8612106 -0.0592630655 0.5047813
vn -0.9442905 0.05885637 0.323807567
vn -2.62260437E-06 1.71332922E-05 1
vn -2.68220856E-06 9.979413E-06 1
vn 0.40673998 -1.04382625E-05 0.91354394
vn 0.40674 -9.979423E-06 0.91354394
vn 0.743142545 9.97942E-06 0.6691331
vn 0.743142843 1.71333013E-05 0.6691328
vn 0.951055646 9.979417E-06 0.309019625
vn 0.951055348 1.71333122E-05 0.3090207
vn 0.9945222 9.979419E-06 -0.104525246
vn 0.994522154 1.71333E-05 -0.104526095
vn 0.866029 9.97943E-06 -0.499993831
vn 0.8660256 1.708371E-05 -0.4999997
vn 0.5877882 9.979419E-06 -0.809014857
vn 0.5877882 1.70837357E-05 -0.809014857
vn 0.207914829 9.979419E-06 -0.978147
vn 0.207914829 1.70837357E-05 -0.978147
vn -0.207909 9.979418E-06 -0.978148162
vn -0.207909063 1.708373E-05 -0.978148162
vn -0.587781131 9.979428E-06 -0.809020042
vn -0.587785363 1.70341409E-05 -0.809016943
vn -0.8660232 9.979422E-06 -0.500003934
vn -0.866024137 1.71333013E-05 -0.500002265
vn -0.9945216 9.979418E-06 -0.104531139
vn -0.9945215 1.71333122E-05 -0.104532108
vn -0.951057434 9.979418E-06 0.309014171
vn -0.951057434 1.71333031E-05 0.309014171
vn -0.7431487 9.979425E-06 0.6691264
vn -0.7431438 1.70341191E-05 0.6691318
vn -0.40674 9.979423E-06 0.91354394
vn -0.4067401 1.71333177E-05 0.91354394
vn 2.7045603E-06 -1.0430811E-05 1
vn 2.68220856E-06 -9.979413E-06 1
vn 0.0393881947 0.998594463 0.0354641043
vn 0.0393881947 0.998594463 0.0354641043
vn 0.0393881947 0.998594463 0.0354641043
vn 0.03700531 0.9989032 0.028688537
vn -0.0099242 0.9997023 0.0222905725
vn -0.0099242 0.9997023 0.0222905725
vn -0.0099242 0.9997023 0.0222905725
vn -0.00522549544 0.9998186 0.0183148943
vn -0.0408598632 0.998487353 0.03678939
vn -0.0530293 0.9978431 0.038692642
vn -0.0408598632 0.998487353 0.03678939
vn -0.0408598632 0.998487353 0.03678939
vn -0.04639231 0.997719944 0.0490171276
vn 0.0705652 0.99750644 0.00119757222
vn 0.0705652 0.99750644 0.00119757222
vn 0.0705652 0.99750644 0.00119757222
vn 0.06291857 0.9978763 -0.0168582778
vn 0.035352096 0.9987495 -0.0353504941
vn 0.035352096 0.9987495 -0.0353504941
vn 0.0341851972 0.998791456 -0.03531362
vn -0.03782869 0.998567939 0.03783021
vn -0.05715881 0.9975249 0.04095025
vn -0.03782869 0.998567939 0.03783021
vn -0.03782869 0.998567939 0.03783021
vn -0.0386502855 0.9982323 0.0451498553
vn -1 0 -8.64267349E-06
vn -1 0 -7.7188015E-06
vn -0.8660291 -1.50427231E-05 -0.4999937
vn -0.8660291 0 -0.4999937
vn -0.4999936 0 -0.8660291
vn -0.4999944 0 -0.866028666
vn 8.583069E-06 0 -1
vn 8.568168E-06 0 -1
vn 0.500007033 0 -0.8660214
vn 0.500007033 0 -0.8660214
vn 0.8660291 0 -0.4999937
vn 0.8660295 0 -0.4999929
vn 1 0 6.7204237E-06
vn 1 0 7.7039E-06
vn 0.866021454 0 0.5000069
vn 0.866021454 0 0.5000069
vn 0.4999936 0 0.8660291
vn 0.499993563 0 0.866029143
vn -8.612871E-06 0 1
vn -9.47713852E-06 0 1
vn -0.500007033 0 0.8660214
vn -0.500007033 0 0.8660214
vn -0.866029561 0 0.4999928
vn -0.86603 0 0.499992043
vn -1 -1.52364373E-05 6.65709376E-06
vn -1 0 6.69062138E-06
vn 1.37984753E-05 0 -1
vn 2.220273E-05 0 -1
vn -0.540658832 -1.30683193E-05 -0.841242
vn -0.5406587 0 -0.841242
vn -0.909624636 0 -0.4154311
vn -0.9096245 0 -0.41543138
vn -0.989824 0 0.142297253
vn -0.989823759 0 0.142298535
vn -0.7557609 0 0.654847741
vn -0.7557631 0 0.6548452
vn -0.281749278 0 0.959488034
vn -0.281749278 0 0.959488034
vn 0.2817191 0 0.9594969
vn 0.28171578 0 0.9594979
vn 0.755737543 0 0.6548747
vn 0.755738556 0 0.6548735
vn 0.9898191 0 0.142331287
vn 0.989819 0 0.142332137
vn 0.9096395 0 -0.415398717
vn 0.9096394 0 -0.415398747
vn 0.5406585 0 -0.8412422
vn 0.540651858 0 -0.8412465
vn -2.232939E-05 -1.30683184E-05 -1
vn -2.220273E-05 0 -1
vn -5.879649E-05 -1 7.394826E-05
vn -5.879649E-05 -1 7.394826E-05
vn -5.879649E-05 -1 7.394826E-05
vn -3.29857585E-06 -1 6.450333E-05
vn -1.23865584E-05 -1 5.58828251E-05
vn -3.893486E-05 -1 5.93587574E-05
vn -6.98558142E-05 -1 4.27689665E-05
vn 6.263109E-06 -1 -3.449733E-05
vn 6.263109E-06 -1 -3.449733E-05
vn 6.263109E-06 -1 -3.449733E-05
vn 9.00942041E-07 -1 -3.13397759E-05
vn 2.752157E-05 -1 2.49965833E-05
vn 2.752157E-05 -1 2.49965833E-05
vn 2.752157E-05 -1 2.49965833E-05
vn 1.984247E-05 -1 4.49900435E-05
vn 6.548792E-05 -1 4.043133E-05
vn 6.548792E-05 -1 4.043133E-05
vn 6.548792E-05 -1 4.043133E-05
vn 3.18095081E-05 -1 5.03124138E-05
vn 3.300223E-05 -1 -2.03218588E-05
vn 3.300223E-05 -1 -2.03218588E-05
vn 3.300223E-05 -1 -2.03218588E-05
vn 3.49204274E-05 -1 -1.90857518E-05
vn 2.93525536E-05 -1 -3.7946782E-05
vn 2.93525536E-05 -1 -3.7946782E-05
vn 2.93525536E-05 -1 -3.7946782E-05
vn 0 -1 1.81354562E-06
vn 1.55524212E-05 -1 8.193276E-05
vn 1.55524212E-05 -1 8.193276E-05
vn 1.55524212E-05 -1 8.193276E-05
vn -4.98705049E-05 -1 5.520468E-05
vn -9.611313E-05 -1 -0.000103325627
vn -9.611313E-05 -1 -0.000103325627
vn -9.611313E-05 -1 -0.000103325627
vn 2.24869273E-05 -1 -6.300619E-05
vn -0.7349228 0.0370282978 0.6771391
vn -0.127086565 0.05719182 0.9902414
vn -0.7346539 0.0238531157 0.6780226
vn -0.101615928 0.0530423522 0.9934087
vn 0.912189 -0.00408385647 -0.4097493
vn 0.91449064 -0.0116388751 -0.4044397
vn 0.86121285 -0.0592620075 -0.50477767
vn 0.944290757 0.0588563457 -0.323806971
vn 0 -1 0
vn 0 -1 0
vn 0 -1 0
vn 0 -1 0
vn 0 -1 0
vn 0 -1 0
vn 0 -1 -8.78240655E-07
vn 0 -1 -8.78240655E-07
vn 0 -1 -8.78240655E-07
vn 0 -1 0
vn 0 -1 7.60886735E-07
vn 0 -1 7.60886735E-07
vn 0 -1 7.60886735E-07
vn 0 -1 -1.36568735E-06
vn 0 -1 0
vn 0 -1 0
vn 0 -1 0
vn 0 -1 0
vn 0 -1 0
vn 0 -1 0
vn 0 -1 0
vn 0 -1 0
vn 0 -1 0
vn 0 -1 0
vn 0 -1 3.80443964E-07
vn 0 -1 3.80443964E-07
vn 0 -1 3.80443964E-07
vn 0 -1 1.36568883E-06
vn 0 -1 7.684582E-07
vn 0 -1 7.684582E-07
vn 0 -1 7.684582E-07
vn 0 -1 1.55792907E-06
vn 0 -1 0
vn 0 -1 0
vn 0 -1 0
vn 0 -1 0
vn 0 -1 1.76036008E-06
vn 0 -1 1.76036008E-06
vn 0 -1 0
vn 0 -1 0
vn 0 -1 0
vn 0 -1 0
vn 0 -1 0
vn 0 -1 0
vn 0 -1 0
vn 0 -1 0
vn 0 -1 -1.210394E-06
vn 0.905572534 -0.0031513283 0.424179882
vn 0.9030027 -0.0108392984 0.429498136
vn 0.9442908 -0.058857508 0.323806554
vn 0.8611869 0.0592744276 0.504820466
vn 0.424180746 -0.00314838439 -0.905572057
vn 0.42949903 -0.010836361 -0.9030023
vn 0.3237631 -0.0588650666 -0.944305241
vn 0.5048191 0.05927294 -0.861187756
vn -0.409783185 -0.00411596242 -0.9121737
vn -0.404477626 -0.011665307 -0.914473534
vn -0.504819 -0.0592725463 -0.861187935
vn -0.323763043 0.05886465 -0.9443053
vn -0.9055722 -0.00315075484 -0.424180567
vn -0.9030024 -0.0108387675 -0.4294988
vn -0.9442906 -0.0588568933 -0.32380724
vn -0.861211658 0.05924387 -0.5047818
vn -0.9121731 -0.00411717733 0.409784466
vn -0.914472938 -0.0116665307 0.404478937
vn -0.86118716 -0.05927379 0.504820049
vn -0.944290757 0.0588568822 0.323806822
vn -0.424213 -0.00311878859 0.9055571
vn -0.4295354 -0.0108127 0.902985334
vn -0.3238075 -0.0588572435 0.9442905
vn -0.5048185 0.059269838 0.861188352
vn 0.409777433 -0.00411639642 0.912176251
vn 0.404471785 -0.0116656944 0.9144761
vn 0.5048172 -0.05925534 0.8611901
vn 0.323801577 0.05885379 0.9442928
vn 0 1 -3.32371343E-07
vn 0 1 0
vn 0 1 0
vn 0 1 0
vn 0 1 0
vn 0 1 0
vn 0 1 0
vn 0 1 0
vn 0 1 -5.799337E-07
vn 0 1 0
vn 0 1 0
vn 0 1 0
vn 0 1 1.12595819E-06
vn 0 1 -5.79934749E-07
vn 0 1 1.50048E-06
vn 0 1 -7.293414E-07
vn 0 1 0
vn 0 1 0
vn 0 1 0
vn 0 1 1.5004764E-06
vn 0 1 0
vn 0 1 0
vn 0 1 1.52231917E-06
vn 0 1 0
vn 0 1 0
vn 0 1 0
vn 0 1 -3.12679816E-07
vn 0 1 -2.42159854E-06
vn 0 1 0
vn 0 1 1.40027794E-06
vn 0 1 0
vn 0 1 0
vn 0 1 0
vn 0 1 1.4586833E-06
vn 0 1 0
vn 0 1 0
vn 0 1 0
vn 0 1 -1.50048106E-06
vn 0 1 0
vn 0 1 0
vn 0 1 0
vn 0 1 0
vn 0 1 0
vn 0 1 0
vn 0 1 0
vn 0 1 0
vn -0.832157135 0.0213658977 0.55412817
vn -0.993643165 0.0211133827 -0.110577747
vn -0.915151834 0.0353096165 0.401559919
vn -0.9994236 0.0236278549 0.0243754853
vn -0.988267839 0.032136526 -0.149311736
vn -0.8524349 0.0435326733 0.5210179
vn -0.773679435 0.0266655218 -0.633015931
vn -0.6504911 0.0131990714 -0.7593992
vn -0.212236241 0.0561326332 -0.9756049
vn -0.6722014 0.06659149 -0.7373675
vn -0.177207768 0.0183393415 -0.9840026
vn -0.00431892276 0.0413122475 -0.999137
vn 0.472826749 0.0238879044 -0.8808316
vn 0.6209688 -0.00384746864 -0.7838259
vn 0.9239334 0.0561204031 -0.3784146
vn 0.609445 0.066558674 -0.790029645
vn 0.979738533 0.0321343243 -0.197686166
vn 0.9389949 0.0261075 0.34293887
vn 0.8644404 0.0212207511 0.5022873
vn 0.9853505 -0.00744389137 -0.1703789
vn -0.0194310565 0.0373980775 0.999111533
vn -0.6574804 0.03760949 0.7525325
vn -0.1932034 0.0347960629 0.9805415
vn -0.7475827 0.0190177243 0.663896441
vn -0.8517331 0.0100014973 0.5238805
vn -0.338333219 0.0147484532 0.9409108
vn -0.167741433 0.0250285976 0.98551327
vn 0.3673107 0.02735518 0.929695964
vn 0.5332509 0.0540230423 0.8442304
vn 0.883977 0.0643460751 0.46308133
vn 0.951461434 0.05399288 0.302994877
vn 0.0215636268 0.0199412163 0.9995686
vn -0.323876441 0.005007439 0.946086168
vn 0.359463871 0.03261853 0.932588756
vn -0.6422734 0.0553744547 0.7644727
vn -0.341512084 0.05926206 0.938007236
vn -0.869359136 0.0263321 0.493478835
vn -0.348719656 0.016139131 0.937088132
vn -0.9862708 0.0224707872 0.163599983
vn -0.982279062 0.03029004 -0.1849607
vn -0.864630163 0.0518273227 -0.4997285
vn -0.6516248 0.0121087283 -0.758444846
vn -0.350782067 0.02249846 -0.93618685
vn -0.007246733 0.01613762 -0.999843538
vn 0.341999471 0.0553784743 -0.938066959
vn 0.648193836 0.0263302624 -0.761020064
vn 0.8708335 0.0224709641 -0.491064161
vn 0.986300468 0.0302908067 -0.16215384
vn 0.9866861 0.01807112 0.161629364
vn 0.871838 0.008254062 0.489724785
vn 0.6318878 0.0199380163 0.7748034
vn 0.330881685 0.0271774773 0.9432809
vn 0.7933239 0.0271714572 -0.6081932
vn 0.9986401 0.0275181811 0.0442801677
vn 0.9537682 0.0292900186 -0.299112558
vn 0.9535013 0.0298251975 0.299909651
vn 0.5374048 0.0294727143 0.84280926
vn 0.7938761 0.0317383446 0.6072507
vn 0.7896765 0.0561274961 -0.6109507
vn 0.9975944 0.0561052449 0.0407141
vn 0.9889045 0.0665905848 -0.1327917
vn 0.9994826 0.0256090146 0.0194633752
vn 0.8573823 0.006105165 0.514643967
vn 0.9875926 0.00667451927 -0.156896129
vn 0.75516665 0.0216338634 0.655175745
vn 0.325565249 0.0362057462 0.9448262
vn 0.133125186 0.05611538 0.989509344
vn -0.357962221 0.006108758 0.9337161
vn -0.514056861 0.0215993635 0.857484162
vn -0.8739418 0.0362054966 0.4846802
vn -0.942885041 0.0197546035 0.332531959
vn -0.9828633 0.014207121 -0.183787629
vn -0.925164759 0.02424351 -0.378790736
vn -0.614504457 0.01884684 -0.7886882
vn -0.4967919 0.0183343254 -0.867676
vn 0.00444281148 0.0244835671 -0.9996904
vn 0.213323951 0.056110207 -0.975369
vn 0.6639932 0.01302702 -0.7476251
vn -0.46454528 0.0561256446 -0.883769
vn 0.04094292 0.06656104 -0.996942
vn 0.7682427 0.0183668546 -0.6398952
vn 0.985286534 0.0244845953 -0.169147849
vn -0.401082277 0.0211222265 0.9157985
vn -0.8959577 0.0213635135 0.443625331
vn -0.805322349 0.03531069 0.591784656
vn -0.9802974 0.0413466878 0.193151578
vn -0.874816358 0.04114158 -0.48270458
vn -0.9456214 0.03883036 -0.3229435
vn 0.626205146 0.0308383424 -0.779048264
vn 0.6280217 0.00179746014 -0.7781938
vn -0.018912496 -0.0160593782 -0.9996922
vn 0.9813058 0.0197037309 -0.19144398
vn 0.9802814 0.0553282 -0.189702645
vn 0.5842965 0.0616971925 -0.809191644
vn 0.9680727 0.0616968423 -0.242958277
vn 0.58374083 0.0742428 -0.808538556
vn 0.886637 0.0290984381 0.461549729
vn 0.88587594 -0.0183186177 0.463560343
vn 0.9767824 -0.000993657 -0.21423161
vn 0.407391071 0.0616945624 0.911167562
vn 0.897628546 0.07424154 0.434455127
vn 0.371201873 0.0235857684 0.928252637
vn 0.369458 0.0503751524 0.927881
vn 0.8798867 0.05037964 0.4725054
vn -0.311149478 0.0299701933 0.9498883
vn -0.313325047 -0.008409035 0.949608743
vn 0.37043944 -0.008408759 0.9288186
vn -0.8576563 0.0171371419 0.5139378
vn -0.8574411 0.0276676212 0.5138378
vn -0.9907778 0.0245713163 -0.1332504
vn -0.9900254 0.04240265 -0.134356856
vn -0.168861 0.05139267 0.9842991
vn -0.7626682 0.0513930023 0.6447449
vn -0.169156134 0.0435150936 0.9846282
vn -0.9118907 0.0123617323 0.4102469
vn -0.962236762 0.0123615107 -0.271933
vn -0.9116454 0.0354286581 0.40944773
vn -0.6560391 0.0287691355 -0.754178345
vn -0.6547626 -0.00114079192 -0.755833745
vn -0.987226069 -0.0182865318 -0.158273131
vn 0.6724291 0.0561159067 0.738031268
vn 0.03957777 0.05611524 0.997639537
vn 0.5339303 0.06658956 0.8429023
vn 0.524237931 -0.00384755153 0.851563156
vn 0.940352559 0.0413065851 0.3376845
vn 0.9852652 0.0183352828 0.1700482
vn 0.929764867 0.0100001534 -0.368018121
vn 0.851537645 0.0189894848 -0.5239495
vn 0.5022903 0.0212215334 -0.864438653
vn 0.342948973 0.0260757525 -0.9389921
vn -0.170375541 -0.00744341966 -0.9853511
vn 0.0243608952 0.0236274265 0.999424
vn -0.149325073 0.0321358629 0.9882658
vn 0.5209657 0.0435301065 0.852466941
vn -0.633033037 0.02666758 0.7736653
vn -0.7594121 0.0132009536 0.650476038
vn -0.9756101 0.0561268143 0.212214008
vn -0.7373833 0.06655872 0.6721874
vn -0.984007657 0.0183348283 0.17718026
vn -0.9991373 0.041307494 0.004292816
vn -0.880853653 0.023920754 -0.472783983
vn -0.78387773 -0.00384743162 -0.620903254
vn -0.378401875 0.0561203659 -0.923938632
vn -0.7900186 0.06659046 -0.6094558
vn -0.197709039 0.0321364626 -0.9797339
vn 0.192629725 0.0373932868 -0.9805588
vn 0.7781674 0.03761374 -0.6269296
vn 0.360531151 0.03482812 -0.9320968
vn 0.915735066 0.0213555172 -0.401214749
vn 0.9593479 0.0211252626 0.2814345
vn 0.970976651 0.03530976 -0.23655352
vn 0.999568641 0.0199401937 -0.02156391
vn 0.9460867 0.005005927 0.3238749
vn 0.9325882 0.0326180272 -0.3594653
vn 0.9910227 0.03090904 -0.130071744
vn 0.842591763 0.03126133 0.5376448
vn 0.9754205 0.03326568 0.217826217
vn 0.7610034 0.0201674178 0.648434341
vn 0.493487149 0.0244134013 0.8694104
vn 0.937086642 0.0134895686 0.348836184
vn 0.159865528 0.019937858 0.986937463
vn -0.1850567 0.0271706823 0.9823522
vn -0.487725765 0.0199323 0.872769356
vn -0.758404732 0.0104601793 0.6517
vn -0.938496232 0.0540115424 0.341039121
vn -0.764770567 0.05781405 0.6417036
vn -0.9998315 0.0168832522 0.00720557524
vn -0.93748194 0.0240744445 -0.347200364
vn -0.7610294 0.0285382643 -0.6480894
vn -0.498833627 0.0540182777 -0.8650127
vn -0.162069529 0.0271724649 -0.986405134
vn 0.159842759 0.0199374035 -0.986941159
vn 0.4897762 0.0104635069 -0.871785462
vn 0.76525104 0.0540085 -0.6414624
vn 0.4991583 0.0578137226 -0.864580035
vn 0.9432725 0.0271710586 -0.330905974
vn 0.67581445 0.0298204 0.7364683
vn 0.0440185666 0.0294732172 0.9985959
vn 0.383886367 0.0317347646 0.9228349
vn 0.4437729 0.0224384572 0.895858347
vn -0.236075565 0.0226942226 0.9714697
vn -0.0643215254 0.03674501 0.9972525
vn -0.482284456 0.0376037 0.875207245
vn -0.932214439 0.0374040753 0.359968334
vn -0.8553326 0.0347963423 0.516909361
vn -0.9977875 0.0303535424 0.05915129
vn -0.998013139 -0.0260536075 0.057366848
vn -0.7284103 0.009463231 0.6850759
vn -0.9825676 0.0536281765 0.1780027
vn -0.8665672 0.0536281541 -0.49617067
vn -0.9829783 0.04608677 0.177847534
vn -0.7783902 0.01971078 -0.627471268
vn -0.7781804 0.0308316648 -0.627283633
vn -0.999722064 0.012975201 0.0196834188
vn -0.191451922 0.0197064355 -0.981304169
vn -0.189709827 0.0553313531 -0.9802799
vn -0.6974125 0.0141797727 -0.7165297
vn -0.07360468 0.0141800521 -0.997186661
vn -0.696534455 0.03761273 -0.7165369
vn 0.461560965 0.02909928 -0.8866311
vn 0.463569045 -0.01831715 -0.88587147
vn -0.21417506 -0.0009935852 -0.9767948
vn 0.911185 0.0616941974 -0.40735212
vn 0.4344926 0.0742420852 -0.897610366
vn 0.92823875 0.0235895161 -0.371236354
vn 0.9278668 0.0503777154 -0.369493335
vn 0.4724717 0.0503771827 -0.8799049
vn 0.9498709 0.0299689434 0.311202884
vn 0.9495931 -0.008410703 0.3133724
vn 0.9288371 -0.00840893947 -0.3703929
vn 0.960224748 0.0616945475 0.2723275
vn 0.5593827 0.06169334 0.8266105
vn 0.9594203 0.07424039 0.272031218
vn 0.5155663 0.01970756 0.856623054
vn 0.513579249 0.05532903 0.8562564
vn 0.944766164 0.03818031 0.325513631
vn -0.130408138 0.0290924069 0.9910335
vn -0.132558137 -0.0183193348 0.9910059
vn 0.5354006 -0.0009935425 0.844597638
vn -0.7169148 0.06169409 0.6944257
vn -0.10129413 0.07424108 0.9920826
vn -0.7540749 0.0197110567 0.656492651
vn -0.7540591 0.0553300641 0.654472
vn -0.15650101 0.0381864645 0.9869393
vn -0.69542557 0.059793558 -0.7161061
vn -0.07112981 0.0597891025 -0.995673537
vn -0.6949027 0.0720466 -0.7154856
vn -0.0538271666 0.0370421 -0.997863
vn 0.0164208412 0.02162996 -0.999631166
vn 0.514499366 0.03620448 -0.8567261
vn -0.157039553 0.0356852524 -0.9869474
vn 0.6724412 0.0561115481 -0.7380206
vn 0.9453545 0.006105085 -0.325987071
vn 0.514622152 0.006674448 -0.8573911
vn 0.987296343 0.0216290243 -0.157410681
vn 0.933051944 0.0362017751 0.35791558
vn 0.843580067 0.05610516 0.5340646
vn 0.485170335 0.00610573171 0.874398351
vn 0.332645118 0.0213269982 0.9428109
vn -0.184115991 0.0305334069 0.98243016
vn -0.3758058 0.0203150567 0.926475763
vn -0.7880151 0.0341893956 0.6147058
vn -0.868705332 0.0250298884 0.4946965
vn -0.999988258 -0.00316056749 -0.00367492414
vn -0.9795144 0.0220837649 -0.200159475
vn -0.747315943 0.0453182049 -0.6629217
vn -0.610152245 0.0539897271 -0.7904425
vn -0.170066521 -0.00316193886 -0.9854275
vn -0.0359884351 0.9993449 0.0038256587
vn -0.0359884351 0.9993449 0.0038256587
vn -0.0359884351 0.9993449 0.0038256587
vn 0.136502221 0.9873317 0.08089039
vn 0.136502221 0.9873317 0.08089039
vn 0.136502221 0.9873317 0.08089039
vn 0 1 0
vn 0 1 0
vn -0.0406284481 0.9990989 0.0122795124
vn -0.0406284481 0.9990989 0.0122795124
vn -0.0406284481 0.9990989 0.0122795124
vn -0.04122181 0.999102 0.009801589
vn -0.0007917611 0.999999046 -0.001167814
vn -0.0007917611 0.999999046 -0.001167814
vn -0.0007917611 0.999999046 -0.001167814
vn 0.00162662962 0.999989152 -0.004369478
vn 0.00162662962 0.999989152 -0.004369478
vn 0.00162662962 0.999989152 -0.004369478
vn -0.00162662962 0.999989152 -0.004369478
vn -0.00162662962 0.999989152 -0.004369478
vn -0.00162662962 0.999989152 -0.004369478
vn 0.000791761151 0.999999046 -0.001164749
vn 0.000791761151 0.999999046 -0.001164749
vn 0.000791761151 0.999999046 -0.001164749
vn 0.03598842 0.9993449 0.00382565754
vn 0.03598842 0.9993449 0.00382565754
vn 0.03598842 0.9993449 0.00382565754
vn 0 1 2.79438382E-06
vn 0 1 2.79438382E-06
vn 0 1 2.79438382E-06
vn 0.156206131 0.08691513 -0.983893037
vn 0.381354123 0.08240965 -0.9207484
vn 0.155900747 0.09179919 -0.9834978
vn 0.4820316 -0.0191701986 -0.8759441
vn 0.4817659 -0.01445317 -0.876180768
vn 0.265400261 -0.0134428013 -0.964044631
vn -0.0775328 -0.137011483 -0.9875305
vn -0.306420267 -0.111116439 -0.945388734
vn -0.0776059 -0.138982892 -0.987249255
vn -0.438850045 0.0271405168 -0.8981503
vn -0.438548118 0.0211684536 -0.8984584
vn -0.2184598 0.01745202 -0.9756899
vn 0.9330524 0 0.359740436
vn 0.958637 0 -0.28463164
vn 0.9331029 -0.0286019761 0.358470321
vn 0.9343925 0.05496663 -0.351979166
vn 0.9351496 0.03079311 -0.352912158
vn 0.95604974 0.030793136 0.2915831
vn 0.7732184 -0.03078647 -0.633392036
vn 0.225476608 -0.03078699 -0.973762035
vn 0.7720344 -0.0549551 -0.6332005
vn 0.156090543 0.0285932049 -0.9873288
vn 0.15496847 0 -0.98791945
vn 0.7258085 0 -0.6878968
vn -0.02846163 0.9993805 0.020700153
vn -0.02846163 0.9993805 0.020700153
vn -0.02846163 0.9993805 0.020700153
vn -0.013318737 0.9987985 0.0471616872
vn -0.013318737 0.9987985 0.0471616872
vn -0.013318737 0.9987985 0.0471616872
vn -0.0307438746 0.9995139 0.00516949967
vn -0.0307438746 0.9995139 0.00516949967
vn -0.0307438746 0.9995139 0.00516949967
vn -0.0104838265 0.999789834 -0.017617641
vn -0.0104838265 0.999789834 -0.017617641
vn -0.0104838265 0.999789834 -0.017617641
vn 0 1 3.26504369E-06
vn 0 1 3.26504369E-06
vn 0 1 3.26504369E-06
vn 0.0104838181 0.999789834 -0.0176176243
vn 0.0104838181 0.999789834 -0.0176176243
vn 0.0104838181 0.999789834 -0.0176176243
vn 0.0307438746 0.9995139 0.005170401
vn 0.0307438746 0.9995139 0.005170401
vn 0.0307438746 0.9995139 0.005170401
vn 0.0277156048 0.999615431 0.0008991931
vn 0.0214207359 0.999529243 0.0219661817
vn 0.0214207359 0.999529243 0.0219661817
vn 0.0313292779 0.999270141 0.021854721
vn 0.0173242968 0.999306738 0.032953538
vn 0.0173242968 0.999306738 0.032953538
vn 0.0173242968 0.999306738 0.032953538
vn 0.0280670542 0.9994033 0.0201327782
vn 0.0280670542 0.9994033 0.0201327782
vn 0.0280670542 0.9994033 0.0201327782
vn 0.0161074866 0.998812437 0.0459821932
vn 0.0161074866 0.998812437 0.0459821932
vn 0.0161074866 0.998812437 0.0459821932
vn -0.998384356 0.0362775177 -0.04373387
vn -0.998384356 0.0362775177 -0.04373387
vn -0.998384356 0.0362775177 -0.04373387
vn -0.119611457 -0.5928558 0.7963762
vn -0.130087614 -0.5930978 0.7945516
vn -0.128244326 -0.592726767 0.7951279
vn -0.2785707 -0.5985062 0.751125
vn -0.449915051 -0.5891365 0.67118907
vn -0.229385629 -0.583956361 0.7787023
vn -0.2403579 -0.6117016 0.7536904
vn -0.28770268 -0.606570542 0.7411473
vn -0.418753326 -0.5851255 0.6944593
vn -0.401908666 -0.5750713 0.712574542
vn -0.50242126 -0.573069 0.647429347
vn -0.474817783 -0.571011662 0.6696968
vn -0.6287217 -0.6125936 0.478997082
vn -0.659523666 -0.63680315 0.39938733
vn -0.6577278 -0.5662185 0.496780366
vn -0.855408967 -0.0607353263 -0.51438
vn -0.855408967 -0.0607353263 -0.51438
vn -0.855408967 -0.0607353263 -0.51438
vn -0.8658321 -0.0211178362 -0.4998888
vn -0.8658321 -0.0211178362 -0.4998888
vn -0.865985334 3.98299221E-07 -0.500069439
vn -0.865985334 3.98299221E-07 -0.500069439
vn -0.8631255 -0.0187504832 -0.504641354
vn -0.8631255 -0.0187504832 -0.504641354
vn -0.8631255 -0.0187504832 -0.504641354
vn -0.8864419 -0.00875481 -0.46275714
vn -0.8864419 -0.00875481 -0.46275714
vn -0.8864419 -0.00875481 -0.46275714
vn 0.374440163 0.547391534 -0.748436451
vn 0.240168318 0.5358052 -0.809464037
vn 0.5494713 0.566067159 -0.6145318
vn 0.328625441 0.4610844 -0.8242612
vn 0.213670358 0.444368839 -0.8699893
vn 0.195697874 0.444598734 -0.8740906
vn 0.752569437 0.589383364 -0.293711722
vn 0.815898359 0.5772085 0.0337672159
vn 0.796081245 0.593190253 -0.119916588
vn 0.469817877 0.533086538 0.7036263
vn 0.152769744 0.486582458 0.860173762
vn 0.272702873 0.50746125 0.8173838
vn 0.141411915 0.4632643 0.8748651
vn -0.0107406974 0.36826387 0.9296593
vn 0.290806055 0.4886009 0.8226184
vn -0.141403884 0.463265747 0.8748656
vn -0.2907978 0.488602519 0.8226204
vn -0.152777433 0.486584276 0.8601714
vn -0.469824582 0.533086538 0.703621745
vn -0.2727098 0.5074619 0.8173811
vn -0.8158982 0.577208757 0.0337677673
vn -0.7525694 0.5893837 -0.2937112
vn -0.796081 0.5931906 -0.119916171
vn -0.5763391 0.489668369 -0.65426147
vn -0.2567915 0.453511983 -0.853454769
vn -0.4000189 0.455314964 -0.795407534
vn -0.193224192 0.3609173 -0.9123613
vn -0.2106716 0.36228326 -0.9079473
vn -0.329301775 0.366750926 -0.8700886
vn -0.8109891 0.0292347446 -0.5843305
vn -0.7006591 0.0282272138 -0.7129376
vn -0.7006426 0.0289654173 -0.7129243
vn -0.07803783 0.0102449264 0.9968978
vn 0.0288579054 0.021617204 0.9993498
vn -0.126685888 0.000293895631 0.9919429
vn -0.028928645 -0.0250500161 0.9992675
vn 0.213713452 0.0522670671 0.9754972
vn -0.189512461 -0.0572119765 0.9802101
vn 0.34557277 -0.009456201 0.9383443
vn 0.3705803 -0.009812913 0.9287486
vn 0.3923164 -0.0101581905 0.919774234
vn 0.870280445 0.100563981 0.482181281
vn 0.9845854 0.074828 0.158089727
vn 0.870310247 0.104770444 0.481230974
vn 0.847158551 0.132709533 -0.51450026
vn 0.9772503 0.0592094623 -0.203656942
vn 0.8467158 0.122753173 -0.517691135
vn 0.688252747 -0.0601073243 -0.722976744
vn 0.8389452 -0.0213627666 -0.5437964
vn 0.744676948 -0.0335900933 -0.666579247
vn 0.8109891 0.02923487 -0.5843305
vn 0.7006426 0.0289656166 -0.7129243
vn 0.7006591 0.02822739 -0.7129376
vn 0.7820542 0.009715214 -0.6231347
vn 0.6885206 -0.0317427069 -0.724521756
vn 0.727885842 -0.0179090425 -0.6854644
vn 0.54108423 -0.0498033 -0.83949244
vn 0.4251625 -0.007737861 -0.905084
vn 0.500151932 -0.0452003926 -0.8647572
vn 0.393140137 0.0292601343 -0.9190129
vn 0.3061592 0.03779735 -0.9512297
vn 0.5288452 -0.00657531573 -0.848692834
vn -0.8373456 -0.018274473 -0.546368361
vn -0.686968 -0.05846891 -0.7243317
vn -0.7432026 -0.0308199245 -0.66835624
vn -0.7276648 -0.0132264169 -0.6858054
vn -0.688817263 -0.0293939039 -0.7243389
vn -0.781740248 0.0161340348 -0.6233955
vn -0.498406321 -0.0606695749 -0.8648181
vn -0.423565239 -0.0248627011 -0.9055244
vn -0.539557934 -0.06329022 -0.8395663
vn -0.604680955 -0.204017624 -0.76989466
vn -0.3885037 -0.194333389 -0.900721669
vn -0.431010067 -0.195230544 -0.8809741
vn -0.846715033 0.122753151 -0.5176923
vn -0.97725004 0.0592095256 -0.2036583
vn -0.8471579 0.132709473 -0.514501452
vn -0.9842527 0.07695719 0.159136012
vn -0.8695362 0.09997985 0.483643323
vn -0.869535863 0.104357667 0.4827182
vn 0.157597646 -0.9772544 0.141904682
vn 0.157597646 -0.9772544 0.141904682
vn 0.157597646 -0.9772544 0.141904682
vn 0.178627282 -0.949198365 0.259065241
vn 0.178627282 -0.949198365 0.259065241
vn 0.178627282 -0.949198365 0.259065241
vn 0.0518361777 -0.991845 0.116432458
vn 0.0518361777 -0.991845 0.116432458
vn 0.0518361777 -0.991845 0.116432458
vn 0.0463209935 -0.9687563 0.243650451
vn 0.0463209935 -0.9687563 0.243650451
vn 0.0463209935 -0.9687563 0.243650451
vn 0 -0.992116034 0.125322774
vn 0 -0.992116034 0.125322774
vn 0 -0.992116034 0.125322774
vn -0.0463249534 -0.9687547 0.243656054
vn -0.0463249534 -0.9687547 0.243656054
vn -0.0463249534 -0.9687547 0.243656054
vn -0.0518377423 -0.9918451 0.116430871
vn -0.0518377423 -0.9918451 0.116430871
vn -0.0518377423 -0.9918451 0.116430871
vn -0.133894891 -0.968708754 0.208986789
vn -0.133894891 -0.968708754 0.208986789
vn -0.133894891 -0.968708754 0.208986789
vn -0.113820195 -0.988201559 0.102482639
vn -0.113820195 -0.988201559 0.102482639
vn -0.113820195 -0.988201559 0.102482639
vn 0.0734609142 -0.9793671 -0.188264713
vn 0.0734609142 -0.9793671 -0.188264713
vn 0.0734609142 -0.9793671 -0.188264713
vn -0.09259199 -0.9925467 -0.0792328045
vn -0.09259199 -0.9925467 -0.0792328045
vn -0.09259199 -0.9925467 -0.0792328045
vn 0.8729882 0.121577926 0.4723456
vn 0.8729882 0.121577926 0.4723456
vn 0.8729882 0.121577926 0.4723456
vn 0.48620066 -0.1904822 -0.8528338
vn 0.3714615 -0.237480581 -0.89756304
vn 0.486642718 -0.190965727 -0.852473438
vn -0.867928 0.122418657 0.481367379
vn -0.867928 0.122418657 0.481367379
vn -0.867928 0.122418657 0.481367379
vn 0.8517886 0.140060231 -0.504816234
vn 0.8517886 0.140060231 -0.504816234
vn 0.8517886 0.140060231 -0.504816234
vn -0.8658978 0.12979117 -0.4830894
vn -0.8658978 0.12979117 -0.4830894
vn -0.8658978 0.12979117 -0.4830894
vn 0.863374233 -0.0174627639 -0.5042619
vn 0.863374233 -0.0174627639 -0.5042619
vn 0.863374233 -0.0174627639 -0.5042619
vn 0.8775745 -0.008788231 -0.479359776
vn 0.8775745 -0.008788231 -0.479359776
vn 0.8775745 -0.008788231 -0.479359776
vn 0.9985983 -0.00269311247 -0.0528610051
vn 0.9985983 -0.00269311247 -0.0528610051
vn 0.9985983 -0.00269311247 -0.0528610051
vn 0.422937751 -0.5805516 0.695761144
vn 0.4127544 -0.582397342 0.70031935
vn 0.420250744 -0.5808816 0.69711256
vn 0.2251644 -0.594282746 0.772093952
vn 0.171774834 -0.5923352 0.7871674
vn 0.271896869 -0.59146744 0.7591037
vn 0.227902561 -0.596123457 0.7698684
vn 0.448060662 -0.6013862 0.661495566
vn 0.323918551 -0.5997253 0.7317147
vn 0.474190235 -0.5716517 0.6695954
vn 0.501785159 -0.5737632 0.647307932
vn 0.401231319 -0.5757743 0.712388456
vn 0.658380449 -0.5659885 0.496177554
vn 0.6600711 -0.63663 0.39875856
vn 0.6293337 -0.61245507 0.478370041
vn -0.953011632 -0.0246038157 0.301933
vn -0.966349363 -0.0264385138 -0.255871028
vn -0.9970964 -0.01819993 0.07394271
vn -0.998518765 0.0161622539 -0.0519528352
vn -0.9551644 0.0166126732 -0.295609623
vn -0.960577548 0.0277833678 0.276620448
vn -0.976453 0.0323893242 -0.213285163
vn -0.7099607 0.0318570025 -0.7035204
vn -0.892601669 0.0344984233 -0.449524373
vn -0.219381467 0.03239807 -0.9751011
vn -0.497021437 0.0345530473 -0.867050052
vn 0.340237051 0.0330115445 -0.9397601
vn 0.06286965 0.03466003 -0.9974197
vn 0.791450739 0.0334342048 -0.6103178
vn 0.6002198 0.0341419056 -0.799106061
vn -0.7485764 0.03882406 -0.6619109
vn -0.547910333 0.0378857926 -0.835678756
vn -0.9166696 0.038451124 -0.3977919
vn -0.2769013 0.0389124453 -0.9601101
vn 0.0002617836 0.0374371633 -0.99929893
vn 0.280311078 0.0392324179 -0.959107161
vn 0.5483223 0.03696863 -0.8354496
vn 0.7504058 0.0406230278 -0.659728
vn 0.916721463 0.03779774 -0.39773497
vn 0.9892777 0.0282051321 -0.143297032
vn 0.9987399 -0.00105948013 -0.0501751378
vn 0.960832834 0.00885585 0.276987165
vn 0.9554184 -0.00161522639 -0.295250952
vn 0.98668 -0.0100388005 -0.16236347
vn 0.920075059 -0.008259298 0.3916551
vn 0.9858007 -0.00348729151 0.167883366
vn 0.117501393 -0.9263803 -0.357789
vn 0.117501393 -0.9263803 -0.357789
vn 0.117501393 -0.9263803 -0.357789
vn -0.0198552012 -0.9998029 -0.0002032378
vn -0.0198552012 -0.9998029 -0.0002032378
vn -0.0198552012 -0.9998029 -0.0002032378
vn -0.116371356 -0.927270651 -0.355846733
vn -0.116371356 -0.927270651 -0.355846733
vn -0.116371356 -0.927270651 -0.355846733
vn 0.0197832584 -0.999804258 -0.000276088045
vn 0.0197832584 -0.999804258 -0.000276088045
vn 0.0197832584 -0.999804258 -0.000276088045
vn -0.811457157 -0.181370988 -0.555555463
vn -0.6705368 -0.5340663 -0.514930665
vn -0.8068152 -0.178370386 -0.5632347
vn -0.6447263 -0.7591931 -0.08918478
vn -0.400281817 -0.9130471 0.07822798
vn -0.6706373 -0.7311824 -0.124971829
vn 0.8005396 -0.1916329 -0.5678144
vn 0.8034619 -0.1928677 -0.5632505
vn 0.680709243 -0.5471275 -0.487120569
vn 0.6719234 -0.730022848 -0.124842413
vn 0.402061433 -0.912238538 0.07853339
vn 0.6459287 -0.7581696 -0.08919102
vn 0.484145969 0.07017677 -0.872168541
vn 0.884539664 0.06219193 -0.46230045
vn 0.484134942 0.0706193 -0.8721389
vn 0.9178114 2.18600035E-05 -0.3970167
vn 0.9178113 1.37549087E-05 -0.397016883
vn 0.549093246 -1.58921484E-05 -0.8357611
vn 0.0427838825 -0.998730361 0.0265935529
vn 0.0427838825 -0.998730361 0.0265935529
vn 0.0427838825 -0.998730361 0.0265935529
vn -0.0421090722 -0.9921149 0.11804603
vn -0.0421090722 -0.9921149 0.11804603
vn -0.0421090722 -0.9921149 0.11804603
vn -0.1314138 -0.9893181 -0.06308843
vn -0.1314138 -0.9893181 -0.06308843
vn -0.1314138 -0.9893181 -0.06308843
vn 0.0295622125 -0.999472737 -0.0134300357
vn 0.0295622125 -0.999472737 -0.0134300357
vn 0.0295622125 -0.999472737 -0.0134300357
vn 0.634540737 0.6649136 -0.3940152
vn 0.739807069 0.6727129 -0.0119537637
vn 0.746583939 0.665190339 -0.0115889776
vn 0.739801466 0.672718942 0.0119573483
vn 0.634534 0.664918542 0.394017667
vn 0.746578455 0.6651964 0.0115909223
vn 0.757015646 0.653390944 -0.002758622
vn 0.598706067 0.6598127 0.454090536
vn 0.655348241 0.6511685 0.382750958
vn 0.5677973 0.6632899 0.487496465
vn 0.323133975 0.660827041 0.6774157
vn 0.6244613 0.660901 0.4162427
vn 0.568536937 0.658805132 0.492688179
vn 0.1509779 0.6590055 0.73682934
vn 0.323162615 0.654416442 0.6835972
vn 0.127017081 0.660195 0.740276456
vn -0.09435577 0.6608544 0.7445592
vn 0.300345242 0.6608607 0.6877905
vn 0.12125726 0.653169 0.747440338
vn -0.354477674 0.6618187 0.6605616
vn -0.102876358 0.653762 0.7496744
vn -0.3706566 0.6585515 0.654922664
vn -0.483173281 0.657641649 0.577971458
vn -0.120398372 0.6576018 0.743682861
vn -0.417651922 0.66969043 0.6140697
vn -0.7286599 0.6396135 0.24484551
vn -0.532790065 0.651853561 0.5396496
vn -0.766663253 0.614388764 0.186423868
vn -0.802413642 0.5776259 0.149936
vn -0.5834207 0.660587668 0.47248736
vn -0.7183046 0.604853034 0.343789846
vn -0.7525851 0.6531657 -0.0836072043
vn -0.763496459 0.5688727 0.3057074
vn -0.7168714 0.6343094 0.2893909
vn -0.7241491 0.6620953 -0.192971066
vn -0.747785 0.6461713 -0.152579
vn -0.7001309 0.662191033 -0.267057538
vn -0.5034067 0.6576269 -0.5604538
vn -0.7188562 0.6577188 -0.2250596
vn -0.69805187 0.6623342 -0.272097558
vn -0.392979652 0.6530842 -0.6473392
vn -0.5021008 0.652081966 -0.5680527
vn -0.369609475 0.661713541 -0.6523221
vn -0.119176127 0.6608356 -0.7410083
vn -0.481931984 0.660876036 -0.575312555
vn -0.3631609 0.6589939 -0.658666253
vn 0.112976149 0.658836842 -0.743754268
vn -0.111628667 0.6554403 -0.7469519
vn 0.126991749 0.66019094 -0.7402844
vn 0.300323337 0.660859942 -0.687800944
vn -0.09437856 0.660846651 -0.7445632
vn 0.144729033 0.653219 -0.7432082
vn 0.560520351 0.6629801 -0.496260315
vn 0.315713137 0.6530501 -0.6883682
vn 0.569486 0.660262465 -0.489631653
vn 0.6263871 0.657687962 -0.4184324
vn 0.325050265 0.657612145 -0.679623842
vn 0.604615867 0.6599625 -0.445969939
vn 0.7639846 0.6451523 0.0103009976
vn 0.662791848 0.647906661 -0.375398338
vn 0.709333062 0.600541 0.369048864
vn 0.7765542 0.6005844 -0.190425724
vn 0.7141582 0.5945017 0.369521081
vn 0.995982766 0.08954567 0.000117624186
vn 0.998013258 0.06300184 -0.0005973875
vn 0.839255869 0.06300176 0.540074468
vn 0.8443206 0.5306679 -0.07425839
vn 0.611111462 0.530752957 -0.5872343
vn 0.8475465 0.525279164 -0.0758067444
vn 0.8374089 0.0921285748 -0.538756549
vn 0.8386635 0.07183544 -0.5398919
vn 0.9974162 0.0718353242 0.0007815957
vn 0.7970091 0.351220876 -0.491345435
vn 0.365515083 0.374807119 -0.8520084
vn 0.7913381 0.3748021 -0.483019054
vn 0.8960198 0.121096849 0.427181572
vn 0.8918865 0.152312458 0.425839663
vn 0.5191704 0.12097884 0.846065164
vn 0.780538559 0.4114812 0.470577031
vn 0.354710281 0.411482781 0.839561
vn 0.3667237 0.3785782 0.849819
vn 0.5222955 0.12965472 0.8428506
vn -0.0189907551 0.102554753 0.994546056
vn 0.5243399 0.102552578 0.845311
vn 0.4026942 0.404543161 0.821086049
vn -0.155022547 0.404547632 0.901282
vn -0.15098007 0.373898178 0.9150985
vn -0.0243083388 0.135259748 0.990511954
vn -0.5604622 0.110073924 0.820832431
vn -0.024112165 0.110074088 0.9936309
vn -0.106513619 0.397318661 0.911478341
vn -0.619091153 0.39731884 0.6773949
vn -0.622882545 0.3689074 0.689873
vn -0.6394105 0.04738536 0.76740396
vn -0.9519255 0.06668772 0.2989826
vn -0.6399645 0.0388429053 0.7674221
vn -0.886562467 0.322170526 0.331983745
vn -0.8692322 0.4437633 -0.217967048
vn -0.8762533 0.428133845 -0.221091837
vn -0.9606745 0.190333009 -0.20218277
vn -0.6943933 0.173977569 -0.698247731
vn -0.9635598 0.173969567 -0.203192219
vn -0.897844553 0.3677896 -0.2420868
vn -0.5931972 0.367790759 -0.7161334
vn -0.6000824 0.3491874 -0.7197009
vn -0.700847864 0.187326118 -0.6882741
vn -0.209375724 0.170441628 -0.962866247
vn -0.702781 0.170435861 -0.690688431
vn -0.6240687 0.369961381 -0.6882346
vn -0.111497909 0.3699667 -0.922330141
vn -0.115546338 0.3507168 -0.929326
vn -0.219876558 0.184224308 -0.9579748
vn 0.3420478 0.166810155 -0.924758136
vn -0.220233083 0.166800529 -0.961080134
vn -0.152969271 0.372017831 -0.9155343
vn 0.404747128 0.3720127 -0.8353361
vn 0.4051176 0.352112949 -0.8437394
vn 0.3287986 0.184231713 -0.926256
vn 0.785200655 0.16419366 -0.5970766
vn 0.3302588 0.164183632 -0.9295014
vn -0.6917274 0.7219639 0.016776273
vn -0.6917274 0.7219639 0.016776273
vn -0.6917274 0.7219639 0.016776273
vn -0.185722128 0.9657728 0.181080729
vn -0.185722128 0.9657728 0.181080729
vn -0.185722128 0.9657728 0.181080729
vn 0.993513167 -0.112111546 -0.0190444738
vn 0.993513167 -0.112111546 -0.0190444738
vn 0.993513167 -0.112111546 -0.0190444738
vn 0.997857034 -0.06543175 0
vn 0.997857034 -0.06543175 0
vn 0.997857034 -0.06543175 0
vn -0.9330524 0 0.359740436
vn -0.958637 0 -0.28463164
vn -0.9331029 0.0286019761 0.358470321
vn -0.934392452 -0.05496601 -0.351979345
vn -0.9351495 -0.0307924915 -0.352912545
vn -0.95604986 -0.030792525 0.2915829
vn -0.773219168 0.0307863578 -0.6333912
vn -0.22547783 0.0307869222 -0.973761737
vn -0.772035241 0.0549550056 -0.6331995
vn -0.156089231 -0.0285932012 -0.987329
vn -0.154967248 0 -0.9879196
vn -0.7258078 0 -0.687897563
vn 0.7780445 0 0.6282092
vn 0.2327811 0 0.9725292
vn 0.7769692 0.02859784 0.6288887
vn 0.1624195 -0.0549550056 0.9851903
vn 0.161988646 -0.0307892282 0.9863122
vn 0.730606854 -0.0307874363 0.682104
vn -0.161990881 0.0307893436 0.9863118
vn -0.7306082 0.0307875462 0.682102442
vn -0.162421852 0.0549551435 0.985189855
vn -0.776969254 -0.0285978261 0.6288887
vn -0.7780445 0 0.6282092
vn -0.232781053 0 0.9725292
vn 0.00382381422 0.999344766 0.0359922759
vn 0.00382381422 0.999344766 0.0359922759
vn 0.00382381422 0.999344766 0.0359922759
vn 0.08088855 0.9873324 -0.136498347
vn 0.08088855 0.9873324 -0.136498347
vn 0.08088855 0.9873324 -0.136498347
vn 0 1 0
vn 0 1 0
vn 0.0122810882 0.9990988 0.0406295434
vn 0.0122810882 0.9990988 0.0406295434
vn 0.0122810882 0.9990988 0.0406295434
vn 0.009802554 0.999101758 0.041227147
vn -0.00116815371 0.999999046 0.0007938714
vn -0.00116815371 0.999999046 0.0007938714
vn -0.00116815371 0.999999046 0.0007938714
vn -0.00436157966 0.999989152 -0.00162985036
vn -0.00436157966 0.999989152 -0.00162985036
vn -0.00436157966 0.999989152 -0.00162985036
vn -0.00436155 0.999989152 0.00162985467
vn -0.00436155 0.999989152 0.00162985467
vn -0.00436155 0.999989152 0.00162985467
vn -0.00116817583 0.999999046 -0.0007931038
vn -0.00116817583 0.999999046 -0.0007931038
vn -0.00116817583 0.999999046 -0.0007931038
vn 0.00382434181 0.9993446 -0.03599647
vn 0.00382434181 0.9993446 -0.03599647
vn 0.00382434181 0.9993446 -0.03599647
vn 0.121170431 0.97535497 0.184392169
vn 0.121170431 0.97535497 0.184392169
vn 0.121170431 0.97535497 0.184392169
vn -0.9867805 -0.04074186 -0.156857669
vn -0.9229681 -0.0444526263 -0.382300735
vn -0.986903548 -0.0376894474 -0.156846777
vn -0.9225834 -0.0317571 -0.3844885
vn -0.923130631 -0.02356239 -0.38376376
vn -0.986456037 -0.0399604179 -0.159083769
vn -0.987528563 -0.137013555 0.0775544047
vn -0.9453817 -0.111117467 0.3064414
vn -0.9872472 -0.138985217 0.0776274651
vn -0.898174345 0.0271426644 0.4388009
vn -0.8984823 0.02117294 0.438498825
vn -0.975691438 0.0174522363 0.218452826
vn 0.359740764 0 -0.9330523
vn -0.284630835 0 -0.958637238
vn 0.35847047 -0.0285998378 -0.9331029
vn -0.351962835 0.0549605638 -0.934399
vn -0.352896363 0.0307893716 -0.935155749
vn 0.291645229 0.0307887942 -0.9560309
vn -0.633419931 -0.0307931229 -0.773195267
vn -0.973758638 -0.0307931639 -0.225490242
vn -0.6332308 -0.0549649931 -0.772008836
vn -0.9873226 0.0285964478 -0.15612939
vn -0.9879137 0 -0.155004829
vn -0.6878712 0 -0.72583276
vn 0.0206993055 0.999380648 0.028459046
vn 0.0206993055 0.999380648 0.028459046
vn 0.0206993055 0.999380648 0.028459046
vn 0.0471640155 0.9987984 0.0133198611
vn 0.0471640155 0.9987984 0.0133198611
vn 0.0471640155 0.9987984 0.0133198611
vn 0.0051706247 0.999513865 0.0307447668
vn 0.0051706247 0.999513865 0.0307447668
vn 0.0051706247 0.999513865 0.0307447668
vn -0.0176180415 0.999789834 0.0104844235
vn -0.0176180415 0.999789834 0.0104844235
vn -0.0176180415 0.999789834 0.0104844235
vn -0.0176175218 0.999789834 -0.0104844039
vn -0.0176175218 0.999789834 -0.0104844039
vn -0.0176175218 0.999789834 -0.0104844039
vn 0.005170409 0.999513865 -0.0307448227
vn 0.005170409 0.999513865 -0.0307448227
vn 0.005170409 0.999513865 -0.0307448227
vn 0.0008986043 0.99961555 -0.0277134068
vn 0.0219646133 0.999529243 -0.021420395
vn 0.0219646133 0.999529243 -0.021420395
vn 0.021858491 0.99927 -0.0313310623
vn 0.03295527 0.9993067 -0.0173224825
vn 0.03295527 0.9993067 -0.0173224825
vn 0.03295527 0.9993067 -0.0173224825
vn 0.02013311 0.999403238 -0.028068928
vn 0.02013311 0.999403238 -0.028068928
vn 0.02013311 0.999403238 -0.028068928
vn 0.04598453 0.9988123 -0.016108254
vn 0.04598453 0.9988123 -0.016108254
vn 0.04598453 0.9988123 -0.016108254
vn -0.04696799 -0.0314202681 0.9984021
vn -0.04696799 -0.0314202681 0.9984021
vn -0.04696799 -0.0314202681 0.9984021
vn 0.6414262 -0.5618514 0.522394061
vn 0.6358729 -0.559243143 0.5318955
vn 0.637476563 -0.5597942 0.529390335
vn 0.7513041 -0.598208 0.278728276
vn 0.6715039 -0.5886419 0.4500926
vn 0.779010534 -0.583476543 0.229559869
vn 0.7538483 -0.6119968 0.239108
vn 0.741429031 -0.606791258 0.286509037
vn 0.6951458 -0.585098743 0.417650431
vn 0.7125707 -0.5750837 0.401897758
vn 0.647426844 -0.5730819 0.5024099
vn 0.669717133 -0.571032166 0.4747645
vn 0.479002833 -0.612593532 0.628717363
vn 0.399390131 -0.6368076 0.659517646
vn 0.4968176 -0.5661909 0.657723546
vn -0.5074652 -0.0187259577 0.8614688
vn -0.5074652 -0.0187259577 0.8614688
vn -0.5074652 -0.0187259577 0.8614688
vn -0.472276479 -0.00654749153 0.881426156
vn -0.472276479 -0.00654749153 0.881426156
vn -0.472276479 -0.00654749153 0.881426156
vn -0.4999442 -9.558432E-06 0.866057634
vn -0.4999442 -9.558432E-06 0.866057634
vn -0.4999442 -9.558432E-06 0.866057634
vn -0.7484377 0.547394931 -0.374432772
vn -0.8094636 0.535809338 -0.240160525
vn -0.6145348 0.566069365 -0.5494656
vn -0.8242627 0.461075664 -0.328633875
vn -0.869990468 0.444362521 -0.213678792
vn -0.8740933 0.444589257 -0.195707083
vn -0.293714643 0.589387536 -0.752565
vn 0.0337631553 0.577215433 -0.81589365
vn -0.119944163 0.593196452 -0.7960725
vn 0.703624964 0.533079743 -0.469827533
vn 0.860174656 0.486577481 -0.1527807
vn 0.8173843 0.50745517 -0.272712767
vn 0.874869168 0.463258564 -0.141405389
vn 0.9296618 0.368257374 0.0107476581
vn 0.822623968 0.488595635 -0.2907991
vn 0.8748675 0.463261336 0.141406611
vn 0.822622061 0.4885981 0.290800273
vn 0.8601732 0.486579835 0.152781
vn 0.7036229 0.533082247 0.469827861
vn 0.8173563 0.5074975 0.272717983
vn 0.0337614566 0.5772104 0.8158973
vn -0.2937159 0.5893828 0.7525682
vn -0.119921036 0.5931916 0.7960796
vn -0.654283762 0.489643 0.5763355
vn -0.853455 0.453514367 0.256786525
vn -0.7954321 0.455275863 0.400014639
vn -0.9123546 0.360923052 0.193245038
vn -0.9079403 0.3622888 0.210692033
vn -0.8700752 0.366765231 0.329321116
vn -0.5843563 0.0292339362 0.8109705
vn -0.712959766 0.0282263421 0.7006366
vn -0.712946 0.0289643351 0.7006205
vn 0.9969058 0.0102551654 0.07793383
vn 0.9993479 0.0216273721 -0.0289143715
vn 0.9919559 0.000312417746 0.126583859
vn 0.9992676 -0.025048526 0.0289288517
vn 0.9754971 0.0522679351 -0.213713378
vn 0.9802102 -0.05721021 0.189512551
vn 0.9383515 -0.009467913 -0.345552981
vn 0.9287565 -0.009825058 -0.370560229
vn 0.9197825 -0.0101660052 -0.39229688
vn 0.48218 0.100570686 -0.870280445
vn 0.1580887 0.0748332962 -0.984585166
vn 0.4812189 0.104822248 -0.870310664
vn -0.5144938 0.132704288 -0.8471633
vn -0.203648 0.0592071824 -0.977252245
vn -0.5176845 0.122748226 -0.8467205
vn -0.722980142 -0.06010342 -0.688249469
vn -0.5438008 -0.0213587414 -0.8389425
vn -0.666562557 -0.03354641 -0.744693935
vn -0.584340453 0.0292341243 -0.8109819
vn -0.712932 0.028964173 -0.7006347
vn -0.7129459 0.0282265749 -0.700650752
vn -0.6231571 0.009707871 -0.7820365
vn -0.7245409 -0.03174999 -0.6885001
vn -0.6855172 -0.0178985111 -0.7278364
vn -0.8394962 -0.0497979224 -0.541078866
vn -0.9050867 -0.007742935 -0.425156534
vn -0.864760637 -0.04520179 -0.5001458
vn -0.919016242 0.0292751435 -0.393131167
vn -0.9512304 0.037807 -0.3061559
vn -0.8487019 -0.00658615027 -0.5288306
vn -0.546380639 -0.0182698388 0.837337732
vn -0.72434175 -0.0584646 0.6869578
vn -0.6683724 -0.0308114421 0.7431884
vn -0.6857753 -0.0132418508 0.7276929
vn -0.7243401 -0.0293874014 0.688816249
vn -0.623429239 0.0161162466 0.7817137
vn -0.8647948 -0.0606467426 0.4984495
vn -0.905522764 -0.02485686 0.423569
vn -0.839564443 -0.06328443 0.53956157
vn -0.769898057 -0.204010144 0.6046791
vn -0.90074 -0.194338858 0.388458222
vn -0.8809767 -0.195223 0.43100822
vn -0.5176778 0.122747645 0.846724749
vn -0.20364 0.0592066459 0.977254
vn -0.5144873 0.132703811 0.8471674
vn 0.159134343 0.07696256 0.9842525
vn 0.4836417 0.09998649 0.8695363
vn 0.48271668 0.104363948 0.8695359
vn 0.1419038 -0.9772535 -0.157603815
vn 0.1419038 -0.9772535 -0.157603815
vn 0.1419038 -0.9772535 -0.157603815
vn 0.2590641 -0.949199855 -0.178620815
vn 0.2590641 -0.949199855 -0.178620815
vn 0.2590641 -0.949199855 -0.178620815
vn 0.116435722 -0.991844356 -0.0518411659
vn 0.116435722 -0.991844356 -0.0518411659
vn 0.116435722 -0.991844356 -0.0518411659
vn 0.243667915 -0.9687516 -0.0463272072
vn 0.243667915 -0.9687516 -0.0463272072
vn 0.243667915 -0.9687516 -0.0463272072
vn 0.12533614 -0.992114365 0
vn 0.12533614 -0.992114365 0
vn 0.12533614 -0.992114365 0
vn 0.24366571 -0.968752265 0.0463262
vn 0.24366571 -0.968752265 0.0463262
vn 0.24366571 -0.968752265 0.0463262
vn 0.116435722 -0.991844356 0.0518411659
vn 0.116435722 -0.991844356 0.0518411659
vn 0.116435722 -0.991844356 0.0518411659
vn 0.208985239 -0.9687099 0.133889169
vn 0.208985239 -0.9687099 0.133889169
vn 0.208985239 -0.9687099 0.133889169
vn 0.102475427 -0.98820436 0.113802038
vn 0.102475427 -0.98820436 0.113802038
vn 0.102475427 -0.98820436 0.113802038
vn -0.188284576 -0.979362547 -0.07347058
vn -0.188284576 -0.979362547 -0.07347058
vn -0.188284576 -0.979362547 -0.07347058
vn -0.07923415 -0.9925473 0.09258466
vn -0.07923415 -0.9925473 0.09258466
vn -0.07923415 -0.9925473 0.09258466
vn 0.4723525 0.121585622 -0.8729834
vn 0.4723525 0.121585622 -0.8729834
vn 0.4723525 0.121585622 -0.8729834
vn -0.852832854 -0.190560326 -0.4861716
vn -0.8975706 -0.237518236 -0.371419162
vn -0.8524729 -0.191043735 -0.486612976
vn 0.481379 0.122426309 0.8679206
vn 0.481379 0.122426309 0.8679206
vn 0.481379 0.122426309 0.8679206
vn -0.504815042 0.140057191 -0.8517898
vn -0.504815042 0.140057191 -0.8517898
vn -0.504815042 0.140057191 -0.8517898
vn -0.483083367 0.12978816 0.8659015
vn -0.483083367 0.12978816 0.8659015
vn -0.483083367 0.12978816 0.8659015
vn -0.504257858 -0.0174625032 -0.863376558
vn -0.504257858 -0.0174625032 -0.863376558
vn -0.504257858 -0.0174625032 -0.863376558
vn -0.479358077 -0.008786651 -0.8775754
vn -0.479358077 -0.008786651 -0.8775754
vn -0.479358077 -0.008786651 -0.8775754
vn -0.0528682172 -0.00269544078 -0.99859786
vn -0.0528682172 -0.00269544078 -0.99859786
vn -0.0528682172 -0.00269544078 -0.99859786
vn 0.695684254 -0.580616 -0.4229757
vn 0.7002233 -0.582451463 -0.4128408
vn 0.6970166 -0.580935955 -0.420334727
vn 0.77210325 -0.5942932 -0.225104883
vn 0.7871798 -0.592350245 -0.171665967
vn 0.7591165 -0.591476262 -0.271842062
vn 0.7698547 -0.5961403 -0.227904439
vn 0.6615149 -0.6013909 -0.4480258
vn 0.73170197 -0.599741757 -0.323916674
vn 0.6695898 -0.5716544 -0.4741948
vn 0.647302449 -0.573766351 -0.501788557
vn 0.712409854 -0.5757724 -0.401196152
vn 0.496144325 -0.5660281 -0.6583715
vn 0.3987591 -0.6366343 -0.6600666
vn 0.478335351 -0.612455547 -0.6293596
vn 0.3018921 -0.0246006828 0.9530247
vn -0.255866647 -0.0264403149 0.966350436
vn 0.0739478 -0.01820185 0.997096
vn -0.0519445352 0.016161235 0.998519242
vn -0.295602471 0.0166115183 0.955166638
vn 0.276627451 0.027782131 0.9605756
vn -0.213303521 0.03239282 0.976448834
vn -0.703533232 0.0318603553 0.7099479
vn -0.4495432 0.03450181 0.8925921
vn -0.9751047 0.03240082 0.219365269
vn -0.8670616 0.0345532224 0.4970012
vn -0.9397627 0.0330114923 -0.3402298
vn -0.9974203 0.0346599258 -0.06286097
vn -0.610348046 0.0334425867 -0.7914271
vn -0.7991074 0.03413974 -0.6002183
vn -0.661914 0.0388160124 0.7485741
vn -0.835674942 0.0378864147 0.5479161
vn -0.3977856 0.0384514146 0.916672349
vn -0.9601139 0.0389149636 0.2768879
vn -0.999299049 0.03743445 -0.000226229429
vn -0.95909977 0.0392351374 -0.280335963
vn -0.8354439 0.0369257 -0.548333764
vn -0.659738541 0.04062224 -0.7503965
vn -0.397741318 0.03780067 -0.9167186
vn -0.143294886 0.0282054041 -0.9892781
vn -0.0501680151 -0.00105442572 -0.998740256
vn 0.276988924 0.008853734 -0.9608323
vn -0.295249015 -0.00161726761 -0.955418944
vn -0.16237469 -0.0100392913 -0.9866781
vn 0.391643971 -0.008260095 -0.920079768
vn 0.167874485 -0.00347930565 -0.985802233
vn -0.357785761 -0.92638123 -0.117503725
vn -0.357785761 -0.92638123 -0.117503725
vn -0.357785761 -0.92638123 -0.117503725
vn -0.00019689271 -0.9998029 0.01985582
vn -0.00019689271 -0.9998029 0.01985582
vn -0.00019689271 -0.9998029 0.01985582
vn -0.3558519 -0.9272681 0.116375938
vn -0.3558519 -0.9272681 0.116375938
vn -0.3558519 -0.9272681 0.116375938
vn -0.0002658822 -0.9998044 -0.0197774079
vn -0.0002658822 -0.9998044 -0.0197774079
vn -0.0002658822 -0.9998044 -0.0197774079
vn -0.5596768 -0.18015933 0.808890939
vn -0.5163233 -0.5337652 0.6697052
vn -0.567820251 -0.177113786 0.8038724
vn -0.08838474 -0.7583235 0.6458589
vn 0.07908111 -0.9122937 0.401828945
vn -0.124165982 -0.730281353 0.6717678
vn -0.567810833 -0.191640243 -0.8005404
vn -0.5632472 -0.192880034 -0.8034612
vn -0.4871211 -0.5471253 -0.6807107
vn -0.124866538 -0.730003238 -0.6719402
vn 0.07854352 -0.912241 -0.4020538
vn -0.08917872 -0.758175 -0.645924032
vn -0.8721426 0.0701767951 -0.484192669
vn -0.4622524 0.0621929541 -0.884564757
vn -0.872113049 0.07061907 -0.4841815
vn -0.397006571 2.19047088E-05 -0.917815745
vn -0.397006422 1.37549605E-05 -0.917815864
vn -0.83578074 -1.58945986E-05 -0.5490634
vn 0.026591219 -0.9987304 -0.04278373
vn 0.026591219 -0.9987304 -0.04278373
vn 0.026591219 -0.9987304 -0.04278373
vn 0.118046261 -0.992115 0.04210526
vn 0.118046261 -0.992115 0.04210526
vn 0.118046261 -0.992115 0.04210526
vn -0.06309177 -0.9893176 0.131416127
vn -0.06309177 -0.9893176 0.131416127
vn -0.06309177 -0.9893176 0.131416127
vn -0.0134317791 -0.9994725 -0.0295697544
vn -0.0134317791 -0.9994725 -0.0295697544
vn -0.0134317791 -0.9994725 -0.0295697544
vn -0.394018441 0.6649187 -0.6345334
vn -0.0119582489 0.6727181 -0.7398023
vn -0.0115919253 0.665172756 -0.7465995
vn 0.0119587034 0.672717333 -0.739802957
vn 0.394018859 0.6649168 -0.634535134
vn 0.0115926694 0.665193737 -0.7465808
vn -0.00274665654 0.6533964 -0.757010937
vn 0.454100937 0.659813166 -0.5986978
vn 0.3827631 0.6511697 -0.65534
vn 0.4874844 0.663284242 -0.567814231
vn 0.677408636 0.660825133 -0.323152661
vn 0.4162309 0.66089493 -0.624475658
vn 0.492653161 0.6587951 -0.568578839
vn 0.7368106 0.659014642 -0.151029184
vn 0.6835978 0.6544079 -0.32317844
vn 0.740308642 0.660166264 -0.126979038
vn 0.744551063 0.6608566 0.09440489
vn 0.6877934 0.660859168 -0.3003422
vn 0.747436464 0.6531634 -0.1213108
vn 0.6605617 0.6618222 0.354471028
vn 0.749698341 0.653741837 0.10283047
vn 0.654930651 0.658546746 0.370650947
vn 0.577979445 0.657638 0.4831687
vn 0.743689537 0.657595038 0.120393693
vn 0.6140756 0.669693351 0.41763863
vn 0.24485521 0.6396206 0.7286504
vn 0.539663732 0.6518428 0.5327889
vn 0.186418444 0.614388466 0.7666648
vn 0.149931192 0.5776251 0.8024151
vn 0.472482651 0.660589159 0.5834228
vn 0.343799442 0.6048167 0.718330562
vn -0.08360606 0.653163 0.7525876
vn 0.305708021 0.56886965 0.7634985
vn 0.289393246 0.6342978 0.7168806
vn -0.19297044 0.66208446 0.724159241
vn -0.1525758 0.646160245 0.747795165
vn -0.267059028 0.662199438 0.7001225
vn -0.560453653 0.6576346 0.503397
vn -0.225058973 0.6577276 0.718848348
vn -0.272102982 0.662336 0.698048055
vn -0.647342 0.6530856 0.392972618
vn -0.568062 0.6520687 0.5021075
vn -0.652321637 0.66171 0.369616449
vn -0.7410097 0.660832763 0.119183518
vn -0.5753122 0.6608722 0.4819376
vn -0.6586641 0.6589944 0.363163918
vn -0.743752539 0.6588311 -0.113020979
vn -0.7469761 0.655418754 0.111593388
vn -0.740304 0.6601712 -0.126979977
vn -0.6877884 0.6608629 -0.3003454
vn -0.744547 0.6608615 0.09440237
vn -0.743192554 0.653229952 -0.144760251
vn -0.4962343 0.662978768 -0.560544968
vn -0.6883752 0.6530448 -0.315708876
vn -0.489635855 0.6602604 -0.5694848
vn -0.4184359 0.6576866 -0.626386344
vn -0.6796278 0.65760833 -0.325049877
vn -0.445966482 0.65995276 -0.6046291
vn 0.01030801 0.6451457 -0.76399
vn -0.37539205 0.647896349 -0.6628055
vn 0.369018376 0.600550354 -0.709341049
vn -0.190412536 0.6005893 -0.7765537
vn 0.369489521 0.594513237 -0.714165
vn 0.000117968768 0.08954959 -0.9959824
vn -0.0005978346 0.063006565 -0.99801296
vn 0.5400748 0.06300664 -0.8392553
vn -0.0742666349 0.530671954 -0.8443174
vn -0.587240338 0.530755937 -0.611103
vn -0.0758158043 0.525283754 -0.847542942
vn -0.538721561 0.09212514 -0.8374318
vn -0.5398562 0.07183551 -0.838686466
vn 0.000775665045 0.07183429 -0.997416258
vn -0.491386831 0.3512183 -0.7969848
vn -0.8520327 0.3747889 -0.365477115
vn -0.4830608 0.374795645 -0.7913157
vn 0.427231073 0.121131919 -0.895991445
vn 0.4258903 0.152341276 -0.8918574
vn 0.846093 0.121009812 -0.519117832
vn 0.4705618 0.4114791 -0.78054893
vn 0.839574456 0.4114778 -0.354683965
vn 0.8498323 0.3785696 -0.366701752
vn 0.842858851 0.1296754 -0.522277057
vn 0.994542956 0.102572747 0.01905727
vn 0.845318556 0.102572948 -0.5243237
vn 0.821080744 0.404545277 -0.402702749
vn 0.901276469 0.404545844 0.155059546
vn 0.9150955 0.373890817 0.151016489
vn 0.9905133 0.135251358 0.0242989473
vn 0.8208385 0.110064946 0.5604551
vn 0.993632138 0.110064827 0.02410343
vn 0.9114732 0.39732933 0.106517732
vn 0.677386642 0.397329 0.6190938
vn 0.689865351 0.368915856 0.622886
vn 0.767402232 0.04738298 0.6394128
vn 0.29898113 0.06668444 0.951926231
vn 0.7674209 0.03884008 0.63996613
vn 0.331992477 0.3221792 0.886556
vn -0.2179572 0.44377324 0.869229555
vn -0.221081838 0.428143352 0.876251161
vn -0.2021834 0.190325588 0.960675836
vn -0.698248 0.173968747 0.694395065
vn -0.203192428 0.173961163 0.9635613
vn -0.24209711 0.367791474 0.897841
vn -0.7161412 0.3677901 0.5931881
vn -0.7197092 0.349185467 0.600073457
vn -0.6882608 0.187305927 0.700866342
vn -0.9628647 0.1704258 0.209395871
vn -0.690677047 0.170417219 0.702796757
vn -0.6882616 0.369935751 0.624054
vn -0.9223455 0.369934738 0.111476541
vn -0.9293402 0.350687653 0.115520559
vn -0.957977533 0.184213132 0.219874
vn -0.9247432 0.166796818 -0.342094928
vn -0.9610825 0.1667897 0.220230728
vn -0.9155283 0.3720153 0.153011754
vn -0.835333169 0.3720149 -0.404750973
vn -0.84373647 0.35211426 -0.4051226
vn -0.9262768 0.1842188 -0.328747272
vn -0.597083569 0.164180711 -0.785198033
vn -0.9295222 0.16416724 -0.33020848
vn 0.0167737547 0.7219532 0.6917386
vn 0.0167737547 0.7219532 0.6917386
vn 0.0167737547 0.7219532 0.6917386
vn 0.18109259 0.9657716 0.185716555
vn 0.18109259 0.9657716 0.185716555
vn 0.18109259 0.9657716 0.185716555
vn -0.0190461557 -0.1121101 -0.9935133
vn -0.0190461557 -0.1121101 -0.9935133
vn -0.0190461557 -0.1121101 -0.9935133
vn 0 -0.06543161 -0.997857034
vn 0 -0.06543161 -0.997857034
vn 0 -0.06543161 -0.997857034
vn 0.3597389 0 0.933053
vn -0.2846334 0 0.958636463
vn 0.3584692 0.02860114 0.9331033
vn -0.352045268 -0.054969117 0.9343675
vn -0.352977931 -0.0307933055 0.9351248
vn 0.2915625 -0.0307940543 0.956056
vn -0.6333835 0.0307884123 0.773225367
vn -0.973758936 0.0307890642 0.225489557
vn -0.633194149 0.054960575 0.772039235
vn -0.9873228 -0.0285935346 0.1561285
vn -0.9879138 0 0.155004337
vn -0.6878714 0 0.7258326
vn 0.628166258 0 -0.7780792
vn 0.972516656 0 -0.232833385
vn 0.6288443 0.0285994411 -0.7770051
vn 0.9851992 -0.0549607463 -0.16236344
vn 0.986321151 -0.0307902172 -0.161934108
vn 0.6821433 -0.0307899844 -0.7305701
vn 0.9863166 0.0307921655 0.1619613
vn 0.6821243 0.0307913963 0.7305877
vn 0.9851944 0.05496272 0.162391767
vn 0.628854632 -0.0285993423 0.776996732
vn 0.6281759 0 0.778071344
vn 0.972519457 0 0.232821688
vn -0.06126177 0.9980686 -0.010302525
vn -0.06126177 0.9980686 -0.010302525
vn -0.06126177 0.9980686 -0.010302525
vn -0.050782755 0.9986613 0.00983999
vn -0.015278439 0.9995809 -0.0245882962
vn -0.015278439 0.9995809 -0.0245882962
vn -0.015278439 0.9995809 -0.0245882962
vn -0.020382233 0.9997919 0.000809061632
vn -0.0204315651 0.9997911 0.000575665152
vn 0 1 0
vn 0 1 0
vn 0 1 0
vn 0 1 0
vn 0 0.9999936 -0.00357602932
vn 0 0.9999936 -0.00357602932
vn 0 0.9999936 -0.00357602932
vn 0 1 6.588164E-06
vn 0 1 0
vn 0 1 0
vn 0 1 0
vn 0.04154458 0.9990878 0.009878493
vn 0.0410032719 0.9990822 0.0123932157
vn 0.0507071167 0.998663664 0.009988309
vn 0.0507071167 0.998663664 0.009988309
vn 0.0507071167 0.998663664 0.009988309
vn 0.06126174 0.9980686 -0.0103037236
vn 0.0139092067 0.999552965 -0.0264649335
vn 0.0139092067 0.999552965 -0.0264649335
vn 0.0139092067 0.999552965 -0.0264649335
vn 0.02069189 0.9997857 -0.0006680961
vn 0.0204315465 0.9997911 0.0005730338
vn 0 1 0
vn 0 1 0
vn 0 1 0
vn 0 1 0
vn 0.9223509 -1.09450039E-05 -0.386353284
vn 0.9979885 -1.06758989E-05 0.0633953363
vn 0.9223509 1.48490062E-05 -0.386353344
vn 0.9979887 1.09450048E-05 0.06339276
vn 0.866032958 -0.000129468172 0.499987
vn 0.866035163 1.0945E-05 0.499983132
vn 0.553912938 -1.02410049E-05 0.8325746
vn 0.553890646 1.09472112E-05 0.832589447
vn 0.126565546 -1.03497568E-05 0.991958261
vn 0.1265803 1.09450011E-05 0.991956353
vn 0.777307451 5.62889045E-06 -0.6291209
vn 0.6098046 0.0117076281 -0.7924654
vn 0.7772117 -0.00559751969 -0.6292142
vn 0.5911317 0.0144572714 -0.8064455
vn -0.1265803 -1.09450011E-05 0.991956353
vn -0.553893447 -1.03497014E-05 0.8325876
vn -0.126580238 1.47521487E-05 0.991956353
vn -0.5539215 1.09472121E-05 0.832568944
vn -0.86602217 -1.02953882E-05 0.500005662
vn -0.866035461 1.09472212E-05 0.499982685
vn -0.9979867 -1.05128038E-05 0.06342414
vn -0.9979864 1.0945002E-05 0.06342866
vn -0.9223499 -1.06758989E-05 -0.386355728
vn -0.9223509 1.09450048E-05 -0.386353344
vn -0.777307451 -5.62889045E-06 -0.6291209
vn -0.6098046 -0.0117076272 -0.7924654
vn -0.7772118 0.005597527 -0.629214168
vn -0.591132939 -0.01445732 -0.8064446
vn -0.0204878952 0.9995478 0.022012094
vn -0.0204878952 0.9995478 0.022012094
vn -0.0204878952 0.9995478 0.022012094
vn -0.027138019 0.999631166 -0.00107536744
vn -0.0301653855 0.9992955 0.0223282948
vn -0.01870526 0.9993718 0.0301010069
vn 0 1 -9.500005E-07
vn 0 1 -9.500005E-07
vn 0 1 -9.500005E-07
vn 0 1 0
vn 0 1 0
vn 0 1 0
vn 0 1 0
vn 0 1 1.951226E-06
vn 0 1 1.951226E-06
vn 0 1 -2.91918036E-06
vn 0 1 0
vn 0 1 0
vn 0 1 0
vn 0 1 0
vn 0 1 -9.499996E-07
vn 0.7679117 0.45295164 -0.452931046
vn 0.60953337 0.444891125 -0.656156242
vn 0.59443295 0.445795149 -0.6692654
vn 0.5141451 0.490214676 -0.7038071
vn 0.7784289 0.461697936 0.425303966
vn 0.5341753 0.46652022 0.704993367
vn 0.5876084 0.459862649 0.665764749
vn 0.316896021 0.468615443 0.8246069
vn -0.543554962 0.467931032 0.6968419
vn -0.597868264 0.459561169 0.6567778
vn -0.32647866 0.460421979 0.8254837
vn -0.7586562 0.468379229 0.4528374
vn -0.595222 0.444186449 -0.6696337
vn -0.609990835 0.444562733 -0.6559537
vn -0.7608003 0.470280319 -0.447235227
vn -0.480391383 0.461354166 -0.7459065
vn -0.866037846 -1.1625234E-05 0.4999785
vn -0.990344048 0.0266233459 0.136051223
vn -0.991214931 -1.03339562E-05 0.132261023
vn -0.854819953 -7.11996063E-06 0.518924654
vn -0.5877702 1.54972076E-06 0.8090279
vn -0.574739933 -1.32783325E-05 0.8183361
vn -0.20788984 -4.813075E-06 0.9781522
vn -0.185512081 0.00152607821 0.9826408
vn -0.131807327 0.00491055148 0.9912632
vn -0.978778 0.0251305 0.203376845
vn -0.9897069 0.00236374629 -0.143090263
vn -0.9609739 -9.58703549E-06 -0.276638955
vn -0.866015 -4.20585275E-06 -0.50001806
vn -0.7691737 -8.136033E-06 -0.6390399
vn 0.20788984 -4.92855952E-06 0.9781523
vn 0.188317522 0.00121451716 0.98210746
vn 0.574743867 -1.04233623E-05 0.8183333
vn 0.587777734 1.10417595E-05 0.8090225
vn 0.8548367 7.422641E-07 0.5188972
vn 0.866038 -1.17719164E-05 0.499978125
vn 0.9912148 -1.0047107E-05 0.132261679
vn 0.990344167 0.026623264 0.136050239
vn 0.9897069 0.00236436 -0.1430901
vn 0.9787779 0.025130989 0.203377053
vn 0.9609763 9.005889E-07 -0.2766307
vn 0.866014957 -4.17977526E-06 -0.50001806
vn 0.7691737 -8.00192447E-06 -0.6390398
vn 0.0360828079 -0.9988758 -0.0307435449
vn 0.0360828079 -0.9988758 -0.0307435449
vn 0.0360828079 -0.9988758 -0.0307435449
vn 0.0282104332 -0.9978677 -0.0588578247
vn -0.113484107 -0.975823462 -0.186788589
vn -0.113484107 -0.975823462 -0.186788589
vn -0.113484107 -0.975823462 -0.186788589
vn -0.07516836 -0.9841942 -0.160348028
vn -0.845890462 0.020012103 -0.5329811
vn -0.845890462 0.020012103 -0.5329811
vn -0.845890462 0.020012103 -0.5329811
vn -0.8443896 0 -0.535729647
vn -0.8433922 -0.00211043935 -0.5372944
vn 0.8433922 -0.00211026683 -0.5372944
vn 0.8433922 -0.00211026683 -0.5372944
vn 0.8433922 -0.00211026683 -0.5372944
vn 0.8409407 -0.00720573869 -0.541079342
vn 0.843259454 0.0240882058 -0.5369668
vn -0.90308553 0.04576619 -0.4270152
vn -0.519783139 0.04579288 -0.8530701
vn -0.9030683 0.0462670736 -0.4269976
vn -0.5469119 0.07328584 -0.8339764
vn 0.0230517965 0.05507172 -0.9982163
vn 0.0007967352 0.07321961 -0.9973155
vn 0.5660537 0.0561378449 -0.8224547
vn 0.5483085 0.07310993 -0.8330743
vn 0.0144273052 -0.999804854 -0.013495015
vn 0.0144273052 -0.999804854 -0.013495015
vn 0.0144273052 -0.999804854 -0.013495015
vn 0.0143924411 -0.99982053 -0.0123218363
vn 0.017677905 -0.999824345 -0.00623406749
vn 0.017677905 -0.999824345 -0.00623406749
vn 0.017677905 -0.999824345 -0.00623406749
vn 0.0193420928 -0.998938143 -0.0418142937
vn 0 -1 0
vn 0 -1 0
vn 0 -1 0
vn 0.03629054 -0.9980298 0.0511809662
vn 0.03629054 -0.9980298 0.0511809662
vn 0.03629054 -0.9980298 0.0511809662
vn 0.05227497 -0.9980558 0.0339408666
vn 0.0508645028 -0.9977902 0.04274934
vn 0.0302547012 -0.9983213 0.04938823
vn 0.0191389415 -0.9977669 0.06399142
vn -0.0284644868 -0.99802506 0.0559987649
vn -0.0284644868 -0.99802506 0.0559987649
vn -0.0284644868 -0.99802506 0.0559987649
vn -0.0150224315 -0.998625159 0.05022092
vn -0.03899533 -0.9987018 0.03277333
vn -0.0253317226 -0.9996704 0.004172553
vn -0.0178308673 -0.999821246 -0.00629047165
vn -0.0153073752 -0.9996645 -0.02089407
vn -0.0153073752 -0.9996645 -0.02089407
vn 0.00140309066 -0.9996335 -0.0270359628
vn 0 -1 1.178418E-06
vn 0 -1 1.178418E-06
vn 0 -1 -8.369663E-07
vn -0.0360152423 -0.9992361 0.0151715726
vn -0.0360152423 -0.9992361 0.0151715726
vn -0.0360152423 -0.9992361 0.0151715726
vn 0.00140309066 -0.9996335 -0.0270359628
vn 0.00140309066 -0.9996335 -0.0270359628
vn -0.00435701571 -0.999741733 -0.0223057047
vn -0.9927754 -0.11988 0.005087047
vn -0.9927754 -0.11988 0.005087047
vn -0.9927754 -0.11988 0.005087047
vn -0.9962498 -0.08606991 -0.00885210652
vn 0.000327134738 -1 0
vn 0.000327134738 -1 0
vn 0.000327134738 -1 0
vn 0 -1 0.000232067337
vn 0.0135980453 -0.0926049054 0.995610058
vn 0.0135980453 -0.0926049054 0.995610058
vn 0.0135980453 -0.0926049054 0.995610058
vn 0 -0.0683312 0.997662663
vn -0.0103030615 0.9980683 0.061266195
vn -0.0103030615 0.9980683 0.061266195
vn -0.0103030615 0.9980683 0.061266195
vn 0.009841009 0.998661339 0.05078102
vn -0.0245882683 0.9995809 0.0152795734
vn -0.0245882683 0.9995809 0.0152795734
vn -0.0245882683 0.9995809 0.0152795734
vn 0.000809737248 0.9997919 0.02038382
vn 0.0005745259 0.9997911 0.0204326455
vn 0 1 1.35701316E-06
vn 0 1 1.35701316E-06
vn 0 1 1.35701316E-06
vn 0 1 -2.35357538E-06
vn -0.00357000716 0.9999937 0
vn -0.00357000716 0.9999937 0
vn -0.00357000716 0.9999937 0
vn 0 1 0
vn 0 1 0
vn 0 1 0
vn 0 1 0
vn 0.00987894647 0.999087632 -0.04154932
vn 0.0123945167 0.9990821 -0.04100381
vn 0.009988404 0.9986637 -0.05070529
vn 0.009988404 0.9986637 -0.05070529
vn 0.009988404 0.9986637 -0.05070529
vn -0.0103044128 0.9980685 -0.06126226
vn -0.0264632721 0.999553 -0.0139063811
vn -0.0264632721 0.999553 -0.0139063811
vn -0.0264632721 0.999553 -0.0139063811
vn -0.0006710859 0.9997856 -0.020694498
vn 0.0005748104 0.9997911 -0.0204303712
vn 0 1 0
vn 0 1 0
vn 0 1 0
vn 0 1 2.31622766E-06
vn -0.3863922 -1.094723E-05 -0.9223346
vn 0.06340137 -1.04040892E-05 -0.9979881
vn -0.386392266 1.47297978E-05 -0.922334552
vn 0.06339423 1.09450048E-05 -0.9979886
vn 0.4999804 -1.04040337E-05 -0.8660368
vn 0.4999859 1.09450129E-05 -0.866033554
vn 0.8325671 -1.04584069E-05 -0.553924263
vn 0.8325702 1.09450175E-05 -0.5539196
vn 0.9919561 -1.034969E-05 -0.126582146
vn 0.991956 1.09450057E-05 -0.12658304
vn -0.629111469 5.62890136E-06 -0.77731514
vn -0.7924579 0.011707563 -0.6098143
vn -0.6292048 -0.005597547 -0.7772194
vn -0.80647254 0.0144549534 -0.5910949
vn 0.9919561 -1.09450093E-05 0.126582175
vn 0.8325866 -1.03496905E-05 0.553894937
vn 0.9919561 1.46999955E-05 0.126582146
vn 0.8325861 1.094501E-05 0.553895652
vn 0.5000179 -1.05127765E-05 0.866015136
vn 0.500013053 1.09450175E-05 0.8660179
vn 0.06342107 -1.0404081E-05 0.9979869
vn 0.06342746 1.0945002E-05 0.997986436
vn -0.3863919 -1.04061537E-05 0.9223347
vn -0.3863543 1.0945012E-05 0.922350466
vn -0.6291062 -5.62889954E-06 0.7773194
vn -0.792453766 -0.0117072631 0.609819651
vn -0.629199564 0.005597412 0.7772237
vn -0.806466341 -0.0144569827 0.5911032
vn 0.0220108889 0.9995477 0.02048948
vn 0.0220108889 0.9995477 0.02048948
vn 0.0220108889 0.9995477 0.02048948
vn -0.00107676652 0.999631166 0.0271361563
vn 0.0223297868 0.9992954 0.0301673841
vn 0.030100042 0.999371946 0.0187016539
vn 0 1 0
vn 0 1 0
vn 0 1 0
vn 0 1 0
vn 0 1 0
vn 0 1 0
vn 0 1 0
vn 0 1 0
vn 0 1 0
vn 0 1 0
vn 0 1 0
vn 0 1 0
vn 0 1 0
vn 0 1 0
vn 0 1 0
vn -0.4529467 0.452956766 -0.767899454
vn -0.6561685 0.444893628 -0.6095183
vn -0.669277966 0.445797563 -0.594417036
vn -0.7037981 0.490212977 -0.514158964
vn 0.425308138 0.461709827 -0.778419554
vn 0.704995453 0.466530949 -0.5341632
vn 0.6657665 0.459858447 -0.5876098
vn 0.824609756 0.468617767 -0.3168852
vn 0.696849 0.467912138 0.5435621
vn 0.65678525 0.459555447 0.597864449
vn 0.8254895 0.4604148 0.326474
vn 0.4527898 0.468370616 0.7586899
vn -0.669640541 0.444183439 0.5952165
vn -0.655960739 0.4445596 0.60998553
vn -0.4472429 0.470281541 0.760795057
vn -0.7459065 0.4613516 0.480393827
vn 0.499987036 -1.38040641E-05 0.8660329
vn 0.136045039 0.02662275 0.9903449
vn 0.1322624 -1.16527081E-05 0.991214752
vn 0.5188921 -1.12345451E-05 0.854839742
vn 0.8090057 6.03497E-07 0.58780086
vn 0.8183545 -1.07199894E-05 0.5747139
vn 0.978144467 -1.84029329E-06 0.207926512
vn 0.9826434 0.0015254271 0.185498312
vn 0.991274238 0.00490063243 0.13172482
vn 0.2033817 0.0251303222 0.978777
vn -0.143085167 0.00236323383 0.9897076
vn -0.276654482 -9.238719E-06 0.960969448
vn -0.5000119 -5.234033E-06 0.866018534
vn -0.6390379 -9.756536E-06 0.7691753
vn 0.9781436 -1.88360013E-06 -0.207930729
vn 0.98210746 0.00121073157 -0.188317746
vn 0.818336666 -9.037556E-06 -0.574739158
vn 0.809026 1.25197694E-05 -0.587772846
vn 0.5188897 1.608394E-06 -0.8548412
vn 0.500015259 -1.20410705E-05 -0.866016567
vn 0.132235125 -9.981916E-06 -0.9912184
vn 0.136049733 0.0266238637 -0.9903442
vn -0.14309971 0.00236495584 -0.989705443
vn 0.203367665 0.025131261 -0.978779852
vn -0.2766331 -2.89641321E-07 -0.960975647
vn -0.499979347 0 -0.8660373
vn -0.6390597 -2.44006515E-06 -0.7691571
vn -0.0307449251 -0.9988757 -0.03608568
vn -0.0307449251 -0.9988757 -0.03608568
vn -0.0307449251 -0.9988757 -0.03608568
vn -0.0588687547 -0.9978671 -0.028208999
vn -0.186792061 -0.9758222 0.113489173
vn -0.186792061 -0.9758222 0.113489173
vn -0.186792061 -0.9758222 0.113489173
vn -0.160342336 -0.984194756 0.07517349
vn -0.532978356 0.0200105719 0.8458922
vn -0.532978356 0.0200105719 0.8458922
vn -0.532978356 0.0200105719 0.8458922
vn -0.5357217 0 0.8443946
vn -0.5372971 -0.00211252435 0.8433904
vn -0.5372971 -0.00211286917 -0.8433904
vn -0.5372971 -0.00211286917 -0.8433904
vn -0.5372971 -0.00211286917 -0.8433904
vn -0.5410836 -0.00720911939 -0.840938
vn -0.5369677 0.0240886863 -0.8432588
vn -0.427022427 0.0457654223 0.903082132
vn -0.8530745 0.04579048 0.519776165
vn -0.4270048 0.0462666377 0.903064966
vn -0.8339438 0.07328593 0.546961546
vn -0.998216569 0.05506599 -0.0230529364
vn -0.9973155 0.07321907 -0.0008166731
vn -0.8224556 0.0561380163 -0.566052437
vn -0.833089352 0.0731094 -0.548285663
vn -0.0134959063 -0.999804854 -0.0144267678
vn -0.0134959063 -0.999804854 -0.0144267678
vn -0.0134959063 -0.999804854 -0.0144267678
vn -0.0123208007 -0.99982053 -0.0143935122
vn -0.00623545842 -0.999824345 -0.0176775623
vn -0.00623545842 -0.999824345 -0.0176775623
vn -0.00623545842 -0.999824345 -0.0176775623
vn -0.0418117158 -0.998938262 -0.0193433445
vn 0 -1 8.36968638E-07
vn 0 -1 8.36968638E-07
vn 0 -1 8.36968638E-07
vn 0.05118058 -0.9980299 -0.03628975
vn 0.05118058 -0.9980299 -0.03628975
vn 0.05118058 -0.9980299 -0.03628975
vn 0.033942014 -0.998055637 -0.0522774234
vn 0.0427493528 -0.9977903 -0.05086357
vn 0.0493977778 -0.9983208 -0.030255748
vn 0.06398747 -0.9977672 -0.0191380866
vn 0.0559980348 -0.99802494 0.0284681022
vn 0.0559980348 -0.99802494 0.0284681022
vn 0.0559980348 -0.99802494 0.0284681022
vn 0.0502230264 -0.99862504 0.0150225153
vn 0.03277245 -0.99870193 0.0389927849
vn 0.00416927226 -0.9996704 0.0253332518
vn -0.00628934056 -0.999821246 0.0178314447
vn -0.0208917614 -0.999664545 0.0153068248
vn -0.0208917614 -0.999664545 0.0153068248
vn -0.0270383656 -0.999633431 -0.00140134606
vn 0 -1 0
vn 0 -1 0
vn 0 -1 0
vn 0.0151731391 -0.999236 0.03601759
vn 0.0151731391 -0.999236 0.03601759
vn 0.0151731391 -0.999236 0.03601759
vn -0.0270383656 -0.999633431 -0.00140134606
vn -0.0270383656 -0.999633431 -0.00140134606
vn -0.0223066453 -0.9997417 0.00436024135
vn 0.00509242248 -0.11988347 0.992774963
vn 0.00509242248 -0.11988347 0.992774963
vn 0.00509242248 -0.11988347 0.992774963
vn -0.008862302 -0.086065 0.9962501
vn 0 -1 -0.000329222123
vn 0 -1 -0.000329222123
vn 0 -1 -0.000329222123
vn 0.000230810256 -1 0
vn 0.9956097 -0.09260831 -0.0136052379
vn 0.9956097 -0.09260831 -0.0136052379
vn 0.9956097 -0.09260831 -0.0136052379
vn 0.997662544 -0.06833306 0
vn 0.0248054881 -0.9984072 0.050673902
vn 0.0248054881 -0.9984072 0.050673902
vn 0.0248054881 -0.9984072 0.050673902
vn -0.02480653 -0.998407066 -0.0506749153
vn -0.02480653 -0.998407066 -0.0506749153
vn -0.02480653 -0.998407066 -0.0506749153
vn -0.05226072 -0.993450642 0.1016102
vn -0.05226072 -0.993450642 0.1016102
vn -0.05226072 -0.993450642 0.1016102
vn 0.0522644371 -0.9934508 -0.101606563
vn 0.0522644371 -0.9934508 -0.101606563
vn 0.0522644371 -0.9934508 -0.101606563
vn -0.5428737 -0.821781158 -0.173101127
vn -0.500514746 -0.8654535 0.02179995
vn -0.5364622 -0.829550266 -0.155095533
vn -0.3216383 -0.7414593 -0.5888862
vn -0.233861074 -0.637133241 -0.7344183
vn -0.2908308 -0.710238039 -0.6410768
vn 0.009175919 -0.5029534 -0.864264846
vn 0.1734466 -0.536695957 -0.825756431
vn 0.09757657 -0.493708 -0.864136159
vn 0.1981092 -0.883362651 -0.424762577
vn 0.3079284 -0.878930569 -0.3642268
vn 0.147421718 -0.8641338 -0.4811857
vn 0.8395104 -0.199309319 -0.5054683
vn 0.9030511 -0.230384171 -0.362521648
vn 0.9043582 -0.2105253 -0.3712349
vn 0.5364564 -0.829553962 0.155095845
vn 0.542868 -0.821784735 0.1731018
vn 0.5005092 -0.8654567 -0.0217996873
vn 0.321596831 -0.741513 0.5888412
vn 0.233821392 -0.637165368 0.7344031
vn 0.290795565 -0.7102582 0.641070366
vn -0.009155548 -0.5030119 0.864231
vn -0.1734263 -0.536754668 0.8257226
vn -0.09755659 -0.49376902 0.8641035
vn -0.198110715 -0.8833604 0.424766481
vn -0.307930231 -0.8789283 0.364230782
vn -0.147422686 -0.864132047 0.4811885
vn -0.839501143 -0.199320465 0.505479157
vn -0.903043747 -0.2303943 0.362533361
vn -0.9043511 -0.210536242 0.371246
vn 0.8176468 0.009924018 0.575634658
vn 0.8157056 -0.005613939 0.57844007
vn 0.9446349 -0.03061875 0.3266915
vn 0.861350834 0.006712753 0.507966161
vn 0.6855842 0.0287738647 0.727424562
vn 0.861321032 0.006436222 0.5080203
vn 0.4656106 -0.030810209 0.884453237
vn 0.466288328 -0.0175603628 0.8844585
vn 0.6959824 -0.03272263 0.717312932
vn -0.2573854 0.04964207 0.9650329
vn -0.261731356 0.0378195047 0.9643995
vn 0.01277639 -0.0229402315 0.9996552
vn -0.0137061253 -0.0394683331 0.999126852
vn -0.287145674 0.0221831985 0.957630038
vn -0.017926801 -0.050881397 0.9985438
vn -0.7035924 0.0274510346 0.710073352
vn -0.8745528 0.006596092 0.484885544
vn -0.7034604 0.03641576 0.7098009
vn -0.951817453 -0.0521585345 0.3021971
vn -0.9520735 -0.04357192 0.302749962
vn -0.829666436 -0.03198545 0.5573424
vn -0.9698304 0.0313863829 -0.24175173
vn -0.864424169 0.0132788392 -0.5025879
vn -0.969576836 0.04161855 -0.24122341
vn -0.8131193 -0.0280082747 -0.581422865
vn -0.8128169 -0.0232915878 -0.5820534
vn -0.9416216 0.0323375352 -0.3351165
vn -0.4622807 -0.0329787023 -0.8861202
vn -0.4633368 -0.026881678 -0.885774434
vn -0.6903596 -0.07032043 -0.720040739
vn -0.182317823 0.0374081731 -0.9825278
vn 0.099116385 0.0314213037 -0.9945797
vn -0.182995722 0.04462948 -0.9821002
vn 0.268266767 -0.0241576321 -0.9630417
vn 0.268351674 -0.0156395156 -0.9631941
vn -0.0118315294 0.00513731735 -0.9999168
vn 0.817920268 0.0169979669 -0.5750805
vn 0.945549965 -0.0130839 -0.32521385
vn 0.817803442 0.0300541818 -0.5747124
vn 0.952420235 -0.008149356 -0.304678947
vn 0.952769 0.006380431 -0.303628922
vn 0.8300153 0.0428160839 -0.5560948
vn 0 1 2.33459559E-05
vn 0 1 2.33459559E-05
vn 0 1 2.33459559E-05
vn 0 1 1.1111817E-05
vn 0 1 -8.376174E-06
vn 0 1 -8.376174E-06
vn 0 1 1.1111817E-05
vn 0 1 1.1111817E-05
vn 0 1 -1.1293685E-05
vn 0 1 -1.17670629E-06
vn 0 1 -1.17670629E-06
vn 0 1 -1.17670629E-06
vn 0 1 0
vn 0 1 0
vn 0 1 0
vn 0 1 0
vn 0 1 0
vn 0 1 0
vn 0 1 0
vn 0 1 0
vn 0 1 0
vn 0 1 0
vn 0 1 0
vn 0 1 1.15590174E-05
vn 0 1 1.15590174E-05
vn 0 1 1.15590174E-05
vn 0 1 0
vn 0 1 0
vn 0 1 0
vn -0.9445439 0.19692643 0.2627867
vn -0.9438478 0.1988692 0.263822764
vn -0.9644095 0.2627475 -0.0296322983
vn -0.8414038 -0.179324046 0.509786844
vn -0.650236547 -0.218676955 0.72758013
vn -0.8425429 -0.188272059 0.5046535
vn -0.5129118 0.07172826 0.855439365
vn -0.5145348 0.0558118038 0.855651259
vn -0.751027346 0.03849029 0.6591483
vn 0.825796068 -0.0016528843 0.563966453
vn 0.837334335 0.0185479969 0.546376467
vn 0.6507684 0.160942629 0.742022932
vn 0.8021021 -0.104741536 0.587929845
vn 0.916557252 -0.216549709 0.336198032
vn 0.8092138 -0.09377142 0.5799827
vn 0.965859652 0.07415361 -0.248226479
vn 0.9628266 0.08491334 -0.2564268
vn 0.982074738 0.186557353 0.026937414
vn 0.9661152 -0.06621649 -0.249473155
vn 0.846116 -0.16516906 -0.506761253
vn 0.964745164 -0.05664105 -0.2570186
vn 0.544682 0.0573909543 -0.836676657
vn 0.5379683 0.06694338 -0.840302765
vn 0.745124 0.1657611 -0.6459981
vn 0.5454409 -0.08062242 -0.834262669
vn 0.282508373 -0.182137832 -0.941814661
vn 0.538648 -0.06992548 -0.8396242
vn -0.248185828 0.0742018446 -0.9658664
vn -0.2563834 0.08495627 -0.962834358
vn 0.02694407 0.1865675 -0.9820726
vn -0.249454781 -0.06622474 -0.9661194
vn -0.506785 -0.1651878 -0.8460981
vn -0.257004321 -0.056647826 -0.964748561
vn -0.8366674 0.0573703572 -0.544698358
vn -0.840293348 0.06692281 -0.537985563
vn -0.645984 0.1657259 -0.745144069
vn -0.8547254 -0.150235415 -0.496863961
vn -0.9467617 -0.228186026 -0.227097824
vn -0.8560393 -0.147671044 -0.4953686
vn -0.7100641 -0.670940638 -0.213652924
vn -0.64826113 -0.6767367 -0.34897694
vn -0.699369848 -0.6598728 -0.27468136
vn -0.574321568 -0.7227206 -0.3844862
vn -0.4294366 -0.7499011 -0.5032222
vn -0.5940941 -0.7201851 -0.3583095
vn -0.3219837 -0.6811306 -0.6575619
vn -0.180639178 -0.686465 -0.7043687
vn -0.2418387 -0.6718452 -0.700098634
vn -0.136044279 -0.71402806 -0.686772048
vn 0.01991161 -0.7310432 -0.682040632
vn -0.199133828 -0.7040224 -0.6816877
vn 0.213661253 -0.6709411 -0.710061252
vn 0.348942727 -0.676724 -0.6482928
vn 0.274644 -0.659880459 -0.699377239
vn 0.38447547 -0.722698867 -0.574356139
vn 0.5032285 -0.7498991 -0.42943266
vn 0.358297974 -0.720159352 -0.594132245
vn 0.657533169 -0.681137443 -0.3220278
vn 0.704371452 -0.6864629 -0.180636734
vn 0.7000994 -0.671829462 -0.241880178
vn 0.686756 -0.714059 -0.135963291
vn 0.6820412 -0.7310402 0.020000197
vn 0.681690633 -0.7040439 -0.199047878
vn 0.710066557 -0.6709397 0.213648155
vn 0.648263931 -0.676736534 0.348972231
vn 0.6993725 -0.6598718 0.27467674
vn 0.5743159 -0.722726643 0.3844834
vn 0.4294299 -0.749907434 0.5032185
vn 0.594088435 -0.7201911 0.358306646
vn 0.32197395 -0.68113476 0.6575623
vn 0.18062897 -0.6864682 0.7043683
vn 0.24182789 -0.6718474 0.700100243
vn 0.1360614 -0.714026868 0.6867699
vn -0.0198935885 -0.731043637 0.682040632
vn 0.19915168 -0.704020262 0.6816848
vn -0.1838511 -0.6831297 0.7067762
vn -0.33282274 -0.667684436 0.665902853
vn -0.245311752 -0.670685768 0.700002
vn -0.403226465 -0.68779254 0.603614
vn -0.5522879 -0.677222848 0.4861557
vn -0.37838906 -0.6844084 0.6232229
vn -0.388122022 -0.6948118 0.6054733
vn -0.5059498 -0.7011602 0.50238353
vn -0.530885339 -0.6972193 0.4817116
vn -0.664616346 -0.695505 0.27305305
vn -0.695118666 -0.7083383 0.122747324
vn -0.6934252 -0.6963756 0.18499358
vn -0.6867492 -0.714065552 0.135962844
vn -0.682034254 -0.7310467 -0.0200006217
vn -0.681684256 -0.704050064 0.199048027
vn 0.9121594 0.4098232 -0.00319521129
vn 0.862399161 0.471479625 0.184322327
vn 0.9117907 0.410634369 -0.00413882034
vn 0.7649236 -0.50445646 0.4005193
vn 0.7650356 -0.5043606 0.400425851
vn 0.7967274 -0.5661598 0.211396784
vn 0.6299425 0.565095067 0.532766461
vn 0.46210146 0.6244225 0.6297292
vn 0.6298293 0.5648331 0.533178
vn 0.210339472 -0.575222969 0.7904909
vn 0.209942058 -0.5754654 0.7904201
vn 0.368513942 -0.634819865 0.679118
vn 0.00197456428 0.6145927 0.7888422
vn -0.181340083 0.6622132 0.727041543
vn 0.00362167135 0.615712345 0.7879627
vn -0.715574 -0.3134605 0.6242567
vn -0.714972258 -0.3108989 0.626224041
vn -0.558892548 -0.343562454 0.754721165
vn -0.8775856 0.2742566 0.3932263
vn -0.9254918 0.32311368 0.19764246
vn -0.875032663 0.2786271 0.3958343
vn -0.983780742 0.0110874111 0.179032281
vn -0.9844023 0.0208237916 0.174695387
vn -0.9215502 0.07693481 0.380560517
vn -0.882680058 -0.223045051 -0.4136749
vn -0.8691602 -0.235704452 -0.4347459
vn -0.8955438 -0.3598301 -0.2617702
vn -0.8872756 0.228368819 -0.400736481
vn -0.7705831 0.352902979 -0.5307177
vn -0.8794493 0.215802774 -0.424261868
vn -0.4831246 -0.0312777236 -0.8749928
vn -0.283235162 -0.08701452 -0.955094934
vn -0.479466051 -0.021662293 -0.87729305
vn -0.243947253 -0.275406539 -0.9298608
vn -0.247598916 -0.2709797 -0.9301961
vn -0.429968923 -0.320035875 -0.8442179
vn 0.06273885 0.335621744 -0.9399052
vn 0.258658558 0.384173125 -0.8862882
vn 0.0600554347 0.3389127 -0.9388991
vn 0.3990131 -0.540675461 -0.740579963
vn 0.3978823 -0.539212167 -0.742253244
vn 0.204456285 -0.5915972 -0.779878438
vn 0.6326612 0.5320227 -0.562753558
vn 0.714250445 0.5853881 -0.38362354
vn 0.630770862 0.533497155 -0.563479364
vn 0.8492149 -0.477854639 -0.224697486
vn 0.8496156 -0.4760355 -0.2270321
vn 0.749065161 -0.5323577 -0.394330651
vn 0 1 2.29952366E-06
vn 0 1 0
vn 0 1 2.29952366E-06
vn 0 1 0
vn 0 1 0
vn 0 1 -1.04817684E-06
vn 0 1 1.233535E-06
vn 0 1 2.09489076E-06
vn 0 1 2.09489076E-06
vn 0 1 2.09489076E-06
vn 0 1 3.77158858E-06
vn 0 1 3.77158858E-06
vn 0 1 0
vn 0 1 0
vn 0 1 0
vn 0 1 3.73342345E-06
vn 0 1 3.73342345E-06
vn 0 1 -1.54511281E-06
vn 0 1 -1.54511281E-06
vn 0 1 7.590745E-06
vn 0 1 -2.84315865E-06
vn 0 1 -2.19901335E-06
vn 0 1 -2.19901335E-06
vn 0 1 0
vn -0.0398549 0.9964414 0.07427062
vn -0.0398549 0.9964414 0.07427062
vn -0.0398549 0.9964414 0.07427062
vn -0.008276878 0.9914826 0.1299756
vn -0.008276878 0.9914826 0.1299756
vn -0.008276878 0.9914826 0.1299756
vn 0 1 -5.497579E-07
vn 0 1 -5.497579E-07
vn 0 1 -5.497579E-07
vn 0 1 0
vn 0 1 0
vn 0 1 0
vn 0.999757469 -0.008222718 0.0204294212
vn 0.9993171 -0.0281806327 0.02389987
vn 0.9950843 -0.0281806383 -0.0949376449
vn 0.999757469 0.00822547451 -0.02042767
vn 0.9993171 0.0281825271 -0.0238977987
vn 0.995084047 0.0281825177 0.09493965
vn 0.9890654 -0.04977244 -0.138824716
vn 0.9890654 -0.04977244 -0.138824716
vn 0.9890654 -0.04977244 -0.138824716
vn 0.992977738 -0.0139830634 -0.117472209
vn 0.992977738 -0.0139830634 -0.117472209
vn 0.992977738 -0.0139830634 -0.117472209
vn -0.02038855 0.008249412 -0.9997581
vn -0.023859337 0.02820717 -0.9993173
vn 0.09497807 0.02820713 -0.995079637
vn 0.0203885529 -0.008249421 -0.9997581
vn 0.023859337 -0.02820718 -0.9993173
vn -0.09497807 -0.0282071382 -0.995079637
vn -0.9997575 -0.00822574 -0.0204271488
vn -0.9993171 -0.0281827915 -0.0238972884
vn -0.995084 -0.0281827785 0.0949401557
vn -0.999757469 0.008222717 0.02042942
vn -0.9993171 0.0281806327 0.02389987
vn -0.9950843 0.0281806421 -0.09493765
vn -0.02045574 -0.008229334 0.9997569
vn -0.0239248127 -0.0281873289 0.999316335
vn 0.0949124 -0.0281874351 0.9950865
vn 0.020455746 0.008229342 0.9997569
vn 0.0239248127 0.0281873364 0.999316335
vn -0.0949124 0.02818744 0.9950865
vn 0 1 -4.939072E-06
vn 0 1 -4.939072E-06
vn 0 1 -4.939072E-06
vn 0 1 4.041247E-07
vn 0 1 4.041247E-07
vn 0 1 4.041247E-07
vn 0 1 0
vn 0 1 0
vn 0 1 0
vn 0 1 7.71747636E-07
vn 0 1 7.71747636E-07
vn 0 1 7.71747636E-07
vn 0.0506721959 -0.9984072 -0.0248066317
vn 0.0506721959 -0.9984072 -0.0248066317
vn 0.0506721959 -0.9984072 -0.0248066317
vn -0.05067167 -0.9984073 0.0248058327
vn -0.05067167 -0.9984073 0.0248058327
vn -0.05067167 -0.9984073 0.0248058327
vn 0.101609312 -0.993450642 0.0522629321
vn 0.101609312 -0.993450642 0.0522629321
vn 0.101609312 -0.993450642 0.0522629321
vn -0.10160999 -0.9934506 -0.05226206
vn -0.10160999 -0.9934506 -0.05226206
vn -0.10160999 -0.9934506 -0.05226206
vn -0.173151389 -0.8217683 0.542877138
vn 0.0218006466 -0.86546576 0.500493467
vn -0.155139551 -0.8295348 0.5364734
vn -0.5888302 -0.7415094 0.321625531
vn -0.734375358 -0.63718307 0.233860046
vn -0.641045451 -0.7102695 0.290822923
vn -0.8642344 -0.503006339 -0.00914652
vn -0.8257283 -0.536748469 -0.173418179
vn -0.864107966 -0.493762881 -0.09754854
vn -0.4247662 -0.883359849 -0.198113665
vn -0.364247262 -0.878921568 -0.307929933
vn -0.481195778 -0.86412555 -0.14743717
vn -0.50545615 -0.199314669 -0.8395164
vn -0.3625207 -0.2304018 -0.903046966
vn -0.3712277 -0.2105376 -0.904358268
vn 0.15514259 -0.8295323 -0.5364764
vn 0.173122182 -0.821790934 -0.542852163
vn -0.0218055528 -0.865459442 -0.500504255
vn 0.5888265 -0.741503358 -0.321645916
vn 0.734407 -0.6371547 -0.233838081
vn 0.641040444 -0.7102701 -0.290832371
vn 0.864231646 -0.503011 0.009146079
vn 0.8257255 -0.536753 0.173417538
vn 0.864106357 -0.493766576 0.09754394
vn 0.424810529 -0.883337557 0.198117957
vn 0.3642662 -0.8789125 0.307933271
vn 0.4812354 -0.8641071 0.147415757
vn 0.505441368 -0.199295133 0.839529932
vn 0.362529963 -0.230390534 0.9030461
vn 0.37120834 -0.210564792 0.904359937
vn -0.0395897031 0.05123009 -0.9979019
vn 0.240373462 0.0591001064 -0.9688797
vn -0.0402237363 0.0549731925 -0.9976773
vn 0.575349867 -0.0581740439 -0.815835953
vn 0.5752705 -0.0597150475 -0.8157806
vn 0.3245444 -0.0292656589 -0.945417643
vn 0.962699 -0.0436647944 0.2670282
vn 0.962829053 -0.0419352651 0.266836435
vn 0.9987305 -0.04839688 -0.0139726279
vn 0.8104396 0.0485506728 0.583807
vn 0.614484 0.0498785079 0.787350953
vn 0.810568035 0.0530422255 0.5832375
vn 0.30286023 -0.0446789078 0.951987147
vn 0.303505957 -0.0394349024 0.9520132
vn 0.557873845 -0.0412942953 0.828897834
vn 0.08049914 0.0219779555 0.996512353
vn -0.20235683 0.03537933 0.9786726
vn 0.0804547742 0.0216302238 0.996523559
vn -0.8849666 -0.0256431 0.464947939
vn -0.88464576 -0.0158687271 0.465993673
vn -0.7179538 -0.0448824354 0.6946423
vn -0.974913955 0.0118151056 0.222268268
vn -0.998107731 0.0103587806 -0.06061102
vn -0.9748229 0.0152136413 0.2224609
vn -0.963315248 -0.0227495078 -0.2674064
vn -0.9634212 -0.0207381416 -0.267188072
vn -0.999566 -0.02612438 0.0136116985
vn -0.8786853 0.04060032 -0.475672
vn -0.7096542 0.0474598631 -0.7029499
vn -0.8787287 0.0426738337 -0.4754102
vn -0.303873867 -0.05028378 -0.951384366
vn -0.304188937 -0.0486281663 -0.951369762
vn -0.5576471 -0.0646654144 -0.8275555
vn 0 1 -2.15733917E-06
vn 0 1 -2.15733917E-06
vn 0 1 -2.15733917E-06
vn 0 1 2.99017356E-05
vn 0 1 2.99017356E-05
vn 0 1 2.99017356E-05
vn 0 1 -1.2465719E-05
vn 0 1 -1.2465719E-05
vn 0 1 -1.2465719E-05
vn 0 1 0
vn 0 1 1.03644243E-06
vn 0 1 1.03644243E-06
vn 0 1 0
vn 0 1 0
vn 0 1 0
vn 0 1 0
vn 0 1 0
vn 0.227031887 0.0130054075 0.97380054
vn 0.248792961 0.034357097 0.9679471
vn -0.020355165 0.179907233 0.983472943
vn 0.197320089 -0.0932143256 0.9758975
vn 0.452259362 -0.202218622 0.8686594
vn 0.206783652 -0.08329157 0.974834859
vn 0.83668226 0.0573591 0.5446768
vn 0.840308845 0.0669146255 0.5379623
vn 0.6459728 0.165744022 0.745149732
vn 0.8342629 -0.08062354 0.5454405
vn 0.941813231 -0.182143643 0.282509476
vn 0.8396249 -0.0699253157 0.5386469
vn 0.965861142 0.07415372 -0.248220578
vn 0.9628284 0.08491313 -0.256420255
vn 0.982075 0.186555088 0.0269438345
vn 0.9193754 -0.199272782 -0.33917433
vn 0.7707892 -0.2611856 -0.5810905
vn 0.9195713 -0.2024751 -0.33673802
vn 0.5073892 0.197439969 -0.838793039
vn 0.510406435 0.19025366 -0.8386232
vn 0.7375207 0.21665068 -0.639629364
vn 0.038720414 -0.183184385 -0.9823157
vn -0.255808741 -0.1884396 -0.9481837
vn 0.0443448052 -0.200503185 -0.9786889
vn -0.263163149 -0.1059454 -0.9589165
vn -0.274386257 -0.130365908 -0.9527418
vn -0.8269431 0.158767357 -0.5394053
vn -0.8304979 0.1698155 -0.5305054
vn -0.6277901 0.271829844 -0.729375243
vn -0.8963819 -0.245835871 -0.368868947
vn -0.946694851 -0.3093932 -0.08969231
vn -0.895105541 -0.248243451 -0.370352834
vn -0.9497162 0.144198254 0.27793175
vn -0.9514636 0.136658251 0.275756538
vn -0.9866334 0.161063641 -0.0247585569
vn -0.7895686 -0.131087676 0.5994976
vn -0.574483752 -0.138826445 0.8066571
vn -0.790764 -0.146691516 0.5942845
vn -0.519864261 0.01960813 0.8540238
vn -0.515893459 -0.002613999 0.856648743
vn -0.748851359 -0.0671800449 0.6593242
vn -0.183860347 -0.6831242 0.7067791
vn -0.332832336 -0.6676875 0.665895
vn -0.2453203 -0.6706846 0.7000001
vn -0.403213829 -0.687801063 0.6036128
vn -0.552280843 -0.6772244 0.48616153
vn -0.378382325 -0.684406638 0.623229
vn -0.388125122 -0.694809 0.605474532
vn -0.505951 -0.7011595 0.5023833
vn -0.5308864 -0.697219551 0.481709957
vn -0.664617 -0.6955062 0.273048252
vn -0.6951173 -0.708340645 0.122741722
vn -0.6934348 -0.6963564 0.185029462
vn -0.686742 -0.714071631 0.135967538
vn -0.682022333 -0.731057942 -0.0199980829
vn -0.6816701 -0.7040623 0.199053138
vn -0.7100592 -0.6709474 -0.213648379
vn -0.6482609 -0.6767435 -0.3489644
vn -0.6993684 -0.659875751 -0.274677843
vn -0.5743593 -0.7226946 -0.384478778
vn -0.4294802 -0.7498832 -0.5032116
vn -0.5941342 -0.7201561 -0.358301371
vn -0.322026253 -0.6811353 -0.6575362
vn -0.180681214 -0.686449468 -0.7043731
vn -0.241879165 -0.6718292 -0.7001
vn -0.135956854 -0.7140611 -0.686755061
vn 0.0200038739 -0.7310467 -0.682034135
vn -0.199044555 -0.7040505 -0.6816848
vn 0.183909222 -0.6831158 -0.706774533
vn 0.3328812 -0.667679369 -0.6658787
vn 0.245368272 -0.670671642 -0.6999957
vn 0.403215379 -0.687798858 -0.6036143
vn 0.5522763 -0.677233458 -0.4861541
vn 0.378383875 -0.684404731 -0.6232301
vn 0.388169646 -0.694799066 -0.605457366
vn 0.5059574 -0.701151 -0.5023887
vn 0.530896 -0.697205544 -0.4817197
vn 0.664606154 -0.695518553 -0.273043156
vn 0.6951045 -0.708353 -0.12274316
vn 0.6934234 -0.6963668 -0.185033277
vn 0.6867624 -0.714053035 -0.135962412
vn 0.682048 -0.731034 0.0199959856
vn 0.681697965 -0.704036236 -0.199049786
vn 0.7100663 -0.670939267 0.213650227
vn 0.648264 -0.676735342 0.348974466
vn 0.6993743 -0.6598693 0.27467826
vn 0.5743132 -0.7227243 0.3844918
vn 0.4293895 -0.749904752 0.5032569
vn 0.5940857 -0.720189035 0.358315438
vn 0.321991861 -0.681135356 0.6575529
vn 0.180647776 -0.68647027 0.7043614
vn 0.24184607 -0.6718489 0.7000925
vn 0.135999992 -0.71404475 0.6867635
vn -0.019958986 -0.7310448 0.6820375
vn 0.19904165 -0.7040494 0.6816868
vn -0.001961535 0.6146249 -0.7888171
vn 0.181369469 0.662210345 -0.7270369
vn -0.00360729219 0.6157444 -0.7879377
vn 0.715546548 -0.31348595 -0.6242754
vn 0.7149447 -0.310925871 -0.626242161
vn 0.5588652 -0.343554378 -0.754745066
vn 0.8686851 0.174924761 -0.4634517
vn 0.9337132 0.230948344 -0.273573548
vn 0.8674458 0.177260324 -0.4648834
vn 0.9676225 -0.172930211 -0.183852836
vn 0.967680156 -0.17055279 -0.185760111
vn 0.8991216 -0.22636719 -0.374617577
vn 0.9398872 0.335670143 0.06275006
vn 0.8862651 0.3842194 0.258669019
vn 0.93888104 0.338960856 0.06006637
vn 0.740588248 -0.5406659 0.399010479
vn 0.742261648 -0.539203 0.397879183
vn 0.7798871 -0.5915869 0.204453364
vn 0.5627519 0.5320218 0.632663548
vn 0.3836217 0.585386038 0.7142531
vn 0.5634781 0.5334956 0.6307732
vn 0.224727511 -0.477882 0.8491916
vn 0.227061108 -0.476063967 0.8495919
vn 0.394375563 -0.5323491 0.7490477
vn -0.0319408551 0.495034844 0.8682859
vn -0.218538165 0.543820858 0.8102469
vn -0.0296801049 0.4969625 0.86726433
vn -0.7155722 -0.313463122 0.6242574
vn -0.7149695 -0.3109025 0.626225352
vn -0.5588909 -0.343568534 0.7547196
vn -0.8686856 0.174908966 0.46345678
vn -0.933715045 0.230933547 0.273579717
vn -0.8674463 0.177244157 0.464888662
vn -0.9676239 -0.1729238 0.183851764
vn -0.967681468 -0.170546591 0.185759112
vn -0.89912343 -0.2263616 0.374616474
vn -0.9564955 0.2901449 -0.0305340346
vn -0.9111446 0.34321627 -0.22807464
vn -0.9559468 0.292109579 -0.0289427787
vn -0.764921844 -0.504460454 -0.400517434
vn -0.76503396 -0.5043647 -0.400423884
vn -0.7967413 -0.566157758 -0.211349875
vn -0.62991035 0.565118134 -0.5327799
vn -0.4621053 0.6244155 -0.6297333
vn -0.6297972 0.5648562 -0.5331913
vn -0.210315764 -0.5751806 -0.790528
vn -0.20991765 -0.5754228 -0.7904576
vn -0.368469357 -0.634814858 -0.6791468
vn 0.0398530439 0.996441543 -0.07426999
vn 0.0398530439 0.996441543 -0.07426999
vn 0.0398530439 0.996441543 -0.07426999
vn 0.008276034 0.9914808 -0.129989848
vn 0.008276034 0.9914808 -0.129989848
vn 0.008276034 0.9914808 -0.129989848
vn -0.04707153 0.99699986 0.0614459924
vn -0.04707153 0.99699986 0.0614459924
vn -0.04707153 0.99699986 0.0614459924
vn -0.008276088 0.991482258 0.129978761
vn -0.008276088 0.991482258 0.129978761
vn -0.008276088 0.991482258 0.129978761
vn 0 1 8.139196E-06
vn 0 1 7.54327E-06
vn 0 1 7.54327E-06
vn 0 1 8.139196E-06
vn 0 1 8.139196E-06
vn 0 1 -1.04326637E-06
vn 0 1 0
vn 0 1 0
vn 0 1 0
vn 0 1 0
vn 0 1 -2.33338909E-07
vn 0 1 -2.33338909E-07
vn 0 1 -2.33338909E-07
vn 0 1 3.50008031E-06
vn 0 1 3.50008031E-06
vn 0 1 3.50008031E-06
vn 0.0204221066 -0.008239374 -0.999757469
vn 0.0238920785 -0.02819734 -0.9993168
vn -0.0949452445 -0.0281973686 -0.9950831
vn -0.0204222575 0.008239323 -0.999757469
vn -0.0238922276 0.0281972867 -0.9993168
vn 0.09494509 0.0281973183 -0.9950831
vn -0.138821542 -0.0497668 -0.9890661
vn -0.138821542 -0.0497668 -0.9890661
vn -0.138821542 -0.0497668 -0.9890661
vn -0.117468871 -0.0139711192 -0.9929783
vn -0.117468871 -0.0139711192 -0.9929783
vn -0.117468871 -0.0139711192 -0.9929783
vn -0.999757469 0.008224551 0.0204281714
vn -0.99931705 0.02818324 0.02389882
vn -0.9950841 0.02818324 -0.0949386
vn -0.999757469 -0.008225014 -0.02042986
vn -0.999317 -0.028183246 -0.023900412
vn -0.9950842 -0.0281832423 0.0949370638
vn -0.02038822 -0.008229651 0.9997583
vn -0.02386008 -0.028187478 0.9993179
vn 0.09497761 -0.0281873643 0.995080233
vn 0.0203883722 0.008229466 0.9997583
vn 0.0238602385 0.028187301 0.9993179
vn -0.09497747 0.0281871818 0.9950803
vn 0.999757469 -0.008222479 0.0204296988
vn 0.99931705 -0.0281811655 0.023900412
vn 0.9950843 -0.02818116 -0.0949370861
vn 0.999757469 0.008224995 -0.02043069
vn 0.999317 0.028183246 -0.0239011776
vn 0.995084345 0.0281832423 0.09493626
vn 0 1 -1.21235644E-06
vn 0 1 -1.21235644E-06
vn 0 1 -1.21235644E-06
vn 0 1 0
vn 0 1 0
vn 0 1 0
vn -0.03973145 -0.0612524375 0.997331262
vn 0.264225662 -0.0369663946 0.9637522
vn -0.0410046242 -0.0804334 0.9959162
vn 0.2833336 -0.0226803273 0.958753169
vn 0 1 0
vn 0 1 0
vn 0 1 0
vn 0 1 0
vn 0 1 0
vn 0 1 0
vn 0.117469087 -0.0140006263 0.992977858
vn 0.117469087 -0.0140006263 0.992977858
vn 0.117469087 -0.0140006263 0.992977858
vn 0.138836488 -0.0497657247 0.989064157
vn 0.117437817 0.0139808543 -0.9929818
vn 0.117437817 0.0139808543 -0.9929818
vn 0.117437817 0.0139808543 -0.9929818
vn 0.138867676 0.04978511 -0.9890588
vn -0.992978 0.0139831342 -0.117470115
vn -0.992978 0.0139831342 -0.117470115
vn -0.992978 0.0139831342 -0.117470115
vn -0.9890654 0.0497729629 -0.138824716
vn -0.138867825 -0.0497851446 -0.989058733
vn -0.138867825 -0.0497851446 -0.989058733
vn -0.138867825 -0.0497851446 -0.989058733
vn -0.117436856 -0.0139807956 -0.9929819
vn -0.138837412 0.0497861542 0.989062965
vn -0.138837412 0.0497861542 0.989062965
vn -0.138837412 0.0497861542 0.989062965
vn -0.1174691 0.0140009671 0.992977858
vn -0.99297756 -0.013985469 0.117473081
vn -0.99297756 -0.013985469 0.117473081
vn -0.99297756 -0.013985469 0.117473081
vn -0.989066 -0.0497719236 0.1388211
vn 0.989065766 0.04977309 0.1388223
vn 0.989065766 0.04977309 0.1388223
vn 0.989065766 0.04977309 0.1388223
vn 0.99297744 0.0139855454 0.117474452
vn 0 1 -3.23293762E-06
vn 0 1 4.34750973E-06
vn 0 1 3.70421844E-06
vn 0 1 4.34750973E-06
vn 0 1 4.34750973E-06
vn 0 1 -2.71720751E-06
vn 0 1 2.02059732E-06
vn 0 1 -2.46951731E-06
vn 0.882231 0.007699054 -0.470753819
vn 0.8823696 0.006785121 -0.4705081
vn 0.7188908 -0.0641443357 -0.692157149
vn 0.9814053 0.05715303 -0.183240771
vn -0.576624155 -0.02773091 0.8165388
vn -0.5770998 -0.03590792 0.8158838
vn -0.324523836 -0.03153959 0.945351541
vn -0.7676749 -0.0005721246 0.6408393
vn 0 1 0
vn 0 1 0
vn 0 1 0
vn 0 1 0
vn 0 1 0
vn 0 1 0
vn 0 1 0
vn 0 1 0
vn 0 1 3.452377E-06
vn 0 1 -2.74879949E-06
vn 0 1 -2.74879949E-06
vn 0 1 -2.74879949E-06
vn 0 1 -1.87299941E-06
vn 0 1 8.139097E-06
vn 0 1 8.139097E-06
vn 0 1 8.139097E-06
vn 0 1 0
vn 0 1 0
vn 0 1 0
vn 0 1 0
vn 0 1 0
vn 0 1 2.199037E-06
vn 0 1 2.199037E-06
vn 0 1 2.199037E-06
vn 0 1 -1.87300645E-06
vn 0.992978036 -0.0139826564 -0.117469728
vn 0.992978036 -0.0139826564 -0.117469728
vn 0.992978036 -0.0139826564 -0.117469728
vn 0.9890661 -0.0497708879 -0.13882038
vn -0.992978036 0.0139826564 -0.117469728
vn -0.992978036 0.0139826564 -0.117469728
vn -0.992978036 0.0139826564 -0.117469728
vn -0.9890661 0.04977021 -0.138820872
vn -0.117468648 0.0139810676 0.992978156
vn -0.117468648 0.0139810676 0.992978156
vn -0.117468648 0.0139810676 0.992978156
vn -0.138805985 0.0497670025 0.9890683
vn -0.989066541 -0.0497694351 0.138818
vn -0.989066541 -0.0497694351 0.138818
vn -0.989066541 -0.0497694351 0.138818
vn -0.9929777 -0.013985049 0.1174722
vn 0.989066362 0.0497713946 0.138818458
vn 0.989066362 0.0497713946 0.138818458
vn 0.989066362 0.0497713946 0.138818458
vn 0.9929778 0.0139830681 0.117471471
vn 0.117468648 -0.0139808143 0.992978156
vn 0.117468648 -0.0139808143 0.992978156
vn 0.117468648 -0.0139808143 0.992978156
vn 0.138806149 -0.0497668758 0.9890683
vn 0.138821557 0.04976656 -0.9890662
vn 0.138821557 0.04976656 -0.9890662
vn 0.138821557 0.04976656 -0.9890662
vn 0.117468961 0.01397105 -0.9929783
vn 0 1 0
vn 0 1 0
vn 0 1 0
vn 0 1 0
vn 0 1 -4.34754247E-06
vn 0 1 0
vn 0 1 0
vn 0 1 -4.34754247E-06
vn 0 1 4.347546E-06
vn 0 1 0
vn 0 1 0
vn -0.0594976544 -0.9982255 0.002429128
vn -0.0594976544 -0.9982255 0.002429128
vn -0.0249238 -0.999689341 -1.27697476E-05
vn 0 -1 0
vn -4.186229E-07 -1 0
vn 1.06464154E-06 -1 0
vn 4.56173268E-07 -1 4.56366934E-06
vn 4.56173268E-07 -1 4.56366934E-06
vn 2.09939657E-07 -1 0
vn 1.815586E-07 -1 -9.45212946E-07
vn -6.45912E-07 -1 0
vn 0 -1 -1.72024187E-07
vn 0 -1 0
vn 1.25650945E-06 -1 -1.3696698E-06
vn 6.780799E-07 -1 3.742068E-07
vn -9.038094E-07 -1 0
vn -7.28893667E-07 -1 0
vn 5.211141E-07 -1 -2.752238E-07
vn -6.176509E-07 -1 0
vn -1.21795551E-06 -1 6.4325684E-07
vn -4.897591E-07 -1 0
vn 0 -1 -1.23988812E-07
vn 0 -1 -1.23988812E-07
vn 0 -1 -1.23988812E-07
vn 8.974779E-07 -1 0
vn 0 -1 -4.06251843E-07
vn -8.088085E-07 -1 -5.610626E-07
vn 8.657065E-07 -1 -3.00266123E-07
vn -2.05772562E-06 -1 -2.88284969E-06
vn 0 -1 1.238026E-06
vn -3.77531956E-06 -1 0
vn -3.77531956E-06 -1 0
vn 4.36658956E-06 -1 0
vn 4.36658956E-06 -1 0
vn 2.360013E-06 -1 3.127326E-06
vn 2.360013E-06 -1 3.127326E-06
vn 6.617905E-07 -1 0
vn -2.70479586E-06 -1 0
vn -2.70479586E-06 -1 0
vn 0 -1 0
vn -2.539182E-06 -1 0
vn -2.539182E-06 -1 0
vn -5.53965037E-07 -1 0
vn 0 -1 1.74747E-06
vn 0 -1 1.74747E-06
vn 0 -1 0
vn 3.3516742E-06 -1 2.57908277E-06
vn 3.3516742E-06 -1 2.57908277E-06
vn 0 -1 0
vn 0 -1 0
vn 0 -1 0
vn 3.40510519E-06 -1 0
vn 3.40510519E-06 -1 0
vn -3.67217649E-06 -1 0
vn -3.67217649E-06 -1 0
vn -3.67217649E-06 -1 0
vn -2.87470539E-06 -1 1.34229185E-06
vn -2.87470539E-06 -1 1.34229185E-06
vn -2.87470539E-06 -1 1.34229185E-06
vn 0 -1 0
vn 0 -1 0
vn 0 -1 0
vn 0 -1 0
vn 0 -1 0
vn 0 1 0
vn 0 1 0
vn 0 1 0
vn 0 1 -1.38131782E-07
vn 0 1 -3.7564223E-07
vn 0 1 0
vn 0 1 5.496157E-07
vn 0 1 5.496157E-07
vn 0 1 0
vn 0 1 0
vn 0 1 0
vn 0 1 1.046551E-07
vn 0 1 0
vn 0 1 0
vn 0 1 1.58923825E-07
vn 0 1 1.58923825E-07
vn 0 1 1.58923825E-07
vn 0 1 0
vn 0 1 0
vn 0 1 -9.920337E-07
vn 0 1 1.27970929E-06
vn 0 1 3.25945564E-07
vn 0 1 0
vn 0 1 2.31456411E-07
vn 0 1 0
vn -0.0356845856 0.999362767 0.0008208863
vn -0.0356845856 0.999362767 0.0008208863
vn -0.0233985148 0.999726236 -1.88363174E-05
vn 0 1 0
vn 0 1 0
vn 0 1 0
vn 0 1 0
vn 0 1 0
vn 0 1 0
vn 0 1 0
vn 0 1 0
vn 0 1 1.76005273E-07
vn 0 1 -1.79779079E-06
vn 0 1 0
vn 0 1 0
vn 0 1 -1.24787277E-07
vn 0 1 0
vn 0 1 0
vn 0 1 0
vn 0 1 8.63936862E-07
vn 0 1 -2.32853111E-07
vn 0 1 -1.08051984E-06
vn 0 1 0
vn 0 1 0
vn 0 1 0
vn 0 1 0
vn 0 1 0
vn 0 1 5.386995E-07
vn 0 1 0
vn 0 1 4.783696E-07
vn 0 1 -3.27912176E-07
vn 0 1 0
vn 0 1 0
vn 0 1 0
vn 0 1 0
vn 0 1 0
vn 0 1 -3.352824E-07
vn 0 1 3.254573E-07
vn 0 1 3.254573E-07
vn 0 1 0
vn 0 1 -5.839089E-07
vn 0 1 2.21413714E-07
vn 0 1 2.21413714E-07
vn 0 1 4.47931228E-07
vn 0 1 0
vn 0 1 0
vn 0 1 -2.05264882E-07
vn 0 1 -2.05264882E-07
vn 0 1 -2.05264882E-07
vn 0 1 -4.38478423E-07
vn 0 1 -4.38478423E-07
vn 0 1 0
vn 0 1 0
vn 0 1 0
vn 0 1 0
vn 0 1 1.005972E-06
vn 0 1 1.005972E-06
vn 0 1 1.005972E-06
vn 0 1 0
vn 0 1 0
vn 0 1 0
vn 0 1 0
vn 0 1 -5.82478265E-07
vn 0 1 1.060318E-06
vn 0 1 4.14043569E-07
vn 0 1 0
vn 0 1 5.63965557E-07
vn 0 1 -1.25976658E-06
vn 0 1 0
vn 0 1 4.41626725E-07
vn 0 1 4.41626725E-07
vn 0 1 0
vn 0 1 1.31937657E-06
vn 0 1 1.31937657E-06
vn 0 1 1.31937657E-06
vn 0 1 0
vn 0 1 0
vn 0 1 0
vn 0 1 2.61942614E-06
vn 0 1 2.61942614E-06
vn 0 1 2.61942614E-06
vn 0 1 5.062061E-07
vn 0 1 5.062061E-07
vn 0 1 5.062061E-07
vn 0 1 -5.7367015E-07
vn 0 1 -5.7367015E-07
vn 0 1 -5.7367015E-07
vn 0 1 0
vn 0 1 0
vn 0 1 0
vn 0.934719265 -0.0136819212 -0.3551236
vn 0.883584142 -0.0136820227 -0.468072623
vn 0.9346532 -0.0166385584 -0.3551711
vn 0.7401913 -0.03868692 -0.6712825
vn 0.6513628 -0.03868691 -0.757779539
vn 0.7394264 -0.0480592363 -0.6715199
vn 0.6348167 0.04806062 -0.771166563
vn 0.634542465 0.0386883169 -0.771919131
vn 0.725251555 0.03868831 -0.687396169
vn 0.5710465 -0.0311864819 -0.820325136
vn 0.465091437 -0.0311864987 -0.8847132
vn 0.5704997 -0.0389757454 -0.820372462
vn 0.460854679 -0.00352929858 -0.887468636
vn 0.4601832 -0.0128879147 -0.8877305
vn 0.5665082 -0.0128879184 -0.823955357
vn 0.947252631 0.0134203751 -0.320206821
vn 0.9773483 0.0134202885 -0.2112113
vn 0.9472362 0.0169272721 -0.32008937
vn 0.962603033 -0.0379960276 0.268238217
vn 0.959381044 -0.06492696 0.274540544
vn 0.984281 -0.06492703 0.164242044
vn 0.9720653 0.0649255738 0.225552052
vn 0.9403077 0.06492551 0.334075
vn 0.9718238 0.03799503 0.232625961
vn 0.8383817 0.03003373 0.5442556
vn 0.771546662 0.03003373 0.6354634
vn 0.837883532 0.03772958 0.5445436
vn 0.761954963 -0.0242777113 0.647174835
vn 0.7616808 -0.0158567615 0.6477585
vn 0.829946935 -0.0158567559 0.557616949
vn 0.727197945 0.0134834852 0.68629545
vn 0.6396258 0.0134833893 0.7685682
vn 0.727112 0.0165611356 0.6863191
vn 0.197851539 -0.0256206132 0.979897141
vn 0.196990952 -0.0150792124 0.98028934
vn 0.3131578 -0.0150793018 0.949581444
vn 0.727197945 0.0134832459 0.68629545
vn 0.6396258 0.0134832431 0.7685682
vn 0.727112 0.0165609233 0.6863191
vn 0.197854668 -0.0256200731 0.979896545
vn 0.196994171 -0.0150787793 0.980288744
vn 0.3131608 -0.0150787737 0.9495804
vn 0.7616792 -0.01585617 0.6477604
vn 0.8299456 -0.0158561617 0.5576189
vn 0.7619534 -0.0242771171 0.6471767
vn 0.837884068 0.037729606 0.5445428
vn 0.838382244 0.030033756 0.5442548
vn 0.771547258 0.03003375 0.6354627
vn 0.8820285 -0.032184165 0.4700956
vn 0.929482043 -0.03218416 0.367460638
vn 0.882074952 -0.04136342 0.46928975
vn 0.9360874 0.04136444 0.349326938
vn 0.93666 0.0321852341 0.348758
vn 0.891273 0.03218523 0.452323437
vn 0.9999169 0 0.0128895557
vn 0.999621451 0.0274530333 0.001828611
vn 0.99301964 0.0274530333 0.114709936
vn 0.9920695 0 0.125691116
vn 0.9881009 0 0.1538071
vn 0.9859746 -0.0274530277 0.164621934
vn 0.96098876 -0.0325718932 0.274662852
vn 0.961074948 -0.0274530277 0.274920583
vn 0.9472359 0.016926473 -0.320090055
vn 0.947252333 0.0134195266 -0.320207566
vn 0.977348149 0.0134195276 -0.211212024
vn 0.9347183 -0.0136835743 -0.355125934
vn 0.8835829 -0.0136835761 -0.468074769
vn 0.934652269 -0.0166400429 -0.355173469
vn 0.7401936 -0.0386875458 -0.671279967
vn 0.6513653 -0.03868755 -0.7577774
vn 0.7394287 -0.0480598621 -0.6715173
vn 0.6348147 0.0480607525 -0.7711683
vn 0.6345404 0.0386884362 -0.7719208
vn 0.7252497 0.0386884436 -0.687398
vn 0.5710477 -0.03118651 -0.820324242
vn 0.465092838 -0.0311865229 -0.884712458
vn 0.5705011 -0.0389757752 -0.8203715
vn 0.460852236 -0.00352357025 -0.887469947
vn 0.46018067 -0.0128822355 -0.88773185
vn 0.5665059 -0.0128822373 -0.823957
vn 0.9966002 -0.0395435281 -0.07227963
vn 0.995281 -0.0669050962 -0.0702815652
vn 0.8261339 -0.0669051856 -0.5594877
vn 0.996078432 0.07232256 -0.05096337
vn 0.88747865 0.07232249 0.4551385
vn 0.9948635 0.08757807 -0.0507614128
vn 0.795409143 -0.05761437 0.603328168
vn 0.795740545 -0.0328842625 0.6047443
vn 0.9915381 -0.03288426 0.1255821
vn 0.5427686 0.038705986 0.8389899
vn 0.050171122 0.038706053 0.99799037
vn 0.537703931 0.0877032056 0.838559866
vn -0.0463930741 -0.08769976 0.995066047
vn -0.05056424 -0.0387024768 0.997970641
vn 0.4555387 -0.03870255 0.8893743
vn -0.386758178 0.0328851938 0.9215947
vn -0.7959054 0.0328851752 0.6045273
vn -0.3871793 0.0576150343 0.920202553
vn -0.827080667 -0.0290414374 0.561332464
vn -0.8283157 0 0.5602617
vn -0.4372259 0 0.8993517
vn -0.899359941 0 0.437208951
vn -0.9974742 0 -0.07103006
vn -0.8996698 0.0290415511 0.435603976
vn -0.9905084 -0.0576129854 -0.124795437
vn -0.991503358 -0.0328831077 -0.12585631
vn -0.921489239 -0.03288311 0.387009472
vn -0.8895507 0.0387026 -0.4551941
vn -0.542452455 0.0387026556 -0.839194536
vn -0.884949565 0.0876997 -0.457354426
vn -0.4573646 -0.0877023861 -0.884944
vn -0.455204636 -0.0387051068 -0.8895452
vn -0.839200854 -0.03870514 -0.542442441
vn -0.125854224 0.03288168 -0.991503656
vn 0.387011319 0.0328816846 -0.921488464
vn -0.124793321 0.0576127842 -0.9905087
vn 0.5413917 -0.08757659 -0.836197
vn 0.542174041 -0.0723199546 -0.837148249
vn 0.04957665 -0.07232011 -0.9961486
vn 0.5585051 0.06690712 -0.8267983
vn 0.8975968 0.06690724 -0.435710341
vn 0.560894668 0.03954571 -0.826942146
vn 0.00662754942 0.0001870354 -0.999978065
vn 0.00662754942 0.0001870354 -0.999978065
vn 0.00662754942 0.0001870354 -0.999978065
vn 0.05294596 0.0579956137 0.9969118
vn 0.05294596 0.0579956137 0.9969118
vn 0.05294596 0.0579956137 0.9969118
vn 0.6361222 0.7715883 2.87188468E-05
vn 0.6360941 0.7716039 0.00344170141
vn 0.8829611 0.469433635 0.00344171422
vn 0.7795415 0.6263434 -0.00301158754
vn 0.480499059 0.8769901 -0.00301157846
vn 0.779521346 0.626375258 0.000723129953
vn -0.8491542 -0.528144538 -0.000757845
vn -0.6443711 -0.764713 -4.251162E-05
vn -0.8491545 -0.528143346 -0.00117888884
vn -0.0004843234 0.000222361559 0.9999999
vn -0.0004843234 0.000222361559 0.9999999
vn -0.0004843234 0.000222361559 0.9999999
vn -0.00217673415 -0.00189792877 0.9999958
vn -0.00217673415 -0.00189792877 0.9999958
vn -0.00217673415 -0.00189792877 0.9999958
vn -0.759146154 -2.03111313E-06 -0.6509203
vn -0.70138675 -2.45838862E-07 -0.712780952
vn -0.759146154 -2.72970647E-06 -0.6509203
vn -0.6944385 -0.0258758664 -0.7190867
vn -0.745747566 -0.0525401942 -0.6641537
vn -0.6862342 0.0461196937 -0.725917161
vn -0.62860173 0.0742243156 -0.774177432
vn -0.6853984 0.0447014831 -0.726794958
vn -0.587974846 -0.0446971655 -0.807643354
vn -0.5869581 -0.0461153835 -0.808302939
vn -0.6450164 -0.07421996 -0.7605559
vn -0.484789342 -0.0205245912 -0.874390066
vn -0.485005051 -0.0197470374 -0.8742884
vn -0.5690847 0.0444793254 -0.821075
vn -0.5050279 0.06897063 -0.86034286
vn -0.569216847 0.04468537 -0.820972264
vn -0.429654628 0.0253549013 -0.9026373
vn -0.353611916 0.0346996151 -0.9347484
vn -0.430031121 0.0268210154 -0.9024156
vn -0.3409772 -0.0268205386 -0.9396889
vn -0.341399282 -0.0253544487 -0.9395763
vn -0.4176439 -0.03469977 -0.907948
vn -0.274780452 0.0236311313 -0.961216569
vn -0.19443734 0.03358917 -0.9803397
vn -0.275100261 0.0247609019 -0.961096644
vn -0.183962658 -0.0128061716 -0.982849836
vn -0.183945268 -0.0111932671 -0.9828728
vn -0.266319662 -0.008660933 -0.963845849
vn -0.2355096 0.0190585945 0.9716851
vn -0.3409408 0.020005988 0.939871848
vn -0.235282019 0.0216136985 0.9716868
vn -0.3572636 -0.0241698641 0.933690846
vn -0.356846541 -0.0219458453 0.9339052
vn -0.252950341 -0.0292773582 0.9670362
vn -0.7083584 0.0231714547 0.7054725
vn -0.780804157 0.0296738986 0.624070764
vn -0.7079237 0.0258528367 0.7058156
vn -0.792645752 -0.0258539654 0.6091341
vn -0.7923627 -0.02317261 0.6096101
vn -0.721176565 -0.0296755712 0.6921154
vn -0.845989168 0.02316611 0.532696664
vn -0.898790658 0.0296693537 0.437373
vn -0.8456403 0.02584732 0.53312695
vn -0.9070611 -0.0258490443 0.420204729
vn -0.9068894 -0.0231678858 0.420731455
vn -0.855558634 -0.0296712182 0.516855
vn -0.9423205 0.0231711473 0.333908826
vn -0.972899437 0.0296744313 0.229316622
vn -0.9420747 0.0258523766 0.334405243
vn -0.9771973 -0.02585077 0.210753828
vn -0.977145433 -0.023169525 0.2113053
vn -0.948178 -0.0296525266 0.316353023
vn -0.992214262 0.0218258463 0.122615665
vn -0.999497831 0.028489057 0.0138735259
vn -0.992089 0.0244208071 0.123138711
vn -0.999953032 -0.009415271 0.00230114185
vn -0.9999783 -0.00620632153 0.00221279287
vn -0.9936609 -0.00055583287 0.112417556
vn 0.287138879 0.0118965209 -0.9578151
vn 0.4340931 -0.00191123493 -0.900866
vn 0.287384063 0.0186267868 -0.9576343
vn 0.457553267 -0.0302788168 -0.88866657
vn 0.457490474 -0.0239401143 -0.888892233
vn 0.312322646 -0.0152256517 -0.9498541
vn 0.4777767 0.0390762538 0.8776118
vn 0.4060576 0.0591470338 0.9119314
vn 0.476690024 0.03657288 0.8783104
vn 0.03506159 0.0177256912 0.999228
vn 0.03506159 0.0177256912 0.999228
vn 0.03506159 0.0177256912 0.999228
vn 0.035768982 0.0195394568 0.999169052
vn 0.035768982 0.0195394568 0.999169052
vn 0.035768982 0.0195394568 0.999169052
vn 0.7305942 0.01833005 -0.682565868
vn 0.9324638 0.00149627018 -0.3612602
vn 0.7300822 0.0303661656 -0.6826843
vn 0.92551136 0.018837519 -0.3782511
vn 0.7168577 0.07640261 -0.6930207
vn 0.9949641 0.0249108411 0.09708717
vn 0.9942392 0.00485778647 0.107073575
vn 0.9613091 -0.103106685 -0.255448461
vn 0.9994241 0.03145271 0.0127376774
vn 0.921343863 0.114877768 0.371387422
vn 0.9996233 0.02104412 0.0176169816
vn 0.328411281 -0.0123029882 0.9444547
vn 0.3285684 -0.00891230348 0.9444381
vn 0.6583752 -0.009338605 0.752631962
vn 0.377497077 0.0129802767 -0.925919831
vn 0.695775747 -0.00298772566 -0.7182529
vn 0.3771586 0.0237955973 -0.925843
vn 0.7397923 -0.0308606829 -0.6721272
vn 0.739662349 -0.0203800686 -0.6726696
vn 0.435482681 -0.007824754 -0.9001631
vn 0.8989583 0.02340752 -0.437408417
vn 0.997423232 0.00384975923 -0.07163867
vn 0.898358047 0.03705666 -0.437698126
vn 0.9993104 -0.0370582677 0.00234839343
vn 0.9997243 -0.0234091412 0.00182600331
vn 0.9289095 -0.00385142164 -0.370286971
vn 0.4140404 0.06401274 0.90800494
vn 0.402237117 0.0400091074 0.914660931
vn 0.697810054 -0.08482887 0.711242
vn 0.03577207 -0.0195434242 -0.9991689
vn 0.03577207 -0.0195434242 -0.9991689
vn 0.03577207 -0.0195434242 -0.9991689
vn 0.03505872 -0.0177220739 -0.9992281
vn 0.03505872 -0.0177220739 -0.9992281
vn 0.03505872 -0.0177220739 -0.9992281
vn 0.620026648 -3.28864019E-07 0.784580767
vn 0.832145154 3.218357E-07 0.554558
vn 0.6210265 -0.02143053 0.783496559
vn 0.8477389 0.0469619147 0.5283307
vn 0.8488361 0.0287559014 0.5278734
vn 0.64404726 0.0287552942 0.764445066
vn 0.930621 0.007425577 -0.365909
vn 0.924266338 0.06571894 -0.376048833
vn 0.9952863 0.06571839 -0.071318
vn 0.9550428 -0.098681 -0.279562831
vn 0.8210211 -0.09868094 -0.5623047
vn 0.956505239 -0.06917194 -0.2833955
vn 0.6205347 0.0412404463 -0.7830938
vn 0.6185752 0.06237597 -0.7832458
vn 0.830694258 0.0623766035 -0.5532235
vn 0.6282257 -0.0542079136 -0.7761405
vn 0.357175738 -0.054207895 -0.9324629
vn 0.6281991 -0.0550928749 -0.7760996
vn 0.2705902 0.0261818655 -0.962338567
vn 0.270431846 0.0174267981 -0.9625814
vn 0.5547141 0.0174261145 -0.8318586
vn 0.620026767 -3.28863848E-07 0.7845807
vn 0.8321452 3.21836325E-07 0.5545578
vn 0.6210265 -0.0214304477 0.783496559
vn 0.8477433 0.04696006 0.5283239
vn 0.8488403 0.0287541673 0.5278668
vn 0.6440531 0.0287536345 0.7644402
vn 0.925991 -0.0287532024 0.376449227
vn 0.9970104 -0.0287537631 0.07171815
vn 0.9257161 -0.0469598062 0.375292629
vn 0.9968302 0.07425466 -0.0285621881
vn 0.9975911 0.06307686 -0.028868651
vn 0.9575006 0.06307684 0.2814497
vn 0.9972483 -0.0623773672 -0.0400612541
vn 0.9358357 -0.0623767152 -0.346872717
vn 0.998277068 -0.0412437022 -0.041735366
vn 0.7914923 0.06917557 -0.607251763
vn 0.787532747 0.09868212 -0.608320653
vn 0.9374989 0.0986821949 -0.333702981
vn 0.847499669 -0.06572271 -0.5267114
vn 0.6427115 -0.0657233447 -0.7632839
vn 0.8430319 -0.007430192 -0.537812352
vn 0.03506507 0.01772218 0.9992279
vn 0.03506507 0.01772218 0.9992279
vn 0.03506507 0.01772218 0.9992279
vn 0.0357663073 0.0195392 0.9991692
vn 0.0357663073 0.0195392 0.9991692
vn 0.0357663073 0.0195392 0.9991692
vn 0.755144 0.00773459347 -0.655513346
vn 0.9453427 -0.00852797 -0.325966865
vn 0.7549705 0.01762522 -0.65552187
vn 0.961670637 -0.02857832 -0.27271378
vn 0.9617584 -0.0193019621 -0.273218334
vn 0.790364265 -0.009412306 -0.6125649
vn 0.9997243 0.0234075133 -0.00182393193
vn 0.9289087 0.0038484002 0.370288879
vn 0.999310434 0.03705684 -0.002346434
vn 0.8983558 -0.03705749 0.437702745
vn 0.89895606 -0.0234083477 0.437412947
vn 0.9974228 -0.00385124935 0.071643874
vn 0.7396631 0.0203808062 0.672668636
vn 0.4354841 0.007825309 0.9001624
vn 0.739793 0.0308618713 0.6721264
vn 0.377157271 -0.023801947 0.9258433
vn 0.377496034 -0.0129863238 0.9259202
vn 0.695775151 0.00298241549 0.7182535
vn 0.2649928 -0.0180195123 0.964082062
vn 0.425962955 -0.0145344464 0.904623866
vn 0.264515758 -0.023797797 0.964087665
vn 0.457967639 0.0301548578 0.8884573
vn 0.457877 0.0240609813 0.888689935
vn 0.298865139 0.0164744742 0.9541532
vn 0.377498627 0.0129783079 -0.9259192
vn 0.6957769 -0.00298915058 -0.718251765
vn 0.3771605 0.0237935726 -0.9258422
vn 0.739801943 -0.03086034 -0.6721166
vn 0.7396723 -0.0203797687 -0.6726586
vn 0.435496181 -0.007825413 -0.9001566
vn 0.898957253 0.0234075915 -0.437410563
vn 0.997423053 0.00385084 -0.07164115
vn 0.898356855 0.037056528 -0.43770054
vn 0.9993104 -0.0370572619 0.00234805048
vn 0.9997243 -0.0234081987 0.001825601
vn 0.928909242 -0.00385049754 -0.3702874
vn 0.9548122 0.02185053 0.296405345
vn 0.775859952 0.005729787 0.630879164
vn 0.95464313 0.03390028 0.295816362
vn 0.7290657 -0.0308806524 0.6837467
vn 0.729590535 -0.0187354516 0.683627546
vn 0.9319172 -0.0017661266 0.362666816
vn 0.03577186 -0.019547129 -0.9991688
vn 0.03577186 -0.019547129 -0.9991688
vn 0.03577186 -0.019547129 -0.9991688
vn 0.0350527763 -0.0177221633 -0.999228358
vn 0.0350527763 -0.0177221633 -0.999228358
vn 0.0350527763 -0.0177221633 -0.999228358
vn 2.44515445E-06 1 -5.47373E-07
vn 2.44515445E-06 1 -5.47373E-07
vn 2.44515445E-06 1 -5.47373E-07
vn 0 1 1.75391369E-06
vn 0 1 1.75391369E-06
vn 0 1 -5.5252724E-07
vn -4.0281484E-06 1 3.533016E-06
vn -4.0281484E-06 1 3.533016E-06
vn 2.623458E-06 1 0
vn 2.623458E-06 1 0
vn 0 1 0
vn 0 1 0
vn 2.68063286E-06 1 3.756419E-07
vn 0 1 0
vn 0 1 0
vn -2.63549077E-06 1 1.28339889E-06
vn 3.20020149E-07 1 0
vn 0 1 0
vn 0 1 0
vn 0 1 -5.48516255E-07
vn 0 1 -5.48516255E-07
vn 0 1 -2.73487854E-06
vn 0 1 1.74495608E-06
vn 0 1 1.74495608E-06
vn 0 1 8.28083841E-07
vn 0 1 0
vn 0 1 -2.2558595E-06
vn -1.20796112E-05 1 4.39692849E-06
vn 1.03061177E-06 1 0
vn 6.593316E-07 1 0
vn -1.20796112E-05 1 4.39692849E-06
vn -7.585596E-07 1 0
vn -1.22583083E-06 1 -6.50275E-07
vn 0 1 3.02614723E-07
vn 7.460744E-07 1 1.38298719E-06
vn 0 1 -1.01995113E-06
vn 7.460744E-07 1 1.38298719E-06
vn -4.29333824E-07 1 7.386058E-07
vn -1.78437489E-07 1 1.12098155E-06
vn -1.29681979E-07 1 3.40033438E-07
vn 5.449672E-07 1 -1.50005371E-06
vn 1.02283991E-06 1 -5.456789E-07
vn 0 1 -1.28034E-06
vn 0.04203852 0.999116 3.40064944E-05
vn 0.0320508331 0.99948597 0.0007248083
vn 5.09459767E-07 1 -5.48051048E-07
vn 0 1 0
vn 0 1 2.09254026E-07
vn 0 1 0
vn 0 1 0
vn 0 1 0
vn 0 1 0
vn -9.257617E-07 1 0
vn 0 1 0
vn 6.839049E-07 1 2.43799917E-07
vn 0 1 0
vn 0 1 -2.90669323E-06
vn 0 1 0
vn 0 1 0
vn 0 1 0
vn -8.914323E-07 1 -3.27912119E-07
vn 2.37568952E-06 1 -3.46345047E-07
vn 2.37568952E-06 1 -3.46345047E-07
vn 0 1 -1.34112963E-06
vn 2.792022E-07 1 -9.51251366E-07
vn 2.792022E-07 1 -9.51251366E-07
vn 6.48786056E-07 1 0
vn 0 1 0
vn 0 1 0
vn 0 1 0
vn 0 1 0
vn 0 1 4.42827428E-07
vn 0 1 4.42827428E-07
vn 0 1 0
vn 0 1 2.02920228E-06
vn 0 1 0
vn -4.53308439E-06 1 2.02482443E-06
vn -4.53308439E-06 1 2.02482443E-06
vn -4.53308439E-06 1 2.02482443E-06
vn 0.764804542 0.107502058 -0.6352302
vn 0.992353261 0.107501887 -0.0606496371
vn 0.7707535 0.0627503544 -0.6340359
vn 0.857785165 -0.0365655534 0.512706161
vn 0.8555183 -0.0656238347 0.513597131
vn 0.9938891 -0.06562488 -0.08875743
vn 0.8425096 0.0743674859 0.533523262
vn 0.366369873 0.0743675 0.9274926
vn 0.8414161 0.09005839 0.532830656
vn 0.15714331 -0.0596500039 0.9857727
vn 0.156590864 -0.03374528 0.9870869
vn 0.7071143 -0.03374527 0.7062936
vn -0.156590238 0.03374518 0.987087
vn -0.7071138 0.0337451734 0.70629406
vn -0.157142639 0.0596499443 0.985772848
vn -0.8414165 -0.09005859 0.53283
vn -0.842510045 -0.07436765 0.5335226
vn -0.366370469 -0.0743677244 0.9274924
vn -0.8555182 0.0656237751 0.5135973
vn -0.9938891 0.06562476 -0.08875715
vn -0.857785046 0.0365654379 0.5127064
vn -0.770753443 -0.06275043 -0.634035945
vn -0.7648045 -0.107502148 -0.6352302
vn -0.992353261 -0.107501976 -0.0606497265
vn -0.8890856 0.06808731 -0.452648848
vn -0.451915056 0.06808712 -0.8894588
vn -0.8857064 -0.0115213525 -0.4641028
vn -0.223993525 -0.0557972863 -0.972992063
vn 0.391592056 -0.0557972863 -0.9184456
vn -0.216783285 0.009030341 -0.976178
vn 0.216783091 -0.009030239 -0.97617805
vn 0.2239934 0.05579737 -0.9729921
vn -0.3915922 0.055797372 -0.9184455
vn 0.8857068 0.0115216235 -0.464102119
vn 0.889085948 -0.06808704 -0.4526482
vn 0.4519157 -0.06808693 -0.8894585
vn 0.9972133 0.0397810824 -0.06311184
vn 0.8435779 0.03978169 0.5355312
vn 0.993982255 0.09208217 -0.0593306981
vn 0.769279 -0.0920817554 0.6322426
vn 0.7696702 -0.0397804566 0.63720113
vn 0.9972466 -0.03978099 0.06258283
vn 0.453505546 0.0337446928 0.8906144
vn -0.156924069 0.03374468 0.987034
vn 0.452286243 0.0596489944 0.889875948
vn -0.222335935 -0.0305999946 0.9744898
vn -0.223848879 0 0.974623859
vn 0.391736835 0 0.9200773
vn -0.391777515 0 0.92006
vn -0.857757568 0 0.5140544
vn -0.3929223 0.0306008812 0.919062436
vn -0.888970852 -0.0596460253 0.454063
vn -0.8903911 -0.0337404832 0.453944117
vn -0.4531811 -0.0337401479 0.890779734
vn -0.987157047 0.0337442048 0.1561482
vn -0.890235841 0.0337447524 -0.45424816
vn -0.9860778 0.0596525744 0.155216664
vn -0.8580681 -0.0306043234 -0.5126232
vn -0.857728 0 -0.5141037
vn -0.9960983 0 0.08825082
vn -0.7539735 0 -0.6569049
vn -0.223848939 0 -0.974623859
vn -0.7526707 0.0306007322 -0.6576857
vn -0.15715766 -0.0596504956 -0.9857704
vn -0.1566053 -0.0337452926 -0.9870846
vn -0.7071585 -0.03374476 -0.706249356
vn 0.248178542 0.0397801548 -0.9678972
vn 0.7700307 0.0397797264 -0.63676554
vn 0.250775337 0.09207408 -0.963656664
vn 0.8389979 -0.09207516 -0.536287963
vn 0.8438336 -0.039781414 -0.5351283
vn 0.3676479 -0.03978081 -0.9291138
vn 0.0109822406 -0.0005751556 -0.999939561
vn 0.0109822406 -0.0005751556 -0.999939561
vn 0.0109822406 -0.0005751556 -0.999939561
vn 0.006282139 -0.000228974255 0.9999802
vn 0.006282139 -0.000228974255 0.9999802
vn 0.006282139 -0.000228974255 0.9999802
vn -0.02146483 -0.290911138 -0.9565093
vn -0.02146478 -0.206202716 -0.9782738
vn -0.02651379 -0.290600449 -0.9564771
vn 0.029231621 -0.192525417 -0.980856538
vn 0.0257462077 -0.192428261 -0.980973244
vn 0.0261791442 -0.277476043 -0.960375845
vn -0.0331115164 -0.138452739 -0.989815354
vn -0.03311145 -0.0513893031 -0.998129666
vn -0.0387025177 -0.138077408 -0.989665
vn 0.03870215 -0.0362809524 -0.9985919
vn 0.03310503 -0.0359368734 -0.9988056
vn 0.0331051 -0.123118713 -0.991839647
vn -0.0331050046 0.0359368026 -0.9988056
vn -0.03310507 0.123118632 -0.991839647
vn -0.03870212 0.03628088 -0.998591959
vn 0.03870897 0.1380786 -0.989664555
vn 0.0331179723 0.138453811 -0.989815
vn 0.0331178941 0.0513904169 -0.998129368
vn -0.0282565262 0.197814345 -0.9798322
vn -0.02825659 0.2827049 -0.95879066
vn -0.03130824 0.197896749 -0.9797228
vn -0.0211713538 0.2834748 -0.958745956
vn -0.0249856859 0.2836256 -0.9586095
vn -0.0252751615 0.1987535 -0.9797236
vn -0.0178370122 0.212752685 0.976943254
vn 0.0188253876 0.192859322 0.981045842
vn 0.0193607528 0.2778525 0.9604286
vn -0.127171 0.237358361 0.9630621
vn -0.127170667 0.151599675 0.9802271
vn -0.119627245 0.236894518 0.9641423
vn 0.0918320939 0.03625028 0.995114446
vn 0.0990741551 0.03558547 0.9944436
vn 0.09907415 0.12281464 0.987472
vn -0.09906752 0.0513974726 0.9937524
vn -0.09906751 -0.0360115543 0.9944289
vn -0.09183361 0.0507943481 0.994478
vn 0.09180702 -0.137545615 0.986231565
vn 0.09904884 -0.138083935 0.985455334
vn 0.0990488 -0.0509727672 0.9937762
vn -0.0669289157 -0.111151665 0.991547167
vn -0.06692905 -0.1975563 0.9780041
vn -0.0473032258 -0.115969971 0.9921257
vn 0.03631386 -0.216803581 0.9755396
vn 0.0363139324 -0.30126816 0.9528478
vn 0.0292981118 -0.21741721 0.975639
vn -0.0199834388 -0.2838199 0.958669364
vn -0.0237798747 -0.2839741 0.958537042
vn -0.0241488 -0.199109167 0.9796797
vn 0.978568 -0.05125079 -0.1994441
vn 0.978568 -0.05125079 -0.1994441
vn 0.978568 -0.05125079 -0.1994441
vn 0.990318537 -0.0360199027 0.134058982
vn 0.990318537 -0.0360199027 0.134058982
vn 0.990318537 -0.0360199027 0.134058982
vn 0.9981781 0.06032041 -0.00140118774
vn 0.9981781 0.06032041 -0.00140118774
vn 0.9981781 0.06032041 -0.00140118774
vn 0.99319464 0.0280256029 -0.113044173
vn 0.99319464 0.0280256029 -0.113044173
vn 0.99319464 0.0280256029 -0.113044173
vn 4.03297372E-06 0 -1
vn 4.03297372E-06 0 -1
vn 0.00237846747 0.0111433892 -0.9999351
vn 0.00237846747 0.0111433892 -0.9999351
vn 0.00237846747 0.0111433892 -0.9999351
vn 0 0 -1
vn 0 0 -1
vn 0 0 -1
vn 0.6416877 -0.7669659 0.000468493
vn 0.641657352 -0.7669849 -0.003167851
vn 0.886333 -0.46303758 -0.00316784019
vn 0.778224945 -0.62797606 0.00346772419
vn 0.4786574 -0.877994955 0.00346773351
vn 0.7782117 -0.628002 0.000232599574
vn -0.6289703 0.777428865 0.0008685106
vn -0.357932866 0.9337472 -0.000478934584
vn -0.628970742 0.7774275 0.001528549
vn -0.3108772 0.9504493 -0.00122709514
vn -0.310877919 0.9504497 -0.000548725133
vn -0.589379847 0.8078554 0.00101299956
vn 0 0 -1
vn 0 0 -1
vn 0 0 -1
vn 9.27484052E-07 0 -1
vn 9.27484052E-07 0 -1
vn 9.27484052E-07 0 -1
vn -0.183945268 -0.0111932671 -0.9828728
vn -0.266319662 -0.008660924 -0.963845849
vn -0.183962658 -0.0128061688 -0.982849836
vn -0.275102377 0.0247613229 -0.961096
vn -0.274782568 0.02363153 -0.9612159
vn -0.194439515 0.0335895941 -0.9803392
vn -0.3413983 -0.0253543369 -0.9395767
vn -0.4176439 -0.03471532 -0.907947361
vn -0.340976149 -0.02682042 -0.9396893
vn -0.4300316 0.0268187132 -0.9024154
vn -0.429655135 0.025352601 -0.902637064
vn -0.3536111 0.0347131081 -0.934748232
vn -0.485001057 -0.0197489373 -0.8742905
vn -0.555393934 -0.030338183 -0.831033766
vn -0.484785348 -0.020526493 -0.8743923
vn -0.645018458 -0.07422273 -0.7605539
vn -0.587977 -0.04470003 -0.8076416
vn -0.569218755 0.0446832627 -0.820971
vn -0.5690867 0.0444771834 -0.8210738
vn -0.505030036 0.06896852 -0.8603418
vn -0.6853969 0.0446986146 -0.726796448
vn -0.6862326 0.04611687 -0.72591877
vn -0.62860024 0.07422147 -0.774178863
vn -0.6944382 -0.0258759055 -0.7190869
vn -0.7457473 -0.0525402837 -0.664153934
vn -0.69490695 -0.0251175165 -0.7186609
vn -0.75914675 -2.72784382E-06 -0.650919557
vn -0.7591468 -2.03111358E-06 -0.650919437
vn -0.9999783 -0.00620848825 0.00221327716
vn -0.993660867 -0.0005579852 0.1124181
vn -0.999953032 -0.009417436 0.00230170763
vn -0.9954312 -0.0181414727 0.09374268
vn -0.9951583 -0.0219564512 0.09580134
vn -0.998604953 -0.0520559438 -0.00885311
vn -0.9748008 0.0270576049 0.221430019
vn -0.9730947 0.0329172239 0.2280421
vn -0.9871727 0.08411036 0.135703385
vn -0.9720338 -0.0675138161 0.224926963
vn -0.9428064 -0.108616337 0.3151486
vn -0.97163105 -0.06520197 0.227336347
vn -0.9131519 0.0353949443 0.4060797
vn -0.912421 0.03772178 0.4075107
vn -0.947478831 0.0702528358 0.3120071
vn -0.90335 -0.0363116674 0.427364349
vn -0.8541084 -0.06270615 0.5163011
vn -0.903478861 -0.0368427821 0.427046418
vn -0.8378671 0.0194021743 0.5455294
vn -0.8380649 0.0179245714 0.5452761
vn -0.892342746 0.0266177226 0.450572878
vn -0.792361736 -0.0231735371 0.6096113
vn -0.7211755 -0.0296764765 0.6921165
vn -0.792644858 -0.0258548986 0.609135151
vn -0.707924664 0.02585288 0.7058146
vn -0.7083595 0.0231714919 0.705471456
vn -0.7808051 0.0296738911 0.624069631
vn -0.3568416 -0.02194577 0.9339071
vn -0.252945036 -0.02927725 0.967037559
vn -0.357258618 -0.0241697785 0.9336927
vn -0.235283628 0.02161397 0.9716864
vn -0.2355112 0.0190588646 0.971684754
vn -0.340940773 0.0199860949 0.9398723
vn 0.287145674 0.0118965851 -0.957813
vn 0.4340996 -0.00191123888 -0.9008629
vn 0.287390828 0.01862685 -0.9576323
vn 0.457556933 -0.0302781332 -0.888664663
vn 0.45749414 -0.0239393953 -0.8888903
vn 0.31232667 -0.0152250361 -0.949852765
vn 0.477777779 0.0390748419 0.8776113
vn 0.406058848 0.0591460876 0.9119309
vn 0.476691037 0.0365713164 0.8783099
vn 0.035768982 0.0195394568 0.999169052
vn 0.035768982 0.0195394568 0.999169052
vn 0.035768982 0.0195394568 0.999169052
vn 0.0350615941 0.0177222081 0.999228
vn 0.0350615941 0.0177222081 0.999228
vn 0.0350615941 0.0177222081 0.999228
vn 0.377499133 -0.0129854521 0.925918937
vn 0.6957776 0.00298235 0.718251169
vn 0.377160639 -0.0238005519 0.925842
vn 0.7397939 0.0308571644 0.672125638
vn 0.739663959 0.0203766078 0.6726678
vn 0.435485 0.007821447 0.900162041
vn 0.8989568 -0.0234081428 0.4374115
vn 0.997422934 -0.00384975248 0.07164227
vn 0.898356438 -0.03705744 0.437701374
vn 0.9993104 0.03705815 -0.002349302
vn 0.9997243 0.0234088767 -0.00182688225
vn 0.928916335 0.00375591568 0.3702706
vn 0.9551434 -0.0217337012 -0.295345277
vn 0.7765241 -0.00597874029 -0.6300592
vn 0.9549785 -0.0336609073 -0.294759244
vn 0.7300801 0.0303670261 -0.682686567
vn 0.730592132 0.0183309671 -0.6825681
vn 0.9324628 0.00149748672 -0.361263037
vn 0.4022328 0.04001447 0.91466254
vn 0.6978244 -0.08474247 0.711238265
vn 0.4140362 0.06401808 0.9080065
vn 0.9997244 -0.0234063063 0.00182507944
vn 0.9289092 -0.003847886 -0.3702876
vn 0.999310434 -0.03705566 0.00234776735
vn 0.898357332 0.0370558165 -0.4376997
vn 0.8989577 0.02340657 -0.43740952
vn 0.9974231 0.00384812453 -0.07164025
vn 0.7396625 -0.0203779433 -0.672669351
vn 0.43548283 -0.007822512 -0.900163054
vn 0.739792347 -0.0308585465 -0.6721273
vn 0.37715596 0.0237962 -0.925844
vn 0.3774942 0.0129809231 -0.925920963
vn 0.6957735 -0.00298691751 -0.7182551
vn 0.03505887 -0.0177221522 -0.9992281
vn 0.03505887 -0.0177221522 -0.9992281
vn 0.03505887 -0.0177221522 -0.9992281
vn 0.03577202 -0.0195434187 -0.9991689
vn 0.03577202 -0.0195434187 -0.9991689
vn 0.03577202 -0.0195434187 -0.9991689
vn 0.3107756 0.02108355 -0.950249434
vn 0.5892885 0.0210835338 -0.8076476
vn 0.3126764 0.0485776067 -0.948616743
vn 0.6263227 -0.0577368252 -0.7774229
vn 0.628726959 -0.03107192 -0.777005136
vn 0.357677341 -0.03107193 -0.933328152
vn 0.791362 0.03375661 -0.610415161
vn 0.941329 0.0337566324 -0.3357979
vn 0.7921643 0.06812561 -0.6064937
vn 0.956287146 -0.06812599 -0.284383059
vn 0.95898813 -0.0337571 -0.281429
vn 0.8249674 -0.0337571055 -0.5641714
vn 0.9990184 0.0337572359 -0.0286844764
vn 0.9589279 0.0337572247 0.281633973
vn 0.997362435 0.06812646 -0.0250402167
vn 0.9408102 -0.0681247562 0.3320168
vn 0.9412589 -0.0337555222 0.335994482
vn 0.9990244 -0.03375551 0.0284754969
vn 0.8488377 0.0287556127 0.527871
vn 0.6440493 0.0287556071 0.764443338
vn 0.8477405 0.04696186 0.52832824
vn 0.621059537 -0.0214239582 0.7834706
vn 0.620060146 0 0.7845543
vn 0.832142234 0 0.5545622
vn 0.843032241 -0.007429857 -0.537811756
vn 0.8475 -0.06572256 -0.526710868
vn 0.642712057 -0.06572267 -0.7632835
vn 0.7628259 0.06572017 -0.6432554
vn 0.924536049 0.06572031 -0.375385135
vn 0.7720023 0.00742846355 -0.6355764
vn 0.961631 -0.0477333143 -0.2701617
vn 0.998034239 -0.04773328 0.04061061
vn 0.9644971 -0.00354834646 -0.264069676
vn 0.9988931 0.003548369 -0.04690394
vn 0.9980499 0.0477328859 -0.0402243175
vn 0.9366365 0.04773284 -0.347035527
vn 0.930622041 -0.00742236944 0.365906477
vn 0.924267232 -0.06571641 0.376047075
vn 0.9952866 -0.06571635 0.0713159442
vn 0.9550436 0.0986809 0.2795599
vn 0.8210228 0.0986807942 0.5623021
vn 0.9565061 0.06917156 0.283392668
vn 0.620537341 -0.0412410535 0.783091664
vn 0.618577838 -0.06237716 0.7832436
vn 0.8306961 -0.06237715 0.5532207
vn 0.6282268 0.05421156 0.7761393
vn 0.35717696 0.0542116277 0.9324622
vn 0.628200531 0.0550955459 0.7760984
vn 0.270577818 -0.0261787567 0.9623421
vn 0.270419776 -0.01742406 0.962584853
vn 0.5547037 -0.0174240973 0.831865549
vn 0.03576646 0.0195392873 0.9991692
vn 0.03576646 0.0195392873 0.9991692
vn 0.03576646 0.0195392873 0.9991692
vn 0.0350649171 0.0177221019 0.9992279
vn 0.0350649171 0.0177221019 0.9992279
vn 0.0350649171 0.0177221019 0.9992279
vn 0.377497166 -0.0129861245 0.9259197
vn 0.6957761 0.00298283435 0.7182526
vn 0.377158374 -0.02380186 0.9258429
vn 0.7397918 0.0308632422 0.672127664
vn 0.739662 0.0203820858 0.6726698
vn 0.435482562 0.00782621652 0.9001632
vn 0.898956954 -0.023407178 0.437411129
vn 0.997423 -0.00384999067 0.07164185
vn 0.8983567 -0.0370563678 0.437700927
vn 0.9993104 0.0370577164 -0.002344519
vn 0.9997243 0.0234084073 -0.00182220328
vn 0.928908 0.003849193 0.370290637
vn 0.9617581 -0.019303415 -0.273219317
vn 0.79036355 -0.009413113 -0.6125658
vn 0.961670339 -0.0285799373 -0.272714764
vn 0.754976034 0.0176292937 -0.6555154
vn 0.7551497 0.00773837138 -0.65550673
vn 0.9453457 -0.008525744 -0.325958431
vn 0.264992416 -0.0180195943 0.9640821
vn 0.425962567 -0.0145345572 0.904624045
vn 0.26451537 -0.0237979051 0.9640878
vn 0.457968652 0.03016032 0.8884566
vn 0.457877934 0.0240664966 0.8886893
vn 0.298866123 0.0164802764 0.954152763
vn 0.72958374 -0.0187325384 0.683634937
vn 0.931913555 -0.001765091 0.3626762
vn 0.729059 -0.030877376 0.6837541
vn 0.954643846 0.03390203 0.295813859
vn 0.954813 0.0218526889 0.296402842
vn 0.7758617 0.00573370047 0.630877
vn 0.9997243 -0.023408914 0.00182285917
vn 0.9289083 -0.00385155552 -0.370289922
vn 0.9993104 -0.0370580256 0.00234548
vn 0.8983559 0.0370593779 -0.4377023
vn 0.898956239 0.0234101247 -0.4374124
vn 0.997422934 0.0038519688 -0.07164324
vn 0.739676237 -0.0203737244 -0.67265445
vn 0.4355015 -0.007819478 -0.900154054
vn 0.739806 -0.03085409 -0.672112465
vn 0.3771503 0.0238052215 -0.9258461
vn 0.377488434 0.012990375 -0.9259232
vn 0.695769 -0.00297546224 -0.7182595
vn 0.0350587666 -0.0177220218 -0.9992281
vn 0.0350587666 -0.0177220218 -0.9992281
vn 0.0350587666 -0.0177220218 -0.9992281
vn 0.0357717648 -0.0195390955 -0.999169
vn 0.0357717648 -0.0195390955 -0.999169
vn 0.0357717648 -0.0195390955 -0.999169
vn 0 -1 -9.664432E-07
vn 0 -1 -9.664432E-07
vn 0 -1 -9.664432E-07
vn 0 -1 0
vn 0 -1 0
vn 0 -1 0
vn 0 -1 2.85171438E-07
vn 0 -1 2.85171438E-07
vn 0 -1 2.85171438E-07
vn 0 -1 8.1820474E-07
vn 0 -1 8.1820474E-07
vn 0 -1 8.1820474E-07
vn 0 -1 1.276619E-07
vn 0 -1 1.276619E-07
vn 0 -1 0
vn 0 -1 0
vn 0 -1 0
vn 0 -1 0
vn 0 -1 0
vn 0 -1 5.59681666E-07
vn 0 -1 0
vn 0 -1 0
vn 0 -1 1.28917421E-07
vn 0 -1 0
vn 0 -1 -1.42502458E-07
vn 0 -1 1.54380643E-07
vn 0 -1 -1.46052486E-07
vn 0 -1 0
vn 0 -1 0
vn 0 -1 0
vn 0 -1 0
vn 0 -1 0
vn 0 -1 0
vn 0 -1 0
vn 0 -1 1.32761318E-06
vn 0 -1 -1.63003037E-07
vn 0 -1 1.8389656E-07
vn 0 -1 0
vn 0 -1 1.32761318E-06
vn 0.0222176984 -0.9997532 1.12170173E-05
vn 0 -1 0
vn 0 -1 -8.860587E-07
vn 0 -1 0
vn 0 -1 0
vn 0 -1 0
vn 0 -1 0
vn 0 -1 -3.42419327E-07
vn 0 -1 0
vn 0 -1 0
vn 0 -1 1.09591312E-07
vn 0 -1 0
vn 0 -1 1.50334233E-06
vn 0 -1 0
vn 0 -1 0
vn 0 -1 -1.67347338E-07
vn 0 -1 -1.67347338E-07
vn 0 -1 2.57420879E-07
vn 0 -1 2.57420879E-07
vn 0 -1 1.40147392E-07
vn 0 -1 1.40147392E-07
vn 0 -1 1.40147392E-07
vn 0 -1 0
vn 0 -1 0
vn 0 -1 2.538596E-06
vn 0 -1 -2.12420616E-07
vn 0 -1 -2.12420616E-07
vn 0 -1 9.46903E-07
vn 0 -1 0
vn 0 -1 -1.17031142E-07
vn 0 -1 -1.17031142E-07
vn 0 -1 0
vn 0 -1 0
vn 0 -1 0
vn 0 -1 0
vn 0 -1 5.74142632E-07
vn 0 -1 0
vn 0 -1 0
vn 0 -1 2.960222E-06
vn 0 -1 -2.52868944E-07
vn 0 -1 0
vn 0.0558564328 -0.9984366 -0.00208255486
vn 0.0558564328 -0.9984366 -0.00208255486
vn 0 -1 1.07382857E-06
vn 0 -1 1.07382857E-06
vn 0 -1 1.07382857E-06
vn 0 -1 0
vn 0 -1 0
vn 0 -1 0
vn 0 -1 1.05465131E-06
vn 0 -1 1.05465131E-06
vn 0 -1 1.05465131E-06
vn 0 -1 0
vn 0 -1 -1.67281826E-07
vn 0 -1 -1.67281826E-07
vn 0 -1 -2.99896442E-07
vn 0 -1 -2.99896442E-07
vn 0 -1 0
vn 0 -1 0
vn 0 -1 1.36486051E-07
vn 0 -1 0
vn 0 -1 0
vn 0 -1 0
vn 0 -1 0
vn 0 -1 0
vn 0 -1 0
vn 0 -1 0
vn -2.98614464E-06 -1 0
vn -2.98614464E-06 -1 0
vn -2.98614464E-06 -1 0
vn 8.87742E-06 -1 3.627015E-06
vn 0 -1 -6.37357346E-07
vn 0 -1 -6.37357346E-07
vn 0 -1 -6.37357346E-07
vn -3.05640782E-07 -1 0
vn 2.47918342E-06 -1 0
vn 0 -1 6.799246E-06
vn 0 -1 6.799246E-06
vn 0 -1 0
vn 0 -1 0
vn 0 -1 0
vn 0 -1 1.2323369E-06
vn 0 -1 0
vn 0 -1 -1.59075137E-06
vn 0 -1 -2.02292586E-06
vn 0 -1 0
vn 0.880938053 0.003939243 -0.473215222
vn 0.8808857 0 -0.473329067
vn 0.932687938 0 -0.360684454
vn 0.802554131 0 -0.5965794
vn 0.7948133 0.03300334 -0.605955958
vn 0.9786659 -0.0044674 -0.205409721
vn 0.9787119 0 -0.205239072
vn 0.949285 0 -0.314417034
vn 0.997419953 0 -0.0717879161
vn 0.9977768 -0.0274527855 -0.0607273877
vn 0.9993369 0.0321852 0.0170258023
vn 0.991018534 0.0321852043 0.129793629
vn 0.9989864 0.0413644053 0.0177529138
vn 0.991031766 0.045565173 0.12561813
vn 0.927465856 -0.04556885 0.371120632
vn 0.8795839 -0.0455687456 0.47355637
vn 0.9272827 -0.0313407369 0.3730478
vn 0.8820285 -0.03218417 0.470095634
vn 0.6351981 -0.00405396149 0.7723386
vn 0.6350978 0 0.7724318
vn 0.7231586 0 0.690682
vn 0.519311249 0 0.85458523
vn 0.5089733 -0.0310212318 0.8602232
vn 0.450648338 0.0310175046 0.892162561
vn 0.3403347 0.031017432 0.939792633
vn 0.450379163 0.0361940041 0.8921035
vn 0.3294655 0 0.9441676
vn 0.202101961 0 0.9793645
vn 0.6352008 -0.00405395031 0.772336364
vn 0.6351004 0 0.7724296
vn 0.7231609 0 0.6906796
vn 0.5193119 0 0.8545848
vn 0.5089746 -0.03102123 0.8602224
vn 0.450647444 0.0310174 0.892163
vn 0.340333819 0.0310173947 0.939793
vn 0.4503783 0.0361939147 0.8921039
vn 0.329463035 0 0.9441685
vn 0.20210053 0 0.979364753
vn 0.9977768 -0.0274535827 -0.0607273728
vn 0.984535 -0.027453579 -0.173023567
vn 0.997609735 -0.0325724743 -0.0609416626
vn 0.982939243 0 -0.18393071
vn 0.94928503 0 -0.314416766
vn 0.8809391 0.003939166 -0.4732133
vn 0.8808868 0 -0.47332707
vn 0.9326887 0 -0.360682428
vn 0.802552342 0 -0.596581757
vn 0.794813752 0.03300326 -0.605955362
vn 0.00346391159 -0.004937492 -0.9999818
vn 0.00346391159 -0.004937492 -0.9999818
vn 0.00346391159 -0.004937492 -0.9999818
vn 1.06952791E-06 0 -1
vn 0 0 -1
vn 0 0 -1
vn 0 0 -1
vn -5.12352835E-06 0 -1
vn 0.00445839344 -0.00691937236 0.999966145
vn 0.00445839344 -0.00691937236 0.999966145
vn 0.00445839344 -0.00691937236 0.999966145
vn 0 0 1
vn 0 0 1
vn -0.9999641 0.008428842 -0.00084083504
vn -0.953626156 -0.300979 0.00296858675
vn -0.9999629 0.0084242085 -0.00177729281
vn -0.9426891 -0.333671749 0.000614344666
vn -0.54418534 -0.8389636 0.00154026528
vn -0.5441877 -0.8389624 0.001373761
vn -0.7768064 -0.629733741 0.002690325
vn -0.2870059 -0.9579169 -0.004778277
vn 0 0 -1
vn 0 0 -1
vn 0 0 -1
vn 0 0 -1
vn -1 0 0
vn -1 0 0
vn -1 0 0
vn -1 0 0
vn -0.426287442 0.017929526 0.904410064
vn -0.522244 0.0266236328 0.852380455
vn -0.425986052 0.019407101 0.9045216
vn -0.531696141 2.662812E-06 0.8469352
vn -0.643415451 -0.003692334 0.7655083
vn -0.6505818 -0.0179242175 0.7592247
vn -0.0261536073 -0.0163618084 -0.999524
vn 0.1307743 0.00551491231 -0.991396844
vn -0.0265131649 -0.009322446 -0.999605
vn 0.14432916 0.011909809 -0.9894581
vn 0.7347252 -0.0171306338 0.678148568
vn 0.733285844 -0.0248742811 0.679465353
vn 0.9307231 -0.07517342 0.35791555
vn 0.433391184 0.04918271 0.8998629
vn 0.9569166 0.0211034659 0.289595157
vn 0.7801634 0.006820812 0.625538647
vn 0.9567736 0.03236495 0.289027482
vn 0.774820268 0.009412036 0.6321115
vn 0.270437181 -0.0174245313 0.962579966
vn 0.5547185 -0.0174252 0.831855655
vn 0.2705954 -0.0261783879 0.9623372
vn 0.573259532 -3.79841055E-07 0.8193739
vn 0.9412589 -0.0337558761 0.335994422
vn 0.9990244 -0.0337558761 0.0284754653
vn 0.9408102 -0.06812526 0.332016736
vn 0.99805 -0.0477339849 0.04022189
vn 0.270418972 -0.0174236838 0.9625851
vn 0.554703 -0.0174244065 0.831865966
vn 0.270577 -0.0261785332 0.9623423
vn 0.573254645 -3.798403E-07 0.819377244
vn 0.5728752 0.04175588 -0.818578362
vn 0.291589975 0.0417567 -0.955631554
vn 0.56963 0.005087614 -0.821885467
vn 0.310766637 0.0210825279 -0.9502524
vn -0.07918572 -0.0149888815 0.9967472
vn 0.09239377 -0.0110032465 0.9956618
vn -0.07962717 -0.02092282 0.996605158
vn 0.123023771 0.016395947 0.992268264
vn 0.999933839 -0.0114924135 0.000568897463
vn 0.9999542 -0.009525017 0.0008838102
vn 0.999933839 -0.0114924135 0.000568897463
vn 0.999933839 -0.0114924135 0.000568897463
vn 1 0 0
vn 1 1.34221182E-07 0
vn 1 0 0
vn 1 -2.11386649E-07 0
vn 1 0 0
vn 0.9999882 0.00477521867 0.0008695087
vn -0.999994159 0.003429799 -7.487861E-05
vn -0.9999809 0.00615375862 -0.0005965893
vn -0.999994159 0.003429799 -7.487861E-05
vn -0.999994159 0.003429799 -7.487861E-05
vn -1 6.92661331E-07 0
vn -1 0 0
vn -1 -3.960813E-07 0
vn -1 0 0
vn -0.9999872 -0.00506387139 0.000110521585
vn -0.9999903 -0.00440334342 0.000222755742
vn 0.002224416 0.00621803 0.9999782
vn 0.002224416 0.00621803 0.9999782
vn 0.002224416 0.00621803 0.9999782
vn 0 0 1
vn 0 0 1
vn 0 0 1
vn -0.999022245 -0.0442076549 0.000552198151
vn -0.9637823 0.266683251 -0.00193810137
vn -0.999022 -0.0442066081 0.000915393641
vn -0.9623752 0.2717235 0.000599220162
vn -0.9377786 0.347233862 -7.509161E-06
vn -0.7845641 0.620046437 -0.00129607238
vn -0.937778234 0.347234428 0.000484686781
vn -0.764698446 0.6443879 -0.000757858856
vn -0.0005817031 -2.24337582E-05 0.9999999
vn -0.0005817031 -2.24337582E-05 0.9999999
vn -0.0005817031 -2.24337582E-05 0.9999999
vn -0.00178472837 -0.00189546577 0.999996662
vn -1 0 0
vn -1 0 0
vn -1 0 0
vn -1 0 0
vn -0.6505808 -0.01792483 0.7592255
vn -0.563823 -0.0266176388 0.825466633
vn -0.6508059 -0.0194024388 0.7589962
vn -0.554983258 -2.6562152E-06 0.8318615
vn -0.434950858 0.00369239016 0.900446653
vn -0.426289052 0.0179293286 0.9044093
vn -0.0261538662 -0.01636178 -0.999524
vn 0.130774066 0.005514943 -0.991396844
vn -0.0265135653 -0.009299616 -0.999605238
vn 0.144329309 0.0119098332 -0.9894581
vn 0.7748269 0.009415405 0.6321034
vn 0.953173637 0.0546021 0.2974536
vn 0.776039362 -0.00456432346 0.630668
vn 0.956915557 0.0211032741 0.289598435
vn 0.573257267 0 0.819375455
vn 0.291971534 0 0.956427038
vn 0.572898746 0.0111638019 0.819550157
vn 0.270437181 -0.01742459 0.962579966
vn 0.310767382 0.0210825577 -0.9502522
vn 0.5892815 0.0210825652 -0.8076527
vn 0.312668055 0.048575934 -0.9486196
vn 0.572877645 0.0417564251 -0.8185766
vn -0.07918575 -0.0149888126 0.9967472
vn 0.0923890844 -0.0109732337 0.9956625
vn -0.0796272 -0.0209227689 0.996605158
vn 0.123023935 0.0163960382 0.992268264
vn 0 -1 3.930073E-07
vn 0 -1 3.930073E-07
vn 0 -1 3.930073E-07
vn 0 -1 6.703274E-07
vn 0 -1 -4.368694E-07
vn 0 -1 -4.368694E-07
vn 0 -1 -4.21686536E-07
vn 0 -1 1.04149524E-06
vn 0 -1 0
vn -0.4774712 -0.0144710951 -0.878528237
vn -0.8519331 0.000917010067 -0.5236499
vn -0.477065 -0.0255684853 -0.878496
vn -0.8764417 0.0244081654 -0.480888873
vn -0.8768269 0.0119083319 -0.48065868
vn -0.5202304 -0.0181396212 -0.853833258
vn -0.8768256 -0.0119090788 0.480661154
vn -0.5202281 0.01813841 0.8538347
vn -0.8764405 -0.0244088769 0.480891049
vn -0.477065235 0.0255665351 0.878495932
vn -0.477471441 0.0144692762 0.8785281
vn -0.8519582 -0.000924387947 0.5236089
vn -0.0130609088 -0.0267985445 0.9995555
vn -0.0130609088 -0.0267985445 0.9995555
vn -0.0130609088 -0.0267985445 0.9995555
vn -0.008734895 -0.00304409023 0.9999572
vn -0.008734895 -0.00304409023 0.9999572
vn -0.008734895 -0.00304409023 0.9999572
vn -0.876826465 0.0119083263 -0.480659485
vn -0.5202295 -0.01813971 -0.853833854
vn -0.87644136 0.0244081616 -0.480889678
vn -0.477067262 -0.0255685579 -0.8784948
vn -0.4774735 -0.0144711919 -0.878527
vn -0.8519345 0.0009169876 -0.5236476
vn -0.013105927 0.0267951433 -0.999555051
vn -0.013105927 0.0267951433 -0.999555051
vn -0.013105927 0.0267951433 -0.999555051
vn -0.008738515 0.00336010847 -0.9999562
vn -0.008738515 0.00336010847 -0.9999562
vn -0.008738515 0.00336010847 -0.9999562
vn -0.477473676 0.0144684678 0.8785269
vn -0.851954639 -0.00100980874 0.523614645
vn -0.477067322 0.0255659018 0.8784948
vn -0.8764397 -0.0244088471 0.480892658
vn -0.8768246 -0.0119090658 0.480662823
vn -0.5202264 0.0181384422 0.853835762
vn -0.0137383649 -0.02675176 0.9995477
vn -0.0137383649 -0.02675176 0.9995477
vn -0.0137383649 -0.02675176 0.9995477
vn -0.008229625 0.00270754355 0.999962449
vn -0.008229625 0.00270754355 0.999962449
vn -0.008229625 0.00270754355 0.999962449
vn -0.467925131 0.8837635 -0.00285110739
vn -0.8471095 0.5314108 -0.00285110949
vn -0.467939675 0.883734 -0.0068420656
vn -0.8837353 0.467937171 0.006841795
vn -0.8837648 0.4679228 0.00285083358
vn -0.531413 0.847108066 0.00285084359
vn -0.876230538 -0.481883079 -0.002968307
vn -0.517908156 -0.855431139 -0.00296829152
vn -0.876181 -0.481911063 -0.008279
vn -0.4562192 -0.8898277 0.00840347
vn -0.456188381 -0.8898782 0.00299129845
vn -0.8400025 -0.5425744 0.00299128261
vn -0.0137383258 0.0267515853 -0.9995477
vn -0.0137383258 0.0267515853 -0.9995477
vn -0.0137383258 0.0267515853 -0.9995477
vn -0.008279025 -0.00245206733 -0.999962747
vn -0.008279025 -0.00245206733 -0.999962747
vn -0.008279025 -0.00245206733 -0.999962747
vn -0.00667921733 -0.999970257 0.003856794
vn -0.00667921733 -0.999970257 0.003856794
vn -0.00667921733 -0.999970257 0.003856794
vn -0.9999938 0.00175850966 -0.00306547
vn -0.9999938 0.00175850966 -0.00306547
vn -0.9999938 0.00175850966 -0.00306547
vn -0.9999938 -0.00175850652 0.00306541123
vn 1 0 0
vn 1 0 0
vn 1 0 0
vn 1 0 0
vn -0.99984014 0.0177333057 -0.002285435
vn -0.99984014 0.0177333057 -0.002285435
vn -0.99984014 0.0177333057 -0.002285435
vn -0.99984014 -0.0177347586 0.002285435
vn 0 -1 -2.028648E-07
vn 0 -1 -2.028648E-07
vn 0 -1 -2.028648E-07
vn 0 -1 0
vn 0 -1 0
vn 0 -1 0
vn -2.32756138E-05 0 1
vn -2.32756138E-05 0 1
vn -0.6428014 2.39759665E-05 0.7660329
vn -0.6428014 0 0.766032934
vn -0.984804034 0 0.173669234
vn -0.984804034 0 0.173669234
vn -0.8660374 0 -0.499979258
vn -0.8660374 0 -0.499979258
vn -0.342040151 0 -0.939685345
vn -0.342040151 0 -0.939685345
vn 0.342003554 0 -0.9396987
vn 0.342003554 0 -0.9396987
vn 0.8660384 0 -0.4999776
vn 0.8660384 0 -0.4999776
vn 0.984803557 0 0.17367202
vn 0.9848109 0 0.1736304
vn 0.6428014 0 0.766032934
vn 0.6428014 0 0.766032934
vn 2.32607126E-05 2.39610672E-05 1
vn 2.32756138E-05 0 1
vn 0 0 -1
vn 0 0 -1
vn 0 0 -1
vn 0 0 -1
vn 0 0 -1
vn -7.993701E-06 0 -1
vn -0.008208404 0.9999663 6.344237E-05
vn -0.0127306338 0.9999145 0.00298151816
vn 0 1 0
vn 0 1 0
vn 0 1 0
vn 0 1 8.1145896E-07
vn 0 0 1
vn 0 0 1
vn 0 0 1
vn 0 0 1
vn 0 0 1
vn 0 0 1
vn 0 0 1
vn 0 0 1
vn 0 0 1
vn 3.95843654E-06 0 1
vn 6.765127E-06 -1 1.24223307E-05
vn 0.499992043 -0.86603 -1.37993875E-05
vn 6.7949295E-06 -1 7.770956E-06
vn 0.499992281 -0.8660299 -1.24223307E-05
vn 0.8660217 -0.5000065 0.0001387364
vn 0.8660217 -0.5000065 -1.24223307E-05
vn 1 -8.001924E-06 -1.37993884E-05
vn 1 -8.210541E-06 -1.24223307E-05
vn 0 0 -1
vn 0 0 -1
vn 0 0 -1
vn 0 0 -1
vn 0 0 -1
vn 2.02398019E-06 0 -1
vn 0 0 -1
vn 0 0 -1
vn 0 0 -1
vn 0 0 -1
vn -7.993717E-06 0 1
vn -7.993717E-06 0 1
vn -7.993717E-06 0 1
vn 0 0 1
vn 0 0 1
vn 0 0 1
vn -0.9998402 0.0177313425 -0.0022853124
vn -0.9998402 0.0177313425 -0.0022853124
vn -0.9998402 0.0177313425 -0.0022853124
vn -0.99984014 -0.0177327916 0.0022855578
vn 1 8.001924E-06 1.242233E-05
vn 0.8660294 0.4999931 -1.37993893E-05
vn 1 7.987022E-06 7.761642E-06
vn 0.866029263 0.4999933 -1.24223316E-05
vn 0.5000069 0.866021454 -1.37993893E-05
vn 0.500006437 0.866021752 -1.24223316E-05
vn 8.046627E-06 1 -1.37993884E-05
vn 8.001924E-06 1 -1.242233E-05
vn -0.00376426242 -0.999982834 -0.00448584743
vn -0.011037509 -0.9999372 -0.00194291922
vn -0.0107869292 -0.9999404 -0.00168105
vn -0.00678024627 -0.9999726 -0.002992421
vn 0 -1 -1.07082667E-06
vn 0 -1 0
vn 0 -1 0
vn 0 -1 1.11243217E-07
vn 0 -1 -3.51720087E-06
vn 0 -1 0
vn 0 -1 0
vn 0 -1 0
vn 0 -1 -7.427892E-07
vn 0 -1 0
vn -0.00365379639 -0.999942958 0.0100377845
vn -0.00365379639 -0.999942958 0.0100377845
vn -0.00365379639 -0.999942958 0.0100377845
vn -0.004109193 -0.999953449 0.00873306952
vn 0 1 0
vn 0 1 2.34371532E-06
vn 0 1 -1.27114936E-06
vn 0 1 3.57329827E-06
vn 0 1 0
vn 0 1 0
vn 0 1 -1.01061346E-06
vn 0 1 0
vn 0 1 0
vn 0 1 5.843613E-07
vn 0 1 0
vn 0 1 0
vn 0 1 0
vn 0 1 0
vn 0 1 0
f 1//1 2//2 3//3
f 4//4 5//5 6//6
f 7//7 8//8 9//9
f 10//10 11//11 12//12
f 13//13 14//14 15//15
f 16//16 17//17 18//18
f 19//19 20//20 21//21
f 22//22 23//23 24//24
f 25//25 26//26 27//27
f 28//28 29//29 30//30
f 31//31 32//32 33//33
f 34//34 35//35 36//36
f 37//37 38//38 39//39
f 40//40 41//41 42//42
f 43//43 44//44 45//45
f 46//46 47//47 48//48
f 49//49 50//50 51//51
f 52//52 53//53 54//54
f 55//55 56//56 57//57
f 58//58 59//59 60//60
f 61//61 62//62 63//63
f 64//64 65//65 66//66
f 67//67 68//68 69//69
f 70//70 71//71 72//72
f 73//73 74//74 75//75
f 76//76 77//77 78//78
f 79//79 80//80 81//81
f 82//82 83//83 84//84
f 85//85 86//86 87//87
f 88//88 89//89 90//90
f 91//91 92//92 93//93
f 94//94 95//95 96//96
f 97//97 98//98 99//99
f 100//100 101//101 102//102
f 103//103 104//104 105//105
f 106//106 107//107 108//108
f 109//109 110//110 111//111
f 112//112 113//113 114//114
f 115//115 116//116 117//117
f 118//118 119//119 120//120
f 121//121 122//122 123//123
f 124//124 125//125 126//126
f 127//127 128//128 129//129
f 130//130 131//131 132//132
f 133//133 134//134 135//135
f 136//136 137//137 138//138
f 139//139 140//140 141//141
f 142//142 143//143 144//144
f 145//145 146//146 147//147
f 148//148 149//149 150//150
f 151//151 152//152 153//153
f 154//154 155//155 156//156
f 157//157 158//158 159//159
f 160//160 161//161 162//162
f 163//163 164//164 165//165
f 166//166 167//167 168//168
f 169//169 170//170 171//171
f 172//172 173//173 174//174
f 175//175 176//176 177//177
f 178//178 179//179 180//180
f 181//181 182//182 183//183
f 184//184 185//185 186//186
f 187//187 188//188 189//189
f 190//190 191//191 192//192
f 193//193 194//194 195//195
f 196//196 197//197 198//198
f 199//199 200//200 201//201
f 202//202 203//203 204//204
f 205//205 206//206 207//207
f 208//208 209//209 210//210
f 211//211 212//212 213//213
f 214//214 215//215 216//216
f 217//217 218//218 219//219
f 220//220 221//221 222//222
f 223//223 224//224 225//225
f 226//226 227//227 228//228
f 229//229 230//230 231//231
f 232//232 233//233 234//234
f 235//235 236//236 237//237
f 238//238 239//239 240//240
f 241//241 242//242 243//243
f 244//244 241//241 245//245
f 241//241 246//246 245//245
f 247//247 245//245 248//248
f 245//245 247//247 249//249
f 250//250 251//251 246//246
f 250//250 252//252 251//251
f 250//250 253//253 252//252
f 253//253 254//254 255//255
f 256//256 257//257 258//258
f 259//259 260//260 261//261
f 262//262 263//263 264//264
f 265//265 266//266 267//267
f 268//268 269//269 270//270
f 271//271 272//272 273//273
f 274//274 275//275 276//276
f 277//277 278//278 279//279
f 280//280 281//281 282//282
f 283//283 284//284 285//285
f 286//286 287//287 288//288
f 289//289 290//290 291//291
f 292//292 293//293 294//294
f 295//295 296//296 297//297
f 298//298 299//299 300//300
f 301//301 302//302 303//303
f 304//304 305//305 306//306
f 307//307 308//308 309//309
f 310//310 311//311 312//312
f 313//313 314//314 315//315
f 316//316 317//317 318//318
f 319//319 320//320 321//321
f 322//322 323//323 324//324
f 325//325 326//326 327//327
f 328//328 329//329 330//330
f 331//331 332//332 333//333
f 334//334 335//335 336//336
f 337//337 338//338 339//339
f 340//340 341//341 342//342
f 343//343 344//344 345//345
f 346//346 347//347 348//348
f 349//349 350//350 351//351
f 352//352 353//353 354//354
f 355//355 356//356 357//357
f 358//358 359//359 360//360
f 361//361 362//362 363//363
f 364//364 365//365 366//366
f 367//367 368//368 369//369
f 370//370 371//371 372//372
f 373//373 374//374 375//375
f 376//376 377//377 378//378
f 379//379 380//380 381//381
f 382//382 383//383 384//384
f 385//385 386//386 387//387
f 388//388 389//389 390//390
f 391//391 392//392 393//393
f 394//394 395//395 396//396
f 397//397 398//398 399//399
f 400//400 401//401 402//402
f 403//403 404//404 405//405
f 406//406 407//407 408//408
f 409//409 410//410 411//411
f 412//412 413//413 414//414
f 415//415 416//416 417//417
f 418//418 419//419 420//420
f 421//421 422//422 423//423
f 424//424 425//425 426//426
f 427//427 428//428 429//429
f 430//430 431//431 432//432
f 433//433 434//434 435//435
f 436//436 437//437 438//438
f 439//439 440//440 441//441
f 442//442 443//443 444//444
f 445//445 446//446 447//447
f 448//448 449//449 450//450
f 451//451 452//452 453//453
f 454//454 455//455 456//456
f 457//457 458//458 459//459
f 460//460 461//461 462//462
f 463//463 464//464 465//465
f 466//466 467//467 468//468
f 469//469 470//470 471//471
f 472//472 473//473 474//474
f 475//475 476//476 477//477
f 478//478 479//479 480//480
f 481//481 482//482 483//483
f 484//484 485//485 486//486
f 487//487 488//488 489//489
f 490//490 491//491 492//492
f 493//493 494//494 495//495
f 496//496 497//497 498//498
f 499//499 500//500 501//501
f 502//502 503//503 504//504
f 505//505 506//506 507//507
f 508//508 509//509 510//510
f 511//511 512//512 513//513
f 514//514 515//515 516//516
f 517//517 518//518 519//519
f 520//520 521//521 522//522
f 523//523 524//524 525//525
f 526//526 527//527 528//528
f 529//529 530//530 531//531
f 532//532 533//533 534//534
f 535//535 536//536 537//537
f 538//538 539//539 540//540
f 541//541 542//542 543//543
f 544//544 545//545 546//546
f 547//547 548//548 549//549
f 550//550 551//551 552//552
f 553//553 554//554 555//555
f 556//556 557//557 558//558
f 559//559 560//560 561//561
f 562//562 563//563 564//564
f 565//565 566//566 567//567
f 568//568 569//569 570//570
f 571//571 572//572 573//573
f 574//574 575//575 576//576
f 577//577 578//578 579//579
f 580//580 581//581 582//582
f 583//583 584//584 585//585
f 586//586 587//587 588//588
f 589//589 590//590 591//591
f 592//592 593//593 594//594
f 595//595 596//596 597//597
f 598//598 599//599 600//600
f 601//601 602//602 603//603
f 604//604 605//605 606//606
f 607//607 608//608 609//609
f 610//610 611//611 612//612
f 613//613 614//614 615//615
f 616//616 617//617 618//618
f 619//619 620//620 621//621
f 622//622 623//623 624//624
f 625//625 626//626 627//627
f 628//628 629//629 630//630
f 631//631 632//632 633//633
f 634//634 635//635 636//636
f 637//637 638//638 639//639
f 640//640 641//641 642//642
f 643//643 644//644 640//640
f 644//644 645//645 646//646
f 644//644 647//647 645//645
f 648//648 649//649 650//650
f 651//651 652//652 653//653
f 651//651 654//654 655//655
f 654//654 656//656 655//655
f 657//657 658//658 656//656
f 655//655 659//659 660//660
f 661//661 662//662 663//663
f 664//664 665//665 666//666
f 667//667 668//668 669//669
f 670//670 671//671 672//672
f 673//673 674//674 675//675
f 676//676 677//677 678//678
f 679//679 680//680 681//681
f 682//682 679//679 683//683
f 682//682 683//683 684//684
f 685//685 686//686 687//687
f 688//688 689//689 690//690
f 691//691 692//692 693//693
f 694//694 695//695 696//696
f 697//697 698//698 699//699
f 700//700 701//701 702//702
f 703//703 704//704 705//705
f 706//706 707//707 708//708
f 709//709 710//710 711//711
f 712//712 713//713 714//714
f 715//715 716//716 717//717
f 718//718 719//719 720//720
f 721//721 722//722 723//723
f 724//724 725//725 726//726
f 727//727 728//728 729//729
f 730//730 731//731 732//732
f 733//733 734//734 735//735
f 736//736 737//737 738//738
f 739//739 740//740 741//741
f 742//742 743//743 744//744
f 745//745 746//746 747//747
f 748//748 749//749 750//750
f 751//751 752//752 753//753
f 754//754 755//755 756//756
f 757//757 758//758 759//759
f 760//760 761//761 762//762
f 763//763 764//764 765//765
f 766//766 767//767 768//768
f 769//769 770//770 771//771
f 772//772 773//773 774//774
f 775//775 776//776 777//777
f 778//778 779//779 780//780
f 781//781 782//782 783//783
f 784//784 785//785 786//786
f 787//787 788//788 789//789
f 790//790 791//791 792//792
f 793//793 794//794 795//795
f 796//796 797//797 798//798
f 799//799 800//800 801//801
f 802//802 803//803 804//804
f 805//805 806//806 807//807
f 808//808 809//809 810//810
f 811//811 812//812 813//813
f 814//814 815//815 816//816
f 817//817 818//818 819//819
f 820//820 821//821 822//822
f 823//823 824//824 825//825
f 826//826 827//827 828//828
f 826//826 829//829 827//827
f 830//830 831//831 832//832
f 831//831 833//833 832//832
f 834//834 835//835 836//836
f 835//835 837//837 836//836
f 835//835 838//838 837//837
f 839//839 840//840 838//838
f 839//839 841//841 840//840
f 842//842 843//843 844//844
f 845//845 843//843 842//842
f 846//846 847//847 848//848
f 847//847 849//849 848//848
f 850//850 851//851 852//852
f 852//852 851//851 853//853
f 854//854 855//855 856//856
f 857//857 858//858 859//859
f 860//860 861//861 862//862
f 863//863 864//864 865//865
f 866//866 867//867 868//868
f 869//869 870//870 871//871
f 872//872 873//873 874//874
f 875//875 876//876 877//877
f 878//878 879//879 880//880
f 881//881 882//882 883//883
f 884//884 885//885 886//886
f 887//887 888//888 889//889
f 890//890 891//891 892//892
f 893//893 894//894 895//895
f 896//896 897//897 898//898
f 899//899 900//900 901//901
f 902//902 903//903 904//904
f 905//905 906//906 907//907
f 908//908 909//909 910//910
f 911//911 912//912 913//913
f 914//914 915//915 916//916
f 917//917 918//918 919//919
f 920//920 921//921 922//922
f 923//923 924//924 925//925
f 926//926 927//927 928//928
f 929//929 930//930 931//931
f 932//932 933//933 934//934
f 935//935 936//936 937//937
f 938//938 939//939 940//940
f 941//941 942//942 943//943
f 944//944 945//945 946//946
f 947//947 948//948 949//949
f 950//950 951//951 952//952
f 953//953 954//954 955//955
f 956//956 957//957 958//958
f 959//959 960//960 961//961
f 962//962 963//963 964//964
f 965//965 966//966 967//967
f 968//968 969//969 970//970
f 971//971 972//972 973//973
f 974//974 975//975 976//976
f 977//977 978//978 979//979
f 980//980 981//981 982//982
f 983//983 984//984 985//985
f 986//986 987//987 988//988
f 989//989 990//990 991//991
f 992//992 993//993 994//994
f 995//995 996//996 997//997
f 998//998 999//999 1000//1000
f 1001//1001 1002//1002 1003//1003
f 1004//1004 1005//1005 1006//1006
f 1007//1007 1008//1008 1009//1009
f 1010//1010 1011//1011 1012//1012
f 1013//1013 1014//1014 1015//1015
f 1016//1016 1017//1017 1018//1018
f 1019//1019 1020//1020 1021//1021
f 1022//1022 1023//1023 1024//1024
f 1025//1025 1026//1026 1027//1027
f 1028//1028 1029//1029 1030//1030
f 1031//1031 1032//1032 1033//1033
f 1034//1034 1035//1035 1036//1036
f 1037//1037 1038//1038 1039//1039
f 1040//1040 1041//1041 1042//1042
f 1043//1043 1044//1044 1045//1045
f 1046//1046 1047//1047 1048//1048
f 1049//1049 1050//1050 1051//1051
f 1052//1052 1053//1053 1054//1054
f 1055//1055 1056//1056 1057//1057
f 1058//1058 1059//1059 1060//1060
f 1059//1059 1061//1061 1060//1060
f 1062//1062 1063//1063 1064//1064
f 1063//1063 1065//1065 1064//1064
f 1066//1066 1067//1067 1068//1068
f 1069//1069 1070//1070 1071//1071
f 1072//1072 1073//1073 1074//1074
f 1074//1074 1075//1075 1076//1076
f 1077//1077 1078//1078 1079//1079
f 1080//1080 1081//1081 1079//1079
f 1082//1082 1081//1081 1080//1080
f 1083//1083 1082//1082 1084//1084
f 1085//1085 1086//1086 1087//1087
f 1088//1088 1089//1089 1086//1086
f 1088//1088 1090//1090 1089//1089
f 1088//1088 1091//1091 1092//1092
f 1093//1093 1088//1088 1094//1094
f 1095//1095 1096//1096 1093//1093
f 1093//1093 1097//1097 1098//1098
f 1098//1098 1097//1097 1099//1099
f 1097//1097 1100//1100 1099//1099
f 1101//1101 1102//1102 1099//1099
f 1102//1102 1101//1101 1103//1103
f 1102//1102 1103//1103 1104//1104
f 1088//1088 1105//1105 1106//1106
f 1105//1105 1107//1107 1106//1106
f 1108//1108 1109//1109 1105//1105
f 1110//1110 1111//1111 1108//1108
f 1112//1112 1105//1105 1113//1113
f 1114//1114 1112//1112 1113//1113
f 1115//1115 1113//1113 1116//1116
f 1115//1115 1116//1116 1117//1117
f 1118//1118 1115//1115 1117//1117
f 1117//1117 1119//1119 1118//1118
f 1119//1119 1120//1120 1118//1118
f 1121//1121 1118//1118 1122//1122
f 1123//1123 1121//1121 1122//1122
f 1124//1124 1125//1125 1126//1126
f 1127//1127 1128//1128 1129//1129
f 1130//1130 1131//1131 1132//1132
f 1133//1133 1134//1134 1135//1135
f 1136//1136 1137//1137 1138//1138
f 1139//1139 1136//1136 1140//1140
f 1141//1141 1142//1142 1140//1140
f 1143//1143 1139//1139 1144//1144
f 1145//1145 1146//1146 1143//1143
f 1147//1147 1148//1148 1144//1144
f 1147//1147 1149//1149 1148//1148
f 1149//1149 1150//1150 1151//1151
f 1149//1149 1152//1152 1150//1150
f 1152//1152 1153//1153 1150//1150
f 1153//1153 1152//1152 1154//1154
f 1154//1154 1152//1152 1155//1155
f 1155//1155 1152//1152 1156//1156
f 1157//1157 1155//1155 1156//1156
f 1155//1155 1157//1157 1158//1158
f 1159//1159 1160//1160 1158//1158
f 1161//1161 1162//1162 1163//1163
f 1164//1164 1165//1165 1166//1166
f 1167//1167 1168//1168 1169//1169
f 1167//1167 1170//1170 1171//1171
f 1172//1172 1167//1167 1171//1171
f 1172//1172 1173//1173 1174//1174
f 1173//1173 1172//1172 1175//1175
f 1173//1173 1176//1176 1177//1177
f 1176//1176 1178//1178 1177//1177
f 1179//1179 1180//1180 1176//1176
f 1180//1180 1181//1181 1176//1176
f 1182//1182 1181//1181 1183//1183
f 1184//1184 1182//1182 1183//1183
f 1184//1184 1183//1183 1185//1185
f 1186//1186 1184//1184 1185//1185
f 1187//1187 1188//1188 1189//1189
f 1190//1190 1187//1187 1191//1191
f 1192//1192 1190//1190 1193//1193
f 1191//1191 1192//1192 1194//1194
f 1195//1195 1191//1191 1194//1194
f 1196//1196 1197//1197 1198//1198
f 1199//1199 1200//1200 1201//1201
f 1202//1202 1203//1203 1204//1204
f 1205//1205 1206//1206 1207//1207
f 1208//1208 1209//1209 1210//1210
f 1211//1211 1212//1212 1213//1213
f 1214//1214 1215//1215 1216//1216
f 1217//1217 1218//1218 1219//1219
f 1220//1220 1221//1221 1222//1222
f 1223//1223 1224//1224 1225//1225
f 1226//1226 1227//1227 1228//1228
f 1229//1229 1230//1230 1231//1231
f 1232//1232 1233//1233 1234//1234
f 1235//1235 1236//1236 1237//1237
f 1238//1238 1239//1239 1240//1240
f 1241//1241 1242//1242 1240//1240
f 1243//1243 1244//1244 1245//1245
f 1246//1246 1247//1247 1248//1248
f 1249//1249 1250//1250 1251//1251
f 1252//1252 1253//1253 1254//1254
f 1255//1255 1256//1256 1257//1257
f 1258//1258 1259//1259 1260//1260
f 1261//1261 1262//1262 1263//1263
f 1264//1264 1265//1265 1266//1266
f 1267//1267 1268//1268 1269//1269
f 1270//1270 1271//1271 1272//1272
f 1273//1273 1274//1274 1275//1275
f 1276//1276 1277//1277 1278//1278
f 1279//1279 1280//1280 1281//1281
f 1282//1282 1283//1283 1284//1284
f 1285//1285 1286//1286 1287//1287
f 1288//1288 1289//1289 1290//1290
f 1291//1291 1292//1292 1293//1293
f 1294//1294 1295//1295 1296//1296
f 1297//1297 1298//1298 1299//1299
f 1300//1300 1301//1301 1302//1302
f 1303//1303 1304//1304 1305//1305
f 1306//1306 1307//1307 1308//1308
f 1309//1309 1310//1310 1311//1311
f 1312//1312 1313//1313 1314//1314
f 1315//1315 1316//1316 1317//1317
f 1315//1315 1318//1318 1319//1319
f 1318//1318 1320//1320 1319//1319
f 1320//1320 1321//1321 1319//1319
f 1320//1320 1322//1322 1321//1321
f 1323//1323 1322//1322 1320//1320
f 1323//1323 1320//1320 1324//1324
f 1322//1322 1325//1325 1321//1321
f 1322//1322 1326//1326 1325//1325
f 1327//1327 1319//1319 1321//1321
f 1327//1327 1328//1328 1319//1319
f 1329//1329 1319//1319 1328//1328
f 1330//1330 1329//1329 1328//1328
f 1330//1330 1328//1328 1331//1331
f 1332//1332 1328//1328 1327//1327
f 1332//1332 1327//1327 1333//1333
f 1332//1332 1333//1333 1334//1334
f 1335//1335 1326//1326 1336//1336
f 1326//1326 1337//1337 1338//1338
f 1339//1339 1321//1321 1340//1340
f 1339//1339 1340//1340 1341//1341
f 1342//1342 1339//1339 1341//1341
f 1342//1342 1341//1341 1343//1343
f 1344//1344 1343//1343 1334//1334
f 1344//1344 1345//1345 1343//1343
f 1346//1346 1344//1344 1334//1334
f 1347//1347 1348//1348 1341//1341
f 1347//1347 1349//1349 1348//1348
f 1349//1349 1350//1350 1351//1351
f 1352//1352 1353//1353 1334//1334
f 1352//1352 1334//1334 1354//1354
f 1355//1355 1352//1352 1354//1354
f 1355//1355 1354//1354 1356//1356
f 1357//1357 1355//1355 1356//1356
f 1357//1357 1358//1358 1355//1355
f 1330//1330 1358//1358 1357//1357
f 1359//1359 1330//1330 1357//1357
f 1357//1357 1360//1360 1359//1359
f 1360//1360 1361//1361 1359//1359
f 1362//1362 1363//1363 1350//1350
f 1363//1363 1364//1364 1350//1350
f 1364//1364 1365//1365 1350//1350
f 1360//1360 1366//1366 1367//1367
f 1366//1366 1368//1368 1367//1367
f 1366//1366 1369//1369 1368//1368
f 1369//1369 1366//1366 1370//1370
f 1371//1371 1372//1372 1373//1373
f 1374//1374 1375//1375 1376//1376
f 1377//1377 1378//1378 1379//1379
f 1380//1380 1381//1381 1382//1382
f 1383//1383 1384//1384 1385//1385
f 1386//1386 1387//1387 1388//1388
f 1389//1389 1390//1390 1391//1391
f 1392//1392 1393//1393 1394//1394
f 1393//1393 1395//1395 1396//1396
f 1397//1397 1398//1398 1399//1399
f 1400//1400 1401//1401 1402//1402
f 1403//1403 1404//1404 1405//1405
f 1406//1406 1407//1407 1408//1408
f 1409//1409 1408//1408 1410//1410
f 1411//1411 1409//1409 1410//1410
f 1412//1412 1413//1413 1414//1414
f 1415//1415 1416//1416 1417//1417
f 1418//1418 1419//1419 1420//1420
f 1421//1421 1420//1420 1422//1422
f 1423//1423 1421//1421 1422//1422
f 1424//1424 1425//1425 1426//1426
f 1427//1427 1428//1428 1429//1429
f 1430//1430 1431//1431 1432//1432
f 1433//1433 1434//1434 1435//1435
f 1436//1436 1437//1437 1438//1438
f 1439//1439 1440//1440 1441//1441
f 1442//1442 1443//1443 1444//1444
f 1445//1445 1446//1446 1447//1447
f 1448//1448 1449//1449 1450//1450
f 1451//1451 1452//1452 1453//1453
f 1454//1454 1455//1455 1456//1456
f 1457//1457 1458//1458 1459//1459
f 1458//1458 1460//1460 1461//1461
f 1460//1460 1462//1462 1463//1463
f 1462//1462 1464//1464 1465//1465
f 1464//1464 1466//1466 1467//1467
f 1466//1466 1468//1468 1469//1469
f 1470//1470 1471//1471 1472//1472
f 1473//1473 1474//1474 1475//1475
f 1476//1476 1477//1477 1478//1478
f 1479//1479 1480//1480 1481//1481
f 1482//1482 1483//1483 1484//1484
f 1485//1485 1486//1486 1487//1487
f 1488//1488 1489//1489 1490//1490
f 1491//1491 1492//1492 1493//1493
f 1494//1494 1495//1495 1496//1496
f 1497//1497 1498//1498 1499//1499
f 1500//1500 1501//1501 1502//1502
f 1503//1503 1504//1504 1505//1505
f 1506//1506 1507//1507 1508//1508
f 1509//1509 1510//1510 1511//1511
f 1512//1512 1513//1513 1514//1514
f 1515//1515 1516//1516 1517//1517
f 1518//1518 1519//1519 1520//1520
f 1521//1521 1522//1522 1523//1523
f 1524//1524 1525//1525 1526//1526
f 1527//1527 1528//1528 1529//1529
f 1530//1530 1531//1531 1532//1532
f 1533//1533 1534//1534 1535//1535
f 1536//1536 1537//1537 1538//1538
f 1539//1539 1540//1540 1541//1541
f 1542//1542 1543//1543 1544//1544
f 1545//1545 1546//1546 1547//1547
f 1548//1548 1549//1549 1550//1550
f 1551//1551 1552//1552 1553//1553
f 1554//1554 1555//1555 1556//1556
f 1557//1557 1558//1558 1559//1559
f 1560//1560 1561//1561 1562//1562
f 1563//1563 1564//1564 1565//1565
f 1566//1566 1567//1567 1568//1568
f 1569//1569 1570//1570 1571//1571
f 1572//1572 1573//1573 1574//1574
f 1575//1575 1576//1576 1577//1577
f 1578//1578 1579//1579 1580//1580
f 1581//1581 1582//1582 1583//1583
f 1584//1584 1585//1585 1586//1586
f 1587//1587 1588//1588 1589//1589
f 1590//1590 1591//1591 1592//1592
f 1593//1593 1594//1594 1595//1595
f 1596//1596 1597//1597 1598//1598
f 1599//1599 1600//1600 1601//1601
f 1602//1602 1603//1603 1604//1604
f 1605//1605 1606//1606 1607//1607
f 1608//1608 1609//1609 1610//1610
f 1611//1611 1612//1612 1613//1613
f 1614//1614 1615//1615 1616//1616
f 1617//1617 1618//1618 1619//1619
f 1620//1620 1621//1621 1622//1622
f 1623//1623 1624//1624 1625//1625
f 1626//1626 1627//1627 1628//1628
f 1629//1629 1630//1630 1631//1631
f 1632//1632 1633//1633 1634//1634
f 1635//1635 1636//1636 1637//1637
f 1638//1638 1639//1639 1640//1640
f 1641//1641 1642//1642 1643//1643
f 1644//1644 1645//1645 1646//1646
f 1647//1647 1646//1646 1648//1648
f 1649//1649 1647//1647 1648//1648
f 1649//1649 1650//1650 1651//1651
f 1652//1652 1649//1649 1653//1653
f 1652//1652 1654//1654 1655//1655
f 1656//1656 1652//1652 1657//1657
f 1658//1658 1657//1657 1659//1659
f 1660//1660 1658//1658 1661//1661
f 1660//1660 1661//1661 1662//1662
f 1663//1663 1660//1660 1664//1664
f 1665//1665 1664//1664 1666//1666
f 1667//1667 1665//1665 1668//1668
f 1669//1669 1668//1668 1670//1670
f 1671//1671 1669//1669 1672//1672
f 1673//1673 1672//1672 1674//1674
f 1675//1675 1673//1673 1676//1676
f 1677//1677 1676//1676 1678//1678
f 1679//1679 1677//1677 1678//1678
f 1679//1679 1680//1680 1681//1681
f 1682//1682 1683//1683 1684//1684
f 1685//1685 1686//1686 1687//1687
f 1688//1688 1689//1689 1690//1690
f 1691//1691 1692//1692 1693//1693
f 1694//1694 1695//1695 1696//1696
f 1697//1697 1698//1698 1699//1699
f 1700//1700 1701//1701 1702//1702
f 1703//1703 1704//1704 1705//1705
f 1706//1706 1707//1707 1708//1708
f 1708//1708 1709//1709 1710//1710
f 1711//1711 1712//1712 1713//1713
f 1714//1714 1715//1715 1713//1713
f 1716//1716 1715//1715 1714//1714
f 1717//1717 1716//1716 1718//1718
f 1719//1719 1720//1720 1721//1721
f 1722//1722 1723//1723 1724//1724
f 1725//1725 1726//1726 1727//1727
f 1728//1728 1729//1729 1730//1730
f 1731//1731 1732//1732 1733//1733
f 1734//1734 1735//1735 1736//1736
f 1737//1737 1738//1738 1739//1739
f 1740//1740 1741//1741 1742//1742
f 1743//1743 1744//1744 1745//1745
f 1746//1746 1747//1747 1745//1745
f 1748//1748 1746//1746 1749//1749
f 1750//1750 1751//1751 1748//1748
f 1752//1752 1753//1753 1749//1749
f 1752//1752 1754//1754 1753//1753
f 1755//1755 1752//1752 1756//1756
f 1754//1754 1757//1757 1758//1758
f 1754//1754 1759//1759 1760//1760
f 1759//1759 1754//1754 1761//1761
f 1761//1761 1754//1754 1762//1762
f 1763//1763 1762//1762 1764//1764
f 1762//1762 1763//1763 1765//1765
f 1766//1766 1767//1767 1765//1765
f 1768//1768 1769//1769 1770//1770
f 1771//1771 1772//1772 1773//1773
f 1774//1774 1775//1775 1776//1776
f 1777//1777 1778//1778 1779//1779
f 1780//1780 1781//1781 1782//1782
f 1783//1783 1784//1784 1785//1785
f 1786//1786 1787//1787 1788//1788
f 1789//1789 1790//1790 1791//1791
f 1792//1792 1793//1793 1794//1794
f 1795//1795 1796//1796 1797//1797
f 1798//1798 1799//1799 1800//1800
f 1801//1801 1802//1802 1803//1803
f 1804//1804 1805//1805 1806//1806
f 1807//1807 1808//1808 1809//1809
f 1810//1810 1811//1811 1812//1812
f 1813//1813 1814//1814 1815//1815
f 1816//1816 1817//1817 1818//1818
f 1819//1819 1820//1820 1821//1821
f 1822//1822 1819//1819 1823//1823
f 1824//1824 1822//1822 1825//1825
f 1824//1824 1825//1825 1826//1826
f 1824//1824 1826//1826 1827//1827
f 1828//1828 1827//1827 1829//1829
f 1830//1830 1831//1831 1829//1829
f 1831//1831 1830//1830 1832//1832
f 1833//1833 1830//1830 1834//1834
f 1833//1833 1834//1834 1835//1835
f 1836//1836 1833//1833 1835//1835
f 1836//1836 1837//1837 1838//1838
f 1839//1839 1840//1840 1837//1837
f 1840//1840 1839//1839 1841//1841
f 1842//1842 1843//1843 1841//1841
f 1826//1826 1843//1843 1842//1842
f 1843//1843 1844//1844 1845//1845
f 1846//1846 1847//1847 1845//1845
f 1826//1826 1848//1848 1849//1849
f 1848//1848 1850//1850 1851//1851
f 1848//1848 1852//1852 1853//1853
f 1848//1848 1854//1854 1855//1855
f 1854//1854 1856//1856 1855//1855
f 1848//1848 1857//1857 1854//1854
f 1857//1857 1858//1858 1854//1854
f 1859//1859 1860//1860 1857//1857
f 1861//1861 1854//1854 1862//1862
f 1863//1863 1854//1854 1861//1861
f 1864//1864 1863//1863 1861//1861
f 1865//1865 1861//1861 1866//1866
f 1865//1865 1866//1866 1867//1867
f 1868//1868 1865//1865 1867//1867
f 1867//1867 1869//1869 1868//1868
f 1870//1870 1868//1868 1871//1871
f 1872//1872 1870//1870 1871//1871
f 1873//1873 1874//1874 1875//1875
f 1876//1876 1877//1877 1875//1875
f 1878//1878 1879//1879 1880//1880
f 1881//1881 1882//1882 1883//1883
f 1884//1884 1885//1885 1886//1886
f 1887//1887 1888//1888 1889//1889
f 1890//1890 1891//1891 1892//1892
f 1893//1893 1894//1894 1895//1895
f 1896//1896 1897//1897 1898//1898
f 1899//1899 1900//1900 1901//1901
f 1902//1902 1903//1903 1904//1904
f 1905//1905 1906//1906 1907//1907
f 1908//1908 1909//1909 1910//1910
f 1911//1911 1912//1912 1913//1913
f 1914//1914 1915//1915 1916//1916
f 1917//1917 1918//1918 1919//1919
f 1920//1920 1921//1921 1922//1922
f 1923//1923 1924//1924 1925//1925
f 1926//1926 1927//1927 1928//1928
f 1929//1929 1930//1930 1931//1931
f 1932//1932 1933//1933 1934//1934
f 1935//1935 1936//1936 1937//1937
f 1938//1938 1937//1937 1939//1939
f 1938//1938 1939//1939 1940//1940
f 1941//1941 1938//1938 1940//1940
f 1941//1941 1940//1940 1942//1942
f 1943//1943 1944//1944 1942//1942
f 1945//1945 1946//1946 1939//1939
f 1947//1947 1948//1948 1945//1945
f 1947//1947 1949//1949 1948//1948
f 1949//1949 1950//1950 1948//1948
f 1951//1951 1950//1950 1949//1949
f 1951//1951 1949//1949 1952//1952
f 1953//1953 1951//1951 1952//1952
f 1953//1953 1952//1952 1954//1954
f 1955//1955 1956//1956 1950//1950
f 1951//1951 1957//1957 1958//1958
f 1959//1959 1954//1954 1960//1960
f 1961//1961 1956//1956 1962//1962
f 1961//1961 1962//1962 1963//1963
f 1964//1964 1959//1959 1965//1965
f 1964//1964 1966//1966 1959//1959
f 1967//1967 1966//1966 1964//1964
f 1968//1968 1967//1967 1964//1964
f 1969//1969 1964//1964 1970//1970
f 1971//1971 1969//1969 1970//1970
f 1972//1972 1973//1973 1966//1966
f 1973//1973 1972//1972 1974//1974
f 1973//1973 1974//1974 1975//1975
f 1958//1958 1973//1973 1975//1975
f 1958//1958 1975//1975 1976//1976
f 1977//1977 1976//1976 1975//1975
f 1977//1977 1975//1975 1978//1978
f 1979//1979 1977//1977 1978//1978
f 1977//1977 1980//1980 1976//1976
f 1981//1981 1980//1980 1977//1977
f 1982//1982 1976//1976 1980//1980
f 1983//1983 1976//1976 1982//1982
f 1984//1984 1982//1982 1980//1980
f 1985//1985 1974//1974 1986//1986
f 1987//1987 1985//1985 1986//1986
f 1979//1979 1988//1988 1989//1989
f 1979//1979 1990//1990 1988//1988
f 1990//1990 1991//1991 1988//1988
f 1990//1990 1992//1992 1991//1991
f 1992//1992 1993//1993 1991//1991
f 1992//1992 1994//1994 1993//1993
f 1995//1995 1984//1984 1996//1996
f 1995//1995 1996//1996 1997//1997
f 1995//1995 1997//1997 1998//1998
f 1998//1998 1997//1997 1999//1999
f 1997//1997 2000//2000 1999//1999
f 2001//2001 2002//2002 1993//1993
f 2001//2001 2003//2003 2002//2002
f 2002//2002 2004//2004 2005//2005
f 1998//1998 2006//2006 2007//2007
f 2006//2006 2008//2008 2007//2007
f 2006//2006 2009//2009 2008//2008
f 2009//2009 2010//2010 2008//2008
f 2009//2009 2011//2011 2010//2010
f 2011//2011 2009//2009 2012//2012
f 2011//2011 1982//1982 2010//2010
f 2013//2013 2014//2014 1999//1999
f 2013//2013 2015//2015 2014//2014
f 2013//2013 2016//2016 2015//2015
f 2016//2016 2017//2017 2015//2015
f 2016//2016 2018//2018 2017//2017
f 2018//2018 1977//1977 2017//2017
f 2017//2017 2019//2019 2015//2015
f 2020//2020 2021//2021 2015//2015
f 2022//2022 2023//2023 2024//2024
f 2025//2025 2026//2026 2027//2027
f 2028//2028 2029//2029 2030//2030
f 2031//2031 2032//2032 2033//2033
f 2034//2034 2035//2035 2036//2036
f 2037//2037 2038//2038 2039//2039
f 2040//2040 2041//2041 2042//2042
f 2041//2041 2043//2043 2044//2044
f 2045//2045 2046//2046 2043//2043
f 2047//2047 2048//2048 2049//2049
f 2048//2048 2050//2050 2051//2051
f 2052//2052 2053//2053 2050//2050
f 2054//2054 2055//2055 2056//2056
f 2057//2057 2058//2058 2059//2059
f 2060//2060 2061//2061 2062//2062
f 2061//2061 2063//2063 2064//2064
f 2065//2065 2066//2066 2067//2067
f 2068//2068 2069//2069 2070//2070
f 2071//2071 2072//2072 2073//2073
f 2074//2074 2075//2075 2076//2076
f 2077//2077 2078//2078 2079//2079
f 2080//2080 2081//2081 2082//2082
f 2083//2083 2084//2084 2085//2085
f 2086//2086 2087//2087 2088//2088
f 2089//2089 2090//2090 2091//2091
f 2092//2092 2093//2093 2094//2094
f 2095//2095 2096//2096 2097//2097
f 2098//2098 2097//2097 2099//2099
f 2100//2100 2098//2098 2099//2099
f 2101//2101 2102//2102 2103//2103
f 2104//2104 2105//2105 2106//2106
f 2107//2107 2108//2108 2109//2109
f 2110//2110 2111//2111 2112//2112
f 2113//2113 2114//2114 2115//2115
f 2114//2114 2116//2116 2117//2117
f 2118//2118 2119//2119 2120//2120
f 2121//2121 2122//2122 2123//2123
f 2122//2122 2124//2124 2125//2125
f 2124//2124 2126//2126 2127//2127
f 2128//2128 2129//2129 2130//2130
f 2131//2131 2132//2132 2133//2133
f 2134//2134 2135//2135 2136//2136
f 2135//2135 2137//2137 2138//2138
f 2137//2137 2139//2139 2140//2140
f 2141//2141 2142//2142 2143//2143
f 2144//2144 2145//2145 2146//2146
f 2147//2147 2148//2148 2149//2149
f 2150//2150 2147//2147 2151//2151
f 2152//2152 2153//2153 2154//2154
f 2155//2155 2156//2156 2157//2157
f 2158//2158 2159//2159 2160//2160
f 2161//2161 2162//2162 2163//2163
f 2164//2164 2165//2165 2166//2166
f 2165//2165 2167//2167 2168//2168
f 2169//2169 2170//2170 2167//2167
f 2171//2171 2172//2172 2173//2173
f 2174//2174 2175//2175 2176//2176
f 2177//2177 2178//2178 2179//2179
f 2180//2180 2181//2181 2182//2182
f 2183//2183 2184//2184 2185//2185
f 2186//2186 2187//2187 2188//2188
f 2189//2189 2190//2190 2191//2191
f 2192//2192 2193//2193 2194//2194
f 2195//2195 2196//2196 2197//2197
f 2198//2198 2199//2199 2200//2200
f 2201//2201 2202//2202 2203//2203
f 2204//2204 2205//2205 2206//2206
f 2207//2207 2208//2208 2209//2209
f 2210//2210 2211//2211 2212//2212
f 2213//2213 2214//2214 2215//2215
f 2216//2216 2217//2217 2218//2218
f 2219//2219 2220//2220 2221//2221
f 2222//2222 2223//2223 2224//2224
f 2225//2225 2226//2226 2227//2227
f 2228//2228 2229//2229 2230//2230
f 2231//2231 2232//2232 2233//2233
f 2234//2234 2235//2235 2236//2236
f 2237//2237 2238//2238 2239//2239
f 2240//2240 2241//2241 2242//2242
f 2243//2243 2244//2244 2245//2245
f 2246//2246 2247//2247 2248//2248
f 2249//2249 2250//2250 2251//2251
f 2252//2252 2253//2253 2254//2254
f 2255//2255 2256//2256 2257//2257
f 2258//2258 2259//2259 2260//2260
f 2261//2261 2262//2262 2263//2263
f 2264//2264 2265//2265 2266//2266
f 2267//2267 2268//2268 2269//2269
f 2270//2270 2271//2271 2272//2272
f 2273//2273 2274//2274 2275//2275
f 2276//2276 2277//2277 2278//2278
f 2279//2279 2280//2280 2281//2281
f 2282//2282 2281//2281 2283//2283
f 2284//2284 2282//2282 2283//2283
f 2284//2284 2285//2285 2286//2286
f 2287//2287 2284//2284 2288//2288
f 2287//2287 2289//2289 2290//2290
f 2291//2291 2287//2287 2292//2292
f 2293//2293 2292//2292 2294//2294
f 2295//2295 2293//2293 2296//2296
f 2295//2295 2296//2296 2297//2297
f 2298//2298 2295//2295 2299//2299
f 2300//2300 2299//2299 2301//2301
f 2302//2302 2300//2300 2303//2303
f 2304//2304 2303//2303 2305//2305
f 2306//2306 2304//2304 2307//2307
f 2308//2308 2307//2307 2309//2309
f 2310//2310 2308//2308 2311//2311
f 2312//2312 2311//2311 2313//2313
f 2314//2314 2312//2312 2313//2313
f 2314//2314 2315//2315 2316//2316
f 2317//2317 2318//2318 2319//2319
f 2320//2320 2321//2321 2322//2322
f 2323//2323 2324//2324 2325//2325
f 2326//2326 2327//2327 2328//2328
f 2329//2329 2330//2330 2331//2331
f 2332//2332 2333//2333 2334//2334
f 2335//2335 2336//2336 2337//2337
f 2336//2336 2338//2338 2337//2337
f 2336//2336 2339//2339 2338//2338
f 2336//2336 2340//2340 2339//2339
f 2340//2340 2341//2341 2339//2339
f 2340//2340 2342//2342 2341//2341
f 2342//2342 2343//2343 2341//2341
f 2342//2342 2344//2344 2343//2343
f 2344//2344 2345//2345 2343//2343
f 2344//2344 2346//2346 2345//2345
f 2346//2346 2347//2347 2345//2345
f 2346//2346 2348//2348 2347//2347
f 2348//2348 2349//2349 2347//2347
f 2348//2348 2350//2350 2349//2349
f 2350//2350 2351//2351 2349//2349
f 2351//2351 2352//2352 2349//2349
f 2353//2353 2354//2354 2355//2355
f 2354//2354 2356//2356 2355//2355
f 2354//2354 2357//2357 2356//2356
f 2354//2354 2358//2358 2357//2357
f 2358//2358 2359//2359 2357//2357
f 2358//2358 2360//2360 2359//2359
f 2360//2360 2361//2361 2359//2359
f 2360//2360 2362//2362 2361//2361
f 2362//2362 2363//2363 2361//2361
f 2362//2362 2364//2364 2363//2363
f 2364//2364 2365//2365 2363//2363
f 2364//2364 2366//2366 2365//2365
f 2366//2366 2367//2367 2365//2365
f 2366//2366 2368//2368 2367//2367
f 2368//2368 2369//2369 2367//2367
f 2369//2369 2370//2370 2367//2367
f 2371//2371 2372//2372 2373//2373
f 2372//2372 2374//2374 2373//2373
f 2375//2375 2376//2376 2377//2377
f 2375//2375 2378//2378 2376//2376
f 2378//2378 2375//2375 2379//2379
f 2380//2380 2381//2381 2382//2382
f 2380//2380 2382//2382 2383//2383
f 2384//2384 2385//2385 2386//2386
f 2385//2385 2387//2387 2386//2386
f 2387//2387 2385//2385 2388//2388
f 2389//2389 2387//2387 2388//2388
f 2389//2389 2388//2388 2390//2390
f 2387//2387 2391//2391 2392//2392
f 2393//2393 2392//2392 2394//2394
f 2393//2393 2394//2394 2395//2395
f 2396//2396 2393//2393 2395//2395
f 2397//2397 2398//2398 2399//2399
f 2397//2397 2400//2400 2398//2398
f 2401//2401 2402//2402 2403//2403
f 2404//2404 2401//2401 2403//2403
f 2404//2404 2403//2403 2405//2405
f 2406//2406 2404//2404 2405//2405
f 2406//2406 2405//2405 2407//2407
f 2408//2408 2406//2406 2407//2407
f 2408//2408 2407//2407 2409//2409
f 2410//2410 2408//2408 2409//2409
f 2410//2410 2409//2409 2411//2411
f 2412//2412 2410//2410 2411//2411
f 2412//2412 2411//2411 2413//2413
f 2414//2414 2412//2412 2413//2413
f 2414//2414 2413//2413 2415//2415
f 2416//2416 2414//2414 2415//2415
f 2416//2416 2415//2415 2417//2417
f 2418//2418 2416//2416 2417//2417
f 2418//2418 2417//2417 2419//2419
f 2420//2420 2418//2418 2419//2419
f 2421//2421 2422//2422 2423//2423
f 2422//2422 2424//2424 2423//2423
f 2422//2422 2425//2425 2424//2424
f 2425//2425 2426//2426 2424//2424
f 2425//2425 2427//2427 2426//2426
f 2427//2427 2428//2428 2426//2426
f 2427//2427 2429//2429 2428//2428
f 2430//2430 2431//2431 2432//2432
f 2431//2431 2433//2433 2432//2432
f 2431//2431 2434//2434 2433//2433
f 2431//2431 2435//2435 2434//2434
f 2435//2435 2436//2436 2434//2434
f 2437//2437 2432//2432 2438//2438
f 2439//2439 2437//2437 2438//2438
f 2440//2440 2441//2441 2436//2436
f 2440//2440 2442//2442 2441//2441
f 2443//2443 1324//1324 2442//2442
f 2444//2444 2443//2443 2442//2442
f 2444//2444 2442//2442 2445//2445
f 2444//2444 2445//2445 2446//2446
f 2447//2447 2446//2446 2448//2448
f 2448//2448 1338//1338 2447//2447
f 2449//2449 1338//1338 2450//2450
f 2450//2450 1338//1338 2451//2451
f 2452//2452 2450//2450 2453//2453
f 2454//2454 2452//2452 2453//2453
f 2455//2455 2456//2456 2457//2457
f 2456//2456 2458//2458 2457//2457
f 2456//2456 2459//2459 2458//2458
f 2460//2460 2461//2461 2462//2462
f 2461//2461 2463//2463 2462//2462
f 2464//2464 2465//2465 2466//2466
f 2465//2465 2467//2467 2466//2466
f 2468//2468 2469//2469 2470//2470
f 2469//2469 2471//2471 2470//2470
f 2472//2472 2473//2473 2474//2474
f 2473//2473 2475//2475 2474//2474
f 2476//2476 2477//2477 2478//2478
f 2476//2476 2478//2478 2479//2479
f 2480//2480 2481//2481 2482//2482
f 2481//2481 2483//2483 2482//2482
f 2481//2481 2484//2484 2483//2483
f 2485//2485 2486//2486 2487//2487
f 2485//2485 2488//2488 2486//2486
f 2489//2489 2490//2490 2491//2491
f 2489//2489 2492//2492 2490//2490
f 2493//2493 2494//2494 2495//2495
f 2494//2494 2496//2496 2495//2495
f 2497//2497 2498//2498 2496//2496
f 2497//2497 2499//2499 2498//2498
f 2500//2500 2501//2501 2502//2502
f 2501//2501 2503//2503 2502//2502
f 2501//2501 2504//2504 2503//2503
f 2501//2501 2505//2505 2504//2504
f 2505//2505 2506//2506 2504//2504
f 2505//2505 2507//2507 2506//2506
f 2507//2507 2508//2508 2506//2506
f 2507//2507 2509//2509 2508//2508
f 2509//2509 2510//2510 2508//2508
f 2509//2509 2511//2511 2510//2510
f 2511//2511 2512//2512 2510//2510
f 2511//2511 2513//2513 2512//2512
f 2513//2513 2514//2514 2512//2512
f 2513//2513 2515//2515 2514//2514
f 2515//2515 2516//2516 2514//2514
f 2516//2516 2517//2517 2514//2514
f 2518//2518 2519//2519 2520//2520
f 2519//2519 2521//2521 2520//2520
f 2519//2519 2522//2522 2521//2521
f 2519//2519 2523//2523 2522//2522
f 2523//2523 2524//2524 2522//2522
f 2523//2523 2525//2525 2524//2524
f 2525//2525 2526//2526 2524//2524
f 2525//2525 2527//2527 2526//2526
f 2527//2527 2528//2528 2526//2526
f 2527//2527 2529//2529 2528//2528
f 2529//2529 2530//2530 2528//2528
f 2529//2529 2531//2531 2530//2530
f 2531//2531 2532//2532 2530//2530
f 2531//2531 2533//2533 2532//2532
f 2533//2533 2534//2534 2532//2532
f 2534//2534 2535//2535 2532//2532
f 2536//2536 2537//2537 2538//2538
f 2537//2537 2539//2539 2538//2538
f 2540//2540 2541//2541 2542//2542
f 2541//2541 2543//2543 2542//2542
f 2544//2544 2543//2543 2541//2541
f 2543//2543 2544//2544 2545//2545
f 2544//2544 2546//2546 2545//2545
f 2546//2546 2547//2547 2545//2545
f 2546//2546 2548//2548 2547//2547
f 2549//2549 2543//2543 2550//2550
f 2548//2548 2551//2551 2552//2552
f 2553//2553 2552//2552 2551//2551
f 2553//2553 2551//2551 2554//2554
f 2553//2553 2554//2554 2555//2555
f 2554//2554 2556//2556 2555//2555
f 2549//2549 2557//2557 2558//2558
f 2559//2559 2549//2549 2558//2558
f 2560//2560 2559//2559 2558//2558
f 2559//2559 2560//2560 2561//2561
f 2562//2562 2563//2563 2564//2564
f 2562//2562 2564//2564 2565//2565
f 2566//2566 2567//2567 2568//2568
f 2567//2567 2569//2569 2568//2568
f 2570//2570 2571//2571 2572//2572
f 2571//2571 2570//2570 2573//2573
f 2571//2571 2573//2573 2574//2574
f 1747//1747 2571//2571 2574//2574
f 2575//2575 2576//2576 2577//2577
f 2578//2578 2575//2575 2577//2577
f 2578//2578 2577//2577 2579//2579
f 2580//2580 2578//2578 2579//2579
f 2580//2580 2579//2579 2581//2581
f 2582//2582 2580//2580 2581//2581
f 2582//2582 2581//2581 2583//2583
f 2584//2584 2582//2582 2583//2583
f 2584//2584 2583//2583 2585//2585
f 2586//2586 2584//2584 2585//2585
f 2586//2586 2585//2585 2587//2587
f 2588//2588 2586//2586 2587//2587
f 2588//2588 2587//2587 2589//2589
f 2590//2590 2588//2588 2589//2589
f 2590//2590 2589//2589 2591//2591
f 2592//2592 2590//2590 2591//2591
f 2592//2592 2591//2591 2593//2593
f 2594//2594 2592//2592 2593//2593
f 2595//2595 2596//2596 2597//2597
f 2596//2596 2598//2598 2597//2597
f 2596//2596 2599//2599 2598//2598
f 2599//2599 2600//2600 2598//2598
f 2599//2599 2601//2601 2600//2600
f 2601//2601 2602//2602 2600//2600
f 2601//2601 2603//2603 2602//2602
f 2604//2604 2605//2605 2606//2606
f 2605//2605 2607//2607 2606//2606
f 2608//2608 2609//2609 2610//2610
f 2609//2609 2611//2611 2610//2610
f 2612//2612 2613//2613 2614//2614
f 2613//2613 2615//2615 2614//2614
f 2616//2616 2617//2617 2618//2618
f 2617//2617 2619//2619 2618//2618
f 2620//2620 2621//2621 2622//2622
f 2621//2621 2623//2623 2622//2622
f 2624//2624 2625//2625 2626//2626
f 2625//2625 2627//2627 2626//2626
f 2628//2628 2629//2629 2630//2630
f 2628//2628 2630//2630 2631//2631
f 2632//2632 2633//2633 2634//2634
f 2633//2633 2635//2635 2634//2634
f 2633//2633 2636//2636 2635//2635
f 2637//2637 2638//2638 2639//2639
f 2637//2637 2640//2640 2638//2638
f 2641//2641 2642//2642 2643//2643
f 2641//2641 2644//2644 2642//2642
f 2645//2645 2646//2646 2647//2647
f 2646//2646 2648//2648 2647//2647
f 2649//2649 2650//2650 2648//2648
f 2649//2649 2651//2651 2650//2650
f 2652//2652 2653//2653 2654//2654
f 2655//2655 2652//2652 2656//2656
f 2657//2657 2655//2655 2658//2658
f 2657//2657 2659//2659 2660//2660
f 2661//2661 2657//2657 2660//2660
f 2661//2661 2660//2660 2662//2662
f 2663//2663 2661//2661 2664//2664
f 2665//2665 2663//2663 2666//2666
f 2666//2666 2667//2667 2668//2668
f 2669//2669 2670//2670 2671//2671
f 2672//2672 2673//2673 2674//2674
f 2675//2675 2676//2676 2677//2677
f 2678//2678 2679//2679 2680//2680
f 2681//2681 2682//2682 2683//2683
f 2684//2684 2685//2685 2686//2686
f 2687//2687 2688//2688 2689//2689
f 2690//2690 2691//2691 2692//2692
f 2693//2693 2694//2694 2695//2695
f 2696//2696 2697//2697 2698//2698
f 2699//2699 2700//2700 2701//2701
f 2702//2702 2703//2703 2704//2704
f 2705//2705 2706//2706 2707//2707
f 2708//2708 2709//2709 2710//2710
f 2711//2711 2712//2712 2713//2713
f 2714//2714 2715//2715 2716//2716
f 2717//2717 2718//2718 2719//2719
f 2720//2720 2721//2721 2722//2722
f 2723//2723 2724//2724 2725//2725
f 2726//2726 2727//2727 2728//2728
f 2729//2729 2730//2730 2731//2731
f 2732//2732 2733//2733 2730//2730
f 2733//2733 2734//2734 2735//2735
f 2733//2733 2736//2736 2734//2734
f 2737//2737 2738//2738 2739//2739
f 2737//2737 2740//2740 2741//2741
f 2737//2737 2742//2742 2740//2740
f 2742//2742 2743//2743 2744//2744
f 2743//2743 2745//2745 2744//2744
f 2746//2746 2737//2737 2747//2747
f 2746//2746 2747//2747 2748//2748
f 2749//2749 2746//2746 2750//2750
f 2751//2751 2752//2752 2753//2753
f 2754//2754 2753//2753 2755//2755
f 2754//2754 2756//2756 2753//2753
f 2757//2757 2758//2758 2759//2759
f 2760//2760 2757//2757 2761//2761
f 2757//2757 2762//2762 2761//2761
f 2763//2763 2764//2764 2765//2765
f 2766//2766 2767//2767 2768//2768
f 2769//2769 2770//2770 2771//2771
f 2772//2772 2773//2773 2774//2774
f 2775//2775 2776//2776 2777//2777
f 2778//2778 2779//2779 2780//2780
f 2781//2781 2782//2782 2783//2783
f 2784//2784 2785//2785 2786//2786
f 2787//2787 2788//2788 2789//2789
f 2790//2790 2791//2791 2792//2792
f 2793//2793 2794//2794 2795//2795
f 2796//2796 2797//2797 2798//2798
f 2799//2799 2800//2800 2801//2801
f 2802//2802 2803//2803 2804//2804
f 2805//2805 2806//2806 2807//2807
f 2808//2808 2809//2809 2810//2810
f 2811//2811 2812//2812 2813//2813
f 2814//2814 2815//2815 2816//2816
f 2815//2815 2817//2817 2818//2818
f 2815//2815 2818//2818 2819//2819
f 2820//2820 2821//2821 2822//2822
f 2823//2823 2824//2824 2825//2825
f 2826//2826 2827//2827 2828//2828
f 2829//2829 2826//2826 2830//2830
f 2831//2831 2832//2832 2833//2833
f 2834//2834 2835//2835 2836//2836
f 2837//2837 2838//2838 2839//2839
f 2840//2840 2841//2841 2842//2842
f 2843//2843 2844//2844 2845//2845
f 2846//2846 2847//2847 2848//2848
f 2849//2849 2850//2850 2851//2851
f 2852//2852 2853//2853 2854//2854
f 2855//2855 2856//2856 2857//2857
f 2858//2858 2859//2859 2860//2860
f 2861//2861 2862//2862 2863//2863
f 2864//2864 2865//2865 2866//2866
f 2867//2867 2868//2868 2869//2869
f 2870//2870 2871//2871 2872//2872
f 2873//2873 2874//2874 2875//2875
f 2876//2876 2877//2877 2878//2878
f 2879//2879 2880//2880 2881//2881
f 2882//2882 2883//2883 2884//2884
f 2885//2885 2886//2886 2887//2887
f 2888//2888 2889//2889 2890//2890
f 2888//2888 2891//2891 2892//2892
f 2892//2892 2893//2893 2894//2894
f 2895//2895 2896//2896 2897//2897
f 2898//2898 2899//2899 2900//2900
f 2901//2901 2902//2902 2903//2903
f 2904//2904 2905//2905 2906//2906
f 2907//2907 2908//2908 2909//2909
f 2910//2910 2909//2909 2911//2911
f 2912//2912 2910//2910 2911//2911
f 2913//2913 2914//2914 2915//2915
f 2916//2916 2917//2917 2918//2918
f 2919//2919 2918//2918 2920//2920
f 2921//2921 2922//2922 2920//2920
f 2922//2922 2921//2921 2923//2923
f 2923//2923 2924//2924 2925//2925
f 2921//2921 2926//2926 2924//2924
f 2924//2924 2926//2926 2927//2927
f 2926//2926 2928//2928 2927//2927
f 2929//2929 2930//2930 2927//2927
f 2931//2931 2928//2928 2932//2932
f 2928//2928 2933//2933 2932//2932
f 2930//2930 2934//2934 2935//2935
f 2935//2935 2936//2936 2930//2930
f 2937//2937 2921//2921 2938//2938
f 2939//2939 2937//2937 2938//2938
f 2940//2940 2937//2937 2939//2939
f 2941//2941 2940//2940 2939//2939
f 2933//2933 2942//2942 2943//2943
f 2944//2944 2942//2942 2945//2945
f 2946//2946 2944//2944 2945//2945
f 2943//2943 2947//2947 2948//2948
f 2947//2947 2949//2949 2948//2948
f 2947//2947 2950//2950 2949//2949
f 2946//2946 2951//2951 2950//2950
f 2952//2952 2949//2949 2950//2950
f 2951//2951 2952//2952 2950//2950
f 2953//2953 2951//2951 2954//2954
f 2955//2955 2956//2956 2945//2945
f 2955//2955 2933//2933 2956//2956
f 2933//2933 2957//2957 2956//2956
f 2957//2957 2958//2958 2959//2959
f 2958//2958 2960//2960 2959//2959
f 2961//2961 2960//2960 2958//2958
f 2961//2961 2962//2962 2960//2960
f 2963//2963 2962//2962 2964//2964
f 2965//2965 2963//2963 2964//2964
f 2966//2966 2967//2967 2960//2960
f 2966//2966 2968//2968 2967//2967
f 2969//2969 2958//2958 2970//2970
f 2971//2971 2969//2969 2970//2970
f 2971//2971 2970//2970 2972//2972
f 2973//2973 2971//2971 2972//2972
f 2974//2974 2972//2972 2975//2975
f 2976//2976 2974//2974 2975//2975
f 2975//2975 2977//2977 2978//2978
f 2977//2977 2979//2979 2978//2978
f 2980//2980 2953//2953 2968//2968
f 2953//2953 2981//2981 2968//2968
f 2982//2982 2983//2983 2981//2981
f 2983//2983 2984//2984 2981//2981
f 2985//2985 2986//2986 2981//2981
f 2985//2985 2987//2987 2986//2986
f 2987//2987 2984//2984 2988//2988
f 2989//2989 2987//2987 2988//2988
f 2980//2980 2990//2990 2991//2991
f 2992//2992 2980//2980 2991//2991
f 2992//2992 2991//2991 2993//2993
f 2992//2992 2993//2993 2994//2994
f 2995//2995 2992//2992 2994//2994
f 2996//2996 2995//2995 2994//2994
f 2996//2996 2994//2994 2997//2997
f 2998//2998 2995//2995 2996//2996
f 2999//2999 3000//3000 2997//2997
f 3001//3001 2990//2990 3002//3002
f 3003//3003 3001//3001 3002//3002
f 2993//2993 3004//3004 3005//3005
f 2993//2993 3006//3006 3004//3004
f 3007//3007 2995//2995 3008//3008
f 3007//3007 3008//3008 3009//3009
f 3010//3010 3007//3007 3011//3011
f 3010//3010 3012//3012 3013//3013
f 3009//3009 2998//2998 3014//3014
f 3015//3015 3016//3016 3014//3014
f 3016//3016 3015//3015 3017//3017
f 3018//3018 3012//3012 3019//3019
f 3020//3020 3018//3018 3019//3019
f 3021//3021 3022//3022 3013//3013
f 3023//3023 3021//3021 3013//3013
f 3023//3023 3024//3024 3019//3019
f 3023//3023 3025//3025 3024//3024
f 3026//3026 3009//3009 3027//3027
f 3026//3026 3028//3028 3009//3009
f 3028//3028 3029//3029 3009//3009
f 3029//3029 3028//3028 3030//3030
f 3030//3030 3031//3031 3032//3032
f 3031//3031 3033//3033 3032//3032
f 3031//3031 3034//3034 3033//3033
f 3034//3034 3035//3035 3036//3036
f 3035//3035 3037//3037 3036//3036
f 3038//3038 3026//3026 3039//3039
f 3038//3038 3039//3039 3040//3040
f 3038//3038 3041//3041 3035//3035
f 3038//3038 3040//3040 3041//3041
f 3042//3042 3043//3043 3041//3041
f 3042//3042 3044//3044 3043//3043
f 3044//3044 3045//3045 3043//3043
f 3043//3043 3045//3045 3046//3046
f 3047//3047 3043//3043 3046//3046
f 3047//3047 3046//3046 3048//3048
f 3049//3049 3047//3047 3048//3048
f 3046//3046 3050//3050 3048//3048
f 3046//3046 3051//3051 3050//3050
f 3052//3052 3053//3053 3054//3054
f 3054//3054 3055//3055 3037//3037
f 3055//3055 3056//3056 3037//3037
f 3056//3056 3019//3019 3037//3037
f 3055//3055 2940//2940 3056//3056
f 2940//2940 3057//3057 3056//3056
f 2940//2940 3058//3058 3057//3057
f 3058//3058 3059//3059 3057//3057
f 3059//3059 3060//3060 3057//3057
f 3059//3059 3021//3021 3060//3060
f 3021//3021 3061//3061 3062//3062
f 3061//3061 3063//3063 3062//3062
f 3063//3063 3064//3064 3062//3062
f 3063//3063 3065//3065 3064//3064
f 3063//3063 3066//3066 3065//3065
f 3066//3066 2920//2920 3065//3065
f 3064//3064 3065//3065 3067//3067
f 3064//3064 3067//3067 3068//3068
f 2952//2952 3064//3064 3068//3068
f 3069//3069 3061//3061 3070//3070
f 3061//3061 3071//3071 3070//3070
f 3067//3067 3072//3072 3073//3073
f 3073//3073 3074//3074 3067//3067
f 3075//3075 3068//3068 3076//3076
f 3075//3075 3076//3076 3077//3077
f 3078//3078 3079//3079 3080//3080
f 3081//3081 3082//3082 3078//3078
f 3081//3081 3083//3083 3082//3082
f 3084//3084 3085//3085 3086//3086
f 3087//3087 3088//3088 3089//3089
f 3090//3090 3091//3091 3092//3092
f 3093//3093 3094//3094 3095//3095
f 3096//3096 3097//3097 3098//3098
f 3099//3099 3100//3100 3101//3101
f 3102//3102 3103//3103 3104//3104
f 3105//3105 3106//3106 3107//3107
f 3108//3108 3109//3109 3110//3110
f 3111//3111 3112//3112 3113//3113
f 3114//3114 3115//3115 3116//3116
f 3115//3115 3117//3117 3118//3118
f 3117//3117 3119//3119 3120//3120
f 3119//3119 3121//3121 3122//3122
f 3121//3121 3123//3123 3124//3124
f 3123//3123 3125//3125 3126//3126
f 3127//3127 3128//3128 3129//3129
f 3130//3130 3131//3131 3132//3132
f 3133//3133 3134//3134 3135//3135
f 3136//3136 3137//3137 3138//3138
f 3139//3139 3140//3140 3141//3141
f 3142//3142 3143//3143 3144//3144
f 3145//3145 3146//3146 3147//3147
f 3145//3145 3148//3148 3149//3149
f 3150//3150 3145//3145 3149//3149
f 3151//3151 3150//3150 3152//3152
f 3153//3153 3152//3152 3154//3154
f 3155//3155 3153//3153 3154//3154
f 3156//3156 3157//3157 3158//3158
f 3159//3159 3160//3160 3161//3161
f 3162//3162 3163//3163 3160//3160
f 3164//3164 3165//3165 3166//3166
f 3165//3165 3167//3167 3168//3168
f 3167//3167 3169//3169 3170//3170
f 3171//3171 3172//3172 3173//3173
f 3174//3174 3175//3175 3176//3176
f 3177//3177 3178//3178 3179//3179
f 3180//3180 3181//3181 3182//3182
f 3183//3183 3180//3180 3184//3184
f 3185//3185 3183//3183 3186//3186
f 3185//3185 3186//3186 3187//3187
f 3188//3188 3185//3185 3187//3187
f 3189//3189 3188//3188 3190//3190
f 3191//3191 3190//3190 3192//3192
f 3193//3193 3189//3189 3192//3192
f 3194//3194 3193//3193 3195//3195
f 3194//3194 3195//3195 3196//3196
f 3197//3197 3194//3194 3196//3196
f 3198//3198 3199//3199 3200//3200
f 3201//3201 3202//3202 3203//3203
f 3204//3204 3205//3205 3206//3206
f 3207//3207 3208//3208 3209//3209
f 3208//3208 3210//3210 3211//3211
f 3212//3212 3213//3213 3214//3214
f 3215//3215 3216//3216 3217//3217
f 3218//3218 3219//3219 3220//3220
f 3219//3219 3221//3221 3222//3222
f 3223//3223 3224//3224 3222//3222
f 3223//3223 3225//3225 3224//3224
f 3226//3226 3227//3227 3228//3228
f 3229//3229 3230//3230 3231//3231
f 3232//3232 3233//3233 3234//3234
f 3235//3235 3236//3236 3237//3237
f 3238//3238 3239//3239 3240//3240
f 3241//3241 3242//3242 3243//3243
f 3244//3244 3245//3245 3246//3246
f 3247//3247 3248//3248 3249//3249
f 3250//3250 3251//3251 3252//3252
f 3253//3253 3254//3254 3255//3255
f 3256//3256 3257//3257 3258//3258
f 3259//3259 3260//3260 3261//3261
f 3262//3262 3263//3263 3259//3259
f 3263//3263 3262//3262 3264//3264
f 3265//3265 3266//3266 3267//3267
f 3268//3268 3269//3269 3270//3270
f 3271//3271 3272//3272 3273//3273
f 3274//3274 3275//3275 3276//3276
f 3277//3277 3278//3278 3279//3279
f 3280//3280 3281//3281 3282//3282
f 3283//3283 3284//3284 3285//3285
f 3286//3286 3287//3287 3288//3288
f 3289//3289 3290//3290 3291//3291
f 3292//3292 3293//3293 3294//3294
f 3295//3295 3296//3296 3292//3292
f 3295//3295 3297//3297 3296//3296
f 3298//3298 3299//3299 3300//3300
f 3301//3301 3302//3302 3303//3303
f 3304//3304 3305//3305 3306//3306
f 3307//3307 3308//3308 3309//3309
f 3310//3310 3311//3311 3312//3312
f 3313//3313 3314//3314 3315//3315
f 3316//3316 3317//3317 3318//3318
f 3319//3319 3320//3320 3321//3321
f 3322//3322 3323//3323 3324//3324
f 3325//3325 3326//3326 3327//3327
f 3328//3328 3329//3329 3330//3330
f 3331//3331 3332//3332 3333//3333
f 3334//3334 3335//3335 3336//3336
f 3337//3337 3338//3338 3339//3339
f 3340//3340 3341//3341 3342//3342
f 3343//3343 3344//3344 3345//3345
f 3346//3346 3347//3347 3348//3348
f 3349//3349 3350//3350 3351//3351
f 3352//3352 3353//3353 3354//3354
f 3355//3355 3356//3356 3357//3357
f 3358//3358 3359//3359 3360//3360
f 3361//3361 3362//3362 3363//3363
f 3364//3364 3365//3365 3366//3366
f 3367//3367 3368//3368 3369//3369
f 3370//3370 3371//3371 3372//3372
f 3373//3373 3374//3374 3375//3375
f 3376//3376 3377//3377 3378//3378
f 3379//3379 3380//3380 3381//3381
f 3382//3382 3383//3383 3384//3384
f 3385//3385 3386//3386 3387//3387
f 3388//3388 3389//3389 3390//3390
f 3391//3391 3392//3392 3393//3393
f 3394//3394 3395//3395 3396//3396
f 3397//3397 3398//3398 3399//3399
f 3400//3400 3401//3401 3402//3402
f 3403//3403 3404//3404 3405//3405
f 3406//3406 3407//3407 3408//3408
f 3409//3409 3410//3410 3411//3411
f 3412//3412 3413//3413 3414//3414
f 3415//3415 3416//3416 3417//3417
f 3418//3418 3419//3419 3420//3420
f 3421//3421 3422//3422 3423//3423
f 3424//3424 3425//3425 3426//3426
f 3427//3427 3428//3428 3429//3429
f 3430//3430 3431//3431 3432//3432
f 3433//3433 3434//3434 3435//3435
f 3436//3436 3437//3437 3438//3438
f 3439//3439 3440//3440 3441//3441
f 3442//3442 3443//3443 3444//3444
f 3445//3445 3446//3446 3447//3447
f 3448//3448 3449//3449 3450//3450
f 3451//3451 3452//3452 3453//3453
f 3454//3454 3455//3455 3456//3456
f 3457//3457 3458//3458 3459//3459
f 3460//3460 3461//3461 3462//3462
f 3463//3463 3464//3464 3465//3465
f 3466//3466 3467//3467 3468//3468
f 3469//3469 3470//3470 3471//3471
f 3472//3472 3473//3473 3474//3474
f 3475//3475 3476//3476 3477//3477
f 3478//3478 3479//3479 3480//3480
f 3481//3481 3482//3482 3483//3483
f 3484//3484 3485//3485 3486//3486
f 3487//3487 3488//3488 3489//3489
f 3490//3490 3491//3491 3492//3492
f 3493//3493 3494//3494 3495//3495
f 3496//3496 3497//3497 3498//3498
f 3499//3499 3500//3500 3501//3501
f 3502//3502 3503//3503 3504//3504
f 3505//3505 3506//3506 3507//3507
f 3508//3508 3509//3509 3510//3510
f 3511//3511 3512//3512 3513//3513
f 3514//3514 3511//3511 3515//3515
f 3516//3516 3514//3514 3517//3517
f 3516//3516 3518//3518 3519//3519
f 3520//3520 3516//3516 3519//3519
f 3520//3520 3519//3519 3521//3521
f 3522//3522 3520//3520 3523//3523
f 3524//3524 3522//3522 3525//3525
f 3525//3525 3526//3526 3527//3527
f 3528//3528 3529//3529 3530//3530
f 3531//3531 3532//3532 3533//3533
f 3534//3534 3535//3535 3536//3536
f 3537//3537 3538//3538 3539//3539
f 3540//3540 3541//3541 3542//3542
f 3543//3543 3544//3544 3545//3545
f 3546//3546 3547//3547 3548//3548
f 3549//3549 3550//3550 3551//3551
f 3552//3552 3553//3553 3554//3554
f 3555//3555 3556//3556 3557//3557
f 3558//3558 3559//3559 3560//3560
f 3561//3561 3562//3562 3563//3563
f 3564//3564 3565//3565 3566//3566
f 3567//3567 3568//3568 3569//3569
f 3570//3570 3571//3571 3572//3572
f 3573//3573 3574//3574 3575//3575
f 3576//3576 3577//3577 3578//3578
f 3579//3579 3580//3580 3581//3581
f 3582//3582 3583//3583 3584//3584
f 3585//3585 3586//3586 3587//3587
f 3588//3588 3589//3589 3590//3590
f 3591//3591 3592//3592 3589//3589
f 3592//3592 3593//3593 3594//3594
f 3592//3592 3595//3595 3593//3593
f 3596//3596 3597//3597 3598//3598
f 3596//3596 3599//3599 3600//3600
f 3596//3596 3601//3601 3599//3599
f 3601//3601 3602//3602 3603//3603
f 3602//3602 3604//3604 3603//3603
f 3605//3605 3596//3596 3606//3606
f 3605//3605 3606//3606 3607//3607
f 3608//3608 3605//3605 3609//3609
f 3610//3610 3611//3611 3612//3612
f 3613//3613 3612//3612 3614//3614
f 3613//3613 3615//3615 3612//3612
f 3616//3616 3617//3617 3618//3618
f 3619//3619 3616//3616 3620//3620
f 3616//3616 3621//3621 3620//3620
f 3622//3622 3623//3623 3624//3624
f 3625//3625 3626//3626 3627//3627
f 3628//3628 3629//3629 3630//3630
f 3631//3631 3632//3632 3633//3633
f 3634//3634 3635//3635 3636//3636
f 3637//3637 3638//3638 3639//3639
f 3640//3640 3641//3641 3642//3642
f 3643//3643 3644//3644 3645//3645
f 3646//3646 3647//3647 3648//3648
f 3649//3649 3650//3650 3651//3651
f 3652//3652 3653//3653 3654//3654
f 3655//3655 3656//3656 3657//3657
f 3658//3658 3659//3659 3660//3660
f 3661//3661 3662//3662 3663//3663
f 3664//3664 3665//3665 3666//3666
f 3667//3667 3668//3668 3669//3669
f 3670//3670 3671//3671 3672//3672
f 3673//3673 3674//3674 3675//3675
f 3674//3674 3676//3676 3677//3677
f 3674//3674 3677//3677 3678//3678
f 3679//3679 3680//3680 3681//3681
f 3682//3682 3683//3683 3684//3684
f 3685//3685 3686//3686 3687//3687
f 3688//3688 3685//3685 3689//3689
f 3690//3690 3691//3691 3692//3692
f 3693//3693 3694//3694 3695//3695
f 3696//3696 3697//3697 3698//3698
f 3699//3699 3700//3700 3701//3701
f 3702//3702 3703//3703 3704//3704
f 3705//3705 3706//3706 3707//3707
f 3708//3708 3709//3709 3710//3710
f 3711//3711 3712//3712 3713//3713
f 3714//3714 3715//3715 3716//3716
f 3717//3717 3718//3718 3719//3719
f 3720//3720 3721//3721 3722//3722
f 3723//3723 3724//3724 3725//3725
f 3726//3726 3727//3727 3728//3728
f 3729//3729 3730//3730 3731//3731
f 3732//3732 3733//3733 3734//3734
f 3735//3735 3736//3736 3737//3737
f 3738//3738 3739//3739 3740//3740
f 3741//3741 3742//3742 3743//3743
f 3744//3744 3745//3745 3746//3746
f 3747//3747 3748//3748 3749//3749
f 3747//3747 3750//3750 3751//3751
f 3751//3751 3752//3752 3753//3753
f 3754//3754 3755//3755 3756//3756
f 3757//3757 3758//3758 3759//3759
f 3760//3760 3761//3761 3762//3762
f 3763//3763 3764//3764 3765//3765
f 3766//3766 3767//3767 3768//3768
f 3769//3769 3768//3768 3770//3770
f 3771//3771 3769//3769 3770//3770
f 3772//3772 3773//3773 3774//3774
f 3775//3775 3776//3776 3777//3777
f 3778//3778 3779//3779 3780//3780
f 3781//3781 3778//3778 3782//3782
f 3781//3781 3782//3782 3783//3783
f 3784//3784 3781//3781 3783//3783
f 3784//3784 3783//3783 3785//3785
f 3786//3786 3784//3784 3785//3785
f 3787//3787 3785//3785 3788//3788
f 3787//3787 3789//3789 3786//3786
f 3787//3787 3790//3790 3791//3791
f 3790//3790 3792//3792 3791//3791
f 3792//3792 3793//3793 3791//3791
f 3782//3782 3794//3794 3795//3795
f 3794//3794 3796//3796 3795//3795
f 3794//3794 3797//3797 3798//3798
f 3797//3797 3799//3799 3798//3798
f 3797//3797 3800//3800 3799//3799
f 3800//3800 3801//3801 3799//3799
f 3801//3801 3802//3802 3799//3799
f 3801//3801 3792//3792 3802//3802
f 3797//3797 3803//3803 3804//3804
f 3804//3804 3803//3803 3805//3805
f 3806//3806 3805//3805 3807//3807
f 3803//3803 3808//3808 3809//3809
f 3808//3808 3810//3810 3809//3809
f 3810//3810 3808//3808 3811//3811
f 3811//3811 3812//3812 3813//3813
f 3808//3808 3814//3814 3812//3812
f 3812//3812 3814//3814 3815//3815
f 3814//3814 3816//3816 3815//3815
f 3817//3817 3818//3818 3815//3815
f 3819//3819 3820//3820 3818//3818
f 3821//3821 3816//3816 3822//3822
f 3816//3816 3823//3823 3822//3822
f 3823//3823 3824//3824 3822//3822
f 3824//3824 3823//3823 3825//3825
f 3823//3823 3826//3826 3825//3825
f 3824//3824 3825//3825 3827//3827
f 3828//3828 3824//3824 3827//3827
f 3829//3829 3828//3828 3827//3827
f 3829//3829 3830//3830 3831//3831
f 3830//3830 3832//3832 3831//3831
f 3833//3833 3830//3830 3834//3834
f 3835//3835 3831//3831 3836//3836
f 3837//3837 3835//3835 3836//3836
f 3836//3836 3838//3838 3837//3837
f 3832//3832 3839//3839 3840//3840
f 3832//3832 3841//3841 3839//3839
f 3841//3841 3842//3842 3839//3839
f 3839//3839 3842//3842 3843//3843
f 3844//3844 3839//3839 3843//3843
f 3845//3845 3842//3842 3841//3841
f 3845//3845 3841//3841 3846//3846
f 3847//3847 3845//3845 3846//3846
f 3792//3792 3847//3847 3846//3846
f 3848//3848 3847//3847 3849//3849
f 3848//3848 3849//3849 3850//3850
f 3851//3851 3852//3852 3853//3853
f 3854//3854 3855//3855 3856//3856
f 3857//3857 3858//3858 3859//3859
f 3857//3857 3860//3860 3861//3861
f 3860//3860 3862//3862 3861//3861
f 3862//3862 3863//3863 3861//3861
f 3861//3861 3863//3863 3864//3864
f 3863//3863 3865//3865 3864//3864
f 3862//3862 3866//3866 3863//3863
f 3866//3866 3867//3867 3863//3863
f 3866//3866 3868//3868 3867//3867
f 3868//3868 3869//3869 3867//3867
f 3866//3866 3870//3870 3871//3871
f 3871//3871 3872//3872 3873//3873
f 3874//3874 3875//3875 3870//3870
f 3875//3875 3876//3876 3877//3877
f 3865//3865 3878//3878 3879//3879
f 3878//3878 3880//3880 3879//3879
f 3865//3865 3881//3881 3878//3878
f 3881//3881 3882//3882 3878//3878
f 3883//3883 3882//3882 3881//3881
f 3884//3884 3885//3885 3882//3882
f 3884//3884 3886//3886 3885//3885
f 3887//3887 3883//3883 3888//3888
f 3887//3887 3888//3888 3889//3889
f 3890//3890 3887//3887 3889//3889
f 3890//3890 3889//3889 3782//3782
f 3890//3890 3891//3891 3892//3892
f 3891//3891 3893//3893 3892//3892
f 3891//3891 3894//3894 3893//3893
f 3894//3894 3895//3895 3893//3893
f 3895//3895 3894//3894 3896//3896
f 3789//3789 3897//3897 3893//3893
f 3789//3789 3898//3898 3897//3897
f 3897//3897 3898//3898 3899//3899
f 3899//3899 3898//3898 3900//3900
f 3899//3899 3900//3900 3901//3901
f 3898//3898 3902//3902 3900//3900
f 3902//3902 3857//3857 3900//3900
f 3902//3902 3903//3903 3857//3857
f 3902//3902 3904//3904 3903//3903
f 3904//3904 3905//3905 3903//3903
f 3906//3906 3903//3903 3907//3907
f 3908//3908 3899//3899 3909//3909
f 3908//3908 3909//3909 3910//3910
f 3904//3904 3833//3833 3911//3911
f 3833//3833 3912//3912 3911//3911
f 3913//3913 3911//3911 3914//3914
f 3913//3913 3914//3914 3915//3915
f 3916//3916 3917//3917 3907//3907
f 3916//3916 3918//3918 3917//3917
f 3918//3918 3919//3919 3917//3917
f 3920//3920 3919//3919 3915//3915
f 3920//3920 3915//3915 3869//3869
f 3869//3869 3915//3915 3921//3921
f 3826//3826 3869//3869 3921//3921
f 3826//3826 3921//3921 3922//3922
f 3923//3923 3924//3924 3912//3912
f 3924//3924 3925//3925 3912//3912
f 3926//3926 3927//3927 3922//3922
f 3927//3927 3928//3928 3912//3912
f 3927//3927 3926//3926 3928//3928
f 3929//3929 3930//3930 3931//3931
f 3932//3932 3933//3933 3934//3934
f 3935//3935 3936//3936 3937//3937
f 3938//3938 3939//3939 3940//3940
f 3941//3941 3942//3942 3943//3943
f 3944//3944 3945//3945 3946//3946
f 3947//3947 3948//3948 3949//3949
f 3950//3950 3951//3951 3952//3952
f 3953//3953 3954//3954 3955//3955
f 3956//3956 3957//3957 3958//3958
f 3959//3959 3960//3960 3961//3961
f 3962//3962 3963//3963 3964//3964
f 3965//3965 3966//3966 3967//3967
f 3968//3968 3969//3969 3970//3970
f 3971//3971 3970//3970 3972//3972
f 3973//3973 3971//3971 3972//3972
f 3974//3974 3975//3975 3976//3976
f 3977//3977 3978//3978 3979//3979
f 3980//3980 3981//3981 3978//3978
f 3982//3982 3983//3983 3984//3984
f 3985//3985 3986//3986 3987//3987
f 3988//3988 3989//3989 3990//3990
f 3991//3991 3988//3988 3992//3992
f 3993//3993 3991//3991 3994//3994
f 3995//3995 3996//3996 3997//3997
f 3998//3998 3999//3999 4000//4000
f 4001//4001 4002//4002 4003//4003
f 4004//4004 4005//4005 4006//4006
f 4007//4007 4008//4008 4009//4009
f 4010//4010 4011//4011 4012//4012
f 4011//4011 4013//4013 4014//4014
f 4013//4013 4015//4015 4016//4016
f 4017//4017 4018//4018 4019//4019
f 4020//4020 4021//4021 4022//4022
f 4023//4023 4024//4024 4025//4025
f 4026//4026 4027//4027 4028//4028
f 4029//4029 4030//4030 4031//4031
f 4032//4032 4033//4033 4034//4034
f 4035//4035 4034//4034 4036//4036
f 4037//4037 4038//4038 4036//4036
f 4039//4039 4037//4037 4040//4040
f 4039//4039 4040//4040 4041//4041
f 4042//4042 4039//4039 4041//4041
f 4043//4043 4042//4042 4044//4044
f 4045//4045 4043//4043 4046//4046
f 4047//4047 4045//4045 4048//4048
f 4049//4049 4047//4047 4050//4050
f 4049//4049 4050//4050 4051//4051
f 4052//4052 4049//4049 4051//4051
f 4053//4053 4054//4054 4055//4055
f 4056//4056 4057//4057 4058//4058
f 4059//4059 4060//4060 4061//4061
f 4062//4062 4063//4063 4064//4064
f 4065//4065 4066//4066 4067//4067
f 4068//4068 4065//4065 4069//4069
f 4070//4070 4068//4068 4071//4071
f 4072//4072 4070//4070 4073//4073
f 4074//4074 4072//4072 4075//4075
f 4074//4074 4075//4075 4076//4076
f 4077//4077 4078//4078 4079//4079
f 4080//4080 4081//4081 4082//4082
f 4081//4081 4083//4083 4084//4084
f 4085//4085 4086//4086 4084//4084
f 4085//4085 4087//4087 4086//4086
f 4088//4088 4089//4089 4090//4090
f 4091//4091 4092//4092 4093//4093
f 4094//4094 4095//4095 4096//4096
f 4097//4097 4098//4098 4099//4099
f 4100//4100 4101//4101 4102//4102
f 4103//4103 4104//4104 4105//4105
f 4106//4106 4107//4107 4108//4108
f 4109//4109 4110//4110 4111//4111
f 4112//4112 4113//4113 4114//4114
f 4115//4115 4116//4116 4117//4117
f 4118//4118 4119//4119 4120//4120
f 4121//4121 4122//4122 4123//4123
f 4124//4124 4125//4125 4126//4126
f 4127//4127 4128//4128 4129//4129
f 4130//4130 4131//4131 4132//4132
f 4133//4133 4134//4134 4135//4135
f 4136//4136 4137//4137 4138//4138
f 4139//4139 4140//4140 4141//4141
f 4142//4142 4143//4143 4144//4144
f 4145//4145 4146//4146 4147//4147
f 4148//4148 4149//4149 4150//4150
f 4151//4151 4152//4152 4153//4153
f 4154//4154 4155//4155 4156//4156
f 4157//4157 4158//4158 4159//4159
f 4160//4160 4161//4161 4162//4162
f 4163//4163 4164//4164 4165//4165
f 4166//4166 4167//4167 4168//4168
f 4169//4169 4170//4170 4171//4171
f 4172//4172 4173//4173 4174//4174
f 4175//4175 4176//4176 4177//4177
f 4178//4178 4179//4179 4180//4180
f 4181//4181 4182//4182 4183//4183
f 4184//4184 4185//4185 4186//4186
f 4187//4187 4188//4188 4189//4189
f 4190//4190 4191//4191 4192//4192
f 4193//4193 4194//4194 4195//4195
f 4196//4196 4197//4197 4198//4198
f 4199//4199 4200//4200 4201//4201
f 4202//4202 4203//4203 4204//4204
f 4205//4205 4206//4206 4207//4207
f 4208//4208 4209//4209 4210//4210
f 4211//4211 4212//4212 4213//4213
f 4214//4214 4215//4215 4216//4216
f 4217//4217 4218//4218 4219//4219
f 4220//4220 4221//4221 4222//4222
f 4223//4223 4224//4224 4225//4225
f 4226//4226 4227//4227 4228//4228
f 4229//4229 4230//4230 4231//4231
f 4232//4232 4233//4233 4234//4234
f 4235//4235 4236//4236 4237//4237
f 4238//4238 4239//4239 4240//4240
f 4241//4241 4242//4242 4243//4243
f 4244//4244 4245//4245 4246//4246
f 4247//4247 4248//4248 4249//4249
f 4250//4250 4251//4251 4252//4252
f 4253//4253 4254//4254 4255//4255
f 4256//4256 4257//4257 4258//4258
f 4259//4259 4260//4260 4261//4261
f 4262//4262 4263//4263 4264//4264
f 4265//4265 4266//4266 4267//4267
f 4268//4268 4269//4269 4270//4270
f 4271//4271 4272//4272 4273//4273
f 4274//4274 4275//4275 4276//4276
f 4277//4277 4278//4278 4279//4279
f 4280//4280 4281//4281 4282//4282
f 4283//4283 4284//4284 4285//4285
f 4286//4286 4287//4287 4288//4288
f 4289//4289 4290//4290 4291//4291
f 4292//4292 4293//4293 4294//4294
f 4295//4295 4296//4296 4297//4297
f 4298//4298 4299//4299 4300//4300
f 4301//4301 4302//4302 4303//4303
f 4304//4304 4305//4305 4306//4306
f 4307//4307 4308//4308 4309//4309
f 4310//4310 4311//4311 4312//4312
f 4313//4313 4314//4314 4315//4315
f 4316//4316 4317//4317 4318//4318
f 4319//4319 4320//4320 4321//4321
f 4322//4322 4323//4323 4324//4324
f 4325//4325 4326//4326 4327//4327
f 4328//4328 4329//4329 4330//4330
f 4331//4331 4332//4332 4333//4333
f 4334//4334 4335//4335 4336//4336
f 4337//4337 4338//4338 4339//4339
f 4340//4340 4341//4341 4342//4342
f 4343//4343 4344//4344 4345//4345
f 4346//4346 4347//4347 4348//4348
f 4349//4349 4346//4346 4348//4348
f 4349//4349 4348//4348 4350//4350
f 4351//4351 4349//4349 4350//4350
f 4351//4351 4350//4350 4352//4352
f 4353//4353 4351//4351 4352//4352
f 4353//4353 4352//4352 4354//4354
f 4355//4355 4353//4353 4354//4354
f 4355//4355 4354//4354 4356//4356
f 4357//4357 4355//4355 4356//4356
f 4357//4357 4356//4356 4358//4358
f 4359//4359 4357//4357 4358//4358
f 4359//4359 4358//4358 4360//4360
f 4361//4361 4359//4359 4360//4360
f 4361//4361 4360//4360 4362//4362
f 4363//4363 4361//4361 4362//4362
f 4363//4363 4362//4362 4364//4364
f 4365//4365 4363//4363 4364//4364
f 4365//4365 4364//4364 4366//4366
f 4367//4367 4365//4365 4366//4366
f 4367//4367 4366//4366 4368//4368
f 4369//4369 4367//4367 4368//4368
f 4369//4369 4368//4368 4370//4370
f 4371//4371 4369//4369 4370//4370
f 4371//4371 4370//4370 4372//4372
f 4373//4373 4371//4371 4372//4372
f 4373//4373 4372//4372 4374//4374
f 4375//4375 4373//4373 4374//4374
f 4375//4375 4374//4374 4376//4376
f 4377//4377 4375//4375 4376//4376
f 4378//4378 4379//4379 4380//4380
f 4379//4379 4381//4381 4380//4380
f 4382//4382 4383//4383 4384//4384
f 4383//4383 4385//4385 4384//4384
f 4386//4386 4387//4387 4388//4388
f 4389//4389 4386//4386 4388//4388
f 4390//4390 4389//4389 4388//4388
f 4391//4391 4392//4392 4393//4393
f 4392//4392 4394//4394 4393//4393
f 4395//4395 4394//4394 4396//4396
f 4394//4394 4397//4397 4396//4396
f 4398//4398 4399//4399 4400//4400
f 4401//4401 4398//4398 4400//4400
f 4401//4401 4400//4400 4402//4402
f 4403//4403 4404//4404 4405//4405
f 4406//4406 4403//4403 4405//4405
f 4406//4406 4405//4405 4407//4407
f 4408//4408 4406//4406 4407//4407
f 4408//4408 4407//4407 4409//4409
f 4410//4410 4408//4408 4409//4409
f 4410//4410 4409//4409 4411//4411
f 4412//4412 4410//4410 4411//4411
f 4412//4412 4411//4411 4413//4413
f 4414//4414 4412//4412 4413//4413
f 4414//4414 4413//4413 4415//4415
f 4416//4416 4414//4414 4415//4415
f 4416//4416 4415//4415 4417//4417
f 4418//4418 4416//4416 4417//4417
f 4418//4418 4417//4417 4419//4419
f 4420//4420 4418//4418 4419//4419
f 4420//4420 4419//4419 4421//4421
f 4422//4422 4420//4420 4421//4421
f 4422//4422 4421//4421 4423//4423
f 4424//4424 4422//4422 4423//4423
f 4424//4424 4423//4423 4425//4425
f 4426//4426 4424//4424 4425//4425
f 4426//4426 4425//4425 4427//4427
f 4428//4428 4426//4426 4427//4427
f 4429//4429 4430//4430 4431//4431
f 4432//4432 4429//4429 4431//4431
f 4432//4432 4431//4431 4433//4433
f 4434//4434 4432//4432 4433//4433
f 4434//4434 4433//4433 4435//4435
f 4436//4436 4434//4434 4435//4435
f 4436//4436 4435//4435 4437//4437
f 4438//4438 4436//4436 4437//4437
f 4438//4438 4437//4437 4439//4439
f 4440//4440 4438//4438 4439//4439
f 4440//4440 4439//4439 4441//4441
f 4442//4442 4440//4440 4441//4441
f 4442//4442 4441//4441 4443//4443
f 4444//4444 4442//4442 4443//4443
f 4444//4444 4443//4443 4445//4445
f 4446//4446 4444//4444 4445//4445
f 4446//4446 4445//4445 4447//4447
f 4448//4448 4446//4446 4447//4447
f 4448//4448 4447//4447 4449//4449
f 4450//4450 4448//4448 4449//4449
f 4450//4450 4449//4449 4451//4451
f 4452//4452 4450//4450 4451//4451
f 4453//4453 4454//4454 4455//4455
f 4454//4454 4456//4456 4455//4455
f 4457//4457 4458//4458 4459//4459
f 4458//4458 4460//4460 4459//4459
f 4461//4461 4462//4462 4463//4463
f 4463//4463 4462//4462 4464//4464
f 4465//4465 4466//4466 4467//4467
f 4467//4467 4468//4468 4465//4465
f 4469//4469 4470//4470 4471//4471
f 4470//4470 4472//4472 4471//4471
f 4473//4473 4474//4474 4475//4475
f 4473//4473 4476//4476 4474//4474
f 4476//4476 4477//4477 4478//4478
f 4479//4479 4480//4480 4478//4478
f 4479//4479 4481//4481 4480//4480
f 4482//4482 4483//4483 4484//4484
f 4482//4482 4485//4485 4483//4483
f 4486//4486 4487//4487 4488//4488
f 4487//4487 4489//4489 4488//4488
f 4490//4490 4491//4491 4492//4492
f 4491//4491 4493//4493 4492//4492
f 4494//4494 4495//4495 4496//4496
f 4494//4494 4497//4497 4495//4495
f 4497//4497 4494//4494 4498//4498
f 4499//4499 4500//4500 4501//4501
f 4500//4500 4502//4502 4501//4501
f 4503//4503 4504//4504 4505//4505
f 4504//4504 4506//4506 4505//4505
f 4507//4507 4508//4508 4509//4509
f 4508//4508 4510//4510 4509//4509
f 4511//4511 4512//4512 4508//4508
f 4512//4512 4511//4511 4513//4513
f 4514//4514 4515//4515 4516//4516
f 4514//4514 4517//4517 4515//4515
f 4518//4518 4519//4519 4520//4520
f 4518//4518 4521//4521 4519//4519
f 4522//4522 4523//4523 4524//4524
f 4522//4522 4525//4525 4523//4523
f 4526//4526 4527//4527 4528//4528
f 4526//4526 4529//4529 4527//4527
f 4530//4530 4531//4531 4532//4532
f 4530//4530 4533//4533 4531//4531
f 4534//4534 4535//4535 4536//4536
f 4534//4534 4537//4537 4535//4535
f 4538//4538 4539//4539 4540//4540
f 4538//4538 4541//4541 4539//4539
f 4542//4542 4543//4543 4544//4544
f 4545//4545 4542//4542 4544//4544
f 4545//4545 4544//4544 4546//4546
f 4547//4547 4545//4545 4546//4546
f 4547//4547 4546//4546 4548//4548
f 4549//4549 4547//4547 4548//4548
f 4549//4549 4548//4548 4550//4550
f 4551//4551 4549//4549 4550//4550
f 4551//4551 4550//4550 4552//4552
f 4553//4553 4551//4551 4552//4552
f 4553//4553 4552//4552 4554//4554
f 4555//4555 4553//4553 4554//4554
f 4555//4555 4554//4554 4556//4556
f 4557//4557 4555//4555 4556//4556
f 4557//4557 4556//4556 4558//4558
f 4559//4559 4557//4557 4558//4558
f 4559//4559 4558//4558 4560//4560
f 4561//4561 4559//4559 4560//4560
f 4561//4561 4560//4560 4562//4562
f 4563//4563 4561//4561 4562//4562
f 4563//4563 4562//4562 4564//4564
f 4565//4565 4563//4563 4564//4564
f 4565//4565 4564//4564 4566//4566
f 4567//4567 4565//4565 4566//4566
f 4567//4567 4566//4566 4568//4568
f 4569//4569 4567//4567 4568//4568
f 4569//4569 4568//4568 4570//4570
f 4571//4571 4569//4569 4570//4570
f 4571//4571 4570//4570 4572//4572
f 4573//4573 4571//4571 4572//4572
f 4574//4574 4575//4575 4576//4576
f 4575//4575 4577//4577 4576//4576
f 4578//4578 4579//4579 4580//4580
f 4579//4579 4581//4581 4580//4580
f 4582//4582 4583//4583 4584//4584
f 4585//4585 4582//4582 4584//4584
f 4586//4586 4585//4585 4584//4584
f 4587//4587 4588//4588 4589//4589
f 4588//4588 4590//4590 4589//4589
f 4591//4591 4590//4590 4592//4592
f 4590//4590 4593//4593 4592//4592
f 4594//4594 4595//4595 4596//4596
f 4597//4597 4594//4594 4596//4596
f 4597//4597 4596//4596 4598//4598
f 4599//4599 4600//4600 4601//4601
f 4602//4602 4599//4599 4601//4601
f 4602//4602 4601//4601 4603//4603
f 4604//4604 4602//4602 4603//4603
f 4604//4604 4603//4603 4605//4605
f 4606//4606 4604//4604 4605//4605
f 4606//4606 4605//4605 4607//4607
f 4608//4608 4606//4606 4607//4607
f 4608//4608 4607//4607 4609//4609
f 4610//4610 4608//4608 4609//4609
f 4610//4610 4609//4609 4611//4611
f 4612//4612 4610//4610 4611//4611
f 4612//4612 4611//4611 4613//4613
f 4614//4614 4612//4612 4613//4613
f 4614//4614 4613//4613 4615//4615
f 4616//4616 4614//4614 4615//4615
f 4616//4616 4615//4615 4617//4617
f 4618//4618 4616//4616 4617//4617
f 4618//4618 4617//4617 4619//4619
f 4620//4620 4618//4618 4619//4619
f 4620//4620 4619//4619 4621//4621
f 4622//4622 4620//4620 4621//4621
f 4622//4622 4621//4621 4623//4623
f 4624//4624 4622//4622 4623//4623
f 4625//4625 4626//4626 4627//4627
f 4628//4628 4625//4625 4627//4627
f 4628//4628 4627//4627 4629//4629
f 4630//4630 4628//4628 4629//4629
f 4630//4630 4629//4629 4631//4631
f 4632//4632 4630//4630 4631//4631
f 4632//4632 4631//4631 4633//4633
f 4634//4634 4632//4632 4633//4633
f 4634//4634 4633//4633 4635//4635
f 4636//4636 4634//4634 4635//4635
f 4636//4636 4635//4635 4637//4637
f 4638//4638 4636//4636 4637//4637
f 4638//4638 4637//4637 4639//4639
f 4640//4640 4638//4638 4639//4639
f 4640//4640 4639//4639 4641//4641
f 4642//4642 4640//4640 4641//4641
f 4642//4642 4641//4641 4643//4643
f 4644//4644 4642//4642 4643//4643
f 4644//4644 4643//4643 4645//4645
f 4646//4646 4644//4644 4645//4645
f 4646//4646 4645//4645 4647//4647
f 4648//4648 4646//4646 4647//4647
f 4649//4649 4650//4650 4651//4651
f 4650//4650 4652//4652 4651//4651
f 4652//4652 4653//4653 4651//4651
f 4652//4652 4654//4654 4653//4653
f 4654//4654 4655//4655 4653//4653
f 4656//4656 4657//4657 4658//4658
f 4658//4658 4657//4657 4659//4659
f 4660//4660 4661//4661 4662//4662
f 4661//4661 4663//4663 4662//4662
f 4664//4664 4665//4665 4666//4666
f 4666//4666 4665//4665 4667//4667
f 4668//4668 4669//4669 4670//4670
f 4669//4669 4671//4671 4670//4670
f 4672//4672 4673//4673 4674//4674
f 4673//4673 4675//4675 4674//4674
f 4676//4676 4677//4677 4678//4678
f 4678//4678 4679//4679 4676//4676
f 4680//4680 4681//4681 4682//4682
f 4681//4681 4683//4683 4682//4682
f 4684//4684 4685//4685 4686//4686
f 4685//4685 4687//4687 4686//4686
f 4688//4688 4689//4689 4690//4690
f 4688//4688 4691//4691 4689//4689
f 4692//4692 4693//4693 4694//4694
f 4695//4695 4692//4692 4694//4694
f 4695//4695 4696//4696 4692//4692
f 4696//4696 4695//4695 4697//4697
f 4698//4698 4699//4699 4700//4700
f 4699//4699 4701//4701 4700//4700
f 4702//4702 4703//4703 4704//4704
f 4703//4703 4705//4705 4704//4704
f 4706//4706 4707//4707 4708//4708
f 4706//4706 4708//4708 4709//4709
f 4709//4709 4708//4708 4710//4710
f 4711//4711 4709//4709 4710//4710
f 4712//4712 4713//4713 4714//4714
f 4713//4713 4715//4715 4714//4714
f 4716//4716 4717//4717 4718//4718
f 4717//4717 4719//4719 4718//4718
f 4720//4720 4721//4721 4722//4722
f 4721//4721 4723//4723 4722//4722
f 4724//4724 4725//4725 4726//4726
f 4725//4725 4727//4727 4726//4726
f 4728//4728 4729//4729 4725//4725
f 4729//4729 4728//4728 4730//4730
f 4731//4731 4732//4732 4733//4733
f 4732//4732 4734//4734 4733//4733
f 4735//4735 4736//4736 4737//4737
f 4737//4737 4736//4736 4738//4738
f 4739//4739 4740//4740 4741//4741
f 4739//4739 4742//4742 4740//4740
f 4743//4743 4744//4744 4745//4745
f 4743//4743 4746//4746 4744//4744
f 4747//4747 4748//4748 4749//4749
f 4747//4747 4750//4750 4748//4748
f 4751//4751 4752//4752 4753//4753
f 4751//4751 4754//4754 4752//4752
f 4755//4755 4756//4756 4757//4757
f 4755//4755 4758//4758 4756//4756
f 4759//4759 4760//4760 4761//4761
f 4759//4759 4762//4762 4760//4760
f 4763//4763 4764//4764 4765//4765
f 4763//4763 4766//4766 4764//4764
f 4767//4767 4768//4768 4769//4769
f 4768//4768 4770//4770 4769//4769
f 4767//4767 4769//4769 4771//4771
f 4770//4770 4772//4772 4769//4769
f 4773//4773 4767//4767 4771//4771
f 4770//4770 4774//4774 4772//4772
f 4773//4773 4771//4771 4775//4775
f 4774//4774 4776//4776 4772//4772
f 4777//4777 4773//4773 4775//4775
f 4774//4774 4778//4778 4776//4776
f 4777//4777 4775//4775 4779//4779
f 4778//4778 4780//4780 4776//4776
f 4781//4781 4777//4777 4779//4779
f 4778//4778 4782//4782 4780//4780
f 4781//4781 4779//4779 4783//4783
f 4782//4782 4784//4784 4780//4780
f 4785//4785 4781//4781 4783//4783
f 4782//4782 4786//4786 4784//4784
f 4785//4785 4783//4783 4787//4787
f 4786//4786 4788//4788 4784//4784
f 4789//4789 4785//4785 4787//4787
f 4786//4786 4789//4789 4788//4788
f 4789//4789 4787//4787 4788//4788
f 4790//4790 4791//4791 4792//4792
f 4791//4791 4793//4793 4792//4792
f 4790//4790 4792//4792 4794//4794
f 4793//4793 4795//4795 4792//4792
f 4796//4796 4790//4790 4794//4794
f 4793//4793 4797//4797 4795//4795
f 4796//4796 4794//4794 4798//4798
f 4797//4797 4799//4799 4795//4795
f 4800//4800 4796//4796 4798//4798
f 4797//4797 4801//4801 4799//4799
f 4800//4800 4798//4798 4802//4802
f 4801//4801 4803//4803 4799//4799
f 4804//4804 4800//4800 4802//4802
f 4801//4801 4805//4805 4803//4803
f 4804//4804 4802//4802 4806//4806
f 4805//4805 4807//4807 4803//4803
f 4808//4808 4804//4804 4806//4806
f 4805//4805 4809//4809 4807//4807
f 4808//4808 4806//4806 4810//4810
f 4809//4809 4811//4811 4807//4807
f 4812//4812 4808//4808 4810//4810
f 4809//4809 4812//4812 4811//4811
f 4812//4812 4810//4810 4811//4811
f 4813//4813 4814//4814 4815//4815
f 4816//4816 4817//4817 4818//4818
f 4819//4819 4820//4820 4817//4817
f 4819//4819 4821//4821 4822//4822
f 4823//4823 4824//4824 4820//4820
f 4825//4825 4826//4826 4824//4824
f 4825//4825 4827//4827 4828//4828
f 4827//4827 4829//4829 4828//4828
f 4830//4830 4831//4831 4832//4832
f 4833//4833 4834//4834 4835//4835
f 4836//4836 4837//4837 4838//4838
f 4839//4839 4838//4838 4840//4840
f 4841//4841 4840//4840 4842//4842
f 4843//4843 4841//4841 4842//4842
f 4844//4844 4845//4845 4846//4846
f 4844//4844 4847//4847 4848//4848
f 4847//4847 4849//4849 4850//4850
f 4851//4851 4852//4852 4849//4849
f 4851//4851 4853//4853 4852//4852
f 4853//4853 4854//4854 4852//4852
f 4855//4855 4856//4856 4854//4854
f 4855//4855 4857//4857 4856//4856
f 4857//4857 4858//4858 4856//4856
f 4859//4859 4860//4860 4858//4858
f 4861//4861 4862//4862 4860//4860
f 4863//4863 4864//4864 4862//4862
f 4865//4865 4866//4866 4867//4867
f 4868//4868 4869//4869 4870//4870
f 4871//4871 4872//4872 4873//4873
f 4874//4874 4875//4875 4876//4876
f 4877//4877 4878//4878 4875//4875
f 4877//4877 4879//4879 4878//4878
f 4879//4879 4880//4880 4878//4878
f 4881//4881 4882//4882 4880//4880
f 4883//4883 4884//4884 4882//4882
f 4885//4885 4886//4886 4884//4884
f 4887//4887 4888//4888 4886//4886
f 4889//4889 4890//4890 4888//4888
f 4891//4891 4889//4889 4892//4892
f 4893//4893 4894//4894 4890//4890
f 4895//4895 4896//4896 4897//4897
f 4898//4898 4899//4899 4900//4900
f 4901//4901 4902//4902 4903//4903
f 4904//4904 4905//4905 4902//4902
f 4906//4906 4907//4907 4908//4908
f 4909//4909 4910//4910 4911//4911
f 4909//4909 4912//4912 4913//4913
f 4914//4914 4915//4915 4916//4916
f 4917//4917 4918//4918 4919//4919
f 4920//4920 4921//4921 4918//4918
f 4922//4922 4923//4923 4921//4921
f 4924//4924 4925//4925 4926//4926
f 4927//4927 4928//4928 4929//4929
f 4930//4930 4931//4931 4932//4932
f 4933//4933 4934//4934 4935//4935
f 4933//4933 4936//4936 4937//4937
f 4938//4938 4937//4937 4939//4939
f 4940//4940 4939//4939 4941//4941
f 4942//4942 4941//4941 4943//4943
f 4944//4944 4945//4945 4946//4946
f 4947//4947 4948//4948 4945//4945
f 4947//4947 4949//4949 4950//4950
f 4951//4951 4952//4952 4948//4948
f 4953//4953 4954//4954 4952//4952
f 4953//4953 4955//4955 4956//4956
f 4955//4955 4957//4957 4956//4956
f 4958//4958 4959//4959 4960//4960
f 4961//4961 4962//4962 4963//4963
f 4964//4964 4965//4965 4966//4966
f 4967//4967 4968//4968 4969//4969
f 4970//4970 4971//4971 4972//4972
f 4973//4973 4974//4974 4971//4971
f 4975//4975 4976//4976 4974//4974
f 4975//4975 4977//4977 4978//4978
f 4977//4977 4979//4979 4978//4978
f 4980//4980 4981//4981 4979//4979
f 4980//4980 4982//4982 4981//4981
f 4982//4982 4983//4983 4981//4981
f 4984//4984 4985//4985 4983//4983
f 4984//4984 4986//4986 4987//4987
f 4986//4986 4988//4988 4985//4985
f 4989//4989 4990//4990 4991//4991
f 4992//4992 4993//4993 4994//4994
f 4995//4995 4996//4996 4997//4997
f 4998//4998 4999//4999 5000//5000
f 5001//5001 5002//5002 5003//5003
f 5004//5004 5005//5005 5006//5006
f 5007//5007 5008//5008 5005//5005
f 5009//5009 5010//5010 5011//5011
f 5012//5012 5013//5013 5014//5014
f 5012//5012 5015//5015 5016//5016
f 5017//5017 5018//5018 5019//5019
f 5020//5020 5021//5021 5022//5022
f 5023//5023 5024//5024 5025//5025
f 5026//5026 5027//5027 5028//5028
f 5029//5029 5030//5030 5031//5031
f 5029//5029 5032//5032 5033//5033
f 5034//5034 5035//5035 5036//5036
f 5037//5037 5038//5038 5039//5039
f 5038//5038 5040//5040 5039//5039
f 5041//5041 5042//5042 5043//5043
f 5041//5041 5044//5044 5042//5042
f 5044//5044 5045//5045 5046//5046
f 5047//5047 5048//5048 5045//5045
f 5047//5047 5049//5049 5048//5048
f 5049//5049 5050//5050 5048//5048
f 5051//5051 5052//5052 5050//5050
f 5053//5053 5054//5054 5052//5052
f 5055//5055 5056//5056 5054//5054
f 5057//5057 5058//5058 5056//5056
f 5057//5057 5059//5059 5058//5058
f 5059//5059 5060//5060 5058//5058
f 5061//5061 5062//5062 5063//5063
f 5064//5064 5065//5065 5066//5066
f 5067//5067 5068//5068 5069//5069
f 5070//5070 5069//5069 5071//5071
f 5070//5070 5072//5072 5069//5069
f 5073//5073 5074//5074 5075//5075
f 5076//5076 5077//5077 5078//5078
f 5079//5079 5080//5080 5081//5081
f 5082//5082 5083//5083 5084//5084
f 5085//5085 5086//5086 5087//5087
f 5088//5088 5089//5089 5090//5090
f 5091//5091 5092//5092 5093//5093
f 5094//5094 5095//5095 5096//5096
f 5097//5097 5098//5098 5099//5099
f 5100//5100 5101//5101 5102//5102
f 5103//5103 5104//5104 5105//5105
f 5106//5106 5107//5107 5108//5108
f 5109//5109 5110//5110 5111//5111
f 5112//5112 5113//5113 5114//5114
f 5115//5115 5116//5116 5117//5117
f 5118//5118 5119//5119 5120//5120
f 5121//5121 5122//5122 5123//5123
f 5124//5124 5125//5125 5126//5126
f 5127//5127 5128//5128 5129//5129
f 5130//5130 5131//5131 5132//5132
f 5133//5133 5134//5134 5135//5135
f 5136//5136 5137//5137 5138//5138
f 5139//5139 5136//5136 5140//5140
f 5141//5141 5139//5139 5140//5140
f 5141//5141 5140//5140 5142//5142
f 5143//5143 5144//5144 5145//5145
f 5146//5146 5147//5147 5148//5148
f 5149//5149 5150//5150 5151//5151
f 5152//5152 5153//5153 5154//5154
f 5155//5155 5156//5156 5157//5157
f 5158//5158 5159//5159 5160//5160
f 5161//5161 5162//5162 5163//5163
f 5164//5164 5165//5165 5166//5166
f 5167//5167 5168//5168 5169//5169
f 5167//5167 5170//5170 5171//5171
f 5172//5172 5170//5170 5173//5173
f 5174//5174 5175//5175 5176//5176
f 5177//5177 5178//5178 5179//5179
f 5180//5180 5181//5181 5182//5182
f 5183//5183 5184//5184 5185//5185
f 5186//5186 5187//5187 5188//5188
f 5189//5189 5190//5190 5191//5191
f 5192//5192 5193//5193 5194//5194
f 5195//5195 5196//5196 5193//5193
f 5197//5197 5198//5198 5199//5199
f 5200//5200 5201//5201 5202//5202
f 5203//5203 5204//5204 5205//5205
f 5206//5206 5207//5207 5208//5208
f 5209//5209 5210//5210 5211//5211
f 5212//5212 5213//5213 5214//5214
f 5215//5215 5216//5216 5217//5217
f 5218//5218 5219//5219 5220//5220
f 5221//5221 5222//5222 5223//5223
f 5224//5224 5225//5225 5226//5226
f 5227//5227 5228//5228 5229//5229
f 5230//5230 5231//5231 5232//5232
f 5233//5233 5234//5234 5235//5235
f 5236//5236 5237//5237 5238//5238
f 5239//5239 5240//5240 5241//5241
f 5242//5242 5243//5243 5244//5244
f 5245//5245 5246//5246 5247//5247
f 5248//5248 5249//5249 5250//5250
f 5251//5251 5252//5252 5253//5253
f 5254//5254 5255//5255 5256//5256
f 5257//5257 5258//5258 5259//5259
f 5260//5260 5261//5261 5262//5262
f 5263//5263 5264//5264 5265//5265
f 5266//5266 5267//5267 5268//5268
f 5269//5269 5270//5270 5271//5271
f 5272//5272 5273//5273 5274//5274
f 5275//5275 5276//5276 5277//5277
f 5278//5278 5279//5279 5280//5280
f 5281//5281 5282//5282 5283//5283
f 5284//5284 5285//5285 5286//5286
f 5287//5287 5288//5288 5289//5289
f 5290//5290 5291//5291 5292//5292
f 5293//5293 5294//5294 5295//5295
f 5296//5296 5297//5297 5298//5298
f 5299//5299 5300//5300 5301//5301
f 5302//5302 5303//5303 5304//5304
f 5305//5305 5306//5306 5307//5307
f 5308//5308 5309//5309 5310//5310
f 5311//5311 5312//5312 5313//5313
f 5314//5314 5315//5315 5316//5316
f 5317//5317 5318//5318 5319//5319
f 5320//5320 5321//5321 5322//5322
f 5323//5323 5324//5324 5325//5325
f 5326//5326 5327//5327 5328//5328
f 5329//5329 5330//5330 5331//5331
f 5332//5332 5333//5333 5334//5334
f 5335//5335 5336//5336 5337//5337
f 5338//5338 5339//5339 5340//5340
f 5339//5339 5341//5341 5342//5342
f 5341//5341 5343//5343 5344//5344
f 5343//5343 5345//5345 5346//5346
f 5347//5347 5348//5348 5349//5349
f 5350//5350 5351//5351 5348//5348
f 5352//5352 5353//5353 5351//5351
f 5354//5354 5355//5355 5353//5353
f 5354//5354 5356//5356 5355//5355
f 5357//5357 5358//5358 5359//5359
f 5360//5360 5361//5361 5362//5362
f 5363//5363 5364//5364 5365//5365
f 5366//5366 5367//5367 5368//5368
f 5369//5369 5370//5370 5371//5371
f 5372//5372 5373//5373 5374//5374
f 5375//5375 5376//5376 5377//5377
f 5378//5378 5379//5379 5380//5380
f 5381//5381 5382//5382 5383//5383
f 5384//5384 5385//5385 5386//5386
f 5387//5387 5388//5388 5389//5389
f 5390//5390 5391//5391 5392//5392
f 5393//5393 5394//5394 5395//5395
f 5396//5396 5397//5397 5398//5398
f 5399//5399 5400//5400 5401//5401
f 5402//5402 5403//5403 5404//5404
f 5405//5405 5406//5406 5407//5407
f 5408//5408 5409//5409 5410//5410
f 5411//5411 5412//5412 5413//5413
f 5414//5414 5415//5415 5416//5416
f 5417//5417 5418//5418 5419//5419
f 5420//5420 5421//5421 5422//5422
f 5423//5423 5424//5424 5425//5425
f 5426//5426 5427//5427 5428//5428
f 5429//5429 5430//5430 5431//5431
f 5432//5432 5433//5433 5434//5434
f 5435//5435 5436//5436 5437//5437
f 5438//5438 5439//5439 5440//5440
f 5441//5441 5442//5442 5443//5443
f 5444//5444 5445//5445 5446//5446
f 5447//5447 5448//5448 5449//5449
f 5450//5450 5451//5451 5452//5452
f 5453//5453 5454//5454 5455//5455
f 5456//5456 5457//5457 5458//5458
f 5459//5459 5460//5460 5461//5461
f 5462//5462 5463//5463 5464//5464
f 5465//5465 5466//5466 5467//5467
f 5468//5468 5469//5469 5470//5470
f 5471//5471 5472//5472 5473//5473
f 5474//5474 5475//5475 5476//5476
f 5477//5477 5478//5478 5479//5479
f 5480//5480 5481//5481 5482//5482
f 5483//5483 5484//5484 5485//5485
f 5486//5486 5487//5487 5488//5488
f 5489//5489 5490//5490 5491//5491
f 5492//5492 5493//5493 5494//5494
f 5495//5495 5496//5496 5497//5497
f 5498//5498 5499//5499 5500//5500
f 5501//5501 5502//5502 5503//5503
f 5504//5504 5505//5505 5506//5506
f 5507//5507 5508//5508 5509//5509
f 5510//5510 5511//5511 5512//5512
f 5513//5513 5514//5514 5515//5515
f 5516//5516 5517//5517 5518//5518
f 5519//5519 5520//5520 5521//5521
f 5522//5522 5523//5523 5524//5524
f 5525//5525 5526//5526 5527//5527
f 5528//5528 5529//5529 5530//5530
f 5531//5531 5532//5532 5533//5533
f 5534//5534 5535//5535 5536//5536
f 5537//5537 5538//5538 5539//5539
f 5540//5540 5541//5541 5542//5542
f 5543//5543 5544//5544 5545//5545
f 5546//5546 5547//5547 5548//5548
f 5549//5549 5550//5550 5551//5551
f 5552//5552 5553//5553 5554//5554
f 5555//5555 5556//5556 5557//5557
f 5558//5558 5559//5559 5560//5560
f 5561//5561 5562//5562 5563//5563
f 5564//5564 5565//5565 5566//5566
f 5567//5567 5568//5568 5569//5569
f 5570//5570 5569//5569 5571//5571
f 5570//5570 5572//5572 5569//5569
f 5573//5573 5574//5574 5575//5575
f 5576//5576 5577//5577 5578//5578
f 5579//5579 5580//5580 5581//5581
f 5582//5582 5583//5583 5584//5584
f 5585//5585 5586//5586 5587//5587
f 5588//5588 5589//5589 5590//5590
f 5591//5591 5592//5592 5593//5593
f 5594//5594 5595//5595 5596//5596
f 5597//5597 5598//5598 5599//5599
f 5600//5600 5601//5601 5602//5602
f 5603//5603 5604//5604 5605//5605
f 5606//5606 5607//5607 5608//5608
f 5609//5609 5610//5610 5611//5611
f 5612//5612 5613//5613 5614//5614
f 5615//5615 5616//5616 5617//5617
f 5618//5618 5619//5619 5620//5620
f 5621//5621 5622//5622 5623//5623
f 5624//5624 5625//5625 5626//5626
f 5627//5627 5628//5628 5629//5629
f 5630//5630 5631//5631 5632//5632
f 5633//5633 5634//5634 5635//5635
f 5636//5636 5633//5633 5637//5637
f 5638//5638 5636//5636 5637//5637
f 5638//5638 5637//5637 5639//5639
f 5640//5640 5641//5641 5642//5642
f 5643//5643 5644//5644 5645//5645
f 5646//5646 5647//5647 5648//5648
f 5649//5649 5650//5650 5651//5651
f 5652//5652 5653//5653 5654//5654
f 5655//5655 5656//5656 5657//5657
f 5658//5658 5659//5659 5660//5660
f 5661//5661 5662//5662 5663//5663
f 5664//5664 5665//5665 5666//5666
f 5667//5667 5668//5668 5669//5669
f 5670//5670 5671//5671 5672//5672
f 5673//5673 5674//5674 5675//5675
f 5676//5676 5677//5677 5678//5678
f 5679//5679 5680//5680 5681//5681
f 5682//5682 5683//5683 5684//5684
f 5685//5685 5686//5686 5687//5687
f 5688//5688 5689//5689 5686//5686
f 5690//5690 5691//5691 5692//5692
f 5693//5693 5694//5694 5695//5695
f 5696//5696 5697//5697 5698//5698
f 5699//5699 5700//5700 5701//5701
f 5702//5702 5703//5703 5704//5704
f 5705//5705 5706//5706 5707//5707
f 5708//5708 5709//5709 5710//5710
f 5711//5711 5712//5712 5713//5713
f 5714//5714 5715//5715 5716//5716
f 5717//5717 5718//5718 5719//5719
f 5720//5720 5721//5721 5722//5722
f 5723//5723 5724//5724 5725//5725
f 5726//5726 5727//5727 5728//5728
f 5729//5729 5730//5730 5731//5731
f 5732//5732 5733//5733 5734//5734
f 5735//5735 5736//5736 5737//5737
f 5738//5738 5739//5739 5740//5740
f 5741//5741 5742//5742 5743//5743
f 5744//5744 5745//5745 5746//5746
f 5747//5747 5748//5748 5749//5749
f 5750//5750 5751//5751 5752//5752
f 5753//5753 5754//5754 5755//5755
f 5756//5756 5757//5757 5758//5758
f 5759//5759 5760//5760 5761//5761
f 5762//5762 5763//5763 5764//5764
f 5765//5765 5766//5766 5767//5767
f 5768//5768 5769//5769 5770//5770
f 5771//5771 5772//5772 5773//5773
f 5774//5774 5775//5775 5776//5776
f 5777//5777 5778//5778 5779//5779
f 5780//5780 5781//5781 5782//5782
f 5783//5783 5784//5784 5785//5785
f 5786//5786 5787//5787 5788//5788
f 5789//5789 5790//5790 5791//5791
f 5792//5792 5793//5793 5794//5794
f 5795//5795 5796//5796 5797//5797
f 5798//5798 5799//5799 5800//5800
f 5801//5801 5802//5802 5803//5803
f 5804//5804 5805//5805 5806//5806
f 5807//5807 5808//5808 5809//5809
f 5810//5810 5811//5811 5812//5812
f 5813//5813 5814//5814 5815//5815
f 5816//5816 5817//5817 5818//5818
f 5819//5819 5820//5820 5821//5821
f 5822//5822 5823//5823 5824//5824
f 5825//5825 5826//5826 5827//5827
f 5828//5828 5829//5829 5830//5830
f 5831//5831 5832//5832 5833//5833
f 5832//5832 5834//5834 5835//5835
f 5834//5834 5836//5836 5837//5837
f 5836//5836 5838//5838 5839//5839
f 5840//5840 5841//5841 5842//5842
f 5843//5843 5844//5844 5841//5841
f 5845//5845 5846//5846 5844//5844
f 5847//5847 5848//5848 5846//5846
f 5847//5847 5849//5849 5848//5848
f 5850//5850 5851//5851 5852//5852
f 5853//5853 5854//5854 5855//5855
f 5856//5856 5857//5857 5858//5858
f 5859//5859 5860//5860 5861//5861
f 5862//5862 5863//5863 5864//5864
f 5865//5865 5866//5866 5867//5867
f 5868//5868 5869//5869 5870//5870
f 5871//5871 5872//5872 5873//5873
f 5874//5874 5875//5875 5876//5876
f 5877//5877 5878//5878 5879//5879
f 5880//5880 5881//5881 5882//5882
f 5883//5883 5884//5884 5885//5885
f 5886//5886 5887//5887 5888//5888
f 5889//5889 5890//5890 5891//5891
f 5892//5892 5893//5893 5894//5894
f 5895//5895 5896//5896 5897//5897
f 5898//5898 5899//5899 5900//5900
f 5901//5901 5902//5902 5903//5903
f 5904//5904 5905//5905 5906//5906
f 5907//5907 5908//5908 5909//5909
f 5910//5910 5911//5911 5912//5912
f 5913//5913 5914//5914 5915//5915
f 5916//5916 5917//5917 5918//5918
f 5919//5919 5920//5920 5921//5921
f 5922//5922 5923//5923 5924//5924
f 5925//5925 5926//5926 5927//5927
f 5928//5928 5929//5929 5930//5930
f 5931//5931 5932//5932 5933//5933
f 5934//5934 5935//5935 5936//5936
f 5937//5937 5938//5938 5939//5939
f 5940//5940 5941//5941 5942//5942
f 5943//5943 5944//5944 5945//5945
f 5946//5946 5947//5947 5948//5948
f 5949//5949 5950//5950 5951//5951
f 5952//5952 5953//5953 5954//5954
f 5955//5955 5956//5956 5957//5957
f 5958//5958 5959//5959 5960//5960
f 5961//5961 5962//5962 5963//5963
f 5964//5964 5965//5965 5966//5966
f 5967//5967 5968//5968 5969//5969
f 5970//5970 5971//5971 5972//5972
f 5973//5973 5974//5974 5975//5975
f 5976//5976 5977//5977 5978//5978
f 5979//5979 5980//5980 5981//5981
f 5982//5982 5983//5983 5984//5984
f 5985//5985 5986//5986 5987//5987
f 5988//5988 5989//5989 5990//5990
f 5991//5991 5992//5992 5993//5993
f 5994//5994 5995//5995 5996//5996
f 5997//5997 5998//5998 5999//5999
f 6000//6000 6001//6001 6002//6002
f 6003//6003 6004//6004 6005//6005
f 6006//6006 6007//6007 6008//6008
f 6009//6009 6010//6010 6011//6011
f 6012//6012 6013//6013 6014//6014
f 6015//6015 6016//6016 6017//6017
f 6018//6018 6019//6019 6020//6020
f 6021//6021 6022//6022 6023//6023
f 6024//6024 6025//6025 6026//6026
f 6027//6027 6028//6028 6029//6029
f 6030//6030 6031//6031 6032//6032
f 6033//6033 6034//6034 6035//6035
f 6036//6036 6037//6037 6038//6038
f 6039//6039 6040//6040 6041//6041
f 6042//6042 6043//6043 6044//6044
f 6045//6045 6046//6046 6047//6047
f 6048//6048 6049//6049 6050//6050
f 6051//6051 6052//6052 6053//6053
f 6054//6054 6055//6055 6056//6056
f 6056//6056 6057//6057 6054//6054
f 6058//6058 6059//6059 6060//6060
f 6059//6059 6061//6061 6060//6060
f 6061//6061 6062//6062 6060//6060
f 6063//6063 6064//6064 6065//6065
f 6064//6064 6066//6066 6065//6065
f 6067//6067 6068//6068 6069//6069
f 6068//6068 6070//6070 6069//6069
f 6071//6071 6072//6072 6073//6073
f 6071//6071 6074//6074 6072//6072
f 6074//6074 6075//6075 6072//6072
f 6076//6076 6077//6077 6078//6078
f 6077//6077 6079//6079 6078//6078
f 6080//6080 6081//6081 6082//6082
f 6081//6081 6080//6080 6083//6083
f 6080//6080 6084//6084 6083//6083
f 6085//6085 6086//6086 6087//6087
f 6086//6086 6085//6085 6088//6088
f 6089//6089 6090//6090 6091//6091
f 6090//6090 6092//6092 6091//6091
f 6090//6090 6093//6093 6092//6092
f 6093//6093 6094//6094 6092//6092
f 6093//6093 6095//6095 6094//6094
f 6095//6095 6096//6096 6094//6094
f 6095//6095 6097//6097 6096//6096
f 6097//6097 6098//6098 6096//6096
f 6099//6099 6100//6100 6101//6101
f 6100//6100 6102//6102 6101//6101
f 6103//6103 6104//6104 6105//6105
f 6104//6104 6106//6106 6105//6105
f 6104//6104 6107//6107 6106//6106
f 6107//6107 6108//6108 6106//6106
f 6107//6107 6109//6109 6108//6108
f 6109//6109 6110//6110 6108//6108
f 6109//6109 6111//6111 6110//6110
f 6111//6111 6112//6112 6110//6110
f 6113//6113 6114//6114 6115//6115
f 6114//6114 6116//6116 6115//6115
f 6117//6117 6118//6118 6119//6119
f 6117//6117 6120//6120 6118//6118
f 6117//6117 6121//6121 6120//6120
f 6121//6121 6122//6122 6120//6120
f 6123//6123 6124//6124 6125//6125
f 6123//6123 6126//6126 6124//6124
f 6126//6126 6127//6127 6124//6124
f 6126//6126 6128//6128 6127//6127
f 6128//6128 6126//6126 6129//6129
f 6126//6126 6130//6130 6131//6131
f 6130//6130 6132//6132 6131//6131
f 6132//6132 6133//6133 6134//6134
f 6133//6133 6132//6132 6135//6135
f 6132//6132 6136//6136 6135//6135
f 6136//6136 6137//6137 6135//6135
f 6138//6138 6139//6139 6140//6140
f 6139//6139 6141//6141 6140//6140
f 6142//6142 6143//6143 6144//6144
f 6143//6143 6145//6145 6144//6144
f 6146//6146 6147//6147 6148//6148
f 6146//6146 6149//6149 6147//6147
f 6150//6150 6151//6151 6152//6152
f 6150//6150 6153//6153 6151//6151
f 6154//6154 6155//6155 6156//6156
f 6154//6154 6156//6156 6157//6157
f 6158//6158 6154//6154 6157//6157
f 6157//6157 6159//6159 6158//6158
f 6159//6159 6160//6160 6158//6158
f 6159//6159 6161//6161 6160//6160
f 6161//6161 6162//6162 6160//6160
f 6163//6163 6164//6164 6156//6156
f 6164//6164 6165//6165 6156//6156
f 6164//6164 6166//6166 6165//6165
f 6166//6166 6167//6167 6165//6165
f 6168//6168 6169//6169 6170//6170
f 6171//6171 6168//6168 6170//6170
f 6170//6170 6172//6172 6171//6171
f 6172//6172 6173//6173 6171//6171
f 6172//6172 6174//6174 6173//6173
f 6174//6174 6175//6175 6173//6173
f 6174//6174 6176//6176 6177//6177
f 6176//6176 6174//6174 6178//6178
f 6176//6176 6178//6178 6179//6179
f 6179//6179 6178//6178 6180//6180
f 6181//6181 6182//6182 6183//6183
f 6183//6183 6182//6182 6184//6184
f 6185//6185 6186//6186 6187//6187
f 6186//6186 6188//6188 6187//6187
f 6189//6189 6190//6190 6191//6191
f 6190//6190 6192//6192 6191//6191
f 6190//6190 6193//6193 6192//6192
f 6194//6194 6195//6195 6196//6196
f 6194//6194 6197//6197 6195//6195
f 6197//6197 6194//6194 6198//6198
f 6199//6199 6200//6200 6201//6201
f 6200//6200 6202//6202 6201//6201
f 6200//6200 6203//6203 6202//6202
f 6203//6203 6204//6204 6202//6202
f 6203//6203 6205//6205 6204//6204
f 6205//6205 6206//6206 6204//6204
f 6207//6207 6208//6208 6209//6209
f 6208//6208 6210//6210 6209//6209
f 6211//6211 6212//6212 6213//6213
f 6212//6212 6214//6214 6213//6213
f 6215//6215 6212//6212 6216//6216
f 6217//6217 6215//6215 6216//6216
f 6218//6218 6219//6219 6220//6220
f 6219//6219 6221//6221 6220//6220
f 6219//6219 6222//6222 6221//6221
f 6222//6222 6223//6223 6221//6221
f 6222//6222 6224//6224 6223//6223
f 6225//6225 6226//6226 6227//6227
f 6225//6225 6228//6228 6226//6226
f 6228//6228 6229//6229 6226//6226
f 6230//6230 6229//6229 6231//6231
f 6230//6230 6231//6231 6232//6232
f 6233//6233 6230//6230 6232//6232
f 6233//6233 6232//6232 6234//6234
f 6235//6235 6236//6236 6231//6231
f 6235//6235 6237//6237 6236//6236
f 6238//6238 6232//6232 6239//6239
f 6240//6240 6238//6238 6239//6239
f 6241//6241 6234//6234 6242//6242
f 6241//6241 6243//6243 6234//6234
f 6244//6244 6245//6245 6246//6246
f 6245//6245 6247//6247 6246//6246
f 6248//6248 6249//6249 6250//6250
f 6249//6249 6251//6251 6250//6250
f 6252//6252 6253//6253 6254//6254
f 6253//6253 6255//6255 6254//6254
f 6256//6256 6257//6257 6258//6258
f 6258//6258 6259//6259 6256//6256
f 6260//6260 6261//6261 6262//6262
f 6261//6261 6263//6263 6262//6262
f 6263//6263 6264//6264 6262//6262
f 6265//6265 6266//6266 6267//6267
f 6266//6266 6268//6268 6267//6267
f 6269//6269 6270//6270 6271//6271
f 6270//6270 6272//6272 6271//6271
f 6273//6273 6274//6274 6275//6275
f 6273//6273 6276//6276 6274//6274
f 6276//6276 6277//6277 6274//6274
f 6278//6278 6279//6279 6280//6280
f 6279//6279 6281//6281 6280//6280
f 6282//6282 6283//6283 6284//6284
f 6283//6283 6282//6282 6285//6285
f 6282//6282 6286//6286 6285//6285
f 6287//6287 6288//6288 6289//6289
f 6288//6288 6287//6287 6290//6290
f 6291//6291 6292//6292 6293//6293
f 6292//6292 6294//6294 6293//6293
f 6292//6292 6295//6295 6294//6294
f 6295//6295 6296//6296 6294//6294
f 6295//6295 6297//6297 6296//6296
f 6297//6297 6298//6298 6296//6296
f 6297//6297 6299//6299 6298//6298
f 6299//6299 6300//6300 6298//6298
f 6301//6301 6302//6302 6303//6303
f 6302//6302 6304//6304 6303//6303
f 6305//6305 6306//6306 6307//6307
f 6306//6306 6308//6308 6307//6307
f 6306//6306 6309//6309 6308//6308
f 6309//6309 6310//6310 6308//6308
f 6309//6309 6311//6311 6310//6310
f 6311//6311 6312//6312 6310//6310
f 6311//6311 6313//6313 6312//6312
f 6313//6313 6314//6314 6312//6312
f 6315//6315 6316//6316 6317//6317
f 6316//6316 6318//6318 6317//6317
f 6319//6319 6320//6320 6321//6321
f 6319//6319 6322//6322 6320//6320
f 6319//6319 6323//6323 6322//6322
f 6323//6323 6324//6324 6322//6322
f 6325//6325 6326//6326 6327//6327
f 6325//6325 6328//6328 6326//6326
f 6328//6328 6329//6329 6326//6326
f 6328//6328 6330//6330 6329//6329
f 6330//6330 6328//6328 6331//6331
f 6328//6328 6332//6332 6333//6333
f 6332//6332 6334//6334 6333//6333
f 6334//6334 6335//6335 6333//6333
f 6334//6334 6336//6336 6335//6335
f 6336//6336 6334//6334 6337//6337
f 6334//6334 6338//6338 6337//6337
f 6338//6338 6339//6339 6337//6337
f 6340//6340 6341//6341 6342//6342
f 6341//6341 6343//6343 6342//6342
f 6344//6344 6345//6345 6346//6346
f 6345//6345 6347//6347 6346//6346
f 6348//6348 6349//6349 6350//6350
f 6348//6348 6351//6351 6349//6349
f 6352//6352 6353//6353 6354//6354
f 6352//6352 6355//6355 6353//6353
f 6356//6356 6357//6357 6358//6358
f 6356//6356 6358//6358 6359//6359
f 6360//6360 6356//6356 6359//6359
f 6359//6359 6361//6361 6360//6360
f 6361//6361 6362//6362 6360//6360
f 6361//6361 6363//6363 6362//6362
f 6363//6363 6364//6364 6362//6362
f 6365//6365 6366//6366 6358//6358
f 6366//6366 6367//6367 6358//6358
f 6366//6366 6368//6368 6367//6367
f 6368//6368 6369//6369 6367//6367
f 6370//6370 6371//6371 6372//6372
f 6373//6373 6370//6370 6372//6372
f 6372//6372 6374//6374 6373//6373
f 6374//6374 6375//6375 6373//6373
f 6374//6374 6376//6376 6375//6375
f 6376//6376 6377//6377 6375//6375
f 6376//6376 6378//6378 6379//6379
f 6378//6378 6376//6376 6380//6380
f 6378//6378 6380//6380 6381//6381
f 6381//6381 6380//6380 6382//6382
f 6383//6383 6384//6384 6385//6385
f 6385//6385 6384//6384 6386//6386
f 6387//6387 6388//6388 6389//6389
f 6388//6388 6390//6390 6389//6389
f 6391//6391 6392//6392 6393//6393
f 6392//6392 6394//6394 6393//6393
f 6392//6392 6395//6395 6394//6394
f 6396//6396 6397//6397 6398//6398
f 6396//6396 6399//6399 6397//6397
f 6399//6399 6396//6396 6400//6400
f 6401//6401 6402//6402 6403//6403
f 6402//6402 6404//6404 6403//6403
f 6402//6402 6405//6405 6404//6404
f 6405//6405 6406//6406 6404//6404
f 6405//6405 6407//6407 6406//6406
f 6407//6407 6408//6408 6406//6406
f 6409//6409 6410//6410 6411//6411
f 6410//6410 6412//6412 6411//6411
f 6413//6413 6414//6414 6415//6415
f 6414//6414 6416//6416 6415//6415
f 6417//6417 6414//6414 6418//6418
f 6419//6419 6417//6417 6418//6418
f 6420//6420 6421//6421 6422//6422
f 6421//6421 6423//6423 6422//6422
f 6421//6421 6424//6424 6423//6423
f 6424//6424 6425//6425 6423//6423
f 6424//6424 6426//6426 6425//6425
f 6427//6427 6428//6428 6429//6429
f 6427//6427 6430//6430 6428//6428
f 6430//6430 6431//6431 6428//6428
f 6432//6432 6431//6431 6433//6433
f 6432//6432 6433//6433 6434//6434
f 6435//6435 6432//6432 6434//6434
f 6435//6435 6434//6434 6436//6436
f 6437//6437 6438//6438 6433//6433
f 6437//6437 6439//6439 6438//6438
f 6440//6440 6434//6434 6441//6441
f 6442//6442 6440//6440 6441//6441
f 6443//6443 6436//6436 6444//6444
f 6443//6443 6445//6445 6436//6436
f 6446//6446 6447//6447 6448//6448
f 6447//6447 6449//6449 6448//6448
f 6450//6450 6451//6451 6452//6452
f 6451//6451 6453//6453 6452//6452
f 6454//6454 6455//6455 6456//6456
f 6455//6455 6457//6457 6456//6456
f 6458//6458 6459//6459 6460//6460
f 6461//6461 6462//6462 6463//6463
f 6464//6464 6465//6465 6466//6466
f 6467//6467 6468//6468 6469//6469
f 6470//6470 6471//6471 6472//6472
f 6473//6473 6474//6474 6475//6475
f 6476//6476 6477//6477 6478//6478
f 6479//6479 6480//6480 6481//6481
f 6482//6482 6483//6483 6484//6484
f 6485//6485 6486//6486 6487//6487
f 6488//6488 6489//6489 6490//6490
f 6491//6491 6492//6492 6493//6493
f 6494//6494 6495//6495 6496//6496
f 6497//6497 6498//6498 6499//6499
f 6500//6500 6501//6501 6502//6502
f 6503//6503 6504//6504 6505//6505
f 6506//6506 6507//6507 6508//6508
f 6509//6509 6510//6510 6511//6511
f 6512//6512 6513//6513 6514//6514
f 6515//6515 6516//6516 6517//6517
f 6518//6518 6519//6519 6520//6520
f 6521//6521 6522//6522 6523//6523
f 6524//6524 6525//6525 6526//6526
f 6527//6527 6528//6528 6529//6529
f 6530//6530 6531//6531 6532//6532
f 6533//6533 6534//6534 6535//6535
f 6536//6536 6537//6537 6538//6538
f 6539//6539 6540//6540 6541//6541
f 6542//6542 6543//6543 6544//6544
f 6545//6545 6546//6546 6547//6547
f 6548//6548 6545//6545 6549//6549
f 6548//6548 6549//6549 6550//6550
f 6551//6551 6552//6552 6553//6553
f 6554//6554 6555//6555 6556//6556
f 6557//6557 6556//6556 6558//6558
f 6557//6557 6558//6558 6559//6559
f 6560//6560 6557//6557 6559//6559
f 6560//6560 6559//6559 6561//6561
f 6562//6562 6563//6563 6564//6564
f 6565//6565 6566//6566 6567//6567
f 6568//6568 6569//6569 6570//6570
f 6571//6571 6572//6572 6573//6573
f 6574//6574 6575//6575 6576//6576
f 6577//6577 6578//6578 6579//6579
f 6580//6580 6581//6581 6582//6582
f 6583//6583 6584//6584 6585//6585
f 6586//6586 6587//6587 6588//6588
f 6589//6589 6590//6590 6591//6591
f 6592//6592 6593//6593 6594//6594
f 6595//6595 6596//6596 6597//6597
f 6598//6598 6599//6599 6600//6600
f 6601//6601 6602//6602 6603//6603
f 6604//6604 6605//6605 6606//6606
f 6607//6607 6608//6608 6609//6609
f 6610//6610 6611//6611 6612//6612
f 6613//6613 6614//6614 6615//6615
f 6616//6616 6617//6617 6618//6618
f 6619//6619 6620//6620 6621//6621
f 6622//6622 6623//6623 6624//6624
f 6625//6625 6626//6626 6627//6627
f 6628//6628 6629//6629 6630//6630
f 6631//6631 6632//6632 6633//6633
f 6634//6634 6635//6635 6636//6636
f 6637//6637 6638//6638 6639//6639
f 6640//6640 6641//6641 6642//6642
f 6643//6643 6644//6644 6645//6645
f 6646//6646 6647//6647 6648//6648
f 6649//6649 6650//6650 6651//6651
f 6652//6652 6653//6653 6654//6654
f 6655//6655 6656//6656 6657//6657
f 6658//6658 6659//6659 6660//6660
f 6661//6661 6662//6662 6663//6663
f 6664//6664 6665//6665 6666//6666
f 6667//6667 6668//6668 6669//6669
f 6670//6670 6671//6671 6672//6672
f 6673//6673 6674//6674 6675//6675
f 6676//6676 6677//6677 6678//6678
f 6679//6679 6680//6680 6681//6681
f 6682//6682 6683//6683 6684//6684
f 6685//6685 6686//6686 6687//6687
f 6688//6688 6689//6689 6690//6690
f 6691//6691 6692//6692 6693//6693
f 6694//6694 6695//6695 6696//6696
f 6697//6697 6698//6698 6699//6699
f 6700//6700 6701//6701 6702//6702
f 6703//6703 6704//6704 6705//6705
f 6706//6706 6707//6707 6708//6708
f 6709//6709 6710//6710 6711//6711
f 6710//6710 6712//6712 6713//6713
f 6712//6712 6714//6714 6713//6713
f 6712//6712 6715//6715 6714//6714
f 6716//6716 6717//6717 6718//6718
f 6719//6719 6720//6720 6716//6716
f 6721//6721 6722//6722 6723//6723
f 6722//6722 6724//6724 6725//6725
f 6726//6726 6727//6727 6725//6725
f 6726//6726 6728//6728 6727//6727
f 6728//6728 6729//6729 6727//6727
f 6730//6730 6731//6731 6729//6729
f 6731//6731 6732//6732 6729//6729
f 6733//6733 6734//6734 6735//6735
f 6736//6736 6737//6737 6738//6738
f 6739//6739 6740//6740 6741//6741
f 6742//6742 6743//6743 6744//6744
f 6745//6745 6746//6746 6747//6747
f 6748//6748 6749//6749 6750//6750
f 6751//6751 6752//6752 6753//6753
f 6754//6754 6755//6755 6756//6756
f 6757//6757 6758//6758 6759//6759
f 6760//6760 6761//6761 6762//6762
f 6763//6763 6764//6764 6765//6765
f 6766//6766 6767//6767 6768//6768
f 6769//6769 6770//6770 6771//6771
f 6772//6772 6773//6773 6774//6774
f 6775//6775 6776//6776 6777//6777
f 6778//6778 6779//6779 6780//6780
f 6781//6781 6782//6782 6783//6783
f 6784//6784 6785//6785 6786//6786
f 6787//6787 6788//6788 6789//6789
f 6790//6790 6791//6791 6792//6792
f 6793//6793 6794//6794 6795//6795
f 6796//6796 6797//6797 6798//6798
f 6799//6799 6800//6800 6801//6801
f 6802//6802 6803//6803 6804//6804
f 6805//6805 6806//6806 6807//6807
f 6808//6808 6809//6809 6810//6810
f 6811//6811 6812//6812 6813//6813
f 6814//6814 6815//6815 6816//6816
f 6817//6817 6818//6818 6819//6819
f 6820//6820 6821//6821 6822//6822
f 6823//6823 6824//6824 6825//6825
f 6826//6826 6827//6827 6828//6828
f 6829//6829 6830//6830 6831//6831
f 6832//6832 6833//6833 6834//6834
f 6835//6835 6836//6836 6837//6837
f 6838//6838 6839//6839 6840//6840
f 6841//6841 6842//6842 6843//6843
f 6844//6844 6845//6845 6846//6846
f 6847//6847 6848//6848 6849//6849
f 6850//6850 6851//6851 6852//6852
f 6853//6853 6854//6854 6855//6855
f 6856//6856 6857//6857 6858//6858
f 6859//6859 6860//6860 6861//6861
f 6862//6862 6863//6863 6864//6864
f 6865//6865 6866//6866 6867//6867
f 6868//6868 6869//6869 6870//6870
f 6871//6871 6872//6872 6873//6873
f 6874//6874 6871//6871 6875//6875
f 6874//6874 6875//6875 6876//6876
f 6877//6877 6874//6874 6876//6876
f 6877//6877 6876//6876 6878//6878
f 6879//6879 6880//6880 6881//6881
f 6882//6882 6883//6883 6884//6884
f 6885//6885 6886//6886 6887//6887
f 6888//6888 6889//6889 6890//6890
f 6891//6891 6892//6892 6893//6893
f 6894//6894 6895//6895 6896//6896
f 6897//6897 6898//6898 6899//6899
f 6900//6900 6901//6901 6902//6902
f 6903//6903 6904//6904 6902//6902
f 6905//6905 6906//6906 6907//6907
f 6908//6908 6909//6909 6910//6910
f 6911//6911 6912//6912 6913//6913
f 6914//6914 6915//6915 6916//6916
f 6917//6917 6918//6918 6919//6919
f 6920//6920 6921//6921 6922//6922
f 6923//6923 6924//6924 6925//6925
f 6926//6926 6927//6927 6928//6928
f 6929//6929 6930//6930 6931//6931
f 6932//6932 6933//6933 6934//6934
f 6935//6935 6936//6936 6937//6937
f 6938//6938 6939//6939 6940//6940
f 6941//6941 6942//6942 6943//6943
f 6944//6944 6945//6945 6946//6946
f 6947//6947 6948//6948 6949//6949
f 6950//6950 6951//6951 6952//6952
f 6953//6953 6954//6954 6955//6955
f 6956//6956 6957//6957 6958//6958
f 6959//6959 6960//6960 6961//6961
f 6962//6962 6963//6963 6964//6964
f 6965//6965 6966//6966 6967//6967
f 6968//6968 6969//6969 6970//6970
f 6971//6971 6972//6972 6973//6973
f 6974//6974 6975//6975 6976//6976
f 6977//6977 6978//6978 6979//6979
f 6980//6980 6981//6981 6982//6982
f 6983//6983 6984//6984 6985//6985
f 6986//6986 6987//6987 6988//6988
f 6989//6989 6990//6990 6991//6991
f 6992//6992 6993//6993 6994//6994
f 6995//6995 6996//6996 6997//6997
f 6998//6998 6999//6999 7000//7000
f 7001//7001 7002//7002 7003//7003
f 7004//7004 7005//7005 7006//7006
f 7007//7007 7008//7008 7009//7009
f 7010//7010 7011//7011 7012//7012
f 7013//7013 7014//7014 7015//7015
f 7016//7016 7017//7017 7018//7018
f 7019//7019 7020//7020 7021//7021
f 7022//7022 7023//7023 7024//7024
f 7025//7025 7026//7026 7027//7027
f 7028//7028 7029//7029 7030//7030
f 7031//7031 7032//7032 7033//7033
f 7034//7034 7035//7035 7036//7036
f 7037//7037 7034//7034 7038//7038
f 7034//7034 7039//7039 7038//7038
f 7040//7040 7041//7041 7039//7039
f 7041//7041 7040//7040 7042//7042
f 7041//7041 7042//7042 7043//7043
f 7044//7044 7045//7045 7046//7046
f 7047//7047 7048//7048 7049//7049
f 7050//7050 7051//7051 7052//7052
f 7053//7053 7054//7054 7055//7055
f 7056//7056 7057//7057 7058//7058
f 7059//7059 7060//7060 7061//7061
f 7062//7062 7063//7063 7064//7064
f 7065//7065 7066//7066 7067//7067
f 7068//7068 7069//7069 7070//7070
f 7071//7071 7072//7072 7073//7073
f 7074//7074 7075//7075 7076//7076
f 7077//7077 7078//7078 7079//7079
f 7080//7080 7081//7081 7082//7082
f 7083//7083 7084//7084 7085//7085
f 7086//7086 7087//7087 7088//7088
f 7087//7087 7089//7089 7088//7088
f 7090//7090 7091//7091 7092//7092
f 7093//7093 7091//7091 7090//7090
f 7093//7093 7090//7090 7094//7094
f 7095//7095 7093//7093 7094//7094
f 7096//7096 7097//7097 7098//7098
f 7097//7097 7099//7099 7098//7098
f 7100//7100 7101//7101 7102//7102
f 7101//7101 7103//7103 7102//7102
f 7104//7104 7105//7105 7106//7106
f 7105//7105 7107//7107 7106//7106
f 7108//7108 7109//7109 7110//7110
f 7109//7109 7111//7111 7110//7110
f 7112//7112 7113//7113 7114//7114
f 7113//7113 7115//7115 7114//7114
f 7116//7116 7117//7117 7118//7118
f 7117//7117 7119//7119 7118//7118
f 7120//7120 7121//7121 7122//7122
f 7121//7121 7123//7123 7122//7122
f 7124//7124 7125//7125 7126//7126
f 7125//7125 7124//7124 7127//7127
f 7127//7127 7128//7128 7125//7125
f 7128//7128 7129//7129 7125//7125
f 7128//7128 7130//7130 7129//7129
f 7130//7130 7128//7128 7131//7131
f 7132//7132 7133//7133 7134//7134
f 7132//7132 7135//7135 7133//7133
f 7136//7136 7137//7137 7138//7138
f 7136//7136 7139//7139 7137//7137
f 7140//7140 7141//7141 7142//7142
f 7143//7143 7140//7140 7142//7142
f 7143//7143 7142//7142 7144//7144
f 7145//7145 7146//7146 7147//7147
f 7145//7145 7148//7148 7146//7146
f 7149//7149 7150//7150 7151//7151
f 7150//7150 7152//7152 7151//7151
f 7153//7153 7154//7154 7155//7155
f 7154//7154 7156//7156 7155//7155
f 7154//7154 7157//7157 7156//7156
f 7157//7157 7158//7158 7156//7156
f 7158//7158 7159//7159 7156//7156
f 7158//7158 7160//7160 7159//7159
f 7161//7161 7162//7162 7163//7163
f 7162//7162 7164//7164 7163//7163
f 7165//7165 7166//7166 7167//7167
f 7166//7166 7168//7168 7167//7167
f 7169//7169 7170//7170 7171//7171
f 7170//7170 7172//7172 7171//7171
f 7173//7173 7174//7174 7175//7175
f 7174//7174 7176//7176 7175//7175
f 7177//7177 7178//7178 7179//7179
f 7178//7178 7180//7180 7179//7179
f 7181//7181 7182//7182 7183//7183
f 7182//7182 7184//7184 7183//7183
f 7185//7185 7186//7186 7187//7187
f 7186//7186 7188//7188 7187//7187
f 7189//7189 7190//7190 7191//7191
f 7190//7190 7192//7192 7191//7191
f 7193//7193 7194//7194 7195//7195
f 7194//7194 7196//7196 7195//7195
f 7197//7197 7198//7198 7195//7195
f 7198//7198 7197//7197 7199//7199
f 7195//7195 7200//7200 7197//7197
f 7200//7200 7201//7201 7197//7197
f 7200//7200 7202//7202 7201//7201
f 7202//7202 7200//7200 7203//7203
f 7204//7204 7205//7205 7206//7206
f 7207//7207 7206//7206 7208//7208
f 7209//7209 7207//7207 7208//7208
f 7210//7210 7207//7207 7209//7209
f 7207//7207 7210//7210 7211//7211
f 7207//7207 7211//7211 7212//7212
f 7211//7211 7213//7213 7212//7212
f 7211//7211 7214//7214 7213//7213
f 7214//7214 7215//7215 7213//7213
f 7214//7214 7216//7216 7215//7215
f 7214//7214 7217//7217 7216//7216
f 7217//7217 7218//7218 7216//7216
f 7217//7217 7219//7219 7218//7218
f 7219//7219 7220//7220 7218//7218
f 7209//7209 7208//7208 7221//7221
f 7221//7221 7208//7208 7222//7222
f 7223//7223 7209//7209 7221//7221
f 7223//7223 7221//7221 7224//7224
f 7225//7225 7223//7223 7224//7224
f 7225//7225 7224//7224 7226//7226
f 7227//7227 7225//7225 7226//7226
f 7227//7227 7226//7226 7228//7228
f 7226//7226 7229//7229 7228//7228
f 7229//7229 7230//7230 7228//7228
f 7229//7229 7231//7231 7230//7230
f 7229//7229 7232//7232 7231//7231
f 7229//7229 7233//7233 7232//7232
f 7231//7231 7234//7234 7235//7235
f 7233//7233 7236//7236 7237//7237
f 7238//7238 7239//7239 7230//7230
f 7239//7239 7240//7240 7230//7230
f 7233//7233 7241//7241 7242//7242
f 7233//7233 7243//7243 7241//7241
f 7244//7244 7245//7245 7240//7240
f 7245//7245 7246//7246 7240//7240
f 7243//7243 7247//7247 7248//7248
f 7243//7243 7249//7249 7247//7247
f 7249//7249 7250//7250 7251//7251
f 7252//7252 7253//7253 7246//7246
f 7253//7253 7254//7254 7246//7246
f 7254//7254 7255//7255 7256//7256
f 7257//7257 7258//7258 7259//7259
f 7260//7260 7261//7261 7262//7262
f 7260//7260 7263//7263 7264//7264
f 7260//7260 7265//7265 7263//7263
f 7265//7265 7266//7266 7263//7263
f 7265//7265 7267//7267 7266//7266
f 7268//7268 7269//7269 7270//7270
f 7268//7268 7271//7271 7272//7272
f 7273//7273 7272//7272 7274//7274
f 7273//7273 7274//7274 7275//7275
f 7275//7275 7276//7276 7277//7277
f 7276//7276 7278//7278 7277//7277
f 7279//7279 7273//7273 7277//7277
f 7279//7279 7277//7277 7280//7280
f 7281//7281 7279//7279 7280//7280
f 7281//7281 7280//7280 7282//7282
f 7283//7283 7281//7281 7282//7282
f 7282//7282 7284//7284 7283//7283
f 7282//7282 7285//7285 7284//7284
f 7285//7285 7286//7286 7284//7284
f 7286//7286 7285//7285 7287//7287
f 7285//7285 7288//7288 7287//7287
f 7288//7288 7285//7285 7289//7289
f 7290//7290 7288//7288 7289//7289
f 7290//7290 7289//7289 7291//7291
f 7292//7292 7290//7290 7291//7291
f 7293//7293 7288//7288 7294//7294
f 7288//7288 7295//7295 7294//7294
f 7288//7288 7296//7296 7295//7295
f 7296//7296 7297//7297 7295//7295
f 7295//7295 7297//7297 7298//7298
f 7296//7296 7299//7299 7297//7297
f 7299//7299 7300//7300 7297//7297
f 7299//7299 7301//7301 7300//7300
f 7301//7301 7302//7302 7300//7300
f 7303//7303 7291//7291 7304//7304
f 7305//7305 7303//7303 7304//7304
f 7305//7305 7304//7304 7306//7306
f 7307//7307 7305//7305 7306//7306
f 7307//7307 7306//7306 7302//7302
f 7306//7306 7308//7308 7302//7302
f 7308//7308 7309//7309 7302//7302
f 7309//7309 7310//7310 7302//7302
f 7310//7310 7309//7309 7311//7311
f 7312//7312 7310//7310 7311//7311
f 7302//7302 7310//7310 7313//7313
f 7310//7310 7314//7314 7313//7313
f 7314//7314 7315//7315 7316//7316
f 7317//7317 7318//7318 7313//7313
f 7318//7318 7319//7319 7313//7313
f 7317//7317 7320//7320 7318//7318
f 7317//7317 7321//7321 7320//7320
f 7321//7321 7322//7322 7320//7320
f 7321//7321 7311//7311 7322//7322
f 7311//7311 7323//7323 7322//7322
f 7323//7323 7324//7324 7322//7322
f 7323//7323 7325//7325 7324//7324
f 7325//7325 7326//7326 7324//7324
f 7327//7327 7328//7328 7319//7319
f 7328//7328 7329//7329 7319//7319
f 7325//7325 7330//7330 7331//7331
f 7330//7330 7332//7332 7331//7331
f 7330//7330 7333//7333 7332//7332
f 7334//7334 7335//7335 7329//7329
f 7335//7335 7336//7336 7329//7329
f 7336//7336 7335//7335 7337//7337
f 7337//7337 7338//7338 7336//7336
f 7339//7339 7340//7340 7341//7341
f 7342//7342 7343//7343 7341//7341
f 7344//7344 7345//7345 7343//7343
f 7346//7346 7344//7344 7343//7343
f 7347//7347 7346//7346 7278//7278
f 7348//7348 7349//7349 7350//7350
f 7348//7348 7351//7351 7352//7352
f 7351//7351 7353//7353 7352//7352
f 7353//7353 7354//7354 7352//7352
f 7353//7353 7355//7355 7354//7354
f 7355//7355 7353//7353 7356//7356
f 7355//7355 7357//7357 7354//7354
f 7357//7357 7358//7358 7354//7354
f 7357//7357 7359//7359 7358//7358
f 7271//7271 7355//7355 7360//7360
f 7271//7271 7360//7360 7361//7361
f 7271//7271 7361//7361 7362//7362
f 7271//7271 7362//7362 7363//7363
f 7361//7361 7364//7364 7362//7362
f 7365//7365 7366//7366 7367//7367
f 7368//7368 7369//7369 7370//7370
f 7371//7371 7372//7372 7373//7373
f 7374//7374 7375//7375 7376//7376
f 7377//7377 7378//7378 7379//7379
f 7380//7380 7381//7381 7382//7382
f 7383//7383 7384//7384 7385//7385
f 7386//7386 7387//7387 7388//7388
f 7389//7389 7390//7390 7391//7391
f 7392//7392 7393//7393 7394//7394
f 7395//7395 7396//7396 7397//7397
f 7398//7398 7399//7399 7400//7400
f 7401//7401 7402//7402 7403//7403
f 7404//7404 7405//7405 7406//7406
f 7407//7407 7408//7408 7409//7409
f 7410//7410 7411//7411 7412//7412
f 7413//7413 7414//7414 7415//7415
f 7416//7416 7417//7417 7418//7418
f 7419//7419 7420//7420 7421//7421
f 7422//7422 7423//7423 7424//7424
f 7425//7425 7426//7426 7427//7427
f 7428//7428 7429//7429 7430//7430
f 7431//7431 7432//7432 7433//7433
f 7434//7434 7435//7435 7436//7436
f 7437//7437 7438//7438 7439//7439
f 7440//7440 7437//7437 7441//7441
f 7442//7442 7441//7441 7443//7443
f 7444//7444 7442//7442 7443//7443
f 7445//7445 7446//7446 7447//7447
f 7448//7448 7449//7449 7450//7450
f 7451//7451 7452//7452 7453//7453
f 7454//7454 7455//7455 7456//7456
f 7457//7457 7458//7458 7459//7459
f 7460//7460 7461//7461 7462//7462
f 7463//7463 7464//7464 7465//7465
f 7466//7466 7467//7467 7468//7468
f 7469//7469 7470//7470 7471//7471
f 7472//7472 7473//7473 7474//7474
f 7475//7475 7476//7476 7477//7477
f 7478//7478 7479//7479 7480//7480
f 7481//7481 7482//7482 7483//7483
f 7484//7484 7485//7485 7486//7486
f 7487//7487 7488//7488 7489//7489
f 7490//7490 7491//7491 7492//7492
f 7493//7493 7494//7494 7495//7495
f 7496//7496 7497//7497 7498//7498
f 7499//7499 7500//7500 7501//7501
f 7502//7502 7503//7503 7504//7504
f 7505//7505 7506//7506 7507//7507
f 7508//7508 7509//7509 7510//7510
f 7511//7511 7512//7512 7513//7513
f 7514//7514 7515//7515 7516//7516
f 7517//7517 7518//7518 7519//7519
f 7520//7520 7521//7521 7522//7522
f 7523//7523 7524//7524 7525//7525
f 7526//7526 7527//7527 7528//7528
f 7527//7527 7529//7529 7530//7530
f 7531//7531 7532//7532 7533//7533
f 7534//7534 7535//7535 7536//7536
f 7537//7537 7538//7538 7535//7535
f 7539//7539 7540//7540 7541//7541
f 7542//7542 7543//7543 7544//7544
f 7545//7545 7546//7546 7547//7547
f 7548//7548 7549//7549 7550//7550
f 7551//7551 7552//7552 7553//7553
f 7554//7554 7555//7555 7556//7556
f 7557//7557 7558//7558 7559//7559
f 7560//7560 7561//7561 7562//7562
f 7563//7563 7564//7564 7565//7565
f 7566//7566 7567//7567 7568//7568
f 7569//7569 7570//7570 7571//7571
f 7572//7572 7573//7573 7574//7574
f 7575//7575 7576//7576 7577//7577
f 7578//7578 7579//7579 7580//7580
f 7581//7581 7582//7582 7583//7583
f 7584//7584 7585//7585 7586//7586
f 7587//7587 7588//7588 7589//7589
f 7590//7590 7591//7591 7592//7592
f 7593//7593 7594//7594 7595//7595
f 7596//7596 7597//7597 7598//7598
f 7599//7599 7600//7600 7601//7601
f 7600//7600 7602//7602 7603//7603
f 7604//7604 7605//7605 7606//7606
f 7607//7607 7608//7608 7609//7609
f 7610//7610 7611//7611 7612//7612
f 7613//7613 7614//7614 7615//7615
f 7616//7616 7617//7617 7618//7618
f 7619//7619 7620//7620 7621//7621
f 7622//7622 7623//7623 7624//7624
f 7625//7625 7626//7626 7627//7627
f 7628//7628 7629//7629 7630//7630
f 7631//7631 7632//7632 7633//7633
f 7634//7634 7635//7635 7636//7636
f 7637//7637 7638//7638 7639//7639
f 7640//7640 7641//7641 7642//7642
f 7643//7643 7644//7644 7645//7645
f 7646//7646 7647//7647 7648//7648
f 7649//7649 7650//7650 7651//7651
f 7652//7652 7653//7653 7654//7654
f 7655//7655 7656//7656 7657//7657
f 7658//7658 7659//7659 7660//7660
f 7661//7661 7662//7662 7663//7663
f 7664//7664 7665//7665 7666//7666
f 7667//7667 7668//7668 7669//7669
f 7670//7670 7671//7671 7672//7672
f 7673//7673 7674//7674 7675//7675
f 7676//7676 7677//7677 7678//7678
f 7679//7679 7680//7680 7681//7681
f 7682//7682 7683//7683 7684//7684
f 7685//7685 7686//7686 7687//7687
f 7688//7688 7689//7689 7690//7690
f 7691//7691 7692//7692 7693//7693
f 7694//7694 7695//7695 7696//7696
f 7697//7697 7698//7698 7699//7699
f 7700//7700 7701//7701 7702//7702
f 7703//7703 7704//7704 7705//7705
f 7706//7706 7707//7707 7708//7708
f 7709//7709 7710//7710 7711//7711
f 7712//7712 7713//7713 7714//7714
f 7715//7715 7716//7716 7717//7717
f 7718//7718 7719//7719 7720//7720
f 7721//7721 7722//7722 7723//7723
f 7724//7724 7725//7725 7726//7726
f 7727//7727 7728//7728 7729//7729
f 7730//7730 7731//7731 7732//7732
f 7733//7733 7734//7734 7732//7732
f 7735//7735 7736//7736 7737//7737
f 7735//7735 7738//7738 7739//7739
f 7735//7735 7740//7740 7738//7738
f 7741//7741 7735//7735 7742//7742
f 7741//7741 7743//7743 7744//7744
f 7745//7745 7746//7746 7744//7744
f 7747//7747 7748//7748 7746//7746
f 7748//7748 7749//7749 7750//7750
f 7749//7749 7751//7751 7750//7750
f 7740//7740 7752//7752 7753//7753
f 7740//7740 7754//7754 7752//7752
f 7754//7754 7755//7755 7752//7752
f 7754//7754 7756//7756 7755//7755
f 7757//7757 7745//7745 7758//7758
f 7759//7759 7760//7760 7757//7757
f 7759//7759 7742//7742 7760//7760
f 7761//7761 7759//7759 7758//7758
f 7761//7761 7758//7758 7762//7762
f 7763//7763 7761//7761 7762//7762
f 7763//7763 7762//7762 7764//7764
f 7765//7765 7763//7763 7764//7764
f 7764//7764 7766//7766 7765//7765
f 7764//7764 7767//7767 7766//7766
f 7767//7767 7768//7768 7766//7766
f 7767//7767 7769//7769 7768//7768
f 7769//7769 7767//7767 7770//7770
f 7771//7771 7769//7769 7770//7770
f 7772//7772 7769//7769 7771//7771
f 7772//7772 7773//7773 7769//7769
f 7773//7773 7774//7774 7769//7769
f 7775//7775 7772//7772 7771//7771
f 7772//7772 7775//7775 7776//7776
f 7775//7775 7771//7771 7777//7777
f 7778//7778 7775//7775 7777//7777
f 7778//7778 7777//7777 7779//7779
f 7780//7780 7778//7778 7779//7779
f 7779//7779 7781//7781 7780//7780
f 7781//7781 7782//7782 7780//7780
f 7782//7782 7783//7783 7780//7780
f 7782//7782 7784//7784 7783//7783
f 7784//7784 7785//7785 7783//7783
f 7785//7785 7786//7786 7783//7783
f 7786//7786 7787//7787 7783//7783
f 7788//7788 7789//7789 7785//7785
f 7788//7788 7790//7790 7789//7789
f 7791//7791 7792//7792 7787//7787
f 7792//7792 7793//7793 7787//7787
f 7790//7790 7794//7794 7795//7795
f 7790//7790 7796//7796 7794//7794
f 7796//7796 7797//7797 7794//7794
f 7796//7796 7798//7798 7797//7797
f 7798//7798 7799//7799 7797//7797
f 7798//7798 7800//7800 7799//7799
f 7801//7801 7802//7802 7793//7793
f 7802//7802 7803//7803 7793//7793
f 7803//7803 7802//7802 7804//7804
f 7804//7804 7805//7805 7803//7803
f 7806//7806 7807//7807 7808//7808
f 7809//7809 7810//7810 7811//7811
f 7812//7812 7813//7813 7814//7814
f 7815//7815 7816//7816 7817//7817
f 7818//7818 7819//7819 7820//7820
f 7821//7821 7822//7822 7823//7823
f 7824//7824 7825//7825 7826//7826
f 7827//7827 7828//7828 7829//7829
f 7830//7830 7831//7831 7832//7832
f 7833//7833 7834//7834 7835//7835
f 7836//7836 7837//7837 7838//7838
f 7839//7839 7840//7840 7841//7841
f 7842//7842 7843//7843 7844//7844
f 7845//7845 7846//7846 7847//7847
f 7848//7848 7849//7849 7850//7850
f 7851//7851 7852//7852 7853//7853
f 7854//7854 7855//7855 7856//7856
f 7857//7857 7858//7858 7859//7859
f 7860//7860 7861//7861 7862//7862
f 7863//7863 7864//7864 7865//7865
f 7866//7866 7867//7867 7868//7868
f 7869//7869 7870//7870 7871//7871
f 7872//7872 7873//7873 7874//7874
f 7875//7875 7876//7876 7877//7877
f 7878//7878 7879//7879 7880//7880
f 7881//7881 7882//7882 7883//7883
f 7884//7884 7885//7885 7886//7886
f 7887//7887 7888//7888 7889//7889
f 7890//7890 7891//7891 7892//7892
f 7893//7893 7894//7894 7895//7895
f 7896//7896 7897//7897 7898//7898
f 7899//7899 7900//7900 7901//7901
f 7902//7902 7903//7903 7904//7904
f 7905//7905 7906//7906 7907//7907
f 7908//7908 7909//7909 7910//7910
f 7911//7911 7912//7912 7913//7913
f 7914//7914 7915//7915 7916//7916
f 7917//7917 7918//7918 7919//7919
f 7920//7920 7921//7921 7922//7922
f 7923//7923 7924//7924 7925//7925
f 7926//7926 7927//7927 7928//7928
f 7929//7929 7930//7930 7931//7931
f 7932//7932 7933//7933 7934//7934
f 7935//7935 7936//7936 7937//7937
f 7938//7938 7939//7939 7940//7940
f 7941//7941 7942//7942 7943//7943
f 7944//7944 7945//7945 7946//7946
f 7947//7947 7948//7948 7949//7949
f 7950//7950 7951//7951 7949//7949
f 7951//7951 7952//7952 7949//7949
f 7952//7952 7953//7953 7954//7954
f 7955//7955 7956//7956 7957//7957
f 7958//7958 7959//7959 7960//7960
f 7961//7961 7962//7962 7963//7963
f 7964//7964 7965//7965 7966//7966
f 7967//7967 7968//7968 7969//7969
f 7970//7970 7971//7971 7972//7972
f 7973//7973 7974//7974 7975//7975
f 7976//7976 7977//7977 7978//7978
f 7979//7979 7980//7980 7981//7981
f 7982//7982 7983//7983 7984//7984
f 7985//7985 7986//7986 7987//7987
f 7986//7986 7988//7988 7989//7989
f 7990//7990 7991//7991 7992//7992
f 7993//7993 7994//7994 7995//7995
f 7996//7996 7997//7997 7998//7998
f 7999//7999 8000//8000 7998//7998
f 8001//8001 8002//8002 8003//8003
f 8004//8004 8005//8005 8006//8006
f 8007//8007 8008//8008 8009//8009
f 8010//8010 8011//8011 8012//8012
f 8013//8013 8014//8014 8015//8015
f 8016//8016 8017//8017 8018//8018
f 8019//8019 8020//8020 8021//8021
f 8022//8022 8023//8023 8024//8024
f 8025//8025 8026//8026 8027//8027
f 8028//8028 8029//8029 8030//8030
f 8031//8031 8032//8032 8033//8033
f 8034//8034 8035//8035 8036//8036
f 8037//8037 8038//8038 8039//8039
f 8040//8040 8041//8041 8042//8042
f 8043//8043 8044//8044 8045//8045
f 8046//8046 8047//8047 8048//8048
f 8049//8049 8050//8050 8051//8051
f 8052//8052 8053//8053 8054//8054
f 8055//8055 8056//8056 8057//8057
f 8058//8058 8059//8059 8060//8060
f 8061//8061 8062//8062 8063//8063
f 8064//8064 8065//8065 8066//8066
f 8067//8067 8068//8068 8069//8069
f 8070//8070 8071//8071 8072//8072
f 8073//8073 8074//8074 8075//8075
f 8076//8076 8077//8077 8078//8078
f 8079//8079 8080//8080 8081//8081
f 8082//8082 8083//8083 8084//8084
f 8085//8085 8086//8086 8087//8087
f 8088//8088 8089//8089 8090//8090
f 8091//8091 8092//8092 8093//8093
f 8094//8094 8095//8095 8096//8096
f 8097//8097 8098//8098 8099//8099
f 8100//8100 8101//8101 8102//8102
f 8103//8103 8104//8104 8105//8105
f 8106//8106 8107//8107 8108//8108
f 8109//8109 8110//8110 8111//8111
f 8112//8112 8113//8113 8114//8114
f 8115//8115 8116//8116 8117//8117
f 8118//8118 8119//8119 8120//8120
f 8121//8121 8122//8122 8123//8123
f 8124//8124 8125//8125 8126//8126
f 8127//8127 8128//8128 8129//8129
f 8130//8130 8131//8131 8132//8132
f 8133//8133 8134//8134 8135//8135
f 8136//8136 8137//8137 8138//8138
f 8139//8139 8140//8140 8141//8141
f 8142//8142 8143//8143 8144//8144
f 8145//8145 8146//8146 8147//8147
f 8148//8148 8149//8149 8150//8150
f 8151//8151 8152//8152 8153//8153
f 8154//8154 8155//8155 8156//8156
f 8157//8157 8158//8158 8159//8159
f 8160//8160 8161//8161 8162//8162
f 8163//8163 8164//8164 8165//8165
f 8166//8166 8167//8167 8168//8168
f 8169//8169 8170//8170 8171//8171
f 8172//8172 8173//8173 8174//8174
f 8175//8175 8176//8176 8177//8177
f 8178//8178 8179//8179 8180//8180
f 8181//8181 8182//8182 8183//8183
f 8184//8184 8185//8185 8186//8186
f 8187//8187 8188//8188 8189//8189
f 8190//8190 8191//8191 8192//8192
f 8193//8193 8194//8194 8195//8195
f 8196//8196 8197//8197 8198//8198
f 8199//8199 8200//8200 8201//8201
f 8202//8202 8203//8203 8204//8204
f 8205//8205 8206//8206 8207//8207
f 8208//8208 8207//8207 8209//8209
f 8210//8210 8208//8208 8209//8209
f 8211//8211 8210//8210 8209//8209
f 8211//8211 8212//8212 8210//8210
f 8212//8212 8211//8211 8213//8213
f 8214//8214 8212//8212 8213//8213
f 8214//8214 8213//8213 8215//8215
f 8216//8216 8211//8211 8209//8209
f 8209//8209 8217//8217 8216//8216
f 8217//8217 8209//8209 8218//8218
f 8209//8209 8219//8219 8218//8218
f 8217//8217 8220//8220 8221//8221
f 8222//8222 8217//8217 8221//8221
f 8223//8223 8224//8224 8207//8207
f 8223//8223 8225//8225 8224//8224
f 8226//8226 8215//8215 8227//8227
f 8228//8228 8226//8226 8227//8227
f 8228//8228 8229//8229 8224//8224
f 8224//8224 8229//8229 8230//8230
f 8231//8231 8228//8228 8227//8227
f 8228//8228 8231//8231 8229//8229
f 8231//8231 8232//8232 8229//8229
f 8227//8227 8233//8233 8231//8231
f 8233//8233 8234//8234 8231//8231
f 8233//8233 8235//8235 8234//8234
f 8233//8233 8236//8236 8235//8235
f 8236//8236 8237//8237 8235//8235
f 8236//8236 8238//8238 8237//8237
f 8236//8236 8239//8239 8238//8238
f 8239//8239 8240//8240 8238//8238
f 8239//8239 8241//8241 8240//8240
f 8241//8241 8242//8242 8240//8240
f 8241//8241 8243//8243 8242//8242
f 8243//8243 8244//8244 8242//8242
f 8244//8244 8245//8245 8242//8242
f 8245//8245 8246//8246 8242//8242
f 8247//8247 8248//8248 8243//8243
f 8249//8249 8250//8250 8246//8246
f 8251//8251 8245//8245 8252//8252
f 8253//8253 8251//8251 8252//8252
f 8254//8254 8255//8255 8246//8246
f 8255//8255 8256//8256 8246//8246
f 8241//8241 8257//8257 8258//8258
f 8257//8257 8259//8259 8258//8258
f 8257//8257 8260//8260 8259//8259
f 8257//8257 8261//8261 8262//8262
f 8261//8261 8263//8263 8262//8262
f 8261//8261 8264//8264 8263//8263
f 8265//8265 8266//8266 8256//8256
f 8266//8266 8267//8267 8256//8256
f 8267//8267 8268//8268 8256//8256
f 8266//8266 8269//8269 8267//8267
f 8266//8266 8270//8270 8269//8269
f 8267//8267 8271//8271 8268//8268
f 8271//8271 8272//8272 8268//8268
f 8273//8273 8274//8274 8232//8232
f 8275//8275 8276//8276 8277//8277
f 8278//8278 8279//8279 8280//8280
f 8281//8281 8282//8282 8283//8283
f 8284//8284 8285//8285 8286//8286
f 8222//8222 8284//8284 8287//8287
f 8288//8288 8222//8222 8287//8287
f 8284//8284 8289//8289 8287//8287
f 8288//8288 8287//8287 8290//8290
f 8284//8284 8291//8291 8289//8289
f 8292//8292 8288//8288 8290//8290
f 8290//8290 8293//8293 8292//8292
f 8293//8293 8294//8294 8292//8292
f 8294//8294 8295//8295 8292//8292
f 8291//8291 8284//8284 8296//8296
f 8291//8291 8296//8296 8219//8219
f 8219//8219 8297//8297 8291//8291
f 8297//8297 8298//8298 8291//8291
f 8299//8299 8300//8300 8301//8301
f 8299//8299 8302//8302 8300//8300
f 8303//8303 8304//8304 8305//8305
f 8303//8303 8306//8306 8307//8307
f 7219//7219 8307//8307 8308//8308
f 8308//8308 8309//8309 7220//7220
f 8309//8309 8310//8310 8305//8305
f 8310//8310 8311//8311 8305//8305
f 8310//8310 8312//8312 8311//8311
f 8312//8312 8313//8313 8311//8311
f 8312//8312 8314//8314 8313//8313
f 8314//8314 8315//8315 8313//8313
f 8315//8315 8314//8314 8316//8316
f 8316//8316 8317//8317 8315//8315
f 8318//8318 8319//8319 8320//8320
f 8318//8318 8321//8321 8319//8319
f 8321//8321 8322//8322 8319//8319
f 8323//8323 8324//8324 8325//8325
f 8323//8323 8326//8326 8324//8324
f 8326//8326 8327//8327 8324//8324
f 8328//8328 8329//8329 8330//8330
f 8329//8329 8331//8331 8330//8330
f 8332//8332 8333//8333 8334//8334
f 8333//8333 8335//8335 8334//8334
f 8336//8336 8337//8337 8338//8338
f 8336//8336 8339//8339 8337//8337
f 8339//8339 8340//8340 8337//8337
f 8341//8341 8342//8342 8343//8343
f 8342//8342 8344//8344 8343//8343
f 8342//8342 8345//8345 8344//8344
f 8346//8346 8347//8347 8348//8348
f 8346//8346 8349//8349 8347//8347
f 8349//8349 8350//8350 8347//8347
f 8351//8351 8352//8352 8353//8353
f 8352//8352 8354//8354 8353//8353
f 8352//8352 8355//8355 8354//8354
f 8356//8356 8357//8357 8358//8358
f 8357//8357 8359//8359 8358//8358
f 8357//8357 8360//8360 8359//8359
f 8361//8361 8362//8362 8363//8363
f 8361//8361 8364//8364 8362//8362
f 8364//8364 8365//8365 8362//8362
f 8366//8366 8367//8367 8368//8368
f 8367//8367 8369//8369 8368//8368
f 8370//8370 8371//8371 8372//8372
f 8370//8370 8373//8373 8371//8371
f 8374//8374 8375//8375 8376//8376
f 8375//8375 8377//8377 8376//8376
f 8377//8377 8378//8378 8376//8376
f 8379//8379 8380//8380 8381//8381
f 8380//8380 8382//8382 8381//8381
f 8383//8383 8384//8384 8385//8385
f 8383//8383 8386//8386 8384//8384
f 8387//8387 8388//8388 8389//8389
f 8388//8388 8390//8390 8389//8389
f 8391//8391 8392//8392 8393//8393
f 8392//8392 8394//8394 8393//8393
f 8395//8395 8396//8396 8397//8397
f 8396//8396 8398//8398 8397//8397
f 8396//8396 8399//8399 8398//8398
f 8399//8399 8400//8400 8398//8398
f 8401//8401 8402//8402 8403//8403
f 8401//8401 8404//8404 8402//8402
f 8405//8405 8406//8406 8407//8407
f 8405//8405 8408//8408 8406//8406
f 8409//8409 8410//8410 8411//8411
f 8410//8410 8412//8412 8411//8411
f 8413//8413 8414//8414 8415//8415
f 8414//8414 8416//8416 8415//8415
f 8417//8417 8418//8418 8419//8419
f 8418//8418 8420//8420 8419//8419
f 8421//8421 8422//8422 8423//8423
f 8422//8422 8424//8424 8423//8423
f 8425//8425 8426//8426 8427//8427
f 8426//8426 8428//8428 8427//8427
f 8429//8429 8430//8430 8431//8431
f 8430//8430 8432//8432 8431//8431
f 8433//8433 8434//8434 8435//8435
f 8433//8433 8435//8435 8436//8436
f 8435//8435 8437//8437 8436//8436
f 8437//8437 8438//8438 8436//8436
f 8437//8437 8439//8439 8438//8438
f 8439//8439 8440//8440 8438//8438
f 8439//8439 8441//8441 8440//8440
f 8441//8441 8442//8442 8440//8440
f 8443//8443 8444//8444 8445//8445
f 8443//8443 8445//8445 8446//8446
f 8445//8445 8447//8447 8446//8446
f 8447//8447 8448//8448 8446//8446
f 8447//8447 8449//8449 8448//8448
f 8447//8447 8450//8450 8449//8449
f 8450//8450 8451//8451 8449//8449
f 8450//8450 8452//8452 8451//8451
f 8453//8453 8454//8454 8455//8455
f 8454//8454 8456//8456 8455//8455
f 8454//8454 8457//8457 8456//8456
f 8457//8457 8458//8458 8456//8456
f 8459//8459 8460//8460 8461//8461
f 8460//8460 8462//8462 8461//8461
f 8463//8463 8464//8464 8465//8465
f 8464//8464 8466//8466 8465//8465
f 8467//8467 8468//8468 8469//8469
f 8468//8468 8470//8470 8469//8469
f 8471//8471 8472//8472 8473//8473
f 8472//8472 8474//8474 8473//8473
f 8475//8475 8476//8476 8477//8477
f 8476//8476 8478//8478 8477//8477
f 8476//8476 8479//8479 8478//8478
f 8479//8479 8480//8480 8478//8478
f 8481//8481 8482//8482 8483//8483
f 8481//8481 8484//8484 8482//8482
f 8485//8485 8486//8486 8487//8487
f 8486//8486 8488//8488 8487//8487
f 8489//8489 8490//8490 8491//8491
f 8490//8490 8492//8492 8491//8491
f 8493//8493 8494//8494 8495//8495
f 8494//8494 8496//8496 8495//8495
f 8497//8497 8498//8498 8499//8499
f 8498//8498 8500//8500 8499//8499
f 8501//8501 8502//8502 8503//8503
f 8501//8501 8504//8504 8502//8502
f 8504//8504 8505//8505 8506//8506
f 8504//8504 8507//8507 8505//8505
f 8507//8507 8508//8508 8505//8505
f 8507//8507 8509//8509 8508//8508
f 8510//8510 8511//8511 8512//8512
f 8513//8513 8514//8514 8515//8515
f 8516//8516 8517//8517 8518//8518
f 8519//8519 8520//8520 8521//8521
f 8522//8522 8523//8523 8524//8524
f 8525//8525 8526//8526 8527//8527
f 8528//8528 8529//8529 8530//8530
f 8531//8531 8532//8532 8533//8533
f 8534//8534 8535//8535 8536//8536
f 8537//8537 8538//8538 8539//8539
f 8540//8540 8541//8541 8542//8542
f 8543//8543 8544//8544 8545//8545
f 8546//8546 8547//8547 8548//8548
f 8549//8549 8550//8550 8551//8551
f 8552//8552 8553//8553 8554//8554
f 8555//8555 8556//8556 8557//8557
f 8558//8558 8559//8559 8560//8560
f 8561//8561 8562//8562 8563//8563
f 8564//8564 8565//8565 8566//8566
f 8567//8567 8568//8568 8569//8569
f 8570//8570 8571//8571 8572//8572
f 8573//8573 8574//8574 8575//8575
f 8574//8574 8576//8576 8575//8575
f 8577//8577 8578//8578 8579//8579
f 8578//8578 8580//8580 8579//8579
f 8581//8581 8582//8582 8583//8583
f 8582//8582 8584//8584 8583//8583
f 8585//8585 8586//8586 8587//8587
f 8585//8585 8588//8588 8586//8586
f 8588//8588 8585//8585 8589//8589
f 8590//8590 8588//8588 8589//8589
f 8591//8591 8592//8592 8593//8593
f 8594//8594 8591//8591 8593//8593
f 8594//8594 8593//8593 8595//8595
f 8596//8596 8594//8594 8595//8595
f 8596//8596 8595//8595 8597//8597
f 8598//8598 8596//8596 8597//8597
f 8598//8598 8597//8597 8599//8599
f 8600//8600 8598//8598 8599//8599
f 8600//8600 8599//8599 8601//8601
f 8602//8602 8600//8600 8601//8601
f 8602//8602 8601//8601 8603//8603
f 8604//8604 8602//8602 8603//8603
f 8604//8604 8603//8603 8605//8605
f 8606//8606 8604//8604 8605//8605
f 8606//8606 8605//8605 8607//8607
f 8608//8608 8606//8606 8607//8607
f 8608//8608 8607//8607 8609//8609
f 8610//8610 8608//8608 8609//8609
f 8611//8611 8612//8612 8613//8613
f 8611//8611 8614//8614 8612//8612
f 8614//8614 8615//8615 8612//8612
f 8614//8614 8616//8616 8615//8615
f 8617//8617 8618//8618 8619//8619
f 8620//8620 8617//8617 8619//8619
f 8621//8621 8620//8620 8619//8619
f 8621//8621 8622//8622 8620//8620
f 8623//8623 8624//8624 8625//8625
f 8624//8624 8626//8626 8625//8625
f 8627//8627 8628//8628 8629//8629
f 8628//8628 8630//8630 8629//8629
f 8628//8628 8631//8631 8630//8630
f 8631//8631 8632//8632 8630//8630
f 8633//8633 8634//8634 8635//8635
f 8634//8634 8636//8636 8635//8635
f 8634//8634 8637//8637 8636//8636
f 8637//8637 8638//8638 8636//8636
f 8637//8637 8639//8639 8638//8638
f 8639//8639 8640//8640 8638//8638
f 8641//8641 8642//8642 8643//8643
f 8642//8642 8644//8644 8643//8643
f 8642//8642 8645//8645 8644//8644
f 8645//8645 8646//8646 8644//8644
f 8647//8647 8648//8648 8649//8649
f 8648//8648 8650//8650 8649//8649
f 8651//8651 8652//8652 8653//8653
f 8652//8652 8654//8654 8653//8653
f 8654//8654 8655//8655 8653//8653
f 8654//8654 8656//8656 8655//8655
f 8657//8657 8658//8658 8659//8659
f 8658//8658 8660//8660 8659//8659
f 8661//8661 8662//8662 8663//8663
f 8662//8662 8664//8664 8663//8663
f 8662//8662 8665//8665 8664//8664
f 8665//8665 8666//8666 8664//8664
f 8665//8665 8667//8667 8666//8666
f 8667//8667 8668//8668 8666//8666
f 8669//8669 8670//8670 8671//8671
f 8669//8669 8671//8671 8672//8672
f 8673//8673 8669//8669 8672//8672
f 8673//8673 8672//8672 8674//8674
f 8675//8675 8673//8673 8674//8674
f 8675//8675 8674//8674 8676//8676
f 8677//8677 8675//8675 8676//8676
f 8677//8677 8676//8676 8678//8678
f 8679//8679 8677//8677 8678//8678
f 8680//8680 8679//8679 8678//8678
f 8680//8680 8681//8681 8679//8679
f 8682//8682 8681//8681 8680//8680
f 8683//8683 8684//8684 8685//8685
f 8684//8684 8686//8686 8685//8685
f 8687//8687 8688//8688 8689//8689
f 8690//8690 8687//8687 8689//8689
f 8688//8688 8691//8691 8689//8689
f 8691//8691 8692//8692 8689//8689
f 8691//8691 8693//8693 8692//8692
f 8693//8693 8694//8694 8692//8692
f 8693//8693 8695//8695 8694//8694
f 8695//8695 8696//8696 8694//8694
f 8695//8695 8697//8697 8696//8696
f 8697//8697 8698//8698 8696//8696
f 8697//8697 8699//8699 8698//8698
f 8690//8690 8689//8689 8700//8700
f 8698//8698 8699//8699 8700//8700
f 8701//8701 8690//8690 8700//8700
f 8699//8699 8701//8701 8700//8700
