# Generated from the Unity FBX import by robot-human-interface
o neck.obj
v 0.0147780385 0.05948917 1.24398386
v 0.0199935641 0.05976941 1.2440995
v 0.0165223479 0.0600434281 1.24542427
v 0.0217225235 0.05971827 1.24149561
v 0.0188235678 0.059490826 1.23611307
v 0.0215714183 0.06001011 1.237321
v 0.0188235678 0.059490826 1.23611307
v 0.0170774013 0.0600434542 1.23467565
v 0.0215714183 0.06001011 1.237321
v 0.0188235678 0.059490826 1.23611307
v 0.0136066955 0.0597694032 1.23600042
v 0.0170774013 0.0600434542 1.23467565
v 0.0118774492 0.05971828 1.23860419
v 0.0147780385 0.05948917 1.24398386
v 0.0120286122 0.0600100979 1.24277914
v 0.0147780385 0.05948917 1.24398386
v 0.0165223479 0.0600434281 1.24542427
v 0.0120286122 0.0600100979 1.24277914
v 0.0189240258 0.06423947 1.24490488
v 0.0160109084 0.06519938 1.24485564
v 0.0165223479 0.0600434281 1.24542427
v 0.0160109084 0.06519938 1.24485564
v 0.0135220336 0.06477361 1.24388
v 0.0165223479 0.0600434281 1.24542427
v 0.0135220336 0.06477361 1.24388
v 0.0120286122 0.0600100979 1.24277914
v 0.0165223479 0.0600434281 1.24542427
v 0.0135220336 0.06477361 1.24388
v 0.0119573493 0.06477462 1.24147427
v 0.0120286122 0.0600100979 1.24277914
v 0.0119573493 0.06477462 1.24147427
v 0.0120608639 0.06514191 1.23873341
v 0.0120286122 0.0600100979 1.24277914
v 0.0120608639 0.06514191 1.23873341
v 0.0118774492 0.05971828 1.23860419
v 0.0120286122 0.0600100979 1.24277914
v 0.0120608639 0.06514191 1.23873341
v 0.0144888544 0.0643271655 1.23507452
v 0.0118774492 0.05971828 1.23860419
v 0.0136066955 0.0597694032 1.23600042
v 0.0118774492 0.05971828 1.23860419
v 0.0144888544 0.0643271655 1.23507452
v 0.0170774013 0.0600434542 1.23467565
v 0.0136066955 0.0597694032 1.23600042
v 0.0144888544 0.0643271655 1.23507452
v 0.0187300649 0.06482323 1.23540974
v 0.0170774013 0.0600434542 1.23467565
v 0.0187300649 0.06482323 1.23540974
v 0.0215714183 0.06001011 1.237321
v 0.0170774013 0.0600434542 1.23467565
v 0.0187300649 0.06482323 1.23540974
v 0.021281613 0.06424407 1.23722494
v 0.0215714183 0.06001011 1.237321
v 0.021281613 0.06424407 1.23722494
v 0.0217385255 0.06511208 1.24038422
v 0.0215714183 0.06001011 1.237321
v 0.0217385255 0.06511208 1.24038422
v 0.0217225235 0.05971827 1.24149561
v 0.0215714183 0.06001011 1.237321
v 0.0217385255 0.06511208 1.24038422
v 0.02121831 0.06424173 1.24297464
v 0.0189240258 0.06423947 1.24490488
v 0.0165223479 0.0600434281 1.24542427
v 0.0199935641 0.05976941 1.2440995
v 0.0136066955 0.0597694032 1.23600042
v 0.0188235678 0.059490826 1.23611307
v 0.0147780385 0.05948917 1.24398386
v 0.0188235678 0.059490826 1.23611307
v 0.0199935641 0.05976941 1.2440995
v 0.0147780385 0.05948917 1.24398386
v 0.0147780385 0.05948917 1.24398386
v 0.0118774492 0.05971828 1.23860419
v 0.0136066955 0.0597694032 1.23600042
v 0.0188235678 0.059490826 1.23611307
v 0.0217225235 0.05971827 1.24149561
v 0.0199935641 0.05976941 1.2440995
v 0.022395337 0.07347091 1.24103713
v 0.0223843437 0.0734730661 1.23927271
v 0.0194061175 0.06751604 1.24028981
v 0.0158127286 0.07347091 1.24564528
v 0.0175772943 0.07347127 1.24563241
v 0.0165600553 0.06751604 1.24265611
v 0.0141938459 0.0675160661 1.23981
v 0.0112378579 0.07347489 1.2390523
v 0.0111781564 0.0734684542 1.24081433
v 0.0177872609 0.0734709 1.23445475
v 0.0160227 0.07347126 1.23446751
v 0.0170399453 0.0675160438 1.2374438
v 0.0159319267 0.0666641742 1.24060512
v 0.0156507753 0.07350378 1.24115419
v 0.0165600553 0.06751604 1.24265611
v 0.0156956688 0.0735037848 1.23890078
v 0.0170399453 0.0675160438 1.2374438
v 0.0160227 0.07347126 1.23446751
v 0.0156956688 0.0735037848 1.23890078
v 0.0162448771 0.06666411 1.239182
v 0.0170399453 0.0675160438 1.2374438
v 0.0156507753 0.07350378 1.24115419
v 0.0141938459 0.0675160661 1.23981
v 0.0111781564 0.0734684542 1.24081433
v 0.0156507753 0.07350378 1.24115419
v 0.0159319267 0.0666641742 1.24060512
v 0.0141938459 0.0675160661 1.23981
v 0.022395337 0.07347091 1.24103713
v 0.0194061175 0.06751604 1.24028981
v 0.0179043673 0.07350376 1.24119914
v 0.0179043673 0.07350376 1.24119914
v 0.0165600553 0.06751604 1.24265611
v 0.0175772943 0.07347127 1.24563241
v 0.0179043673 0.07350376 1.24119914
v 0.0173551179 0.06666415 1.240918
v 0.0165600553 0.06751604 1.24265611
v 0.0173551179 0.06666415 1.240918
v 0.0179043673 0.07350376 1.24119914
v 0.0194061175 0.06751604 1.24028981
v 0.0177872609 0.0734709 1.23445475
v 0.0170399453 0.0675160438 1.2374438
v 0.01793555 0.07350326 1.23895657
v 0.01793555 0.07350326 1.23895657
v 0.0194061175 0.06751604 1.24028981
v 0.0223843437 0.0734730661 1.23927271
v 0.01793555 0.07350326 1.23895657
v 0.01764574 0.066660285 1.23947191
v 0.0194061175 0.06751604 1.24028981
v 0.01764574 0.066660285 1.23947191
v 0.01793555 0.07350326 1.23895657
v 0.0170399453 0.0675160438 1.2374438
v 0.0162448771 0.06666411 1.239182
v 0.0156956688 0.0735037848 1.23890078
v 0.0141938459 0.0675160661 1.23981
v 0.0112378579 0.07347489 1.2390523
v 0.0141938459 0.0675160661 1.23981
v 0.0156956688 0.0735037848 1.23890078
v 0.0158127286 0.07347091 1.24564528
v 0.0165600553 0.06751604 1.24265611
v 0.0156507753 0.07350378 1.24115419
v 0.0168166831 0.07263764 1.24980664
v 0.0118106343 0.0732511 1.24848866
v 0.0174753685 0.06786078 1.24514878
v 0.0118106343 0.0732511 1.24848866
v 0.0143721448 0.0676384047 1.24433982
v 0.0174753685 0.06786078 1.24514878
v 0.0118106343 0.0732511 1.24848866
v 0.0128383879 0.0677080154 1.24292624
v 0.0143721448 0.0676384047 1.24433982
v 0.0118106343 0.0732511 1.24848866
v 0.008351821 0.07264514 1.24493146
v 0.0128383879 0.0677080154 1.24292624
v 0.008351821 0.07264514 1.24493146
v 0.0119403414 0.06766091 1.24094892
v 0.0128383879 0.0677080154 1.24292624
v 0.008351821 0.07264514 1.24493146
v 0.006993437 0.0732772946 1.23985612
v 0.0119403414 0.06766091 1.24094892
v 0.006993437 0.0732772946 1.23985612
v 0.012405796 0.0678608939 1.23738182
v 0.0119403414 0.06766091 1.24094892
v 0.006993437 0.0732772946 1.23985612
v 0.008216466 0.07329251 1.23523414
v 0.012405796 0.0678608939 1.23738182
v 0.008216466 0.07329251 1.23523414
v 0.0117996614 0.07261901 1.23153651
v 0.012405796 0.0678608939 1.23738182
v 0.0117996614 0.07261901 1.23153651
v 0.0150298076 0.0677147359 1.235447
v 0.012405796 0.0678608939 1.23738182
v 0.0117996614 0.07261901 1.23153651
v 0.0178509727 0.07262088 1.230435
v 0.0150298076 0.0677147359 1.235447
v 0.0178509727 0.07262088 1.230435
v 0.0172164552 0.06764806 1.23513079
v 0.0150298076 0.0677147359 1.235447
v 0.0178509727 0.07262088 1.230435
v 0.020014869 0.06777257 1.23616934
v 0.0172164552 0.06764806 1.23513079
v 0.0178509727 0.07262088 1.230435
v 0.022535434 0.07264484 1.23215652
v 0.020014869 0.06777257 1.23616934
v 0.022535434 0.07264484 1.23215652
v 0.02582462 0.07317272 1.23626208
v 0.020014869 0.06777257 1.23616934
v 0.02582462 0.07317272 1.23626208
v 0.02168623 0.0679125562 1.23869717
v 0.020014869 0.06777257 1.23616934
v 0.02582462 0.07317272 1.23626208
v 0.0265016723 0.07264349 1.24109161
v 0.02168623 0.0679125562 1.23869717
v 0.0265016723 0.07264349 1.24109161
v 0.0215935726 0.0676786 1.241261
v 0.02168623 0.0679125562 1.23869717
v 0.0265016723 0.07264349 1.24109161
v 0.0234264284 0.07262752 1.247371
v 0.0215935726 0.0676786 1.241261
v 0.0234264284 0.07262752 1.247371
v 0.0202939771 0.06772879 1.24354541
v 0.0215935726 0.0676786 1.241261
v 0.0234264284 0.07262752 1.247371
v 0.0174753685 0.06786078 1.24514878
v 0.0202939771 0.06772879 1.24354541
v 0.0234264284 0.07262752 1.247371
v 0.0168166831 0.07263764 1.24980664
v 0.0174753685 0.06786078 1.24514878
v 0.0173551179 0.06666415 1.240918
v 0.0168 0.0661499947 1.24004984
v 0.0165600553 0.06751604 1.24265611
v 0.0165600553 0.06751604 1.24265611
v 0.0168 0.0661499947 1.24004984
v 0.0159319267 0.0666641742 1.24060512
v 0.0168 0.0661499947 1.24004984
v 0.0141938459 0.0675160661 1.23981
v 0.0159319267 0.0666641742 1.24060512
v 0.0141938459 0.0675160661 1.23981
v 0.0168 0.0661499947 1.24004984
v 0.0162448771 0.06666411 1.239182
v 0.0168 0.0661499947 1.24004984
v 0.0170399453 0.0675160438 1.2374438
v 0.0162448771 0.06666411 1.239182
v 0.0170399453 0.0675160438 1.2374438
v 0.0168 0.0661499947 1.24004984
v 0.01764574 0.066660285 1.23947191
v 0.0168 0.0661499947 1.24004984
v 0.0194061175 0.06751604 1.24028981
v 0.01764574 0.066660285 1.23947191
v 0.0194061175 0.06751604 1.24028981
v 0.0168 0.0661499947 1.24004984
v 0.0173551179 0.06666415 1.240918
v 0.0155964615 0.0735 1.249667
v 0.0175772943 0.07347127 1.24563241
v 0.0158127286 0.07347091 1.24564528
v 0.0156507753 0.07350378 1.24115419
v 0.0111781564 0.0734684542 1.24081433
v 0.0118106343 0.0732511 1.24848866
v 0.0111781564 0.0734684542 1.24081433
v 0.008132633 0.0735 1.24453211
v 0.0118106343 0.0732511 1.24848866
v 0.0112378579 0.07347489 1.2390523
v 0.0142196612 0.0735 1.23051512
v 0.008216466 0.07329251 1.23523414
v 0.0112378579 0.07347489 1.2390523
v 0.0156956688 0.0735037848 1.23890078
v 0.0142196612 0.0735 1.23051512
v 0.0156956688 0.0735037848 1.23890078
v 0.0160227 0.07347126 1.23446751
v 0.0142196612 0.0735 1.23051512
v 0.0177872609 0.0734709 1.23445475
v 0.01793555 0.07350326 1.23895657
v 0.0221590959 0.0735 1.2317524
v 0.01793555 0.07350326 1.23895657
v 0.0223843437 0.0734730661 1.23927271
v 0.0221590959 0.0735 1.2317524
v 0.0142196612 0.0735 1.23051512
v 0.0177872609 0.0734709 1.23445475
v 0.0160227 0.07347126 1.23446751
v 0.0223843437 0.0734730661 1.23927271
v 0.02582462 0.07317272 1.23626208
v 0.0221590959 0.0735 1.2317524
v 0.0223843437 0.0734730661 1.23927271
v 0.0263475571 0.0735 1.2425828
v 0.02582462 0.07317272 1.23626208
v 0.0179043673 0.07350376 1.24119914
v 0.0175772943 0.07347127 1.24563241
v 0.0215484761 0.0735 1.24866319
v 0.0175772943 0.07347127 1.24563241
v 0.0155964615 0.0735 1.249667
v 0.0215484761 0.0735 1.24866319
v 0.0215484761 0.0735 1.24866319
v 0.0155964615 0.0735 1.249667
v 0.0168166831 0.07263764 1.24980664
v 0.0155964615 0.0735 1.249667
v 0.0118106343 0.0732511 1.24848866
v 0.0168166831 0.07263764 1.24980664
v 0.0168166831 0.07263764 1.24980664
v 0.0234264284 0.07262752 1.247371
v 0.0215484761 0.0735 1.24866319
v 0.0234264284 0.07262752 1.247371
v 0.0263475571 0.0735 1.2425828
v 0.0215484761 0.0735 1.24866319
v 0.0234264284 0.07262752 1.247371
v 0.0265016723 0.07264349 1.24109161
v 0.0263475571 0.0735 1.2425828
v 0.0265016723 0.07264349 1.24109161
v 0.02582462 0.07317272 1.23626208
v 0.0263475571 0.0735 1.2425828
v 0.02582462 0.07317272 1.23626208
v 0.022535434 0.07264484 1.23215652
v 0.0221590959 0.0735 1.2317524
v 0.022535434 0.07264484 1.23215652
v 0.0178509727 0.07262088 1.230435
v 0.0221590959 0.0735 1.2317524
v 0.0178509727 0.07262088 1.230435
v 0.0142196612 0.0735 1.23051512
v 0.0221590959 0.0735 1.2317524
v 0.0178509727 0.07262088 1.230435
v 0.0117996614 0.07261901 1.23153651
v 0.0142196612 0.0735 1.23051512
v 0.0117996614 0.07261901 1.23153651
v 0.008216466 0.07329251 1.23523414
v 0.0142196612 0.0735 1.23051512
v 0.006993437 0.0732772946 1.23985612
v 0.008351821 0.07264514 1.24493146
v 0.008132633 0.0735 1.24453211
v 0.008351821 0.07264514 1.24493146
v 0.0118106343 0.0732511 1.24848866
v 0.008132633 0.0735 1.24453211
v 0.0143721448 0.0676384047 1.24433982
v 0.0160109084 0.06519938 1.24485564
v 0.0174753685 0.06786078 1.24514878
v 0.0160109084 0.06519938 1.24485564
v 0.0192154627 0.06566561 1.24410987
v 0.0174753685 0.06786078 1.24514878
v 0.012405796 0.0678608939 1.23738182
v 0.0147631643 0.0653756 1.23566711
v 0.0120608639 0.06514191 1.23873341
v 0.012405796 0.0678608939 1.23738182
v 0.0150298076 0.0677147359 1.235447
v 0.0147631643 0.0653756 1.23566711
v 0.0202939771 0.06772879 1.24354541
v 0.0174753685 0.06786078 1.24514878
v 0.0192154627 0.06566561 1.24410987
v 0.020014869 0.06777257 1.23616934
v 0.02168623 0.0679125562 1.23869717
v 0.02050745 0.0656117 1.23720908
v 0.02050745 0.0656117 1.23720908
v 0.02168623 0.0679125562 1.23869717
v 0.0217385255 0.06511208 1.24038422
v 0.0217385255 0.06511208 1.24038422
v 0.02168623 0.0679125562 1.23869717
v 0.0215935726 0.0676786 1.241261
v 0.0143721448 0.0676384047 1.24433982
v 0.0135220336 0.06477361 1.24388
v 0.0160109084 0.06519938 1.24485564
v 0.0143721448 0.0676384047 1.24433982
v 0.0128383879 0.0677080154 1.24292624
v 0.0135220336 0.06477361 1.24388
v 0.0128383879 0.0677080154 1.24292624
v 0.0119403414 0.06766091 1.24094892
v 0.0135220336 0.06477361 1.24388
v 0.0119403414 0.06766091 1.24094892
v 0.0119573493 0.06477462 1.24147427
v 0.0135220336 0.06477361 1.24388
v 0.0119403414 0.06766091 1.24094892
v 0.012405796 0.0678608939 1.23738182
v 0.0119573493 0.06477462 1.24147427
v 0.012405796 0.0678608939 1.23738182
v 0.0120608639 0.06514191 1.23873341
v 0.0119573493 0.06477462 1.24147427
v 0.0150298076 0.0677147359 1.235447
v 0.0172164552 0.06764806 1.23513079
v 0.0147631643 0.0653756 1.23566711
v 0.0172164552 0.06764806 1.23513079
v 0.0187300649 0.06482323 1.23540974
v 0.0147631643 0.0653756 1.23566711
v 0.0172164552 0.06764806 1.23513079
v 0.020014869 0.06777257 1.23616934
v 0.0187300649 0.06482323 1.23540974
v 0.020014869 0.06777257 1.23616934
v 0.02050745 0.0656117 1.23720908
v 0.0187300649 0.06482323 1.23540974
v 0.0215935726 0.0676786 1.241261
v 0.0202939771 0.06772879 1.24354541
v 0.0217385255 0.06511208 1.24038422
v 0.0202939771 0.06772879 1.24354541
v 0.0192154627 0.06566561 1.24410987
v 0.0217385255 0.06511208 1.24038422
v 0.0192154627 0.06566561 1.24410987
v 0.0160109084 0.06519938 1.24485564
v 0.0189240258 0.06423947 1.24490488
v 0.0189240258 0.06423947 1.24490488
v 0.02121831 0.06424173 1.24297464
v 0.0192154627 0.06566561 1.24410987
v 0.02121831 0.06424173 1.24297464
v 0.0217385255 0.06511208 1.24038422
v 0.0192154627 0.06566561 1.24410987
v 0.021281613 0.06424407 1.23722494
v 0.02050745 0.0656117 1.23720908
v 0.0217385255 0.06511208 1.24038422
v 0.021281613 0.06424407 1.23722494
v 0.0187300649 0.06482323 1.23540974
v 0.02050745 0.0656117 1.23720908
v 0.0144888544 0.0643271655 1.23507452
v 0.0147631643 0.0653756 1.23566711
v 0.0187300649 0.06482323 1.23540974
v 0.0144888544 0.0643271655 1.23507452
v 0.0120608639 0.06514191 1.23873341
v 0.0147631643 0.0653756 1.23566711
v 0.02121831 0.06424173 1.24297464
v 0.0199935641 0.05976941 1.2440995
v 0.0217225235 0.05971827 1.24149561
v 0.0189240258 0.06423947 1.24490488
v 0.0155964615 0.0735 1.249667
v 0.0158127286 0.07347091 1.24564528
v 0.0118106343 0.0732511 1.24848866
v 0.0156507753 0.07350378 1.24115419
v 0.0111781564 0.0734684542 1.24081433
v 0.006993437 0.0732772946 1.23985612
v 0.008132633 0.0735 1.24453211
v 0.0112378579 0.07347489 1.2390523
v 0.008216466 0.07329251 1.23523414
v 0.0223843437 0.0734730661 1.23927271
v 0.022395337 0.07347091 1.24103713
v 0.0263475571 0.0735 1.2425828
v 0.0215484761 0.0735 1.24866319
v 0.0179043673 0.07350376 1.24119914
v 0.0141791068 0.05425 1.27582729
v 0.0136311706 0.0665 1.27556276
v 0.0130847478 0.05425 1.275505
v 0.0205152519 0.0665 1.275505
v 0.0194208976 0.0665 1.27582729
v 0.0199688338 0.05425 1.27556276
v 0.0148390168 0.065625 1.22357726
v 0.014075065 0.0665 1.22147834
v 0.0164213032 0.06635416 1.224429
v 0.0148390168 0.065625 1.22357726
v 0.014586159 0.065625 1.220074
v 0.014075065 0.0665 1.22147834
v 0.014586159 0.065625 1.220074
v 0.01666455 0.0663749948 1.218995
v 0.014075065 0.0665 1.22147834
v 0.0191887133 0.0662083253 1.22289777
v 0.0191886816 0.0659166649 1.22045219
v 0.0148390168 0.065625 1.22357726
v 0.0191886816 0.0659166649 1.22045219
v 0.014586159 0.065625 1.220074
v 0.0148390168 0.065625 1.22357726
v 0.0191886816 0.0659166649 1.22045219
v 0.01666455 0.0663749948 1.218995
v 0.014586159 0.065625 1.220074
v 0.0164213032 0.06635416 1.224429
v 0.0191887133 0.0662083253 1.22289777
v 0.0148390168 0.065625 1.22357726
v 0.0351018943 0.0659166649 1.24801457
v 0.0347240828 0.065625 1.25092483
v 0.0352065451 0.0665 1.25035441
v 0.0347240828 0.065625 1.25092483
v 0.03233452 0.06639062 1.25199163
v 0.0352065451 0.0665 1.25035441
v 0.0307522286 0.065625 1.25113976
v 0.029988287 0.0665 1.24904072
v 0.03233452 0.06639062 1.25199163
v 0.0307522286 0.065625 1.25113976
v 0.0304993745 0.065625 1.24763656
v 0.029988287 0.0665 1.24904072
v 0.0304993745 0.065625 1.24763656
v 0.032577768 0.0663749948 1.24655759
v 0.029988287 0.0665 1.24904072
v 0.0347240828 0.065625 1.25092483
v 0.0351018943 0.0659166649 1.24801457
v 0.0307522286 0.065625 1.25113976
v 0.0351018943 0.0659166649 1.24801457
v 0.0304993745 0.065625 1.24763656
v 0.0307522286 0.065625 1.25113976
v 0.0351018943 0.0659166649 1.24801457
v 0.032577768 0.0663749948 1.24655759
v 0.0304993745 0.065625 1.24763656
v 0.03233452 0.06639062 1.25199163
v 0.0347240828 0.065625 1.25092483
v 0.0307522286 0.065625 1.25113976
v 0.003275468 0.0659166649 1.24801457
v 0.00289764814 0.065625 1.25092483
v 0.00338011514 0.0665 1.25035441
v 0.00289764814 0.065625 1.25092483
v 0.0005080899 0.0663749948 1.25199163
v 0.00338011514 0.0665 1.25035441
v -0.00107420445 0.065625 1.25113976
v -0.001838152 0.0665 1.24904072
v 0.0005080899 0.0663749948 1.25199163
v -0.00107420445 0.065625 1.25113976
v -0.00132706563 0.065625 1.24763656
v -0.001838152 0.0665 1.24904072
v -0.00132706563 0.065625 1.24763656
v 0.000751336454 0.06635416 1.24655759
v -0.001838152 0.0665 1.24904072
v 0.00289764814 0.065625 1.25092483
v 0.003275468 0.0659166649 1.24801457
v -0.00107420445 0.065625 1.25113976
v 0.003275468 0.0659166649 1.24801457
v -0.00132706563 0.065625 1.24763656
v -0.00107420445 0.065625 1.25113976
v 0.003275468 0.0659166649 1.24801457
v 0.000751336454 0.06635416 1.24655759
v -0.00132706563 0.065625 1.24763656
v 0.0005080899 0.0663749948 1.25199163
v 0.00289764814 0.065625 1.25092483
v -0.00107420445 0.065625 1.25113976
v 0.0141791068 0.05425 1.27582729
v 0.0194208976 0.0665 1.27582729
v 0.0136311706 0.0665 1.27556276
v 0.0141791068 0.05425 1.27582729
v 0.0199688338 0.05425 1.27556276
v 0.0194208976 0.0665 1.27582729
v 0.0194208976 0.0665 1.27582729
v 0.0185510051 0.06633036 1.27141571
v 0.0159798246 0.06629921 1.27173853
v 0.0159798246 0.06629921 1.27173853
v 0.0138174547 0.06625406 1.27033329
v 0.0136311706 0.0665 1.27556276
v 0.0138174547 0.06625406 1.27033329
v 0.000212626677 0.0665 1.27185988
v 0.0136311706 0.0665 1.27556276
v 0.0194208976 0.0665 1.27582729
v 0.0159798246 0.06629921 1.27173853
v 0.0185510051 0.06633036 1.27141571
v 0.0205152519 0.0665 1.275505
v 0.000212626677 0.0665 1.27185988
v -0.000173183013 0.0665 1.26111472
v -0.00375481625 0.0665 1.2628516
v -0.01904029 0.0665 1.23847222
v -0.0170919076 0.0665 1.25181234
v -0.0143964542 0.0662854761 1.242027
v -0.0170919076 0.0665 1.25181234
v -0.0123802535 0.0662209541 1.24358189
v -0.0143964542 0.0662854761 1.242027
v -0.0170919076 0.0665 1.25181234
v -0.009791704 0.06632574 1.24355793
v -0.0123802535 0.0662209541 1.24358189
v -0.01904029 0.0665 1.23847222
v -0.0143964542 0.0662854761 1.242027
v -0.0148832705 0.0662209839 1.23950088
v -0.008192376 0.0665 1.21431291
v -0.0159272384 0.0665 1.22535491
v -0.006001621 0.0665 1.21949518
v 0.00307196 0.0665 1.20690548
v -0.00277612964 0.0665 1.21716273
v -0.008192376 0.0665 1.21431291
v -0.006001621 0.0665 1.21949518
v 0.01678959 0.0665 1.20439219
v 0.01451622 0.066324 1.20896554
v 0.00307196 0.0665 1.20690548
v 0.0130933737 0.06628321 1.21114552
v 8.106283E-05 0.0665 1.21993423
v 8.106283E-05 0.0665 1.21993423
v -0.00277612964 0.0665 1.21716273
v 0.0133568142 0.06635188 1.21377981
v 0.0130933737 0.06628321 1.21114552
v 0.005473762 0.0665 1.231821
v -0.00108669791 0.0665 1.22253
v 0.012473763 0.0665 1.22673523
v 0.014075065 0.0665 1.22147834
v 0.0133568142 0.06635188 1.21377981
v 0.01666455 0.0663749948 1.218995
v -0.008861685 0.0663533 1.23706114
v -0.00426474 0.0665 1.2230767
v 0.00280000013 0.0665 1.24004984
v -0.007551077 0.06622098 1.23930609
v -0.007866371 0.06632574 1.241832
v -0.007866371 0.06632574 1.241832
v 0.000751336454 0.06635416 1.24655759
v -0.009791704 0.06632574 1.24355793
v -0.001838152 0.0665 1.24904072
v -0.0170919076 0.0665 1.25181234
v -0.006087261 0.0665 1.25962615
v -0.004486488 0.0665 1.25727248
v -0.001838152 0.0665 1.24904072
v -0.0103572393 0.0665 1.26349139
v -0.007866371 0.06632574 1.241832
v 0.000751336454 0.06635416 1.24655759
v -0.00375481625 0.0665 1.2628516
v -0.006087261 0.0665 1.25962615
v 0.000212626677 0.0665 1.27185988
v 0.0138174547 0.06625406 1.27033329
v 0.0130251143 0.06629921 1.267883
v -0.000173183013 0.0665 1.26111472
v 0.0130251143 0.06629921 1.267883
v 0.0140335765 0.06625404 1.26550913
v 0.012473763 0.0665 1.25336468
v 0.00338011514 0.0665 1.25035441
v -0.0012618 0.0665 1.25728607
v 0.005473762 0.0665 1.248279
v 0.0140335765 0.06625404 1.26550913
v 0.0163138714 0.06625406 1.26432526
v 0.0211262368 0.0665 1.25336468
v 0.0163138714 0.06625406 1.26432526
v 0.029988287 0.0665 1.24904072
v 0.0281262342 0.0665 1.248279
v 0.03233452 0.06639062 1.25199163
v 0.0340359 0.0665 1.25811183
v 0.03659899 0.0665 1.25687385
v 0.0188321769 0.06629922 1.26486433
v 0.0344431028 0.0665 1.26207137
v 0.029988287 0.0665 1.24904072
v 0.032577768 0.0663749948 1.24655759
v 0.0203836467 0.0662540644 1.26692438
v 0.0344431028 0.0665 1.26207137
v 0.0203836467 0.0662540644 1.26692438
v 0.03338737 0.0665 1.27185988
v 0.0202687 0.06625408 1.26949131
v 0.0205152519 0.0665 1.275505
v 0.0384134166 0.0665 1.262358
v 0.03338737 0.0665 1.27185988
v 0.0439572372 0.0665 1.26349139
v 0.0393849723 0.0665 1.258498
v 0.0506919064 0.0665 1.25181234
v 0.0352065451 0.0665 1.25035441
v 0.0429109037 0.06633165 1.24344611
v 0.03659899 0.0665 1.25687385
v 0.0352065451 0.0665 1.25035441
v 0.03233452 0.06639062 1.25199163
v -0.0113141043 0.06628549 1.2362932
v -0.008861685 0.0663533 1.23706114
v -0.00426474 0.0665 1.2230767
v 0.005473762 0.0665 1.231821
v -0.00108669791 0.0665 1.22253
v 0.01451622 0.066324 1.20896554
v 0.0170471519 0.0662832 1.20824254
v 0.01678959 0.0665 1.20439219
v 0.0191887133 0.0662083253 1.22289777
v 0.0211262368 0.0665 1.22673523
v 0.03362072 0.0665 1.22109783
v 0.0164213032 0.06635416 1.224429
v 0.012473763 0.0665 1.22673523
v 0.0191887133 0.0662083253 1.22289777
v 0.0164213032 0.06635416 1.224429
v 0.0211262368 0.0665 1.22673523
v 0.0164213032 0.06635416 1.224429
v 0.014075065 0.0665 1.22147834
v 0.012473763 0.0665 1.22673523
v 0.04952723 0.0665 1.22535491
v 0.0454257429 0.06629259 1.23623633
v 0.04773077 0.06629259 1.23753071
v 0.0369158164 0.0665 1.22333109
v 0.0427865535 0.0663583353 1.23670888
v 0.0454257429 0.06629259 1.23623633
v 0.0506919064 0.0665 1.25181234
v 0.05264028 0.0665 1.23847222
v 0.04778983 0.0662926 1.24249876
v 0.05264028 0.0665 1.23847222
v 0.0486302823 0.06622995 1.24002981
v 0.04778983 0.0662926 1.24249876
v 0.0211262368 0.0665 1.25336468
v 0.0163138714 0.06625406 1.26432526
v 0.0188321769 0.06629922 1.26486433
v 0.0202687 0.06625408 1.26949131
v 0.0185510051 0.06633036 1.27141571
v 0.0205152519 0.0665 1.275505
v 0.0307999961 0.0665 1.24004984
v 0.0411938541 0.06622995 1.2387588
v 0.0427865535 0.0663583353 1.23670888
v 0.0307999961 0.0665 1.24004984
v 0.0411698967 0.06633166 1.24143732
v 0.0411938541 0.06622995 1.2387588
v -0.008861685 0.0663533 1.23706114
v -0.007551077 0.06622098 1.23930609
v 0.00280000013 0.0665 1.24004984
v 0.005473762 0.0665 1.248279
v 0.00280000013 0.0665 1.24004984
v 0.003275468 0.0659166649 1.24801457
v 0.00280000013 0.0665 1.24004984
v 0.000751336454 0.06635416 1.24655759
v 0.003275468 0.0659166649 1.24801457
v 0.005473762 0.0665 1.248279
v 0.003275468 0.0659166649 1.24801457
v 0.00338011514 0.0665 1.25035441
v 0.032577768 0.0663749948 1.24655759
v 0.0411698967 0.06633166 1.24143732
v 0.0307999961 0.0665 1.24004984
v 0.0307999961 0.0665 1.24004984
v 0.0281262342 0.0665 1.248279
v 0.0281262342 0.0665 1.231821
v 0.0427865535 0.0663583353 1.23670888
v 0.0369158164 0.0665 1.22333109
v 0.04952723 0.0665 1.22535491
v 0.03939457 0.0665 1.22126853
v 0.04952723 0.0665 1.22535491
v 0.0454257429 0.06629259 1.23623633
v 0.039108023 0.0665 1.2184366
v 0.0417923667 0.0665 1.21431291
v 0.0352478027 0.0665 1.217465
v 0.0305280332 0.0665 1.20690548
v 0.0369158164 0.0665 1.22333109
v 0.03362072 0.0665 1.22109783
v 0.0211262368 0.0665 1.22673523
v 0.0194408521 0.0663239956 1.20926523
v 0.01678959 0.0665 1.20439219
v 0.0170471519 0.0662832 1.20824254
v 0.0205924232 0.0662831962 1.21163213
v 0.0352478027 0.0665 1.217465
v 0.0200196467 0.0663518757 1.214167
v 0.03362072 0.0665 1.22109783
v 0.0191887133 0.0662083253 1.22289777
v 0.032577768 0.0663749948 1.24655759
v 0.0351018943 0.0659166649 1.24801457
v 0.0411698967 0.06633166 1.24143732
v 0.0351018943 0.0659166649 1.24801457
v 0.0429109037 0.06633165 1.24344611
v 0.0411698967 0.06633166 1.24143732
v 0.0351018943 0.0659166649 1.24801457
v 0.0352065451 0.0665 1.25035441
v 0.0429109037 0.06633165 1.24344611
v 0.00338011514 0.0665 1.25035441
v 0.0005080899 0.0663749948 1.25199163
v -0.0012618 0.0665 1.25728607
v 0.0005080899 0.0663749948 1.25199163
v -0.004486488 0.0665 1.25727248
v -0.0012618 0.0665 1.25728607
v -0.004486488 0.0665 1.25727248
v 0.0005080899 0.0663749948 1.25199163
v -0.001838152 0.0665 1.24904072
v 0.0429109037 0.06633165 1.24344611
v 0.0506919064 0.0665 1.25181234
v 0.0454849638 0.06622992 1.24381852
v 0.0506919064 0.0665 1.25181234
v 0.04778983 0.0662926 1.24249876
v 0.0454849638 0.06622992 1.24381852
v 0.01666455 0.0663749948 1.218995
v 0.0152656166 0.06628321 1.21554327
v 0.0133568142 0.06635188 1.21377981
v 0.01666455 0.0663749948 1.218995
v 0.017870035 0.0662831962 1.21571243
v 0.0152656166 0.06628321 1.21554327
v 0.01666455 0.0663749948 1.218995
v 0.0191886816 0.0659166649 1.22045219
v 0.017870035 0.0662831962 1.21571243
v 0.0191886816 0.0659166649 1.22045219
v 0.0200196467 0.0663518757 1.214167
v 0.017870035 0.0662831962 1.21571243
v 0.0191886816 0.0659166649 1.22045219
v 0.0191887133 0.0662083253 1.22289777
v 0.0200196467 0.0663518757 1.214167
v -0.004911283 0.05425 1.22253
v -0.008184556 0.05425 1.23800635
v -0.0112 0.05425 1.23654985
v -0.0144776357 0.05425 1.23846054
v -0.0159272384 0.05425 1.22535491
v -0.004911283 0.05425 1.22253
v -0.00607902836 0.05425 1.21993423
v -0.008192376 0.05425 1.21431291
v -0.00322184875 0.05425 1.21716273
v 0.00307196 0.05425 1.20690548
v 3.64273774E-06 0.05425 1.21949518
v 0.0141852247 0.05425 1.21458614
v 0.0138482209 0.05425 1.2099154
v 0.0168104041 0.05425 1.20439219
v 0.0183894783 0.05425 1.20877242
v 0.0305280332 0.05425 1.20690548
v 0.0202999953 0.05425 1.21205
v 0.0348617658 0.05425 1.217688
v 0.0141852247 0.05425 1.21458614
v -0.00173324137 0.05425 1.2230767
v 0.0188436769 0.05425 1.21506548
v 0.0202999953 0.05425 1.21205
v 0.0337731838 0.05425 1.22151673
v 0.0417846367 0.05425 1.2420938
v -0.008184556 0.05425 1.23800635
v -0.004911283 0.05425 1.22253
v 0.03381302 0.05425 1.258498
v 0.03659899 0.05425 1.25687385
v 0.0391620956 0.05425 1.25811183
v 0.0462891124 0.05425 1.24337435
v 0.0147563219 0.05425 1.26503456
v -0.00164782873 0.05425 1.257063
v 0.0194146652 0.05425 1.26551366
v 0.0347845666 0.05425 1.262358
v 0.03338737 0.05425 1.27185988
v 0.0387548953 0.05425 1.26207137
v 0.0439572372 0.05425 1.26349139
v 0.0391620956 0.05425 1.25811183
v 0.0506919064 0.05425 1.25181234
v 0.0439572372 0.05425 1.26349139
v 0.05264028 0.05425 1.23847222
v 0.0483325124 0.05425 1.23916066
v 0.05264028 0.05425 1.23847222
v 0.04453773 0.05425 1.2364167
v 0.04952723 0.05425 1.22535491
v 0.0417923667 0.05425 1.21431291
v 0.03882147 0.05425 1.21809506
v 0.0348617658 0.05425 1.217688
v 0.03882147 0.05425 1.21809506
v 0.04952723 0.05425 1.22535491
v 0.03939457 0.05425 1.22126853
v 0.0373548456 0.05425 1.22325361
v 0.04453773 0.05425 1.2364167
v -0.005508017 0.05425 1.25803459
v -0.0103572393 0.05425 1.26349139
v -0.0170919076 0.05425 1.25181234
v -0.0109377867 0.05425 1.24368322
v -0.0170919076 0.05425 1.25181234
v -0.0142310876 0.05425 1.2418
v -0.0109377867 0.05425 1.24368322
v -0.01904029 0.05425 1.23847222
v -0.0144776357 0.05425 1.23846054
v -0.0057945773 0.05425 1.2608664
v -0.0103572393 0.05425 1.26349139
v -0.00331578613 0.05425 1.26292908
v 0.000212626677 0.05425 1.27185988
v -2.07132089E-05 0.05425 1.26069582
v 0.0132999979 0.05425 1.26805
v 0.0152105056 0.05425 1.27132761
v 0.0130847478 0.05425 1.275505
v 0.0199688338 0.05425 1.27556276
v 0.0141791068 0.05425 1.27582729
v 0.0197518468 0.05425 1.2701844
v 0.0194146652 0.05425 1.26551366
v -0.0109377867 0.05425 1.24368322
v -0.00164782873 0.05425 1.257063
v -0.00816891 0.05425 1.2418
v -0.008184556 0.05425 1.23800635
v 0.0147563219 0.05425 1.26503456
v -2.07132089E-05 0.05425 1.26069582
v 0.0132999979 0.05425 1.26805
v -0.00331578613 0.05425 1.26292908
v 0.000212626677 0.05425 1.27185988
v 0.0130847478 0.05425 1.275505
v 0.0152105056 0.05425 1.27132761
v 0.0141791068 0.05425 1.27582729
v 0.0337731838 0.05425 1.22151673
v 0.0417689048 0.05425 1.2383
v 0.0417846367 0.05425 1.2420938
v 0.04453773 0.05425 1.2364167
v 0.0373548456 0.05425 1.22325361
v 0.0337731838 0.05425 1.22151673
v 0.0200196467 0.0663518757 1.214167
v 0.0205924232 0.0662831962 1.21163213
v 0.0188436769 0.05425 1.21506548
v 0.0205924232 0.0662831962 1.21163213
v 0.0202999953 0.05425 1.21205
v 0.0188436769 0.05425 1.21506548
v 0.0205924232 0.0662831962 1.21163213
v 0.0194408521 0.0663239956 1.20926523
v 0.0202999953 0.05425 1.21205
v 0.0170471519 0.0662832 1.20824254
v 0.0183894783 0.05425 1.20877242
v 0.0194408521 0.0663239956 1.20926523
v 0.0183894783 0.05425 1.20877242
v 0.0202999953 0.05425 1.21205
v 0.01451622 0.066324 1.20896554
v 0.0130933737 0.06628321 1.21114552
v 0.0138482209 0.05425 1.2099154
v 0.0133568142 0.06635188 1.21377981
v 0.0152656166 0.06628321 1.21554327
v 0.0141852247 0.05425 1.21458614
v 0.017870035 0.0662831962 1.21571243
v 0.0200196467 0.0663518757 1.214167
v 0.0188436769 0.05425 1.21506548
v 0.017870035 0.0662831962 1.21571243
v 0.0141852247 0.05425 1.21458614
v 0.0152656166 0.06628321 1.21554327
v 0.0429109037 0.06633165 1.24344611
v 0.0454849638 0.06622992 1.24381852
v 0.0417846367 0.05425 1.2420938
v 0.0454849638 0.06622992 1.24381852
v 0.0462891124 0.05425 1.24337435
v 0.0417846367 0.05425 1.2420938
v 0.0454849638 0.06622992 1.24381852
v 0.04778983 0.0662926 1.24249876
v 0.0462891124 0.05425 1.24337435
v 0.04778983 0.0662926 1.24249876
v 0.0486302823 0.06622995 1.24002981
v 0.0462891124 0.05425 1.24337435
v 0.0486302823 0.06622995 1.24002981
v 0.0483325124 0.05425 1.23916066
v 0.0462891124 0.05425 1.24337435
v 0.0486302823 0.06622995 1.24002981
v 0.04773077 0.06629259 1.23753071
v 0.0483325124 0.05425 1.23916066
v 0.04773077 0.06629259 1.23753071
v 0.0454257429 0.06629259 1.23623633
v 0.0483325124 0.05425 1.23916066
v 0.0454257429 0.06629259 1.23623633
v 0.04453773 0.05425 1.2364167
v 0.0483325124 0.05425 1.23916066
v 0.0454257429 0.06629259 1.23623633
v 0.0427865535 0.0663583353 1.23670888
v 0.04453773 0.05425 1.2364167
v 0.0427865535 0.0663583353 1.23670888
v 0.0411938541 0.06622995 1.2387588
v 0.04453773 0.05425 1.2364167
v 0.0411938541 0.06622995 1.2387588
v 0.0417689048 0.05425 1.2383
v 0.04453773 0.05425 1.2364167
v 0.0411698967 0.06633166 1.24143732
v 0.0429109037 0.06633165 1.24344611
v 0.0417846367 0.05425 1.2420938
v 0.0411698967 0.06633166 1.24143732
v 0.0417689048 0.05425 1.2383
v 0.0411938541 0.06622995 1.2387588
v 0.0140335765 0.06625404 1.26550913
v 0.0130251143 0.06629921 1.267883
v 0.0147563219 0.05425 1.26503456
v 0.0130251143 0.06629921 1.267883
v 0.0132999979 0.05425 1.26805
v 0.0147563219 0.05425 1.26503456
v 0.0130251143 0.06629921 1.267883
v 0.0138174547 0.06625406 1.27033329
v 0.0132999979 0.05425 1.26805
v 0.0159798246 0.06629921 1.27173853
v 0.0152105056 0.05425 1.27132761
v 0.0138174547 0.06625406 1.27033329
v 0.0152105056 0.05425 1.27132761
v 0.0132999979 0.05425 1.26805
v 0.0159798246 0.06629921 1.27173853
v 0.0185510051 0.06633036 1.27141571
v 0.0152105056 0.05425 1.27132761
v 0.0185510051 0.06633036 1.27141571
v 0.0197518468 0.05425 1.2701844
v 0.0152105056 0.05425 1.27132761
v 0.0185510051 0.06633036 1.27141571
v 0.0202687 0.06625408 1.26949131
v 0.0197518468 0.05425 1.2701844
v 0.0203836467 0.0662540644 1.26692438
v 0.0197518468 0.05425 1.2701844
v 0.0188321769 0.06629922 1.26486433
v 0.0194146652 0.05425 1.26551366
v 0.0203836467 0.0662540644 1.26692438
v 0.0194146652 0.05425 1.26551366
v 0.0197518468 0.05425 1.2701844
v 0.0188321769 0.06629922 1.26486433
v 0.0163138714 0.06625406 1.26432526
v 0.0194146652 0.05425 1.26551366
v 0.0163138714 0.06625406 1.26432526
v 0.0147563219 0.05425 1.26503456
v 0.0194146652 0.05425 1.26551366
v 0.0163138714 0.06625406 1.26432526
v 0.0140335765 0.06625404 1.26550913
v 0.0147563219 0.05425 1.26503456
v -0.008861685 0.0663533 1.23706114
v -0.0113141043 0.06628549 1.2362932
v -0.008184556 0.05425 1.23800635
v -0.0113141043 0.06628549 1.2362932
v -0.0112 0.05425 1.23654985
v -0.008184556 0.05425 1.23800635
v -0.0113141043 0.06628549 1.2362932
v -0.0137021141 0.06628547 1.23724556
v -0.0112 0.05425 1.23654985
v -0.0148832705 0.0662209839 1.23950088
v -0.0144776357 0.05425 1.23846054
v -0.0137021141 0.06628547 1.23724556
v -0.0144776357 0.05425 1.23846054
v -0.0112 0.05425 1.23654985
v -0.0148832705 0.0662209839 1.23950088
v -0.0143964542 0.0662854761 1.242027
v -0.0144776357 0.05425 1.23846054
v -0.0123802535 0.0662209541 1.24358189
v -0.0142310876 0.05425 1.2418
v -0.009791704 0.06632574 1.24355793
v -0.0109377867 0.05425 1.24368322
v -0.0143964542 0.0662854761 1.242027
v -0.0142310876 0.05425 1.2418
v -0.0144776357 0.05425 1.23846054
v -0.0123802535 0.0662209541 1.24358189
v -0.0109377867 0.05425 1.24368322
v -0.0142310876 0.05425 1.2418
v -0.009791704 0.06632574 1.24355793
v -0.007866371 0.06632574 1.241832
v -0.0109377867 0.05425 1.24368322
v -0.007866371 0.06632574 1.241832
v -0.00816891 0.05425 1.2418
v -0.0109377867 0.05425 1.24368322
v -0.007866371 0.06632574 1.241832
v -0.007551077 0.06622098 1.23930609
v -0.00816891 0.05425 1.2418
v -0.007551077 0.06622098 1.23930609
v -0.008184556 0.05425 1.23800635
v -0.00816891 0.05425 1.2418
v -0.007551077 0.06622098 1.23930609
v -0.008861685 0.0663533 1.23706114
v -0.008184556 0.05425 1.23800635
v -0.000173183013 0.0665 1.26111472
v -0.0012618 0.0665 1.25728607
v -2.07132089E-05 0.05425 1.26069582
v -0.0012618 0.0665 1.25728607
v -0.00164782873 0.05425 1.257063
v -2.07132089E-05 0.05425 1.26069582
v -0.0012618 0.0665 1.25728607
v -0.004486488 0.0665 1.25727248
v -0.00164782873 0.05425 1.257063
v -0.004486488 0.0665 1.25727248
v -0.005508017 0.05425 1.25803459
v -0.00164782873 0.05425 1.257063
v -0.004486488 0.0665 1.25727248
v -0.006087261 0.0665 1.25962615
v -0.005508017 0.05425 1.25803459
v -0.006087261 0.0665 1.25962615
v -0.0057945773 0.05425 1.2608664
v -0.005508017 0.05425 1.25803459
v -0.006087261 0.0665 1.25962615
v -0.00375481625 0.0665 1.2628516
v -0.0057945773 0.05425 1.2608664
v -0.00375481625 0.0665 1.2628516
v -0.00331578613 0.05425 1.26292908
v -0.0057945773 0.05425 1.2608664
v -0.00375481625 0.0665 1.2628516
v -0.000173183013 0.0665 1.26111472
v -0.00331578613 0.05425 1.26292908
v -0.000173183013 0.0665 1.26111472
v -2.07132089E-05 0.05425 1.26069582
v -0.00331578613 0.05425 1.26292908
v -0.00426474 0.0665 1.2230767
v -0.00173324137 0.05425 1.2230767
v -0.004911283 0.05425 1.22253
v -0.00426474 0.0665 1.2230767
v -0.00108669791 0.0665 1.22253
v -0.00173324137 0.05425 1.2230767
v 8.106283E-05 0.0665 1.21993423
v -0.00277612964 0.0665 1.21716273
v 3.64273774E-06 0.05425 1.21949518
v -0.00277612964 0.0665 1.21716273
v -0.00322184875 0.05425 1.21716273
v 3.64273774E-06 0.05425 1.21949518
v -0.00277612964 0.0665 1.21716273
v -0.006001621 0.0665 1.21949518
v -0.00322184875 0.05425 1.21716273
v -0.006001621 0.0665 1.21949518
v -0.00607902836 0.05425 1.21993423
v -0.00322184875 0.05425 1.21716273
v 0.0352478027 0.0665 1.217465
v 0.03362072 0.0665 1.22109783
v 0.0348617658 0.05425 1.217688
v 0.03362072 0.0665 1.22109783
v 0.0337731838 0.05425 1.22151673
v 0.0348617658 0.05425 1.217688
v 0.03362072 0.0665 1.22109783
v 0.0369158164 0.0665 1.22333109
v 0.0337731838 0.05425 1.22151673
v 0.0369158164 0.0665 1.22333109
v 0.0373548456 0.05425 1.22325361
v 0.0337731838 0.05425 1.22151673
v 0.0369158164 0.0665 1.22333109
v 0.03939457 0.0665 1.22126853
v 0.0373548456 0.05425 1.22325361
v 0.03939457 0.0665 1.22126853
v 0.03939457 0.05425 1.22126853
v 0.0373548456 0.05425 1.22325361
v 0.03939457 0.0665 1.22126853
v 0.039108023 0.0665 1.2184366
v 0.03939457 0.05425 1.22126853
v 0.039108023 0.0665 1.2184366
v 0.03882147 0.05425 1.21809506
v 0.03939457 0.05425 1.22126853
v 0.039108023 0.0665 1.2184366
v 0.0352478027 0.0665 1.217465
v 0.03882147 0.05425 1.21809506
v 0.0352478027 0.0665 1.217465
v 0.0348617658 0.05425 1.217688
v 0.03882147 0.05425 1.21809506
v 0.0393849723 0.0665 1.258498
v 0.03659899 0.0665 1.25687385
v 0.0391620956 0.05425 1.25811183
v 0.03659899 0.0665 1.25687385
v 0.03659899 0.05425 1.25687385
v 0.0391620956 0.05425 1.25811183
v 0.03659899 0.0665 1.25687385
v 0.0340359 0.0665 1.25811183
v 0.03659899 0.05425 1.25687385
v 0.0340359 0.0665 1.25811183
v 0.03381302 0.05425 1.258498
v 0.03659899 0.05425 1.25687385
v 0.0340359 0.0665 1.25811183
v 0.0344431028 0.0665 1.26207137
v 0.03381302 0.05425 1.258498
v 0.0344431028 0.0665 1.26207137
v 0.0347845666 0.05425 1.262358
v 0.03381302 0.05425 1.258498
v 0.0344431028 0.0665 1.26207137
v 0.0384134166 0.0665 1.262358
v 0.0347845666 0.05425 1.262358
v 0.0384134166 0.0665 1.262358
v 0.0387548953 0.05425 1.26207137
v 0.0347845666 0.05425 1.262358
v 0.0384134166 0.0665 1.262358
v 0.0393849723 0.0665 1.258498
v 0.0387548953 0.05425 1.26207137
v 0.0393849723 0.0665 1.258498
v 0.0391620956 0.05425 1.25811183
v 0.0387548953 0.05425 1.26207137
v 0.0281262342 0.0665 1.248279
v 0.0307999961 0.0665 1.24004984
v 0.0297106281 0.07291431 1.24468458
v 0.0281262342 0.0665 1.248279
v 0.024493115 0.07294341 1.25143826
v 0.0211262368 0.0665 1.25336468
v 0.024493115 0.07294341 1.25143826
v 0.0168 0.07209999 1.2540499
v 0.012473763 0.0665 1.25336468
v 0.0168 0.07209999 1.2540499
v 0.0168 0.07209999 1.2540499
v 0.009106869 0.07294341 1.25143826
v 0.005473762 0.0665 1.248279
v 0.009106869 0.07294341 1.25143826
v 0.005473762 0.0665 1.248279
v 0.003889376 0.0729143247 1.24468458
v 0.00280000013 0.0665 1.24004984
v 0.003889376 0.0729143247 1.24468458
v 0.00368073629 0.0728846341 1.23616493
v 0.005473762 0.0665 1.231821
v 0.00368073629 0.0728846341 1.23616493
v 0.005473762 0.0665 1.231821
v 0.008565895 0.0728502944 1.22916114
v 0.012473763 0.0665 1.22673523
v 0.008565895 0.0728502944 1.22916114
v 0.012473763 0.0665 1.22673523
v 0.0168000571 0.07283027 1.22640586
v 0.0211262368 0.0665 1.22673523
v 0.0168000571 0.07283027 1.22640586
v 0.0211262368 0.0665 1.22673523
v 0.0250340421 0.07285027 1.229161
v 0.0281262342 0.0665 1.231821
v 0.0250340421 0.07285027 1.229161
v 0.0281262342 0.0665 1.231821
v 0.0299192611 0.07288462 1.23616493
v 0.0307999961 0.0665 1.24004984
v 0.0299192611 0.07288462 1.23616493
v 0.0297106281 0.07291431 1.24468458
v 0.0168 0.07209999 1.2540499
v 0.024493115 0.07294341 1.25143826
v 0.009106869 0.07294341 1.25143826
v 0.0168000571 0.07283027 1.22640586
v 0.0126000019 0.073149994 1.23277533
v 0.0182586443 0.073149994 1.23177755
v 0.0168000571 0.07283027 1.22640586
v 0.008565895 0.0728502944 1.22916114
v 0.0126000019 0.073149994 1.23277533
v 0.008565895 0.0728502944 1.22916114
v 0.008906581 0.073149994 1.237177
v 0.0126000019 0.073149994 1.23277533
v 0.024493115 0.07294341 1.25143826
v 0.0232347734 0.073149994 1.24544942
v 0.0182586443 0.073149994 1.24832237
v 0.0297106281 0.07291431 1.24468458
v 0.0299192611 0.07288462 1.23616493
v 0.0252 0.073149994 1.24004984
v 0.0199688338 0.05425 1.27556276
v 0.03338737 0.05425 1.27185988
v 0.0205152519 0.0665 1.275505
v 0.03338737 0.0665 1.27185988
v 0.0439572372 0.0665 1.26349139
v 0.0439572372 0.05425 1.26349139
v 0.0506919064 0.0665 1.25181234
v 0.0506919064 0.05425 1.25181234
v 0.05264028 0.0665 1.23847222
v 0.05264028 0.05425 1.23847222
v 0.04952723 0.0665 1.22535491
v 0.04952723 0.05425 1.22535491
v 0.0417923667 0.0665 1.21431291
v 0.0417923667 0.05425 1.21431291
v 0.0305280332 0.0665 1.20690548
v 0.0305280332 0.05425 1.20690548
v 0.0168104041 0.05425 1.20439219
v 0.01678959 0.0665 1.20439219
v 0.0136311706 0.0665 1.27556276
v 0.000212626677 0.0665 1.27185988
v 0.0130847478 0.05425 1.275505
v 0.000212626677 0.05425 1.27185988
v -0.0103572393 0.05425 1.26349139
v -0.0103572393 0.0665 1.26349139
v -0.0170919076 0.05425 1.25181234
v -0.0170919076 0.0665 1.25181234
v -0.01904029 0.05425 1.23847222
v -0.01904029 0.0665 1.23847222
v -0.0159272384 0.05425 1.22535491
v -0.0159272384 0.0665 1.22535491
v -0.008192376 0.05425 1.21431291
v -0.008192376 0.0665 1.21431291
v 0.00307196 0.05425 1.20690548
v 0.00307196 0.0665 1.20690548
v 0.01678959 0.0665 1.20439219
v 0.0168104041 0.05425 1.20439219
v -0.0159272384 0.0665 1.22535491
v -0.01904029 0.0665 1.23847222
v -0.0137021141 0.06628547 1.23724556
v -0.0148832705 0.0662209839 1.23950088
v -0.0159272384 0.0665 1.22535491
v -0.00426474 0.0665 1.2230767
v -0.006001621 0.0665 1.21949518
v -0.0113141043 0.06628549 1.2362932
v -0.0137021141 0.06628547 1.23724556
v 0.05264028 0.0665 1.23847222
v 0.04952723 0.0665 1.22535491
v 0.04773077 0.06629259 1.23753071
v 0.0486302823 0.06622995 1.24002981
v 0.0252 0.0626499951 1.24004984
v 0.0252 0.073149994 1.24004984
v 0.0232347734 0.073149994 1.23465061
v 0.0232347734 0.0626499951 1.23465061
v 0.0182586443 0.073149994 1.23177755
v 0.0182586443 0.0626499951 1.23177755
v 0.0126000019 0.073149994 1.23277533
v 0.0126000019 0.0626499951 1.23277533
v 0.008906581 0.073149994 1.237177
v 0.008906581 0.0626499951 1.237177
v 0.008906581 0.073149994 1.2429229
v 0.008906581 0.0626499951 1.2429229
v 0.0126000019 0.073149994 1.24732447
v 0.0126000019 0.0626499951 1.24732447
v 0.0182586443 0.073149994 1.24832237
v 0.0182586443 0.0626499951 1.24832237
v 0.0232347734 0.073149994 1.24544942
v 0.0232347734 0.0626499951 1.24544942
v 0.0252 0.073149994 1.24004984
v 0.0252 0.0626499951 1.24004984
v 0.0252 0.0626499951 1.24004984
v 0.0232347734 0.0626499951 1.23465061
v 0.0232347734 0.0626499951 1.24544942
v 0.0182586443 0.0626499951 1.24832237
v 0.0182586443 0.0626499951 1.23177755
v 0.0126000019 0.0626499951 1.24732447
v 0.0126000019 0.0626499951 1.23277533
v 0.008906581 0.0626499951 1.2429229
v 0.008906581 0.0626499951 1.237177
v 0.0170471519 0.0662832 1.20824254
v 0.01451622 0.066324 1.20896554
v 0.0183894783 0.05425 1.20877242
v 0.0138482209 0.05425 1.2099154
v 0.0130933737 0.06628321 1.21114552
v 0.0133568142 0.06635188 1.21377981
v 0.0138482209 0.05425 1.2099154
v 0.0141852247 0.05425 1.21458614
v -0.00108669791 0.0665 1.22253
v 8.106283E-05 0.0665 1.21993423
v -0.00173324137 0.05425 1.2230767
v 3.64273774E-06 0.05425 1.21949518
v -0.006001621 0.0665 1.21949518
v -0.00426474 0.0665 1.2230767
v -0.00607902836 0.05425 1.21993423
v -0.004911283 0.05425 1.22253
v 0.0250340421 0.07285027 1.229161
v 0.0168000571 0.07283027 1.22640586
v 0.0182586443 0.073149994 1.23177755
v 0.0232347734 0.073149994 1.23465061
v 0.008565895 0.0728502944 1.22916114
v 0.00368073629 0.0728846341 1.23616493
v 0.008906581 0.073149994 1.237177
v 0.008906581 0.073149994 1.2429229
v 0.003889376 0.0729143247 1.24468458
v 0.003889376 0.0729143247 1.24468458
v 0.0126000019 0.073149994 1.24732447
v 0.008906581 0.073149994 1.2429229
v 0.009106869 0.07294341 1.25143826
v 0.009106869 0.07294341 1.25143826
v 0.0182586443 0.073149994 1.24832237
v 0.0126000019 0.073149994 1.24732447
v 0.024493115 0.07294341 1.25143826
v 0.024493115 0.07294341 1.25143826
v 0.0297106281 0.07291431 1.24468458
v 0.0232347734 0.073149994 1.24544942
v 0.0252 0.073149994 1.24004984
v 0.0299192611 0.07288462 1.23616493
v 0.0232347734 0.073149994 1.23465061
v 0.0250340421 0.07285027 1.229161
v -0.015973445 -0.0665 1.25464165
v -0.019075 -0.0665 1.24004984
v -0.0144377649 -0.066275984 1.2419194
v -0.00720506068 -0.0665 1.26671028
v -0.005782449 -0.06627632 1.261456
v 0.00571401464 -0.0665 1.27416921
v -0.00189954508 -0.0662762746 1.26286912
v 0.0135593917 -0.066213116 1.26985753
v 0.0154597806 -0.0662784651 1.27154589
v 0.0205499548 -0.0665 1.27572834
v 0.0180173479 -0.06621311 1.2715553
v 0.0347374938 -0.0665 1.27111864
v 0.0200101975 -0.06627849 1.26997662
v 0.0337585881 -0.06631982 1.26140869
v 0.0205192566 -0.06631961 1.26746428
v 0.0347374938 -0.0665 1.27111864
v 0.0200101975 -0.06627849 1.26997662
v -0.019075 -0.0665 1.24004984
v -0.0148494691 -0.06621033 1.23940647
v -0.0144377649 -0.066275984 1.2419194
v -0.019075 -0.0665 1.24004984
v -0.013603135 -0.066275984 1.237186
v -0.0148494691 -0.06621033 1.23940647
v -0.015973445 -0.0665 1.25464165
v -0.00613177428 -0.06621069 1.25929677
v -0.005782449 -0.06627632 1.261456
v -0.015973445 -0.0665 1.25464165
v -0.00507825427 -0.06631764 1.257371
v -0.00613177428 -0.06621069 1.25929677
v -0.00720506068 -0.0665 1.26671028
v -0.004087064 -0.0662106648 1.26283813
v -0.00189954508 -0.0662762746 1.26286912
v -0.00720506068 -0.0665 1.26671028
v -0.005782449 -0.06627632 1.261456
v -0.004087064 -0.0662106648 1.26283813
v 0.00571401464 -0.0665 1.27416921
v 0.0131047331 -0.06631959 1.26732826
v 0.0135593917 -0.066213116 1.26985753
v 0.0205499548 -0.0665 1.27572834
v 0.0180173479 -0.06621311 1.2715553
v 0.0200101975 -0.06627849 1.26997662
v 0.0347374938 -0.0665 1.27111864
v 0.0337585881 -0.06631982 1.26140869
v 0.0354575738 -0.0662134141 1.26282358
v 0.0518910438 -0.0665 1.24750876
v 0.04582348 -0.0665 1.26113677
v 0.0387555622 -0.06636858 1.25739694
v 0.04582348 -0.0665 1.26113677
v 0.039745722 -0.0662134 1.25935018
v 0.0387555622 -0.06636858 1.25739694
v 0.04582348 -0.0665 1.26113677
v 0.0393301435 -0.06621341 1.26148963
v 0.039745722 -0.0662134 1.25935018
v 0.0518910438 -0.0665 1.23259115
v 0.0518910438 -0.0665 1.24750876
v 0.0485195071 -0.06628549 1.23950994
v 0.0518910438 -0.0665 1.24750876
v 0.0479744859 -0.06622096 1.24199677
v 0.0485195071 -0.06628549 1.23950994
v 0.0518910438 -0.0665 1.24750876
v 0.0459776856 -0.06628546 1.2436192
v 0.0479744859 -0.06622096 1.24199677
v 0.0518910438 -0.0665 1.23259115
v 0.04726862 -0.0662209541 1.23726189
v 0.04492993 -0.0663533062 1.23625731
v 0.04582348 -0.0665 1.21896327
v 0.0393544622 -0.06632575 1.22198451
v 0.0397652276 -0.06622098 1.21979308
v 0.0347374938 -0.0665 1.20898139
v 0.0366978347 -0.06622096 1.21705341
v 0.0345981978 -0.06635332 1.21766424
v 0.0205499548 -0.0665 1.20437145
v 0.0191427711 -0.06621314 1.20917249
v 0.016736513 -0.06627853 1.20830631
v 0.0205499548 -0.0665 1.20437145
v 0.02049526 -0.0663196 1.21132827
v 0.0191427711 -0.06621314 1.20917249
v 0.00571401464 -0.0665 1.20593083
v -0.0009633484 -0.06634802 1.21771121
v -0.0030629118 -0.0662787 1.21703231
v 0.0131022921 -0.06627849 1.2114625
v 0.0135898441 -0.06627848 1.21397674
v 0.006124999 -0.0665 1.22156036
v -0.0009633484 -0.06634802 1.21771121
v 0.0155793494 -0.06627846 1.21558952
v 0.00571401464 -0.0665 1.20593083
v 0.0131022921 -0.06627849 1.2114625
v -0.0009633484 -0.06634802 1.21771121
v 0.016736513 -0.06627853 1.20830631
v 0.0143730259 -0.06621311 1.209243
v 0.0205499548 -0.0665 1.20437145
v 0.0347374938 -0.0665 1.20898139
v 0.02049526 -0.0663196 1.21132827
v 0.0345981978 -0.06635332 1.21766424
v -0.00720506068 -0.0665 1.21338964
v -0.0030629118 -0.0662787 1.21703231
v -0.00508890674 -0.0662134 1.21784627
v -0.015973445 -0.0665 1.22545826
v -0.00617998559 -0.0662787259 1.21975493
v 0.0155793494 -0.06627846 1.21558952
v 0.0168 -0.0665 1.2187
v 0.006124999 -0.0665 1.22156036
v -0.000179478 -0.06627871 1.2218051
v -0.00168964325 -0.0665 1.22937489
v 0.000128549116 -0.06621338 1.21964347
v 0.0200738087 -0.06627849 1.21386659
v 0.02049526 -0.0663196 1.21132827
v 0.0345981978 -0.06635332 1.21766424
v 0.0181401186 -0.06627849 1.215546
v 0.0274749976 -0.0665 1.22156036
v 0.0345981978 -0.06635332 1.21766424
v -0.00720506068 -0.0665 1.21338964
v -0.00508890674 -0.0662134 1.21784627
v -0.00617998559 -0.0662787259 1.21975493
v -0.019075 -0.0665 1.24004984
v -0.015973445 -0.0665 1.22545826
v -0.013603135 -0.066275984 1.237186
v -0.015973445 -0.0665 1.22545826
v -0.0112000853 -0.06631741 1.23629045
v -0.013603135 -0.066275984 1.237186
v -0.004041755 -0.0663198 1.22331917
v -0.00168964325 -0.0665 1.22937489
v -0.0112000853 -0.06631741 1.23629045
v -0.004041755 -0.0663198 1.22331917
v -0.0018575819 -0.06621338 1.22322559
v -0.00168964325 -0.0665 1.22937489
v -0.0018575819 -0.06621338 1.22322559
v -0.000179478 -0.06627871 1.2218051
v -0.00168964325 -0.0665 1.22937489
v 0.000128549116 -0.06621338 1.21964347
v -0.0009633484 -0.06634802 1.21771121
v 0.006124999 -0.0665 1.22156036
v 0.0274749976 -0.0665 1.22156036
v 0.0345981978 -0.06635332 1.21766424
v 0.0334671 -0.0662209839 1.21959841
v 0.0381499939 -0.0665 1.24004984
v 0.0352896377 -0.0665 1.22937489
v 0.04247255 -0.06628546 1.23709893
v 0.0352896377 -0.0665 1.22937489
v 0.04492993 -0.0663533062 1.23625731
v 0.04247255 -0.06628546 1.23709893
v 0.0352896377 -0.0665 1.22937489
v 0.0375971533 -0.06628547 1.22332692
v 0.04492993 -0.0663533062 1.23625731
v 0.0375971533 -0.06628547 1.22332692
v 0.0393544622 -0.06632575 1.22198451
v 0.04492993 -0.0663533062 1.23625731
v 0.0352896377 -0.0665 1.25072491
v 0.0381499939 -0.0665 1.24004984
v 0.0414895564 -0.06628546 1.24182963
v 0.0381499939 -0.0665 1.24004984
v 0.04115108 -0.06622098 1.23930609
v 0.0414895564 -0.06628546 1.24182963
v 0.0381499939 -0.0665 1.24004984
v 0.04247255 -0.06628546 1.23709893
v 0.04115108 -0.06622098 1.23930609
v 0.0352896377 -0.0665 1.25072491
v 0.036654342 -0.0662134 1.25666332
v 0.03457899 -0.06627872 1.25734222
v 0.0352896377 -0.0665 1.25072491
v 0.0387555622 -0.06636858 1.25739694
v 0.036654342 -0.0662134 1.25666332
v 0.0168 -0.0665 1.2614
v 0.0274749976 -0.0665 1.25853968
v 0.01925498 -0.06627849 1.26522315
v 0.0352896377 -0.0665 1.25072491
v 0.03457899 -0.06627872 1.25734222
v 0.0334714539 -0.0662134 1.25924146
v 0.0274749976 -0.0665 1.25853968
v 0.0205192566 -0.06631961 1.26746428
v 0.01925498 -0.06627849 1.26522315
v 0.0274749976 -0.0665 1.25853968
v 0.0337585881 -0.06631982 1.26140869
v 0.0205192566 -0.06631961 1.26746428
v 0.006124999 -0.0665 1.25853968
v 0.0168 -0.0665 1.2614
v 0.0144424113 -0.0662784651 1.26514137
v -0.000197580681 -0.0663176551 1.26146638
v 0.0131047331 -0.06631959 1.26732826
v 0.0168 -0.0665 1.2614
v 0.01685495 -0.06621315 1.26433969
v 0.0144424113 -0.0662784651 1.26514137
v 0.0168 -0.0665 1.2614
v 0.01925498 -0.06627849 1.26522315
v 0.01685495 -0.06621315 1.26433969
v 0.006124999 -0.0665 1.25853968
v -0.000197580681 -0.0663176551 1.26146638
v 0.000133782771 -0.0662106648 1.25929654
v -0.00455000158 -0.0665 1.24004984
v -0.00168964325 -0.0665 1.25072491
v -0.007962184 -0.06627599 1.24191928
v -0.00168964325 -0.0665 1.25072491
v -0.009914149 -0.06631737 1.24358261
v -0.007962184 -0.06627599 1.24191928
v -0.00168964325 -0.0665 1.25072491
v -0.00507825427 -0.06631764 1.257371
v -0.009914149 -0.06631737 1.24358261
v -0.00507825427 -0.06631764 1.257371
v -0.015973445 -0.0665 1.25464165
v -0.009914149 -0.06631737 1.24358261
v -0.00168964325 -0.0665 1.22937489
v -0.00455000158 -0.0665 1.24004984
v -0.008796839 -0.06627596 1.23718607
v -0.00455000158 -0.0665 1.24004984
v -0.007550529 -0.0662103444 1.23940647
v -0.008796839 -0.06627596 1.23718607
v -0.00455000158 -0.0665 1.24004984
v -0.007962184 -0.06627599 1.24191928
v -0.007550529 -0.0662103444 1.23940647
v 0.0375971533 -0.06628547 1.22332692
v 0.0352896377 -0.0665 1.22937489
v 0.0354124457 -0.06622096 1.223222
v 0.0352896377 -0.0665 1.22937489
v 0.03374319 -0.0662854761 1.22176814
v 0.0354124457 -0.06622096 1.223222
v 0.0393301435 -0.06621341 1.26148963
v 0.04582348 -0.0665 1.26113677
v 0.0376399271 -0.0662787259 1.26289558
v 0.0337585881 -0.06631982 1.26140869
v 0.0274749976 -0.0665 1.25853968
v 0.0334714539 -0.0662134 1.25924146
v -0.00507825427 -0.06631764 1.257371
v -0.00168964325 -0.0665 1.25072491
v -0.00299887452 -0.06621066 1.25666785
v -0.00189954508 -0.0662762746 1.26286912
v -0.000197580681 -0.0663176551 1.26146638
v 0.00571401464 -0.0665 1.27416921
v -0.000197580681 -0.0663176551 1.26146638
v 0.0131047331 -0.06631959 1.26732826
v 0.00571401464 -0.0665 1.27416921
v 0.006124999 -0.0665 1.25853968
v 0.0144424113 -0.0662784651 1.26514137
v 0.0131047331 -0.06631959 1.26732826
v -0.004041755 -0.0663198 1.22331917
v -0.015973445 -0.0665 1.22545826
v -0.00573012 -0.0662134 1.22189164
v -0.015973445 -0.0665 1.22545826
v -0.00617998559 -0.0662787259 1.21975493
v -0.00573012 -0.0662134 1.22189164
v -0.004041755 -0.0663198 1.22331917
v -0.0112000853 -0.06631741 1.23629045
v -0.00168964325 -0.0665 1.22937489
v -0.008796839 -0.06627596 1.23718607
v -0.009914149 -0.06631737 1.24358261
v -0.015973445 -0.0665 1.25464165
v -0.0124675883 -0.0662103 1.24353218
v -0.015973445 -0.0665 1.25464165
v -0.0144377649 -0.066275984 1.2419194
v -0.0124675883 -0.0662103 1.24353218
v 0.0131022921 -0.06627849 1.2114625
v 0.00571401464 -0.0665 1.20593083
v 0.0143730259 -0.06621311 1.209243
v 0.04726862 -0.0662209541 1.23726189
v 0.0518910438 -0.0665 1.23259115
v 0.0485195071 -0.06628549 1.23950994
v 0.0387555622 -0.06636858 1.25739694
v 0.0352896377 -0.0665 1.25072491
v 0.04340788 -0.0662854537 1.24354112
v 0.0387555622 -0.06636858 1.25739694
v 0.0459776856 -0.06628546 1.2436192
v 0.0518910438 -0.0665 1.24750876
v 0.0352896377 -0.0665 1.25072491
v 0.0414895564 -0.06628546 1.24182963
v 0.04340788 -0.0662854537 1.24354112
v 0.0112417582 -0.05425 1.2176286
v 0.0175825823 -0.0542496778 1.2156384
v 0.0141188428 -0.05425 1.21429968
v 0.0112417582 -0.05425 1.2176286
v 0.01934032 -0.05425 1.22238171
v 0.0175825823 -0.0542496778 1.2156384
v 0.01934032 -0.05425 1.22238171
v 0.009384839 -0.05425 1.223813
v 0.00348668662 -0.05425 1.22082984
v 0.00178362441 -0.05425 1.23039949
v 0.0284892581 -0.05425 1.22655988
v 0.0226452556 -0.05425 1.21740615
v 0.0301988851 -0.05425 1.221233
v 0.0335189328 -0.05425 1.2205677
v 0.0306190159 -0.05425 1.21747494
v 0.0346866958 -0.05425 1.21797192
v 0.0338123925 -0.05425 1.21422267
v 0.03602018 -0.05425 1.22673655
v 0.03392695 -0.05425 1.235021
v 0.0392213278 -0.05425 1.23449183
v 0.04117641 -0.05425 1.24042261
v 0.03392695 -0.05425 1.24507892
v 0.0438038521 -0.05425 1.23654616
v 0.04230015 -0.05425 1.23248291
v 0.046728678 -0.05425 1.23225594
v 0.03944384 -0.05425 1.24589515
v 0.0480776429 -0.05425 1.23846054
v 0.0518910438 -0.05425 1.23259115
v 0.0518910438 -0.05425 1.24750876
v 0.04582348 -0.05425 1.21896327
v 0.0423675328 -0.05425 1.223192
v 0.039601624 -0.05425 1.22100687
v 0.03561701 -0.05425 1.25344884
v 0.0284892581 -0.05425 1.25354016
v 0.03618094 -0.0542498 1.25675535
v 0.03937523 -0.05425 1.253869
v 0.03618094 -0.0542498 1.25675535
v 0.04453778 -0.05425 1.24368322
v 0.04117641 -0.05425 1.24042261
v 0.0427641869 -0.05425 1.24775481
v 0.03786476 -0.05425 1.21742535
v 0.04582348 -0.05425 1.21896327
v 0.0347374938 -0.05425 1.20898139
v 0.0205499548 -0.05425 1.20437145
v 0.024502201 -0.05425 1.21040928
v 0.0204697 -0.05424976 1.21190226
v 0.0245048441 -0.05425 1.21408558
v 0.0204697 -0.05424976 1.21190226
v 0.0226452556 -0.05425 1.21740615
v 0.0284892581 -0.05425 1.25354016
v 0.0334797762 -0.0542498 1.25972342
v 0.03011331 -0.05425 1.25927007
v 0.0308529 -0.05425 1.26308143
v 0.00571401464 -0.05425 1.20593083
v 0.0172918588 -0.0542496145 1.20841026
v 0.0133011034 -0.0542497225 1.21093369
v 0.009232946 -0.05425 1.21454966
v 0.0141188428 -0.05425 1.21429968
v 0.0112417582 -0.05425 1.2176286
v 0.009005966 -0.05425 1.21012127
v 0.0133011034 -0.0542497225 1.21093369
v 0.00571401464 -0.05425 1.20593083
v -0.00720506068 -0.05425 1.21338964
v 0.009005966 -0.05425 1.21012127
v -5.79903281E-05 -0.05425 1.21448243
v -0.00466738455 -0.0542497225 1.2176125
v -0.0006902332 -0.0542498 1.21814978
v 0.00274707936 -0.05425 1.21701849
v -0.015973445 -0.05425 1.22545826
v -0.009027261 -0.05425 1.22303748
v -0.0128406249 -0.05425 1.23234773
v -0.019075 -0.05425 1.24004984
v -0.0148273772 -0.05424975 1.2394104
v -0.0124598406 -0.0542498231 1.2435112
v -0.009164072 -0.05425 1.23234522
v -0.0112000648 -0.0542498231 1.23636675
v -0.0131286643 -0.05425 1.2478441
v -0.008700101 -0.05425 1.247617
v -0.015973445 -0.05425 1.25464165
v -0.008767539 -0.05425 1.256908
v -0.00720506068 -0.05425 1.26671028
v -0.00571040856 -0.0542498156 1.26141441
v -0.008767539 -0.05425 1.256908
v -0.00299899443 -0.05425 1.26282394
v -0.000212366358 -0.05425 1.26587725
v -0.000287588162 -0.0542498678 1.26141441
v 0.00571401464 -0.05425 1.27416921
v 0.00340111484 -0.05425 1.258867
v -0.0009864917 -0.05424985 1.2574507
v 0.00178362441 -0.05425 1.24970043
v -0.0009864917 -0.05424985 1.2574507
v -0.002420173 -0.05425 1.25336337
v -0.005011487 -0.0542498678 1.2574507
v 0.0109547805 -0.05425 1.26269388
v 0.009384839 -0.05425 1.25628686
v 0.009095155 -0.05425 1.26601446
v 0.0131302988 -0.0542497225 1.26790237
v 0.009097794 -0.05425 1.26969051
v -0.000212366358 -0.05425 1.26587725
v 0.00298099825 -0.05425 1.2626251
v -0.000287588162 -0.0542498678 1.26141441
v 0.00340111484 -0.05425 1.258867
v 0.00178362441 -0.05425 1.24970043
v -0.005621332 -0.05425 1.24560821
v -0.00105000229 -0.05425 1.24004984
v -0.0075726267 -0.05424979 1.2394104
v -0.008950243 -0.05425 1.24273109
v -0.008700101 -0.05425 1.247617
v -0.005843876 -0.05425 1.23420489
v 0.00178362441 -0.05425 1.23039949
v -0.00201701419 -0.05425 1.22665107
v 0.01934032 -0.05425 1.25771832
v 0.0109547805 -0.05425 1.26269388
v -0.005775257 -0.05425 1.22623086
v -0.00351559347 -0.05425 1.22318077
v -0.00588717964 -0.05424977 1.2214359
v 0.03011331 -0.05425 1.25927007
v 0.02235824 -0.05425 1.2624712
v 0.01934032 -0.05425 1.25771832
v 0.0163081866 -0.0542496778 1.26441038
v 0.0202988964 -0.0542497225 1.2669338
v 0.0245940331 -0.05425 1.26997852
v 0.0194811523 -0.05425 1.27029967
v 0.0202988964 -0.0542497225 1.2669338
v 0.02436707 -0.05425 1.26555037
v 0.0205499548 -0.05425 1.27572834
v 0.0245940331 -0.05425 1.26997852
v 0.0347374938 -0.05425 1.27111864
v 0.0336579829 -0.05425 1.26561749
v 0.0160174221 -0.0542496778 1.27163827
v 0.009097794 -0.05425 1.26969051
v 0.0388779677 -0.05425 1.26176131
v 0.04582348 -0.05425 1.26113677
v 0.0395730622 -0.05424977 1.25890017
v 0.04262726 -0.05425 1.25706244
v 0.03937523 -0.05425 1.253869
v 0.03618094 -0.0542498 1.25675535
v 0.04582348 -0.05425 1.26113677
v 0.0518910438 -0.05425 1.24750876
v 0.04644062 -0.05425 1.24775219
v 0.04453778 -0.05425 1.24368322
v 0.0427641869 -0.05425 1.24775481
v 0.0518910438 -0.05425 1.24750876
v 0.0478310846 -0.05425 1.2418
v 0.0480776429 -0.05425 1.23846054
v 0.0338123925 -0.05425 1.21422267
v 0.0346866958 -0.05425 1.21797192
v 0.03786476 -0.05425 1.21742535
v 0.0388779677 -0.05425 1.26176131
v 0.03593378 -0.05424977 1.262899
v 0.0347374938 -0.05425 1.27111864
v 0.03593378 -0.05424977 1.262899
v 0.0336579829 -0.05425 1.26561749
v 0.0347374938 -0.05425 1.27111864
v 0.0205499548 -0.05425 1.27572834
v 0.0194811523 -0.05425 1.27029967
v 0.0160174221 -0.0542496778 1.27163827
v 0.00178362441 -0.05425 1.24970043
v -0.002420173 -0.05425 1.25336337
v -0.0009864917 -0.05424985 1.2574507
v -0.008950243 -0.05425 1.24273109
v -0.0124598406 -0.0542498231 1.2435112
v -0.008700101 -0.05425 1.247617
v -0.0128406249 -0.05425 1.23234773
v -0.0148273772 -0.05424975 1.2394104
v -0.0112000648 -0.0542498231 1.23636675
v -0.019075 -0.05425 1.24004984
v -0.0131286643 -0.05425 1.2478441
v -0.0124598406 -0.0542498231 1.2435112
v 0.0204697 -0.05424976 1.21190226
v 0.0205499548 -0.05425 1.20437145
v 0.0172918588 -0.0542496145 1.20841026
v 0.04262726 -0.05425 1.25706244
v 0.03937523 -0.05425 1.253869
v 0.0395730622 -0.05424977 1.25890017
v -0.00299899443 -0.05425 1.26282394
v -0.00571040856 -0.0542498156 1.26141441
v -0.00720506068 -0.05425 1.26671028
v -0.005011487 -0.0542498678 1.2574507
v -0.002420173 -0.05425 1.25336337
v -0.00623170659 -0.05425 1.25410306
v -0.00588717964 -0.05424977 1.2214359
v -0.00466738455 -0.0542497225 1.2176125
v -0.00720506068 -0.05425 1.21338964
v -0.00201701419 -0.05425 1.22665107
v -0.000528831966 -0.0542497225 1.22216
v -0.00351559347 -0.05425 1.22318077
v 0.0345981978 -0.06635332 1.21766424
v 0.0366978347 -0.06622096 1.21705341
v 0.0346866958 -0.05425 1.21797192
v 0.0366978347 -0.06622096 1.21705341
v 0.03786476 -0.05425 1.21742535
v 0.0346866958 -0.05425 1.21797192
v 0.0366978347 -0.06622096 1.21705341
v 0.0387637243 -0.0662855059 1.21784866
v 0.03786476 -0.05425 1.21742535
v 0.0397652276 -0.06622098 1.21979308
v 0.0393544622 -0.06632575 1.22198451
v 0.039601624 -0.05425 1.22100687
v 0.0375971533 -0.06628547 1.22332692
v 0.0354124457 -0.06622096 1.223222
v 0.0363761038 -0.05425 1.2233392
v 0.0375971533 -0.06628547 1.22332692
v 0.039601624 -0.05425 1.22100687
v 0.0393544622 -0.06632575 1.22198451
v 0.0354124457 -0.06622096 1.223222
v 0.03374319 -0.0662854761 1.22176814
v 0.0363761038 -0.05425 1.2233392
v 0.03374319 -0.0662854761 1.22176814
v 0.0335189328 -0.05425 1.2205677
v 0.0363761038 -0.05425 1.2233392
v 0.03374319 -0.0662854761 1.22176814
v 0.0334671 -0.0662209839 1.21959841
v 0.0334671 -0.0662209839 1.21959841
v 0.0345981978 -0.06635332 1.21766424
v 0.0335189328 -0.05425 1.2205677
v 0.0345981978 -0.06635332 1.21766424
v 0.0346866958 -0.05425 1.21797192
v 0.0335189328 -0.05425 1.2205677
v 0.036654342 -0.0662134 1.25666332
v 0.0387555622 -0.06636858 1.25739694
v 0.03618094 -0.0542498 1.25675535
v 0.0387555622 -0.06636858 1.25739694
v 0.0395730622 -0.05424977 1.25890017
v 0.03618094 -0.0542498 1.25675535
v 0.0387555622 -0.06636858 1.25739694
v 0.039745722 -0.0662134 1.25935018
v 0.0393301435 -0.06621341 1.26148963
v 0.0395730622 -0.05424977 1.25890017
v 0.0393301435 -0.06621341 1.26148963
v 0.0388779677 -0.05425 1.26176131
v 0.0395730622 -0.05424977 1.25890017
v 0.0393301435 -0.06621341 1.26148963
v 0.0376399271 -0.0662787259 1.26289558
v 0.0388779677 -0.05425 1.26176131
v 0.0354575738 -0.0662134141 1.26282358
v 0.03593378 -0.05424977 1.262899
v 0.0337585881 -0.06631982 1.26140869
v 0.03593378 -0.05424977 1.262899
v 0.0376399271 -0.0662787259 1.26289558
v 0.03593378 -0.05424977 1.262899
v 0.0388779677 -0.05425 1.26176131
v 0.0337585881 -0.06631982 1.26140869
v 0.0334797762 -0.0542498 1.25972342
v 0.03593378 -0.05424977 1.262899
v 0.0337585881 -0.06631982 1.26140869
v 0.0334714539 -0.0662134 1.25924146
v 0.03457899 -0.06627872 1.25734222
v 0.0334797762 -0.0542498 1.25972342
v 0.036654342 -0.0662134 1.25666332
v 0.03618094 -0.0542498 1.25675535
v 0.03457899 -0.06627872 1.25734222
v -0.00189954508 -0.0662762746 1.26286912
v -0.00299899443 -0.05425 1.26282394
v -0.000287588162 -0.0542498678 1.26141441
v -0.00189954508 -0.0662762746 1.26286912
v -0.004087064 -0.0662106648 1.26283813
v -0.00299899443 -0.05425 1.26282394
v -0.000197580681 -0.0663176551 1.26146638
v -0.000287588162 -0.0542498678 1.26141441
v 0.000133782771 -0.0662106648 1.25929654
v -0.000287588162 -0.0542498678 1.26141441
v -0.0009864917 -0.05424985 1.2574507
v -0.0009330964 -0.06627626 1.25738692
v -0.00299887452 -0.06621066 1.25666785
v -0.0009864917 -0.05424985 1.2574507
v -0.005011487 -0.0542498678 1.2574507
v -0.00507825427 -0.06631764 1.257371
v -0.00613177428 -0.06621069 1.25929677
v -0.005011487 -0.0542498678 1.2574507
v -0.00571040856 -0.0542498156 1.26141441
v -0.005782449 -0.06627632 1.261456
v -0.004087064 -0.0662106648 1.26283813
v -0.00571040856 -0.0542498156 1.26141441
v -0.004087064 -0.0662106648 1.26283813
v -0.00571040856 -0.0542498156 1.26141441
v -0.00299899443 -0.05425 1.26282394
v -0.0009633484 -0.06634802 1.21771121
v 0.000128549116 -0.06621338 1.21964347
v -0.0006902332 -0.0542498 1.21814978
v -0.0018575819 -0.06621338 1.22322559
v -0.00351559347 -0.05425 1.22318077
v -0.000528831966 -0.0542497225 1.22216
v -0.004041755 -0.0663198 1.22331917
v -0.00588717964 -0.05424977 1.2214359
v -0.00351559347 -0.05425 1.22318077
v -0.00573012 -0.0662134 1.22189164
v -0.00617998559 -0.0662787259 1.21975493
v -0.00588717964 -0.05424977 1.2214359
v -0.004041755 -0.0663198 1.22331917
v -0.00588717964 -0.05424977 1.2214359
v -0.0018575819 -0.06621338 1.22322559
v -0.00351559347 -0.05425 1.22318077
v -0.000179478 -0.06627871 1.2218051
v -0.000528831966 -0.0542497225 1.22216
v 0.000128549116 -0.06621338 1.21964347
v -0.000528831966 -0.0542497225 1.22216
v -0.0006902332 -0.0542498 1.21814978
v -0.00617998559 -0.0662787259 1.21975493
v -0.00466738455 -0.0542497225 1.2176125
v -0.00588717964 -0.05424977 1.2214359
v -0.00617998559 -0.0662787259 1.21975493
v -0.00508890674 -0.0662134 1.21784627
v -0.00466738455 -0.0542497225 1.2176125
v -0.0030629118 -0.0662787 1.21703231
v -0.00466738455 -0.0542497225 1.2176125
v -0.0030629118 -0.0662787 1.21703231
v -0.0006902332 -0.0542498 1.21814978
v -0.0009633484 -0.06634802 1.21771121
v 0.024594022 -0.0612499975 1.21012127
v 0.0338123925 -0.05425 1.21422267
v 0.024502201 -0.05425 1.21040928
v 0.024594022 -0.0612499975 1.21012127
v 0.0336579829 -0.0612499975 1.21448243
v 0.0338123925 -0.05425 1.21422267
v 0.02235824 -0.0612499975 1.2176286
v 0.0243670586 -0.0612499975 1.21454966
v 0.0226452556 -0.05425 1.21740615
v 0.0243670586 -0.0612499975 1.21454966
v 0.0245048441 -0.05425 1.21408558
v 0.0226452556 -0.05425 1.21740615
v 0.024502201 -0.05425 1.21040928
v 0.0245048441 -0.05425 1.21408558
v 0.024594022 -0.0612499975 1.21012127
v 0.0245048441 -0.05425 1.21408558
v 0.0243670586 -0.0612499975 1.21454966
v 0.024594022 -0.0612499975 1.21012127
v 0.0336579829 -0.0612499975 1.21448243
v 0.030852912 -0.0612499975 1.21701849
v 0.0338123925 -0.05425 1.21422267
v 0.030852912 -0.0612499975 1.21701849
v 0.0306190159 -0.05425 1.21747494
v 0.0338123925 -0.05425 1.21422267
v 0.0301988851 -0.05425 1.221233
v 0.0306190159 -0.05425 1.21747494
v 0.03011333 -0.0612499975 1.22082984
v 0.0306190159 -0.05425 1.21747494
v 0.030852912 -0.0612499975 1.21701849
v 0.03011333 -0.0612499975 1.22082984
v 0.0393752567 -0.0612499975 1.22623086
v 0.03944389 -0.0612499975 1.23420477
v 0.0426272564 -0.0612499975 1.22303748
v 0.0393752567 -0.0612499975 1.22623086
v 0.03561701 -0.0612499975 1.22665107
v 0.03944389 -0.0612499975 1.23420477
v 0.04644062 -0.0612499975 1.23234773
v 0.0426272564 -0.0612499975 1.22303748
v 0.04276407 -0.0612499975 1.23234522
v 0.0426272564 -0.0612499975 1.22303748
v 0.03944389 -0.0612499975 1.23420477
v 0.04276407 -0.0612499975 1.23234522
v 0.03983171 -0.0612499975 1.25410306
v 0.0423675328 -0.0612499975 1.256908
v 0.04672868 -0.0612499975 1.247844
v 0.0092329355 -0.0612499975 1.26555037
v 0.00274709519 -0.0612499975 1.26308143
v 0.009005966 -0.0612499975 1.26997876
v 0.00274709519 -0.0612499975 1.26308143
v -5.79903281E-05 -0.0612499975 1.26561749
v 0.009005966 -0.0612499975 1.26997876
v 0.0092329355 -0.0612499975 1.26555037
v 0.00348667358 -0.0612499975 1.25927019
v 0.0112417582 -0.0612499975 1.2624712
v -0.00577523327 -0.0612499975 1.253869
v -0.009164189 -0.0612499975 1.24775481
v -0.00902725 -0.0612499975 1.25706244
v -0.009164189 -0.0612499975 1.24775481
v -0.0128406249 -0.0612499975 1.24775219
v -0.00902725 -0.0612499975 1.25706244
v -0.009164189 -0.0612499975 1.24775481
v -0.00577523327 -0.0612499975 1.253869
v -0.005843829 -0.0612499975 1.24589515
v -0.00577523327 -0.0612499975 1.253869
v -0.00201701419 -0.0612499975 1.25344884
v -0.005843829 -0.0612499975 1.24589515
v -0.0131286774 -0.0612499975 1.23225594
v -0.00623169867 -0.0612499975 1.225997
v -0.008767539 -0.0612499975 1.223192
v 0.009097794 -0.0612499975 1.21040928
v 0.009095155 -0.0612499975 1.21408558
v 0.009005966 -0.05425 1.21012127
v 0.009095155 -0.0612499975 1.21408558
v 0.009232946 -0.05425 1.21454966
v 0.009005966 -0.05425 1.21012127
v 0.0112417582 -0.05425 1.2176286
v 0.009232946 -0.05425 1.21454966
v 0.01095477 -0.0612499975 1.21740615
v 0.009232946 -0.05425 1.21454966
v 0.009095155 -0.0612499975 1.21408558
v 0.01095477 -0.0612499975 1.21740615
v -0.000212410683 -0.0612499975 1.21422267
v 0.009005966 -0.05425 1.21012127
v -5.79903281E-05 -0.05425 1.21448243
v -0.000212410683 -0.0612499975 1.21422267
v 0.009097794 -0.0612499975 1.21040928
v 0.009005966 -0.05425 1.21012127
v 0.00340111484 -0.0612499975 1.221233
v 0.00298098521 -0.0612499975 1.21747494
v 0.00348668662 -0.05425 1.22082984
v 0.00298098521 -0.0612499975 1.21747494
v 0.00274707936 -0.05425 1.21701849
v 0.00348668662 -0.05425 1.22082984
v -5.79903281E-05 -0.05425 1.21448243
v 0.00274707936 -0.05425 1.21701849
v -0.000212410683 -0.0612499975 1.21422267
v 0.00274707936 -0.05425 1.21701849
v 0.00298098521 -0.0612499975 1.21747494
v -0.000212410683 -0.0612499975 1.21422267
v 0.0426272564 -0.0612499975 1.22303748
v 0.046728678 -0.05425 1.23225594
v 0.0423675328 -0.05425 1.223192
v 0.0426272564 -0.0612499975 1.22303748
v 0.04644062 -0.0612499975 1.23234773
v 0.046728678 -0.05425 1.23225594
v 0.03561701 -0.0612499975 1.22665107
v 0.0393752567 -0.0612499975 1.22623086
v 0.03602018 -0.05425 1.22673655
v 0.0393752567 -0.0612499975 1.22623086
v 0.0398317 -0.05425 1.225997
v 0.03602018 -0.05425 1.22673655
v 0.0423675328 -0.05425 1.223192
v 0.0398317 -0.05425 1.225997
v 0.0426272564 -0.0612499975 1.22303748
v 0.0398317 -0.05425 1.225997
v 0.0393752567 -0.0612499975 1.22623086
v 0.0426272564 -0.0612499975 1.22303748
v 0.04644062 -0.0612499975 1.23234773
v 0.04276407 -0.0612499975 1.23234522
v 0.046728678 -0.05425 1.23225594
v 0.04276407 -0.0612499975 1.23234522
v 0.04230015 -0.05425 1.23248291
v 0.046728678 -0.05425 1.23225594
v 0.0392213278 -0.05425 1.23449183
v 0.04230015 -0.05425 1.23248291
v 0.03944389 -0.0612499975 1.23420477
v 0.04230015 -0.05425 1.23248291
v 0.04276407 -0.0612499975 1.23234522
v 0.03944389 -0.0612499975 1.23420477
v 0.04672868 -0.0612499975 1.247844
v 0.04262726 -0.05425 1.25706244
v 0.04644062 -0.05425 1.24775219
v 0.04672868 -0.0612499975 1.247844
v 0.0423675328 -0.0612499975 1.256908
v 0.04262726 -0.05425 1.25706244
v 0.0392213278 -0.0612499975 1.24560821
v 0.0423001 -0.0612499975 1.247617
v 0.03944384 -0.05425 1.24589515
v 0.0423001 -0.0612499975 1.247617
v 0.0427641869 -0.05425 1.24775481
v 0.03944384 -0.05425 1.24589515
v 0.04644062 -0.05425 1.24775219
v 0.0427641869 -0.05425 1.24775481
v 0.04672868 -0.0612499975 1.247844
v 0.0427641869 -0.05425 1.24775481
v 0.0423001 -0.0612499975 1.247617
v 0.04672868 -0.0612499975 1.247844
v 0.0423675328 -0.0612499975 1.256908
v 0.03983171 -0.0612499975 1.25410306
v 0.04262726 -0.05425 1.25706244
v 0.03983171 -0.0612499975 1.25410306
v 0.03937523 -0.05425 1.253869
v 0.04262726 -0.05425 1.25706244
v 0.03561701 -0.05425 1.25344884
v 0.03937523 -0.05425 1.253869
v 0.0360201746 -0.0612499975 1.25336337
v 0.03937523 -0.05425 1.253869
v 0.03983171 -0.0612499975 1.25410306
v 0.0360201746 -0.0612499975 1.25336337
v 0.03381235 -0.0612499975 1.26587725
v 0.0245940331 -0.05425 1.26997852
v 0.0336579829 -0.05425 1.26561749
v 0.03381235 -0.0612499975 1.26587725
v 0.024502201 -0.0612499975 1.26969051
v 0.0245940331 -0.05425 1.26997852
v 0.0301988851 -0.0612499975 1.258867
v 0.0306189954 -0.0612499975 1.262625
v 0.03011331 -0.05425 1.25927007
v 0.0306189954 -0.0612499975 1.262625
v 0.0308529 -0.05425 1.26308143
v 0.03011331 -0.05425 1.25927007
v 0.0336579829 -0.05425 1.26561749
v 0.0308529 -0.05425 1.26308143
v 0.03381235 -0.0612499975 1.26587725
v 0.0308529 -0.05425 1.26308143
v 0.0306189954 -0.0612499975 1.262625
v 0.03381235 -0.0612499975 1.26587725
v 0.024502201 -0.0612499975 1.26969051
v 0.02450485 -0.0612499975 1.26601446
v 0.0245940331 -0.05425 1.26997852
v 0.02450485 -0.0612499975 1.26601446
v 0.02436707 -0.05425 1.26555037
v 0.0245940331 -0.05425 1.26997852
v 0.02235824 -0.05425 1.2624712
v 0.02436707 -0.05425 1.26555037
v 0.0226452127 -0.0612499975 1.26269388
v 0.02436707 -0.05425 1.26555037
v 0.02450485 -0.0612499975 1.26601446
v 0.0226452127 -0.0612499975 1.26269388
v 0.009005966 -0.0612499975 1.26997876
v -0.000212366358 -0.05425 1.26587725
v 0.009097794 -0.05425 1.26969051
v 0.009005966 -0.0612499975 1.26997876
v -5.79903281E-05 -0.0612499975 1.26561749
v -0.000212366358 -0.05425 1.26587725
v 0.0112417582 -0.0612499975 1.2624712
v 0.0092329355 -0.0612499975 1.26555037
v 0.0109547805 -0.05425 1.26269388
v 0.0092329355 -0.0612499975 1.26555037
v 0.009095155 -0.05425 1.26601446
v 0.0109547805 -0.05425 1.26269388
v 0.009097794 -0.05425 1.26969051
v 0.009095155 -0.05425 1.26601446
v 0.009005966 -0.0612499975 1.26997876
v 0.009095155 -0.05425 1.26601446
v 0.0092329355 -0.0612499975 1.26555037
v 0.009005966 -0.0612499975 1.26997876
v -5.79903281E-05 -0.0612499975 1.26561749
v 0.00274709519 -0.0612499975 1.26308143
v -0.000212366358 -0.05425 1.26587725
v 0.00274709519 -0.0612499975 1.26308143
v 0.00298099825 -0.05425 1.2626251
v -0.000212366358 -0.05425 1.26587725
v 0.00340111484 -0.05425 1.258867
v 0.00298099825 -0.05425 1.2626251
v 0.00348667358 -0.0612499975 1.25927019
v 0.00298099825 -0.05425 1.2626251
v 0.00274709519 -0.0612499975 1.26308143
v 0.00348667358 -0.0612499975 1.25927019
v -0.00902725 -0.0612499975 1.25706244
v -0.0131286643 -0.05425 1.2478441
v -0.008767539 -0.05425 1.256908
v -0.00902725 -0.0612499975 1.25706244
v -0.0128406249 -0.0612499975 1.24775219
v -0.0131286643 -0.05425 1.2478441
v -0.00201701419 -0.0612499975 1.25344884
v -0.00577523327 -0.0612499975 1.253869
v -0.002420173 -0.05425 1.25336337
v -0.00577523327 -0.0612499975 1.253869
v -0.00623170659 -0.05425 1.25410306
v -0.002420173 -0.05425 1.25336337
v -0.008767539 -0.05425 1.256908
v -0.00623170659 -0.05425 1.25410306
v -0.00902725 -0.0612499975 1.25706244
v -0.00623170659 -0.05425 1.25410306
v -0.00577523327 -0.0612499975 1.253869
v -0.00902725 -0.0612499975 1.25706244
v -0.0128406249 -0.0612499975 1.24775219
v -0.009164189 -0.0612499975 1.24775481
v -0.0131286643 -0.05425 1.2478441
v -0.009164189 -0.0612499975 1.24775481
v -0.008700101 -0.05425 1.247617
v -0.0131286643 -0.05425 1.2478441
v -0.005621332 -0.05425 1.24560821
v -0.008700101 -0.05425 1.247617
v -0.005843829 -0.0612499975 1.24589515
v -0.008700101 -0.05425 1.247617
v -0.009164189 -0.0612499975 1.24775481
v -0.005843829 -0.0612499975 1.24589515
v -0.0131286774 -0.0612499975 1.23225594
v -0.009027261 -0.05425 1.22303748
v -0.0128406249 -0.05425 1.23234773
v -0.0131286774 -0.0612499975 1.23225594
v -0.008767539 -0.0612499975 1.223192
v -0.009027261 -0.05425 1.22303748
v -0.005621332 -0.0612499975 1.23449183
v -0.008700151 -0.0612499975 1.23248291
v -0.005843876 -0.05425 1.23420489
v -0.008700151 -0.0612499975 1.23248291
v -0.009164072 -0.05425 1.23234522
v -0.005843876 -0.05425 1.23420489
v -0.0128406249 -0.05425 1.23234773
v -0.009164072 -0.05425 1.23234522
v -0.0131286774 -0.0612499975 1.23225594
v -0.009164072 -0.05425 1.23234522
v -0.008700151 -0.0612499975 1.23248291
v -0.0131286774 -0.0612499975 1.23225594
v -0.008767539 -0.0612499975 1.223192
v -0.00623169867 -0.0612499975 1.225997
v -0.009027261 -0.05425 1.22303748
v -0.00623169867 -0.0612499975 1.225997
v -0.005775257 -0.05425 1.22623086
v -0.009027261 -0.05425 1.22303748
v -0.00201701419 -0.05425 1.22665107
v -0.005775257 -0.05425 1.22623086
v -0.00242015743 -0.0612499975 1.22673655
v -0.005775257 -0.05425 1.22623086
v -0.00623169867 -0.0612499975 1.225997
v -0.00242015743 -0.0612499975 1.22673655
v -0.019075 -0.0665 1.24004984
v -0.019075 -0.05425 1.24004984
v -0.015973445 -0.05425 1.22545826
v -0.015973445 -0.0665 1.22545826
v -0.00720506068 -0.05425 1.21338964
v -0.00720506068 -0.0665 1.21338964
v 0.00571401464 -0.05425 1.20593083
v 0.00571401464 -0.0665 1.20593083
v 0.0205499548 -0.05425 1.20437145
v 0.0205499548 -0.0665 1.20437145
v 0.0347374938 -0.05425 1.20898139
v 0.0347374938 -0.0665 1.20898139
v 0.04582348 -0.05425 1.21896327
v 0.04582348 -0.0665 1.21896327
v 0.0518910438 -0.05425 1.23259115
v 0.0518910438 -0.0665 1.23259115
v 0.0518910438 -0.05425 1.24750876
v 0.0518910438 -0.0665 1.24750876
v 0.04582348 -0.05425 1.26113677
v 0.04582348 -0.0665 1.26113677
v 0.0347374938 -0.05425 1.27111864
v 0.0347374938 -0.0665 1.27111864
v 0.0205499548 -0.05425 1.27572834
v 0.0205499548 -0.0665 1.27572834
v 0.00571401464 -0.05425 1.27416921
v 0.00571401464 -0.0665 1.27416921
v -0.00720506068 -0.05425 1.26671028
v -0.00720506068 -0.0665 1.26671028
v -0.015973445 -0.05425 1.25464165
v -0.015973445 -0.0665 1.25464165
v -0.019075 -0.05425 1.24004984
v -0.019075 -0.0665 1.24004984
v 0.04582348 -0.0665 1.26113677
v 0.0347374938 -0.0665 1.27111864
v 0.0376399271 -0.0662787259 1.26289558
v 0.0354575738 -0.0662134141 1.26282358
v 0.04582348 -0.0665 1.21896327
v 0.0518910438 -0.0665 1.23259115
v 0.0393544622 -0.06632575 1.22198451
v 0.04492993 -0.0663533062 1.23625731
v 0.04582348 -0.0665 1.21896327
v 0.0397652276 -0.06622098 1.21979308
v 0.0387637243 -0.0662855059 1.21784866
v 0.0347374938 -0.0665 1.20898139
v 0.0366978347 -0.06622096 1.21705341
v 0.0155793494 -0.06627846 1.21558952
v 0.0181401186 -0.06627849 1.215546
v 0.0168 -0.0665 1.2187
v 0.0274749976 -0.0665 1.22156036
v 0.0352896377 -0.0665 1.22937489
v 0.03374319 -0.0662854761 1.22176814
v 0.0334671 -0.0662209839 1.21959841
v 0.006124999 -0.0665 1.25853968
v 0.000133782771 -0.0662106648 1.25929654
v -0.0009330964 -0.06627626 1.25738692
v -0.00168964325 -0.0665 1.25072491
v -0.00299887452 -0.06621066 1.25666785
v 0.0168 -0.0665 1.2187
v 0.0168 -0.0622999966 1.2187
v 0.006124999 -0.0622999966 1.22156036
v 0.006124999 -0.0665 1.22156036
v -0.00168964325 -0.0622999966 1.22937489
v -0.00168964325 -0.0665 1.22937489
v -0.00455000158 -0.0622999966 1.24004984
v -0.00455000158 -0.0665 1.24004984
v -0.00168964325 -0.0622999966 1.25072491
v -0.00168964325 -0.0665 1.25072491
v 0.006124999 -0.0622999966 1.25853968
v 0.006124999 -0.0665 1.25853968
v 0.0168 -0.0622999966 1.2614
v 0.0168 -0.0665 1.2614
v 0.0274749976 -0.0622999966 1.25853968
v 0.0274749976 -0.0665 1.25853968
v 0.0352896377 -0.0622999966 1.25072491
v 0.0352896377 -0.0665 1.25072491
v 0.0381499939 -0.0622999966 1.24004984
v 0.0381499939 -0.0665 1.24004984
v 0.0352896377 -0.0622999966 1.22937489
v 0.0352896377 -0.0665 1.22937489
v 0.0274749976 -0.0622999966 1.22156036
v 0.0274749976 -0.0665 1.22156036
v 0.0168 -0.0622999966 1.2187
v 0.0168 -0.0665 1.2187
v -0.00105000229 -0.05425 1.24004984
v -0.00105000229 -0.0622999966 1.24004984
v 0.00178362441 -0.0622999966 1.23039949
v 0.00178362441 -0.05425 1.23039949
v 0.009384839 -0.0622999966 1.223813
v 0.009384839 -0.05425 1.223813
v 0.01934032 -0.0622999966 1.22238171
v 0.01934032 -0.05425 1.22238171
v 0.0284892581 -0.0622999966 1.22655988
v 0.0284892581 -0.05425 1.22655988
v 0.03392695 -0.0622999966 1.235021
v 0.03392695 -0.05425 1.235021
v 0.03392695 -0.0622999966 1.24507892
v 0.03392695 -0.05425 1.24507892
v 0.0284892581 -0.0622999966 1.25354016
v 0.0284892581 -0.05425 1.25354016
v 0.01934032 -0.0622999966 1.25771832
v 0.01934032 -0.05425 1.25771832
v 0.009384839 -0.0622999966 1.25628686
v 0.009384839 -0.05425 1.25628686
v 0.00178362441 -0.0622999966 1.24970043
v 0.00178362441 -0.05425 1.24970043
v -0.00105000229 -0.0622999966 1.24004984
v -0.00105000229 -0.05425 1.24004984
v 0.01934032 -0.05425 1.22238171
v 0.0226452556 -0.05425 1.21740615
v 0.0175825823 -0.0542496778 1.2156384
v 0.0204697 -0.05424976 1.21190226
v 0.03593378 -0.05424977 1.262899
v 0.0308529 -0.05425 1.26308143
v 0.0336579829 -0.05425 1.26561749
v 0.0334797762 -0.0542498 1.25972342
v 0.01934032 -0.05425 1.25771832
v 0.0109547805 -0.05425 1.26269388
v 0.0163081866 -0.0542496778 1.26441038
v 0.0131302988 -0.0542497225 1.26790237
v -0.0075726267 -0.05424979 1.2394104
v -0.005843876 -0.05425 1.23420489
v -0.0112000648 -0.0542498231 1.23636675
v -0.009164072 -0.05425 1.23234522
v 0.0335189328 -0.05425 1.2205677
v 0.03602018 -0.05425 1.22673655
v 0.0363761038 -0.05425 1.2233392
v 0.0398317 -0.05425 1.225997
v 0.039601624 -0.05425 1.22100687
v -0.00623170659 -0.05425 1.25410306
v -0.008767539 -0.05425 1.256908
v -0.005011487 -0.0542498678 1.2574507
v -0.00571040856 -0.0542498156 1.26141441
v -0.00588717964 -0.05424977 1.2214359
v -0.00720506068 -0.05425 1.21338964
v -0.009027261 -0.05425 1.22303748
v -0.005775257 -0.05425 1.22623086
v -0.00201701419 -0.05425 1.22665107
v 0.00348668662 -0.05425 1.22082984
v -0.000528831966 -0.0542497225 1.22216
v -0.0006902332 -0.0542498 1.21814978
v 0.0387637243 -0.0662855059 1.21784866
v 0.0397652276 -0.06622098 1.21979308
v 0.03786476 -0.05425 1.21742535
v 0.039601624 -0.05425 1.22100687
v 0.03011333 -0.0612499975 1.22082984
v 0.0226452556 -0.05425 1.21740615
v 0.0301988851 -0.05425 1.221233
v 0.02235824 -0.0612499975 1.2176286
v 0.0243670586 -0.0612499975 1.21454966
v 0.030852912 -0.0612499975 1.21701849
v 0.024594022 -0.0612499975 1.21012127
v 0.0336579829 -0.0612499975 1.21448243
v 0.0243670586 -0.0612499975 1.21454966
v 0.03011333 -0.0612499975 1.22082984
v 0.02235824 -0.0612499975 1.2176286
v 0.00298098521 -0.0612499975 1.21747494
v 0.00340111484 -0.0612499975 1.221233
v 0.01095477 -0.0612499975 1.21740615
v 0.009095155 -0.0612499975 1.21408558
v -0.000212410683 -0.0612499975 1.21422267
v 0.009097794 -0.0612499975 1.21040928
v 0.0423001 -0.0612499975 1.247617
v 0.03983171 -0.0612499975 1.25410306
v 0.04672868 -0.0612499975 1.247844
v 0.0360201746 -0.0612499975 1.25336337
v 0.0392213278 -0.0612499975 1.24560821
v 0.02450485 -0.0612499975 1.26601446
v 0.024502201 -0.0612499975 1.26969051
v 0.03381235 -0.0612499975 1.26587725
v 0.0306189954 -0.0612499975 1.262625
v 0.0226452127 -0.0612499975 1.26269388
v 0.0301988851 -0.0612499975 1.258867
v -0.008700151 -0.0612499975 1.23248291
v -0.005621332 -0.0612499975 1.23449183
v -0.00242015743 -0.0612499975 1.22673655
v -0.0131286774 -0.0612499975 1.23225594
v -0.00623169867 -0.0612499975 1.225997
v 0.01095477 -0.0612499975 1.21740615
v 0.00348668662 -0.05425 1.22082984
v 0.0112417582 -0.05425 1.2176286
v 0.00340111484 -0.0612499975 1.221233
v 0.03944389 -0.0612499975 1.23420477
v 0.03602018 -0.05425 1.22673655
v 0.0392213278 -0.05425 1.23449183
v 0.03561701 -0.0612499975 1.22665107
v 0.0360201746 -0.0612499975 1.25336337
v 0.03944384 -0.05425 1.24589515
v 0.03561701 -0.05425 1.25344884
v 0.0392213278 -0.0612499975 1.24560821
v 0.0226452127 -0.0612499975 1.26269388
v 0.03011331 -0.05425 1.25927007
v 0.02235824 -0.05425 1.2624712
v 0.0301988851 -0.0612499975 1.258867
v 0.00348667358 -0.0612499975 1.25927019
v 0.0109547805 -0.05425 1.26269388
v 0.00340111484 -0.05425 1.258867
v 0.0112417582 -0.0612499975 1.2624712
v -0.005843829 -0.0612499975 1.24589515
v -0.002420173 -0.05425 1.25336337
v -0.005621332 -0.05425 1.24560821
v -0.00201701419 -0.0612499975 1.25344884
v -0.00242015743 -0.0612499975 1.22673655
v -0.005843876 -0.05425 1.23420489
v -0.00201701419 -0.05425 1.22665107
v -0.005621332 -0.0612499975 1.23449183
v -0.00168964325 -0.0622999966 1.25072491
v -0.00455000158 -0.0622999966 1.24004984
v -0.00105000229 -0.0622999966 1.24004984
v -0.00168964325 -0.0622999966 1.22937489
v 0.00178362441 -0.0622999966 1.24970043
v 0.00178362441 -0.0622999966 1.23039949
v 0.006124999 -0.0622999966 1.25853968
v 0.006124999 -0.0622999966 1.22156036
v 0.009384839 -0.0622999966 1.25628686
v 0.009384839 -0.0622999966 1.223813
v 0.0168 -0.0622999966 1.2614
v 0.0168 -0.0622999966 1.2187
v 0.01934032 -0.0622999966 1.25771832
v 0.01934032 -0.0622999966 1.22238171
v 0.0274749976 -0.0622999966 1.25853968
v 0.0274749976 -0.0622999966 1.22156036
v 0.0284892581 -0.0622999966 1.25354016
v 0.0284892581 -0.0622999966 1.22655988
v 0.0352896377 -0.0622999966 1.25072491
v 0.0352896377 -0.0622999966 1.22937489
v 0.03392695 -0.0622999966 1.24507892
v 0.03392695 -0.0622999966 1.235021
v 0.0381499939 -0.0622999966 1.24004984
v 0.0194811523 -0.05425 1.27029967
v 0.0202988964 -0.0542497225 1.2669338
v 0.0200101975 -0.06627849 1.26997662
v 0.0202988964 -0.0542497225 1.2669338
v 0.0205192566 -0.06631961 1.26746428
v 0.0200101975 -0.06627849 1.26997662
v 0.0202988964 -0.0542497225 1.2669338
v 0.01925498 -0.06627849 1.26522315
v 0.0163081866 -0.0542496778 1.26441038
v 0.01925498 -0.06627849 1.26522315
v 0.0163081866 -0.0542496778 1.26441038
v 0.01685495 -0.06621315 1.26433969
v 0.0163081866 -0.0542496778 1.26441038
v 0.0144424113 -0.0662784651 1.26514137
v 0.0131302988 -0.0542497225 1.26790237
v 0.0144424113 -0.0662784651 1.26514137
v 0.0131047331 -0.06631959 1.26732826
v 0.0131302988 -0.0542497225 1.26790237
v 0.0135593917 -0.066213116 1.26985753
v 0.0131047331 -0.06631959 1.26732826
v 0.0160174221 -0.0542496778 1.27163827
v 0.0194811523 -0.05425 1.27029967
v 0.0180173479 -0.06621311 1.2715553
v 0.0194811523 -0.05425 1.27029967
v 0.0200101975 -0.06627849 1.26997662
v 0.0180173479 -0.06621311 1.2715553
v 0.0160174221 -0.0542496778 1.27163827
v 0.0154597806 -0.0662784651 1.27154589
v 0.0160174221 -0.0542496778 1.27163827
v 0.0135593917 -0.066213116 1.26985753
v 0.0131302988 -0.0542497225 1.26790237
v -0.0124598406 -0.0542498231 1.2435112
v -0.009914149 -0.06631737 1.24358261
v -0.0124675883 -0.0662103 1.24353218
v -0.0124598406 -0.0542498231 1.2435112
v -0.008950243 -0.05425 1.24273109
v -0.009914149 -0.06631737 1.24358261
v -0.008950243 -0.05425 1.24273109
v -0.007962184 -0.06627599 1.24191928
v -0.009914149 -0.06631737 1.24358261
v -0.0075726267 -0.05424979 1.2394104
v -0.007550529 -0.0662103444 1.23940647
v -0.0075726267 -0.05424979 1.2394104
v -0.008796839 -0.06627596 1.23718607
v -0.0112000648 -0.0542498231 1.23636675
v -0.008796839 -0.06627596 1.23718607
v -0.0112000853 -0.06631741 1.23629045
v -0.0112000648 -0.0542498231 1.23636675
v -0.013603135 -0.066275984 1.237186
v -0.0148273772 -0.05424975 1.2394104
v -0.0148494691 -0.06621033 1.23940647
v -0.0148273772 -0.05424975 1.2394104
v -0.0144377649 -0.066275984 1.2419194
v -0.0124598406 -0.0542498231 1.2435112
v -0.0144377649 -0.066275984 1.2419194
v -0.0124675883 -0.0662103 1.24353218
v -0.008950243 -0.05425 1.24273109
v -0.0075726267 -0.05424979 1.2394104
v -0.007962184 -0.06627599 1.24191928
v 0.0133011034 -0.0542497225 1.21093369
v 0.0135898441 -0.06627848 1.21397674
v 0.0131022921 -0.06627849 1.2114625
v 0.0133011034 -0.0542497225 1.21093369
v 0.0141188428 -0.05425 1.21429968
v 0.0135898441 -0.06627848 1.21397674
v 0.0141188428 -0.05425 1.21429968
v 0.0155793494 -0.06627846 1.21558952
v 0.0135898441 -0.06627848 1.21397674
v 0.0175825823 -0.0542496778 1.2156384
v 0.0181401186 -0.06627849 1.215546
v 0.0175825823 -0.0542496778 1.2156384
v 0.0200738087 -0.06627849 1.21386659
v 0.0204697 -0.05424976 1.21190226
v 0.02049526 -0.0663196 1.21132827
v 0.0204697 -0.05424976 1.21190226
v 0.0191427711 -0.06621314 1.20917249
v 0.0172918588 -0.0542496145 1.20841026
v 0.016736513 -0.06627853 1.20830631
v 0.0191427711 -0.06621314 1.20917249
v 0.0172918588 -0.0542496145 1.20841026
v 0.0143730259 -0.06621311 1.209243
v 0.0133011034 -0.0542497225 1.21093369
v 0.0131022921 -0.06627849 1.2114625
v 0.0141188428 -0.05425 1.21429968
v 0.0175825823 -0.0542496778 1.2156384
v 0.0155793494 -0.06627846 1.21558952
v 0.0438038521 -0.05425 1.23654616
v 0.04247255 -0.06628546 1.23709893
v 0.04492993 -0.0663533062 1.23625731
v 0.04117641 -0.05425 1.24042261
v 0.04115108 -0.06622098 1.23930609
v 0.0438038521 -0.05425 1.23654616
v 0.04117641 -0.05425 1.24042261
v 0.04247255 -0.06628546 1.23709893
v 0.04117641 -0.05425 1.24042261
v 0.0414895564 -0.06628546 1.24182963
v 0.04115108 -0.06622098 1.23930609
v 0.04453778 -0.05425 1.24368322
v 0.0414895564 -0.06628546 1.24182963
v 0.04453778 -0.05425 1.24368322
v 0.04340788 -0.0662854537 1.24354112
v 0.0414895564 -0.06628546 1.24182963
v 0.04453778 -0.05425 1.24368322
v 0.0459776856 -0.06628546 1.2436192
v 0.04340788 -0.0662854537 1.24354112
v 0.0478310846 -0.05425 1.2418
v 0.0479744859 -0.06622096 1.24199677
v 0.0480776429 -0.05425 1.23846054
v 0.0485195071 -0.06628549 1.23950994
v 0.04453778 -0.05425 1.24368322
v 0.0478310846 -0.05425 1.2418
v 0.0459776856 -0.06628546 1.2436192
v 0.0478310846 -0.05425 1.2418
v 0.0480776429 -0.05425 1.23846054
v 0.0479744859 -0.06622096 1.24199677
v 0.0480776429 -0.05425 1.23846054
v 0.04726862 -0.0662209541 1.23726189
v 0.0485195071 -0.06628549 1.23950994
v 0.0480776429 -0.05425 1.23846054
v 0.0438038521 -0.05425 1.23654616
v 0.04726862 -0.0662209541 1.23726189
v 0.04492993 -0.0663533062 1.23625731
v 0.0040486 -0.0657999963 1.24539161
v 0.00120859453 -0.0657056347 1.24746275
v -0.000414596347 -0.0656086355 1.23738933
v 0.009571076 -0.0657999963 1.25193417
v 0.0143016474 -0.0652168244 1.25279856
v 0.0122136967 -0.0657999963 1.25639367
v 0.006367557 -0.0657999963 1.226659
v 0.009142208 -0.0657999963 1.22853959
v 0.004827197 -0.0657999963 1.23313749
v 0.00135879568 -0.0656487048 1.232306
v 0.00300281961 -0.0657999963 1.23917329
v 0.006367557 -0.0657999963 1.226659
v 0.006367557 -0.0657999963 1.226659
v 0.0168 -0.0658128262 1.22274029
v 0.009142208 -0.0657999963 1.22853959
v 0.0168 -0.0658128262 1.22274029
v 0.0150502361 -0.0657999963 1.22633612
v 0.009142208 -0.0657999963 1.22853959
v 0.0168 -0.0658128262 1.22274029
v 0.0244577862 -0.0657999963 1.22853959
v 0.0185497589 -0.0657999963 1.22633612
v 0.0168 -0.0658128262 1.22274029
v 0.0272324346 -0.0657999963 1.226659
v 0.0244577862 -0.0657999963 1.22853959
v 0.0340145938 -0.06560863 1.23738933
v 0.0323913731 -0.0657056347 1.24746287
v 0.0295513961 -0.0657999963 1.24539161
v 0.01942653 -0.06501262 1.25303781
v 0.02452411 -0.0657999963 1.25161839
v 0.0213862918 -0.0657999963 1.25639367
v 0.02777492 -0.0657999963 1.24670827
v 0.02452411 -0.0657999963 1.25161839
v 0.0278016329 -0.06999999 1.24842227
v 0.02452411 -0.0657999963 1.25161839
v 0.0240289234 -0.06999999 1.25193417
v 0.0278016329 -0.06999999 1.24842227
v 0.0192807447 -0.06999999 1.253275
v 0.0240289234 -0.06999999 1.25193417
v 0.01942653 -0.06501262 1.25303781
v 0.0240289234 -0.06999999 1.25193417
v 0.02452411 -0.0657999963 1.25161839
v 0.01942653 -0.06501262 1.25303781
v 0.005825074 -0.06999999 1.24670827
v 0.009075894 -0.06999999 1.25161839
v 0.005798361 -0.0657999963 1.24842227
v 0.009075894 -0.06999999 1.25161839
v 0.009571076 -0.0657999963 1.25193417
v 0.005798361 -0.0657999963 1.24842227
v 0.0143016474 -0.0652168244 1.25279856
v 0.009571076 -0.0657999963 1.25193417
v 0.0142805045 -0.06999999 1.25344169
v 0.009571076 -0.0657999963 1.25193417
v 0.009075894 -0.06999999 1.25161839
v 0.0142805045 -0.06999999 1.25344169
v 0.0278016329 -0.06999999 1.24842227
v 0.0277263429 -0.06999999 1.24652565
v 0.02777492 -0.0657999963 1.24670827
v 0.0277263429 -0.06999999 1.24652565
v 0.0295513961 -0.06999999 1.24539161
v 0.02777492 -0.0657999963 1.24670827
v 0.0295513961 -0.06999999 1.24539161
v 0.0295513961 -0.0657999963 1.24539161
v 0.02777492 -0.0657999963 1.24670827
v 0.0232377034 -0.06987751 1.24710846
v 0.0240289234 -0.06999999 1.25193417
v 0.0190911964 -0.06980097 1.24911332
v 0.0240289234 -0.06999999 1.25193417
v 0.0192807447 -0.06999999 1.253275
v 0.0190911964 -0.06980097 1.24911332
v 0.0256978218 -0.06987183 1.24353087
v 0.0305971745 -0.06999999 1.23917329
v 0.0295513961 -0.06999999 1.24539161
v 0.0256978218 -0.06987183 1.24353087
v 0.02562879 -0.06999999 1.23621678
v 0.0305971745 -0.06999999 1.23917329
v 0.007971206 -0.06999999 1.23621678
v 0.007902185 -0.06987183 1.24353087
v 0.00300281961 -0.06999999 1.23917329
v 0.005825074 -0.06999999 1.24670827
v 0.0040486 -0.06999999 1.24539161
v 0.007902185 -0.06987183 1.24353087
v 0.0040486 -0.06999999 1.24539161
v 0.00300281961 -0.06999999 1.23917329
v 0.0103262719 -0.06987326 1.24707
v 0.0145092839 -0.0697968453 1.24910927
v 0.009075894 -0.06999999 1.25161839
v 0.0145092839 -0.0697968453 1.24910927
v 0.0142805045 -0.06999999 1.25344169
v 0.009075894 -0.06999999 1.25161839
v 0.0190911964 -0.06980097 1.24911332
v 0.0192807447 -0.06999999 1.253275
v 0.01942653 -0.06501262 1.25303781
v 0.01942653 -0.06501262 1.25303781
v 0.0207724385 -0.061299298 1.25518548
v 0.0190911964 -0.06980097 1.24911332
v 0.0207724385 -0.061299298 1.25518548
v 0.0232377034 -0.06987751 1.24710846
v 0.0190911964 -0.06980097 1.24911332
v 0.0207724385 -0.061299298 1.25518548
v 0.0232541487 -0.0595861 1.255705
v 0.0232377034 -0.06987751 1.24710846
v 0.0232541487 -0.0595861 1.255705
v 0.0302609317 -0.0594460368 1.25116444
v 0.0232377034 -0.06987751 1.24710846
v 0.0302609317 -0.0594460368 1.25116444
v 0.0256978218 -0.06987183 1.24353087
v 0.0232377034 -0.06987751 1.24710846
v 0.01942653 -0.06501262 1.25303781
v 0.0213862918 -0.0657999963 1.25639367
v 0.0207724385 -0.061299298 1.25518548
v 0.0213862918 -0.0657999963 1.25639367
v 0.0220231712 -0.06242564 1.25750446
v 0.0207724385 -0.061299298 1.25518548
v 0.0258679017 -0.06332547 1.25629163
v 0.0213862918 -0.0657999963 1.25639367
v 0.0279266983 -0.0657999963 1.25286973
v 0.0258679017 -0.06332547 1.25629163
v 0.0220231712 -0.06242564 1.25750446
v 0.0213862918 -0.0657999963 1.25639367
v 0.0323913731 -0.0657056347 1.24746287
v 0.0340145938 -0.06560863 1.23738933
v 0.0342064761 -0.0647111163 1.24311912
v 0.0272324346 -0.0657999963 1.226659
v 0.0168 -0.0658128262 1.22274029
v 0.0236477386 -0.0624782145 1.22265589
v 0.0168 -0.0658128262 1.22274029
v 0.0168 -0.06247735 1.2213577
v 0.0236477386 -0.0624782145 1.22265589
v 0.0168 -0.0658128262 1.22274029
v 0.009952327 -0.062478222 1.22265589
v 0.0168 -0.0658128262 1.22274029
v 0.006367557 -0.0657999963 1.226659
v 0.009952327 -0.062478222 1.22265589
v -0.000414596347 -0.0656086355 1.23738933
v 0.00120859453 -0.0657056347 1.24746275
v -0.000606476329 -0.0647111163 1.24311912
v 0.005673298 -0.0657999963 1.25286973
v 0.0122136967 -0.0657999963 1.25639367
v 0.007582684 -0.06251636 1.25635254
v 0.0122136967 -0.0657999963 1.25639367
v 0.0115260091 -0.0624169 1.25759089
v 0.007582684 -0.06251636 1.25635254
v 0.00149300112 -0.0622999966 1.24888742
v 0.003339088 -0.059446048 1.25116444
v 0.00320488261 -0.0518 1.251345
v 0.0139999995 -0.0552999973 1.2225982
v 0.01953023 -0.0553018153 1.22245991
v 0.013125157 -0.0622999966 1.22276115
v 0.01953023 -0.0553018153 1.22245991
v 0.0204748381 -0.0622999966 1.22276115
v 0.013125157 -0.0622999966 1.22276115
v 0.01953023 -0.0553018153 1.22245991
v 0.01991608 -0.052098535 1.222641
v 0.0204748381 -0.0622999966 1.22276115
v 0.03210699 -0.0622999966 1.23121238
v 0.0340145938 -0.06560863 1.23738933
v 0.03227502 -0.0656468943 1.23238456
v 0.0323913731 -0.0657056347 1.24746287
v 0.0342064761 -0.0647111163 1.24311912
v 0.03210699 -0.0622999966 1.24888742
v 0.0275678113 -0.0623009242 1.25424469
v 0.03210699 -0.0622999966 1.24888742
v 0.0302609317 -0.0594460368 1.25116444
v 0.03210699 -0.0622999966 1.24888742
v 0.0303951148 -0.0518 1.251345
v 0.0302609317 -0.0594460368 1.25116444
v 0.0302609317 -0.0594460368 1.25116444
v 0.0276612919 -0.059498243 1.25403023
v 0.0275678113 -0.0623009242 1.25424469
v 0.0276612919 -0.059498243 1.25403023
v 0.0227049924 -0.05992171 1.25675416
v 0.0275678113 -0.0623009242 1.25424469
v 0.0227049924 -0.05992171 1.25675416
v 0.0220231712 -0.06242564 1.25750446
v 0.0275678113 -0.0623009242 1.25424469
v 0.00149300112 -0.0622999966 1.24888742
v 0.006168691 -0.0623016581 1.254372
v 0.003339088 -0.059446048 1.25116444
v 0.006168691 -0.0623016581 1.254372
v 0.00593869435 -0.059498243 1.25403023
v 0.003339088 -0.059446048 1.25116444
v 0.006168691 -0.0623016581 1.254372
v 0.010895377 -0.0599216074 1.25675428
v 0.00593869435 -0.059498243 1.25403023
v 0.006168691 -0.0623016581 1.254372
v 0.0115260091 -0.0624169 1.25759089
v 0.010895377 -0.0599216074 1.25675428
v 0.00149300112 -0.0622999966 1.24888742
v -0.000606476329 -0.0647111163 1.24311912
v 0.00120859453 -0.0657056347 1.24746275
v -0.000414596347 -0.0656086355 1.23738933
v 0.00149300112 -0.0622999966 1.23121238
v 0.00135879568 -0.0656487048 1.232306
v 0.03210699 -0.0622999966 1.23121238
v 0.0293597411 -0.0625836253 1.226208
v 0.0271891 -0.0622999966 1.22575068
v 0.0293597411 -0.0625836253 1.226208
v 0.0236477386 -0.0624782145 1.22265589
v 0.0271891 -0.0622999966 1.22575068
v 0.0236477386 -0.0624782145 1.22265589
v 0.0204748381 -0.0622999966 1.22276115
v 0.0271891 -0.0622999966 1.22575068
v 0.0236477386 -0.0624782145 1.22265589
v 0.0168 -0.06247735 1.2213577
v 0.0204748381 -0.0622999966 1.22276115
v 0.0168 -0.06247735 1.2213577
v 0.013125157 -0.0622999966 1.22276115
v 0.0204748381 -0.0622999966 1.22276115
v 0.0168 -0.06247735 1.2213577
v 0.009952327 -0.062478222 1.22265589
v 0.013125157 -0.0622999966 1.22276115
v 0.009952327 -0.062478222 1.22265589
v 0.00641089724 -0.0622999966 1.22575068
v 0.013125157 -0.0622999966 1.22276115
v 0.009952327 -0.062478222 1.22265589
v 0.0043104603 -0.0624971129 1.22618258
v 0.00641089724 -0.0622999966 1.22575068
v 0.0043104603 -0.0624971129 1.22618258
v 0.00149300112 -0.0622999966 1.23121238
v 0.00641089724 -0.0622999966 1.22575068
v 0.03210699 -0.0622999966 1.24888742
v 0.0275678113 -0.0623009242 1.25424469
v 0.0287314784 -0.0623529255 1.25456846
v 0.0287314784 -0.0623529255 1.25456846
v 0.0275678113 -0.0623009242 1.25424469
v 0.0220231712 -0.06242564 1.25750446
v 0.00149300112 -0.0622999966 1.24888742
v 0.00436630659 -0.062440116 1.25400019
v 0.006168691 -0.0623016581 1.254372
v 0.03210699 -0.0622999966 1.23121238
v 0.03227502 -0.0656468943 1.23238456
v 0.0293597411 -0.0625836253 1.226208
v 0.0287314784 -0.0623529255 1.25456846
v 0.0220231712 -0.06242564 1.25750446
v 0.0258679017 -0.06332547 1.25629163
v 0.0043104603 -0.0624971129 1.22618258
v 0.00135879568 -0.0656487048 1.232306
v 0.00149300112 -0.0622999966 1.23121238
v 0.0287314784 -0.0623529255 1.25456846
v 0.0323913731 -0.0657056347 1.24746287
v 0.03210699 -0.0622999966 1.24888742
v 0.00149300112 -0.0622999966 1.24888742
v 0.00120859453 -0.0657056347 1.24746275
v 0.00436630659 -0.062440116 1.25400019
v 0.0122136967 -0.0657999963 1.25639367
v 0.0143016474 -0.0652168244 1.25279856
v 0.0128317643 -0.0613010377 1.25517976
v 0.0122136967 -0.0657999963 1.25639367
v 0.0128317643 -0.0613010377 1.25517976
v 0.0115260091 -0.0624169 1.25759089
v 0.0143016474 -0.0652168244 1.25279856
v 0.0142805045 -0.06999999 1.25344169
v 0.0145092839 -0.0697968453 1.24910927
v 0.0128317643 -0.0613010377 1.25517976
v 0.0143016474 -0.0652168244 1.25279856
v 0.0145092839 -0.0697968453 1.24910927
v 0.0128317643 -0.0613010377 1.25517976
v 0.0145092839 -0.0697968453 1.24910927
v 0.0103474623 -0.05958593 1.25570047
v 0.0145092839 -0.0697968453 1.24910927
v 0.0103262719 -0.06987326 1.24707
v 0.0103474623 -0.05958593 1.25570047
v 0.0103262719 -0.06987326 1.24707
v 0.003339088 -0.059446048 1.25116444
v 0.0103474623 -0.05958593 1.25570047
v 0.0103262719 -0.06987326 1.24707
v 0.007902185 -0.06987183 1.24353087
v 0.003339088 -0.059446048 1.25116444
v 0.0256338753 -0.0580999963 1.24387145
v 0.0257716663 -0.0580980368 1.23810482
v 0.0256978218 -0.06987183 1.24353087
v 0.0257716663 -0.0580980368 1.23810482
v 0.02562879 -0.06999999 1.23621678
v 0.0256978218 -0.06987183 1.24353087
v 0.0257716663 -0.0580980368 1.23810482
v 0.0233116113 -0.05809796 1.23358023
v 0.02562879 -0.06999999 1.23621678
v 0.018802736 -0.0580978841 1.23109281
v 0.0220795088 -0.06999999 1.232002
v 0.01366505 -0.058097817 1.23142481
v 0.0168 -0.06999999 1.23042488
v 0.009601378 -0.0580977 1.23439407
v 0.0115204854 -0.06999999 1.232002
v 0.0233116113 -0.05809796 1.23358023
v 0.0220795088 -0.06999999 1.232002
v 0.02562879 -0.06999999 1.23621678
v 0.018802736 -0.0580978841 1.23109281
v 0.0168 -0.06999999 1.23042488
v 0.01366505 -0.058097817 1.23142481
v 0.0115204854 -0.06999999 1.232002
v 0.009601378 -0.0580977 1.23439407
v 0.007971206 -0.06999999 1.23621678
v 0.007591467 -0.05809842 1.23881507
v 0.007591467 -0.05809842 1.23881507
v 0.007902185 -0.06987183 1.24353087
v 0.007971206 -0.06999999 1.23621678
v 0.007591467 -0.05809842 1.23881507
v 0.008170847 -0.0580987968 1.2436372
v 0.007902185 -0.06987183 1.24353087
v 0.0227049924 -0.05992171 1.25675416
v 0.0276612919 -0.059498243 1.25403023
v 0.0232541487 -0.0595861 1.255705
v 0.0276612919 -0.059498243 1.25403023
v 0.0302609317 -0.0594460368 1.25116444
v 0.0232541487 -0.0595861 1.255705
v 0.010895377 -0.0599216074 1.25675428
v 0.0103474623 -0.05958593 1.25570047
v 0.00593869435 -0.059498243 1.25403023
v 0.0103474623 -0.05958593 1.25570047
v 0.003339088 -0.059446048 1.25116444
v 0.00593869435 -0.059498243 1.25403023
v 0.0220231712 -0.06242564 1.25750446
v 0.0227049924 -0.05992171 1.25675416
v 0.0207724385 -0.061299298 1.25518548
v 0.0227049924 -0.05992171 1.25675416
v 0.0232541487 -0.0595861 1.255705
v 0.0207724385 -0.061299298 1.25518548
v 0.0115260091 -0.0624169 1.25759089
v 0.0128317643 -0.0613010377 1.25517976
v 0.010895377 -0.0599216074 1.25675428
v 0.0128317643 -0.0613010377 1.25517976
v 0.0103474623 -0.05958593 1.25570047
v 0.010895377 -0.0599216074 1.25675428
v 0.02198791 -0.0581000075 1.24761057
v 0.0256338753 -0.0580999963 1.24387145
v 0.0220848545 -0.0518 1.2480942
v 0.0256338753 -0.0580999963 1.24387145
v 0.0256338753 -0.0518 1.24387145
v 0.0220848545 -0.0518 1.2480942
v 0.0137957688 -0.0521855019 1.22261786
v 0.00664156955 -0.0518 1.22558582
v 0.0136195719 -0.0519673973 1.23052645
v 0.0256338753 -0.0518 1.24387145
v 0.0212428942 -0.05224479 1.24169958
v 0.01919496 -0.05204308 1.24412537
v 0.0256338753 -0.0518 1.24387145
v 0.0212715324 -0.0520377345 1.2385124
v 0.0212428942 -0.05224479 1.24169958
v 0.0131398328 -0.05204097 1.23705781
v 0.015966082 -0.0521020852 1.23538482
v 0.0136195719 -0.0519673973 1.23052645
v 0.009439027 -0.0567 1.23531926
v 0.0120876767 -0.0521458425 1.24004984
v 0.0080499975 -0.0567 1.24004984
v 0.0120876767 -0.0521458425 1.24004984
v 0.009439027 -0.0567 1.24478054
v 0.0080499975 -0.0567 1.24004984
v 0.0120876767 -0.0521458425 1.24004984
v 0.0131332772 -0.05209848 1.24305344
v 0.009439027 -0.0567 1.24478054
v 0.0131332772 -0.05209848 1.24305344
v 0.0131651172 -0.0567 1.2480092
v 0.009439027 -0.0567 1.24478054
v 0.0131332772 -0.05209848 1.24305344
v 0.0159658119 -0.0521020778 1.24471509
v 0.0131651172 -0.0567 1.2480092
v 0.0159658119 -0.0521020778 1.24471509
v 0.0180452559 -0.0567 1.248711
v 0.0131651172 -0.0567 1.2480092
v 0.0159658119 -0.0521020778 1.24471509
v 0.01919496 -0.05204308 1.24412537
v 0.0180452559 -0.0567 1.248711
v 0.01919496 -0.05204308 1.24412537
v 0.02253003 -0.0567 1.24666274
v 0.0180452559 -0.0567 1.248711
v 0.01919496 -0.05204308 1.24412537
v 0.0212428942 -0.05224479 1.24169958
v 0.02253003 -0.0567 1.24666274
v 0.0212428942 -0.05224479 1.24169958
v 0.0253523067 -0.0577997081 1.24255872
v 0.02253003 -0.0567 1.24666274
v 0.0212428942 -0.05224479 1.24169958
v 0.0251955632 -0.0567 1.23758483
v 0.0253523067 -0.0577997081 1.24255872
v 0.0212428942 -0.05224479 1.24169958
v 0.0212715324 -0.0520377345 1.2385124
v 0.0251955632 -0.0567 1.23758483
v 0.0212715324 -0.0520377345 1.2385124
v 0.02253003 -0.0567 1.23343706
v 0.0251955632 -0.0567 1.23758483
v 0.0212715324 -0.0520377345 1.2385124
v 0.0191987846 -0.0521009043 1.23596251
v 0.02253003 -0.0567 1.23343706
v 0.0191987846 -0.0521009043 1.23596251
v 0.0180452559 -0.0567 1.23138893
v 0.02253003 -0.0567 1.23343706
v 0.0191987846 -0.0521009043 1.23596251
v 0.015966082 -0.0521020852 1.23538482
v 0.0180452559 -0.0567 1.23138893
v 0.015966082 -0.0521020852 1.23538482
v 0.0131651172 -0.0567 1.23209059
v 0.0180452559 -0.0567 1.23138893
v 0.015966082 -0.0521020852 1.23538482
v 0.0131398328 -0.05204097 1.23705781
v 0.0131651172 -0.0567 1.23209059
v 0.0131398328 -0.05204097 1.23705781
v 0.009439027 -0.0567 1.23531926
v 0.0131651172 -0.0567 1.23209059
v 0.0131398328 -0.05204097 1.23705781
v 0.0120876767 -0.0521458425 1.24004984
v 0.009439027 -0.0567 1.23531926
v 0.008170847 -0.0580987968 1.2436372
v 0.007591467 -0.05809842 1.23881507
v 0.009439027 -0.0567 1.24478054
v 0.007591467 -0.05809842 1.23881507
v 0.0080499975 -0.0567 1.24004984
v 0.009439027 -0.0567 1.24478054
v 0.007591467 -0.05809842 1.23881507
v 0.009601378 -0.0580977 1.23439407
v 0.0080499975 -0.0567 1.24004984
v 0.009601378 -0.0580977 1.23439407
v 0.009439027 -0.0567 1.23531926
v 0.0080499975 -0.0567 1.24004984
v 0.009601378 -0.0580977 1.23439407
v 0.0131651172 -0.0567 1.23209059
v 0.009439027 -0.0567 1.23531926
v 0.008170847 -0.0580987968 1.2436372
v 0.009439027 -0.0567 1.24478054
v 0.0119429957 -0.0581000075 1.24782979
v 0.009439027 -0.0567 1.24478054
v 0.0131651172 -0.0567 1.2480092
v 0.0119429957 -0.0581000075 1.24782979
v 0.0131651172 -0.0567 1.2480092
v 0.0169986747 -0.0581000075 1.24921811
v 0.0119429957 -0.0581000075 1.24782979
v 0.0131651172 -0.0567 1.2480092
v 0.0180452559 -0.0567 1.248711
v 0.0169986747 -0.0581000075 1.24921811
v 0.0180452559 -0.0567 1.248711
v 0.02198791 -0.0581000075 1.24761057
v 0.0169986747 -0.0581000075 1.24921811
v 0.0180452559 -0.0567 1.248711
v 0.02253003 -0.0567 1.24666274
v 0.02198791 -0.0581000075 1.24761057
v 0.02253003 -0.0567 1.24666274
v 0.0253523067 -0.0577997081 1.24255872
v 0.02198791 -0.0581000075 1.24761057
v 0.0253523067 -0.0577997081 1.24255872
v 0.0251955632 -0.0567 1.23758483
v 0.0257716663 -0.0580980368 1.23810482
v 0.0251955632 -0.0567 1.23758483
v 0.0233116113 -0.05809796 1.23358023
v 0.0257716663 -0.0580980368 1.23810482
v 0.0251955632 -0.0567 1.23758483
v 0.02253003 -0.0567 1.23343706
v 0.0233116113 -0.05809796 1.23358023
v 0.02253003 -0.0567 1.23343706
v 0.018802736 -0.0580978841 1.23109281
v 0.0233116113 -0.05809796 1.23358023
v 0.02253003 -0.0567 1.23343706
v 0.0180452559 -0.0567 1.23138893
v 0.018802736 -0.0580978841 1.23109281
v 0.0180452559 -0.0567 1.23138893
v 0.01366505 -0.058097817 1.23142481
v 0.018802736 -0.0580978841 1.23109281
v 0.0180452559 -0.0567 1.23138893
v 0.0131651172 -0.0567 1.23209059
v 0.01366505 -0.058097817 1.23142481
v 0.0131651172 -0.0567 1.23209059
v 0.009601378 -0.0580977 1.23439407
v 0.01366505 -0.058097817 1.23142481
v 0.0257716663 -0.0580980368 1.23810482
v 0.0256338753 -0.0580999963 1.24387145
v 0.0253523067 -0.0577997081 1.24255872
v 0.0256338753 -0.0580999963 1.24387145
v 0.02198791 -0.0581000075 1.24761057
v 0.0253523067 -0.0577997081 1.24255872
v 0.0136195719 -0.0519673973 1.23052645
v 0.0139999995 -0.0552999973 1.23029816
v 0.0137957688 -0.0521855019 1.22261786
v 0.0139999995 -0.0552999973 1.23029816
v 0.0139999995 -0.0552999973 1.2225982
v 0.0137957688 -0.0521855019 1.22261786
v 0.005798361 -0.0657999963 1.24842227
v 0.00587365031 -0.0657999963 1.24652565
v 0.005825074 -0.06999999 1.24670827
v 0.00587365031 -0.0657999963 1.24652565
v 0.0040486 -0.0657999963 1.24539161
v 0.005825074 -0.06999999 1.24670827
v 0.0040486 -0.0657999963 1.24539161
v 0.0040486 -0.06999999 1.24539161
v 0.005825074 -0.06999999 1.24670827
v 0.0150502361 -0.0657999963 1.22633612
v 0.016655121 -0.0657999963 1.22734964
v 0.0150502361 -0.06999999 1.22633612
v 0.016655121 -0.0657999963 1.22734964
v 0.01694491 -0.06999999 1.22734964
v 0.0150502361 -0.06999999 1.22633612
v 0.016655121 -0.0657999963 1.22734964
v 0.0185497589 -0.0657999963 1.22633612
v 0.01694491 -0.06999999 1.22734964
v 0.0185497589 -0.0657999963 1.22633612
v 0.0185497589 -0.06999999 1.22633612
v 0.01694491 -0.06999999 1.22734964
v 0.00300281961 -0.0657999963 1.23917329
v 0.0040486 -0.0657999963 1.24539161
v -0.000414596347 -0.0656086355 1.23738933
v 0.00135879568 -0.0656487048 1.232306
v 0.0040486 -0.0657999963 1.24539161
v 0.00587365031 -0.0657999963 1.24652565
v 0.00120859453 -0.0657056347 1.24746275
v 0.005798361 -0.0657999963 1.24842227
v 0.005673298 -0.0657999963 1.25286973
v 0.005798361 -0.0657999963 1.24842227
v 0.009571076 -0.0657999963 1.25193417
v 0.005673298 -0.0657999963 1.25286973
v 0.0122136967 -0.0657999963 1.25639367
v 0.0168 -0.0658128262 1.22274029
v 0.0185497589 -0.0657999963 1.22633612
v 0.0150502361 -0.0657999963 1.22633612
v 0.016655121 -0.0657999963 1.22734964
v 0.0272324346 -0.0657999963 1.226659
v 0.0287728 -0.0657999963 1.23313749
v 0.0244577862 -0.0657999963 1.22853959
v 0.03227502 -0.0656468943 1.23238456
v 0.0305971745 -0.0657999963 1.23917329
v 0.03227502 -0.0656468943 1.23238456
v 0.0340145938 -0.06560863 1.23738933
v 0.0305971745 -0.0657999963 1.23917329
v 0.0295513961 -0.0657999963 1.24539161
v 0.0323913731 -0.0657056347 1.24746287
v 0.02777492 -0.0657999963 1.24670827
v 0.0295513961 -0.0657999963 1.24539161
v 0.0279266983 -0.0657999963 1.25286973
v 0.0279266983 -0.0657999963 1.25286973
v 0.02452411 -0.0657999963 1.25161839
v 0.02777492 -0.0657999963 1.24670827
v 0.0213862918 -0.0657999963 1.25639367
v 0.0295513961 -0.06999999 1.24539161
v 0.0305971745 -0.06999999 1.23917329
v 0.0295513961 -0.0657999963 1.24539161
v 0.0305971745 -0.0657999963 1.23917329
v 0.0287728 -0.06999999 1.23313749
v 0.0287728 -0.0657999963 1.23313749
v 0.0244577862 -0.06999999 1.22853959
v 0.0244577862 -0.0657999963 1.22853959
v 0.0185497589 -0.06999999 1.22633612
v 0.0185497589 -0.0657999963 1.22633612
v 0.0150502361 -0.06999999 1.22633612
v 0.009142208 -0.06999999 1.22853959
v 0.0150502361 -0.0657999963 1.22633612
v 0.009142208 -0.0657999963 1.22853959
v 0.004827197 -0.06999999 1.23313749
v 0.004827197 -0.0657999963 1.23313749
v 0.00300281961 -0.06999999 1.23917329
v 0.00300281961 -0.0657999963 1.23917329
v 0.0040486 -0.06999999 1.24539161
v 0.0040486 -0.0657999963 1.24539161
v 0.0232377034 -0.06987751 1.24710846
v 0.0278016329 -0.06999999 1.24842227
v 0.0240289234 -0.06999999 1.25193417
v 0.0277263429 -0.06999999 1.24652565
v 0.0256978218 -0.06987183 1.24353087
v 0.0295513961 -0.06999999 1.24539161
v 0.02562879 -0.06999999 1.23621678
v 0.0287728 -0.06999999 1.23313749
v 0.0305971745 -0.06999999 1.23917329
v 0.0220795088 -0.06999999 1.232002
v 0.0244577862 -0.06999999 1.22853959
v 0.0185497589 -0.06999999 1.22633612
v 0.01694491 -0.06999999 1.22734964
v 0.0168 -0.06999999 1.23042488
v 0.0115204854 -0.06999999 1.232002
v 0.0150502361 -0.06999999 1.22633612
v 0.009142208 -0.06999999 1.22853959
v 0.004827197 -0.06999999 1.23313749
v 0.007971206 -0.06999999 1.23621678
v 0.00300281961 -0.06999999 1.23917329
v 0.007902185 -0.06987183 1.24353087
v 0.0103262719 -0.06987326 1.24707
v 0.005825074 -0.06999999 1.24670827
v 0.009075894 -0.06999999 1.25161839
v 0.0323913731 -0.0657056347 1.24746287
v 0.0287314784 -0.0623529255 1.25456846
v 0.0279266983 -0.0657999963 1.25286973
v 0.0258679017 -0.06332547 1.25629163
v 0.03227502 -0.0656468943 1.23238456
v 0.0272324346 -0.0657999963 1.226659
v 0.0293597411 -0.0625836253 1.226208
v 0.0236477386 -0.0624782145 1.22265589
v 0.006367557 -0.0657999963 1.226659
v 0.0043104603 -0.0624971129 1.22618258
v 0.009952327 -0.062478222 1.22265589
v 0.00135879568 -0.0656487048 1.232306
v 0.005673298 -0.0657999963 1.25286973
v 0.00436630659 -0.062440116 1.25400019
v 0.00120859453 -0.0657056347 1.24746275
v 0.007582684 -0.06251636 1.25635254
v 0.00149300112 -0.0622999966 1.23121238
v -0.000414596347 -0.0656086355 1.23738933
v -0.000719768 -0.0518 1.2377125
v 0.00169089448 -0.0518 1.23087823
v 0.00641089724 -0.0622999966 1.22575068
v 0.00664156955 -0.0518 1.22558582
v 0.013125157 -0.0622999966 1.22276115
v 0.0137957688 -0.0521855019 1.22261786
v 0.0139999995 -0.0552999973 1.2225982
v -0.000414596347 -0.0656086355 1.23738933
v -0.000606476329 -0.0647111163 1.24311912
v -0.000185147146 -0.0518 1.2449398
v 0.00149300112 -0.0622999966 1.24888742
v 0.00320488261 -0.0518 1.251345
v 0.0204748381 -0.0622999966 1.22276115
v 0.01991608 -0.052098535 1.222641
v 0.0269584265 -0.0518 1.22558582
v 0.0271891 -0.0622999966 1.22575068
v 0.0319091 -0.0518 1.23087823
v 0.03210699 -0.0622999966 1.23121238
v 0.03431976 -0.0518 1.2377125
v 0.0340145938 -0.06560863 1.23738933
v 0.0342064761 -0.0647111163 1.24311912
v 0.0340145938 -0.06560863 1.23738933
v 0.033785142 -0.0518 1.2449398
v 0.03210699 -0.0622999966 1.24888742
v 0.0303951148 -0.0518 1.251345
v 0.00436630659 -0.062440116 1.25400019
v 0.007582684 -0.06251636 1.25635254
v 0.006168691 -0.0623016581 1.254372
v 0.0115260091 -0.0624169 1.25759089
v 0.0256978218 -0.06987183 1.24353087
v 0.0302609317 -0.0594460368 1.25116444
v 0.0256338753 -0.0580999963 1.24387145
v 0.0256338753 -0.0518 1.24387145
v 0.0303951148 -0.0518 1.251345
v 0.003339088 -0.059446048 1.25116444
v 0.007966118 -0.0518 1.24387145
v 0.00320488261 -0.0518 1.251345
v 0.008170847 -0.0580987968 1.2436372
v 0.007902185 -0.06987183 1.24353087
v 0.008170847 -0.0580987968 1.2436372
v 0.0119429957 -0.0581000075 1.24782979
v 0.007966118 -0.0518 1.24387145
v 0.01151514 -0.0518 1.2480942
v 0.0169986747 -0.0581000075 1.24921811
v 0.0168 -0.0518 1.24967492
v 0.02198791 -0.0581000075 1.24761057
v 0.0220848545 -0.0518 1.2480942
v 0.00664156955 -0.0518 1.22558582
v 0.00169089448 -0.0518 1.23087823
v 0.0136195719 -0.0519673973 1.23052645
v 0.0131398328 -0.05204097 1.23705781
v 0.00169089448 -0.0518 1.23087823
v -0.000719768 -0.0518 1.2377125
v 0.0131398328 -0.05204097 1.23705781
v 0.0120876767 -0.0521458425 1.24004984
v 0.007966118 -0.0518 1.24387145
v -0.000185147146 -0.0518 1.2449398
v 0.00320488261 -0.0518 1.251345
v -0.000719768 -0.0518 1.2377125
v 0.007966118 -0.0518 1.24387145
v 0.0120876767 -0.0521458425 1.24004984
v 0.0131332772 -0.05209848 1.24305344
v 0.01151514 -0.0518 1.2480942
v 0.0159658119 -0.0521020778 1.24471509
v 0.0168 -0.0518 1.24967492
v 0.0168 -0.0518 1.24967492
v 0.01919496 -0.05204308 1.24412537
v 0.0159658119 -0.0521020778 1.24471509
v 0.0220848545 -0.0518 1.2480942
v 0.0256338753 -0.0518 1.24387145
v 0.0212715324 -0.0520377345 1.2385124
v 0.03431976 -0.0518 1.2377125
v 0.0319091 -0.0518 1.23087823
v 0.0191987846 -0.0521009043 1.23596251
v 0.019889731 -0.05197848 1.23061109
v 0.0256338753 -0.0518 1.24387145
v 0.033785142 -0.0518 1.2449398
v 0.0303951148 -0.0518 1.251345
v 0.019889731 -0.05197848 1.23061109
v 0.0269584265 -0.0518 1.22558582
v 0.01991608 -0.052098535 1.222641
v 0.015966082 -0.0521020852 1.23538482
v 0.0136195719 -0.0519673973 1.23052645
v 0.0191987846 -0.0521009043 1.23596251
v 0.01991608 -0.052098535 1.222641
v 0.01953023 -0.0553018153 1.22245991
v 0.019889731 -0.05197848 1.23061109
v 0.0196 -0.0552999973 1.23029816
v 0.0139999995 -0.0552999973 1.2225982
v 0.0139999995 -0.0552999973 1.23029816
v 0.01953023 -0.0553018153 1.22245991
v 0.0196 -0.0552999973 1.23029816
v 0.019889731 -0.05197848 1.23061109
v 0.0196 -0.0552999973 1.23029816
v 0.0136195719 -0.0519673973 1.23052645
v 0.0139999995 -0.0552999973 1.23029816
v 0.0131507907 -0.0408532359 1.24351013
v 0.0126295313 -0.040586967 1.23800826
v 0.0114212157 -0.0414894037 1.24019313
v 0.0199208986 -0.0414213277 1.24456751
v 0.020970488 -0.040586967 1.24209154
v 0.01584532 -0.04079249 1.24494457
v 0.0199208986 -0.0414213277 1.24456751
v 0.0221787672 -0.0414894037 1.23990691
v 0.020970488 -0.040586967 1.24209154
v 0.0221787672 -0.0414894037 1.23990691
v 0.0204492249 -0.040853247 1.23658991
v 0.020970488 -0.040586967 1.24209154
v 0.0136790536 -0.0414213352 1.23553252
v 0.0126295313 -0.040586967 1.23800826
v 0.01775458 -0.04079247 1.23515546
v 0.0136790536 -0.0414213352 1.23553252
v 0.0114212157 -0.0414894037 1.24019313
v 0.0126295313 -0.040586967 1.23800826
v 0.0212178454 -0.0511000045 1.243124
v 0.0220162813 -0.0511000045 1.23872435
v 0.0221787672 -0.0414894037 1.23990691
v 0.0220162813 -0.0511000045 1.23872435
v 0.0204492249 -0.040853247 1.23658991
v 0.0221787672 -0.0414894037 1.23990691
v 0.0220162813 -0.0511000045 1.23872435
v 0.019777976 -0.0511000045 1.23566926
v 0.0204492249 -0.040853247 1.23658991
v 0.019777976 -0.0511000045 1.23566926
v 0.01775458 -0.04079247 1.23515546
v 0.0204492249 -0.040853247 1.23658991
v 0.019777976 -0.0511000045 1.23566926
v 0.016230071 -0.0511000045 1.23469818
v 0.01775458 -0.04079247 1.23515546
v 0.016230071 -0.0511000045 1.23469818
v 0.0136790536 -0.0414213352 1.23553252
v 0.01775458 -0.04079247 1.23515546
v 0.016230071 -0.0511000045 1.23469818
v 0.0118956091 -0.0511000045 1.23755872
v 0.0136790536 -0.0414213352 1.23553252
v 0.0118956091 -0.0511000045 1.23755872
v 0.0114212157 -0.0414894037 1.24019313
v 0.0136790536 -0.0414213352 1.23553252
v 0.0118956091 -0.0511000045 1.23755872
v 0.0124964239 -0.0511000045 1.24347615
v 0.0114212157 -0.0414894037 1.24019313
v 0.0124964239 -0.0511000045 1.24347615
v 0.0131507907 -0.0408532359 1.24351013
v 0.0114212157 -0.0414894037 1.24019313
v 0.0124964239 -0.0511000045 1.24347615
v 0.01584532 -0.04079249 1.24494457
v 0.0131507907 -0.0408532359 1.24351013
v 0.0124964239 -0.0511000045 1.24347615
v 0.0173699241 -0.0511000045 1.24540186
v 0.01584532 -0.04079249 1.24494457
v 0.0173699241 -0.0511000045 1.24540186
v 0.0199208986 -0.0414213277 1.24456751
v 0.01584532 -0.04079249 1.24494457
v 0.0173699241 -0.0511000045 1.24540186
v 0.0212178454 -0.0511000045 1.243124
v 0.0199208986 -0.0414213277 1.24456751
v 0.0212178454 -0.0511000045 1.243124
v 0.0221787672 -0.0414894037 1.23990691
v 0.0199208986 -0.0414213277 1.24456751
v 0.01929879 -0.0511000045 1.23629916
v 0.016230071 -0.0511000045 1.23469818
v 0.019777976 -0.0511000045 1.23566926
v 0.019777976 -0.0511000045 1.23566926
v 0.0220162813 -0.0511000045 1.23872435
v 0.02130331 -0.0511000045 1.23986685
v 0.0212178454 -0.0511000045 1.243124
v 0.01959503 -0.0511000045 1.24358571
v 0.0173699241 -0.0511000045 1.24540186
v 0.0148921572 -0.0511000045 1.24426341
v 0.01929879 -0.0511000045 1.23629916
v 0.01598369 -0.0511000045 1.235704
v 0.016230071 -0.0511000045 1.23469818
v 0.0124539491 -0.0511000045 1.24086642
v 0.0124964239 -0.0511000045 1.24347615
v 0.0118956091 -0.0511000045 1.23755872
v 0.0124539491 -0.0511000045 1.24086642
v 0.0148921572 -0.0511000045 1.24426341
v 0.0124964239 -0.0511000045 1.24347615
v 0.0130491005 -0.0511000045 1.23755121
v 0.0118956091 -0.0511000045 1.23755872
v 0.016230071 -0.0511000045 1.23469818
v 0.01598369 -0.0511000045 1.235704
v 0.0148921572 -0.0511000045 1.24426341
v 0.0173699241 -0.0511000045 1.24540186
v 0.0124964239 -0.0511000045 1.24347615
v 0.0124539491 -0.0511000045 1.24086642
v 0.0130491005 -0.0511000045 1.23755121
v 0.0124704354 -0.05283627 1.241288
v 0.0130491005 -0.0511000045 1.23755121
v 0.0129153458 -0.052838143 1.23793912
v 0.0124704354 -0.05283627 1.241288
v 0.0130491005 -0.0511000045 1.23755121
v 0.0155620705 -0.0528362766 1.2357204
v 0.0129153458 -0.052838143 1.23793912
v 0.0130491005 -0.0511000045 1.23755121
v 0.01598369 -0.0511000045 1.235704
v 0.0155620705 -0.0528362766 1.2357204
v 0.01598369 -0.0511000045 1.235704
v 0.01929879 -0.0511000045 1.23629916
v 0.0155620705 -0.0528362766 1.2357204
v 0.01929879 -0.0511000045 1.23629916
v 0.018911086 -0.0528381951 1.2361654
v 0.0155620705 -0.0528362766 1.2357204
v 0.01929879 -0.0511000045 1.23629916
v 0.0211295485 -0.0528362654 1.23881209
v 0.018911086 -0.0528381951 1.2361654
v 0.01929879 -0.0511000045 1.23629916
v 0.02130331 -0.0511000045 1.23986685
v 0.0211295485 -0.0528362654 1.23881209
v 0.02130331 -0.0511000045 1.23986685
v 0.0206846744 -0.0528381355 1.24216092
v 0.0211295485 -0.0528362654 1.23881209
v 0.02130331 -0.0511000045 1.23986685
v 0.01959503 -0.0511000045 1.24358571
v 0.0206846744 -0.0528381355 1.24216092
v 0.01959503 -0.0511000045 1.24358571
v 0.0180381481 -0.052836284 1.24437952
v 0.0206846744 -0.0528381355 1.24216092
v 0.01959503 -0.0511000045 1.24358571
v 0.0148921572 -0.0511000045 1.24426341
v 0.0180381481 -0.052836284 1.24437952
v 0.0148921572 -0.0511000045 1.24426341
v 0.0146890329 -0.0528381467 1.24393463
v 0.0180381481 -0.052836284 1.24437952
v 0.0148921572 -0.0511000045 1.24426341
v 0.0124704354 -0.05283627 1.241288
v 0.0146890329 -0.0528381467 1.24393463
v 0.0148921572 -0.0511000045 1.24426341
v 0.0124539491 -0.0511000045 1.24086642
v 0.0124704354 -0.05283627 1.241288
v 0.007914452 -0.057226833 1.24023092
v 0.0105742859 -0.05720229 1.24656117
v 0.0124704354 -0.05283627 1.241288
v 0.0105742859 -0.05720229 1.24656117
v 0.0146890329 -0.0528381467 1.24393463
v 0.0124704354 -0.05283627 1.241288
v 0.0105742859 -0.05720229 1.24656117
v 0.0169809423 -0.0572269075 1.24893558
v 0.0146890329 -0.0528381467 1.24393463
v 0.0169809423 -0.0572269075 1.24893558
v 0.0180381481 -0.052836284 1.24437952
v 0.0146890329 -0.0528381467 1.24393463
v 0.0169809423 -0.0572269075 1.24893558
v 0.0210987721 -0.05783387 1.2479763
v 0.0180381481 -0.052836284 1.24437952
v 0.0210987721 -0.05783387 1.2479763
v 0.0206846744 -0.0528381355 1.24216092
v 0.0180381481 -0.052836284 1.24437952
v 0.0210987721 -0.05783387 1.2479763
v 0.0243170224 -0.0572251454 1.24462473
v 0.0206846744 -0.0528381355 1.24216092
v 0.0243170224 -0.0572251454 1.24462473
v 0.0256855451 -0.057226833 1.239869
v 0.0206846744 -0.0528381355 1.24216092
v 0.0256855451 -0.057226833 1.239869
v 0.0211295485 -0.0528362654 1.23881209
v 0.0206846744 -0.0528381355 1.24216092
v 0.0256855451 -0.057226833 1.239869
v 0.02302565 -0.057202328 1.23353863
v 0.0211295485 -0.0528362654 1.23881209
v 0.02302565 -0.057202328 1.23353863
v 0.018911086 -0.0528381951 1.2361654
v 0.0211295485 -0.0528362654 1.23881209
v 0.02302565 -0.057202328 1.23353863
v 0.0166190937 -0.057226833 1.23116434
v 0.018911086 -0.0528381951 1.2361654
v 0.0166190937 -0.057226833 1.23116434
v 0.0155620705 -0.0528362766 1.2357204
v 0.018911086 -0.0528381951 1.2361654
v 0.0166190937 -0.057226833 1.23116434
v 0.0102886688 -0.0572023168 1.23382437
v 0.0155620705 -0.0528362766 1.2357204
v 0.0102886688 -0.0572023168 1.23382437
v 0.0129153458 -0.052838143 1.23793912
v 0.0155620705 -0.0528362766 1.2357204
v 0.0102886688 -0.0572023168 1.23382437
v 0.007914452 -0.057226833 1.24023092
v 0.0129153458 -0.052838143 1.23793912
v 0.007914452 -0.057226833 1.24023092
v 0.0124704354 -0.05283627 1.241288
v 0.0129153458 -0.052838143 1.23793912
v 0.0242724661 -0.0581000075 1.24508929
v 0.02551811 -0.0581000075 1.23832035
v 0.0256855451 -0.057226833 1.239869
v 0.02551811 -0.0581000075 1.23832035
v 0.02302565 -0.057202328 1.23353863
v 0.0256855451 -0.057226833 1.239869
v 0.02551811 -0.0581000075 1.23832035
v 0.0218394268 -0.0581000075 1.23257756
v 0.02302565 -0.057202328 1.23353863
v 0.0218394268 -0.0581000075 1.23257756
v 0.0166190937 -0.057226833 1.23116434
v 0.02302565 -0.057202328 1.23353863
v 0.0218394268 -0.0581000075 1.23257756
v 0.0159908663 -0.0581000075 1.23128808
v 0.0166190937 -0.057226833 1.23116434
v 0.0159908663 -0.0581000075 1.23128808
v 0.0114589278 -0.0581000075 1.2329458
v 0.0166190937 -0.057226833 1.23116434
v 0.0114589278 -0.0581000075 1.2329458
v 0.0102886688 -0.0572023168 1.23382437
v 0.0166190937 -0.057226833 1.23116434
v 0.0114589278 -0.0581000075 1.2329458
v 0.008194786 -0.0581000075 1.23782575
v 0.0102886688 -0.0572023168 1.23382437
v 0.008194786 -0.0581000075 1.23782575
v 0.007914452 -0.057226833 1.24023092
v 0.0102886688 -0.0572023168 1.23382437
v 0.008194786 -0.0581000075 1.23782575
v 0.00901748147 -0.0581000075 1.24459589
v 0.007914452 -0.057226833 1.24023092
v 0.00901748147 -0.0581000075 1.24459589
v 0.0105742859 -0.05720229 1.24656117
v 0.007914452 -0.057226833 1.24023092
v 0.00901748147 -0.0581000075 1.24459589
v 0.0145756342 -0.0581000075 1.2486552
v 0.0105742859 -0.05720229 1.24656117
v 0.0145756342 -0.0581000075 1.2486552
v 0.0169809423 -0.0572269075 1.24893558
v 0.0105742859 -0.05720229 1.24656117
v 0.0145756342 -0.0581000075 1.2486552
v 0.0210987721 -0.05783387 1.2479763
v 0.0169809423 -0.0572269075 1.24893558
v 0.0242724661 -0.0581000075 1.24508929
v 0.0243170224 -0.0572251454 1.24462473
v 0.0210987721 -0.05783387 1.2479763
v 0.0242724661 -0.0581000075 1.24508929
v 0.0256855451 -0.057226833 1.239869
v 0.0243170224 -0.0572251454 1.24462473
v 0.0242724661 -0.0581000075 1.24508929
v 0.0228277165 -0.0580999963 1.24113727
v 0.0229035318 -0.0581000075 1.23900867
v 0.0152394036 -0.0581000075 1.23833573
v 0.0107722785 -0.0580999963 1.23896265
v 0.0114589278 -0.0581000075 1.2329458
v 0.0106964614 -0.0581000075 1.24109149
v 0.00901748147 -0.0581000075 1.24459589
v 0.008194786 -0.0581000075 1.23782575
v 0.0157126859 -0.0580999963 1.24607778
v 0.0145756342 -0.0581000075 1.2486552
v 0.0150857791 -0.0581000075 1.24161065
v 0.00901748147 -0.0581000075 1.24459589
v 0.0106964614 -0.0581000075 1.24109149
v 0.0157126859 -0.0580999963 1.24607778
v 0.0178414173 -0.0581000075 1.24615359
v 0.0145756342 -0.0581000075 1.2486552
v 0.0183605645 -0.0581000075 1.24176443
v 0.0242724661 -0.0581000075 1.24508929
v 0.0228277165 -0.0580999963 1.24113727
v 0.0178414173 -0.0581000075 1.24615359
v 0.0210987721 -0.05783387 1.2479763
v 0.0145756342 -0.0581000075 1.2486552
v 0.0178414173 -0.0581000075 1.24615359
v 0.0242724661 -0.0581000075 1.24508929
v 0.0210987721 -0.05783387 1.2479763
v 0.0106964614 -0.055475004 1.23900867
v 0.0106964614 -0.0581000075 1.24109149
v 0.0107722785 -0.0580999963 1.23896265
v 0.0106964614 -0.0581000075 1.24109149
v 0.0106964614 -0.055475004 1.23900867
v 0.0107722785 -0.055475 1.24113727
v 0.0150857475 -0.055475004 1.23848927
v 0.0152394036 -0.0581000075 1.23833573
v 0.0157126859 -0.055475 1.23402226
v 0.0152394036 -0.0581000075 1.23833573
v 0.0157585815 -0.0581000075 1.23394644
v 0.0157126859 -0.055475 1.23402226
v 0.0157585815 -0.0581000075 1.23394644
v 0.0178414118 -0.055475004 1.23394644
v 0.0157126859 -0.055475 1.23402226
v 0.0178414118 -0.055475004 1.23394644
v 0.0157585815 -0.0581000075 1.23394644
v 0.0178873073 -0.0580999963 1.23402226
v 0.0229035318 -0.055475004 1.24109149
v 0.0229035318 -0.0581000075 1.23900867
v 0.0228277165 -0.0580999963 1.24113727
v 0.0229035318 -0.0581000075 1.23900867
v 0.0229035318 -0.055475004 1.24109149
v 0.0228277165 -0.055475 1.23896265
v 0.0157585777 -0.055475004 1.24615359
v 0.0178414173 -0.0581000075 1.24615359
v 0.0157126859 -0.0580999963 1.24607778
v 0.0178414173 -0.0581000075 1.24615359
v 0.0157585777 -0.055475004 1.24615359
v 0.0178873073 -0.055475 1.24607778
v 0.0107722785 -0.055475 1.24113727
v 0.0106964614 -0.055475004 1.23900867
v 0.0152394194 -0.055475004 1.24176419
v 0.0106964614 -0.055475004 1.23900867
v 0.0150857475 -0.055475004 1.23848927
v 0.0152394194 -0.055475004 1.24176419
v 0.0183606 -0.055475004 1.23833573
v 0.0229035318 -0.055475004 1.24109149
v 0.0185142159 -0.055475004 1.24161065
v 0.0183606 -0.055475004 1.23833573
v 0.0228277165 -0.055475 1.23896265
v 0.0229035318 -0.055475004 1.24109149
v 0.0126295313 -0.040586967 1.23800826
v 0.020970488 -0.040586967 1.24209154
v 0.0204492249 -0.040853247 1.23658991
v 0.01775458 -0.04079247 1.23515546
v 0.0126295313 -0.040586967 1.23800826
v 0.0131507907 -0.0408532359 1.24351013
v 0.020970488 -0.040586967 1.24209154
v 0.01584532 -0.04079249 1.24494457
v 0.02551811 -0.0581000075 1.23832035
v 0.0242724661 -0.0581000075 1.24508929
v 0.0229035318 -0.0581000075 1.23900867
v 0.0218394268 -0.0581000075 1.23257756
v 0.0178873073 -0.0580999963 1.23402226
v 0.0157585815 -0.0581000075 1.23394644
v 0.0152394036 -0.0581000075 1.23833573
v 0.0114589278 -0.0581000075 1.2329458
v 0.0159908663 -0.0581000075 1.23128808
v 0.0218394268 -0.0581000075 1.23257756
v 0.0107722785 -0.0580999963 1.23896265
v 0.008194786 -0.0581000075 1.23782575
v 0.0106964614 -0.0581000075 1.24109149
v 0.0185142457 -0.0581000075 1.23848939
v 0.0178873073 -0.0580999963 1.23402226
v 0.0229035318 -0.0581000075 1.23900867
v 0.0106964614 -0.0581000075 1.24109149
v 0.0107722785 -0.055475 1.24113727
v 0.0150857791 -0.0581000075 1.24161065
v 0.0152394194 -0.055475004 1.24176419
v 0.0106964614 -0.055475004 1.23900867
v 0.0107722785 -0.0580999963 1.23896265
v 0.0150857475 -0.055475004 1.23848927
v 0.0152394036 -0.0581000075 1.23833573
v 0.0178414118 -0.055475004 1.23394644
v 0.0178873073 -0.0580999963 1.23402226
v 0.0183606 -0.055475004 1.23833573
v 0.0185142457 -0.0581000075 1.23848939
v 0.0183606 -0.055475004 1.23833573
v 0.0185142457 -0.0581000075 1.23848939
v 0.0228277165 -0.055475 1.23896265
v 0.0229035318 -0.0581000075 1.23900867
v 0.0183605645 -0.0581000075 1.24176443
v 0.0185142159 -0.055475004 1.24161065
v 0.0228277165 -0.0580999963 1.24113727
v 0.0229035318 -0.055475004 1.24109149
v 0.0178414173 -0.0581000075 1.24615359
v 0.0178873073 -0.055475 1.24607778
v 0.0183605645 -0.0581000075 1.24176443
v 0.0185142159 -0.055475004 1.24161065
v 0.0150857791 -0.0581000075 1.24161065
v 0.0152394194 -0.055475004 1.24176419
v 0.0157126859 -0.0580999963 1.24607778
v 0.0157585777 -0.055475004 1.24615359
v 0.0157585777 -0.055475004 1.24615359
v 0.0185142159 -0.055475004 1.24161065
v 0.0178873073 -0.055475 1.24607778
v 0.0152394194 -0.055475004 1.24176419
v 0.0150857475 -0.055475004 1.23848927
v 0.0183606 -0.055475004 1.23833573
v 0.0178414118 -0.055475004 1.23394644
v 0.0157126859 -0.055475 1.23402226
v -0.00726686558 0.001907432 1.16304994
v -0.0123954695 0.00420460571 1.16304994
v -0.007581548 0.00245247781 1.15604985
v -0.0123954695 0.00420460571 1.16304994
v -0.0112 0.0042 1.15604985
v -0.007581548 0.00245247781 1.15604985
v -0.0123954695 0.00420460571 1.16304994
v -0.0151331369 0.00190743012 1.15604985
v -0.0112 0.0042 1.15604985
v -0.0123954695 0.00420460571 1.16304994
v -0.01554832 -0.000447187427 1.16304994
v -0.0151331369 0.00190743012 1.15604985
v -0.01554832 -0.000447187427 1.16304994
v -0.0137614356 -0.00354216 1.15604985
v -0.0151331369 0.00190743012 1.15604985
v -0.01554832 -0.000447187427 1.16304994
v -0.011514686 -0.00435991073 1.16304994
v -0.0137614356 -0.00354216 1.15604985
v -0.011514686 -0.00435991073 1.16304994
v -0.008156439 -0.00313760922 1.15604985
v -0.0137614356 -0.00354216 1.15604985
v -0.011514686 -0.00435991073 1.16304994
v -0.00756269135 -0.0021 1.16304994
v -0.008156439 -0.00313760922 1.15604985
v -0.00756269135 -0.0021 1.16304994
v -0.00726686558 0.001907432 1.16304994
v -0.008156439 -0.00313760922 1.15604985
v -0.00726686558 0.001907432 1.16304994
v -0.007581548 0.00245247781 1.15604985
v -0.008156439 -0.00313760922 1.15604985
v -0.0008411514 0.0672 1.249102
v 0.00490744924 0.0672 1.23140955
v 0.004907491 0.0742 1.23140955
v 0.0122574484 0.0672 1.22606945
v 0.004907491 0.0742 1.23140955
v 0.0122574484 0.07419999 1.22606945
v 0.0213425513 0.0672 1.22606945
v 0.0213425513 0.07419999 1.22606945
v 0.0286925454 0.0672 1.23140955
v 0.0286925454 0.07419999 1.23140955
v 0.0344411545 0.0672 1.24910188
v 0.0286925454 0.07419999 1.23140955
v 0.0344411545 0.0672 1.24910188
v 0.0344411619 0.0742 1.249102
v -0.0008411514 0.0672 1.249102
v 0.004907491 0.0742 1.23140955
v -0.000841141 0.07419999 1.24910188
v 0.0128106466 -0.0672 1.21026313
v 0.0128106726 -0.0742 1.21383679
v 0.0143475328 -0.0742 1.2084316
v 0.0128106466 -0.0672 1.21026313
v 0.0143475328 -0.0672 1.21566844
v 0.0128106726 -0.0742 1.21383679
v 0.0143475328 -0.0672 1.21566844
v 0.017866984 -0.0742 1.216289
v 0.0128106726 -0.0742 1.21383679
v 0.0143475328 -0.0672 1.21566844
v 0.0189 -0.0672 1.21568727
v 0.017866984 -0.0742 1.216289
v 0.0189 -0.0672 1.21568727
v 0.0211599022 -0.0672 1.21236467
v 0.017866984 -0.0742 1.216289
v 0.0211599022 -0.0672 1.21236467
v 0.0211599022 -0.0742 1.21173537
v 0.017866984 -0.0742 1.216289
v 0.0211599022 -0.0672 1.21236467
v 0.017866984 -0.0672 1.207811
v 0.0211599022 -0.0742 1.21173537
v 0.017866984 -0.0672 1.207811
v 0.0189 -0.07419999 1.20841265
v 0.0211599022 -0.0742 1.21173537
v 0.017866984 -0.0672 1.207811
v 0.0143475328 -0.0742 1.2084316
v 0.0189 -0.07419999 1.20841265
v 0.017866984 -0.0672 1.207811
v 0.0128106466 -0.0672 1.21026313
v 0.0143475328 -0.0742 1.2084316
v 0.03444116 -0.0672 1.249102
v 0.0286925025 -0.0742 1.23140955
v 0.0344411358 -0.07419999 1.24910188
v 0.03444116 -0.0672 1.249102
v 0.0286925454 -0.0672 1.23140955
v 0.0286925025 -0.0742 1.23140955
v 0.0213425513 -0.0672 1.22606945
v 0.0286925025 -0.0742 1.23140955
v 0.0213425513 -0.07419999 1.22606945
v 0.0122574484 -0.0672 1.22606945
v 0.0122574484 -0.07419999 1.22606945
v 0.00490744924 -0.0672 1.23140955
v 0.00490744924 -0.07419999 1.23140955
v -0.0008411514 -0.0672 1.24910188
v 0.00490744924 -0.07419999 1.23140955
v -0.0008411514 -0.0672 1.24910188
v -0.000841164438 -0.0742 1.249102
v -0.0287 -0.07419999 1.17004991
v 0.0143475328 -0.0742 1.2084316
v 0.0128106726 -0.0742 1.21383679
v 0.0128106726 -0.0742 1.21383679
v 0.017866984 -0.0742 1.216289
v 0.0122574484 -0.07419999 1.22606945
v 0.017866984 -0.0742 1.216289
v 0.0211599022 -0.0742 1.21173537
v 0.0213425513 -0.07419999 1.22606945
v 0.0622999966 -0.07419999 1.17004991
v 0.0189 -0.07419999 1.20841265
v 0.0143475328 -0.0742 1.2084316
v 0.0622999966 -0.06700208 1.16786933
v 0.0622999966 -0.0626583844 1.163273
v -0.0287 -0.0669768453 1.16759133
v 0.0622999966 -0.0626583844 1.163273
v -0.0287 -0.062224675 1.16316056
v -0.0287 -0.0669768453 1.16759133
v -0.0112 0.0042 1.15604985
v -0.0151331369 0.00190743012 1.15604985
v -0.0287 0.060200002 1.15604985
v -0.0151331369 0.00190743012 1.15604985
v -0.0287 -0.060200002 1.15604985
v -0.0137614356 -0.00354216 1.15604985
v -0.008156439 -0.00313760922 1.15604985
v 0.0040694247 -0.007349999 1.15604985
v 0.00232332246 0.00255262712 1.15604985
v 0.011772301 -0.0138134807 1.15604985
v 0.0622999966 -0.060200002 1.15604985
v 0.0218276922 -0.0138134807 1.15604985
v 0.0295305718 -0.007349999 1.15604985
v 0.0312766731 0.00255262712 1.15604985
v 0.0622999966 0.060200002 1.15604985
v 0.0262489747 0.0112608541 1.15604985
v 0.0168 0.0146999983 1.15604985
v 0.00735102128 0.0112608541 1.15604985
v -0.0112 0.0042 1.15604985
v -0.007581548 0.00245247781 1.15604985
v 0.00232332246 0.00255262712 1.15604985
v -0.0151331369 0.00190743012 1.15604985
v -0.0137614356 -0.00354216 1.15604985
v -0.0287 -0.060200002 1.15604985
v 0.0622999966 -0.060200002 1.15604985
v 0.0622999966 0.060200002 1.15604985
v 0.0622999966 -0.0626583844 1.163273
v 0.0622999966 0.060200002 1.15604985
v 0.0622999966 0.0623802878 1.16324782
v 0.0622999966 -0.0626583844 1.163273
v 0.0622999966 0.0623802878 1.16324782
v 0.0622999966 0.06692431 1.1675148
v -0.0287 0.06256872 1.16321146
v 0.0622999966 0.06692431 1.1675148
v -0.0287 0.06700207 1.16786921
v -0.0287 0.06256872 1.16321146
v 0.0622999966 -0.0626583844 1.163273
v 0.0312766731 0.00255262712 1.16304994
v 0.0295305718 -0.007349999 1.16304994
v 0.0622999966 -0.0626583844 1.163273
v 0.0218276922 -0.0138134807 1.16304994
v -0.0287 -0.062224675 1.16316056
v 0.011772301 -0.0138134807 1.16304994
v 0.0040694247 -0.007349999 1.16304994
v -0.011514686 -0.00435991073 1.16304994
v -0.00756269135 -0.0021 1.16304994
v -0.011514686 -0.00435991073 1.16304994
v -0.01554832 -0.000447187427 1.16304994
v -0.0287 0.06256872 1.16321146
v 0.0622999966 0.0623802878 1.16324782
v 0.0312766731 0.00255262712 1.16304994
v 0.0262489747 0.0112608541 1.16304994
v 0.0168 0.0146999983 1.16304994
v 0.00735102128 0.0112608541 1.16304994
v -0.0123954695 0.00420460571 1.16304994
v -0.00726686558 0.001907432 1.16304994
v 0.00232332246 0.00255262712 1.16304994
v -0.00756269135 -0.0021 1.16304994
v 0.0040694247 -0.007349999 1.16304994
v -0.0287 0.06256872 1.16321146
v -0.01554832 -0.000447187427 1.16304994
v -0.0123954695 0.00420460571 1.16304994
v 0.0168 0.0146999983 1.16304994
v 0.0168 0.0146999983 1.15604985
v 0.0262489747 0.0112608541 1.15604985
v 0.0262489747 0.0112608541 1.16304994
v 0.0312766731 0.00255262712 1.15604985
v 0.0312766731 0.00255262712 1.16304994
v 0.0295305718 -0.007349999 1.15604985
v 0.0295305718 -0.007349999 1.16304994
v 0.0218276922 -0.0138134807 1.15604985
v 0.0218276922 -0.0138134807 1.16304994
v 0.011772301 -0.0138134807 1.15604985
v 0.011772301 -0.0138134807 1.16304994
v 0.0040694247 -0.007349999 1.15604985
v 0.0040694247 -0.007349999 1.16304994
v 0.00232332246 0.00255262712 1.15604985
v 0.00232332246 0.00255262712 1.16304994
v 0.00735102128 0.0112608541 1.15604985
v 0.00735102128 0.0112608541 1.16304994
v 0.0168 0.0146999983 1.15604985
v 0.0168 0.0146999983 1.16304994
v 0.0344411545 0.0672 1.24910188
v 0.0421411358 0.0672 1.25469625
v 0.0344411619 0.0742 1.249102
v 0.0421411358 0.07419999 1.25469625
v 0.0516588576 0.0672 1.25469625
v 0.0516588576 0.07419999 1.25469625
v 0.05935886 0.0672 1.24910188
v 0.05935886 0.07419999 1.24910188
v 0.0622999966 0.0672 1.24004984
v 0.0622999966 0.07419999 1.24004984
v -0.0287 0.0672 1.24004984
v -0.0257588625 0.0672 1.24910188
v -0.0287 0.07419999 1.24004984
v -0.0257588625 0.07419999 1.24910188
v -0.01805886 0.0672 1.25469625
v -0.01805886 0.07419999 1.25469625
v -0.008541138 0.0672 1.25469625
v -0.008541138 0.07419999 1.25469625
v -0.0008411514 0.0672 1.249102
v -0.000841141 0.07419999 1.24910188
v 0.0622999966 0.0672 1.24004984
v 0.0622999966 0.06692431 1.1675148
v 0.0622999966 0.07419999 1.24004984
v 0.0622999966 0.07419999 1.17004991
v 0.0516588576 0.07419999 1.25469625
v 0.05935886 0.07419999 1.24910188
v 0.0421411358 0.07419999 1.25469625
v 0.0344411619 0.0742 1.249102
v 0.0622999966 0.07419999 1.24004984
v 0.0286925454 0.07419999 1.23140955
v 0.0622999966 0.07419999 1.17004991
v 0.0213425513 0.07419999 1.22606945
v 0.0122574484 0.07419999 1.22606945
v -0.0287 0.07419999 1.17004991
v 0.004907491 0.0742 1.23140955
v -0.0287 0.07419999 1.24004984
v -0.0257588625 0.07419999 1.24910188
v -0.000841141 0.07419999 1.24910188
v -0.01805886 0.07419999 1.25469625
v -0.008541138 0.07419999 1.25469625
v 0.0622999966 -0.0672 1.24004984
v 0.05935886 -0.0672 1.24910188
v 0.0622999966 -0.07419999 1.24004984
v 0.05935886 -0.07419999 1.24910188
v 0.0516588576 -0.0672 1.25469625
v 0.0516588576 -0.07419999 1.25469625
v 0.0421411358 -0.0672 1.25469625
v 0.0421411358 -0.07419999 1.25469625
v 0.03444116 -0.0672 1.249102
v 0.0344411358 -0.07419999 1.24910188
v -0.0008411514 -0.0672 1.24910188
v -0.008541138 -0.0672 1.25469625
v -0.000841164438 -0.0742 1.249102
v -0.008541138 -0.07419999 1.25469625
v -0.01805886 -0.0672 1.25469625
v -0.01805886 -0.07419999 1.25469625
v -0.0257588625 -0.0672 1.24910188
v -0.0257588625 -0.07419999 1.24910188
v -0.0287 -0.0672 1.24004984
v -0.0287 -0.07419999 1.24004984
v -0.01805886 -0.07419999 1.25469625
v -0.0257588625 -0.07419999 1.24910188
v -0.008541138 -0.07419999 1.25469625
v -0.000841164438 -0.0742 1.249102
v -0.0287 -0.07419999 1.24004984
v 0.00490744924 -0.07419999 1.23140955
v 0.0128106726 -0.0742 1.21383679
v 0.0122574484 -0.07419999 1.22606945
v -0.0287 -0.07419999 1.17004991
v 0.017866984 -0.0742 1.216289
v 0.0213425513 -0.07419999 1.22606945
v 0.0622999966 -0.07419999 1.17004991
v 0.0143475328 -0.0742 1.2084316
v 0.0211599022 -0.0742 1.21173537
v 0.0189 -0.07419999 1.20841265
v 0.0622999966 -0.07419999 1.24004984
v 0.0286925025 -0.0742 1.23140955
v 0.05935886 -0.07419999 1.24910188
v 0.0344411358 -0.07419999 1.24910188
v 0.0516588576 -0.07419999 1.25469625
v 0.0421411358 -0.07419999 1.25469625
v 0.0622999966 -0.07419999 1.24004984
v 0.0622999966 -0.07419999 1.17004991
v 0.0622999966 -0.0672 1.24004984
v 0.0622999966 -0.06700208 1.16786933
v -0.0287 -0.0669768453 1.16759133
v -0.0287 -0.07232435 1.16304994
v -0.0287 -0.07419999 1.17004991
v -0.0287 -0.062224675 1.16316056
v -0.0287 -0.0672 1.15792561
v -0.0287 -0.060200002 1.15604985
v -0.0287 -0.0672 1.24004984
v -0.0287 -0.0669768453 1.16759133
v -0.0287 -0.07419999 1.24004984
v -0.0287 -0.07419999 1.17004991
v -0.008541138 -0.0672 1.25469625
v -0.0008411514 -0.0672 1.24910188
v -0.01805886 -0.0672 1.25469625
v -0.0257588625 -0.0672 1.24910188
v -0.0287 -0.0672 1.24004984
v 0.00490744924 -0.0672 1.23140955
v 0.0128106466 -0.0672 1.21026313
v 0.0143475328 -0.0672 1.21566844
v 0.0122574484 -0.0672 1.22606945
v 0.0213425513 -0.0672 1.22606945
v 0.0189 -0.0672 1.21568727
v 0.0211599022 -0.0672 1.21236467
v 0.0286925454 -0.0672 1.23140955
v 0.0622999966 -0.0672 1.24004984
v 0.03444116 -0.0672 1.249102
v 0.0622999966 -0.06700208 1.16786933
v 0.05935886 -0.0672 1.24910188
v 0.0421411358 -0.0672 1.25469625
v 0.0516588576 -0.0672 1.25469625
v 0.017866984 -0.0672 1.207811
v -0.0287 -0.0669768453 1.16759133
v 0.0128106466 -0.0672 1.21026313
v 0.0622999966 -0.07419999 1.17004991
v 0.0622999966 -0.07232435 1.16304994
v 0.0622999966 -0.06700208 1.16786933
v 0.0622999966 -0.0626583844 1.163273
v 0.0622999966 -0.0672 1.15792561
v 0.0622999966 -0.060200002 1.15604985
v -0.0287 -0.07419999 1.17004991
v -0.0287 -0.07232435 1.16304994
v 0.0622999966 -0.07419999 1.17004991
v 0.0622999966 -0.07232435 1.16304994
v -0.0287 -0.0672 1.15792561
v 0.0622999966 -0.0672 1.15792561
v -0.0287 -0.060200002 1.15604985
v 0.0622999966 -0.060200002 1.15604985
v -0.0287 0.060200002 1.15604985
v -0.0287 0.06256872 1.16321146
v -0.0287 0.0672 1.15792561
v -0.0287 0.07232435 1.16304994
v -0.0287 0.06700207 1.16786921
v -0.0287 0.07419999 1.17004991
v -0.0287 -0.062224675 1.16316056
v -0.0287 0.06256872 1.16321146
v -0.0287 -0.060200002 1.15604985
v -0.0287 0.060200002 1.15604985
v -0.0287 0.07419999 1.24004984
v -0.0287 0.07419999 1.17004991
v -0.0287 0.0672 1.24004984
v -0.0287 0.06700207 1.16786921
v 0.0622999966 0.060200002 1.15604985
v 0.0622999966 0.0672 1.15792561
v 0.0622999966 0.0623802878 1.16324782
v 0.0622999966 0.07232435 1.16304994
v 0.0622999966 0.06692431 1.1675148
v 0.0622999966 0.07419999 1.17004991
v -0.0287 0.060200002 1.15604985
v -0.0287 0.0672 1.15792561
v 0.0622999966 0.060200002 1.15604985
v 0.0622999966 0.0672 1.15792561
v -0.0287 0.07232435 1.16304994
v 0.0622999966 0.07232435 1.16304994
v -0.0287 0.07419999 1.17004991
v 0.0622999966 0.07419999 1.17004991
v -0.008541138 0.0672 1.25469625
v -0.01805886 0.0672 1.25469625
v -0.0257588625 0.0672 1.24910188
v -0.0008411514 0.0672 1.249102
v -0.0287 0.0672 1.24004984
v 0.00490744924 0.0672 1.23140955
v -0.0287 0.06700207 1.16786921
v 0.0122574484 0.0672 1.22606945
v 0.0213425513 0.0672 1.22606945
v 0.0622999966 0.06692431 1.1675148
v 0.0286925454 0.0672 1.23140955
v 0.0622999966 0.0672 1.24004984
v 0.0344411545 0.0672 1.24910188
v 0.05935886 0.0672 1.24910188
v 0.0516588576 0.0672 1.25469625
v 0.0421411358 0.0672 1.25469625
vn -0.0259398222 -0.9504918 0.309665233
vn 0.09300407 -0.9291921 0.3577042
vn 0.08150096 -0.9324962 0.3518643
vn 0.2807016 -0.958616138 -0.04755772
vn 0.205446765 -0.9677646 -0.145681947
vn 0.241799831 -0.967330754 -0.07618402
vn 0.378762126 -0.579351068 -0.721728265
vn 0.37223047 -0.5909404 -0.7157052
vn 0.458314925 -0.576107562 -0.676792145
vn 0.0260346215 -0.9505616 -0.309443
vn -0.09296989 -0.929286242 -0.357468456
vn -0.0814677253 -0.932586551 -0.351632476
vn -0.281047761 -0.958515 0.04755172
vn -0.205720887 -0.9677089 0.145665616
vn -0.242149338 -0.967243433 0.07618355
vn -0.3779025 -0.581890464 0.7201342
vn -0.371322453 -0.5934295 0.71411556
vn -0.457534969 -0.5786889 0.6751155
vn 0.1478529 0.0484738462 0.987820745
vn -0.117239915 0.148696288 0.981908441
vn 0.148226023 0.049222298 0.9877278
vn -0.23877202 0.084229596 0.9674158
vn -0.4991887 0.03188445 0.8659065
vn -0.239263922 0.08828459 0.9669326
vn -0.622328043 -0.0117363222 0.7826686
vn -0.6212328 -0.005431194 0.783607244
vn -0.381181866 -0.01520636 0.924375
vn -0.75025624 0.1018128 0.6532608
vn -0.8983898 0.143845275 0.414975047
vn -0.75213784 0.09457093 0.652184844
vn -0.9949521 -0.00707514957 0.100101739
vn -0.9822704 -0.0474094041 -0.181375638
vn -0.995314538 0.0136009594 0.09572866
vn -0.9938412 0.0230547376 -0.108388938
vn -0.99356693 0.0317039378 -0.108718492
vn -0.982956469 0.06478411 0.172045454
vn -0.899010241 0.0495205037 -0.4351188
vn -0.7461061 -0.0050287866 -0.665808141
vn -0.898437 0.05650082 -0.435452223
vn -0.7475294 0.0239013266 -0.66379863
vn -0.89864707 0.08409239 -0.430536866
vn -0.2226691 -0.0632871 -0.9728377
vn -0.220485061 -0.0682129 -0.973002255
vn -0.474337459 -0.13339518 -0.870178
vn -0.0681909546 0.07453088 -0.9948845
vn 0.204259083 0.135488778 -0.969495237
vn -0.0682544 0.0746768862 -0.994869232
vn 0.613256931 0.01931035 -0.78964746
vn 0.615196466 0.014117063 -0.7882474
vn 0.378804773 -0.04066099 -0.924582958
vn 0.4688425 -0.0276973341 -0.8828474
vn 0.690135 0.047607556 -0.7221131
vn 0.479998261 -0.0547332 -0.875560343
vn 0.9533427 0.0474227257 -0.2981424
vn 0.9980247 0.0602078177 -0.0179395285
vn 0.951975167 0.06700811 -0.298752725
vn 0.9944643 0.003280532 0.105024189
vn 0.9944788 0.0054571135 0.104795612
vn 0.984120667 0.01078384 -0.177172869
vn 0.996996641 0.0361038372 0.0685146451
vn 0.9379344 0.0238874517 0.3459892
vn 0.224766284 -0.0281456243 0.9740061
vn 0.223228112 -0.0318552032 0.9742456
vn 0.478470951 -0.09325069 0.873137951
vn -0.05271636 -0.9982361 -0.0273066554
vn -0.05271636 -0.9982361 -0.0273066554
vn -0.05271636 -0.9982361 -0.0273066554
vn 0.05303681 -0.9982261 0.0270515252
vn 0.05303681 -0.9982261 0.0270515252
vn 0.05303681 -0.9982261 0.0270515252
vn -0.0190650858 -0.999297 -0.0322802961
vn -0.0190650858 -0.999297 -0.0322802961
vn -0.0190650858 -0.999297 -0.0322802961
vn 0.018795127 -0.999307752 0.0321058258
vn 0.018795127 -0.999307752 0.0321058258
vn 0.018795127 -0.999307752 0.0321058258
vn -0.8947348 0.444651961 -0.04164532
vn -0.8943775 0.44405514 0.05388767
vn -0.8874804 0.4521651 -0.08902457
vn 0.04108895 0.444484383 -0.894843757
vn -0.0543827266 0.4439686 -0.8943905
vn 0.0884868652 0.45205754 -0.8875889
vn 0.887830555 0.455839574 -0.06298598
vn 0.892902732 0.443157017 0.0796023756
vn 0.895781636 0.444212824 -0.0158202089
vn -0.0407048725 0.4444761 0.8948654
vn 0.0548128858 0.443938 0.8943795
vn -0.08810705 0.4520262 0.8876427
vn 0.8715729 0.0705671459 -0.485160738
vn 0.985002935 0.101567328 -0.139475346
vn 0.986145258 0.09207596 -0.137983665
vn 0.976813555 0.202125 0.07057411
vn 0.976813555 0.202125 0.07057411
vn 0.976813555 0.202125 0.07057411
vn 0.888304651 0.08985874 0.450377882
vn 0.888304651 0.08985874 0.450377882
vn 0.888304651 0.08985874 0.450377882
vn 0.07262352 0.201608911 -0.976770043
vn 0.07262352 0.201608911 -0.976770043
vn 0.07262352 0.201608911 -0.976770043
vn 0.450675845 0.08982087 -0.888157368
vn 0.45067516 0.08983995 -0.8881558
vn 0.450675815 0.08982395 -0.88815707
vn -0.0346130766 0.141550437 -0.989325762
vn -0.0346130766 0.141550437 -0.989325762
vn -0.0346130766 0.141550437 -0.989325762
vn -0.976808667 0.202144 -0.07058851
vn -0.976808667 0.202144 -0.07058851
vn -0.976808667 0.202144 -0.07058851
vn -0.88829273 0.08984337 -0.450404465
vn -0.88829273 0.08984337 -0.450404465
vn -0.88829273 0.08984337 -0.450404465
vn -0.485425532 0.07059885 -0.8714229
vn -0.139815062 0.101582266 -0.9849532
vn -0.138338834 0.0920874253 -0.9860945
vn -0.9896382 0.140064314 0.0315935872
vn -0.9896382 0.140064314 0.0315935872
vn -0.9896382 0.140064314 0.0315935872
vn -0.0680343 0.200893626 0.9772477
vn -0.0680343 0.200893626 0.9772477
vn -0.0680343 0.200893626 0.9772477
vn -0.453477919 0.08605374 0.887103438
vn -0.453479946 0.0859697 0.8871106
vn -0.453477234 0.08603513 0.8871056
vn -0.874879658 0.0688850358 0.4794168
vn -0.985942364 0.101132192 0.133003563
vn -0.987056255 0.09179345 0.131506279
vn 0.484731853 0.07061924 0.8718073
vn 0.139048263 0.101709545 0.9850486
vn 0.137507617 0.0922014639 0.9862001
vn 0.0327535756 0.142031118 0.989320159
vn 0.0327535756 0.142031118 0.989320159
vn 0.0327535756 0.142031118 0.989320159
vn 0.9893238 0.1415562 -0.0346441939
vn 0.9893238 0.1415562 -0.0346441939
vn 0.9893238 0.1415562 -0.0346441939
vn -0.189807 -0.699975848 0.6884818
vn -0.3263717 -0.698528349 0.636819959
vn -0.187720045 -0.6942745 0.694797933
vn -0.203102037 -0.6408316 0.740327239
vn -0.242234632 -0.643716037 0.725914657
vn -0.06334125 -0.610886931 0.78918004
vn -0.541640759 -0.640108645 0.5448727
vn -0.6069703 -0.627134442 0.488149077
vn -0.454013318 -0.6576973 0.6010875
vn -0.411880881 -0.673516154 0.6137835
vn -0.5201662 -0.679347336 0.517604351
vn -0.481793076 -0.67087394 0.56374073
vn -0.6773735 -0.690621734 0.253390372
vn -0.6867349 -0.6914136 0.224371359
vn -0.5834382 -0.714940846 0.385304272
vn -0.7250294 -0.6629289 0.186701924
vn -0.7632505 -0.644287348 0.04839859
vn -0.73787266 -0.6552295 0.161920309
vn -0.73662746 -0.667200863 -0.110557809
vn -0.7232426 -0.6520764 -0.227412745
vn -0.7414859 -0.6699434 -0.03707425
vn -0.740895152 -0.6600506 -0.124127209
vn -0.710421 -0.6514238 -0.2663627
vn -0.7222736 -0.648608744 -0.240057468
vn -0.6439027 -0.649791241 -0.4039316
vn -0.5443184 -0.6677428 -0.5077767
vn -0.6360396 -0.6486003 -0.418056637
vn -0.447771519 -0.7129851 -0.5395859
vn -0.3571213 -0.722334862 -0.5921966
vn -0.519300044 -0.698681533 -0.492109418
vn -0.200447991 -0.682596445 -0.7027679
vn -0.05943139 -0.6808974 -0.7299634
vn -0.198660538 -0.679747939 -0.7060289
vn -0.07795859 -0.678408146 -0.7305374
vn -0.0299495086 -0.6818273 -0.7308998
vn -0.220716536 -0.6574172 -0.720476866
vn 0.284536 -0.67232424 -0.6833882
vn 0.373106778 -0.6515688 -0.6604919
vn 0.1886571 -0.688943267 -0.6998327
vn 0.1804651 -0.706287444 -0.684536636
vn 0.319442242 -0.6939219 -0.645313144
vn 0.2704116 -0.69268465 -0.6686296
vn 0.5709481 -0.6763294 -0.465399742
vn 0.653706 -0.672632635 -0.3467475
vn 0.5968098 -0.669528246 -0.442210317
vn 0.64330256 -0.671468437 -0.367820561
vn 0.677767 -0.6731711 -0.295757681
vn 0.588450432 -0.660997331 -0.465627134
vn 0.7125263 -0.65700233 -0.246280879
vn 0.7275208 -0.6782188 -0.103599221
vn 0.729430735 -0.6724802 -0.12530449
vn 0.7223314 -0.6829618 -0.108629845
vn 0.6923834 -0.71943295 0.0549683645
vn 0.719970345 -0.681337 -0.131994531
vn 0.696399152 -0.669353068 0.258833319
vn 0.627359331 -0.6788856 0.3814901
vn 0.676242232 -0.662582755 0.3219946
vn 0.637327969 -0.6791181 0.3641588
vn 0.559743464 -0.70177716 0.440676868
vn 0.685518146 -0.663311958 0.300136954
vn 0.3023805 -0.685820043 0.6619795
vn 0.2566017 -0.6746157 0.6921339
vn 0.3997977 -0.717057168 0.5709561
vn 0.314662665 -0.678588331 0.6637057
vn 0.187594518 -0.6654996 0.7224393
vn 0.2727973 -0.664441049 0.6957728
vn -0.122924872 0.8807023 -0.457441717
vn -0.194234148 0.877246559 -0.438989282
vn -0.0396515466 0.883742452 -0.466290683
vn 0.2040313 0.8747702 -0.439486355
vn 0.114252038 0.8540486 -0.50749135
vn 0.267027944 0.869361639 -0.415820241
vn 0.439157963 0.8771616 -0.194236442
vn 0.466462225 0.883652568 -0.0396383777
vn 0.4575861 0.880626738 -0.122929148
vn 0.439938754 0.874555 0.203979135
vn 0.5078894 0.8537964 0.114367753
vn 0.416200966 0.8691706 0.267056555
vn 0.194723532 0.877150953 0.438963562
vn 0.0401424766 0.883703351 0.4663229
vn 0.12341173 0.880648434 0.457414359
vn -0.194472879 0.8760184 0.4413299
vn -0.103113152 0.8560192 0.5065559
vn -0.257698238 0.871177554 0.417901129
vn -0.438356429 0.8758713 0.201725453
vn -0.46663025 0.883179367 0.0474388525
vn -0.457393467 0.879624844 0.1305808
vn -0.4399045 0.874580562 -0.203943461
vn -0.507905 0.8537942 -0.114315391
vn -0.416170269 0.8691951 -0.267024845
vn -0.0002525639 0.9999738 -0.007242594
vn -0.0002525639 0.9999738 -0.007242594
vn -0.0002525639 0.9999738 -0.007242594
vn -0.0101058595 0.999524236 0.0291401017
vn -0.0101058595 0.999524236 0.0291401017
vn -0.0101058595 0.999524236 0.0291401017
vn 0.04077287 0.9988573 0.0249318779
vn 0.04077287 0.9988573 0.0249318779
vn 0.04077287 0.9988573 0.0249318779
vn -0.04440891 0.9989343 -0.0125731081
vn -0.04440891 0.9989343 -0.0125731081
vn -0.04440891 0.9989343 -0.0125731081
vn -0.006458008 0.9999789 0.0006859299
vn -0.006458008 0.9999789 0.0006859299
vn -0.006458008 0.9999789 0.0006859299
vn 0.0275467634 0.999606431 -0.005302098
vn 0.0275467634 0.999606431 -0.005302098
vn 0.0275467634 0.999606431 -0.005302098
vn -0.01087736 0.9999175 -0.00683128275
vn -0.01087736 0.9999175 -0.00683128275
vn -0.01087736 0.9999175 -0.00683128275
vn 0.00654654764 0.9999728 0.00338332471
vn 0.00654654764 0.9999728 0.00338332471
vn -0.00134003023 0.9999621 0.008601589
vn -0.00134003023 0.9999621 0.008601589
vn -0.00134003023 0.9999621 0.008601589
vn 0.000259953347 0.9999744 0.00714899041
vn 0.08778709 0.9961389 0.000939761871
vn 0.08778709 0.9961389 0.000939761871
vn 0.08778709 0.9961389 0.000939761871
vn 0.03907106 0.9977276 -0.0548925661
vn 0.03907106 0.9977276 -0.0548925661
vn 0.03907106 0.9977276 -0.0548925661
vn -0.0121415984 0.9999056 0.006434648
vn -0.0121415984 0.9999056 0.006434648
vn -0.0121415984 0.9999056 0.006434648
vn -0.00130951032 0.999969 -0.00776477624
vn -0.00130951032 0.999969 -0.00776477624
vn -0.00130951032 0.999969 -0.00776477624
vn 0.221225843 0.28785643 0.931771338
vn 0.0508301854 0.3787536 0.9241007
vn 0.211690158 0.2815587 0.9359017
vn -0.190691039 -0.183554426 0.9643364
vn -0.3718567 -0.212316543 0.9036838
vn -0.193064913 -0.180136576 0.9645086
vn 0.1922658 -0.531545639 0.8249201
vn 0.372761577 -0.480827957 0.793633
vn 0.374298334 -0.482759625 0.791734755
vn 0.60069 0.5544342 0.5759986
vn 0.6879377 0.598433852 0.410632163
vn 0.603535 0.552225351 0.5751458
vn 0.725988 -0.5022402 0.469783157
vn 0.831427634 -0.459619671 0.3122145
vn 0.8308366 -0.46290344 0.308919132
vn 0.961318433 0.2752017 -0.0114414888
vn 0.9285731 0.314382374 -0.19727096
vn 0.962275743 0.2716999 -0.014304081
vn 0.83566004 0.06887615 -0.5449114
vn 0.7138744 0.00269958354 -0.700268567
vn 0.716753542 -0.005622223 -0.6973039
vn 0.419336379 -0.312372148 -0.852396965
vn 0.278625846 -0.198607638 -0.9396396
vn 0.300029159 -0.18626748 -0.935567737
vn 0.196321651 0.518634856 -0.8321513
vn 0.0213485919 0.579318762 -0.8148215
vn 0.196410581 0.5186981 -0.832090855
vn -0.04717138 -0.5358713 -0.842980862
vn -0.228914931 -0.479455173 -0.847184
vn -0.229302213 -0.479822069 -0.846871436
vn -0.448984116 0.5929165 -0.66847837
vn -0.567306638 0.634000957 -0.525553048
vn -0.451558828 0.5911463 -0.668311834
vn -0.9839914 -0.107914783 0.141828865
vn -0.935324669 -0.105236836 0.337776482
vn -0.934213161 -0.11100433 0.339004159
vn -0.789786458 0.106950089 0.603986
vn -0.6489604 0.113831908 0.75225836
vn -0.7892322 0.101074062 0.6057199
vn -0.16977717 0.299205661 0.9389631
vn 0.02327463 0.0529067963 0.9983282
vn -0.344333947 -0.09407455 0.934122145
vn 0.115726858 -0.005194262 0.993267536
vn 0.392154336 0.000225827112 0.9198994
vn 0.195355117 -0.3868916 0.9011944
vn -0.7111374 -0.380074441 -0.591461837
vn -0.6557978 0.0195185989 -0.7546842
vn -0.8339945 0.00226637721 -0.5517681
vn -0.5241534 -0.224656254 -0.821457744
vn -0.6176185 0.236111239 -0.750199258
vn -0.775427341 -0.0195039846 -0.6311355
vn 0.5615008 -0.2374428 0.792677641
vn 0.462645084 -0.2572747 0.8483921
vn 0.412985474 0.133214 0.9009423
vn 0.7479499 -0.294132441 -0.59502697
vn 0.8235728 -0.304783881 -0.478366673
vn 0.841421247 0.09772231 -0.531470239
vn 0.8793124 0.05059967 -0.473549843
vn 0.8301768 -0.346662879 -0.43661356
vn 0.9777141 -0.007217079 -0.209816828
vn 0.973698139 0.104692943 -0.202364281
vn 0.981975138 -0.184864923 0.0393680371
vn 0.957436442 0.288545251 0.007560226
vn -0.4879323 0.0002638586 0.8728814
vn -0.4917869 -0.0188604444 0.8705113
vn -0.215034276 -0.0516046 0.975242138
vn -0.5606547 0.0484278761 0.8266323
vn -0.7694135 0.121791489 0.6270325
vn -0.566037834 0.0289455615 0.823870957
vn -0.8397782 -0.0383518375 0.5415734
vn -0.9586296 -0.0787959 0.273533344
vn -0.840155244 -0.0362861529 0.541130841
vn -0.9073476 0.0759483352 0.413463682
vn -0.907314062 0.07765439 0.4132203
vn -0.743935645 0.0941324756 0.6615882
vn -0.9997431 -0.0144893741 0.017429905
vn -0.960232258 -0.0333340019 -0.2772056
vn -0.999842465 -0.00673201028 0.0164239723
vn -0.9848362 0.06261054 -0.161794826
vn -0.9832766 0.07530554 -0.165820017
vn -0.98551023 0.112249658 0.127159789
vn -0.290428758 -0.06151042 -0.9549176
vn 0.004030475 -0.07699683 -0.997023165
vn -0.2904955 -0.0623567663 -0.9548424
vn 0.05640655 -0.09085128 -0.994265735
vn 0.05974945 -0.100858763 -0.993105
vn -0.2311307 -0.132693142 -0.9638315
vn 0.20862709 0.04069196 -0.977148354
vn 0.4740268 0.124446534 -0.8716718
vn 0.215498954 0.024728626 -0.9761909
vn 0.6590714 -0.0575999431 -0.7498715
vn 0.791026056 -0.245761469 -0.5602491
vn 0.644179642 -0.08570815 -0.760057032
vn 0.927772164 -0.08878838 0.362429827
vn 0.777639151 -0.124098718 0.616341531
vn 0.9277143 -0.0823924839 0.3640847
vn 0.7006968 -0.206001878 0.6830719
vn 0.7029576 -0.200692415 0.6823293
vn 0.8611215 -0.253865123 0.4404797
vn 0.267787367 0.443928063 0.855112731
vn 0.0106378524 0.427147776 0.9041193
vn 0.256121635 0.449000239 0.8560377
vn 0.5114351 0.3237332 0.796009362
vn 0.7015523 0.312251031 0.640565157
vn 0.531747 0.314800173 0.7862226
vn 0.7292263 0.601751268 0.325767517
vn 0.760668635 0.574800968 0.3016407
vn 0.6032805 0.6426712 0.4722566
vn 0.8327507 0.460124582 -0.307915
vn 0.798598051 0.46590364 -0.3810183
vn 0.9036958 0.398767948 -0.155942529
vn 0.6862011 0.352774441 -0.6361433
vn 0.4964868 0.414236367 -0.762829661
vn 0.6197774 0.355995059 -0.699387968
vn -0.01670409 0.4668776 -0.884164155
vn -0.120293878 0.519954562 -0.8456812
vn 0.09800089 0.391440153 -0.91497016
vn -0.6416638 0.484054357 -0.594944537
vn -0.7658638 0.4082625 -0.496763885
vn -0.5703521 0.508862257 -0.644792736
vn 0.747018456 -0.0508621037 0.66285485
vn 0.7463137 -0.0541494153 0.663388133
vn 0.8992722 -0.09003625 0.428022236
vn 0.528139 0.02054559 0.8489093
vn -0.06232126 0.9980002 -0.0105651207
vn -0.06232126 0.9980002 -0.0105651207
vn -0.06232126 0.9980002 -0.0105651207
vn -0.04842712 0.9987857 0.009053975
vn -0.0367737971 0.998577833 -0.03859986
vn -0.0367737971 0.998577833 -0.03859986
vn -0.0367737971 0.998577833 -0.03859986
vn -0.046108745 0.998934269 0.0020792908
vn -0.0482974835 0.99878794 -0.009490685
vn -0.007855508 0.99996835 0.001262792
vn -0.007855508 0.99996835 0.001262792
vn -0.007855508 0.99996835 0.001262792
vn -0.005623656 0.99997437 -0.004436815
vn 0.007206231 0.9999695 -0.00301241013
vn -0.282674074 0.008078218 0.959182
vn -0.282674074 0.008078218 0.959182
vn -0.282674074 0.008078218 0.959182
vn 0.2826749 -0.00807816349 0.9591818
vn 0.2826749 -0.00807816349 0.9591818
vn 0.2826749 -0.00807816349 0.9591818
vn 0.7802467 -0.584785759 -0.221902609
vn 0.746028 -0.6389779 -0.187482074
vn 0.320623636 -0.612536 -0.7224958
vn 0.743861556 0.5379208 -0.396624923
vn 0.793112636 0.5379226 0.2856776
vn 0.8006311 0.457863748 -0.386459172
vn 0.3005376 -0.498708159 0.812999
vn 0.2471752 -0.573422134 0.7810836
vn 0.740590453 -0.597250044 0.307925522
vn -0.149955988 0.981736839 -0.117072783
vn -0.149955988 0.981736839 -0.117072783
vn -0.149955988 0.981736839 -0.117072783
vn -0.06361813 0.9979638 0.004593875
vn -0.06361813 0.9979638 0.004593875
vn -0.06361813 0.9979638 0.004593875
vn -0.0928039 0.8924454 0.44150728
vn -0.0928039 0.8924454 0.44150728
vn -0.0928039 0.8924454 0.44150728
vn -0.184620991 0.889323235 -0.41835314
vn -0.184620991 0.889323235 -0.41835314
vn -0.184620991 0.889323235 -0.41835314
vn -0.8823929 0.384916425 0.270595938
vn -0.7947502 0.4525646 -0.4044223
vn -0.949649155 0.239307627 0.2022334
vn -0.7375489 -0.175056115 -0.6522093
vn -0.138076842 -0.36714524 -0.9198583
vn -0.728644 -0.131775275 -0.672096133
vn 0.790099442 -0.5711663 -0.222512916
vn 0.7562452 -0.6268709 -0.187419623
vn 0.3306986 -0.6070274 -0.722603738
vn 0.7438639 0.5379192 -0.396622568
vn 0.7931133 0.537920356 0.285679966
vn 0.8006331 0.457862556 -0.386456519
vn 0.300544858 -0.498703152 0.812999368
vn 0.247181192 -0.5734171 0.7810854
vn 0.740595639 -0.597244 0.3079249
vn 0.005432105 0.994929969 0.100423053
vn 0.005432105 0.994929969 0.100423053
vn 0.005432105 0.994929969 0.100423053
vn -0.06361804 0.9979638 0.00459205
vn -0.06361804 0.9979638 0.00459205
vn -0.06361804 0.9979638 0.00459205
vn -0.09283249 0.8924416 0.441509038
vn -0.09283249 0.8924416 0.441509038
vn -0.09283249 0.8924416 0.441509038
vn -0.03419636 0.774061859 -0.632185757
vn -0.03419636 0.774061859 -0.632185757
vn -0.03419636 0.774061859 -0.632185757
vn -0.8823958 0.3849112 0.270593941
vn -0.7947515 0.452559561 -0.404425442
vn -0.949651 0.239303112 0.202229932
vn -0.736759365 -0.177816838 -0.652354836
vn -0.136337027 -0.3662955 -0.92045635
vn -0.727991045 -0.1341217 -0.672339559
vn 0.7859641 -0.5769585 -0.222214758
vn 0.751942754 -0.6320295 -0.187405676
vn 0.32643652 -0.609370649 -0.7225695
vn 0.743862033 0.537920952 -0.39662376
vn 0.7931124 0.5379223 0.285678625
vn 0.800631344 0.457864165 -0.3864581
vn 0.2958264 -0.501434743 0.8130498
vn 0.242782325 -0.574764 0.781474948
vn 0.7361082 -0.6025379 0.308371276
vn 0.00543206139 0.9949301 0.100422241
vn 0.00543206139 0.9949301 0.100422241
vn 0.00543206139 0.9949301 0.100422241
vn -0.06361813 0.9979638 0.00459096534
vn -0.06361813 0.9979638 0.00459096534
vn -0.06361813 0.9979638 0.00459096534
vn -0.0922218561 0.898361266 0.42946735
vn -0.0922218561 0.898361266 0.42946735
vn -0.0922218561 0.898361266 0.42946735
vn -0.03377124 0.7804013 -0.624366343
vn -0.03377124 0.7804013 -0.624366343
vn -0.03377124 0.7804013 -0.624366343
vn -0.0225516055 0.01173026 0.9996769
vn -0.02215169 0.013033716 0.9996697
vn -0.07001195 0.0210460611 0.9973241
vn 0.0221516564 -0.0130336629 0.9996697
vn 0.0700119138 -0.0210460052 0.9973241
vn 0.022551572 -0.0117302053 0.9996769
vn -0.01652287 0.999244869 -0.0351668373
vn -0.01652287 0.999244869 -0.0351668373
vn -0.01652287 0.999244869 -0.0351668373
vn 0.009452733 0.998867 -0.0466418527
vn 0.009452733 0.998867 -0.0466418527
vn 0.009452733 0.998867 -0.0466418527
vn 0.0128373457 0.998835 -0.0465171821
vn 0.0128373457 0.998835 -0.0465171821
vn 0.00233116164 0.9986957 -0.05100569
vn 0.00233116164 0.9986957 -0.05100569
vn 0.00233116164 0.9986957 -0.05100569
vn -0.0106956344 0.999283 -0.03631945
vn -0.0106956344 0.999283 -0.03631945
vn 0 1 1.193456E-06
vn 0 1 1.193456E-06
vn 0 1 1.193456E-06
vn 0.05193812 0.998621464 -0.00758632459
vn 0.05193812 0.998621464 -0.00758632459
vn 0.05193812 0.998621464 -0.00758632459
vn 0.0403053537 0.999129 -0.0108026806
vn 0.0403053537 0.999129 -0.0108026806
vn 0.0403053537 0.999129 -0.0108026806
vn -0.04091014 0.9975221 -0.05723658
vn -0.04091014 0.9975221 -0.05723658
vn -0.04091014 0.9975221 -0.05723658
vn 0.0768285841 0.996232152 -0.04023568
vn 0.0768285841 0.996232152 -0.04023568
vn 0.0768285841 0.996232152 -0.04023568
vn 0 1 0
vn 0 1 0
vn 0 1 0
vn 0 1 -6.470307E-07
vn 0 1 -6.470307E-07
vn 0 1 0
vn 0 1 0
vn 0.007750306 0.999074936 0.0423
vn 0.007750306 0.999074936 0.0423
vn 0.01074142 0.9996117 0.0257138126
vn 0.01074142 0.9996117 0.0257138126
vn 0 1 -8.38093342E-07
vn 0 1 0
vn 0 1 0
vn -0.000887217349 0.9996623 -0.0259707347
vn -0.000887217349 0.9996623 -0.0259707347
vn -0.007272131 0.999940753 0.008099603
vn 0 1 -8.38093342E-07
vn 0 1 0
vn 0.00214450085 0.999808848 -0.0194355212
vn 0.00214450085 0.999808848 -0.0194355212
vn 0.027356118 0.999388456 -0.02178039
vn -0.007272131 0.999940753 0.008099603
vn -0.007272131 0.999940753 0.008099603
vn -0.0116116256 0.9999255 -0.00377390184
vn -0.02373064 0.998732865 -0.0443795174
vn -0.02373064 0.998732865 -0.0443795174
vn -0.0132887438 0.9997457 0.0182190537
vn -0.0132887438 0.9997457 0.0182190537
vn -0.0123851709 0.9998278 -0.0138185956
vn -0.0123851709 0.9998278 -0.0138185956
vn 0 1 6.1567107E-07
vn 0 1 6.1567107E-07
vn 0 1 0
vn 0.0183708332 0.99905014 -0.0395133942
vn 0 1 -1.50706137E-06
vn 0.0183708332 0.99905014 -0.0395133942
vn 0.0183708332 0.99905014 -0.0395133942
vn 0 1 -1.50706137E-06
vn 0 1 2.050608E-06
vn 0.0194347519 0.9997375 0.01213252
vn 0.0194347519 0.9997375 0.01213252
vn 0.0194347519 0.9997375 0.01213252
vn 0.0154969068 0.9998798 -0.000556841434
vn 0.0204980336 0.9997367 -0.0103136087
vn 0.0115021029 0.9997577 0.0187699441
vn 0 1 -1.85619831E-06
vn 0 1 -1.85619831E-06
vn 0 1 0
vn 0 1 -1.85619831E-06
vn 0.009850386 0.9997713 0.0189837143
vn 0.009850386 0.9997713 0.0189837143
vn 0.007318032 0.9997752 -0.019901149
vn 0 0.9997484 0.022432005
vn 0.0130244792 0.9995588 0.0266937148
vn 0 1 0
vn -0.00760858646 0.999847 -0.01575286
vn -0.00760858646 0.999847 -0.01575286
vn -0.00760858646 0.999847 -0.01575286
vn -0.00598043436 0.9998499 0.0162629355
vn -0.0126289967 0.9999194 0.00130045868
vn 0.0144267315 0.9992741 -0.0352598354
vn 0.0144267315 0.9992741 -0.0352598354
vn -0.0078758 0.999581456 0.0278373
vn -0.0078758 0.999581456 0.0278373
vn -0.0185911823 0.999826849 -0.0008400409
vn -0.0114381295 0.999118567 -0.0403888077
vn -0.0114381295 0.999118567 -0.0403888077
vn -0.0114381295 0.999118567 -0.0403888077
vn 0 1 0
vn 0 1 0
vn 0 1 0
vn 0 1 0
vn 0 1 0
vn 0 1 -7.78736137E-07
vn 0.002076084 0.9997548 -0.0220468827
vn 0 1 0
vn -0.0339291 0.999398 0.0072463
vn -0.0339291 0.999398 0.0072463
vn -0.0280389991 0.9996061 0.001271974
vn -0.0280389991 0.9996061 0.001271974
vn -0.0280389991 0.9996061 0.001271974
vn 0 1 0
vn 0 1 0
vn 0.0315387771 0.9980383 0.054082524
vn 0.0315387771 0.9980383 0.054082524
vn 0.0315387771 0.9980383 0.054082524
vn -0.0278654676 0.9977017 -0.061764162
vn -0.0278654676 0.9977017 -0.061764162
vn -0.0278654676 0.9977017 -0.061764162
vn 0 0.9980069 -0.06310479
vn 0 0.9980069 -0.06310479
vn 0.008289644 0.996764541 -0.0799481
vn 0.008289644 0.996764541 -0.0799481
vn 0.008289644 0.996764541 -0.0799481
vn 0.04489005 0.9988984 0.0136731938
vn 0.04489005 0.9988984 0.0136731938
vn 0.04489005 0.9988984 0.0136731938
vn -0.0088322 0.9998373 0.01572808
vn -0.0088322 0.9998373 0.01572808
vn -0.0088322 0.9998373 0.01572808
vn 0.0248457845 0.999691248 -0.000317116268
vn 0.0248457845 0.999691248 -0.000317116268
vn 0.0248457845 0.999691248 -0.000317116268
vn -0.048600845 0.998793066 -0.00709870551
vn -0.048600845 0.998793066 -0.00709870551
vn -0.048600845 0.998793066 -0.00709870551
vn -0.08848108 0.994538844 -0.05534953
vn -0.08848108 0.994538844 -0.05534953
vn -0.08848108 0.994538844 -0.05534953
vn -0.0207759645 0.999695539 0.0133094266
vn -0.0207759645 0.999695539 0.0133094266
vn -0.0207759645 0.999695539 0.0133094266
vn -0.00134403445 0.999166369 -0.040802896
vn -0.00134403445 0.999166369 -0.040802896
vn -0.00134403445 0.999166369 -0.040802896
vn 0.0371872857 0.9951368 0.09121321
vn 0.0371872857 0.9951368 0.09121321
vn 0.0371872857 0.9951368 0.09121321
vn 0.02126712 0.999061048 -0.0377451032
vn 0.02126712 0.999061048 -0.0377451032
vn 0.02126712 0.999061048 -0.0377451032
vn -0.03244216 0.9964513 0.07766792
vn -0.03244216 0.9964513 0.07766792
vn -0.03244216 0.9964513 0.07766792
vn -0.2651986 0.9603361 0.0861645
vn -0.2651986 0.9603361 0.0861645
vn -0.2651986 0.9603361 0.0861645
vn 0.134215638 0.9888565 0.06441303
vn 0.134215638 0.9888565 0.06441303
vn 0.134215638 0.9888565 0.06441303
vn -0.2242919 0.9478852 -0.226289332
vn -0.2242919 0.9478852 -0.226289332
vn -0.2242919 0.9478852 -0.226289332
vn 0.03209761 0.999430358 0.0104279881
vn 0.0141783487 0.999781966 0.0153302364
vn 0.0141783487 0.999781966 0.0153302364
vn 0.0108366162 0.9999351 -0.00352026033
vn 0.03209761 0.999430358 0.0104279881
vn 0.007183242 0.9999466 0.007436099
vn 0.007183242 0.9999466 0.007436099
vn -0.002883966 0.9998344 0.0179696474
vn 0 1 3.0121073E-06
vn 0 1 3.0121073E-06
vn 0 1 0
vn -0.002883966 0.9998344 0.0179696474
vn 0 1 0
vn 0 1 -1.11281622E-06
vn 0 1 -1.11281622E-06
vn -0.007330732 0.9991699 0.0400731154
vn 0 1 -9.816414E-07
vn 0 1 -9.816414E-07
vn 0 1 0
vn -0.04219571 0.997366965 0.05898082
vn -0.04219571 0.997366965 0.05898082
vn -0.04219571 0.997366965 0.05898082
vn -0.0179913621 0.999805868 0.008040881
vn -0.0179913621 0.999805868 0.008040881
vn -0.00367726525 0.99960357 -0.0279137623
vn -0.008866016 0.9999528 -0.003973133
vn -0.0183721259 0.9997233 0.0146904951
vn 0.09325038 0.984559 0.148148209
vn 0.09325038 0.984559 0.148148209
vn 0.09325038 0.984559 0.148148209
vn -0.0352216437 0.9989129 0.0305371284
vn -0.0352216437 0.9989129 0.0305371284
vn -0.0352216437 0.9989129 0.0305371284
vn -0.185277641 0.955411136 -0.229917035
vn -0.185277641 0.955411136 -0.229917035
vn -0.185277641 0.955411136 -0.229917035
vn -0.07014726 0.9964301 -0.04697355
vn -0.07014726 0.9964301 -0.04697355
vn -0.07014726 0.9964301 -0.04697355
vn 9.837042E-05 0.9997222 -0.0235706456
vn 9.837042E-05 0.9997222 -0.0235706456
vn 9.837042E-05 0.9997222 -0.0235706456
vn 0.03790059 0.999207139 0.0121929031
vn 0.03790059 0.999207139 0.0121929031
vn 0.03790059 0.999207139 0.0121929031
vn 0.0488676354 0.996654868 -0.06550588
vn 0.0488676354 0.996654868 -0.06550588
vn 0.0488676354 0.996654868 -0.06550588
vn -0.0338739641 0.999357641 -0.011699616
vn -0.0338739641 0.999357641 -0.011699616
vn -0.0338739641 0.999357641 -0.011699616
vn 0.09612154 0.9932212 -0.06536288
vn 0.09612154 0.9932212 -0.06536288
vn 0.09612154 0.9932212 -0.06536288
vn 0.00177898747 0.9996257 -0.0273020882
vn 0.00177898747 0.9996257 -0.0273020882
vn 0.00177898747 0.9996257 -0.0273020882
vn 0.160926476 0.9864631 0.0315146521
vn 0.160926476 0.9864631 0.0315146521
vn 0.160926476 0.9864631 0.0315146521
vn 0.019646382 0.9972363 0.0716505
vn 0.019646382 0.9972363 0.0716505
vn 0.019646382 0.9972363 0.0716505
vn -0.8167723 0.5729018 -0.06831299
vn -0.8167723 0.5729018 -0.06831299
vn -0.8167723 0.5729018 -0.06831299
vn 0 -1 -4.54255229E-07
vn 0 -1 -4.54255229E-07
vn 0 -1 0
vn 0 -1 2.55493632E-07
vn 0 -1 0
vn 0 -1 0
vn 0 -1 0
vn 0 -1 0
vn 0 -1 0
vn 0 -1 0
vn 0 -1 0
vn 0 -1 0
vn 0 -1 1.076897E-06
vn 0 -1 2.0817842E-07
vn 0 -1 2.0817842E-07
vn 0 -1 5.22965763E-07
vn 0 -1 -1.07794392E-06
vn 0 -1 0
vn 0 -1 1.934885E-06
vn 0 -1 0
vn 0 -1 0
vn 0 -1 0
vn 0 -1 0
vn 0 -1 0
vn 0 -1 0
vn 0 -1 0
vn 0 -1 -7.489621E-07
vn 0 -1 0
vn 0 -1 5.066549E-07
vn 0 -1 0
vn 0 -1 0
vn 0 -1 -3.58771018E-07
vn 0 -1 1.64966409E-07
vn 0 -1 1.64966409E-07
vn 0 -1 0
vn 0 -1 0
vn 0 -1 0
vn 0 -1 1.10329972E-06
vn 0 -1 5.066549E-07
vn 0 -1 5.066549E-07
vn 0 -1 0
vn 0 -1 3.23767085E-06
vn 0 -1 0
vn 0 -1 0
vn 0 -1 0
vn 0 -1 0
vn 0 -1 0
vn 0 -1 5.22965763E-07
vn 0 -1 -7.837273E-07
vn 0 -1 -7.837273E-07
vn 0 -1 -7.837273E-07
vn 0 -1 0
vn 0 -1 3.219803E-07
vn 0 -1 -7.055748E-07
vn 0 -1 5.004066E-07
vn 0 -1 5.004066E-07
vn 0 -1 -7.055748E-07
vn 0 -1 0
vn 0 -1 0
vn 0 -1 0
vn 0 -1 3.906311E-07
vn 0 -1 3.906311E-07
vn 0 -1 -3.84031227E-06
vn 0 -1 -3.84031227E-06
vn 0 -1 0
vn 0 -1 0
vn 0 -1 0
vn 0 -1 0
vn 0 -1 -1.81272753E-06
vn 0 -1 3.7980098E-07
vn 0 -1 -1.81272753E-06
vn 0 -1 -1.81272753E-06
vn 0 -1 1.42050294E-06
vn 0 -1 0
vn 0 -1 0
vn 0 -1 -2.50580229E-07
vn 0 -1 0
vn 0 -1 0
vn 0 -1 -2.50580229E-07
vn 0 -1 -2.50580229E-07
vn 0 -1 1.60739876E-06
vn 0 -1 -3.13141925E-07
vn 0 -1 -3.13141925E-07
vn 0 -1 0
vn 0 -1 0
vn 0 -1 0
vn 0 -1 7.77006846E-07
vn 0 -1 7.77006846E-07
vn 0 -1 7.77006846E-07
vn 0 -1 0
vn 0 -1 0
vn 0 -1 0
vn -0.8380235 0.06425029 -0.541838169
vn -0.9887172 0.08232019 0.125146717
vn -0.840123355 0.0408805721 -0.5408526
vn -0.9940918 0.0374665931 -0.1018716
vn -0.9948976 0.0063764127 -0.100688279
vn -0.697407663 0.006376311 -0.716646254
vn -0.9937895 0.0400977544 0.10380061
vn -0.6945644 0.029495744 0.7188257
vn -0.994240046 0.0254085548 0.104121275
vn -0.0546398163 0.00222998415 0.9985037
vn -0.6824821 0.0267822277 0.7304114
vn -0.638366 0.0521490425 0.7679645
vn -0.6384047 0.0512993261 0.767989457
vn -0.982870042 0.0512982458 0.177017123
vn 0.599928439 -0.008495633 0.8000086
vn 0.9738219 0.00222216663 0.227301687
vn 0.600714743 0.0267809164 0.799014747
vn 0.88880235 -0.0113800159 -0.458149374
vn 0.386595547 0.006689713 -0.9222251
vn 0.8879994 0.0275180675 -0.4590205
vn -0.2707212 0.00551990839 -0.962641954
vn -0.8259873 -0.0122196432 -0.5635564
vn -0.2444134 0.0579239465 -0.9679395
vn -0.280586 0.0689369962 -0.957350135
vn 0.400629818 0.0361479372 -0.9155267
vn 0.402055055 0.06893239 -0.913017035
vn 0.4756609 0.07737449 -0.8762191
vn -0.200807288 0.104107976 -0.9740831
vn 0.474235982 0.05357506 -0.8787662
vn -0.07178326 0.07816638 -0.994352639
vn -0.07244415 0.05068319 -0.996083856
vn 0.585528851 0.0506858081 -0.809065461
vn -0.170130625 0.00696069049 -0.9853969
vn -0.7635962 -0.009177427 -0.64562887
vn -0.1706775 0.020991331 -0.9851033
vn -0.774784446 0.08000113 -0.6271435
vn -0.995134652 0.0964267552 0.0202205777
vn -0.77802974 0.0507903025 -0.626170933
vn -0.9917003 0.07816615 -0.102081306
vn -0.9935197 0.0506907478 -0.101729952
vn -0.6950222 0.05068921 -0.7171992
vn -0.9999696 0.00695481524 -0.0035281477
vn -0.768392861 -0.009174367 0.639912665
vn -0.99977535 0.02098909 -0.0029407742
vn -0.7563342 0.08752265 0.6483043
vn -0.1599125 0.08752289 0.9832435
vn -0.756215036 0.0495926961 0.652441144
vn -0.272712976 0.07999607 0.958763957
vn -0.272681981 0.0519303642 0.9607017
vn -0.826961339 0.0519281738 0.5598557
vn -0.170987666 0.0100257527 0.985222161
vn 0.5021894 -0.00674297 0.864731431
vn -0.170441285 0.0230232812 0.985098839
vn 0.5260677 0.0755682 0.8470787
vn 0.9452215 0.10935536 0.307567477
vn 0.5286195 0.0554827526 0.847043753
vn 0.8096991 0.0330876745 0.5859118
vn 0.811302543 -0.00439310074 0.584610045
vn 0.245710969 -0.00439326139 0.969333231
vn 0.934117258 0.002690209 -0.3569562
vn 0.486130178 0.00269371341 -0.8738823
vn 0.937055349 0.047541596 -0.345929235
vn 0.9416655 0.0318191536 -0.335042864
vn 0.9369254 0.028696727 0.348349333
vn 0.9355369 0.05777524 0.348471969
vn 0.730735362 0.0435439721 0.681270659
vn 0.998159 0.03156716 0.05179012
vn 0.731968462 0.0164280478 0.6811404
vn 0.9940417 0.0417468064 0.100689359
vn 0.9946226 0.0249598175 0.100513645
vn 0.697156668 0.02496065 0.7164842
vn 0.999277234 0.01039863 0.0365634263
vn 0.7888421 0.0223879851 -0.6141881
vn 0.9991016 0.0212996 0.03663832
vn 0.225407735 -0.01181687 -0.974192858
vn 0.7964654 0.0400374867 -0.603357136
vn 0.639176548 0.039507024 -0.768044651
vn 0.6382247 0.05492624 -0.7678882
vn 0.9826918 0.054926455 -0.176917747
vn 0.222044438 0.04337294 -0.9740714
vn -0.456670851 0.03515377 -0.88894093
vn 0.2213013 0.01826518 -0.9750344
vn -0.5603626 0.0752383843 -0.824822962
vn -0.5604996 0.0698835552 -0.825200856
vn 0.102874592 0.0698866 -0.9922362
vn -0.473488182 -0.0160419755 -0.8806541
vn -0.9287967 0.004176179 -0.37056613
vn -0.475718319 0.0400220342 -0.8786867
vn -0.953279436 0.0379623324 0.299695134
vn -0.9235582 0.0168684274 -0.3830871
vn -0.5448947 -0.0118194623 0.8384212
vn -0.9547491 0.04003222 0.294705838
vn -0.909811437 0.07293332 0.408563256
vn -0.9101964 0.06752644 0.408635169
vn -0.9594503 0.0675263256 -0.273670167
vn -0.531597137 0.0339338854 0.8463173
vn 0.137182489 0.0459273122 0.9894805
vn -0.5311561 0.0190037712 0.8470608
vn 0.244311154 0.0729422048 0.9669496
vn 0.244309515 0.0675353259 0.9673427
vn -0.4361353 0.0675335452 0.897343457
vn 0.129349574 -0.006902096 0.991575062
vn 0.7364674 -0.00689898571 0.6764378
vn 0.13225168 0.0390898064 0.9904451
vn -0.607903957 0.04511102 0.792728066
vn 0.0446681455 0.06315227 0.9970038
vn -0.607337 0.0276360326 0.7939635
vn -0.101160742 0.0376086421 0.994159
vn -0.100591779 0.0141684422 0.9948269
vn -0.716567934 0.0141693419 0.69737345
vn 0.0302746 0.0219048578 0.999301553
vn 0.665654957 0.0219101086 0.745938
vn 0.03030279 0.020045666 0.999339759
vn 0.9911422 -0.0009957422 0.132801
vn 0.6753115 0.029090276 0.736958742
vn 0.768107831 0.04351534 0.638840258
vn 0.767968953 0.0513915345 0.638422
vn 0.176987112 0.05138893 0.982870638
vn 0.9860465 0.0553246476 0.157007948
vn 0.8566632 0.03818406 -0.5144609
vn 0.9876043 0.0197069813 0.155722186
vn 0.3034069 0.0305822156 -0.952370167
vn 0.8448787 0.0203712583 -0.53457
vn -0.350129753 -0.0227918923 -0.9364239
vn 0.3314856 0.02928351 -0.943005741
vn 0.9115512 0.03760772 -0.409463316
vn 0.911844432 0.01417943 -0.410291046
vn 0.962224841 0.014179646 0.271886438
vn 0.169305846 0.04103605 -0.9847089
vn 0.169001743 0.0492349081 -0.984385252
vn 0.762780249 0.0492327474 -0.6447809
vn -0.3716923 0.0521864034 -0.926888049
vn -0.880987763 0.0521802865 -0.4702529
vn -0.373477072 0.0253850818 -0.927292049
vn -0.810330153 0.0389646776 -0.5846767
vn -0.811225057 0.01530739 -0.584533751
vn -0.245626554 0.0153075065 -0.969243646
vn -0.8897032 0.009598032 -0.456438482
vn -0.9743726 0.03772748 0.221753463
vn -0.8893529 0.022185415 -0.45668292
vn -0.9374064 0.0410393178 0.345810562
vn -0.936975956 0.04923803 0.345907152
vn -0.939813256 0.049238883 -0.338122159
vn -0.983919144 0.008945968 0.178390115
vn -0.6394945 -0.0258290321 0.768361747
vn -0.98323226 0.029628722 0.1799345
vn -0.997202635 -0.02003451 -0.07201055
vn -0.810106754 -0.02003402 0.58594
vn -0.9962285 -0.0499921329 -0.07091932
vn -0.71757257 0.0499880947 0.694687545
vn -0.717617452 0.020030383 0.696149468
vn -0.9972132 0.02002998 0.07186543
vn -0.346058339 -0.0169724878 0.938059449
vn 0.337972015 -0.0169741046 0.9410031
vn -0.345770746 -0.0311059486 0.937803268
vn 0.560748756 0.04589938 0.826712847
vn 0.560927153 0.03753486 0.82701385
vn -0.102452256 0.0375368744 0.994029462
vn 0.584255338 -0.0318976939 0.8109428
vn 0.968919337 -0.0318964757 0.245312065
vn 0.584916353 -0.015951395 0.8109368
vn 0.969309747 0.0159499142 -0.245324656
vn 0.968808353 0.031897448 -0.245749831
vn 0.899935544 0.03189744 0.434854716
vn 0.9612562 -0.0375296548 -0.273089916
vn 0.560366869 -0.0375277959 -0.8273939
vn 0.9609117 -0.0458917767 -0.273025066
vn 0.338163882 0.0311012939 -0.940573156
vn 0.338100284 0.0169725828 -0.940957
vn 0.8638853 0.0169720128 -0.50340265
vn -0.102155134 -0.02003524 -0.9945667
vn -0.717648745 -0.0200357288 -0.696117
vn -0.103059039 -0.049997367 -0.993417859
vn -0.8088152 0.0499997176 -0.5859335
vn -0.8102608 0.0200336762 -0.585727
vn -0.244060069 0.0200352166 -0.9695532
vn -0.1748509 -0.0104050916 -0.9845399
vn -0.177829683 0.03290551 -0.983511
vn 0.496301323 0.03290539 -0.8675265
vn 0.177829444 -0.0329055637 -0.983511031
vn -0.496301442 -0.0329054333 -0.8675264
vn 0.174850687 0.0104050459 -0.98454
vn -0.8996495 -0.0200319625 0.436153084
vn -0.408689 -0.0200331174 0.91245383
vn -0.8982606 -0.0499977134 0.436609775
vn -0.273998916 0.0499928035 0.9604298
vn -0.273310423 0.02003076 0.9617173
vn -0.8276542 0.0200311933 0.5608808
vn 0.273310632 -0.0200307667 0.9617173
vn 0.827654362 -0.0200312044 0.5608806
vn 0.273999125 -0.0499928258 0.960429668
vn 0.8982613 0.049998 0.4366084
vn 0.899650156 0.0200322066 0.436151654
vn 0.408690542 0.0200333782 0.9124532
vn 0.7175734 -0.0200324263 0.696194768
vn 0.997208655 -0.0200330243 0.0719280541
vn 0.717526734 -0.0499936566 0.6947346
vn 0.9962268 0.049989596 -0.07094514
vn 0.9972009 0.02003236 -0.07203541
vn 0.8101209 0.0200321041 0.5859206
vn 0.8102325 -0.0200343933 -0.585766137
vn 0.24401471 -0.0200352687 -0.969564557
vn 0.808784246 -0.05000103 -0.5859761
vn 0.103003152 0.04999754 -0.9934237
vn 0.102104053 0.0200350769 -0.994572
vn 0.717614 0.0200362783 -0.6961528
vn -0.338007182 -0.0169722 -0.9409905
vn -0.8638363 -0.0169726145 -0.503486633
vn -0.338062465 -0.0310987663 -0.940609753
vn -0.900203347 0.0167956632 -0.435145825
vn -0.900498867 0 -0.434858382
vn -0.4103053 0 -0.911948264
vn -0.969344258 0 -0.245706543
vn -0.9004793 0 0.434898883
vn -0.9693026 -0.0167980231 -0.245296314
vn -0.863580048 0.03110512 0.5032515
vn -0.863780141 0.0169739854 0.503583
vn -0.9853658 0.0169741325 -0.169605911
vn -0.5610173 -0.02003225 0.8275617
vn 0.10232313 -0.0200329721 0.994549453
vn -0.5596271 -0.04999919 0.8272349
vn 0.242995635 0.0500013866 0.968737841
vn 0.244235218 0.020034058 0.969509065
vn -0.4362212 0.020035699 0.8996164
vn -0.76862663 -0.0169762876 0.639472365
vn -0.177659541 -0.0169758461 0.9839456
vn -0.768245041 -0.031106269 0.6393997
vn -0.100991361 0.0168034621 0.9947454
vn -0.100617021 0 0.994925261
vn -0.7165986 0 0.6974858
vn 0.100619048 0 0.994925
vn 0.716599941 0 0.697484434
vn 0.100993328 -0.0168032311 0.9947452
vn 0.7682458 0.03110571 0.6393989
vn 0.7686274 0.01697604 0.639471531
vn 0.177660674 0.0169756059 0.9839454
vn 0.969532669 -0.02003112 0.244141623
vn 0.8995538 -0.0200311672 -0.4363505
vn 0.9687628 -0.0499907434 0.242898256
vn 0.827267647 0.04999342 -0.5595792
vn 0.827566445 0.0200328566 -0.561010242
vn 0.9945438 0.0200329069 0.102378592
vn 0.408744365 -0.0200282671 -0.912429154
vn -0.2735626 -0.0200279877 -0.961645663
vn 0.407384276 -0.04999344 -0.911887467
vn -0.407384068 0.0499932431 -0.9118876
vn -0.408744127 0.02002821 -0.9124293
vn 0.273562968 0.0200279132 -0.961645544
vn -0.8275646 -0.0200346038 -0.561012864
vn -0.9945441 -0.0200346932 0.102375306
vn -0.8272658 -0.0499951355 -0.5595819
vn -0.968762755 0.0499907359 0.242898449
vn -0.969532669 0.0200311411 0.244141564
vn -0.899553835 0.0200311672 -0.4363504
vn 0.803828239 0.035154447 0.5938218
vn 0.998569965 0.05342768 -0.00187865621
vn 0.947649658 0.0599280372 0.3136381
vn 0.8089413 0.0507280044 0.585696757
vn 0.5819183 0.056421794 0.8112877
vn 0.309010625 4.17977571E-06 0.9510586
vn 0.5975403 0.03707855 0.800981164
vn 0.004959184 -0.0107626617 0.9999298
vn -0.3008781 0.03020293 0.953184247
vn 9.182841E-06 1.225248E-05 1
vn -0.004955694 -0.0107628852 0.9999298
vn -0.5975374 0.0370780341 0.8009833
vn -0.80894196 0.0507275946 0.585695863
vn -0.5619541 0.0286038518 0.826673746
vn -0.8038275 0.03515434 0.593822837
vn -0.9436242 0.04721773 0.3276338
vn -0.999105752 0.0416225046 0.00743187172
vn -0.9418967 0.0347632356 0.3340992
vn -0.95447135 0.0509624928 -0.29391703
vn -0.8063707 0.05734674 -0.5886235
vn -0.9567458 0.0423223823 -0.287830353
vn -0.8119188 0.048345115 -0.5817651
vn -0.595630467 0.05482851 -0.801385164
vn -0.305710226 0.05982766 -0.9502431
vn -0.5970605 0.0513932258 -0.8005483
vn -0.312973619 0.0551147424 -0.9481613
vn -0.00250888639 0.05639572 -0.9984054
vn 0.312974542 0.0551120825 -0.9481612
vn 0.002512336 0.0563901663 -0.998405635
vn 0.3056878 0.05981787 -0.9502509
vn 0.5970643 0.0513843745 -0.800546
vn 0.811905146 0.0483372621 -0.5817848
vn 0.5956401 0.0548222177 -0.8013784
vn 0.806371 0.05734772 -0.588623047
vn 0.9504917 0.06485031 -0.3039078
vn 0.9993825 0.0296456553 0.0188640766
vn 0.95447135 0.0509591959 -0.293917716
vn 0.9418972 0.0347594656 0.3340979
vn -1.35377049E-05 0.838051856 0.545590639
vn 0.226040319 0.8243506 0.5189912
vn -0.22603628 0.8243517 0.5189912
vn -0.009997928 0.998340845 -0.05670667
vn -0.009997928 0.998340845 -0.05670667
vn -0.009997928 0.998340845 -0.05670667
vn -0.0183916129 0.997893 -0.06222071
vn -0.0183916129 0.997893 -0.06222071
vn -0.0183916129 0.997893 -0.06222071
vn -0.04234821 0.998470962 -0.03553067
vn -0.04234821 0.998470962 -0.03553067
vn -0.04234821 0.998470962 -0.03553067
vn 0.01774981 0.99936974 0.0307424851
vn 0.01774981 0.99936974 0.0307424851
vn 0.01774981 0.99936974 0.0307424851
vn 0.05438106 0.998517931 -0.00214733765
vn 0.05438106 0.998517931 -0.00214733765
vn 0.05438106 0.998517931 -0.00214733765
vn 0.08020962 -0.00164001342 0.99677664
vn 0.442374974 -0.007582917 0.896798134
vn 0.08022811 -0.00107064855 0.996776
vn 0.448410958 -9.018673E-06 0.893827558
vn 0.756989956 -1.51917329E-05 0.6534266
vn 0.756990254 8.976063E-06 0.65342623
vn 0.9447246 -1.576543E-05 0.327864915
vn 0.944721341 8.976058E-06 0.327874422
vn 0.9990325 -1.54748559E-05 -0.0439774431
vn 0.9990325 8.976072E-06 -0.0439776145
vn 0.912258446 -1.54674053E-05 -0.40961507
vn 0.912256658 8.976079E-06 -0.409619153
vn 0.696649969 -1.51544809E-05 -0.7174112
vn 0.6966499 8.97607E-06 -0.7174113
vn 0.382666767 -1.56015158E-05 -0.9238864
vn 0.382666826 8.976074E-06 -0.9238864
vn -0.00779519975 0.0018061531 -0.999968
vn -0.008090795 8.19146E-05 -0.9999673
vn -0.08020968 0.00163998734 0.99677664
vn -0.442375 0.007582917 0.896798134
vn -0.08022812 0.001070589 0.9967759
vn -0.448410958 9.018674E-06 0.893827558
vn -0.756990135 1.52289867E-05 0.6534263
vn -0.75699 -8.976062E-06 0.653426468
vn -0.94472456 1.578033E-05 0.327865154
vn -0.9447214 -6.304744E-05 0.327874184
vn -0.9990325 1.54748559E-05 -0.0439774431
vn -0.999032557 -8.976072E-06 -0.0439773276
vn -0.9122585 1.54599547E-05 -0.409615
vn -0.9122567 -8.976079E-06 -0.409619
vn -0.696649969 1.51544809E-05 -0.7174112
vn -0.6966499 -8.97607E-06 -0.7174113
vn -0.382666767 1.56015158E-05 -0.9238864
vn -0.382666826 -8.976074E-06 -0.9238864
vn 0.00779508054 -0.001806153 -0.999968
vn 0.008091062 -8.191413E-05 -0.9999673
vn 0.0424659476 0.9990471 0.0100784348
vn 0.0424659476 0.9990471 0.0100784348
vn 0.0424659476 0.9990471 0.0100784348
vn 0.05299446 0.997009 0.05625637
vn 0 1 -1.02195418E-06
vn 0 1 -1.02195418E-06
vn 0 1 -1.02195418E-06
vn 0.00353871915 0.99982965 0.0181145333
vn 0.006685208 0.9998367 0.0167888142
vn -0.0442152023 0.998966932 0.0104931444
vn -0.0442152023 0.998966932 0.0104931444
vn -0.0442152023 0.998966932 0.0104931444
vn -0.0504248962 0.997794747 0.04316288
vn -1 0 -1.24871731E-05
vn -1 0 -1.22189522E-05
vn -0.7660556 1.45584345E-05 0.642774343
vn -0.7660557 0 0.642774165
vn -0.173671454 0 0.9848037
vn -0.173671722 0 0.9848036
vn 0.499993384 0 0.866029263
vn 0.499993026 0 0.866029441
vn 0.939685345 0 0.342040151
vn 0.939685345 0 0.342040151
vn 0.939694464 0 -0.3420151
vn 0.9396874 0 -0.342034578
vn 0.500018239 0 -0.8660149
vn 0.5000188 0 -0.8660146
vn -0.17364341 0 -0.984808564
vn -0.17365472 0 -0.9848066
vn -0.7660562 0 -0.6427736
vn -0.7660439 0 -0.642788231
vn -1 1.65998954E-05 -3.486872E-06
vn -1 0 -4.827976E-06
vn 0 1 0
vn 0 1 0
vn 0 1 0
vn 0 1 0
vn 0 1 0
vn 0 1 0
vn 0 1 0
vn 0 1 0
vn 0 1 0
vn -0.07042167 0.073789604 0.994784355
vn 0.5872321 0.06318788 0.8069484
vn -0.06818518 0.03540149 0.9970444
vn 0.560662448 0.05888312 0.8259482
vn 0.9664008 0.07706385 0.245215639
vn 0.8983578 0.05932561 -0.435239881
vn 0.969298244 0.0349012 0.243398413
vn 0.9107501 0.0595351979 -0.408643931
vn -0.716223657 0.02801167 -0.6973084
vn -0.996901155 0.02801288 -0.073507905
vn -0.718048334 -0.008922064 -0.695936
vn -0.9945618 0.0200321488 -0.102203742
vn 0.994561851 -0.0200310219 -0.102203488
vn 0.6960815 -0.0200310741 -0.7176833
vn 0.9934135 -0.04998752 -0.103105865
vn 0.7162268 -0.02801205 -0.6973052
vn 0.0191914067 0.997727 -0.0645959154
vn 0.0191914067 0.997727 -0.0645959154
vn 0.0191914067 0.997727 -0.0645959154
vn 0.0264693126 0.998597741 -0.045846913
vn -0.0438290872 0.9984093 -0.03546823
vn -0.0438290872 0.9984093 -0.03546823
vn -0.0438290872 0.9984093 -0.03546823
vn -0.0507136434 0.998713255 0
vn -0.0477310345 0.998857558 -0.002311522
vn -0.0362431519 0.9988802 0.030409703
vn -0.0362431519 0.9988802 0.030409703
vn -0.0362431519 0.9988802 0.030409703
vn -0.03359644 0.9992009 0.02165353
vn -0.007694135 0.9990179 0.04363557
vn -0.007694135 0.9990179 0.04363557
vn -0.007694135 0.9990179 0.04363557
vn -9.725827E-07 0.9978096 0.06615119
vn 0.03944366 0.998879135 0.0261658039
vn 0.03944366 0.998879135 0.0261658039
vn 0.03944366 0.998879135 0.0261658039
vn 0.0379976369 0.9991821 0.0138312113
vn 0.04322197 0.99894166 -0.0157307275
vn 0.04322197 0.99894166 -0.0157307275
vn 0.0483775474 0.9980815 -0.0386388563
vn 0.0527567826 -0.998544455 -0.0112146242
vn 0.0527567826 -0.998544455 -0.0112146242
vn 0.0527567826 -0.998544455 -0.0112146242
vn 0.04262628 -0.998611 -0.03096967
vn 0.04262628 -0.998611 -0.03096967
vn 0.0186947025 -0.9993008 -0.03238028
vn 0.0186947025 -0.9993008 -0.03238028
vn 0.009436211 -0.9987405 -0.0492790155
vn 0.00637241453 -0.9981405 -0.0606211126
vn 0.00637241453 -0.9981405 -0.0606211126
vn 0.025762599 -0.9961224 -0.08412182
vn -0.012134036 -0.999228835 -0.03734352
vn -0.012134036 -0.999228835 -0.03734352
vn -0.008127171 -0.999809742 -0.01773365
vn -0.008127171 -0.999809742 -0.01773365
vn -0.0160538275 -0.9997851 0.013112572
vn -0.0160538275 -0.9997851 0.013112572
vn 0.0628373846 -0.9973615 -0.036353223
vn 0.0628373846 -0.9973615 -0.036353223
vn 0.0628373846 -0.9973615 -0.036353223
vn 0.07940235 -0.994094551 0.0739683658
vn 0.07940235 -0.994094551 0.0739683658
vn 0.07940235 -0.994094551 0.0739683658
vn 0.0473147556 -0.998157144 -0.03799548
vn 0.0473147556 -0.998157144 -0.03799548
vn 0.0473147556 -0.998157144 -0.03799548
vn 0.0024787758 -0.998382 0.0568094365
vn 0.0024787758 -0.998382 0.0568094365
vn 0.0024787758 -0.998382 0.0568094365
vn -0.0284558348 -0.994852543 -0.09725587
vn -0.0284558348 -0.994852543 -0.09725587
vn -0.0284558348 -0.994852543 -0.09725587
vn 0.06002234 -0.9978523 -0.0262301583
vn 0.06002234 -0.9978523 -0.0262301583
vn 0.06002234 -0.9978523 -0.0262301583
vn 0.0542258658 -0.998007238 0.03226629
vn 0.0542258658 -0.998007238 0.03226629
vn 0.0542258658 -0.998007238 0.03226629
vn -0.05879793 -0.9977275 -0.0329035148
vn -0.05879793 -0.9977275 -0.0329035148
vn -0.05879793 -0.9977275 -0.0329035148
vn 0.08489966 -0.996022463 -0.0270422231
vn 0.08489966 -0.996022463 -0.0270422231
vn 0.08489966 -0.996022463 -0.0270422231
vn -0.0150463618 -0.99986434 -0.00669922447
vn -0.0150463618 -0.99986434 -0.00669922447
vn -0.0150463618 -0.99986434 -0.00669922447
vn -0.08197231 -0.9893652 0.120154262
vn -0.08197231 -0.9893652 0.120154262
vn -0.08197231 -0.9893652 0.120154262
vn -0.0445620753 -0.998969 -0.008665349
vn -0.0445620753 -0.998969 -0.008665349
vn -0.0445620753 -0.998969 -0.008665349
vn -0.0634944662 -0.9979822 0
vn -0.0634944662 -0.9979822 0
vn -0.0634944662 -0.9979822 0
vn -0.08207723 -0.9965949 0.007870888
vn -0.08207723 -0.9965949 0.007870888
vn -0.08207723 -0.9965949 0.007870888
vn -0.00559333572 -0.998898149 -0.0465965755
vn -0.00559333572 -0.998898149 -0.0465965755
vn -0.00559333572 -0.998898149 -0.0465965755
vn 0.0216302164 -0.9964841 0.0809420645
vn 0.0216302164 -0.9964841 0.0809420645
vn 0.0216302164 -0.9964841 0.0809420645
vn -0.05382305 -0.9968797 -0.0577403456
vn -0.05382305 -0.9968797 -0.0577403456
vn -0.05382305 -0.9968797 -0.0577403456
vn 0.06810131 -0.997517 0.0179446526
vn 0.06810131 -0.997517 0.0179446526
vn 0.06810131 -0.997517 0.0179446526
vn 0.00511943875 -0.9981166 0.0611319579
vn 0.00511943875 -0.9981166 0.0611319579
vn 0.00511943875 -0.9981166 0.0611319579
vn -0.1177001 -0.992739 0.02481677
vn -0.1177001 -0.992739 0.02481677
vn -0.1177001 -0.992739 0.02481677
vn -0.0314131 -0.999494433 -0.00491196243
vn -0.0314131 -0.999494433 -0.00491196243
vn -0.0314131 -0.999494433 -0.00491196243
vn 0.00455343723 -0.9999893 -0.000875895
vn 0.00455343723 -0.9999893 -0.000875895
vn -0.00363277015 -0.999456346 -0.0327708051
vn -0.00363277015 -0.999456346 -0.0327708051
vn 0.0131708151 -0.9997814 -0.0162383225
vn 0.00657419 -0.998020649 0.06254242
vn 0.0142628113 -0.999678135 0.0209808983
vn 0.0142628113 -0.999678135 0.0209808983
vn 0.00657419 -0.998020649 0.06254242
vn 0.00325154024 -0.996960342 0.0778426
vn -0.008400991 -0.9996304 0.025856318
vn -0.008400991 -0.9996304 0.025856318
vn -0.008400991 -0.9996304 0.025856318
vn -0.00990688149 -0.999811 0.016729692
vn 0.021154901 -0.999104559 0.0366404653
vn 0.021154901 -0.999104559 0.0366404653
vn -0.00535457954 -0.997758 0.06671162
vn 0.03911814 -0.9988304 0.0284208078
vn 0.03911814 -0.9988304 0.0284208078
vn -0.0172291752 -0.9977816 -0.06430447
vn -0.0172291752 -0.9977816 -0.06430447
vn -0.0172291752 -0.9977816 -0.06430447
vn -0.0364686362 -0.998669 -0.03647159
vn -0.0364686362 -0.998669 -0.03647159
vn -0.03642971 -0.99871 -0.03537253
vn -0.0136207 -0.9997843 -0.0156789459
vn -0.008994549 -0.9998516 0.0146968774
vn -0.008994549 -0.9998516 0.0146968774
vn -0.0136207 -0.9997843 -0.0156789459
vn -0.0136207 -0.9997843 -0.0156789459
vn 0.00317267282 -0.999488354 -0.0318278
vn 0.09372799 -0.995406747 0.0195053816
vn 0.09372799 -0.995406747 0.0195053816
vn 0.09372799 -0.995406747 0.0195053816
vn 0.0460140966 -0.998892963 0.009780241
vn 0.0460140966 -0.998892963 0.009780241
vn 0.0460140966 -0.998892963 0.009780241
vn -0.00941062 -0.999735236 0.02099796
vn -0.00941062 -0.999735236 0.02099796
vn -0.00941062 -0.999735236 0.02099796
vn -0.0318217352 -0.9993425 -0.017376164
vn -0.0318217352 -0.9993425 -0.017376164
vn -0.0318217352 -0.9993425 -0.017376164
vn 0.04657047 -0.9977716 -0.0477809124
vn 0.04657047 -0.9977716 -0.0477809124
vn 0.04657047 -0.9977716 -0.0477809124
vn -0.07632167 -0.9960967 -0.0443442464
vn -0.07632167 -0.9960967 -0.0443442464
vn -0.07632167 -0.9960967 -0.0443442464
vn -0.08462408 -0.989546657 0.116774261
vn -0.08462408 -0.989546657 0.116774261
vn -0.08462408 -0.989546657 0.116774261
vn 0.0844064057 -0.9895307 0.117067046
vn 0.0844064057 -0.9895307 0.117067046
vn 0.0844064057 -0.9895307 0.117067046
vn 0.04191772 -0.999057949 -0.0112318862
vn 0.04191772 -0.999057949 -0.0112318862
vn 0.04191772 -0.999057949 -0.0112318862
vn -0.0137152839 -0.9990852 0.0405064225
vn -0.0137152839 -0.9990852 0.0405064225
vn -0.0137152839 -0.9990852 0.0405064225
vn 0.0318365134 -0.999221563 -0.0232981369
vn 0.0318365134 -0.999221563 -0.0232981369
vn 0.0318365134 -0.999221563 -0.0232981369
vn -0.0187872723 -0.9998089 0.00540586142
vn -0.0187872723 -0.9998089 0.00540586142
vn -0.0187872723 -0.9998089 0.00540586142
vn 0.0561191142 -0.998310864 0.0150371613
vn 0.0561191142 -0.998310864 0.0150371613
vn 0.0561191142 -0.998310864 0.0150371613
vn 0.08350078 -0.9958335 -0.03665053
vn 0.08350078 -0.9958335 -0.03665053
vn 0.08350078 -0.9958335 -0.03665053
vn 0.116299421 -0.988316834 0.09851033
vn 0.116299421 -0.988316834 0.09851033
vn 0.116299421 -0.988316834 0.09851033
vn 0.0438815877 -0.9983101 0.038097132
vn 0.0438815877 -0.9983101 0.038097132
vn 0.0438815877 -0.9983101 0.038097132
vn -0.09789569 -0.992702842 0.07040997
vn -0.09789569 -0.992702842 0.07040997
vn -0.09789569 -0.992702842 0.07040997
vn 0.0132285282 -0.9986929 0.0493706353
vn 0.03741053 -0.99859947 0.03741179
vn 0.0132285282 -0.9986929 0.0493706353
vn 0.03741053 -0.99859947 0.03741179
vn 0.03741053 -0.99859947 0.03741179
vn 0.04087266 -0.997471452 0.0581396744
vn -0.0286919586 -0.999586 -0.00215459126
vn -0.0286919586 -0.999586 -0.00215459126
vn -0.0286919586 -0.999586 -0.00215459126
vn 0.0143336859 -0.9994051 0.0313694
vn 0.0143336859 -0.9994051 0.0313694
vn 0.0143336859 -0.9994051 0.0313694
vn -0.013554763 -0.998627663 0.05058746
vn -0.013554763 -0.998627663 0.05058746
vn -0.013554763 -0.998627663 0.05058746
vn -0.0141300941 -0.999396443 0.0317360237
vn -0.0141300941 -0.999396443 0.0317360237
vn 0.0587712675 -0.993659 0.09585263
vn 0.0587712675 -0.993659 0.09585263
vn 0.0587712675 -0.993659 0.09585263
vn -0.0631517842 -0.9931717 0.0980907455
vn -0.0631517842 -0.9931717 0.0980907455
vn -0.0631517842 -0.9931717 0.0980907455
vn -0.05541336 -0.996800244 -0.0576080047
vn -0.05541336 -0.996800244 -0.0576080047
vn -0.05541336 -0.996800244 -0.0576080047
vn -0.0571452528 -0.998248458 0.0153148212
vn -0.0571452528 -0.998248458 0.0153148212
vn -0.0571452528 -0.998248458 0.0153148212
vn -0.000298501021 -0.99968183 -0.0252229124
vn -0.000298501021 -0.99968183 -0.0252229124
vn -0.000298501021 -0.99968183 -0.0252229124
vn -0.031887725 -0.9994291 0.0111643123
vn -0.031887725 -0.9994291 0.0111643123
vn -0.031887725 -0.9994291 0.0111643123
vn 0.0183508024 -0.999810755 -0.0064557353
vn 0.0183508024 -0.999810755 -0.0064557353
vn 0.0183508024 -0.999810755 -0.0064557353
vn -0.04463217 -0.9989319 -0.0119599346
vn -0.04463217 -0.9989319 -0.0119599346
vn -0.04463217 -0.9989319 -0.0119599346
vn -0.115638189 -0.9888213 0.09412888
vn -0.115638189 -0.9888213 0.09412888
vn -0.115638189 -0.9888213 0.09412888
vn -0.08743057 -0.995354 -0.04032787
vn -0.08743057 -0.995354 -0.04032787
vn -0.08743057 -0.995354 -0.04032787
vn -0.0272902735 -0.998576343 -0.0458317921
vn -0.0272902735 -0.998576343 -0.0458317921
vn -0.0272902735 -0.998576343 -0.0458317921
vn 0.07651568 -0.996112645 -0.0436452851
vn 0.07651568 -0.996112645 -0.0436452851
vn 0.07651568 -0.996112645 -0.0436452851
vn -0.0495802723 -0.993155658 -0.105753109
vn -0.0495802723 -0.993155658 -0.105753109
vn -0.0495802723 -0.993155658 -0.105753109
vn 0.0542196669 -0.9969495 -0.0561422929
vn 0.0542196669 -0.9969495 -0.0561422929
vn 0.0542196669 -0.9969495 -0.0561422929
vn 0.07303311 -0.9952388 0.06454443
vn 0.07303311 -0.9952388 0.06454443
vn 0.07303311 -0.9952388 0.06454443
vn -0.0261139162 -0.999656558 -0.002198935
vn -0.0261139162 -0.999656558 -0.002198935
vn -0.0261139162 -0.999656558 -0.002198935
vn 0.00777219329 -0.9998084 -0.0179687385
vn 0.00777219329 -0.9998084 -0.0179687385
vn 0.00777219329 -0.9998084 -0.0179687385
vn 0.0279642735 -0.9996075 -0.00169252546
vn 0.0279642735 -0.9996075 -0.00169252546
vn 0.0279642735 -0.9996075 -0.00169252546
vn 0.001433199 -0.9971059 -0.076011464
vn 0.001433199 -0.9971059 -0.076011464
vn 0.001433199 -0.9971059 -0.076011464
vn 0.01679424 -0.999814332 0.009452352
vn 0.0359551758 -0.9990892 0.022979781
vn 0.0359551758 -0.9990892 0.022979781
vn 0.01679424 -0.999814332 0.009452352
vn 0.01679424 -0.999814332 0.009452352
vn 0.00489382073 -0.9994394 0.0331196859
vn 0.00489382073 -0.9994394 0.0331196859
vn -0.0410942733 -0.9983937 -0.0390037633
vn -0.0410942733 -0.9983937 -0.0390037633
vn -0.0410942733 -0.9983937 -0.0390037633
vn 0.0434183627 -0.998980641 -0.0123477392
vn 0.0434183627 -0.998980641 -0.0123477392
vn 0.0434183627 -0.998980641 -0.0123477392
vn 0.0363989733 -0.999300361 -0.008603394
vn 0.0363989733 -0.999300361 -0.008603394
vn 0.0363989733 -0.999300361 -0.008603394
vn -0.0571158044 -0.9983627 0.00311817718
vn -0.0571158044 -0.9983627 0.00311817718
vn -0.0571158044 -0.9983627 0.00311817718
vn 0.0300325342 -0.999540567 0.00408696756
vn 0.0300325342 -0.999540567 0.00408696756
vn 0.000177084017 -0.999982357 -0.00593772
vn -0.0240161289 -0.9995382 -0.0186186284
vn -0.0240161289 -0.9995382 -0.0186186284
vn -0.0240161289 -0.9995382 -0.0186186284
vn 0.0132670552 -0.9998015 -0.014863288
vn 0.0132670552 -0.9998015 -0.014863288
vn 0.0132670552 -0.9998015 -0.014863288
vn -6.93441543E-05 1 -5.77205356E-05
vn -6.93441543E-05 1 -5.77205356E-05
vn -6.93441543E-05 1 -5.77205356E-05
vn -3.29253344E-05 1 5.63205322E-05
vn -3.29253344E-05 1 5.63205322E-05
vn -3.29253344E-05 1 5.63205322E-05
vn 0 1 0
vn 0 1 0
vn 5.38512E-05 1 -1.08966251E-05
vn 0 1 0
vn 0 1 -1.11689087E-06
vn 0 1 0
vn 0 1 0
vn 0 1 0
vn 0 1 0
vn 0 1 0
vn 0 1 0
vn 0 1 -1.11689087E-06
vn 0 1 0
vn 0 1 0
vn 0 1 0
vn 0 1 0
vn 0 1 0
vn 0 1 0
vn 0 1 3.4199914E-07
vn 0 1 -7.39262248E-07
vn 0 1 0
vn 0 1 3.4199914E-07
vn 0 1 0
vn 0 1 -1.21388393E-06
vn 0 1 -1.21388393E-06
vn 0 1 0
vn 0 1 0
vn 0 1 0
vn -7.612549E-07 1 -5.96020072E-05
vn 6.79125151E-06 1 -6.27760237E-05
vn -1.85482459E-05 1 -1.70523963E-05
vn 0 1 -9.717323E-07
vn 0 1 -9.717323E-07
vn 0 1 1.3893598E-06
vn 0 1 -9.653889E-07
vn 0 1 1.49790071E-06
vn 0 1 0
vn -1.09144321E-05 1 -0.00010225414
vn 5.95821766E-05 1 0
vn 4.79712E-05 1 -3.14286262E-05
vn 4.57052629E-05 1 2.67655214E-05
vn 4.57052629E-05 1 2.67655214E-05
vn 4.57052629E-05 1 2.67655214E-05
vn -1.85482459E-05 1 -1.70523963E-05
vn -6.0065755E-05 1 1.12191892E-05
vn -6.0065755E-05 1 1.12191892E-05
vn -6.0065755E-05 1 1.12191892E-05
vn 0 1 0
vn -1.09144321E-05 1 -0.00010225414
vn -3.174989E-05 1 -5.97403368E-06
vn -6.434648E-05 1 4.96184339E-06
vn 4.10848952E-06 1 8.13914E-05
vn 0 1 -1.502957E-06
vn -7.484637E-05 1 5.488853E-05
vn -7.484637E-05 1 5.488853E-05
vn -7.484637E-05 1 5.488853E-05
vn 0 1 -7.464307E-07
vn 0 1 0
vn 0 1 -2.2753984E-06
vn 1.10476149E-05 1 -7.331553E-05
vn 2.67777541E-05 1 -4.931167E-05
vn 4.19979E-05 1 -4.715985E-05
vn 0 1 0
vn 0 1 -7.464307E-07
vn 0 1 0
vn 0 1 0
vn -6.711662E-05 1 -5.53046557E-05
vn 2.11193378E-06 1 3.927574E-05
vn 0 1 -4.18919E-05
vn 0 1 -4.18919E-05
vn 0 1 0
vn 2.11193378E-06 1 3.927574E-05
vn 0 1 6.9649235E-07
vn 0 1 6.9649235E-07
vn 0 1 7.42697068E-07
vn -7.706635E-05 1 1.22299734E-05
vn -7.706635E-05 1 1.22299734E-05
vn -3.17274134E-05 1 2.67981068E-05
vn 0 1 7.42697068E-07
vn -3.17274134E-05 1 2.67981068E-05
vn -9.318977E-06 1 8.716325E-05
vn 3.63012769E-05 1 -6.160304E-06
vn -4.976348E-06 1 -3.40854858E-05
vn 3.63012769E-05 1 -6.160304E-06
vn 3.63012769E-05 1 -6.160304E-06
vn -4.976348E-06 1 -3.40854858E-05
vn -4.976348E-06 1 -3.40854858E-05
vn -5.37452834E-05 1 -3.0398538E-05
vn 0 1 -1.979295E-07
vn -5.37452834E-05 1 -3.0398538E-05
vn -5.37452834E-05 1 -3.0398538E-05
vn 0 1 0
vn 0 1 0
vn 2.84556863E-05 1 2.90129E-05
vn 2.84556863E-05 1 2.90129E-05
vn 0 1 -1.979295E-07
vn 0 1 7.80581331E-07
vn 0 1 7.80581331E-07
vn 0 1 7.80581331E-07
vn 2.9359966E-05 1 2.325874E-05
vn 0 1 1.50305652E-06
vn 0 1 1.50305652E-06
vn 0 1 2.17075831E-06
vn 0 1 1.0929798E-06
vn 0 1 1.0929798E-06
vn 0 1 0
vn 0 1 0
vn 6.28557245E-05 1 4.599239E-05
vn 6.28557245E-05 1 4.599239E-05
vn 6.28557245E-05 1 4.599239E-05
vn 0 1 0
vn 0 1 -2.00899945E-06
vn 4.4007822E-05 1 -2.700546E-05
vn 4.4007822E-05 1 -2.700546E-05
vn 3.90865425E-05 1 -4.36728224E-05
vn 6.61319646E-05 1 -5.09914025E-06
vn 0 1 0
vn 5.50643854E-05 1 -3.51114468E-05
vn 5.50643854E-05 1 -3.51114468E-05
vn 0 1 0
vn 0 1 0
vn 0 1 -1.49761809E-06
vn 0 1 0
vn -9.318977E-06 1 8.716325E-05
vn -5.468292E-05 1 2.77213076E-05
vn 7.39759435E-06 1 7.933338E-05
vn 5.123157E-05 1 -3.8266724E-05
vn 5.123157E-05 1 -3.8266724E-05
vn 0 1 0
vn 1.95921111E-05 1 -4.63325E-05
vn 1.95921111E-05 1 -4.63325E-05
vn 0 1 0
vn 0 1 0
vn 0 1 1.56139242E-06
vn 0 1 1.56139242E-06
vn 0 1 1.56139242E-06
vn 0 1 -1.766922E-06
vn 0 1 -1.766922E-06
vn 0 1 1.56128522E-06
vn 0 1 1.88526462E-06
vn 0 1 1.88526462E-06
vn 0 1 1.88526462E-06
vn 9.43617342E-05 1 4.24562859E-05
vn 9.43617342E-05 1 4.24562859E-05
vn 9.43617342E-05 1 4.24562859E-05
vn -8.197916E-05 1 1.58749353E-05
vn -8.197916E-05 1 1.58749353E-05
vn -8.197916E-05 1 1.58749353E-05
vn 8.596803E-05 1 -1.50113647E-05
vn 8.596803E-05 1 -1.50113647E-05
vn 8.596803E-05 1 -1.50113647E-05
vn -2.45252832E-05 1 -2.759997E-05
vn -2.45252832E-05 1 -2.759997E-05
vn -2.45252832E-05 1 -2.759997E-05
vn 4.98381778E-05 1 -2.69452448E-06
vn 4.98381778E-05 1 -2.69452448E-06
vn 4.98381778E-05 1 -2.69452448E-06
vn -1.2430366E-05 1 -4.05904757E-05
vn -1.2430366E-05 1 -4.05904757E-05
vn -1.2430366E-05 1 -4.05904757E-05
vn -4.45110054E-05 1 3.431833E-05
vn -4.45110054E-05 1 3.431833E-05
vn -4.45110054E-05 1 3.431833E-05
vn 7.93044237E-05 1 -3.08804E-05
vn 7.93044237E-05 1 -3.08804E-05
vn 7.93044237E-05 1 -3.08804E-05
vn 4.675373E-05 1 -4.74413246E-05
vn 4.675373E-05 1 -4.74413246E-05
vn 4.675373E-05 1 -4.74413246E-05
vn 4.25423277E-05 1 4.540804E-05
vn 4.25423277E-05 1 4.540804E-05
vn 4.25423277E-05 1 4.540804E-05
vn -7.046106E-06 1 -3.762377E-05
vn -7.046106E-06 1 -3.762377E-05
vn -7.046106E-06 1 -3.762377E-05
vn -8.45993563E-05 1 -1.41572436E-05
vn -8.45993563E-05 1 -1.41572436E-05
vn -8.45993563E-05 1 -1.41572436E-05
vn -8.082467E-05 1 3.53576761E-05
vn -8.082467E-05 1 3.53576761E-05
vn -8.082467E-05 1 3.53576761E-05
vn 0.5917767 -0.004178343 0.8060911
vn -0.0637989342 -0.0455098078 0.9969245
vn 0.592234 -0.02317806 0.805432558
vn -0.1778656 -0.03773715 0.983330965
vn -0.17797786 -0.04425095 0.983039
vn 0.496202469 -0.0442512 0.8670784
vn -0.0184264779 -0.00432207063 0.9998209
vn -0.656549156 0.0156159149 0.7541216
vn -0.0197691321 -0.0266103148 0.9994504
vn -0.986587 -0.0111460183 0.162855312
vn -0.860674262 0.02096092 -0.508724451
vn -0.9864627 -0.0270864479 0.1617334
vn -0.296408743 0.015632689 -0.9549332
vn 0.386592031 -0.004533666 -0.9222397
vn -0.272500873 -0.054985404 -0.9605831
vn -0.298569143 -0.0548945852 -0.952807963
vn -0.842033267 -0.0252301916 -0.538835347
vn -0.842085838 -0.0424371921 -0.5376714
vn 0.359734356 -0.05274908 -0.931562543
vn 0.8753024 -0.0328208879 -0.482460946
vn 0.36127454 -0.018891193 -0.9322681
vn 0.898023963 -0.06650809 -0.434890449
vn 0.8986344 -0.05499224 -0.435237944
vn 0.407628357 -0.0549905971 -0.9114907
vn 0.8890455 0.0156326387 -0.457551867
vn 0.975326538 -0.00452625751 0.220720708
vn 0.9814501 -0.0622206442 0.181340262
vn 0.636723936 -0.0218903217 0.7707811
vn 0.9830292 -0.0177866388 0.182585046
vn 0.716393948 -0.03756101 0.6966842
vn 0.7164871 -0.01606616 0.6974153
vn 0.997157454 -0.0160667449 0.0736132
vn 0.0107532153 -0.0534758158 0.998511255
vn -0.6335756 -0.00657211058 0.773652852
vn -0.161520034 -0.0172781851 0.9867182
vn -0.6722376 -0.06283071 0.7376646
vn -0.7904442 -0.0534061939 0.610201359
vn -0.212322474 -0.0534208119 0.9757384
vn -0.6836933 0.01677164 0.7295767
vn -0.9921856 -0.0308339968 0.120900862
vn -0.8567381 -0.0311519224 -0.514810145
vn -0.9996858 -0.0184930582 -0.0169200748
vn -0.9153547 -0.0306799635 -0.401477784
vn -0.8321959 -0.01854153 -0.5541717
vn -0.99370265 -0.0183869246 0.110530555
vn -0.863303363 -0.0273131561 -0.503945768
vn -0.337671 -0.007146684 -0.9412371
vn -0.763132751 -0.0171707049 -0.646013558
vn 0.372602135 -0.016180316 -0.9278501
vn -0.138968065 -0.0226741321 -0.990037262
vn 0.8646543 -0.0141690085 -0.502167463
vn 0.497206867 -0.01765994 -0.867452264
vn -0.193059087 -0.0347649641 -0.9805711
vn -0.0194484275 -0.03663312 -0.999139547
vn -0.6574627 -0.0367945358 -0.752588153
vn 0.88405025 -0.0611060038 -0.463380218
vn 0.951541245 -0.0518210046 -0.3031235
vn 0.5332558 -0.0518432073 -0.844364
vn 0.88663125 0.009698809 -0.462375432
vn 0.9763503 -0.02291374 0.2149769
vn 0.6171031 0.003703337 0.786873639
vn 0.937975049 -0.01797663 0.346236438
vn -0.0328091644 -0.0161930081 0.999330461
vn 0.469195932 -0.0226519126 0.8828035
vn 0.609912157 -0.059687838 0.790218
vn -0.460398674 -0.0299487 -0.8872069
vn -0.129795372 -0.02814578 -0.99114126
vn -0.7367163 -0.0278867278 -0.675626755
vn -0.3339342 -0.0287987031 -0.9421564
vn 0.354466617 -0.02707262 -0.9346767
vn 0.0139077324 -0.01799995 -0.999741256
vn -0.8769159 -0.005351059 -0.480614126
vn -0.6370036 -0.0235330146 -0.770501554
vn -0.9865919 -0.0310901888 0.160218492
vn -0.9836675 -0.0465540029 -0.173870668
vn -0.8720674 -0.0219334029 0.488894165
vn -0.6322047 -0.0102362689 0.7747338
vn -0.0216880273 -0.0389028 0.999007642
vn -0.341997325 -0.04656994 0.93854624
vn 0.321875185 -0.0235087033 0.9464902
vn 0.625539839 -0.00535564264 0.7801739
vn 0.9819093 -0.0310993567 0.18678081
vn 0.864911854 -0.04654987 0.499760538
vn 0.986673236 -0.021936316 -0.161229044
vn 0.85911715 -0.0102258539 -0.511676848
vn 0.329213142 -0.0310954917 -0.943743467
vn 0.632996 -0.0219258927 -0.77384454
vn 0.4604285 -0.027467642 -0.887271762
vn 0.7367457 -0.0255594142 -0.675686657
vn 0.129825 -0.0258059148 -0.991201043
vn -0.6498632 0.0115837567 0.759963
vn -0.985751331 -0.0299893264 0.165514186
vn -0.9419756 -0.0254283063 0.334716856
vn -0.482408524 -0.03225812 -0.875352144
vn 0.0199304521 -0.0344630256 -0.9992072
vn -0.62734884 -0.03430644 -0.7779823
vn 0.443147779 -0.0344542563 -0.8957862
vn 0.8322742 -0.0218575522 -0.5539331
vn 0.281327 -0.0220274013 -0.9593591
vn 0.8661639 -0.0464595929 -0.497595847
vn 0.9899927 0.003708663 0.141070411
vn 0.99913317 -0.0226413682 -0.03493315
vn 0.302015841 -0.00342722773 -0.9532967
vn 0.7679057 -0.0176515151 -0.640319645
vn -0.346259624 -0.0177148264 -0.9379715
vn 0.131834969 -0.020196652 -0.9910659
vn -0.881325841 -0.02365767 -0.4719164
vn -0.504967034 -0.0237317644 -0.86281234
vn -0.9752864 -0.0573815852 0.213363
vn -0.9514512 -0.0483589545 -0.303977251
vn -0.9239456 -0.04831926 0.3794599
vn 0.989312768 -0.0596559569 0.133046821
vn 0.789986253 -0.05049882 0.611041367
vn 0.9978987 -0.05047075 -0.040631976
vn 0.9854951 -0.0206541941 0.168442518
vn 0.6673831 -0.0161812641 0.744538844
vn 0.768843353 -0.0179715343 0.639184654
vn 0.03292039 0.00370395277 0.9994511
vn 0.2078305 -0.02264167 0.9779028
vn 0.0406376459 -0.0596600957 0.9973912
vn -0.464684844 -0.050485108 0.884035766
vn -0.61525023 -0.0259208344 0.787905633
vn -0.421767384 -0.0143997576 0.906589746
vn -0.4287477 -0.0429357179 0.9024035
vn -0.32738626 -0.0429354869 0.943914652
vn -0.383215636 0.0428996161 0.922662139
vn -0.481872946 0.0428994931 0.8751903
vn -0.3910055 0.0143510289 0.920276463
vn 0.735576 -0.0113285184 0.677347541
vn 0.9162235 -0.0077194 0.400593251
vn 0.735488 -0.0146484375 0.6773794
vn 0.941224754 0.010685361 0.337611854
vn 0.941212 0.007572217 0.3377316
vn 0.779779 0.00597537262 0.626026332
vn 0.9859643 0.017487321 -0.166037977
vn 0.986466944 -0.00330378162 0.163926929
vn 0.9858668 0.02492233 -0.165666983
vn 0.976348042 -0.0148520777 0.215694085
vn 0.9764573 -0.008633804 0.2155378
vn 0.99348855 0.000220429167 -0.113931641
vn -0.5024757 -0.01813601 -0.8644011
vn -0.8091087 0.008113954 -0.5876031
vn -0.502746 -0.0275584161 -0.863994837
vn -0.8429735 0.0195848 -0.5375986
vn -0.842943668 0.0117315641 -0.537874
vn -0.5538133 0.0008384213 -0.8326405
vn -0.9952348 0.0104306778 0.09694813
vn -0.949326634 0.00724272849 -0.3142078
vn -0.9951748 0.01434055 0.09706415
vn -0.9209049 -0.0139308861 -0.389538318
vn -0.921005845 -0.0102294991 -0.389414459
vn -0.999820769 -0.009043902 0.0166345425
vn 0 1 0
vn 0 1 0
vn 0 1 0
vn 0 1 -1.55783141E-06
vn 0 1 -1.55783141E-06
vn 0 1 -1.55783141E-06
vn 0 1 -6.8279337E-07
vn 0 1 -6.8279337E-07
vn 0 1 -6.8279337E-07
vn 0 1 0
vn 0 1 0
vn 0 1 0
vn 0 1 1.32689354E-06
vn 0 1 1.32689354E-06
vn 0 1 1.32689354E-06
vn 0 1 1.59588376E-06
vn 0 1 1.59588376E-06
vn 0 1 1.59588376E-06
vn 0 1 0
vn 0 1 0
vn 0 1 0
vn 0 1 -1.32030164E-06
vn 0 1 -1.32030164E-06
vn 0 1 -7.708811E-07
vn 0 1 1.90232115E-07
vn 0 1 1.90232115E-07
vn 0 1 1.90232115E-07
vn 0 1 0
vn 0 1 0
vn 0 1 0
vn 0 1 1.31739114E-06
vn 0 1 1.31739114E-06
vn 0 1 1.31739114E-06
vn 0 1 0
vn 0 1 0
vn 0 1 0
vn 0 1 6.634344E-07
vn 0 1 6.634344E-07
vn 0 1 6.634344E-07
vn -0.985964537 -0.0174891148 -0.1660363
vn -0.986466646 0.0033019986 0.163928792
vn -0.985859036 -0.02492743 -0.165712222
vn -0.9763474 0.0148534784 0.2156969
vn -0.976456642 0.00863526948 0.215540856
vn -0.9934889 -0.000218952089 -0.11392875
vn -0.735577 0.011326056 0.677346468
vn -0.9162241 0.007716572 0.40059188
vn -0.7354891 0.014646058 0.677378237
vn -0.941223264 -0.0106853843 0.337616175
vn -0.941210449 -0.00757217035 0.337735921
vn -0.7797762 -0.00597522128 0.6260298
vn 0.3910058 -0.0143515 0.9202763
vn 0.3832159 -0.04290013 0.922662
vn 0.481873155 -0.04290002 0.8751902
vn 0.428747654 0.0429360829 0.9024035
vn 0.3273862 0.042935852 0.943914652
vn 0.4217673 0.0144001339 0.906589746
vn 0.9952348 -0.0104324082 0.09694811
vn 0.949326634 -0.00724441 -0.314207762
vn 0.9951748 -0.0143423155 0.09706422
vn 0.9209026 0.0139317652 -0.3895437
vn 0.9210035 0.0102302758 -0.389419943
vn 0.9998208 0.009044718 0.01662864
vn 0.5024756 0.0181361567 -0.864401162
vn 0.8091087 -0.008114108 -0.5876031
vn 0.502746165 0.0275586434 -0.8639947
vn 0.8429724 -0.01958412 -0.5376002
vn 0.8429425 -0.0117307277 -0.5378758
vn 0.5538201 -0.0007387344 -0.832636058
vn -0.920293033 -0.0143204741 0.390967578
vn -0.922681034 -0.04289437 0.383170754
vn -0.8751909 -0.04289437 0.48187238
vn -0.902382135 0.0429427475 0.428791851
vn -0.943898261 0.0429427549 0.327432454
vn -0.9065724 0.01438122 0.4218053
vn -0.0970026 -0.0104294727 0.9952295
vn 0.314154148 -0.00724016968 0.9493444
vn -0.09711614 -0.0143408105 0.995169759
vn 0.38958174 0.0139377657 0.920886457
vn 0.389459372 0.010234572 0.920986831
vn -0.0165850036 0.009044875 0.9998216
vn 0.8644131 0.0181301758 0.5024553
vn 0.5876605 -0.00811226 0.809066951
vn 0.864006758 0.0275514219 0.5027259
vn 0.5375937 -0.0195772275 0.842976749
vn 0.5378694 -0.0117232194 0.8429467
vn 0.832637668 -0.0008392577 0.5538176
vn 0.166111037 -0.017480975 -0.9859521
vn -0.163854092 0.0033077728 -0.986479044
vn 0.165739521 -0.0249217357 -0.9858546
vn -0.215715751 0.014855505 -0.9763432
vn -0.215560362 0.008635743 -0.976452351
vn 0.113860615 -0.00021770969 -0.9934967
vn -0.6773422 0.0113205453 -0.73558104
vn -0.4005866 0.0077111586 -0.916226447
vn -0.677373767 0.0146380905 -0.735493362
vn -0.337611973 -0.0106824534 -0.941224754
vn -0.33773163 -0.00756967952 -0.941212
vn -0.6260266 -0.00597991375 -0.779778838
vn -0.906576 -0.0143848471 -0.4217974
vn -0.9023856 -0.0429463647 -0.428784162
vn -0.9439009 -0.04294634 -0.3274244
vn -0.922662258 0.04289846 -0.3832155
vn -0.8751905 0.042898342 -0.4818728
vn -0.920276463 0.0143495062 -0.3910055
vn -0.6773095 -0.0113248508 0.7356111
vn -0.400545061 -0.00771408854 0.916244566
vn -0.6773424 -0.0146424407 0.735522151
vn -0.337591738 0.0106889317 0.941231966
vn -0.3377116 0.00757638738 0.941219151
vn -0.6260098 0.00598881533 0.7797922
vn 0.166016489 0.0174786877 0.9859681
vn -0.163948253 -0.00331616565 0.986463368
vn 0.165645212 0.0249146689 0.985870659
vn -0.215573475 -0.01485224 0.9763747
vn -0.215416491 -0.008636906 0.9764841
vn 0.114007674 0.000227674842 0.993479848
vn 0.8644339 -0.01812973 -0.5024195
vn 0.587695241 0.008112187 -0.8090417
vn 0.864027143 -0.02755101 -0.5026908
vn 0.537560642 0.0195814222 -0.8429977
vn 0.5378348 0.0117273554 -0.8429687
vn 0.832614541 0.000844716968 -0.55385226
vn -0.09688198 0.0104296338 -0.9952413
vn 0.314271748 0.007238727 -0.9493055
vn -0.09700068 0.0143407285 -0.995181
vn 0.389530152 -0.0139360642 -0.9209083
vn 0.389405429 -0.0102332318 -0.9210096
vn -0.0166447759 -0.009043538 -0.9998206
vn -0.3910056 -0.0143491067 -0.920276463
vn -0.3832159 -0.0428974852 -0.922662139
vn -0.4818732 -0.04289737 -0.8751903
vn -0.428774685 0.0429505 -0.902389944
vn -0.327459663 0.04295056 -0.9438885
vn -0.4217878 0.01438951 -0.9065804
vn -0.9952336 -0.0104330759 -0.0969600752
vn -0.9493304 -0.00724522956 0.3141963
vn -0.995173633 -0.0143429413 -0.09707577
vn -0.9209001 0.01393199 0.3895497
vn -0.921000838 0.0102304639 0.38942638
vn -0.999820948 0.009045069 -0.0166214127
vn -0.5023935 0.0181412678 0.8644488
vn -0.8090199 -0.008164718 0.5877245
vn -0.502665 0.0275658015 0.8640417
vn -0.843045 -0.0195811857 0.5374865
vn -0.84301573 -0.0117243221 0.537761152
vn -0.553885639 -0.0008419379 0.8325923
vn 0.985963941 -0.017490495 0.166039854
vn 0.9864673 0.00330109848 -0.163925216
vn 0.9858664 -0.0249251463 0.165668726
vn 0.9763484 0.0148500958 -0.215692624
vn 0.976457655 0.008632339 -0.2155363
vn 0.993488431 -0.000220784932 0.113933347
vn 0.7355961 0.0113159381 -0.677325845
vn 0.9162355 0.007707303 -0.400565922
vn 0.7355079 0.0146358982 -0.677358031
vn 0.9412211 -0.01068721 -0.337622
vn 0.941208363 -0.007573941 -0.337741643
vn 0.7797723 -0.00597669557 -0.6260347
vn 0.421805233 -0.0144027229 -0.9065721
vn 0.428791225 -0.04296412 -0.9023814
vn 0.3274772 -0.0429642536 -0.94388175
vn 0.383216053 0.0428980142 -0.922662
vn 0.481873184 0.0428979434 -0.875190258
vn 0.3910054 0.0143495221 -0.9202765
vn -0.7355972 -0.0113159595 -0.6773247
vn -0.9162361 -0.00770735834 -0.400564551
vn -0.7355089 -0.0146358535 -0.677356958
vn -0.941221654 0.0106872395 -0.337620556
vn -0.9412089 0.00757394964 -0.337740272
vn -0.779773235 0.00597674772 -0.6260335
vn -0.9859643 0.01749321 0.166037187
vn -0.9864668 -0.00330125145 -0.163927913
vn -0.985858858 0.0249318741 0.165712774
vn -0.9763482 -0.0148528228 -0.2156932
vn -0.9764575 -0.008634554 -0.21553719
vn -0.9934885 0.000219691559 0.113932461
vn 0.5023935 -0.0181413647 0.8644488
vn 0.809024334 0.008098914 0.5877194
vn 0.502665 -0.0275659133 0.8640417
vn 0.843026638 0.0195743088 0.5375156
vn 0.842997 0.0117173884 0.537790656
vn 0.5538561 0.0008329265 0.832612
vn 0.995233834 0.0104292687 -0.09695795
vn 0.9493298 0.007243475 0.314198166
vn 0.9951739 0.0143389339 -0.0970740542
vn 0.9209052 -0.0139357308 0.3895376
vn 0.921006262 -0.0102340821 0.389413416
vn 0.9998207 -0.009046479 -0.0166358631
vn 0.920273542 -0.0143477563 -0.3910124
vn 0.9226595 -0.0428966731 -0.383222252
vn 0.875187 -0.04289653 -0.481879264
vn 0.9023848 0.0429477952 -0.428785652
vn 0.9439003 0.042947758 -0.3274259
vn 0.906575143 0.0143869063 -0.421799153
vn 0.09688209 -0.0104297632 -0.9952412
vn -0.314271629 -0.007238663 -0.949305534
vn 0.09700078 -0.0143407732 -0.995180964
vn -0.389530152 0.0139364442 -0.9209083
vn -0.389405429 0.0102335894 -0.9210096
vn 0.0166448038 0.009043697 -0.9998206
vn -0.864433348 0.0181277674 -0.502420545
vn -0.5876943 -0.008113873 -0.8090424
vn -0.8640266 0.0275489911 -0.5026919
vn -0.5375618 -0.0195796713 -0.8429971
vn -0.537836134 -0.0117256735 -0.842967868
vn -0.8326153 -0.0008429774 -0.5538511
vn -0.166016549 -0.0174932536 0.9859678
vn 0.163948312 0.00330090919 0.9864634
vn -0.1656453 -0.0249291826 0.985870242
vn 0.2156212 0.014850378 0.976364136
vn 0.215465054 0.008634996 0.9764734
vn -0.113957793 -0.000228885561 0.99348557
vn 0.6773103 0.0113263335 0.7356103
vn 0.400546 0.007715421 0.916244149
vn 0.67734313 0.0146439662 0.735521436
vn 0.337591052 -0.0106902122 0.9412322
vn 0.337710738 -0.00757760927 0.941219449
vn 0.6260092 -0.00599004561 0.779792666
vn 0.90657264 -0.0143823512 0.421804726
vn 0.9023824 -0.04294388 0.428791285
vn 0.943898439 -0.0429439 0.327431858
vn 0.9226811 0.04289612 0.3831703
vn 0.875191033 0.04289613 0.481872022
vn 0.920293152 0.014322211 0.3909672
vn 0.6773423 -0.0113104628 -0.73558104
vn 0.400586754 -0.007699098 -0.9162265
vn 0.6773739 -0.014628523 -0.7354935
vn 0.337609917 0.0106844911 -0.941225469
vn 0.337728769 0.00757127069 -0.941213
vn 0.6260238 0.00598093541 -0.779781044
vn -0.166111022 0.0174808428 -0.9859521
vn 0.163854048 -0.00330790016 -0.986479044
vn -0.165739536 0.0249216445 -0.9858546
vn 0.215715751 -0.0148555422 -0.9763432
vn 0.215560392 -0.008635739 -0.976452351
vn -0.113860615 0.00021770969 -0.9934967
vn -0.864432037 -0.0181300379 0.5024227
vn -0.587691665 0.008113198 0.809044361
vn -0.8640255 -0.0275518224 0.5026936
vn -0.5375923 0.019589657 0.842977345
vn -0.5378679 0.0117350481 0.8429474
vn -0.8326367 0.0008485335 0.553819
vn 0.09700227 0.0104292668 0.995229542
vn -0.314154357 0.007239059 0.949344337
vn 0.09711592 0.0143408775 0.995169759
vn -0.389530271 -0.013925612 0.9209084
vn -0.389406651 -0.0102222646 0.921009243
vn 0.0166428052 -0.009031113 0.999820769
vn -1 -1.72324362E-05 1.22189522E-06
vn -1 -9.979414E-06 1.505017E-06
vn -0.913543344 1.05053186E-05 -0.406741321
vn -0.913543344 9.979422E-06 -0.406741351
vn -0.6691287 -9.979398E-06 -0.7431466
vn -0.66914016 -1.70342282E-05 -0.7431362
vn -0.30900377 -9.979365E-06 -0.951060832
vn -0.309037656 -1.708388E-05 -0.9510498
vn 0.104545064 -9.979373E-06 -0.9945201
vn 0.104511373 -1.70343174E-05 -0.9945237
vn 0.5000114 -9.97937E-06 -0.8660189
vn 0.499988943 -1.71333832E-05 -0.8660318
vn 0.809010267 -9.979444E-06 -0.5877945
vn 0.8090188 -1.70836829E-05 -0.5877828
vn 0.978147 -9.979419E-06 -0.207914829
vn 0.978147 -1.72820182E-05 -0.207914844
vn 0.978148043 -9.979414E-06 0.207909659
vn 0.9781496 -1.70837884E-05 0.207902461
vn 0.8090208 -9.979431E-06 0.58778
vn 0.809013247 -1.71332285E-05 0.5877905
vn 0.50000596 -9.979438E-06 0.866021931
vn 0.499991357 8.939378E-05 0.866030455
vn 0.104548238 -9.979452E-06 0.9945198
vn 0.104530461 8.93939359E-05 0.9945217
vn -0.309022784 -9.979398E-06 0.951054633
vn -0.309008151 8.949375E-05 0.9510594
vn -0.669127166 -9.979422E-06 0.743147969
vn -0.6691268 8.939431E-05 0.7431482
vn -0.913544953 -9.979416E-06 0.406737864
vn -0.913544834 -1.68358747E-05 0.4067381
vn -1 1.02818012E-05 -4.798174E-06
vn -1 9.97942152E-06 -4.798174E-06
vn -0.0354656167 -0.9985944 -0.0393881053
vn -0.0354656167 -0.9985944 -0.0393881053
vn -0.0354656167 -0.9985944 -0.0393881053
vn -0.0286741629 -0.9989038 -0.03700021
vn -0.0222924724 -0.9997022 0.00992472749
vn -0.0222924724 -0.9997022 0.00992472749
vn -0.0222924724 -0.9997022 0.00992472749
vn -0.0183167569 -0.9998186 0.005223818
vn -0.036785882 -0.9984877 0.0408541076
vn -0.0386902951 -0.99784255 0.0530405
vn -0.036785882 -0.9984877 0.0408541076
vn -0.036785882 -0.9984877 0.0408541076
vn -0.04903224 -0.99771893 0.046398364
vn -0.00120915135 -0.997506142 -0.0705696642
vn -0.00120915135 -0.997506142 -0.0705696642
vn -0.00120915135 -0.997506142 -0.0705696642
vn 0.016858099 -0.9978763 -0.0629188344
vn 0.03535488 -0.998749256 -0.03535488
vn 0.03535488 -0.998749256 -0.03535488
vn 0.0353140719 -0.998791635 -0.03418003
vn -0.0378332064 -0.998567641 0.0378332064
vn -0.04095583 -0.997525752 0.05714008
vn -0.0378332064 -0.998567641 0.0378332064
vn -0.0378332064 -0.998567641 0.0378332064
vn -0.04515419 -0.998232 0.0386519134
vn -1.96695328E-06 0 1
vn 1.17868185E-05 0 1
vn 0.499983966 1.50799751E-05 0.8660347
vn 0.499984 0 0.8660346
vn 0.866028547 0 0.499994576
vn 0.866028368 0 0.499994934
vn 1 0 -1.832843E-06
vn 1 0 -9.626151E-06
vn 0.866016865 0 -0.5000148
vn 0.8660275 0 -0.499996424
vn 0.499996364 0 -0.866027534
vn 0.500014663 0 -0.8660169
vn 1.67489052E-05 0 -1
vn -1.11013651E-05 0 -1
vn -0.500018358 0 -0.866014838
vn -0.500000834 0 -0.8660249
vn -0.8660286 0 -0.499994457
vn -0.866032064 0 -0.4999885
vn -1 0 9.670854E-06
vn -1 0 1.00582847E-05
vn -0.866028 0 0.499995559
vn -0.8660179 0 0.500013053
vn -0.499984 0 0.8660346
vn -0.499995828 0 0.866027832
vn -1.18389726E-05 1.50725245E-05 1
vn -1.17868185E-05 0 1
vn 1 0 -2.01165676E-05
vn 1 0 -1.564622E-05
vn 0.8412458 1.32620326E-05 0.540652931
vn 0.8412457 0 0.54065305
vn 0.4154221 0 0.909628749
vn 0.4154368 0 0.909622
vn -0.142305851 0 0.989822745
vn -0.142324165 0 0.9898201
vn -0.654845238 0 0.755763054
vn -0.6548516 0 0.7557575
vn -0.959488034 0 0.281749278
vn -0.959488034 0 0.281749278
vn -0.959497035 0 -0.2817189
vn -0.959499359 0 -0.281710774
vn -0.654844 0 -0.755764067
vn -0.654857934 0 -0.755752
vn -0.142294228 0 -0.9898244
vn -0.142325655 0 -0.989819944
vn 0.41544047 0 -0.909620345
vn 0.4154409 0 -0.909620166
vn 0.841243267 0 -0.540656745
vn 0.84124583 0 -0.5406529
vn 1 1.20252353E-05 2.06604564E-05
vn 1 0 2.06232071E-05
vn 5.137601E-05 1 3.31291121E-05
vn 5.137601E-05 1 3.31291121E-05
vn 5.137601E-05 1 3.31291121E-05
vn 5.574117E-05 1 2.23743682E-05
vn -4.36012524E-05 1 4.70893538E-05
vn -4.36012524E-05 1 4.70893538E-05
vn -4.36012524E-05 1 4.70893538E-05
vn -4.447464E-05 1 2.67711948E-05
vn -3.885923E-05 1 -6.60578E-05
vn -3.885923E-05 1 -6.60578E-05
vn -3.885923E-05 1 -6.60578E-05
vn -4.96565845E-05 1 -3.096143E-05
vn 1.96079127E-05 1 -3.48383473E-05
vn 1.96079127E-05 1 -3.48383473E-05
vn 1.96079127E-05 1 -3.48383473E-05
vn 1.919522E-05 1 -3.27189446E-05
vn 0 1 0
vn 0 1 0
vn 0 1 0
vn 0 1 0
vn 0 1 0
vn -3.065215E-05 1 -3.138388E-05
vn -3.065215E-05 1 -3.138388E-05
vn -3.065215E-05 1 -3.138388E-05
vn -3.201989E-05 1 -1.56863825E-05
vn -8.116781E-05 1 -1.45089571E-05
vn -8.116781E-05 1 -1.45089571E-05
vn -8.116781E-05 1 -1.45089571E-05
vn -4.82708674E-05 1 4.845058E-05
vn 0.000100453108 1 9.605295E-05
vn 0.000100453108 1 9.605295E-05
vn 0.000100453108 1 9.605295E-05
vn 6.155639E-05 1 -2.39843521E-05
vn -0.6771459 -0.0370217636 0.734916866
vn -0.9902423 -0.0571946576 0.127078429
vn -0.6780289 -0.0238546114 0.7346481
vn -0.993409157 -0.0530424826 0.101611026
vn 0.4097973 0.004139287 -0.9121672
vn 0.404495329 0.011682584 -0.9144654
vn 0.504841447 0.0592742972 -0.8611746
vn 0.323785573 -0.0588622727 -0.944297731
vn 0 1 0
vn 0 1 0
vn 0 1 0
vn 0 1 0
vn 0 1 8.801764E-07
vn 0 1 8.801764E-07
vn 0 1 -1.54179554E-06
vn 0 1 0
vn 0 1 0
vn 0 1 0
vn 0 1 0
vn 0 1 0
vn 0 1 0
vn 0 1 0
vn 0 1 0
vn 0 1 0
vn 0 1 0
vn 0 1 0
vn 0 1 0
vn 0 1 0
vn 0 1 0
vn 0 1 0
vn 0 1 0
vn 0 1 0
vn 0 1 0
vn 0 1 0
vn 0 1 0
vn 0 1 0
vn 0 1 0
vn -0.424202442 0.003145493 -0.905562
vn -0.429521441 0.010832781 -0.9029917
vn -0.3237864 0.0588617846 -0.9442975
vn -0.50484 -0.05927274 -0.861175537
vn 0.905562341 0.00312379049 -0.424201638
vn 0.9029908 0.0108179208 -0.429523647
vn 0.9442944 0.0588621423 -0.3237952
vn 0.861187 -0.0592703335 -0.5048208
vn 0.912175357 0.004115726 0.409779459
vn 0.9144752 0.0116650322 0.404473752
vn 0.8611901 0.0592725053 0.5048153
vn 0.9442879 -0.0588569231 0.323815048
vn 0.424245358 0.00309407734 0.905542
vn 0.4295717 0.0107938983 0.9029683
vn 0.323851734 0.05885403 0.9442755
vn 0.504779 -0.0592516661 0.8612128
vn -0.409751236 0.00408723857 0.9121882
vn -0.404441684 0.0116423713 0.9144897
vn -0.5047794 0.05926549 0.861211538
vn -0.3238514 -0.05885365 0.9442757
vn -0.905553937 0.00311579276 0.424219757
vn -0.902982 0.0108093256 0.429542422
vn -0.9442882 0.0588537864 0.32381478
vn -0.8611906 -0.0592700653 0.5048147
vn -0.9121779 0.00411036 -0.409773827
vn -0.9144779 0.0116596147 -0.40446794
vn -0.861193657 0.0592674948 -0.504809737
vn -0.9442906 -0.0588547438 -0.323807865
vn 0 -1 1.32949469E-06
vn 0 -1 0
vn 0 -1 0
vn 0 -1 3.12681379E-07
vn 0 -1 0
vn 0 -1 0
vn 0 -1 1.4002602E-06
vn 0 -1 -2.80052041E-06
vn 0 -1 0
vn 0 -1 -2.80052041E-06
vn 0 -1 7.29337671E-07
vn 0 -1 -2.80052041E-06
vn 0 -1 -2.25190479E-06
vn 0 -1 0
vn 0 -1 -1.12536236E-06
vn 0 -1 0
vn 0 -1 1.10652525E-06
vn 0 -1 2.25190479E-06
vn 0 -1 -3.805812E-07
vn 0 -1 0
vn 0 -1 0
vn 0 -1 -1.10652525E-06
vn 0 -1 0
vn -0.83215 -0.0213653259 -0.554138958
vn -0.9936446 -0.0211129747 0.110565096
vn -0.915146947 -0.0353067033 -0.4015713
vn -0.999423146 -0.0236300975 -0.0243940819
vn -0.988270342 -0.0321343765 0.149295464
vn -0.8524264 -0.0435337126 -0.5210318
vn -0.7736818 -0.0266715474 0.633012652
vn -0.650527239 -0.0132036135 0.7593682
vn -0.2122337 -0.05612729 0.9756057
vn -0.672201037 -0.06659027 0.737368
vn -0.177310631 -0.0183638353 0.983983636
vn -0.00441935658 -0.0412976965 0.9991371
vn 0.472847074 -0.02391181 0.88082
vn 0.620990455 0.0038492938 0.783808649
vn 0.9239072 -0.0561202466 0.378478467
vn 0.6094283 -0.0665813 0.790040553
vn 0.979727745 -0.032138288 0.197738916
vn 0.9390015 -0.02610438 -0.342920929
vn 0.864448547 -0.0212184116 -0.502273262
vn 0.9853476 0.007445093 0.170395389
vn -0.0194372516 -0.03738741 -0.9991118
vn -0.6574852 -0.03760803 -0.752528369
vn -0.193213239 -0.03481273 -0.980539
vn -0.7476098 -0.0189870223 -0.6638668
vn -0.8517297 -0.009997339 -0.5238861
vn -0.338342547 -0.01473993 -0.9409076
vn -0.167747349 -0.0250485167 -0.9855117
vn 0.367397457 -0.0273636 -0.9296614
vn 0.5331678 -0.0540235937 -0.844282866
vn 0.8839509 -0.06435217 -0.463130236
vn 0.9514456 -0.05399766 -0.3030439
vn 0.0215602033 -0.0199367758 -0.99956876
vn -0.323879421 -0.00500052469 -0.946085155
vn 0.359460622 -0.0326172374 -0.93259
vn 0.129999384 -0.03090781 -0.991032243
vn -0.5377068 -0.0312539153 -0.8425525
vn -0.217898682 -0.03326359 -0.9754044
vn -0.6484484 -0.0201654173 -0.7609915
vn -0.869429648 -0.0244121086 -0.493453264
vn -0.34882766 -0.0134900836 -0.9370898
vn -0.986945152 -0.01993541 -0.159818083
vn -0.982351243 -0.027171744 0.1850615
vn -0.8727747 -0.01992595 0.487716377
vn -0.6517099 -0.0104627535 0.7583962
vn -0.341009 -0.0540009141 0.938507736
vn -0.6416435 -0.0578062534 0.7648216
vn -0.007174016 -0.01688843 0.9998317
vn 0.347263277 -0.0240808353 0.937458456
vn 0.648141444 -0.02855197 0.76098454
vn 0.864988267 -0.05401856 0.498875976
vn 0.9864037 -0.02717198 0.162078276
vn 0.9869437 -0.0199346654 -0.159827083
vn 0.871784151 -0.0104620522 -0.489778429
vn 0.6414483 -0.0539993979 -0.7652635
vn 0.864562869 -0.0578080975 -0.499188572
vn 0.3308923 -0.02717739 -0.9432771
vn -0.736454964 -0.029814126 -0.675829351
vn -0.998595 -0.0294727273 -0.0440384373
vn -0.9228132 -0.0317359976 -0.383938372
vn 0.999631763 -0.0215973575 -0.01643154
vn 0.8567212 -0.0362029038 -0.514507651
vn 0.986948967 -0.03568393 0.157029971
vn 0.993644536 -0.0211111922 0.110566117
vn 0.8321507 -0.0213637035 -0.554137945
vn 0.915167749 -0.0352750756 -0.4015266
vn 0.754847348 -0.0194711555 -0.6556114
vn 0.325804025 -0.0193044469 -0.9452402
vn 0.8572434 -0.01925641 -0.5145512
vn 0.154502153 -0.02563007 -0.98766
vn -0.357843637 -0.00609312952 -0.933761656
vn -0.514143 -0.02162611 -0.857431769
vn -0.8739658 -0.036199078 -0.4846374
vn -0.9513512 -0.0560998581 -0.302958071
vn -0.9830033 -0.001791954 0.183579341
vn -0.9268625 -0.0241388883 0.374624252
vn -0.614598036 -0.0526528247 0.787081242
vn -0.4636577 -0.0540001 0.884367347
vn 0.00373589969 0.00316585577 0.999988
vn -0.639698148 -0.0147485016 0.7684847
vn 0.2002882 -0.0221146736 0.9794874
vn 0.6630152 -0.0453252941 0.747232556
vn 0.790390968 -0.0539938435 0.6102187
vn 0.985426545 0.00315851928 0.170072258
vn 0.6574709 -0.0399057567 -0.7524225
vn 0.0194296241 -0.03969774 -0.999022841
vn 0.193190783 -0.0372864977 -0.9804525
vn 0.6262082 -0.0308394562 0.779045761
vn 0.628026545 -0.0017995981 0.778189838
vn -0.0189060885 0.01606241 0.999692261
vn 0.981282949 -0.0197198913 0.191559166
vn 0.980259359 -0.0553345867 0.18981488
vn 0.584342659 -0.0616948232 0.809158444
vn 0.968086839 -0.0616912581 0.242903456
vn 0.5837904 -0.07423532 0.8085035
vn 0.8866394 -0.0290979352 -0.46154502
vn 0.8858778 0.01831528 -0.463556975
vn 0.976791739 0.0009976979 0.214188889
vn 0.4073765 -0.06169695 -0.91117394
vn 0.8976207 -0.07424336 -0.434471
vn 0.3712487 -0.0235963129 -0.9282336
vn 0.3695055 -0.05038419 -0.9278616
vn 0.8799112 -0.0503819026 -0.472459555
vn -0.311154753 -0.0299660731 -0.949886739
vn -0.313331842 0.008411636 -0.9496065
vn 0.370432854 0.008409497 -0.928821146
vn -0.857643 -0.0171335917 -0.513960063
vn -0.8574301 -0.0276607554 -0.51385653
vn -0.990768731 -0.024563415 0.13331908
vn -0.990017235 -0.04238893 0.134421051
vn -0.1689125 -0.05138835 -0.98429054
vn -0.7627023 -0.05138728 -0.644705057
vn -0.16920647 -0.04351342 -0.9846196
vn -0.911867261 -0.0123629514 -0.4102991
vn -0.9622523 -0.0123631982 0.271878153
vn -0.9116218 -0.0354268178 -0.40950042
vn -0.6560287 -0.0287669171 0.7541876
vn -0.654755831 0.00113623217 0.7558396
vn -0.98722446 0.0182917081 0.158282429
vn -0.6954269 -0.0597899556 0.716105163
vn -0.0711315 -0.05978554 0.995673656
vn -0.69490397 -0.07204363 0.7154846
vn -0.0538103543 -0.0370306224 0.9978643
vn -0.0359924622 -0.999344766 -0.00382120069
vn -0.0359924622 -0.999344766 -0.00382120069
vn -0.0359924622 -0.999344766 -0.00382120069
vn 0.136499435 -0.9873325 -0.0808857456
vn 0.136499435 -0.9873325 -0.0808857456
vn 0.136499435 -0.9873325 -0.0808857456
vn 0 -1 -2.23887446E-06
vn 0 -1 -2.23887446E-06
vn -0.04063363 -0.999098659 -0.0122815873
vn -0.04063363 -0.999098659 -0.0122815873
vn -0.04063363 -0.999098659 -0.0122815873
vn -0.0412291177 -0.999101639 -0.009803304
vn -0.000791279133 -0.999999046 0.00116780959
vn -0.000791279133 -0.999999046 0.00116780959
vn -0.000791279133 -0.999999046 0.00116780959
vn 0.00162568223 -0.9999892 0.004356204
vn 0.00162568223 -0.9999892 0.004356204
vn 0.00162568223 -0.9999892 0.004356204
vn -0.00162567769 -0.999989152 0.00436156569
vn -0.00162567769 -0.999989152 0.00436156569
vn -0.00162567769 -0.999989152 0.00436156569
vn 0.0007912803 -0.999999046 0.00116781122
vn 0.0007912803 -0.999999046 0.00116781122
vn 0.0007912803 -0.999999046 0.00116781122
vn 0.0359936133 -0.9993447 -0.00382262748
vn 0.0359936133 -0.9993447 -0.00382262748
vn 0.0359936133 -0.9993447 -0.00382262748
vn -0.184392542 -0.975355446 -0.121166021
vn -0.184392542 -0.975355446 -0.121166021
vn -0.184392542 -0.975355446 -0.121166021
vn 0.8748169 0.199147731 0.441628277
vn 0.744294345 0.2133435 0.632858932
vn 0.874609351 0.2018187 0.440826148
vn 0.590817153 -0.0191738717 0.8065776
vn 0.591143847 -0.0144582121 0.806436539
vn 0.7620552 -0.0134418365 0.647372544
vn 0.156841978 0.0407312326 0.986783445
vn 0.382330477 0.04444465 0.922956169
vn 0.15683113 0.0376789719 0.9869064
vn 0.384461045 0.0317594558 0.9225947
vn 0.383736134 0.0235649627 0.9231421
vn 0.159053609 0.0399621576 0.986460865
vn -0.874816537 -0.199145749 0.4416299
vn -0.7442938 -0.2133415 0.6328603
vn -0.8746091 -0.201816723 0.4408276
vn -0.590815961 0.0191718116 0.8065785
vn -0.5911427 0.0144561026 0.806437433
vn -0.7620543 0.0134395855 0.6473737
vn -0.0775703 0.137033343 0.987524569
vn -0.306457758 0.111136921 0.945374131
vn -0.07764274 0.139004365 0.987243354
vn -0.43879956 -0.0271430817 0.898174942
vn -0.438496768 -0.0211714637 0.898483336
vn -0.218402758 -0.0174543671 0.9757026
vn 0.9329999 -0.00930436 -0.35975638
vn 0.9585968 -0.00930455048 0.284614772
vn 0.9326301 -0.10250438 -0.345968068
vn 0.773010969 -0.0406856276 0.633086741
vn 0.225268543 -0.0406849533 0.9734469
vn 0.7714218 0.00352104 0.636314452
vn 0.3069803 -0.04381487 0.9507068
vn 0.3045754 0 0.952488244
vn 0.8226759 0 0.5685107
vn -0.0284579676 -0.9993806 -0.0207012258
vn -0.0284579676 -0.9993806 -0.0207012258
vn -0.0284579676 -0.9993806 -0.0207012258
vn -0.0133179994 -0.9987986 -0.0471591242
vn -0.0133179994 -0.9987986 -0.0471591242
vn -0.0133179994 -0.9987986 -0.0471591242
vn -0.0307457447 -0.999513865 -0.00517041236
vn -0.0307457447 -0.999513865 -0.00517041236
vn -0.0307457447 -0.999513865 -0.00517041236
vn -0.0104843359 -0.999789834 0.0176187027
vn -0.0104843359 -0.999789834 0.0176187027
vn -0.0104843359 -0.999789834 0.0176187027
vn 0.0104849553 -0.9997898 0.0176186562
vn 0.0104849553 -0.9997898 0.0176186562
vn 0.0104849553 -0.9997898 0.0176186562
vn 0.0201292466 -0.9994284 -0.02716041
vn 0.0201292466 -0.9994284 -0.02716041
vn 0.03074749 -0.9995138 -0.00517040258
vn 0.03074749 -0.9995138 -0.00517040258
vn 0.03074749 -0.9995138 -0.00517040258
vn 0.0280696787 -0.999403238 -0.0201301686
vn 0.0280696787 -0.999403238 -0.0201301686
vn 0.0280696787 -0.999403238 -0.0201301686
vn 0.0161086619 -0.998812258 -0.04598468
vn 0.0161086619 -0.998812258 -0.04598468
vn 0.0161086619 -0.998812258 -0.04598468
vn -0.9984017 0.0314181745 0.0469776429
vn -0.9984017 0.0314181745 0.0469776429
vn -0.9984017 0.0314181745 0.0469776429
vn -0.5226247 0.5618151 -0.64127
vn -0.532121658 0.5592101 -0.6357127
vn -0.5296193 0.5597558 -0.637320042
vn -0.278787524 0.5981925 -0.751294434
vn -0.450104177 0.5886337 -0.6715033
vn -0.229573593 0.5834654 -0.7790149
vn -0.239122286 0.6120005 -0.7538408
vn -0.28651 0.60678 -0.7414379
vn -0.417657971 0.58510536 -0.6951356
vn -0.401922017 0.575072467 -0.712566
vn -0.5024337 0.5730693 -0.647419453
vn -0.4748283 0.571019 -0.669683039
vn -0.628673255 0.612633 -0.479010224
vn -0.659471631 0.636817634 -0.3994503
vn -0.6576765 0.566224158 -0.496841818
vn -0.8614817 0.0187282991 0.50744313
vn -0.8614817 0.0187282991 0.50744313
vn -0.8614817 0.0187282991 0.50744313
vn -0.878390253 0.008472847 0.477869034
vn -0.878390253 0.008472847 0.477869034
vn -0.878390253 0.008472847 0.477869034
vn 0.374426931 -0.5474137 0.7484268
vn 0.240154117 -0.5358221 0.809457
vn 0.5494539 -0.5660943 0.614522338
vn 0.268594652 -0.348209918 0.8981129
vn 0.150020853 -0.329096556 0.9323032
vn 0.131926313 -0.3287979 0.9351403
vn 0.752564549 -0.5893898 0.293711245
vn 0.815892041 -0.577217638 -0.0337649621
vn 0.796074569 -0.5931992 0.119916491
vn 0.469806343 -0.533089757 -0.7036315
vn 0.152755931 -0.4865857 -0.860174358
vn 0.2727091 -0.507501 -0.817357063
vn 0.141437531 -0.463270068 -0.8748579
vn -0.0107285846 -0.3682682 -0.9296577
vn 0.290818751 -0.4886037 -0.8226122
vn -0.141434968 -0.463272452 -0.874857068
vn -0.2908161 -0.48860538 -0.822612166
vn -0.152773052 -0.48658222 -0.8601733
vn -0.4698223 -0.5330803 -0.703628063
vn -0.272719473 -0.50745517 -0.817382038
vn -0.815898 -0.577209055 -0.0337676853
vn -0.7525706 -0.589383 0.293709278
vn -0.796080947 -0.5931911 0.119914882
vn -0.5763524 -0.48966974 0.6542488
vn -0.256811023 -0.453508884 0.853450537
vn -0.40003702 -0.455312818 0.795399666
vn -0.193337888 -0.36093235 0.9123312
vn -0.210786059 -0.362290382 0.9079179
vn -0.3294115 -0.366764963 0.870041132
vn -0.810957134 -0.0292311851 0.584375
vn -0.700620651 -0.0282227062 0.7129756
vn -0.7006052 -0.0289604943 0.712961137
vn -0.0779135 -0.0102488687 -0.9969074
vn 0.0289811324 -0.0216405559 -0.99934566
vn -0.126565337 -0.000313673168 -0.991958261
vn -0.0289283767 0.0250577312 -0.9992674
vn 0.213713422 -0.05226022 -0.975497544
vn -0.189512253 0.05721984 -0.9802097
vn 0.345603228 0.009473657 -0.9383329
vn 0.370610058 0.009832942 -0.9287365
vn 0.392345518 0.0101725934 -0.919761658
vn 0.870277762 -0.100582846 -0.4821823
vn 0.9845841 -0.07483994 -0.158092543
vn 0.870308 -0.104834057 -0.481221139
vn 0.84715873 -0.132699162 0.5145027
vn 0.9772504 -0.05920486 0.203657746
vn 0.8467161 -0.122743614 0.5176928
vn 0.688234031 0.0600840338 0.7229965
vn 0.8389382 0.0213556532 0.5438076
vn 0.7446794 0.0335372575 0.666579247
vn 0.810988367 -0.0292280037 0.584331751
vn 0.7006427 -0.0289576221 0.7129244
vn 0.70065856 -0.0282196868 0.7129384
vn 0.782058537 -0.009723805 0.6231291
vn 0.6884955 0.0317486078 0.72454536
vn 0.7278583 0.0179123618 0.685493648
vn 0.541016042 0.04978837 0.8395372
vn 0.425097257 0.0077141365 0.9051148
vn 0.500118434 0.0451782979 0.8647777
vn 0.462154567 0.162729263 0.871741
vn 0.379087359 0.1503351 0.91306746
vn 0.588033855 0.198064685 0.784210861
vn -0.8373467 0.0182680041 0.546367
vn -0.6869596 0.0584443249 0.7243416
vn -0.7431989 0.0308099687 0.6683608
vn -0.7276605 0.0132375555 0.685809731
vn -0.688784957 0.0293879062 0.7243699
vn -0.781712234 -0.0161312334 0.623430669
vn -0.498396337 0.0606246553 0.864827037
vn -0.423527032 0.0248206127 0.9055434
vn -0.539514363 0.06326881 0.839596
vn -0.604691863 0.204011649 0.7698877
vn -0.38850233 0.194330662 0.9007228
vn -0.431007951 0.195235312 0.8809741
vn -0.8467104 -0.122752905 0.5177
vn -0.977247953 -0.0592109933 0.203667611
vn -0.8471531 -0.132708579 0.514509559
vn -0.9842535 -0.0769556239 -0.159131721
vn -0.869538367 -0.09998209 -0.483639032
vn -0.8695381 -0.10435947 -0.482713819
vn 0.157589823 0.977256 -0.141902164
vn 0.157589823 0.977256 -0.141902164
vn 0.157589823 0.977256 -0.141902164
vn 0.178620085 0.9492036 -0.259050876
vn 0.178620085 0.9492036 -0.259050876
vn 0.178620085 0.9492036 -0.259050876
vn 0.0518452 0.9918435 -0.116441369
vn 0.0518452 0.9918435 -0.116441369
vn 0.0518452 0.9918435 -0.116441369
vn 0.0463243239 0.9687423 -0.243705422
vn 0.0463243239 0.9687423 -0.243705422
vn 0.0463243239 0.9687423 -0.243705422
vn 0 0.992109239 -0.1253763
vn 0 0.992109239 -0.1253763
vn 0 0.992109239 -0.1253763
vn -0.0463254042 0.9687409 -0.2437111
vn -0.0463254042 0.9687409 -0.2437111
vn -0.0463254042 0.9687409 -0.2437111
vn -0.0518509671 0.9918418 -0.116453208
vn -0.0518509671 0.9918418 -0.116453208
vn -0.0518509671 0.9918418 -0.116453208
vn -0.133883014 0.9687109 -0.208984464
vn -0.133883014 0.9687109 -0.208984464
vn -0.133883014 0.9687109 -0.208984464
vn -0.113812663 0.988202631 -0.102480307
vn -0.113812663 0.988202631 -0.102480307
vn -0.113812663 0.988202631 -0.102480307
vn 0.03608539 0.9988758 0.0307412017
vn 0.03608539 0.9988758 0.0307412017
vn 0.03608539 0.9988758 0.0307412017
vn 0.02303338 0.9967407 0.0773141459
vn 0.02303338 0.9967407 0.0773141459
vn 0.02303338 0.9967407 0.0773141459
vn -0.092593655 0.9925457 0.0792427659
vn -0.092593655 0.9925457 0.0792427659
vn -0.092593655 0.9925457 0.0792427659
vn 0.8729826 -0.1216037 -0.472349316
vn 0.8729826 -0.1216037 -0.472349316
vn 0.8729826 -0.1216037 -0.472349316
vn 0.414277554 0.365559667 0.8335108
vn 0.292946219 0.4105815 0.863484442
vn 0.414469332 0.365766168 0.83332485
vn -0.8679171 -0.122429781 -0.481384337
vn -0.8679171 -0.122429781 -0.481384337
vn -0.8679171 -0.122429781 -0.481384337
vn 0.8517882 -0.140052125 0.504819036
vn 0.8517882 -0.140052125 0.504819036
vn 0.8517882 -0.140052125 0.504819036
vn -0.8659126 -0.129784882 0.483064473
vn -0.8659126 -0.129784882 0.483064473
vn -0.8659126 -0.129784882 0.483064473
vn 0.863357544 0.0174513813 0.50429076
vn 0.863357544 0.0174513813 0.50429076
vn 0.863357544 0.0174513813 0.50429076
vn 0.877601862 0.008771611 0.479309976
vn 0.877601862 0.008771611 0.479309976
vn 0.877601862 0.008771611 0.479309976
vn 0.9985984 0.00268991734 0.0528590232
vn 0.9985984 0.00268991734 0.0528590232
vn 0.9985984 0.00268991734 0.0528590232
vn 0.424680322 0.5800616 -0.695108056
vn 0.4144677 0.5818764 -0.699740231
vn 0.422037363 0.580311239 -0.696508
vn 0.225222513 0.594282031 -0.77207756
vn 0.171830654 0.5923474 -0.787146032
vn 0.2719545 0.5914634 -0.7590862
vn 0.227863535 0.5961341 -0.769871652
vn 0.448028982 0.60139066 -0.661512852
vn 0.32388097 0.5997308 -0.731726766
vn 0.474252462 0.5716319 -0.6695682
vn 0.5018448 0.5737474 -0.6472757
vn 0.401294649 0.5757573 -0.7123666
vn 0.6583172 0.566000342 -0.496248037
vn 0.660005748 0.636654139 -0.398828119
vn 0.629238 0.6125181 -0.478415281
vn -0.953011453 0.0246039387 -0.301933467
vn -0.9663495 0.026439162 0.2558705
vn -0.997096241 0.0181915443 -0.07394709
vn -0.998518765 -0.0161617212 0.05195272
vn -0.955164433 -0.0166118089 0.295609564
vn -0.9605776 -0.0277828481 -0.276620418
vn -0.976452 -0.0323948935 0.21328859
vn -0.7099916 -0.0318692774 0.703488648
vn -0.8925993 -0.0345042273 0.449528635
vn -0.219324514 -0.03240141 0.9751138
vn -0.4969958 -0.03455448 0.8670647
vn 0.340218216 -0.0330143943 0.939766765
vn 0.06284861 -0.0346628651 0.997420967
vn 0.7914142 -0.03345055 0.6103643
vn 0.60019356 -0.0341456532 0.7991256
vn -0.7485824 -0.0388254933 0.661904037
vn -0.5479211 -0.037891157 0.8356714
vn -0.9166746 -0.03845602 0.397779852
vn -0.276943 -0.0389192253 0.960097849
vn 0.000222891613 -0.0374443233 0.9992987
vn 0.280372649 -0.0392348133 0.959089041
vn 0.548376 -0.036927674 0.835416138
vn 0.750392139 -0.0406300537 0.6597431
vn 0.916716 -0.037807826 0.397746623
vn 0.9892783 -0.0282098167 0.143292114
vn 0.99874 0.001059658 0.0501729958
vn 0.9608323 -0.008855917 -0.276988924
vn 0.955419 0.0016159378 0.295248955
vn 0.986679435 0.0100396574 0.162366644
vn 0.9200763 0.008260323 -0.391652018
vn 0.985800564 0.00347967562 -0.167884156
vn 0.117501073 0.926370442 0.35781467
vn 0.117501073 0.926370442 0.35781467
vn 0.117501073 0.926370442 0.35781467
vn -0.01985481 0.9998029 0.00020323378
vn -0.01985481 0.9998029 0.00020323378
vn -0.01985481 0.9998029 0.00020323378
vn -0.1163807 0.9272506 0.3558958
vn -0.1163807 0.9272506 0.3558958
vn -0.1163807 0.9272506 0.3558958
vn 0.01978756 0.9998042 0.000264810718
vn 0.01978756 0.9998042 0.000264810718
vn 0.01978756 0.9998042 0.000264810718
vn -0.8016111 0.187523469 0.567674756
vn -0.6790892 0.54314667 0.493791
vn -0.803362131 0.188327953 0.5649265
vn -0.645780861 0.7583892 0.08839136
vn -0.401753724 0.912327647 -0.0790713
vn -0.671716034 0.7303265 0.124180861
vn 0.8005436 0.191640869 0.5678061
vn 0.8034825 0.192881688 0.563216269
vn 0.680713 0.5471323 0.4871099
vn 0.6719557 0.7299927 0.124844849
vn 0.402053267 0.912239552 -0.0785636157
vn 0.645934 0.758167863 0.0891677
vn 0.4841828 -0.07016619 0.872148931
vn 0.8845593 -0.0621848777 0.462263882
vn 0.484172 -0.07060779 0.8721193
vn 0.9178121 -2.24113464E-05 0.397014976
vn 0.9178122 -1.37549687E-05 0.397014856
vn 0.5490958 1.69850609E-05 0.835759461
vn 0.0427848473 0.9987304 -0.02658973
vn 0.0427848473 0.9987304 -0.02658973
vn 0.0427848473 0.9987304 -0.02658973
vn -0.0421031974 0.9921149 -0.11804831
vn -0.0421031974 0.9921149 -0.11804831
vn -0.0421031974 0.9921149 -0.11804831
vn -0.1314239 0.9893167 0.06308988
vn -0.1314239 0.9893167 0.06308988
vn -0.1314239 0.9893167 0.06308988
vn 0.0295625143 0.999472737 0.0134282485
vn 0.0295625143 0.999472737 0.0134282485
vn 0.0295625143 0.999472737 0.0134282485
vn 0.6345191 -0.6649302 0.394022018
vn 0.73978883 -0.6727328 0.0119642774
vn 0.7465665 -0.6652098 0.0115943849
vn 0.739804447 -0.6727158 -0.0119516272
vn 0.634538 -0.664917469 -0.394013077
vn 0.7466005 -0.665171742 -0.01158569
vn 0.7569827 -0.653429151 0.00274583674
vn 0.598669231 -0.659841835 -0.454096764
vn 0.6553003 -0.651211441 -0.382760048
vn 0.567831635 -0.6632659 -0.487489045
vn 0.323200852 -0.6608177 -0.67739296
vn 0.6244992 -0.6608646 -0.416243643
vn 0.5685596 -0.6587941 -0.4926767
vn 0.1510077 -0.658998251 -0.736829758
vn 0.323190063 -0.6544074 -0.683592856
vn 0.126958489 -0.660169244 -0.740309536
vn -0.09444695 -0.6608563 -0.744546056
vn 0.300333351 -0.660880148 -0.687777162
vn 0.121342212 -0.653157 -0.747437
vn -0.354398221 -0.6618307 -0.6605922
vn -0.102769822 -0.6537492 -0.7497001
vn -0.3706945 -0.6585574 -0.654895246
vn -0.4831754 -0.657637954 -0.577974
vn -0.120401658 -0.657593966 -0.743689239
vn -0.41764155 -0.6696893 -0.614078045
vn -0.7286587 -0.6396082 -0.244862884
vn -0.532792866 -0.6518366 -0.539667368
vn -0.7666932 -0.614368737 -0.1863672
vn -0.8024345 -0.577597737 -0.149932489
vn -0.58344686 -0.660568357 -0.472482055
vn -0.718298852 -0.6048602 -0.3437891
vn -0.7525766 -0.6531756 0.0836075544
vn -0.7634886 -0.5688826 -0.305708647
vn -0.7168956 -0.634280264 -0.289394826
vn -0.7241719 -0.6620694 0.192974731
vn -0.7477993 -0.6461556 0.15257512
vn -0.7001334 -0.6621844 0.2670676
vn -0.5034018 -0.6576117 0.5604762
vn -0.7188415 -0.6577333 0.225064054
vn -0.698036551 -0.6623459 0.272108316
vn -0.3929541 -0.653097034 0.6473418
vn -0.5020847 -0.652085841 0.568062544
vn -0.369597018 -0.661727667 0.652314842
vn -0.119174942 -0.660840452 0.741004169
vn -0.48187995 -0.6608999 0.5753287
vn -0.363182455 -0.658992231 0.658656061
vn 0.113000549 -0.658836246 0.7437511
vn -0.111622319 -0.6554175 0.746972859
vn 0.127007857 -0.6601685 0.7403016
vn 0.3003671 -0.6608576 0.687783957
vn -0.09437917 -0.6608634 0.7445483
vn 0.144670263 -0.6532306 0.7432094
vn 0.560472846 -0.6630028 0.49628377
vn 0.315654159 -0.6530653 0.688380837
vn 0.5694726 -0.6602779 0.4896265
vn 0.62634474 -0.6577093 0.418462366
vn 0.325051755 -0.6576128 0.6796226
vn 0.6046612 -0.6599215 0.445969135
vn 0.764027536 -0.645100534 -0.0103592537
vn 0.662833631 -0.6478717 0.375384957
vn 0.709371448 -0.600501239 -0.369039863
vn 0.7765872 -0.6005408 0.19042857
vn 0.7141912 -0.594461441 -0.369522065
vn 0.99597913 -0.0895857 -0.000122636571
vn 0.9980106 -0.06304409 0.000588431954
vn 0.839249551 -0.06304356 -0.540079355
vn 0.8443333 -0.5306461 0.07427029
vn 0.6111509 -0.5307368 0.5872078
vn 0.847557843 -0.525259137 0.0758191645
vn 0.8374006 -0.09211617 0.53877157
vn 0.8386548 -0.07182676 0.539906442
vn 0.997416854 -0.07182716 -0.0007655323
vn 0.7970147 -0.351158261 0.4913812
vn 0.365515769 -0.374729156 0.852042437
vn 0.7913474 -0.374730647 0.483059317
vn 0.8959972 -0.12114694 -0.427214622
vn 0.8918593 -0.15236263 -0.425878644
vn 0.519130766 -0.121026173 -0.846082747
vn 0.78056103 -0.411510557 -0.470514238
vn 0.3547095 -0.4115227 -0.8395417
vn 0.366727859 -0.378617644 -0.8497996
vn 0.5222175 -0.129707932 -0.842890739
vn -0.0190787278 -0.102614045 -0.994538248
vn 0.524264336 -0.102616049 -0.845350146
vn 0.40267244 -0.4045347 -0.8211009
vn -0.155045643 -0.404528767 -0.901286542
vn -0.1510037 -0.3738833 -0.915100634
vn -0.02432556 -0.135307178 -0.99050504
vn -0.560476542 -0.110121965 -0.820816159
vn -0.0241299868 -0.110122055 -0.993625164
vn -0.106462196 -0.397343844 -0.911473334
vn -0.619048059 -0.397359163 -0.677410662
vn -0.622838557 -0.368949771 -0.68989
vn -0.639440656 -0.0474122129 -0.767377138
vn -0.951922 -0.0667105541 -0.298988551
vn -0.639995 -0.0388689525 -0.7673954
vn -0.8865562 -0.322185159 -0.331986129
vn -0.86922586 -0.443777442 0.217963338
vn -0.876247048 -0.428147316 0.221090361
vn -0.960668445 -0.190311879 0.202231452
vn -0.6943982 -0.173954114 0.698248565
vn -0.9635538 -0.173948318 0.2032391
vn -0.8978393 -0.367767751 0.242139339
vn -0.5932059 -0.367762268 0.716140866
vn -0.6000913 -0.3491563 0.719708562
vn -0.7008896 -0.187240183 0.688254952
vn -0.209423229 -0.170360088 0.962870359
vn -0.702818155 -0.170351148 0.690671563
vn -0.6240452 -0.369923085 0.6882765
vn -0.111464113 -0.3699196 0.922353148
vn -0.115506329 -0.350672 0.9293479
vn -0.219860643 -0.184195712 0.957984
vn 0.342066318 -0.1667809 0.924756646
vn -0.220214829 -0.166773811 0.961088955
vn -0.153035849 -0.3720026 0.91552943
vn 0.4046839 -0.372012556 0.8353668
vn 0.405053318 -0.352112949 0.843770266
vn 0.328790069 -0.184175059 0.9262703
vn 0.7852248 -0.16413638 0.5970606
vn 0.330248415 -0.164125443 0.9295154
vn -0.691728532 -0.72196275 -0.0167739633
vn -0.691728532 -0.72196275 -0.0167739633
vn -0.691728532 -0.72196275 -0.0167739633
vn -0.185703635 -0.9657733 -0.181096986
vn -0.185703635 -0.9657733 -0.181096986
vn -0.185703635 -0.9657733 -0.181096986
vn 0.9935138 0.112105623 0.01904267
vn 0.9935138 0.112105623 0.01904267
vn 0.9935138 0.112105623 0.01904267
vn 0.997857034 0.06543224 0
vn 0.997857034 0.06543224 0
vn 0.997857034 0.06543224 0
vn -0.932999849 0.009306259 -0.35975647
vn -0.958596766 0.009306458 0.2846149
vn -0.93263 0.102506213 -0.3459679
vn -0.773010135 0.0406867638 0.633087635
vn -0.225267187 0.0406860746 0.973447144
vn -0.771420836 -0.003519863 0.636315644
vn -0.3069803 0.04381487 0.9507068
vn -0.3045754 0 0.952488244
vn -0.8226759 0 0.5685107
vn 0.7780368 0 -0.6282187
vn 0.232769415 0 -0.972532
vn 0.7769612 -0.0285974983 -0.6288987
vn 0.162486762 0.05496195 -0.985178769
vn 0.162053838 0.0307923462 -0.9863014
vn 0.7306511 0.0307900365 -0.6820564
vn -0.162062168 -0.03079163 -0.986300051
vn -0.730657041 -0.0307893082 -0.6820501
vn -0.162495449 -0.054959543 -0.9851775
vn -0.7769682 0.0285958182 -0.628890157
vn -0.7780437 0 -0.6282101
vn -0.232780173 0 -0.9725294
vn -0.06126664 -0.9980683 0.0103025353
vn -0.06126664 -0.9980683 0.0103025353
vn -0.06126664 -0.9980683 0.0103025353
vn -0.05078118 -0.9986613 -0.009845805
vn -0.01527561 -0.9995808 0.0245931
vn -0.01527561 -0.9995808 0.0245931
vn -0.01527561 -0.9995808 0.0245931
vn -0.0203873627 -0.9997918 -0.000809106743
vn -0.020435011 -0.999791 -0.0005733908
vn 0 -1 0
vn 0 -1 0
vn 0 -1 0
vn 0 -1 0
vn 0 -0.9999937 0.00356499339
vn 0 -0.9999937 0.00356499339
vn 0 -0.9999937 0.00356499339
vn 0 -1 0
vn 0 -1 -2.23887946E-06
vn 0 -1 -2.23887946E-06
vn 0 -1 -2.23887946E-06
vn 0.0415520743 -0.9990875 -0.009878296
vn 0.04100928 -0.99908185 -0.0123964194
vn 0.0507075563 -0.9986636 -0.009988623
vn 0.0507075563 -0.9986636 -0.009988623
vn 0.0507075563 -0.9986636 -0.009988623
vn 0.06126649 -0.9980683 0.0103025092
vn 0.0167418234 -0.999604642 0.0225879252
vn 0.0167418234 -0.999604642 0.0225879252
vn 0.0167418234 -0.999604642 0.0225879252
vn 0.0205179434 -0.999789357 -0.000505929347
vn 0 -1 2.249314E-06
vn 0 -1 2.249314E-06
vn 0 -1 2.249314E-06
vn 0 -1 0
vn 0.922347963 1.09450284E-05 0.386360258
vn 0.997989 1.0675858E-05 -0.06338739
vn 0.922347963 -1.48713589E-05 0.386360228
vn 0.997988343 -1.09450211E-05 -0.0633977652
vn 0.8660358 1.00778252E-05 -0.499982
vn 0.8660313 -1.09450193E-05 -0.4999898
vn 0.553899646 1.06236093E-05 -0.8325834
vn 0.5539055 -1.09450866E-05 -0.832579553
vn 0.1265478 1.04060946E-05 -0.9919605
vn 0.1265662 -1.09450475E-05 -0.991958141
vn -0.126566172 1.09450475E-05 -0.991958141
vn -0.553920865 1.03517414E-05 -0.8325693
vn -0.1265663 -1.47894034E-05 -0.991958141
vn -0.5539058 -1.09450639E-05 -0.8325794
vn -0.8660293 1.06235539E-05 -0.499993265
vn -0.8660275 -1.09450621E-05 -0.499996483
vn -0.9979861 1.00778325E-05 -0.063433066
vn -0.9979867 -1.09450239E-05 -0.06342411
vn -0.9223519 1.067587E-05 0.38635084
vn -0.922347963 -1.09450284E-05 0.386360258
vn -0.0204899423 -0.9995477 -0.0220113
vn -0.0204899423 -0.9995477 -0.0220113
vn -0.0204899423 -0.9995477 -0.0220113
vn -0.0271374546 -0.999631166 0.00108091242
vn -0.0301678888 -0.9992953 -0.0223353487
vn -0.0187044349 -0.9993718 -0.0301026832
vn 0 -1 0
vn 0 -1 0
vn 0 -1 0
vn 0 -1 0
vn 0 -1 0
vn 0 -1 0
vn 0 -1 0
vn 0 -1 0
vn 0 -1 0
vn 0 -1 0
vn 0 -1 0
vn 0 -1 0
vn 0 -1 0
vn 0 -1 0
vn 0.0298097637 -0.9993386 -0.020825576
vn 0.0298097637 -0.9993386 -0.020825576
vn 0.0298097637 -0.9993386 -0.020825576
vn 0.0297217928 -0.999364555 -0.0196746737
vn 0.767905 -0.4529543 0.452939659
vn 0.609518945 -0.4449094 0.6561572
vn 0.5944602 -0.445795655 0.669240832
vn 0.5142061 -0.490207344 0.703767657
vn 0.7784232 -0.4617096 -0.42530185
vn 0.5341543 -0.466555446 -0.704986
vn 0.5876033 -0.4598747 -0.665761054
vn 0.3168889 -0.468612283 -0.824611366
vn -0.543523431 -0.4679247 -0.696870744
vn -0.5978361 -0.459557027 -0.656810045
vn -0.3264409 -0.4604137 -0.82550323
vn -0.7586603 -0.468378365 -0.4528313
vn -0.5952457 -0.444199 0.669604242
vn -0.6099815 -0.444569379 0.6559578
vn -0.7607904 -0.470292032 0.447239727
vn -0.480374 -0.461373359 0.745905757
vn -0.866024137 1.41290939E-05 -0.500002265
vn -0.9903439 -0.0266223084 -0.1360521
vn -0.991219342 1.00955376E-05 -0.132228076
vn -0.854830861 1.16475858E-05 -0.5189068
vn -0.5877864 -4.172325E-07 -0.8090162
vn -0.574736 7.4384734E-06 -0.818338931
vn -0.207916662 -7.078052E-07 -0.978146553
vn -0.185493767 -0.00152140274 -0.98264426
vn -0.131346151 -0.00488960929 -0.991324544
vn -0.9787781 -0.0251297671 -0.203376368
vn -0.989706755 -0.00236400869 0.143090814
vn -0.960974634 7.560476E-06 0.276636541
vn -0.8660224 2.31713057E-06 0.5000053
vn -0.769180357 8.981675E-06 0.6390317
vn 0.207916662 -6.66827E-07 -0.978146553
vn 0.188311622 -0.0012099063 -0.9821086
vn 0.5747285 6.25103758E-06 -0.8183442
vn 0.5878006 -1.40289767E-05 -0.809005857
vn 0.854834855 -3.33413482E-06 -0.5189002
vn 0.8660241 1.4530031E-05 -0.5000024
vn 0.991219342 1.0607765E-05 -0.132228076
vn 0.9903454 -0.02662077 -0.13604179
vn 0.9897068 -0.0023640173 0.143090487
vn 0.978778 -0.0251295641 -0.203376755
vn 0.9609662 3.25031579E-07 0.2766658
vn 0.866021931 2.59280182E-06 0.50000596
vn 0.7691802 7.808209E-06 0.639032
vn -0.113502316 0.975817263 0.186809927
vn -0.113502316 0.975817263 0.186809927
vn -0.113502316 0.975817263 0.186809927
vn -0.07518485 0.9841888 0.160373613
vn -0.845889866 -0.020011913 0.5329821
vn -0.845889866 -0.020011913 0.5329821
vn -0.845889866 -0.020011913 0.5329821
vn -0.844395161 0 0.535720944
vn -0.843382955 0.00210911967 0.5373089
vn 0.843382955 0.002110499 0.5373089
vn 0.843382955 0.002110499 0.5373089
vn 0.843382955 0.002110499 0.5373089
vn 0.8409302 0.00721039 0.5410955
vn 0.8432541 -0.0240906756 0.5369751
vn -0.9030801 -0.0457627028 0.427027047
vn -0.5197717 -0.0457879938 0.8530773
vn -0.903063 -0.0462634675 0.4270093
vn -0.546954155 -0.07327082 0.83395
vn 0.02302121 -0.0550503172 0.9982182
vn 0.0007959307 -0.073208 0.99731636
vn 0.566091955 -0.056105677 0.822430551
vn 0.548271835 -0.07310027 0.833099246
vn 0.0144288661 0.9998048 0.0134965722
vn 0.0144288661 0.9998048 0.0134965722
vn 0.0144288661 0.9998048 0.0134965722
vn 0.0143946754 0.99982053 0.0123202428
vn 0.0176779311 0.999824345 0.00623508
vn 0.0176779311 0.999824345 0.00623508
vn 0.0176779311 0.999824345 0.00623508
vn 0.0193415452 0.998938143 0.04181463
vn 0 1 0
vn 0 1 0
vn 0 1 0
vn 0.036291454 0.998029768 -0.05118081
vn 0.036291454 0.998029768 -0.05118081
vn 0.036291454 0.998029768 -0.05118081
vn 0.0522819273 0.998055458 -0.03393985
vn 0.0508697145 0.99778986 -0.04275212
vn 0.0302494243 0.9983209 -0.0494001
vn 0.0191386212 0.997767 -0.0639909059
vn -0.0284607057 0.9980253 -0.0559961721
vn -0.0284607057 0.9980253 -0.0559961721
vn -0.0284607057 0.9980253 -0.0559961721
vn -0.0150229195 0.998625 -0.0502243824
vn -0.038994804 0.9987018 -0.03277438
vn -0.0253351517 0.9996703 -0.004172491
vn -0.0178314038 0.999821246 0.00628971076
vn -0.0153085981 0.999664545 0.0208928082
vn -0.0153085981 0.999664545 0.0208928082
vn 0.0014012059 0.9996335 0.0270358939
vn 0 1 -5.892039E-07
vn 0 1 -5.892039E-07
vn 0 1 0
vn -0.03601507 0.9992361 -0.0151708433
vn -0.03601507 0.9992361 -0.0151708433
vn -0.03601507 0.9992361 -0.0151708433
vn 0.0014012059 0.9996335 0.0270358939
vn 0.0014012059 0.9996335 0.0270358939
vn -0.004352694 0.9997417 0.0223085452
vn -0.9927761 0.119873874 -0.005087615
vn -0.9927761 0.119873874 -0.005087615
vn -0.9927761 0.119873874 -0.005087615
vn -0.9962501 0.0860672 0.008847832
vn 0.000328946277 1 0
vn 0.000328946277 1 0
vn 0.000328946277 1 0
vn 0 1 -0.000232536375
vn 0.0136159221 0.0926199853 -0.995608449
vn 0.0136159221 0.0926199853 -0.995608449
vn 0.0136159221 0.0926199853 -0.995608449
vn 0 0.0683318153 -0.997662663
vn -0.5428325 0.8218033 0.173124865
vn -0.500485241 0.865470469 -0.02180418
vn -0.53644 0.8295635 0.1551017
vn 0.176282108 0.891517 0.417279333
vn 0.2838563 0.890303969 0.356067955
vn 0.131216183 0.8692405 0.4766585
vn 0.8394999 0.199325323 0.505479336
vn 0.903042555 0.2303989 0.362533569
vn 0.9043501 0.21054092 0.3712457
vn 0.5364755 0.8295434 -0.155086637
vn 0.542893052 0.8217711 -0.173087865
vn 0.500536 0.8654412 0.0217986014
vn -0.176421136 0.8915296 -0.4171937
vn -0.284086257 0.890240431 -0.3560435
vn -0.131400824 0.8692723 -0.476549685
vn -0.839526236 0.1992985 -0.5054462
vn -0.9030627 0.2303755 -0.362498045
vn -0.9043699 0.2105156 -0.371211976
vn 0.9495924 -0.00677603949 0.313414127
vn 0.9984658 -0.0415531546 0.0365996249
vn 0.949989438 -0.00192349881 0.3122761
vn 0.8174293 0.0130170388 -0.575881839
vn 0.816153765 0.0249703918 -0.577295
vn 0.9451697 0.0355716 -0.324636519
vn 0.881365359 0.0241393521 -0.4718182
vn 0.714366436 -0.00373133714 -0.699761868
vn 0.880894244 0.0284209661 -0.472459078
vn 0.34190917 0.02547726 -0.93938756
vn 0.3411703 0.0304805 -0.9395072
vn 0.590825558 0.051872544 -0.805130064
vn 0.397445232 0.0226270519 -0.9173469
vn 0.124141127 0.003621252 -0.992257953
vn 0.397139639 0.0248317216 -0.9174222
vn -0.238947973 0.0302016828 -0.9705626
vn -0.238154531 0.0264086667 -0.9708682
vn 0.0413663648 0.0672358051 -0.9968792
vn -0.42772913 -0.0477379262 -0.9026455
vn -0.662635565 -0.0623901673 -0.746338844
vn -0.427532822 -0.0488038249 -0.9026815
vn -0.9513788 0.05028714 -0.3038907
vn -0.95136404 0.0486314744 -0.3042063
vn -0.827545047 0.0646660551 -0.557662547
vn -0.9979023 -0.0512275 -0.0395838879
vn -0.9688674 -0.0590911061 0.2404251
vn -0.9976777 -0.0549706556 -0.0402182154
vn -0.815781832 0.0581794567 0.5754261
vn -0.815725565 0.0597212 0.57534796
vn -0.9453866 0.0292793252 0.3246335
vn -0.346346021 -0.0161751732 0.93796736
vn -0.343349159 -0.004208721 0.9391984
vn -0.5898109 0.04524433 0.806273
vn -0.492751747 0.01907782 0.8699608
vn -0.231303483 -0.0130926585 0.9727936
vn -0.491932362 0.0227558836 0.870336
vn 0.238925353 0.030203227 0.9705681
vn 0.238130584 0.0264105815 0.970874
vn -0.0413910672 0.0672350153 0.996878266
vn 0.383455068 -0.0344858952 0.922915459
vn 0.625820458 -0.056190595 0.7779405
vn 0.383759469 -0.03288249 0.9228475
vn 0.951624155 0.0216253269 0.306502551
vn 0.9517113 0.0232805088 0.306110382
vn 0.8279156 0.0524291471 0.5583968
vn 0 -1 0
vn 0 -1 0
vn 0 -1 0
vn 0 -1 0
vn 0 -1 0
vn 0 -1 0
vn 0 -1 0
vn 0 -1 0
vn 0 -1 0
vn 0 -1 0
vn 0 -1 -8.39081054E-07
vn 0 -1 -8.39081054E-07
vn 0 -1 -8.39081054E-07
vn 0 -1 0
vn 0 -1 0
vn 0 -1 0
vn 0 -1 0
vn 0 -1 0
vn 0 -1 0
vn 0 -1 0
vn 0 -1 0
vn 0 -1 0
vn 0 -1 0
vn 0 -1 6.01576139E-05
vn 0 -1 6.01576139E-05
vn 0 -1 6.01576139E-05
vn -0.99937433 -0.0274053514 -0.0223575253
vn -0.942052364 -0.0944309 -0.321900755
vn -0.9996045 -0.005254954 -0.0276256073
vn -0.960423 0.0005529894 -0.278545082
vn -0.9587309 0.0226599146 -0.2834108
vn -0.995822847 0.089217864 0.0194178335
vn -0.5639366 0.00161463232 -0.8258166
vn -0.5463399 -0.0185869485 -0.837357342
vn -0.7419851 -0.160993814 -0.650798857
vn -0.629698455 0.0183252115 -0.776623547
vn -0.3920095 0.160010785 -0.9059388
vn -0.613515 -0.00168496557 -0.789681256
vn 0.0225239415 -0.0274002124 -0.999370754
vn 0.3220588 -0.09443749 -0.9419977
vn 0.02779023 -0.005264149 -0.999599934
vn 0.2784681 0.0005924626 -0.9604453
vn 0.2833284 0.0226842258 -0.9587546
vn -0.01950364 0.08923957 -0.9958192
vn 0.825813353 0.00167693768 -0.5639411
vn 0.837352037 -0.0185230374 -0.5463501
vn 0.6507954 -0.16092211 -0.7420037
vn 0.802091837 0.104742572 -0.587943554
vn 0.916562259 0.216503486 -0.336214155
vn 0.8092048 0.0937747359 -0.5799947
vn 0.965863049 -0.07414305 0.2482165
vn 0.962830365 -0.0849034563 0.256416
vn 0.982073545 -0.18656905 -0.0268987138
vn 0.94671464 0.131257012 0.2941139
vn 0.812097251 0.209098727 0.544771254
vn 0.9464898 0.1290236 0.295820862
vn 0.5256598 -0.1417054 0.8388095
vn 0.5249327 -0.142936543 0.8390559
vn 0.7399243 -0.207313791 0.639947653
vn 0.273865 0.234792486 0.9326685
vn -0.0156008089 0.2726641 0.9619828
vn 0.2779261 0.243490428 0.92923063
vn -0.283186525 -0.169258714 0.9440111
vn -0.282903045 -0.153410479 0.9468005
vn 0.022018116 -0.13224645 0.9909723
vn -0.808038652 0.105686769 0.579572141
vn -0.8317572 0.0766016543 0.5498292
vn -0.667180657 -0.108494207 0.736952543
vn -0.740909159 0.0241187382 0.6711721
vn -0.878644645 0.172697812 0.4451506
vn -0.7561934 0.00472105527 0.6543312
vn -0.7100607 0.6709478 0.21364212
vn -0.6482638 0.6767435 0.3489589
vn -0.6993685 0.659877956 0.27467218
vn -0.5743286 0.7227116 0.384492755
vn -0.4294102 0.7498912 0.5032594
vn -0.5941033 0.7201733 0.358317822
vn -0.321975678 0.681135535 0.657560766
vn -0.180629134 0.686459243 0.7043769
vn -0.241828367 0.671844 0.700103343
vn -0.135904744 0.714071035 0.686755
vn 0.0200613 0.7310442 0.682035148
vn -0.1989882 0.7040584 0.6816931
vn 0.183823869 0.6831277 0.7067852
vn 0.3327986 0.6676904 0.6659089
vn 0.245284125 0.670687139 0.700010359
vn 0.4032399 0.6878007 0.6035958
vn 0.5522715 0.677222133 0.4861753
vn 0.378369242 0.6844051 0.6232386
vn 0.388064861 0.694825 0.605494738
vn 0.5058977 0.701176941 0.5024126
vn 0.5308465 0.697223663 0.481748044
vn 0.664608955 0.6955144 0.27304697
vn 0.6951082 0.7083486 0.122747764
vn 0.6934254 0.69636333 0.18503888
vn 0.686743438 0.7140609 0.136016354
vn 0.682016432 0.731064558 -0.0199561939
vn 0.6816648 0.7040681 0.199050516
vn 0.710031331 0.6709743 -0.213656351
vn 0.648238242 0.676770031 -0.348954827
vn 0.6993448 0.659915268 -0.274642736
vn 0.574374557 0.7226739 -0.38449502
vn 0.4294947 0.74987036 -0.5032184
vn 0.594187 0.720119536 -0.358287215
vn 0.322069943 0.6811443 -0.6575054
vn 0.180680215 0.6864601 -0.704363
vn 0.241922975 0.6718218 -0.700092
vn 0.1359469 0.7140931 -0.686723769
vn -0.02001854 0.7310533 -0.6820266
vn 0.199034363 0.704080164 -0.681657135
vn -0.213708952 0.6709317 -0.710055768
vn -0.3490277 0.6767391 -0.6482314
vn -0.2747368 0.6598604 -0.699359655
vn -0.384508729 0.7227044 -0.5743269
vn -0.503242254 0.7498799 -0.429450184
vn -0.3583358 0.720160544 -0.5941079
vn -0.6575225 0.6811571 -0.322008163
vn -0.7043516 0.6864819 -0.180641755
vn -0.700085461 0.6718406 -0.241889656
vn -0.686721742 0.714090466 -0.135971189
vn -0.682008862 0.731070459 0.0199972913
vn -0.681655645 0.704075754 -0.199055314
vn 0.8986181 -0.371318966 0.233683
vn 0.886656344 -0.4597429 0.0497691
vn 0.902537167 -0.3664084 0.226211414
vn 0.834318042 0.364862621 -0.413266
vn 0.8288532 0.369857341 -0.419771373
vn 0.856806338 0.457820445 -0.237241089
vn 0.809650064 -0.390261054 -0.4383642
vn 0.6730284 -0.479086846 -0.563479
vn 0.807263255 -0.3848763 -0.447433025
vn 0.262410134 0.393554121 -0.881054
vn 0.25300464 0.3988754 -0.881412
vn 0.403658956 0.487942517 -0.7739325
vn 0.275606364 -0.1931337 -0.941669047
vn 0.0990936458 -0.3123779 -0.9447754
vn 0.256048471 -0.1815269 -0.949466765
vn -0.2446818 0.06770997 -0.9672364
vn -0.442632467 0.1281332 -0.88750124
vn -0.249610439 0.0580926538 -0.9666022
vn -0.450620562 0.3101134 -0.837120533
vn -0.448332757 0.306024641 -0.839849234
vn -0.2561012 0.354678422 -0.8992305
vn -0.70220834 -0.4142596 -0.579044461
vn -0.793527 -0.4613892 -0.39678067
vn -0.6997196 -0.417068154 -0.5800403
vn -0.849214435 0.477858663 -0.224691018
vn -0.8496169 0.4760315 -0.227035522
vn -0.7490667 0.5323525 -0.394334853
vn -0.8786161 -0.476834953 0.0257342383
vn -0.8194739 -0.53256166 0.211756155
vn -0.8776774 -0.4786736 0.023536535
vn -0.7406036 0.540620446 0.3990436
vn -0.742277861 0.5391567 0.3979116
vn -0.7798842 0.591577232 0.2044919
vn -0.5627097 -0.5320537 0.6326743
vn -0.3835765 -0.5853794 0.7142829
vn -0.56343627 -0.53352654 0.630784452
vn -0.224726155 0.477921873 0.849169552
vn -0.22706008 0.476104081 0.8495697
vn -0.394371271 0.5323888 0.749021649
vn 0.0320249461 -0.495156318 0.8682135
vn 0.21866262 -0.5438252 0.8102104
vn 0.0297671482 -0.49708128 0.8671933
vn 0.730071545 0.3130093 0.6074708
vn 0.730668664 0.307536364 0.6095447
vn 0.5739207 0.301617324 0.7613423
vn 0.963737845 -0.01417683 0.266474068
vn 0.977153659 0.00678104162 0.212425813
vn 0.9225416 0.182273909 0.340137064
vn -1.20273644E-05 -1 -4.32687642E-07
vn -1.20273644E-05 -1 -4.32687642E-07
vn -1.20273644E-05 -1 -4.32687642E-07
vn -1.360479E-06 -1 -4.41720317E-07
vn -1.360479E-06 -1 -4.41720317E-07
vn -1.360479E-06 -1 -4.41720317E-07
vn 0 -1 8.19825345E-07
vn 0 -1 8.19825345E-07
vn 0 -1 8.19825345E-07
vn 6.877252E-07 -1 1.61254945E-06
vn 1.43063676E-06 -1 -2.46706168E-06
vn 6.877252E-07 -1 1.61254945E-06
vn 0 -1 0
vn 0 -1 0
vn -2.9967664E-06 -1 0
vn -2.9967664E-06 -1 0
vn -2.9967664E-06 -1 0
vn 1.19586616E-06 -1 0
vn 1.19586616E-06 -1 0
vn 1.19586616E-06 -1 0
vn 0.0470710024 -0.996999443 0.0614529774
vn 0.0470710024 -0.996999443 0.0614529774
vn 0.0470710024 -0.996999443 0.0614529774
vn 0.0185299441 -0.9935406 0.111954547
vn 0.0185299441 -0.9935406 0.111954547
vn 0.0185299441 -0.9935406 0.111954547
vn 0.999757469 0.008221467 -0.020431187
vn 0.99931705 0.0281800143 -0.0239018667
vn 0.995084465 0.0281796325 0.0949356854
vn 0.999757469 -0.008219415 0.02043085
vn 0.99931705 -0.0281794555 0.0239021648
vn 0.9950845 -0.0281796474 -0.09493542
vn 0.9890666 0.0497749671 0.1388155
vn 0.9890666 0.0497749671 0.1388155
vn 0.9890666 0.0497749671 0.1388155
vn 0.992980063 0.0139730321 0.117453672
vn 0.992980063 0.0139730321 0.117453672
vn 0.992980063 0.0139730321 0.117453672
vn -0.0202776976 -0.008253776 0.9997603
vn -0.0237379372 -0.02814845 0.9993219
vn 0.0950990245 -0.0281479415 0.9950698
vn 0.0204052012 0.008253454 0.9997577
vn 0.0238602124 0.028148884 0.999318957
vn -0.09497583 0.0281482283 0.995081544
vn -0.999757469 0.008220653 0.0204336643
vn -0.999317 0.0281810034 0.02390481
vn -0.995084763 0.02818064 -0.0949326754
vn -0.999757469 -0.008226446 -0.0204293076
vn -0.999317 -0.0281847734 -0.0238998476
vn -0.995084167 -0.0281849429 0.0949375
vn -0.02053578 0.008164649 -0.9997558
vn -0.0240205843 0.0281878915 -0.999314
vn 0.0948181748 0.0281879473 -0.9950955
vn 0.0206200015 -0.00816416647 -0.9997541
vn 0.02410137 -0.0281874463 -0.999312043
vn -0.09473678 -0.0281883422 -0.99510324
vn -9.721125E-07 -1 4.93901553E-06
vn -9.721125E-07 -1 4.93901553E-06
vn -9.721125E-07 -1 4.93901553E-06
vn 0 -1 3.030852E-07
vn 0 -1 3.030852E-07
vn 0 -1 3.030852E-07
vn 0 -1 3.23290055E-06
vn 0 -1 3.23290055E-06
vn 0 -1 3.23290055E-06
vn 9.721422E-07 -1 -7.639682E-06
vn 9.721422E-07 -1 -7.639682E-06
vn 9.721422E-07 -1 -7.639682E-06
vn 0.0248057488 0.9984072 -0.0506725721
vn 0.0248057488 0.9984072 -0.0506725721
vn 0.0248057488 0.9984072 -0.0506725721
vn 0.0311102457 0.9993863 -0.0160985738
vn -0.0248057768 0.9984074 0.050669156
vn -0.0248057768 0.9984074 0.050669156
vn -0.0248057768 0.9984074 0.050669156
vn -0.0311057828 0.9993863 0.0161102936
vn 0 -1 0
vn 0 -1 0
vn 0 -1 0
vn 0 -1 0
vn 2.708053E-06 -1 0
vn 2.708053E-06 -1 0
vn 0 -1 0
vn 0 -1 0
vn 0 -1 0
vn -2.126312E-06 -1 0
vn 1.99994133E-06 -1 -1.43438274E-06
vn 1.99994133E-06 -1 -1.43438274E-06
vn 3.91177537E-06 -1 0
vn -2.126312E-06 -1 0
vn -2.126312E-06 -1 0
vn 0 -1 -1.68852216E-06
vn 0.1174673 0.0139411362 -0.9929789
vn 0.1174673 0.0139411362 -0.9929789
vn 0.1174673 0.0139411362 -0.9929789
vn 0.138803825 0.0497472622 -0.989069641
vn 0.117468648 -0.0139808143 0.992978156
vn 0.117468648 -0.0139808143 0.992978156
vn 0.117468648 -0.0139808143 0.992978156
vn 0.138804063 -0.0497457422 0.989069641
vn -0.9929806 -0.0139699308 0.1174492
vn -0.9929806 -0.0139699308 0.1174492
vn -0.9929806 -0.0139699308 0.1174492
vn -0.989067137 -0.0497645251 0.138815492
vn -0.13886565 0.04978659 0.989059
vn -0.13886565 0.04978659 0.989059
vn -0.13886565 0.04978659 0.989059
vn -0.117467873 0.0139813516 0.9929783
vn -0.138926938 -0.04978449 -0.9890505
vn -0.138926938 -0.04978449 -0.9890505
vn -0.138926938 -0.04978449 -0.9890505
vn -0.117404073 -0.0139410608 -0.9929864
vn -0.9929818 0.0139659205 -0.117439777
vn -0.9929818 0.0139659205 -0.117439777
vn -0.9929818 0.0139659205 -0.117439777
vn -0.9890666 0.0497685336 -0.138817966
vn 0.9890677 -0.0497710742 -0.138809264
vn 0.9890677 -0.0497710742 -0.138809264
vn 0.9890677 -0.0497710742 -0.138809264
vn 0.9929807 -0.0139653012 -0.117448911
vn 0 -1 4.04129253E-07
vn 0 -1 0
vn 1.60265029E-06 -1 1.85209876E-06
vn 0 -1 0
vn 0 -1 0
vn 0 -1 1.63033565E-06
vn 0 -1 -1.21240339E-06
vn -1.60262653E-06 -1 0
vn -0.6957471 -0.716583431 -0.0494384058
vn -0.07143215 -0.9962195 -0.04943826
vn -0.68953073 -0.715882361 -0.109817557
vn -0.109470531 -0.993972838 0.005851001
vn -0.0995545462 -0.9926336 -0.06904709
vn -0.7155571 -0.6951335 -0.06904688
vn 0.7589924 -0.6509087 -0.0157630052
vn 0.7669483 -0.636570334 0.08104654
vn 0.175937772 -0.9810593 0.0810463354
vn 0.578514338 -0.8052547 -0.129946217
vn 0.9622815 -0.239015967 -0.129944727
vn 0.587386131 -0.8058158 -0.07508934
vn 0.82755214 0.556346238 0.0750758
vn 0.8190203 0.5588573 0.129939541
vn 0.985996366 -0.104532406 0.129939035
vn 0.893501759 0.429849029 -0.129940361
vn 0.4024857 0.906157 -0.1299414
vn 0.895594835 0.438489974 -0.0750764
vn -0.404197454 0.9115852 0.07507874
vn -0.408150047 0.903619647 0.129942715
vn 0.274155378 0.9528661 0.129942641
vn -0.1678096 0.982482255 -0.08104637
vn -0.7616518 0.6428982 -0.081046246
vn -0.184204429 0.982761562 0.015763253
vn -0.9094225 0.4101018 0.06904498
vn -0.9597826 -0.272121638 0.06904488
vn -0.915539861 0.402184665 -0.00585316075
vn -0.9647366 -0.239214391 0.10981717
vn -0.968452 -0.244247124 0.04943806
vn -0.898469269 0.436244071 0.04943806
vn 1 -4.69386623E-06 1.75051409E-05
vn 0.8090292 -4.77807771E-06 0.5877684
vn 0.960015237 -0.251442671 0.12307445
vn 0.309039056 -3.49419474E-06 0.9510493
vn 0.809008658 1.388788E-05 0.587796748
vn 0.309025675 2.34519177E-07 0.9510537
vn -0.3089988 0 0.951062441
vn -0.308998764 0 0.9510625
vn -0.809027135 0 0.5877713
vn -0.8090091 0 0.5877962
vn -1 0 2.139807E-05
vn -0.8122454 0.07955121 0.5778659
vn -0.99678123 -0.07955331 0.009921254
vn -1 -2.83910231E-06 1.56164169E-05
vn 0.945224345 -0.2795061 0.168604
vn 0.9705367 -0.223231137 0.09069957
vn 0.8216639 0.153790772 0.5488323
vn 0.9948559 0.07509087 -0.06799427
vn 0.988723457 0.12994568 -0.074431546
vn 0.801634431 0.129943416 0.583521247
vn 0.988724232 -0.129942268 0.07442743
vn 0.801632643 -0.129940018 -0.583524466
vn 0.994856358 -0.0750873461 0.06799039
vn 0.105753951 0.0750818849 -0.9915537
vn 0.09834824 0.12994498 -0.986631632
vn 0.713829756 0.12994729 -0.688157558
vn 0.345858067 -0.0810529962 -0.934779465
vn -0.3381714 -0.0810515955 -0.937587738
vn 0.331801534 0.01574309 -0.9432179
vn -0.58255446 0.06904497 -0.809853733
vn -0.967252553 0.06904441 -0.2442447
vn -0.5918106 -0.005843774 -0.8060559
vn -0.955083966 0.109807186 -0.275239885
vn -0.9608169 0.04943565 -0.272739649
vn -0.5599817 0.04943514 -0.8270288
vn -0.960829854 -0.04943477 0.272694439
vn -0.560020745 -0.0494359545 0.827002347
vn -0.955096066 -0.109814264 0.275194973
vn -0.5917999 0.00584474253 0.8060638
vn -0.5825426 -0.0690536 0.8098616
vn -0.967248 -0.0690534 0.2442599
vn 0.331941962 -0.0157843661 0.943167746
vn 0.3459512 0.08104023 0.934746146
vn -0.3380771 0.0810423344 0.937622547
vn 0.09839434 -0.1299461 0.986626863
vn 0.71386224 -0.1299438 0.688124537
vn 0.105799034 -0.0750908554 0.99154824
vn -0.9452235 0.279509038 0.168603718
vn -0.970536053 0.223233834 0.0906993747
vn -0.8216644 -0.15378806 0.548832357
vn -1 2.7269125E-06 1.83619559E-05
vn -0.809029 2.73032947E-06 0.587768734
vn -0.960015655 0.251440853 0.123075135
vn -0.309039116 3.49419429E-06 0.9510493
vn -0.809008658 -1.38431769E-05 0.587796748
vn -0.309026539 -2.34519291E-07 0.951053441
vn 0.3089988 0 0.951062441
vn 0.308998764 0 0.9510625
vn 0.809027135 0 0.587771356
vn 0.8090091 0 0.5877962
vn 1 0 2.05636024E-05
vn 0.812245965 -0.07955118 0.5778652
vn 0.99678123 0.0795533061 0.009921281
vn 1 2.83910254E-06 1.55568141E-05
vn -1.23715182E-07 -1 1.60214177E-06
vn -1.23715182E-07 -1 1.60214177E-06
vn -1.23715182E-07 -1 1.60214177E-06
vn -2.59007464E-07 -1 0
vn -2.59007464E-07 -1 0
vn -2.59007464E-07 -1 0
vn 6.328993E-07 -1 0
vn 6.328993E-07 -1 0
vn 6.328993E-07 -1 0
vn 1.47332491E-06 -1 3.494854E-06
vn 1.47332491E-06 -1 3.494854E-06
vn 1.47332491E-06 -1 3.494854E-06
vn -0.00183094782 0.879821 0.475301653
vn -0.00183095667 0.5242684 0.8515512
vn -0.00698433863 0.8797785 0.4753326
vn 0.00729391538 0.469433635 0.8829376
vn 0.00226585288 0.46940586 0.882979631
vn 0.00226581655 0.848024964 0.5299515
vn -4.59447474E-05 0 -1
vn -4.59447474E-05 0 -1
vn 0 0 -1
vn 0 0 -1
vn 0 0 -1
vn -3.840125E-05 0 -1
vn -1.62088545E-05 0 -1
vn 7.24846132E-06 0 -1
vn -1.3150322E-05 0 -1
vn 0 0 -1
vn 0 0 -1
vn -7.24846041E-06 0 -1
vn 2.511494E-05 0 -1
vn 3.20273762E-06 0 -1
vn 3.20273762E-06 0 -1
vn -1.530016E-05 0 -1
vn 0 0 -1
vn 1.74385441E-05 0 -1
vn 0 0 -1
vn 6.33638956E-06 0 -1
vn 6.33638956E-06 0 -1
vn 0.000150356951 0 -1
vn 0.000150356951 0 -1
vn 0.000150356951 0 -1
vn 1 0 0
vn 1 0 0
vn 1 0 0
vn 1 0 0
vn 1 0 0
vn 1 0 0
vn -0.0016500639 -0.472533762 0.881311059
vn -0.00165004726 -0.849898934 0.526943147
vn -0.00691175973 -0.472566575 0.881267846
vn 0.007118317 -0.8780731 0.478473663
vn 0.0019956734 -0.8781158 0.47844404
vn 0.00199570064 -0.5212202 0.8534199
vn -0.005255809 0.0009252529 0.9999858
vn -0.005255809 0.0009252529 0.9999858
vn -0.002241253 0.00269461167 0.999993861
vn -0.0012186172 0.00355803967 0.999992967
vn -0.0012186172 0.00355803967 0.999992967
vn -0.0012186172 0.00355803967 0.999992967
vn 0.00113124528 0.00134338369 0.99999845
vn 0 0 1
vn 0 0 1
vn 0 0 1
vn 0.00144986366 0.00148462527 0.999997854
vn 0.0103351381 -0.000408245745 0.999946535
vn 0.0103351381 -0.000408245745 0.999946535
vn -0.0004072463 -0.00376272853 0.999992847
vn -0.0067690555 0.0002015933 0.9999771
vn -0.00300404383 -0.00174285134 0.999994
vn -0.0004072463 -0.00376272853 0.999992847
vn 0.000912504038 -0.00250825519 0.9999964
vn 0.0009072165 -0.00251759263 0.9999964
vn -1.83367756E-05 0 1
vn 0 0 1
vn 0 0 1
vn 1.41043238E-05 0 1
vn 0.002836962 -0.001960743 0.99999404
vn 0.002836962 -0.001960743 0.99999404
vn 0.002836962 -0.001960743 0.99999404
vn 1.54674035E-05 -1 0
vn -2.40504742E-05 -1 0
vn -0.642809033 -0.7660265 1.40666953E-05
vn -0.642809 -0.766026556 0
vn -0.984803855 -0.173670366 0
vn -0.9848044 -0.173667282 0
vn -0.866015553 0.5000171 0
vn -0.866033 0.4999868 0
vn -0.342040151 0.939685345 0
vn -0.342040151 0.939685345 0
vn 0.342007 0.9396974 0
vn 0.342039555 0.9396856 0
vn 0.8660153 0.5000175 0
vn 0.8660378 0.499978632 0
vn 0.9848107 -0.1736315 0
vn 0.9848039 -0.173669979 0
vn 0.6428022 -0.7660323 0
vn 0.642808259 -0.7660271 0
vn -1.487881E-05 -1 1.40517959E-05
vn -1.50799751E-05 -1 0
vn -0.8090057 7.672091E-06 0.5878008
vn -0.30903545 9.105697E-06 0.9510505
vn -0.8090059 0 0.5878005
vn -0.3090205 -1.48680729E-05 0.9510554
vn 0.308998764 1.93288288E-05 0.9510625
vn 0.308998764 -1.4831211E-05 0.9510625
vn 0.8090048 1.9328827E-05 0.587802052
vn 0.8090053 -1.4831211E-05 0.5878014
vn 1 0.000126446292 2.09510345E-05
vn 1 -1.48312292E-05 1.22785568E-05
vn -1 1.48312283E-05 1.29640111E-05
vn -0.8090039 1.99210936E-05 0.587803364
vn -1 6.49690674E-06 1.30534181E-05
vn -0.809027433 -1.48312238E-05 0.587770939
vn -0.3090337 1.9328827E-05 0.9510511
vn -0.3090345 -1.48312065E-05 0.9510508
vn 0.308998764 1.93288288E-05 0.9510625
vn 0.308998764 -1.4831211E-05 0.9510625
vn 0.8089936 1.86656889E-05 0.5878175
vn 0.809005857 -5.88521425E-06 0.5878006
vn 1 0 0
vn 1 0 0
vn 1 0 0
vn 1 0 0
vn 0 1 0
vn 2.67914345E-07 1 -1.65743472E-06
vn 0 1 0
vn 2.67914345E-07 1 -1.65743472E-06
vn 2.67914345E-07 1 -1.65743472E-06
vn 1.05850489E-07 1 -5.14526448E-07
vn 0 1 0
vn 0 1 -2.96483165E-07
vn 0 1 1.83635308E-07
vn 0 1 0
vn 5.931741E-07 1 -7.412103E-07
vn -1.98637849E-07 1 0
vn -1.8332166E-07 1 -1.13413432E-06
vn 0 1 1.05999015E-06
vn 0 1 0
vn 0 1 0
vn 1 -1.48312283E-05 1.29640111E-05
vn 0.8090039 -1.99210954E-05 0.587803364
vn 1 -6.33299351E-06 1.30310655E-05
vn 0.8090278 1.4831222E-05 0.587770343
vn 0.3090337 -1.9328827E-05 0.9510511
vn 0.3090345 1.48312065E-05 0.9510508
vn -0.308998764 -1.93288288E-05 0.9510625
vn -0.308998764 1.4831211E-05 0.9510625
vn -0.8089941 -1.85920235E-05 0.5878168
vn -0.80900526 7.800005E-06 0.5878014
vn 0.8090058 -6.337947E-06 0.587800741
vn 0.309035361 -7.84522E-06 0.9510506
vn 0.8090058 1.29640091E-06 0.5878006
vn 0.309020549 1.4868072E-05 0.951055348
vn -0.308998764 -1.93288288E-05 0.9510625
vn -0.308998764 1.4831211E-05 0.9510625
vn -0.8090048 -1.9328827E-05 0.587802052
vn -0.8090053 1.4831211E-05 0.5878014
vn -1 -1.991816E-05 2.0891428E-05
vn -1 1.48312283E-05 1.29640111E-05
vn 0 -1 -3.51052881E-06
vn -2.67914317E-07 -1 -1.65743461E-06
vn 0 -1 -3.51052881E-06
vn -2.67914317E-07 -1 -1.65743461E-06
vn -2.67914317E-07 -1 -1.65743461E-06
vn -1.05850525E-07 -1 -6.860355E-07
vn 4.09973353E-07 -1 1.07480651E-06
vn 4.09973353E-07 -1 1.07480651E-06
vn -1.60819368E-07 -1 0
vn 0 -1 1.05181675E-06
vn 0 -1 1.05181675E-06
vn 1.62268E-07 -1 0
vn 0 -1 -4.28135365E-07
vn -1.25827444E-06 -1 0
vn -1.10912481E-06 -1 -3.13690725E-06
vn 2.20324168E-07 -1 0
vn -1.25827444E-06 -1 0
vn 1.83321617E-07 -1 0
vn 0 -1 8.479927E-07
vn 0 -1 -1.340903E-06
vn 0 -1 1.75526668E-06
vn 1 0 0
vn 1 0 0
vn 1 0 0
vn 1 0 0
vn -1 0 0
vn -1 0 0
vn -1 0 0
vn -1 0 0
vn -1 0 0
vn -1 0 0
vn -1 0 0
vn -1 0 0
vn -1 0 0
vn -1 0 0
vn 0 1 0
vn 0 1 1.24307348E-06
vn 0 1 0
vn 0 1 1.24307348E-06
vn 0 1 1.24307348E-06
vn 0 1 -6.86039868E-07
vn 0 1 0
vn 0 1 0
vn 0 1 0
vn 0 1 0
vn 0 1 0
vn -0.00269957585 0.999994457 0.00195172324
vn 0 1 0
vn -0.00184523163 0.9999945 0.00274205534
vn 0 1 0
vn 0.0002612706 0.999986231 0.005245932
vn 0 1 -2.0717934E-07
vn 0 1 -1.340922E-06
vn 0 1 1.75526668E-06
vn 0.00172318076 0.999992251 0.00355290156
vn 0.00220992533 0.999992847 0.00307976385
vn 0.00220992533 0.999992847 0.00307976385
vn 1 0 0
vn 1 0 0
vn 1 0 0
vn 1 -2.05869765E-06 0
vn 1 1.844365E-06 0
vn 1 -2.03390937E-06 0
vn 1.24223307E-05 -1 -7.867813E-06
vn -1.47249684E-05 -0.8660295 -0.499992967
vn 1.52532011E-05 -1 -7.838011E-06
vn -1.24223307E-05 -0.8660295 -0.499992967
vn -1.47866731E-05 -0.5000021 -0.866024256
vn -1.24223352E-05 -0.5000007 -0.866025031
vn -1.47249712E-05 -1.7657876E-05 -1
vn -1.242233E-05 -1.77323818E-05 -1
vn -1 0 0
vn -1 0 0
vn -1 0 0
vn -1 0 0
vn -1 0 0
vn -1 0 0
vn -1 0 0
vn -1 0 0
vn -1 0 0
vn -1 0 0
vn -1 0 0
vn -1 0 0
vn -1 0 0
vn -1 0 0
vn 1 0 0
vn 1 0 0
vn 1 0 0
vn 1 -3.371914E-07 0
vn 1 0 0
vn 1 0 0
vn 1.24223307E-05 1.76727772E-05 -1
vn -1.4724973E-05 0.5000015 -0.866024554
vn 1.51991844E-05 1.7657876E-05 -1
vn -1.24223316E-05 0.5000015 -0.866024554
vn -1.4786674E-05 0.866017759 -0.5000133
vn -1.24223343E-05 0.866018653 -0.5000117
vn -1.47249712E-05 1 -7.852912E-06
vn -1.24223316E-05 1 -7.82311054E-06
vn 0 -1 0
vn 0 -1 1.75526441E-06
vn 0 -1 1.24307508E-06
vn 0 -1 0
vn 0.0007049908 -0.999996 0.00274206139
vn 0.00163489429 -0.9999962 0.00225002179
vn -0.000838422333 -0.9999912 0.00412152475
vn 0 -0.9999942 0.00340145617
vn -0.002268125 -0.9999926 0.00312217278
vn -0.0009771414 -0.9999923 0.00380060379
vn 0 -1 0
vn 0 -1 -2.07178914E-07
vn 0 -1 -2.07178914E-07
vn 0 -1 -2.07178914E-07
vn 0 -1 0
vn 0 -1 0
f 1//1 2//2 3//3
f 4//4 5//5 6//6
f 7//7 8//8 9//9
f 10//10 11//11 12//12
f 13//13 14//14 15//15
f 16//16 17//17 18//18
f 19//19 20//20 21//21
f 22//22 23//23 24//24
f 25//25 26//26 27//27
f 28//28 29//29 30//30
f 31//31 32//32 33//33
f 34//34 35//35 36//36
f 37//37 38//38 39//39
f 38//38 40//40 41//41
f 42//42 43//43 44//44
f 45//45 46//46 47//47
f 48//48 49//49 50//50
f 51//51 52//52 53//53
f 54//54 55//55 56//56
f 57//57 58//58 59//59
f 60//60 61//61 58//58
f 62//62 63//63 64//64
f 65//65 66//66 67//67
f 68//68 69//69 70//70
f 71//71 72//72 73//73
f 74//74 75//75 76//76
f 77//77 78//78 79//79
f 80//80 81//81 82//82
f 83//83 84//84 85//85
f 86//86 87//87 88//88
f 89//89 90//90 91//91
f 92//92 93//93 94//94
f 95//95 96//96 97//97
f 98//98 99//99 100//100
f 101//101 102//102 103//103
f 104//104 105//105 106//106
f 107//107 108//108 109//109
f 110//110 111//111 112//112
f 113//113 114//114 115//115
f 116//116 117//117 118//118
f 119//119 120//120 121//121
f 122//122 123//123 124//124
f 125//125 126//126 127//127
f 128//128 129//129 130//130
f 131//131 132//132 133//133
f 134//134 135//135 136//136
f 137//137 138//138 139//139
f 140//140 141//141 142//142
f 143//143 144//144 145//145
f 146//146 147//147 148//148
f 149//149 150//150 151//151
f 152//152 153//153 154//154
f 155//155 156//156 157//157
f 158//158 159//159 160//160
f 161//161 162//162 163//163
f 164//164 165//165 166//166
f 167//167 168//168 169//169
f 170//170 171//171 172//172
f 173//173 174//174 175//175
f 176//176 177//177 178//178
f 179//179 180//180 181//181
f 182//182 183//183 184//184
f 185//185 186//186 187//187
f 188//188 189//189 190//190
f 191//191 192//192 193//193
f 194//194 195//195 196//196
f 197//197 198//198 199//199
f 200//200 201//201 202//202
f 203//203 204//204 205//205
f 206//206 207//207 208//208
f 209//209 210//210 211//211
f 212//212 213//213 214//214
f 215//215 216//216 217//217
f 218//218 219//219 220//220
f 221//221 222//222 223//223
f 224//224 225//225 226//226
f 227//227 228//228 229//229
f 230//230 231//231 232//232
f 233//233 234//234 235//235
f 236//236 237//237 238//238
f 239//239 240//240 241//241
f 242//242 243//243 244//244
f 245//245 246//246 247//247
f 248//248 249//249 250//250
f 250//250 251//251 252//252
f 251//251 253//253 252//252
f 254//254 255//255 256//256
f 257//257 258//258 259//259
f 260//260 261//261 262//262
f 263//263 264//264 265//265
f 266//266 267//267 268//268
f 269//269 270//270 271//271
f 272//272 273//273 274//274
f 275//275 276//276 277//277
f 278//278 279//279 280//280
f 281//281 282//282 283//283
f 284//284 285//285 286//286
f 287//287 288//288 289//289
f 290//290 291//291 292//292
f 293//293 294//294 295//295
f 296//296 297//297 298//298
f 299//299 300//300 301//301
f 302//302 303//303 304//304
f 305//305 306//306 307//307
f 308//308 309//309 310//310
f 311//311 312//312 313//313
f 314//314 315//315 316//316
f 317//317 318//318 319//319
f 320//320 321//321 322//322
f 323//323 324//324 325//325
f 326//326 327//327 328//328
f 329//329 330//330 331//331
f 332//332 333//333 334//334
f 335//335 336//336 337//337
f 338//338 339//339 340//340
f 341//341 342//342 343//343
f 344//344 345//345 346//346
f 347//347 348//348 349//349
f 350//350 351//351 352//352
f 353//353 354//354 355//355
f 356//356 357//357 358//358
f 359//359 360//360 361//361
f 362//362 363//363 364//364
f 365//365 366//366 367//367
f 368//368 369//369 370//370
f 371//371 372//372 373//373
f 374//374 375//375 376//376
f 377//377 378//378 379//379
f 380//380 381//381 382//382
f 383//383 384//384 385//385
f 386//386 387//387 388//388
f 386//386 389//389 387//387
f 390//390 391//391 392//392
f 391//391 393//393 392//392
f 394//394 395//395 396//396
f 394//394 397//397 395//395
f 397//397 398//398 395//395
f 399//399 400//400 401//401
f 401//401 400//400 402//402
f 400//400 403//403 402//402
f 404//404 405//405 406//406
f 407//407 408//408 409//409
f 410//410 411//411 412//412
f 413//413 414//414 415//415
f 416//416 417//417 418//418
f 419//419 420//420 421//421
f 422//422 423//423 424//424
f 425//425 426//426 427//427
f 428//428 429//429 430//430
f 431//431 432//432 433//433
f 434//434 435//435 436//436
f 437//437 438//438 439//439
f 440//440 441//441 442//442
f 443//443 444//444 445//445
f 446//446 447//447 448//448
f 449//449 450//450 451//451
f 452//452 453//453 454//454
f 455//455 456//456 457//457
f 458//458 459//459 460//460
f 461//461 462//462 463//463
f 464//464 465//465 466//466
f 467//467 468//468 469//469
f 470//470 471//471 472//472
f 473//473 474//474 475//475
f 476//476 477//477 478//478
f 479//479 480//480 481//481
f 482//482 483//483 484//484
f 485//485 486//486 487//487
f 488//488 489//489 490//490
f 491//491 492//492 493//493
f 494//494 495//495 496//496
f 497//497 498//498 499//499
f 500//500 501//501 499//499
f 502//502 500//500 503//503
f 504//504 505//505 506//506
f 507//507 508//508 509//509
f 510//510 511//511 512//512
f 513//513 514//514 515//515
f 516//516 517//517 518//518
f 519//519 520//520 521//521
f 522//522 519//519 523//523
f 524//524 525//525 523//523
f 526//526 522//522 527//527
f 528//528 529//529 527//527
f 528//528 530//530 529//529
f 531//531 528//528 532//532
f 530//530 533//533 534//534
f 535//535 530//530 536//536
f 537//537 530//530 535//535
f 538//538 530//530 537//537
f 530//530 538//538 539//539
f 538//538 540//540 539//539
f 541//541 535//535 542//542
f 535//535 541//541 543//543
f 544//544 545//545 543//543
f 546//546 547//547 543//543
f 546//546 548//548 549//549
f 548//548 550//550 549//549
f 551//551 552//552 550//550
f 552//552 553//553 550//550
f 550//550 554//554 551//551
f 555//555 553//553 556//556
f 554//554 557//557 558//558
f 554//554 559//559 557//557
f 560//560 561//561 559//559
f 561//561 562//562 559//559
f 562//562 563//563 564//564
f 565//565 562//562 564//564
f 565//565 566//566 562//562
f 566//566 567//567 562//562
f 565//565 568//568 566//566
f 565//565 569//569 570//570
f 571//571 565//565 572//572
f 573//573 574//574 571//571
f 575//575 573//573 571//571
f 575//575 571//571 576//576
f 575//575 576//576 577//577
f 571//571 578//578 576//576
f 576//576 578//578 579//579
f 580//580 581//581 574//574
f 578//578 582//582 583//583
f 584//584 585//585 579//579
f 585//585 584//584 586//586
f 585//585 586//586 587//587
f 585//585 588//588 583//583
f 589//589 590//590 588//588
f 590//590 591//591 588//588
f 590//590 592//592 591//591
f 592//592 593//593 591//591
f 593//593 592//592 594//594
f 593//593 595//595 591//591
f 596//596 597//597 595//595
f 598//598 599//599 600//600
f 601//601 602//602 600//600
f 603//603 604//604 605//605
f 606//606 607//607 608//608
f 609//609 610//610 607//607
f 611//611 612//612 613//613
f 614//614 615//615 616//616
f 617//617 618//618 619//619
f 620//620 621//621 622//622
f 623//623 624//624 625//625
f 626//626 627//627 628//628
f 629//629 630//630 631//631
f 632//632 633//633 634//634
f 635//635 636//636 637//637
f 638//638 639//639 640//640
f 641//641 642//642 643//643
f 644//644 645//645 646//646
f 647//647 648//648 649//649
f 650//650 651//651 652//652
f 653//653 654//654 655//655
f 653//653 656//656 657//657
f 658//658 656//656 659//659
f 660//660 658//658 659//659
f 660//660 661//661 662//662
f 663//663 660//660 664//664
f 663//663 665//665 662//662
f 663//663 666//666 665//665
f 666//666 667//667 665//665
f 666//666 668//668 667//667
f 669//669 670//670 658//658
f 670//670 671//671 658//658
f 672//672 668//668 673//673
f 674//674 672//672 673//673
f 675//675 668//668 672//672
f 668//668 675//675 676//676
f 675//675 677//677 676//676
f 677//677 678//678 676//676
f 677//677 679//679 678//678
f 680//680 681//681 682//682
f 683//683 684//684 685//685
f 686//686 687//687 688//688
f 689//689 690//690 691//691
f 692//692 693//693 694//694
f 695//695 696//696 697//697
f 698//698 699//699 700//700
f 701//701 702//702 703//703
f 704//704 705//705 706//706
f 707//707 708//708 709//709
f 710//710 711//711 712//712
f 713//713 714//714 715//715
f 716//716 717//717 718//718
f 719//719 720//720 721//721
f 721//721 722//722 723//723
f 724//724 721//721 723//723
f 725//725 724//724 723//723
f 725//725 723//723 726//726
f 727//727 725//725 726//726
f 727//727 726//726 728//728
f 729//729 727//727 728//728
f 730//730 729//729 728//728
f 731//731 730//730 728//728
f 731//731 728//728 732//732
f 733//733 731//731 732//732
f 734//734 733//733 732//732
f 734//734 735//735 733//733
f 736//736 735//735 734//734
f 737//737 738//738 729//729
f 730//730 739//739 738//738
f 736//736 739//739 740//740
f 736//736 741//741 739//739
f 741//741 742//742 739//739
f 738//738 739//739 742//742
f 738//738 742//742 743//743
f 744//744 738//738 743//743
f 745//745 743//743 742//742
f 746//746 745//745 742//742
f 747//747 746//746 742//742
f 747//747 742//742 748//748
f 745//745 749//749 743//743
f 749//749 750//750 743//743
f 751//751 749//749 745//745
f 751//751 745//745 752//752
f 751//751 752//752 753//753
f 753//753 752//752 754//754
f 755//755 753//753 754//754
f 755//755 754//754 756//756
f 757//757 747//747 748//748
f 757//757 758//758 747//747
f 759//759 757//757 748//748
f 760//760 759//759 748//748
f 761//761 760//760 762//762
f 763//763 761//761 762//762
f 764//764 763//763 765//765
f 734//734 764//764 766//766
f 764//764 767//767 766//766
f 768//768 769//769 767//767
f 768//768 770//770 769//769
f 768//768 771//771 770//770
f 772//772 773//773 774//774
f 775//775 772//772 776//776
f 777//777 778//778 776//776
f 777//777 776//776 779//779
f 780//780 777//777 779//779
f 780//780 779//779 723//723
f 772//772 781//781 782//782
f 781//781 783//783 782//782
f 783//783 784//784 782//782
f 785//785 786//786 784//784
f 784//784 786//786 787//787
f 784//784 787//787 788//788
f 787//787 789//789 790//790
f 787//787 791//791 789//789
f 791//791 753//753 789//789
f 791//791 792//792 753//753
f 793//793 794//794 772//772
f 793//793 795//795 794//794
f 795//795 796//796 794//794
f 797//797 798//798 794//794
f 798//798 797//797 799//799
f 800//800 798//798 801//801
f 802//802 803//803 804//804
f 805//805 806//806 807//807
f 808//808 806//806 809//809
f 806//806 810//810 809//809
f 811//811 812//812 813//813
f 814//814 815//815 816//816
f 817//817 818//818 819//819
f 818//818 820//820 821//821
f 822//822 823//823 824//824
f 825//825 826//826 827//827
f 828//828 829//829 830//830
f 831//831 832//832 833//833
f 834//834 833//833 835//835
f 836//836 834//834 835//835
f 837//837 838//838 839//839
f 840//840 841//841 842//842
f 843//843 844//844 845//845
f 846//846 847//847 848//848
f 849//849 850//850 851//851
f 852//852 853//853 854//854
f 855//855 856//856 857//857
f 858//858 859//859 860//860
f 861//861 862//862 863//863
f 864//864 865//865 866//866
f 867//867 868//868 869//869
f 870//870 871//871 872//872
f 873//873 872//872 874//874
f 875//875 873//873 874//874
f 876//876 877//877 878//878
f 879//879 880//880 881//881
f 882//882 883//883 884//884
f 883//883 885//885 886//886
f 887//887 888//888 889//889
f 890//890 891//891 892//892
f 893//893 894//894 895//895
f 896//896 897//897 898//898
f 897//897 899//899 900//900
f 899//899 901//901 902//902
f 903//903 904//904 905//905
f 906//906 907//907 908//908
f 909//909 910//910 911//911
f 912//912 913//913 914//914
f 915//915 916//916 917//917
f 918//918 919//919 920//920
f 921//921 922//922 923//923
f 922//922 924//924 925//925
f 926//926 927//927 928//928
f 929//929 930//930 931//931
f 930//930 932//932 933//933
f 932//932 934//934 935//935
f 936//936 937//937 938//938
f 939//939 940//940 941//941
f 942//942 943//943 944//944
f 945//945 946//946 947//947
f 948//948 949//949 950//950
f 951//951 952//952 953//953
f 954//954 955//955 956//956
f 957//957 958//958 959//959
f 960//960 961//961 962//962
f 963//963 964//964 965//965
f 966//966 967//967 968//968
f 969//969 970//970 971//971
f 972//972 973//973 974//974
f 975//975 976//976 977//977
f 978//978 979//979 980//980
f 981//981 982//982 983//983
f 984//984 985//985 986//986
f 987//987 988//988 989//989
f 990//990 991//991 992//992
f 993//993 994//994 995//995
f 996//996 997//997 998//998
f 999//999 1000//1000 1001//1001
f 1002//1002 1003//1003 1004//1004
f 1005//1005 1006//1006 1007//1007
f 1008//1008 1009//1009 1010//1010
f 1011//1011 1012//1012 1013//1013
f 1014//1014 1015//1015 1016//1016
f 1017//1017 1018//1018 1019//1019
f 1020//1020 1021//1021 1022//1022
f 1023//1023 1024//1024 1025//1025
f 1026//1026 1027//1027 1028//1028
f 1029//1029 1030//1030 1031//1031
f 1032//1032 1033//1033 1034//1034
f 1035//1035 1036//1036 1037//1037
f 1038//1038 1039//1039 1040//1040
f 1041//1041 1042//1042 1043//1043
f 1044//1044 1045//1045 1046//1046
f 1047//1047 1048//1048 1049//1049
f 1050//1050 1051//1051 1052//1052
f 1053//1053 1054//1054 1055//1055
f 1056//1056 1057//1057 1058//1058
f 1059//1059 1060//1060 1061//1061
f 1062//1062 1063//1063 1064//1064
f 1065//1065 1066//1066 1067//1067
f 1068//1068 1067//1067 1069//1069
f 1070//1070 1068//1068 1069//1069
f 1070//1070 1071//1071 1072//1072
f 1073//1073 1070//1070 1074//1074
f 1073//1073 1075//1075 1076//1076
f 1077//1077 1073//1073 1078//1078
f 1079//1079 1078//1078 1080//1080
f 1081//1081 1079//1079 1082//1082
f 1081//1081 1082//1082 1083//1083
f 1084//1084 1081//1081 1085//1085
f 1086//1086 1085//1085 1087//1087
f 1088//1088 1086//1086 1089//1089
f 1090//1090 1089//1089 1091//1091
f 1092//1092 1090//1090 1093//1093
f 1094//1094 1093//1093 1095//1095
f 1096//1096 1094//1094 1097//1097
f 1098//1098 1097//1097 1099//1099
f 1100//1100 1098//1098 1099//1099
f 1100//1100 1101//1101 1102//1102
f 1103//1103 1104//1104 1105//1105
f 1106//1106 1107//1107 1108//1108
f 1109//1109 1110//1110 1111//1111
f 1112//1112 1113//1113 1114//1114
f 1115//1115 1116//1116 1117//1117
f 1118//1118 1119//1119 1120//1120
f 1121//1121 1122//1122 1123//1123
f 1122//1122 1124//1124 1123//1123
f 1122//1122 1125//1125 1124//1124
f 1122//1122 1126//1126 1125//1125
f 1126//1126 1127//1127 1125//1125
f 1126//1126 1128//1128 1127//1127
f 1128//1128 1129//1129 1127//1127
f 1128//1128 1130//1130 1129//1129
f 1130//1130 1131//1131 1129//1129
f 1130//1130 1132//1132 1131//1131
f 1132//1132 1133//1133 1131//1131
f 1132//1132 1134//1134 1133//1133
f 1134//1134 1135//1135 1133//1133
f 1134//1134 1136//1136 1135//1135
f 1136//1136 1137//1137 1135//1135
f 1137//1137 1138//1138 1135//1135
f 1139//1139 1140//1140 1141//1141
f 1140//1140 1142//1142 1141//1141
f 1140//1140 1143//1143 1142//1142
f 1140//1140 1144//1144 1143//1143
f 1144//1144 1145//1145 1143//1143
f 1144//1144 1146//1146 1145//1145
f 1146//1146 1147//1147 1145//1145
f 1146//1146 1148//1148 1147//1147
f 1148//1148 1149//1149 1147//1147
f 1148//1148 1150//1150 1149//1149
f 1150//1150 1151//1151 1149//1149
f 1150//1150 1152//1152 1151//1151
f 1152//1152 1153//1153 1151//1151
f 1152//1152 1154//1154 1153//1153
f 1154//1154 1155//1155 1153//1153
f 1155//1155 1156//1156 1153//1153
f 1157//1157 1158//1158 1159//1159
f 1158//1158 1160//1160 1159//1159
f 1161//1161 1162//1162 1163//1163
f 1161//1161 1164//1164 1162//1162
f 1164//1164 1161//1161 1165//1165
f 1166//1166 1167//1167 1168//1168
f 1166//1166 1168//1168 1169//1169
f 1170//1170 1171//1171 1172//1172
f 1173//1173 1170//1170 1172//1172
f 1173//1173 1172//1172 1174//1174
f 1175//1175 1173//1173 1174//1174
f 1175//1175 1174//1174 1176//1176
f 1177//1177 1175//1175 1176//1176
f 1177//1177 1176//1176 1178//1178
f 1179//1179 1177//1177 1178//1178
f 1179//1179 1178//1178 1180//1180
f 1181//1181 1179//1179 1180//1180
f 1181//1181 1180//1180 1182//1182
f 1183//1183 1181//1181 1182//1182
f 1183//1183 1182//1182 1184//1184
f 1185//1185 1183//1183 1184//1184
f 1185//1185 1184//1184 1186//1186
f 1187//1187 1185//1185 1186//1186
f 1187//1187 1186//1186 1188//1188
f 1189//1189 1187//1187 1188//1188
f 1190//1190 1191//1191 1192//1192
f 1191//1191 1193//1193 1192//1192
f 1191//1191 1194//1194 1193//1193
f 1194//1194 1195//1195 1193//1193
f 1194//1194 1196//1196 1195//1195
f 1196//1196 1197//1197 1195//1195
f 1196//1196 1198//1198 1197//1197
f 1199//1199 1200//1200 1201//1201
f 1200//1200 1202//1202 1201//1201
f 1203//1203 1204//1204 1205//1205
f 1204//1204 1206//1206 1205//1205
f 1207//1207 1208//1208 1209//1209
f 1208//1208 1210//1210 1209//1209
f 1211//1211 1212//1212 1213//1213
f 1212//1212 1214//1214 1213//1213
f 1215//1215 1216//1216 1217//1217
f 1215//1215 1217//1217 1218//1218
f 1219//1219 1220//1220 1221//1221
f 1220//1220 1222//1222 1221//1221
f 1220//1220 1223//1223 1222//1222
f 1224//1224 1225//1225 1226//1226
f 1224//1224 1227//1227 1225//1225
f 1228//1228 1229//1229 1230//1230
f 1228//1228 1231//1231 1229//1229
f 1232//1232 1233//1233 1234//1234
f 1233//1233 1235//1235 1234//1234
f 1236//1236 1237//1237 1235//1235
f 1236//1236 1238//1238 1237//1237
f 1239//1239 1240//1240 1241//1241
f 1242//1242 1239//1239 1243//1243
f 1244//1244 1242//1242 1245//1245
f 1244//1244 1246//1246 1247//1247
f 1248//1248 1244//1244 1247//1247
f 1248//1248 1247//1247 1249//1249
f 1250//1250 1248//1248 1251//1251
f 1252//1252 1250//1250 1253//1253
f 1253//1253 1254//1254 1255//1255
f 1256//1256 1257//1257 1258//1258
f 1259//1259 1260//1260 1261//1261
f 1262//1262 1263//1263 1264//1264
f 1265//1265 1266//1266 1267//1267
f 1268//1268 1269//1269 1270//1270
f 1271//1271 1272//1272 1273//1273
f 1274//1274 1275//1275 1276//1276
f 1277//1277 1278//1278 1279//1279
f 1280//1280 1281//1281 1282//1282
f 1283//1283 1284//1284 1285//1285
f 1286//1286 1287//1287 1288//1288
f 1289//1289 1290//1290 1291//1291
f 1292//1292 1293//1293 1294//1294
f 1295//1295 1296//1296 1297//1297
f 1298//1298 1299//1299 1300//1300
f 1301//1301 1302//1302 1303//1303
f 1304//1304 1305//1305 1306//1306
f 1307//1307 1308//1308 1309//1309
f 1310//1310 1311//1311 1312//1312
f 1313//1313 1314//1314 1315//1315
f 1316//1316 1317//1317 1318//1318
f 1319//1319 1320//1320 1317//1317
f 1320//1320 1321//1321 1322//1322
f 1320//1320 1323//1323 1321//1321
f 1324//1324 1325//1325 1326//1326
f 1324//1324 1327//1327 1328//1328
f 1324//1324 1329//1329 1327//1327
f 1329//1329 1330//1330 1331//1331
f 1330//1330 1332//1332 1331//1331
f 1333//1333 1324//1324 1334//1334
f 1333//1333 1334//1334 1335//1335
f 1336//1336 1333//1333 1337//1337
f 1338//1338 1339//1339 1340//1340
f 1341//1341 1340//1340 1342//1342
f 1341//1341 1343//1343 1340//1340
f 1344//1344 1345//1345 1346//1346
f 1347//1347 1344//1344 1348//1348
f 1344//1344 1349//1349 1348//1348
f 1350//1350 1351//1351 1352//1352
f 1353//1353 1354//1354 1355//1355
f 1356//1356 1357//1357 1358//1358
f 1359//1359 1360//1360 1361//1361
f 1362//1362 1363//1363 1364//1364
f 1365//1365 1366//1366 1367//1367
f 1368//1368 1369//1369 1370//1370
f 1371//1371 1372//1372 1373//1373
f 1374//1374 1375//1375 1376//1376
f 1377//1377 1378//1378 1379//1379
f 1380//1380 1381//1381 1382//1382
f 1383//1383 1384//1384 1385//1385
f 1386//1386 1387//1387 1388//1388
f 1389//1389 1390//1390 1391//1391
f 1392//1392 1393//1393 1394//1394
f 1395//1395 1396//1396 1397//1397
f 1398//1398 1399//1399 1400//1400
f 1401//1401 1402//1402 1403//1403
f 1402//1402 1404//1404 1405//1405
f 1402//1402 1405//1405 1406//1406
f 1407//1407 1408//1408 1409//1409
f 1410//1410 1411//1411 1412//1412
f 1413//1413 1414//1414 1415//1415
f 1416//1416 1413//1413 1417//1417
f 1418//1418 1419//1419 1420//1420
f 1421//1421 1422//1422 1423//1423
f 1424//1424 1425//1425 1426//1426
f 1427//1427 1428//1428 1429//1429
f 1430//1430 1431//1431 1432//1432
f 1433//1433 1434//1434 1435//1435
f 1436//1436 1437//1437 1438//1438
f 1439//1439 1440//1440 1441//1441
f 1442//1442 1443//1443 1444//1444
f 1445//1445 1446//1446 1447//1447
f 1448//1448 1449//1449 1450//1450
f 1451//1451 1452//1452 1453//1453
f 1454//1454 1455//1455 1456//1456
f 1457//1457 1458//1458 1459//1459
f 1460//1460 1461//1461 1462//1462
f 1463//1463 1464//1464 1465//1465
f 1466//1466 1467//1467 1468//1468
f 1469//1469 1470//1470 1471//1471
f 1472//1472 1473//1473 1474//1474
f 1475//1475 1476//1476 1477//1477
f 1475//1475 1478//1478 1479//1479
f 1479//1479 1480//1480 1481//1481
f 1482//1482 1483//1483 1484//1484
f 1485//1485 1486//1486 1487//1487
f 1488//1488 1489//1489 1490//1490
f 1491//1491 1492//1492 1493//1493
f 1494//1494 1495//1495 1496//1496
f 1497//1497 1496//1496 1498//1498
f 1499//1499 1497//1497 1498//1498
f 1500//1500 1501//1501 1502//1502
f 1503//1503 1504//1504 1505//1505
f 1506//1506 1507//1507 1508//1508
f 1509//1509 1506//1506 1510//1510
f 1506//1506 1511//1511 1510//1510
f 1511//1511 1512//1512 1510//1510
f 1509//1509 1513//1513 1514//1514
f 1513//1513 1515//1515 1514//1514
f 1515//1515 1513//1513 1516//1516
f 1517//1517 1515//1515 1516//1516
f 1517//1517 1516//1516 1518//1518
f 1519//1519 1517//1517 1518//1518
f 1513//1513 1520//1520 1516//1516
f 1513//1513 1521//1521 1520//1520
f 1520//1520 1521//1521 1522//1522
f 1522//1522 1521//1521 1523//1523
f 1521//1521 1524//1524 1523//1523
f 1522//1522 1523//1523 1525//1525
f 1526//1526 1522//1522 1525//1525
f 1527//1527 1526//1526 1525//1525
f 1524//1524 1528//1528 1523//1523
f 1527//1527 1525//1525 1529//1529
f 1530//1530 1527//1527 1529//1529
f 1531//1531 1530//1530 1529//1529
f 1530//1530 1532//1532 1527//1527
f 1532//1532 1533//1533 1527//1527
f 1534//1534 1533//1533 1532//1532
f 1524//1524 1535//1535 1528//1528
f 1524//1524 1536//1536 1535//1535
f 1536//1536 1537//1537 1535//1535
f 1538//1538 1535//1535 1539//1539
f 1528//1528 1540//1540 1541//1541
f 1528//1528 1542//1542 1540//1540
f 1543//1543 1534//1534 1544//1544
f 1543//1543 1544//1544 1545//1545
f 1519//1519 1543//1543 1545//1545
f 1519//1519 1545//1545 1546//1546
f 1547//1547 1519//1519 1546//1546
f 1547//1547 1546//1546 1548//1548
f 1549//1549 1547//1547 1550//1550
f 1551//1551 1549//1549 1550//1550
f 1552//1552 1553//1553 1539//1539
f 1552//1552 1554//1554 1553//1553
f 1553//1553 1554//1554 1555//1555
f 1546//1546 1556//1556 1557//1557
f 1556//1556 1558//1558 1557//1557
f 1559//1559 1560//1560 1558//1558
f 1559//1559 1561//1561 1560//1560
f 1562//1562 1559//1559 1563//1563
f 1564//1564 1562//1562 1563//1563
f 1556//1556 1565//1565 1566//1566
f 1565//1565 1567//1567 1566//1566
f 1565//1565 1568//1568 1567//1567
f 1568//1568 1569//1569 1567//1567
f 1569//1569 1570//1570 1567//1567
f 1569//1569 1511//1511 1570//1570
f 1565//1565 1571//1571 1572//1572
f 1572//1572 1571//1571 1573//1573
f 1571//1571 1574//1574 1573//1573
f 1574//1574 1575//1575 1573//1573
f 1575//1575 1574//1574 1576//1576
f 1577//1577 1573//1573 1578//1578
f 1576//1576 1579//1579 1580//1580
f 1574//1574 1581//1581 1579//1579
f 1579//1579 1581//1581 1582//1582
f 1581//1581 1583//1583 1582//1582
f 1583//1583 1584//1584 1585//1585
f 1586//1586 1583//1583 1587//1587
f 1588//1588 1586//1586 1587//1587
f 1583//1583 1589//1589 1587//1587
f 1590//1590 1591//1591 1588//1588
f 1592//1592 1593//1593 1590//1590
f 1594//1594 1595//1595 1591//1591
f 1596//1596 1597//1597 1590//1590
f 1596//1596 1598//1598 1599//1599
f 1598//1598 1600//1600 1599//1599
f 1589//1589 1600//1600 1601//1601
f 1601//1601 1602//1602 1603//1603
f 1602//1602 1604//1604 1603//1603
f 1597//1597 1605//1605 1604//1604
f 1605//1605 1606//1606 1594//1594
f 1605//1605 1607//1607 1606//1606
f 1607//1607 1608//1608 1606//1606
f 1606//1606 1608//1608 1609//1609
f 1610//1610 1606//1606 1609//1609
f 1611//1611 1608//1608 1607//1607
f 1611//1611 1607//1607 1612//1612
f 1613//1613 1611//1611 1612//1612
f 1511//1511 1613//1613 1612//1612
f 1614//1614 1597//1597 1615//1615
f 1616//1616 1613//1613 1617//1617
f 1616//1616 1617//1617 1618//1618
f 1536//1536 1614//1614 1619//1619
f 1614//1614 1620//1620 1619//1619
f 1621//1621 1622//1622 1620//1620
f 1622//1622 1623//1623 1620//1620
f 1624//1624 1623//1623 1625//1625
f 1626//1626 1627//1627 1620//1620
f 1626//1626 1624//1624 1627//1627
f 1628//1628 1629//1629 1625//1625
f 1628//1628 1630//1630 1629//1629
f 1630//1630 1631//1631 1629//1629
f 1589//1589 1628//1628 1632//1632
f 1633//1633 1589//1589 1632//1632
f 1633//1633 1632//1632 1599//1599
f 1634//1634 1630//1630 1635//1635
f 1636//1636 1634//1634 1635//1635
f 1637//1637 1636//1636 1635//1635
f 1638//1638 1639//1639 1636//1636
f 1637//1637 1640//1640 1641//1641
f 1642//1642 1637//1637 1531//1531
f 1642//1642 1531//1531 1643//1643
f 1644//1644 1642//1642 1643//1643
f 1643//1643 1645//1645 1646//1646
f 1645//1645 1647//1647 1646//1646
f 1648//1648 1649//1649 1650//1650
f 1651//1651 1652//1652 1653//1653
f 1654//1654 1655//1655 1656//1656
f 1657//1657 1658//1658 1659//1659
f 1660//1660 1661//1661 1662//1662
f 1663//1663 1664//1664 1665//1665
f 1666//1666 1667//1667 1668//1668
f 1669//1669 1670//1670 1671//1671
f 1672//1672 1673//1673 1674//1674
f 1675//1675 1676//1676 1677//1677
f 1678//1678 1679//1679 1680//1680
f 1681//1681 1682//1682 1683//1683
f 1684//1684 1685//1685 1686//1686
f 1687//1687 1688//1688 1689//1689
f 1690//1690 1691//1691 1692//1692
f 1693//1693 1694//1694 1695//1695
f 1696//1696 1697//1697 1698//1698
f 1699//1699 1700//1700 1701//1701
f 1702//1702 1703//1703 1704//1704
f 1705//1705 1704//1704 1706//1706
f 1707//1707 1705//1705 1706//1706
f 1708//1708 1709//1709 1710//1710
f 1711//1711 1712//1712 1713//1713
f 1714//1714 1715//1715 1712//1712
f 1716//1716 1717//1717 1718//1718
f 1719//1719 1720//1720 1721//1721
f 1722//1722 1723//1723 1724//1724
f 1725//1725 1726//1726 1727//1727
f 1728//1728 1729//1729 1726//1726
f 1729//1729 1730//1730 1731//1731
f 1732//1732 1733//1733 1734//1734
f 1735//1735 1736//1736 1737//1737
f 1736//1736 1738//1738 1739//1739
f 1738//1738 1740//1740 1741//1741
f 1742//1742 1743//1743 1744//1744
f 1745//1745 1746//1746 1747//1747
f 1748//1748 1749//1749 1746//1746
f 1749//1749 1750//1750 1751//1751
f 1750//1750 1752//1752 1753//1753
f 1754//1754 1753//1753 1751//1751
f 1755//1755 1756//1756 1757//1757
f 1758//1758 1759//1759 1760//1760
f 1761//1761 1758//1758 1762//1762
f 1763//1763 1761//1761 1764//1764
f 1763//1763 1764//1764 1765//1765
f 1766//1766 1763//1763 1765//1765
f 1767//1767 1766//1766 1768//1768
f 1767//1767 1768//1768 1769//1769
f 1770//1770 1767//1767 1769//1769
f 1771//1771 1770//1770 1772//1772
f 1771//1771 1772//1772 1773//1773
f 1774//1774 1771//1771 1773//1773
f 1775//1775 1774//1774 1776//1776
f 1777//1777 1778//1778 1779//1779
f 1780//1780 1781//1781 1782//1782
f 1783//1783 1784//1784 1785//1785
f 1786//1786 1787//1787 1788//1788
f 1789//1789 1790//1790 1791//1791
f 1792//1792 1789//1789 1793//1793
f 1794//1794 1792//1792 1795//1795
f 1796//1796 1794//1794 1797//1797
f 1798//1798 1796//1796 1799//1799
f 1798//1798 1799//1799 1800//1800
f 1801//1801 1802//1802 1803//1803
f 1804//1804 1805//1805 1806//1806
f 1805//1805 1807//1807 1808//1808
f 1809//1809 1810//1810 1808//1808
f 1809//1809 1811//1811 1810//1810
f 1812//1812 1813//1813 1814//1814
f 1815//1815 1816//1816 1817//1817
f 1818//1818 1819//1819 1820//1820
f 1821//1821 1822//1822 1823//1823
f 1824//1824 1825//1825 1826//1826
f 1827//1827 1828//1828 1829//1829
f 1830//1830 1831//1831 1832//1832
f 1833//1833 1834//1834 1835//1835
f 1836//1836 1837//1837 1838//1838
f 1839//1839 1840//1840 1841//1841
f 1842//1842 1843//1843 1844//1844
f 1845//1845 1846//1846 1847//1847
f 1848//1848 1849//1849 1850//1850
f 1851//1851 1852//1852 1853//1853
f 1854//1854 1855//1855 1856//1856
f 1857//1857 1858//1858 1859//1859
f 1860//1860 1861//1861 1862//1862
f 1863//1863 1864//1864 1860//1860
f 1864//1864 1863//1863 1865//1865
f 1866//1866 1867//1867 1868//1868
f 1869//1869 1870//1870 1871//1871
f 1872//1872 1873//1873 1874//1874
f 1875//1875 1876//1876 1877//1877
f 1878//1878 1879//1879 1880//1880
f 1881//1881 1882//1882 1883//1883
f 1884//1884 1885//1885 1886//1886
f 1887//1887 1888//1888 1889//1889
f 1890//1890 1891//1891 1892//1892
f 1893//1893 1894//1894 1895//1895
f 1896//1896 1897//1897 1898//1898
f 1899//1899 1900//1900 1901//1901
f 1902//1902 1903//1903 1904//1904
f 1905//1905 1906//1906 1907//1907
f 1908//1908 1909//1909 1910//1910
f 1911//1911 1912//1912 1913//1913
f 1914//1914 1915//1915 1916//1916
f 1917//1917 1918//1918 1919//1919
f 1920//1920 1921//1921 1922//1922
f 1923//1923 1924//1924 1925//1925
f 1926//1926 1927//1927 1928//1928
f 1929//1929 1930//1930 1931//1931
f 1932//1932 1933//1933 1934//1934
f 1935//1935 1936//1936 1937//1937
f 1938//1938 1939//1939 1940//1940
f 1941//1941 1942//1942 1943//1943
f 1944//1944 1945//1945 1946//1946
f 1947//1947 1948//1948 1949//1949
f 1950//1950 1951//1951 1952//1952
f 1953//1953 1954//1954 1955//1955
f 1956//1956 1957//1957 1958//1958
f 1959//1959 1960//1960 1961//1961
f 1962//1962 1963//1963 1964//1964
f 1965//1965 1966//1966 1967//1967
f 1968//1968 1969//1969 1970//1970
f 1971//1971 1972//1972 1973//1973
f 1974//1974 1975//1975 1976//1976
f 1977//1977 1978//1978 1979//1979
f 1980//1980 1981//1981 1982//1982
f 1983//1983 1984//1984 1985//1985
f 1986//1986 1987//1987 1988//1988
f 1989//1989 1990//1990 1991//1991
f 1992//1992 1993//1993 1994//1994
f 1995//1995 1996//1996 1997//1997
f 1998//1998 1999//1999 2000//2000
f 2001//2001 2002//2002 2003//2003
f 2004//2004 2005//2005 2006//2006
f 2007//2007 2008//2008 2009//2009
f 2010//2010 2011//2011 2012//2012
f 2013//2013 2014//2014 2015//2015
f 2016//2016 2017//2017 2018//2018
f 2019//2019 2020//2020 2021//2021
f 2022//2022 2023//2023 2024//2024
f 2025//2025 2026//2026 2027//2027
f 2028//2028 2029//2029 2030//2030
f 2031//2031 2032//2032 2033//2033
f 2034//2034 2035//2035 2036//2036
f 2037//2037 2038//2038 2039//2039
f 2040//2040 2041//2041 2042//2042
f 2043//2043 2044//2044 2045//2045
f 2046//2046 2047//2047 2048//2048
f 2049//2049 2050//2050 2051//2051
f 2052//2052 2053//2053 2054//2054
f 2055//2055 2056//2056 2057//2057
f 2058//2058 2059//2059 2060//2060
f 2061//2061 2062//2062 2063//2063
f 2064//2064 2065//2065 2066//2066
f 2067//2067 2068//2068 2069//2069
f 2070//2070 2071//2071 2072//2072
f 2073//2073 2074//2074 2075//2075
f 2076//2076 2077//2077 2078//2078
f 2079//2079 2080//2080 2081//2081
f 2082//2082 2083//2083 2084//2084
f 2085//2085 2086//2086 2087//2087
f 2088//2088 2089//2089 2090//2090
f 2091//2091 2092//2092 2093//2093
f 2094//2094 2091//2091 2093//2093
f 2094//2094 2093//2093 2095//2095
f 2096//2096 2094//2094 2095//2095
f 2096//2096 2095//2095 2097//2097
f 2098//2098 2096//2096 2097//2097
f 2098//2098 2097//2097 2099//2099
f 2100//2100 2098//2098 2099//2099
f 2100//2100 2099//2099 2101//2101
f 2102//2102 2100//2100 2101//2101
f 2102//2102 2101//2101 2103//2103
f 2104//2104 2102//2102 2103//2103
f 2104//2104 2103//2103 2105//2105
f 2106//2106 2104//2104 2105//2105
f 2106//2106 2105//2105 2107//2107
f 2108//2108 2106//2106 2107//2107
f 2108//2108 2107//2107 2109//2109
f 2110//2110 2108//2108 2109//2109
f 2110//2110 2109//2109 2111//2111
f 2112//2112 2110//2110 2111//2111
f 2112//2112 2111//2111 2113//2113
f 2114//2114 2112//2112 2113//2113
f 2114//2114 2113//2113 2115//2115
f 2116//2116 2114//2114 2115//2115
f 2116//2116 2115//2115 2117//2117
f 2118//2118 2116//2116 2117//2117
f 2118//2118 2117//2117 2119//2119
f 2120//2120 2118//2118 2119//2119
f 2120//2120 2119//2119 2121//2121
f 2122//2122 2120//2120 2121//2121
f 2123//2123 2124//2124 2125//2125
f 2124//2124 2126//2126 2125//2125
f 2127//2127 2128//2128 2129//2129
f 2128//2128 2130//2130 2129//2129
f 2131//2131 2132//2132 2133//2133
f 2134//2134 2131//2131 2133//2133
f 2135//2135 2134//2134 2133//2133
f 2136//2136 2137//2137 2138//2138
f 2137//2137 2139//2139 2138//2138
f 2140//2140 2139//2139 2141//2141
f 2139//2139 2142//2142 2141//2141
f 2143//2143 2144//2144 2145//2145
f 2146//2146 2143//2143 2145//2145
f 2146//2146 2145//2145 2147//2147
f 2148//2148 2149//2149 2150//2150
f 2151//2151 2148//2148 2150//2150
f 2151//2151 2150//2150 2152//2152
f 2153//2153 2151//2151 2152//2152
f 2153//2153 2152//2152 2154//2154
f 2155//2155 2153//2153 2154//2154
f 2155//2155 2154//2154 2156//2156
f 2157//2157 2155//2155 2156//2156
f 2157//2157 2156//2156 2158//2158
f 2159//2159 2157//2157 2158//2158
f 2159//2159 2158//2158 2160//2160
f 2161//2161 2159//2159 2160//2160
f 2161//2161 2160//2160 2162//2162
f 2163//2163 2161//2161 2162//2162
f 2163//2163 2162//2162 2164//2164
f 2165//2165 2163//2163 2164//2164
f 2165//2165 2164//2164 2166//2166
f 2167//2167 2165//2165 2166//2166
f 2167//2167 2166//2166 2168//2168
f 2169//2169 2167//2167 2168//2168
f 2169//2169 2168//2168 2170//2170
f 2171//2171 2169//2169 2170//2170
f 2171//2171 2170//2170 2172//2172
f 2173//2173 2171//2171 2172//2172
f 2174//2174 2175//2175 2176//2176
f 2177//2177 2174//2174 2176//2176
f 2177//2177 2176//2176 2178//2178
f 2179//2179 2177//2177 2178//2178
f 2179//2179 2178//2178 2180//2180
f 2181//2181 2179//2179 2180//2180
f 2181//2181 2180//2180 2182//2182
f 2183//2183 2181//2181 2182//2182
f 2183//2183 2182//2182 2184//2184
f 2185//2185 2183//2183 2184//2184
f 2185//2185 2184//2184 2186//2186
f 2187//2187 2185//2185 2186//2186
f 2187//2187 2186//2186 2188//2188
f 2189//2189 2187//2187 2188//2188
f 2189//2189 2188//2188 2190//2190
f 2191//2191 2189//2189 2190//2190
f 2191//2191 2190//2190 2192//2192
f 2193//2193 2191//2191 2192//2192
f 2193//2193 2192//2192 2194//2194
f 2195//2195 2193//2193 2194//2194
f 2195//2195 2194//2194 2196//2196
f 2197//2197 2195//2195 2196//2196
f 2198//2198 2199//2199 2200//2200
f 2199//2199 2201//2201 2200//2200
f 2202//2202 2203//2203 2204//2204
f 2202//2202 2205//2205 2203//2203
f 2206//2206 2207//2207 2208//2208
f 2208//2208 2207//2207 2209//2209
f 2210//2210 2211//2211 2212//2212
f 2211//2211 2213//2213 2212//2212
f 2214//2214 2215//2215 2216//2216
f 2216//2216 2215//2215 2217//2217
f 2218//2218 2216//2216 2217//2217
f 2218//2218 2217//2217 1533//1533
f 2219//2219 2220//2220 2221//2221
f 2220//2220 2222//2222 2221//2221
f 2223//2223 2224//2224 2225//2225
f 2225//2225 2226//2226 2223//2223
f 2227//2227 2228//2228 2229//2229
f 2228//2228 2230//2230 2229//2229
f 2231//2231 2232//2232 2233//2233
f 2232//2232 2234//2234 2233//2233
f 2235//2235 2236//2236 2237//2237
f 2235//2235 2238//2238 2236//2236
f 2239//2239 2240//2240 2241//2241
f 2240//2240 2242//2242 2241//2241
f 2243//2243 2244//2244 2240//2240
f 2244//2244 2243//2243 2245//2245
f 2246//2246 2247//2247 2248//2248
f 2249//2249 2246//2246 2248//2248
f 2246//2246 2249//2249 2250//2250
f 2249//2249 2251//2251 2250//2250
f 2252//2252 2253//2253 2254//2254
f 2252//2252 2255//2255 2253//2253
f 2255//2255 2252//2252 2256//2256
f 2257//2257 2258//2258 2259//2259
f 2260//2260 2257//2257 2259//2259
f 2257//2257 2260//2260 2261//2261
f 2260//2260 2262//2262 2261//2261
f 2263//2263 2264//2264 2265//2265
f 2263//2263 2265//2265 2266//2266
f 2266//2266 2265//2265 2267//2267
f 2268//2268 2269//2269 2270//2270
f 2268//2268 2271//2271 2269//2269
f 2272//2272 2273//2273 2274//2274
f 2272//2272 2275//2275 2273//2273
f 2276//2276 2277//2277 2278//2278
f 2276//2276 2279//2279 2277//2277
f 2280//2280 2281//2281 2282//2282
f 2280//2280 2283//2283 2281//2281
f 2284//2284 2285//2285 2286//2286
f 2284//2284 2287//2287 2285//2285
f 2288//2288 2289//2289 2290//2290
f 2288//2288 2291//2291 2289//2289
f 2292//2292 2293//2293 2294//2294
f 2292//2292 2295//2295 2293//2293
f 2296//2296 2297//2297 2298//2298
f 2297//2297 2299//2299 2298//2298
f 2296//2296 2298//2298 2300//2300
f 2299//2299 2301//2301 2298//2298
f 2302//2302 2296//2296 2300//2300
f 2299//2299 2303//2303 2301//2301
f 2302//2302 2300//2300 2304//2304
f 2303//2303 2305//2305 2301//2301
f 2306//2306 2302//2302 2304//2304
f 2303//2303 2307//2307 2305//2305
f 2306//2306 2304//2304 2308//2308
f 2307//2307 2309//2309 2305//2305
f 2310//2310 2306//2306 2308//2308
f 2307//2307 2311//2311 2309//2309
f 2310//2310 2308//2308 2312//2312
f 2311//2311 2313//2313 2309//2309
f 2314//2314 2310//2310 2312//2312
f 2311//2311 2315//2315 2313//2313
f 2314//2314 2312//2312 2316//2316
f 2315//2315 2317//2317 2313//2313
f 2318//2318 2314//2314 2316//2316
f 2315//2315 2318//2318 2317//2317
f 2318//2318 2316//2316 2317//2317
f 2319//2319 2320//2320 2321//2321
f 2322//2322 2323//2323 2324//2324
f 2325//2325 2326//2326 2323//2323
f 2325//2325 2327//2327 2328//2328
f 2329//2329 2330//2330 2326//2326
f 2331//2331 2332//2332 2330//2330
f 2331//2331 2333//2333 2334//2334
f 2333//2333 2335//2335 2334//2334
f 2336//2336 2337//2337 2338//2338
f 2339//2339 2340//2340 2341//2341
f 2342//2342 2343//2343 2344//2344
f 2345//2345 2344//2344 2346//2346
f 2347//2347 2346//2346 2348//2348
f 2349//2349 2347//2347 2348//2348
f 2350//2350 2351//2351 2352//2352
f 2353//2353 2354//2354 2355//2355
f 2356//2356 2357//2357 2358//2358
f 2359//2359 2360//2360 2357//2357
f 2361//2361 2362//2362 2360//2360
f 2361//2361 2363//2363 2364//2364
f 2363//2363 2365//2365 2364//2364
f 2366//2366 2367//2367 2365//2365
f 2366//2366 2368//2368 2367//2367
f 2368//2368 2369//2369 2367//2367
f 2370//2370 2371//2371 2369//2369
f 2370//2370 2372//2372 2373//2373
f 2372//2372 2374//2374 2371//2371
f 2375//2375 2376//2376 2377//2377
f 2378//2378 2379//2379 2380//2380
f 2381//2381 2382//2382 2383//2383
f 2384//2384 2385//2385 2386//2386
f 2387//2387 2388//2388 2385//2385
f 2389//2389 2390//2390 2388//2388
f 2389//2389 2391//2391 2390//2390
f 2391//2391 2392//2392 2390//2390
f 2393//2393 2394//2394 2392//2392
f 2393//2393 2395//2395 2394//2394
f 2395//2395 2396//2396 2397//2397
f 2398//2398 2399//2399 2396//2396
f 2398//2398 2400//2400 2399//2399
f 2400//2400 2401//2401 2399//2399
f 2402//2402 2403//2403 2404//2404
f 2405//2405 2406//2406 2407//2407
f 2408//2408 2409//2409 2406//2406
f 2410//2410 2411//2411 2412//2412
f 2413//2413 2414//2414 2415//2415
f 2413//2413 2416//2416 2417//2417
f 2418//2418 2419//2419 2420//2420
f 2421//2421 2422//2422 2423//2423
f 2424//2424 2425//2425 2422//2422
f 2426//2426 2427//2427 2425//2425
f 2428//2428 2429//2429 2430//2430
f 2431//2431 2432//2432 2433//2433
f 2434//2434 2435//2435 2436//2436
f 2437//2437 2438//2438 2439//2439
f 2438//2438 2440//2440 2439//2439
f 2441//2441 2442//2442 2443//2443
f 2444//2444 2445//2445 2446//2446
f 2447//2447 2448//2448 2449//2449
f 2450//2450 2449//2449 2451//2451
f 2450//2450 2452//2452 2449//2449
f 2453//2453 2454//2454 2455//2455
f 2456//2456 2457//2457 2458//2458
f 2459//2459 2460//2460 2461//2461
f 2462//2462 2463//2463 2464//2464
f 2465//2465 2466//2466 2467//2467
f 2468//2468 2469//2469 2470//2470
f 2471//2471 2472//2472 2473//2473
f 2474//2474 2475//2475 2476//2476
f 2477//2477 2478//2478 2479//2479
f 2480//2480 2481//2481 2482//2482
f 2483//2483 2484//2484 2485//2485
f 2486//2486 2487//2487 2488//2488
f 2489//2489 2490//2490 2491//2491
f 2492//2492 2493//2493 2494//2494
f 2495//2495 2496//2496 2497//2497
f 2498//2498 2499//2499 2500//2500
f 2501//2501 2502//2502 2503//2503
f 2504//2504 2505//2505 2506//2506
f 2507//2507 2508//2508 2509//2509
f 2510//2510 2511//2511 2512//2512
f 2513//2513 2514//2514 2515//2515
f 2516//2516 2517//2517 2518//2518
f 2517//2517 2519//2519 2520//2520
f 2521//2521 2522//2522 2523//2523
f 2524//2524 2525//2525 2526//2526
f 2527//2527 2528//2528 2529//2529
f 2530//2530 2531//2531 2532//2532
f 2533//2533 2534//2534 2535//2535
f 2536//2536 2537//2537 2538//2538
f 2539//2539 2540//2540 2541//2541
f 2542//2542 2543//2543 2544//2544
f 2545//2545 2546//2546 2547//2547
f 2548//2548 2549//2549 2550//2550
f 2551//2551 2552//2552 2553//2553
f 2554//2554 2555//2555 2556//2556
f 2557//2557 2558//2558 2559//2559
f 2560//2560 2561//2561 2562//2562
f 2563//2563 2564//2564 2565//2565
f 2566//2566 2567//2567 2568//2568
f 2569//2569 2570//2570 2567//2567
f 2571//2571 2572//2572 2573//2573
f 2574//2574 2575//2575 2576//2576
f 2577//2577 2578//2578 2579//2579
f 2580//2580 2581//2581 2582//2582
f 2583//2583 2584//2584 2585//2585
f 2586//2586 2587//2587 2588//2588
f 2589//2589 2590//2590 2591//2591
f 2592//2592 2593//2593 2594//2594
f 2595//2595 2596//2596 2597//2597
f 2598//2598 2599//2599 2600//2600
f 2601//2601 2602//2602 2603//2603
f 2604//2604 2605//2605 2606//2606
f 2607//2607 2608//2608 2609//2609
f 2610//2610 2611//2611 2612//2612
f 2613//2613 2614//2614 2615//2615
f 2616//2616 2617//2617 2618//2618
f 2619//2619 2620//2620 2621//2621
f 2622//2622 2623//2623 2624//2624
f 2625//2625 2626//2626 2627//2627
f 2628//2628 2629//2629 2630//2630
f 2631//2631 2632//2632 2633//2633
f 2634//2634 2635//2635 2636//2636
f 2637//2637 2638//2638 2639//2639
f 2640//2640 2641//2641 2642//2642
f 2643//2643 2644//2644 2645//2645
f 2646//2646 2647//2647 2648//2648
f 2649//2649 2650//2650 2651//2651
f 2652//2652 2653//2653 2654//2654
f 2655//2655 2656//2656 2657//2657
f 2658//2658 2659//2659 2660//2660
f 2661//2661 2662//2662 2663//2663
f 2664//2664 2665//2665 2666//2666
f 2667//2667 2668//2668 2669//2669
f 2670//2670 2671//2671 2672//2672
f 2673//2673 2674//2674 2675//2675
f 2676//2676 2677//2677 2678//2678
f 2679//2679 2680//2680 2681//2681
f 2682//2682 2683//2683 2684//2684
f 2685//2685 2686//2686 2687//2687
f 2688//2688 2689//2689 2690//2690
f 2691//2691 2692//2692 2693//2693
f 2694//2694 2695//2695 2696//2696
f 2697//2697 2698//2698 2699//2699
f 2700//2700 2701//2701 2702//2702
f 2703//2703 2704//2704 2705//2705
f 2706//2706 2707//2707 2708//2708
f 2709//2709 2710//2710 2711//2711
f 2712//2712 2713//2713 2714//2714
f 2715//2715 2716//2716 2717//2717
f 2716//2716 2718//2718 2719//2719
f 2718//2718 2720//2720 2721//2721
f 2720//2720 2722//2722 2723//2723
f 2724//2724 2725//2725 2726//2726
f 2727//2727 2728//2728 2725//2725
f 2729//2729 2730//2730 2728//2728
f 2731//2731 2732//2732 2730//2730
f 2731//2731 2733//2733 2732//2732
f 2734//2734 2735//2735 2736//2736
f 2737//2737 2738//2738 2739//2739
f 2740//2740 2741//2741 2742//2742
f 2743//2743 2744//2744 2745//2745
f 2746//2746 2747//2747 2748//2748
f 2749//2749 2750//2750 2751//2751
f 2752//2752 2753//2753 2754//2754
f 2755//2755 2756//2756 2757//2757
f 2758//2758 2759//2759 2760//2760
f 2761//2761 2762//2762 2763//2763
f 2764//2764 2765//2765 2766//2766
f 2767//2767 2768//2768 2769//2769
f 2770//2770 2771//2771 2772//2772
f 2773//2773 2774//2774 2775//2775
f 2776//2776 2777//2777 2778//2778
f 2779//2779 2780//2780 2781//2781
f 2782//2782 2783//2783 2784//2784
f 2785//2785 2786//2786 2787//2787
f 2788//2788 2789//2789 2790//2790
f 2791//2791 2792//2792 2793//2793
f 2794//2794 2795//2795 2796//2796
f 2797//2797 2798//2798 2799//2799
f 2800//2800 2801//2801 2802//2802
f 2803//2803 2804//2804 2805//2805
f 2806//2806 2807//2807 2808//2808
f 2809//2809 2810//2810 2811//2811
f 2812//2812 2813//2813 2814//2814
f 2815//2815 2816//2816 2817//2817
f 2818//2818 2819//2819 2820//2820
f 2821//2821 2822//2822 2823//2823
f 2824//2824 2825//2825 2826//2826
f 2827//2827 2828//2828 2829//2829
f 2830//2830 2831//2831 2832//2832
f 2833//2833 2834//2834 2835//2835
f 2836//2836 2837//2837 2838//2838
f 2839//2839 2840//2840 2841//2841
f 2842//2842 2843//2843 2844//2844
f 2845//2845 2846//2846 2847//2847
f 2848//2848 2849//2849 2850//2850
f 2851//2851 2852//2852 2853//2853
f 2854//2854 2855//2855 2856//2856
f 2857//2857 2858//2858 2859//2859
f 2860//2860 2861//2861 2862//2862
f 2863//2863 2864//2864 2865//2865
f 2866//2866 2867//2867 2868//2868
f 2869//2869 2870//2870 2871//2871
f 2872//2872 2873//2873 2874//2874
f 2875//2875 2876//2876 2877//2877
f 2878//2878 2879//2879 2880//2880
f 2881//2881 2882//2882 2883//2883
f 2884//2884 2885//2885 2886//2886
f 2887//2887 2888//2888 2889//2889
f 2890//2890 2891//2891 2892//2892
f 2893//2893 2894//2894 2895//2895
f 2896//2896 2897//2897 2898//2898
f 2899//2899 2900//2900 2901//2901
f 2902//2902 2903//2903 2904//2904
f 2905//2905 2906//2906 2907//2907
f 2908//2908 2909//2909 2910//2910
f 2911//2911 2912//2912 2913//2913
f 2914//2914 2915//2915 2916//2916
f 2917//2917 2918//2918 2919//2919
f 2920//2920 2921//2921 2922//2922
f 2923//2923 2924//2924 2925//2925
f 2926//2926 2927//2927 2928//2928
f 2929//2929 2930//2930 2931//2931
f 2932//2932 2933//2933 2934//2934
f 2935//2935 2936//2936 2937//2937
f 2937//2937 2938//2938 2935//2935
f 2939//2939 2940//2940 2941//2941
f 2940//2940 2942//2942 2941//2941
f 2942//2942 2943//2943 2941//2941
f 2944//2944 2945//2945 2946//2946
f 2945//2945 2947//2947 2946//2946
f 2948//2948 2949//2949 2950//2950
f 2949//2949 2951//2951 2950//2950
f 2952//2952 2953//2953 2954//2954
f 2952//2952 2955//2955 2953//2953
f 2955//2955 2956//2956 2953//2953
f 2957//2957 2958//2958 2959//2959
f 2958//2958 2960//2960 2959//2959
f 2961//2961 2962//2962 2963//2963
f 2961//2961 2964//2964 2962//2962
f 2965//2965 2966//2966 2967//2967
f 2966//2966 2965//2965 2968//2968
f 2969//2969 2970//2970 2971//2971
f 2970//2970 2972//2972 2971//2971
f 2970//2970 2973//2973 2972//2972
f 2973//2973 2974//2974 2972//2972
f 2973//2973 2975//2975 2974//2974
f 2975//2975 2976//2976 2974//2974
f 2975//2975 2977//2977 2976//2976
f 2977//2977 2978//2978 2976//2976
f 2979//2979 2980//2980 2981//2981
f 2980//2980 2982//2982 2981//2981
f 2980//2980 2983//2983 2982//2982
f 2983//2983 2984//2984 2982//2982
f 2983//2983 2985//2985 2984//2984
f 2985//2985 2986//2986 2984//2984
f 2985//2985 2987//2987 2986//2986
f 2987//2987 2988//2988 2986//2986
f 2989//2989 2990//2990 2991//2991
f 2989//2989 2992//2992 2990//2990
f 2989//2989 2993//2993 2992//2992
f 2993//2993 2994//2994 2992//2992
f 2995//2995 2996//2996 2997//2997
f 2995//2995 2998//2998 2996//2996
f 2998//2998 2999//2999 2996//2996
f 2998//2998 3000//3000 2999//2999
f 3000//3000 2998//2998 3001//3001
f 2998//2998 3002//3002 3001//3001
f 3002//3002 3003//3003 3001//3001
f 3003//3003 3004//3004 3001//3001
f 3003//3003 3005//3005 3004//3004
f 3005//3005 3003//3003 3006//3006
f 3003//3003 3007//3007 3006//3006
f 3007//3007 3008//3008 3006//3006
f 3009//3009 3010//3010 3011//3011
f 3011//3011 3010//3010 3012//3012
f 3013//3013 3014//3014 3015//3015
f 3014//3014 3016//3016 3015//3015
f 3017//3017 3018//3018 3019//3019
f 3018//3018 3020//3020 3019//3019
f 3021//3021 3022//3022 3023//3023
f 3021//3021 3024//3024 3022//3022
f 3025//3025 3026//3026 3027//3027
f 3025//3025 3028//3028 3026//3026
f 3029//3029 3030//3030 3031//3031
f 3029//3029 3031//3031 3032//3032
f 3033//3033 3029//3029 3032//3032
f 3032//3032 3034//3034 3033//3033
f 3034//3034 3035//3035 3033//3033
f 3034//3034 3036//3036 3035//3035
f 3036//3036 3037//3037 3035//3035
f 3038//3038 3039//3039 3031//3031
f 3039//3039 3040//3040 3031//3031
f 3039//3039 3041//3041 3040//3040
f 3041//3041 3042//3042 3040//3040
f 3043//3043 3044//3044 3045//3045
f 3046//3046 3043//3043 3045//3045
f 3045//3045 3047//3047 3046//3046
f 3047//3047 3048//3048 3046//3046
f 3047//3047 3049//3049 3048//3048
f 3049//3049 3050//3050 3048//3048
f 3049//3049 3051//3051 3052//3052
f 3051//3051 3049//3049 3053//3053
f 3051//3051 3053//3053 3054//3054
f 3054//3054 3053//3053 3055//3055
f 3056//3056 3057//3057 3058//3058
f 3057//3057 3059//3059 3058//3058
f 3060//3060 3061//3061 3062//3062
f 3061//3061 3063//3063 3062//3062
f 3061//3061 3064//3064 3063//3063
f 3065//3065 3066//3066 3067//3067
f 3065//3065 3068//3068 3066//3066
f 3068//3068 3065//3065 3069//3069
f 3070//3070 3071//3071 3072//3072
f 3071//3071 3073//3073 3072//3072
f 3071//3071 3074//3074 3073//3073
f 3074//3074 3075//3075 3073//3073
f 3074//3074 3076//3076 3075//3075
f 3076//3076 3077//3077 3075//3075
f 3078//3078 3079//3079 3080//3080
f 3079//3079 3081//3081 3080//3080
f 3082//3082 3083//3083 3084//3084
f 3083//3083 3085//3085 3084//3084
f 3086//3086 3083//3083 3087//3087
f 3088//3088 3086//3086 3087//3087
f 3089//3089 3090//3090 3091//3091
f 3090//3090 3092//3092 3091//3091
f 3090//3090 3093//3093 3092//3092
f 3093//3093 3094//3094 3092//3092
f 3093//3093 3095//3095 3094//3094
f 3096//3096 3097//3097 3098//3098
f 3096//3096 3099//3099 3097//3097
f 3099//3099 3100//3100 3097//3097
f 3101//3101 3100//3100 3102//3102
f 3101//3101 3102//3102 3103//3103
f 3104//3104 3101//3101 3103//3103
f 3104//3104 3103//3103 3105//3105
f 3106//3106 3107//3107 3102//3102
f 3106//3106 3108//3108 3107//3107
f 3109//3109 3103//3103 3110//3110
f 3111//3111 3109//3109 3110//3110
f 3112//3112 3105//3105 3113//3113
f 3112//3112 3114//3114 3105//3105
f 3115//3115 3116//3116 3117//3117
f 3116//3116 3118//3118 3117//3117
f 3119//3119 3120//3120 3121//3121
f 3120//3120 3122//3122 3121//3121
f 3123//3123 3124//3124 3125//3125
f 3124//3124 3126//3126 3125//3125
f 3127//3127 3128//3128 3129//3129
f 3130//3130 3131//3131 3132//3132
f 3133//3133 3134//3134 3135//3135
f 3136//3136 3137//3137 3138//3138
f 3139//3139 3140//3140 3141//3141
f 3142//3142 3143//3143 3144//3144
f 3145//3145 3146//3146 3147//3147
f 3148//3148 3149//3149 3150//3150
f 3151//3151 3152//3152 3153//3153
f 3154//3154 3155//3155 3156//3156
f 3157//3157 3158//3158 3159//3159
f 3160//3160 3161//3161 3162//3162
f 3163//3163 3164//3164 3165//3165
f 3166//3166 3167//3167 3168//3168
f 3169//3169 3170//3170 3171//3171
f 3172//3172 3173//3173 3174//3174
f 3175//3175 3176//3176 3177//3177
f 3178//3178 3179//3179 3180//3180
f 3181//3181 3182//3182 3183//3183
f 3184//3184 3185//3185 3186//3186
f 3187//3187 3188//3188 3189//3189
f 3190//3190 3191//3191 3192//3192
f 3190//3190 3193//3193 3194//3194
f 3195//3195 3190//3190 3194//3194
f 3196//3196 3195//3195 3194//3194
f 3197//3197 3195//3195 3196//3196
f 3197//3197 3196//3196 3198//3198
f 3199//3199 3197//3197 3198//3198
f 3200//3200 3201//3201 3202//3202
f 3203//3203 3204//3204 3205//3205
f 3206//3206 3207//3207 3208//3208
f 3209//3209 3206//3206 3210//3210
f 3209//3209 3210//3210 3211//3211
f 3212//3212 3209//3209 3211//3211
f 3213//3213 3214//3214 3215//3215
f 3216//3216 3217//3217 3218//3218
f 3219//3219 3220//3220 3221//3221
f 3222//3222 3223//3223 3224//3224
f 3225//3225 3226//3226 3227//3227
f 3228//3228 3229//3229 3230//3230
f 3231//3231 3232//3232 3233//3233
f 3234//3234 3235//3235 3236//3236
f 3237//3237 3238//3238 3239//3239
f 3240//3240 3241//3241 3242//3242
f 3243//3243 3244//3244 3245//3245
f 3246//3246 3247//3247 3248//3248
f 3249//3249 3250//3250 3251//3251
f 3252//3252 3253//3253 3254//3254
f 3255//3255 3256//3256 3257//3257
f 3258//3258 3259//3259 3260//3260
f 3261//3261 3262//3262 3263//3263
f 3264//3264 3265//3265 3266//3266
f 3267//3267 3268//3268 3269//3269
f 3270//3270 3271//3271 3272//3272
f 3273//3273 3274//3274 3275//3275
f 3276//3276 3277//3277 3278//3278
f 3279//3279 3280//3280 3281//3281
f 3282//3282 3283//3283 3284//3284
f 3285//3285 3286//3286 3287//3287
f 3288//3288 3289//3289 3290//3290
f 3291//3291 3292//3292 3293//3293
f 3294//3294 3295//3295 3296//3296
f 3297//3297 3298//3298 3299//3299
f 3300//3300 3301//3301 3302//3302
f 3303//3303 3304//3304 3305//3305
f 3306//3306 3307//3307 3308//3308
f 3309//3309 3310//3310 3311//3311
f 3312//3312 3313//3313 3314//3314
f 3315//3315 3316//3316 3317//3317
f 3318//3318 3319//3319 3320//3320
f 3321//3321 3322//3322 3323//3323
f 3324//3324 3325//3325 3326//3326
f 3327//3327 3328//3328 3329//3329
f 3330//3330 3331//3331 3332//3332
f 3333//3333 3334//3334 3335//3335
f 3336//3336 3337//3337 3338//3338
f 3339//3339 3340//3340 3341//3341
f 3342//3342 3343//3343 3344//3344
f 3345//3345 3346//3346 3347//3347
f 3348//3348 3349//3349 3350//3350
f 3351//3351 3352//3352 3353//3353
f 3354//3354 3355//3355 3356//3356
f 3357//3357 3358//3358 3359//3359
f 3360//3360 3361//3361 3362//3362
f 3363//3363 3364//3364 3365//3365
f 3366//3366 3367//3367 3368//3368
f 3369//3369 3370//3370 3367//3367
f 3371//3371 3369//3369 3367//3367
f 3372//3372 3373//3373 3371//3371
f 3374//3374 3375//3375 3376//3376
f 3375//3375 3377//3377 3378//3378
f 3378//3378 3377//3377 3379//3379
f 3380//3380 3381//3381 3382//3382
f 3383//3383 3384//3384 3385//3385
f 3386//3386 3387//3387 3388//3388
f 3389//3389 3390//3390 3391//3391
f 3392//3392 3393//3393 3394//3394
f 3395//3395 3396//3396 3397//3397
f 3398//3398 3399//3399 3400//3400
f 3401//3401 3402//3402 3403//3403
f 3404//3404 3405//3405 3406//3406
f 3407//3407 3408//3408 3409//3409
f 3410//3410 3411//3411 3412//3412
f 3413//3413 3414//3414 3415//3415
f 3416//3416 3417//3417 3418//3418
f 3419//3419 3420//3420 3421//3421
f 3422//3422 3423//3423 3424//3424
f 3425//3425 3426//3426 3427//3427
f 3428//3428 3429//3429 3430//3430
f 3430//3430 3431//3431 3428//3428
f 3432//3432 3433//3433 3434//3434
f 3433//3433 3435//3435 3434//3434
f 3436//3436 3437//3437 3438//3438
f 3438//3438 3439//3439 3436//3436
f 3440//3440 3441//3441 3439//3439
f 3441//3441 3442//3442 3443//3443
f 3441//3441 3443//3443 3444//3444
f 3441//3441 3444//3444 3445//3445
f 3446//3446 3447//3447 3443//3443
f 3446//3446 3448//3448 3447//3447
f 3449//3449 3450//3450 3445//3445
f 3445//3445 3451//3451 3449//3449
f 3452//3452 3453//3453 3454//3454
f 3453//3453 3455//3455 3454//3454
f 3456//3456 3457//3457 3458//3458
f 3457//3457 3459//3459 3458//3458
f 3460//3460 3461//3461 3462//3462
f 3461//3461 3463//3463 3462//3462
f 3464//3464 3465//3465 3466//3466
f 3465//3465 3467//3467 3466//3466
f 3468//3468 3469//3469 3470//3470
f 3469//3469 3471//3471 3470//3470
f 3472//3472 3473//3473 3474//3474
f 3473//3473 3475//3475 3474//3474
f 3476//3476 3477//3477 3478//3478
f 3477//3477 3479//3479 3478//3478
f 3480//3480 3481//3481 3482//3482
f 3481//3481 3480//3480 3483//3483
f 3483//3483 3484//3484 3481//3481
f 3484//3484 3485//3485 3481//3481
f 3484//3484 3486//3486 3485//3485
f 3486//3486 3484//3484 3487//3487
f 3488//3488 3489//3489 3490//3490
f 3491//3491 3492//3492 3493//3493
f 3494//3494 3495//3495 3496//3496
f 3497//3497 3498//3498 3499//3499
f 3500//3500 3501//3501 3502//3502
f 3503//3503 3504//3504 3505//3505
f 3506//3506 3507//3507 3508//3508
f 3509//3509 3510//3510 3511//3511
f 3512//3512 3513//3513 3514//3514
f 3515//3515 3516//3516 3517//3517
f 3518//3518 3519//3519 3520//3520
f 3519//3519 3521//3521 3522//3522
f 3521//3521 3523//3523 3522//3522
f 3521//3521 3524//3524 3523//3523
f 3524//3524 3525//3525 3523//3523
f 3524//3524 3526//3526 3525//3525
f 3526//3526 3527//3527 3525//3525
f 3526//3526 3528//3528 3529//3529
f 3530//3530 3531//3531 3527//3527
f 3532//3532 3533//3533 3534//3534
f 3535//3535 3536//3536 3537//3537
f 3538//3538 3539//3539 3540//3540
f 3541//3541 3542//3542 3543//3543
f 3544//3544 3545//3545 3546//3546
f 3547//3547 3548//3548 3549//3549
f 3550//3550 3551//3551 3552//3552
f 3553//3553 3554//3554 3555//3555
f 3556//3556 3557//3557 3558//3558
f 3559//3559 3560//3560 3561//3561
f 3562//3562 3563//3563 3564//3564
f 3565//3565 3566//3566 3567//3567
f 3568//3568 3569//3569 3570//3570
f 3569//3569 3571//3571 3572//3572
f 3571//3571 3573//3573 3572//3572
f 3571//3571 3574//3574 3573//3573
f 3574//3574 3575//3575 3573//3573
f 3574//3574 3576//3576 3575//3575
f 3576//3576 3577//3577 3575//3575
f 3576//3576 3578//3578 3579//3579
f 3580//3580 3581//3581 3577//3577
f 3582//3582 3583//3583 3584//3584
f 3585//3585 3586//3586 3587//3587
f 3588//3588 3589//3589 3590//3590
f 3591//3591 3592//3592 3593//3593
f 3594//3594 3595//3595 3596//3596
f 3597//3597 3598//3598 3599//3599
f 3600//3600 3601//3601 3602//3602
f 3603//3603 3604//3604 3602//3602
f 3605//3605 3606//3606 3604//3604
f 3604//3604 3606//3606 3607//3607
f 3606//3606 3608//3608 3607//3607
f 3604//3604 3607//3607 3609//3609
f 3610//3610 3604//3604 3609//3609
f 3611//3611 3610//3610 3609//3609
f 3610//3610 3611//3611 3612//3612
f 3610//3610 3612//3612 3613//3613
f 3614//3614 3610//3610 3613//3613
f 3614//3614 3613//3613 3615//3615
f 3614//3614 3615//3615 3616//3616
f 3602//3602 3614//3614 3616//3616
f 3617//3617 3602//3602 3616//3616
f 3618//3618 3602//3602 3617//3617
f 3619//3619 3618//3618 3617//3617
f 3606//3606 3619//3619 3620//3620
f 3619//3619 3617//3617 3620//3620
f 3621//3621 3622//3622 3623//3623
f 3624//3624 3625//3625 3626//3626
f 3627//3627 3628//3628 3629//3629
f 3630//3630 3631//3631 3632//3632
f 3633//3633 3634//3634 3635//3635
f 3636//3636 3637//3637 3638//3638
f 3639//3639 3638//3638 3640//3640
f 3641//3641 3639//3639 3640//3640
f 3641//3641 3640//3640 3642//3642
f 3643//3643 3641//3641 3642//3642
f 3644//3644 3641//3641 3643//3643
f 3645//3645 3644//3644 3643//3643
f 3641//3641 3646//3646 3647//3647
f 3648//3648 3641//3641 3647//3647
f 3639//3639 3649//3649 3650//3650
f 3649//3649 3651//3651 3650//3650
f 3649//3649 3652//3652 3651//3651
f 3649//3649 3648//3648 3652//3652
f 3648//3648 3653//3653 3652//3652
f 3648//3648 3654//3654 3653//3653
f 3654//3654 3655//3655 3653//3653
f 3655//3655 3656//3656 3653//3653
f 3655//3655 3657//3657 3656//3656
f 3657//3657 3658//3658 3656//3656
f 3659//3659 3660//3660 3661//3661
f 3662//3662 3663//3663 3664//3664
f 3665//3665 3662//3662 3664//3664
f 3665//3665 3664//3664 3666//3666
f 3667//3667 3665//3665 3666//3666
f 3667//3667 3666//3666 3668//3668
f 3669//3669 3667//3667 3668//3668
f 3669//3669 3668//3668 3670//3670
f 3671//3671 3669//3669 3670//3670
f 3671//3671 3670//3670 3672//3672
f 3673//3673 3671//3671 3672//3672
f 3673//3673 3672//3672 3674//3674
f 3675//3675 3673//3673 3674//3674
f 3675//3675 3674//3674 3676//3676
f 3677//3677 3675//3675 3676//3676
f 3677//3677 3676//3676 3678//3678
f 3679//3679 3677//3677 3678//3678
f 3679//3679 3678//3678 3680//3680
f 3681//3681 3679//3679 3680//3680
f 3682//3682 3683//3683 3684//3684
f 3683//3683 3685//3685 3684//3684
f 3683//3683 3686//3686 3685//3685
f 3686//3686 3687//3687 3685//3685
f 3686//3686 3688//3688 3687//3687
f 3688//3688 3689//3689 3687//3687
f 3688//3688 3690//3690 3689//3689
f 3690//3690 3691//3691 3689//3689
f 3692//3692 3693//3693 3694//3694
f 3693//3693 3695//3695 3694//3694
f 3693//3693 3696//3696 3695//3695
f 3696//3696 3697//3697 3695//3695
f 3696//3696 3698//3698 3697//3697
f 3698//3698 3699//3699 3697//3697
f 3698//3698 3700//3700 3699//3699
f 3700//3700 3701//3701 3699//3699
f 3702//3702 3703//3703 3704//3704
f 3703//3703 3705//3705 3704//3704
f 3706//3706 3707//3707 3708//3708
f 3707//3707 3709//3709 3708//3708
f 3707//3707 3710//3710 3709//3709
f 3710//3710 3711//3711 3709//3709
f 3710//3710 3712//3712 3711//3711
f 3712//3712 3713//3713 3711//3711
f 3712//3712 3714//3714 3713//3713
f 3712//3712 3715//3715 3714//3714
f 3715//3715 3716//3716 3714//3714
f 3715//3715 3717//3717 3716//3716
f 3717//3717 3718//3718 3716//3716
f 3718//3718 3719//3719 3716//3716
f 3718//3718 3720//3720 3719//3719
f 3720//3720 3721//3721 3719//3719
f 3722//3722 3723//3723 3724//3724
f 3723//3723 3725//3725 3724//3724
f 3723//3723 3726//3726 3725//3725
f 3726//3726 3727//3727 3725//3725
f 3726//3726 3728//3728 3727//3727
f 3728//3728 3729//3729 3727//3727
f 3728//3728 3730//3730 3729//3729
f 3730//3730 3731//3731 3729//3729
f 3732//3732 3733//3733 3734//3734
f 3733//3733 3735//3735 3734//3734
f 3733//3733 3736//3736 3735//3735
f 3736//3736 3737//3737 3735//3735
f 3736//3736 3738//3738 3737//3737
f 3738//3738 3739//3739 3737//3737
f 3738//3738 3740//3740 3739//3739
f 3740//3740 3741//3741 3739//3739
f 3742//3742 3743//3743 3744//3744
f 3743//3743 3745//3745 3744//3744
f 3743//3743 3746//3746 3745//3745
f 3746//3746 3747//3747 3745//3745
f 3747//3747 3746//3746 3748//3748
f 3749//3749 3747//3747 3748//3748
f 3746//3746 3750//3750 3748//3748
f 3751//3751 3752//3752 3749//3749
f 3750//3750 3753//3753 3754//3754
f 3753//3753 3755//3755 3756//3756
f 3755//3755 3753//3753 3757//3757
f 3755//3755 3758//3758 3752//3752
f 3755//3755 3757//3757 3758//3758
f 3757//3757 3759//3759 3758//3758
f 3759//3759 3760//3760 3758//3758
f 3759//3759 3761//3761 3760//3760
f 3761//3761 3762//3762 3760//3760
f 3763//3763 3764//3764 3765//3765
f 3764//3764 3766//3766 3765//3765
f 3767//3767 3768//3768 3769//3769
f 3767//3767 3770//3770 3768//3768
f 3770//3770 3771//3771 3768//3768
f 3770//3770 3772//3772 3771//3771
f 3773//3773 3774//3774 3775//3775
f 3774//3774 3776//3776 3775//3775
f 3777//3777 3778//3778 3779//3779
f 3778//3778 3780//3780 3779//3779
f 3778//3778 3781//3781 3780//3780
f 3778//3778 3782//3782 3781//3781
f 3782//3782 3783//3783 3781//3781
f 3782//3782 3784//3784 3783//3783
f 3784//3784 3782//3782 3785//3785
f 3784//3784 3785//3785 3786//3786
f 3787//3787 3784//3784 3786//3786
f 3788//3788 3787//3787 3786//3786
f 3788//3788 3786//3786 3789//3789
f 3788//3788 3789//3789 3790//3790
f 3789//3789 3791//3791 3790//3790
f 3788//3788 3790//3790 3792//3792
f 3791//3791 3793//3793 3790//3790
f 3791//3791 3794//3794 3793//3793
f 3794//3794 3795//3795 3793//3793
f 3796//3796 3788//3788 3792//3792
f 3796//3796 3792//3792 3797//3797
f 3798//3798 3796//3796 3797//3797
f 3781//3781 3798//3798 3797//3797
f 3799//3799 3800//3800 3801//3801
f 3800//3800 3802//3802 3801//3801
f 3800//3800 3803//3803 3802//3802
f 3803//3803 3804//3804 3802//3802
f 3805//3805 3806//3806 3807//3807
f 3806//3806 3808//3808 3807//3807
f 3806//3806 3809//3809 3808//3808
f 3809//3809 3810//3810 3808//3808
f 3809//3809 3811//3811 3810//3810
f 3811//3811 3812//3812 3810//3810
f 3813//3813 3814//3814 3815//3815
f 3814//3814 3816//3816 3815//3815
f 3814//3814 3817//3817 3816//3816
f 3817//3817 3818//3818 3816//3816
f 3819//3819 3820//3820 3821//3821
f 3820//3820 3822//3822 3821//3821
f 3823//3823 3824//3824 3825//3825
f 3824//3824 3826//3826 3825//3825
f 3827//3827 3828//3828 3829//3829
f 3828//3828 3830//3830 3829//3829
f 3830//3830 3831//3831 3829//3829
f 3830//3830 3832//3832 3831//3831
f 3833//3833 3834//3834 3835//3835
f 3834//3834 3836//3836 3835//3835
f 3834//3834 3837//3837 3836//3836
f 3837//3837 3838//3838 3836//3836
f 3837//3837 3839//3839 3838//3838
f 3839//3839 3840//3840 3838//3838
f 3841//3841 3842//3842 3843//3843
f 3844//3844 3841//3841 3843//3843
f 3844//3844 3843//3843 3845//3845
f 3846//3846 3844//3844 3845//3845
f 3846//3846 3845//3845 3847//3847
f 3848//3848 3846//3846 3847//3847
f 3849//3849 3848//3848 3847//3847
f 3849//3849 3847//3847 3850//3850
f 3851//3851 3849//3849 3850//3850
f 3851//3851 3850//3850 3852//3852
f 3853//3853 3851//3851 3852//3852
f 3853//3853 3852//3852 3854//3854
f 3853//3853 3854//3854 3855//3855
f 3856//3856 3853//3853 3855//3855
