# Generated from the Unity FBX import by robot-human-interface
o rotat_axis_rl.obj
v -0.0364895724 -0.135468528 0.7105238
v -0.03311115 -0.135847792 0.7099675
v -0.0366775244 -0.134625718 0.709956467
v -0.0364895724 -0.135468528 0.7105238
v -0.032078322 -0.139245063 0.7105099
v -0.03311115 -0.135847792 0.7099675
v -0.032078322 -0.139245063 0.7105099
v -0.03138527 -0.138293609 0.7099685
v -0.03311115 -0.135847792 0.7099675
v -0.032078322 -0.139245063 0.7105099
v -0.0312608667 -0.141284734 0.7099694
v -0.03138527 -0.138293609 0.7099685
v -0.032078322 -0.139245063 0.7105099
v -0.0337390639 -0.143369868 0.7105028
v -0.0312608667 -0.141284734 0.7099694
v -0.0337390639 -0.143369868 0.7105028
v -0.032778535 -0.14386636 0.70997
v -0.0312608667 -0.141284734 0.7099694
v -0.0337390639 -0.143369868 0.7105028
v -0.0361224748 -0.145374268 0.709956467
v -0.032778535 -0.14386636 0.70997
v -0.0337390639 -0.143369868 0.7105028
v -0.03826644 -0.144013792 0.7105092
v -0.0361224748 -0.145374268 0.709956467
v -0.03826644 -0.144013792 0.7105092
v -0.0396888442 -0.144152209 0.7099675
v -0.0361224748 -0.145374268 0.709956467
v -0.03826644 -0.144013792 0.7105092
v -0.041414734 -0.141706377 0.7099685
v -0.0396888442 -0.144152209 0.7099675
v -0.03826644 -0.144013792 0.7105092
v -0.04074813 -0.139416412 0.7105099
v -0.041414734 -0.141706377 0.7099685
v -0.04074813 -0.139416412 0.7105099
v -0.0415391363 -0.138715252 0.7099694
v -0.041414734 -0.141706377 0.7099685
v -0.04074813 -0.139416412 0.7105099
v -0.04002147 -0.136133641 0.70997
v -0.0415391363 -0.138715252 0.7099694
v -0.04074813 -0.139416412 0.7105099
v -0.0364895724 -0.135468528 0.7105238
v -0.04002147 -0.136133641 0.70997
v -0.0364895724 -0.135468528 0.7105238
v -0.0366775244 -0.134625718 0.709956467
v -0.04002147 -0.136133641 0.70997
v -0.0335519835 -0.135435954 0.7057319
v -0.03790103 -0.1348341 0.70580703
v -0.0366775244 -0.134625718 0.709956467
v -0.03790103 -0.1348341 0.70580703
v -0.04002147 -0.136133641 0.70997
v -0.0366775244 -0.134625718 0.709956467
v -0.03790103 -0.1348341 0.70580703
v -0.0408454239 -0.137121052 0.705762148
v -0.04002147 -0.136133641 0.70997
v -0.0355483368 -0.1450042 0.70524627
v -0.0329007 -0.143977314 0.7057558
v -0.0361224748 -0.145374268 0.709956467
v -0.0329007 -0.143977314 0.7057558
v -0.032778535 -0.14386636 0.70997
v -0.0361224748 -0.145374268 0.709956467
v -0.0335519835 -0.135435954 0.7057319
v -0.0366775244 -0.134625718 0.709956467
v -0.03311115 -0.135847792 0.7099675
v -0.0337390639 -0.143369868 0.7105028
v -0.032078322 -0.139245063 0.7105099
v -0.0364895724 -0.135468528 0.7105238
v -0.03379386 -0.139760032 0.702483952
v -0.0308378171 -0.139002338 0.6965251
v -0.0307781324 -0.14076446 0.696531534
v -0.0373872742 -0.134404629 0.6965291
v -0.0356227048 -0.134417534 0.6965287
v -0.0366399474 -0.137393862 0.702483952
v -0.0390061438 -0.140239954 0.702483952
v -0.041962184 -0.140997648 0.6965251
v -0.0420218669 -0.139235541 0.696531534
v -0.0354127251 -0.145595372 0.6965291
v -0.0371773 -0.145582482 0.6965287
v -0.03616005 -0.142606139 0.702483952
v -0.0372680649 -0.139444917 0.7033358
v -0.03754922 -0.138895661 0.6964962
v -0.0366399474 -0.137393862 0.702483952
v -0.03749341 -0.141135558 0.6964967
v -0.03616005 -0.142606139 0.702483952
v -0.0371773 -0.145582482 0.6965287
v -0.03749341 -0.141135558 0.6964967
v -0.03697815 -0.140845731 0.7033397
v -0.03616005 -0.142606139 0.702483952
v -0.03754922 -0.138895661 0.6964962
v -0.0390061438 -0.140239954 0.702483952
v -0.0420218669 -0.139235541 0.696531534
v -0.03754922 -0.138895661 0.6964962
v -0.0372680649 -0.139444917 0.7033358
v -0.0390061438 -0.140239954 0.702483952
v -0.0308378171 -0.139002338 0.6965251
v -0.03379386 -0.139760032 0.702483952
v -0.0352956578 -0.138850778 0.6964962
v -0.0352956578 -0.138850778 0.6964962
v -0.0366399474 -0.137393862 0.702483952
v -0.0356227048 -0.134417534 0.6965287
v -0.0352956578 -0.138850778 0.6964962
v -0.03584492 -0.139131933 0.7033358
v -0.0366399474 -0.137393862 0.702483952
v -0.03584492 -0.139131933 0.7033358
v -0.0352956578 -0.138850778 0.6964962
v -0.03379386 -0.139760032 0.702483952
v -0.0354127251 -0.145595372 0.6965291
v -0.03616005 -0.142606139 0.702483952
v -0.0352606773 -0.141087547 0.6964967
v -0.0352606773 -0.141087547 0.6964967
v -0.03379386 -0.139760032 0.702483952
v -0.0307781324 -0.14076446 0.696531534
v -0.0352606773 -0.141087547 0.6964967
v -0.03551665 -0.140565008 0.7033266
v -0.03379386 -0.139760032 0.702483952
v -0.03551665 -0.140565008 0.7033266
v -0.0352606773 -0.141087547 0.6964967
v -0.03616005 -0.142606139 0.702483952
v -0.03697815 -0.140845731 0.7033397
v -0.03749341 -0.141135558 0.6964967
v -0.0390061438 -0.140239954 0.702483952
v -0.041962184 -0.140997648 0.6965251
v -0.0390061438 -0.140239954 0.702483952
v -0.03749341 -0.141135558 0.6964967
v -0.0373872742 -0.134404629 0.6965291
v -0.0366399474 -0.137393862 0.702483952
v -0.03754922 -0.138895661 0.6964962
v -0.0363829769 -0.130243421 0.697362363
v -0.04126461 -0.1316402 0.697378755
v -0.0366679356 -0.13493453 0.7020872
v -0.04126461 -0.1316402 0.697378755
v -0.0388279632 -0.1357101 0.7023615
v -0.0366679356 -0.13493453 0.7020872
v -0.04126461 -0.1316402 0.697378755
v -0.0403616242 -0.137123883 0.702292
v -0.0388279632 -0.1357101 0.7023615
v -0.04126461 -0.1316402 0.697378755
v -0.04484813 -0.13511844 0.697354853
v -0.0403616242 -0.137123883 0.702292
v -0.04484813 -0.13511844 0.697354853
v -0.041259665 -0.139101058 0.702339053
v -0.0403616242 -0.137123883 0.702292
v -0.04484813 -0.13511844 0.697354853
v -0.04607262 -0.140070185 0.6973799
v -0.041259665 -0.139101058 0.702339053
v -0.04607262 -0.140070185 0.6973799
v -0.0410243832 -0.141775727 0.7022566
v -0.041259665 -0.139101058 0.702339053
v -0.04607262 -0.140070185 0.6973799
v -0.0452124067 -0.143988237 0.6973496
v -0.0410243832 -0.141775727 0.7022566
v -0.0452124067 -0.143988237 0.6973496
v -0.0428312272 -0.147224814 0.6973796
v -0.0410243832 -0.141775727 0.7022566
v -0.0428312272 -0.147224814 0.6973796
v -0.03999062 -0.14354077 0.7021197
v -0.0410243832 -0.141775727 0.7022566
v -0.0428312272 -0.147224814 0.6973796
v -0.0381701253 -0.144602984 0.7022852
v -0.03999062 -0.14354077 0.7021197
v -0.0428312272 -0.147224814 0.6973796
v -0.03933005 -0.149218455 0.697352767
v -0.0381701253 -0.144602984 0.7022852
v -0.03933005 -0.149218455 0.697352767
v -0.0353489481 -0.149615 0.697379
v -0.0381701253 -0.144602984 0.7022852
v -0.0353489481 -0.149615 0.697379
v -0.0359835923 -0.144919187 0.7023519
v -0.0381701253 -0.144602984 0.7022852
v -0.0353489481 -0.149615 0.697379
v -0.033185076 -0.14388071 0.702227354
v -0.0359835923 -0.144919187 0.7023519
v -0.0353489481 -0.149615 0.697379
v -0.0306644123 -0.147893354 0.697355151
v -0.033185076 -0.14388071 0.702227354
v -0.0306644123 -0.147893354 0.697355151
v -0.02753184 -0.1438631 0.697379947
v -0.033185076 -0.14388071 0.702227354
v -0.02753184 -0.1438631 0.697379947
v -0.03151377 -0.1413527 0.7020874
v -0.033185076 -0.14388071 0.702227354
v -0.02753184 -0.1438631 0.697379947
v -0.0266983267 -0.138958454 0.697356462
v -0.03151377 -0.1413527 0.7020874
v -0.0266983267 -0.138958454 0.697356462
v -0.0316064171 -0.138789028 0.7023214
v -0.03151377 -0.1413527 0.7020874
v -0.0266983267 -0.138958454 0.697356462
v -0.0286429562 -0.1342195 0.6973796
v -0.0316064171 -0.138789028 0.7023214
v -0.0286429562 -0.1342195 0.6973796
v -0.03290602 -0.136504561 0.7022712
v -0.0316064171 -0.138789028 0.7023214
v -0.0286429562 -0.1342195 0.6973796
v -0.03160865 -0.131597415 0.6973588
v -0.03290602 -0.136504561 0.7022712
v -0.03160865 -0.131597415 0.6973588
v -0.0345319 -0.135323226 0.7021277
v -0.03290602 -0.136504561 0.7022712
v -0.03160865 -0.131597415 0.6973588
v -0.0363829769 -0.130243421 0.697362363
v -0.0345319 -0.135323226 0.7021277
v -0.0363829769 -0.130243421 0.697362363
v -0.0366679356 -0.13493453 0.7020872
v -0.0345319 -0.135323226 0.7021277
v -0.03584492 -0.139131933 0.7033358
v -0.0364 -0.139999986 0.70385
v -0.0366399474 -0.137393862 0.702483952
v -0.0366399474 -0.137393862 0.702483952
v -0.0364 -0.139999986 0.70385
v -0.0372680649 -0.139444917 0.7033358
v -0.0364 -0.139999986 0.70385
v -0.0390061438 -0.140239954 0.702483952
v -0.0372680649 -0.139444917 0.7033358
v -0.0390061438 -0.140239954 0.702483952
v -0.0364 -0.139999986 0.70385
v -0.03697815 -0.140845731 0.7033397
v -0.0364 -0.139999986 0.70385
v -0.03616005 -0.142606139 0.702483952
v -0.03697815 -0.140845731 0.7033397
v -0.03616005 -0.142606139 0.702483952
v -0.0364 -0.139999986 0.70385
v -0.03551665 -0.140565008 0.7033266
v -0.0364 -0.139999986 0.70385
v -0.03379386 -0.139760032 0.702483952
v -0.03551665 -0.140565008 0.7033266
v -0.03379386 -0.139760032 0.702483952
v -0.0364 -0.139999986 0.70385
v -0.03584492 -0.139131933 0.7033358
v -0.0373872742 -0.134404629 0.6965291
v -0.03754922 -0.138895661 0.6964962
v -0.0405585878 -0.131135374 0.6965
v -0.03754922 -0.138895661 0.6964962
v -0.0420218669 -0.139235541 0.696531534
v -0.0405585878 -0.131135374 0.6965
v -0.03456587 -0.130446717 0.6965
v -0.0373872742 -0.134404629 0.6965291
v -0.0356227048 -0.134417534 0.6965287
v -0.0302094221 -0.132568359 0.6965
v -0.0356227048 -0.134417534 0.6965287
v -0.0352956578 -0.138850778 0.6964962
v -0.0308378171 -0.139002338 0.6965251
v -0.0302094221 -0.132568359 0.6965
v -0.02772191 -0.135728776 0.6965
v -0.0267349128 -0.13962771 0.6965
v -0.0307781324 -0.14076446 0.696531534
v -0.0274190772 -0.143591031 0.6965
v -0.0296561178 -0.146933436 0.6965
v -0.0352606773 -0.141087547 0.6964967
v -0.0354127251 -0.145595372 0.6965291
v -0.0330592133 -0.149076983 0.6965
v -0.037040066 -0.149651051 0.6965
v -0.0371773 -0.145582482 0.6965287
v -0.040910095 -0.148556381 0.6965
v -0.041962184 -0.140997648 0.6965251
v -0.0440003835 -0.145982191 0.6965
v -0.04577648 -0.142373651 0.6965
v -0.03749341 -0.141135558 0.6964967
v -0.0459312834 -0.138354659 0.6965
v -0.0420218669 -0.139235541 0.696531534
v -0.04443805 -0.13462019 0.6965
v -0.0405585878 -0.131135374 0.6965
v -0.0371773 -0.145582482 0.6965287
v -0.040910095 -0.148556381 0.6965
v -0.03456587 -0.130446717 0.6965
v -0.0405585878 -0.131135374 0.6965
v -0.0363829769 -0.130243421 0.697362363
v -0.0405585878 -0.131135374 0.6965
v -0.04126461 -0.1316402 0.697378755
v -0.0363829769 -0.130243421 0.697362363
v -0.0363829769 -0.130243421 0.697362363
v -0.03160865 -0.131597415 0.6973588
v -0.03456587 -0.130446717 0.6965
v -0.03160865 -0.131597415 0.6973588
v -0.0302094221 -0.132568359 0.6965
v -0.03456587 -0.130446717 0.6965
v -0.03160865 -0.131597415 0.6973588
v -0.0286429562 -0.1342195 0.6973796
v -0.0302094221 -0.132568359 0.6965
v -0.0286429562 -0.1342195 0.6973796
v -0.02772191 -0.135728776 0.6965
v -0.0302094221 -0.132568359 0.6965
v -0.0286429562 -0.1342195 0.6973796
v -0.0266983267 -0.138958454 0.697356462
v -0.02772191 -0.135728776 0.6965
v -0.0266983267 -0.138958454 0.697356462
v -0.0267349128 -0.13962771 0.6965
v -0.02772191 -0.135728776 0.6965
v -0.02753184 -0.1438631 0.697379947
v -0.0296561178 -0.146933436 0.6965
v -0.0274190772 -0.143591031 0.6965
v -0.02753184 -0.1438631 0.697379947
v -0.0306644123 -0.147893354 0.697355151
v -0.0296561178 -0.146933436 0.6965
v -0.0306644123 -0.147893354 0.697355151
v -0.0330592133 -0.149076983 0.6965
v -0.0296561178 -0.146933436 0.6965
v -0.0306644123 -0.147893354 0.697355151
v -0.0353489481 -0.149615 0.697379
v -0.0330592133 -0.149076983 0.6965
v -0.0353489481 -0.149615 0.697379
v -0.037040066 -0.149651051 0.6965
v -0.0330592133 -0.149076983 0.6965
v -0.0353489481 -0.149615 0.697379
v -0.03933005 -0.149218455 0.697352767
v -0.037040066 -0.149651051 0.6965
v -0.03933005 -0.149218455 0.697352767
v -0.040910095 -0.148556381 0.6965
v -0.037040066 -0.149651051 0.6965
v -0.03933005 -0.149218455 0.697352767
v -0.0428312272 -0.147224814 0.6973796
v -0.040910095 -0.148556381 0.6965
v -0.0428312272 -0.147224814 0.6973796
v -0.0440003835 -0.145982191 0.6965
v -0.040910095 -0.148556381 0.6965
v -0.0428312272 -0.147224814 0.6973796
v -0.0452124067 -0.143988237 0.6973496
v -0.0440003835 -0.145982191 0.6965
v -0.0452124067 -0.143988237 0.6973496
v -0.04577648 -0.142373651 0.6965
v -0.0440003835 -0.145982191 0.6965
v -0.0452124067 -0.143988237 0.6973496
v -0.04607262 -0.140070185 0.6973799
v -0.04577648 -0.142373651 0.6965
v -0.04607262 -0.140070185 0.6973799
v -0.0459312834 -0.138354659 0.6965
v -0.04577648 -0.142373651 0.6965
v -0.04607262 -0.140070185 0.6973799
v -0.04484813 -0.13511844 0.697354853
v -0.0459312834 -0.138354659 0.6965
v -0.04484813 -0.13511844 0.697354853
v -0.04443805 -0.13462019 0.6965
v -0.0459312834 -0.138354659 0.6965
v -0.04484813 -0.13511844 0.697354853
v -0.0405585878 -0.131135374 0.6965
v -0.04443805 -0.13462019 0.6965
v -0.04484813 -0.13511844 0.697354853
v -0.04126461 -0.1316402 0.697378755
v -0.0405585878 -0.131135374 0.6965
v -0.0388279632 -0.1357101 0.7023615
v -0.037173748 -0.135366991 0.7044657
v -0.0366679356 -0.13493453 0.7020872
v -0.037173748 -0.135366991 0.7044657
v -0.0339846648 -0.135940164 0.7043344
v -0.0366679356 -0.13493453 0.7020872
v -0.0339846648 -0.135940164 0.7043344
v -0.0345319 -0.135323226 0.7021277
v -0.0366679356 -0.13493453 0.7020872
v -0.0410243832 -0.141775727 0.7022566
v -0.03999062 -0.14354077 0.7021197
v -0.0406526849 -0.141936377 0.704447865
v -0.03999062 -0.14354077 0.7021197
v -0.0384369753 -0.14438276 0.704624355
v -0.0406526849 -0.141936377 0.704447865
v -0.03999062 -0.14354077 0.7021197
v -0.0381701253 -0.144602984 0.7022852
v -0.0384369753 -0.14438276 0.704624355
v -0.03290602 -0.136504561 0.7022712
v -0.0345319 -0.135323226 0.7021277
v -0.0339846648 -0.135940164 0.7043344
v -0.033185076 -0.14388071 0.702227354
v -0.03151377 -0.1413527 0.7020874
v -0.0326925777 -0.142841026 0.70438844
v -0.0326925777 -0.142841026 0.70438844
v -0.03151377 -0.1413527 0.7020874
v -0.03158664 -0.139604524 0.704618156
v -0.03158664 -0.139604524 0.704618156
v -0.03151377 -0.1413527 0.7020874
v -0.0316064171 -0.138789028 0.7023214
v -0.0388279632 -0.1357101 0.7023615
v -0.03978638 -0.136657432 0.7046941
v -0.037173748 -0.135366991 0.7044657
v -0.0388279632 -0.1357101 0.7023615
v -0.0403616242 -0.137123883 0.702292
v -0.03978638 -0.136657432 0.7046941
v -0.0403616242 -0.137123883 0.702292
v -0.041259665 -0.139101058 0.702339053
v -0.03978638 -0.136657432 0.7046941
v -0.041259665 -0.139101058 0.702339053
v -0.04107967 -0.139138043 0.7046922
v -0.03978638 -0.136657432 0.7046941
v -0.041259665 -0.139101058 0.702339053
v -0.0410243832 -0.141775727 0.7022566
v -0.04107967 -0.139138043 0.7046922
v -0.0410243832 -0.141775727 0.7022566
v -0.0406526849 -0.141936377 0.704447865
v -0.04107967 -0.139138043 0.7046922
v -0.0381701253 -0.144602984 0.7022852
v -0.0359835923 -0.144919187 0.7023519
v -0.0384369753 -0.14438276 0.704624355
v -0.0359835923 -0.144919187 0.7023519
v -0.0355483368 -0.1450042 0.70524627
v -0.0384369753 -0.14438276 0.704624355
v -0.0359835923 -0.144919187 0.7023519
v -0.033185076 -0.14388071 0.702227354
v -0.0355483368 -0.1450042 0.70524627
v -0.033185076 -0.14388071 0.702227354
v -0.0326925777 -0.142841026 0.70438844
v -0.0355483368 -0.1450042 0.70524627
v -0.0316064171 -0.138789028 0.7023214
v -0.03290602 -0.136504561 0.7022712
v -0.03158664 -0.139604524 0.704618156
v -0.03290602 -0.136504561 0.7022712
v -0.0339846648 -0.135940164 0.7043344
v -0.03158664 -0.139604524 0.704618156
v -0.0339846648 -0.135940164 0.7043344
v -0.037173748 -0.135366991 0.7044657
v -0.0335519835 -0.135435954 0.7057319
v -0.037173748 -0.135366991 0.7044657
v -0.03790103 -0.1348341 0.70580703
v -0.0335519835 -0.135435954 0.7057319
v -0.0335519835 -0.135435954 0.7057319
v -0.0313349739 -0.138444811 0.705757439
v -0.0339846648 -0.135940164 0.7043344
v -0.0313349739 -0.138444811 0.705757439
v -0.03158664 -0.139604524 0.704618156
v -0.0339846648 -0.135940164 0.7043344
v -0.0313349739 -0.138444811 0.705757439
v -0.0313021168 -0.1414422 0.7057563
v -0.03158664 -0.139604524 0.704618156
v -0.0313021168 -0.1414422 0.7057563
v -0.0326925777 -0.142841026 0.70438844
v -0.03158664 -0.139604524 0.704618156
v -0.0313021168 -0.1414422 0.7057563
v -0.0329007 -0.143977314 0.7057558
v -0.0326925777 -0.142841026 0.70438844
v -0.0329007 -0.143977314 0.7057558
v -0.0355483368 -0.1450042 0.70524627
v -0.0326925777 -0.142841026 0.70438844
v -0.0355483368 -0.1450042 0.70524627
v -0.0385859832 -0.144824892 0.7057569
v -0.0384369753 -0.14438276 0.704624355
v -0.0385859832 -0.144824892 0.7057569
v -0.04085362 -0.1428672 0.7057582
v -0.0384369753 -0.14438276 0.704624355
v -0.04085362 -0.1428672 0.7057582
v -0.0406526849 -0.141936377 0.704447865
v -0.0384369753 -0.14438276 0.704624355
v -0.04085362 -0.1428672 0.7057582
v -0.0416965038 -0.139992714 0.705760062
v -0.0406526849 -0.141936377 0.704447865
v -0.0416965038 -0.139992714 0.705760062
v -0.04107967 -0.139138043 0.7046922
v -0.0406526849 -0.141936377 0.704447865
v -0.0416965038 -0.139992714 0.705760062
v -0.0408454239 -0.137121052 0.705762148
v -0.04107967 -0.139138043 0.7046922
v -0.0408454239 -0.137121052 0.705762148
v -0.03978638 -0.136657432 0.7046941
v -0.04107967 -0.139138043 0.7046922
v -0.0408454239 -0.137121052 0.705762148
v -0.03790103 -0.1348341 0.70580703
v -0.03978638 -0.136657432 0.7046941
v -0.03790103 -0.1348341 0.70580703
v -0.037173748 -0.135366991 0.7044657
v -0.03978638 -0.136657432 0.7046941
v 0.05199875 -0.13991046 0.6070935
v 0.05144255 -0.143288851 0.6074728
v 0.0514315479 -0.139722541 0.6062507
v 0.05199875 -0.13991046 0.6070935
v 0.05198491 -0.14432168 0.6108702
v 0.05144255 -0.143288851 0.6074728
v 0.05198491 -0.14432168 0.6108702
v 0.05144355 -0.145014733 0.6099186
v 0.05144255 -0.143288851 0.6074728
v 0.05198491 -0.14432168 0.6108702
v 0.05144441 -0.145139143 0.612909734
v 0.05144355 -0.145014733 0.6099186
v 0.05198491 -0.14432168 0.6108702
v 0.051977817 -0.1426609 0.6149948
v 0.05144441 -0.145139143 0.612909734
v 0.051977817 -0.1426609 0.6149948
v 0.0514450781 -0.143621489 0.6154914
v 0.05144441 -0.145139143 0.612909734
v 0.051977817 -0.1426609 0.6149948
v 0.0514315479 -0.140277475 0.6169993
v 0.0514450781 -0.143621489 0.6154914
v 0.051977817 -0.1426609 0.6149948
v 0.05198418 -0.1381336 0.6156388
v 0.0514315479 -0.140277475 0.6169993
v 0.05198418 -0.1381336 0.6156388
v 0.05144255 -0.13671115 0.615777254
v 0.0514315479 -0.140277475 0.6169993
v 0.05198418 -0.1381336 0.6156388
v 0.05144355 -0.134985268 0.613331437
v 0.05144255 -0.13671115 0.615777254
v 0.05198418 -0.1381336 0.6156388
v 0.05198491 -0.135651886 0.6110414
v 0.05144355 -0.134985268 0.613331437
v 0.05198491 -0.135651886 0.6110414
v 0.05144441 -0.134860858 0.6103403
v 0.05144355 -0.134985268 0.613331437
v 0.05198491 -0.135651886 0.6110414
v 0.05144508 -0.136378527 0.6077586
v 0.05144441 -0.134860858 0.6103403
v 0.05198491 -0.135651886 0.6110414
v 0.05199875 -0.13991046 0.6070935
v 0.05144508 -0.136378527 0.6077586
v 0.05199875 -0.13991046 0.6070935
v 0.0514315479 -0.139722541 0.6062507
v 0.05144508 -0.136378527 0.6077586
v 0.04720697 -0.14284803 0.6070609
v 0.047282 -0.138499036 0.6064591
v 0.0514315479 -0.139722541 0.6062507
v 0.047282 -0.138499036 0.6064591
v 0.05144508 -0.136378527 0.6077586
v 0.0514315479 -0.139722541 0.6062507
v 0.047282 -0.138499036 0.6064591
v 0.0472371057 -0.135554612 0.608746
v 0.05144508 -0.136378527 0.6077586
v 0.0467212237 -0.140851662 0.616629243
v 0.0472308248 -0.143499345 0.6156023
v 0.0514315479 -0.140277475 0.6169993
v 0.0472308248 -0.143499345 0.6156023
v 0.0514450781 -0.143621489 0.6154914
v 0.0514315479 -0.140277475 0.6169993
v 0.04720697 -0.14284803 0.6070609
v 0.0514315479 -0.139722541 0.6062507
v 0.05144255 -0.143288851 0.6074728
v 0.051977817 -0.1426609 0.6149948
v 0.05198491 -0.14432168 0.6108702
v 0.05199875 -0.13991046 0.6070935
v 0.043958962 -0.142606124 0.611385047
v 0.03800011 -0.145562142 0.610627353
v 0.0380065441 -0.145621836 0.612389445
v 0.04395895 -0.139760062 0.6090188
v 0.0380018242 -0.139002472 0.6060649
v 0.03800654 -0.14076446 0.606003165
v 0.03800409 -0.134404659 0.612612247
v 0.0380019359 -0.134415671 0.610847652
v 0.043958962 -0.137393877 0.6118649
v 0.0380040854 -0.140987262 0.6172203
v 0.0380037278 -0.1392227 0.6172074
v 0.04395894 -0.140239954 0.6142311
v 0.0448108464 -0.139131948 0.611069858
v 0.0379712321 -0.138850778 0.610520661
v 0.04395895 -0.139760062 0.6090188
v 0.03797174 -0.1389066 0.6127606
v 0.04395894 -0.140239954 0.6142311
v 0.0380037278 -0.1392227 0.6172074
v 0.03797174 -0.1389066 0.6127606
v 0.04481472 -0.139421821 0.6124707
v 0.04395894 -0.140239954 0.6142311
v 0.0379712321 -0.138850778 0.610520661
v 0.043958962 -0.137393877 0.6118649
v 0.0380019359 -0.134415671 0.610847652
v 0.0379712321 -0.138850778 0.610520661
v 0.0448108464 -0.139131948 0.611069858
v 0.043958962 -0.137393877 0.6118649
v 0.03800011 -0.145562142 0.610627353
v 0.043958962 -0.142606124 0.611385047
v 0.03797174 -0.1410934 0.6104894
v 0.03797174 -0.1410934 0.6104894
v 0.04395895 -0.139760062 0.6090188
v 0.03800654 -0.14076446 0.606003165
v 0.03797174 -0.1410934 0.6104894
v 0.04481473 -0.140578166 0.6107793
v 0.04395895 -0.139760062 0.6090188
v 0.04481473 -0.140578166 0.6107793
v 0.03797174 -0.1410934 0.6104894
v 0.043958962 -0.142606124 0.611385047
v 0.0380040854 -0.140987262 0.6172203
v 0.04395894 -0.140239954 0.6142311
v 0.03797175 -0.141135558 0.6127184
v 0.03797175 -0.141135558 0.6127184
v 0.043958962 -0.142606124 0.611385047
v 0.0380065441 -0.145621836 0.612389445
v 0.03797175 -0.141135558 0.6127184
v 0.044814717 -0.140845746 0.6122031
v 0.043958962 -0.142606124 0.611385047
v 0.044814717 -0.140845746 0.6122031
v 0.03797175 -0.141135558 0.6127184
v 0.04395894 -0.140239954 0.6142311
v 0.04481472 -0.139421821 0.6124707
v 0.03797174 -0.1389066 0.6127606
v 0.043958962 -0.137393877 0.6118649
v 0.03800409 -0.134404659 0.612612247
v 0.043958962 -0.137393877 0.6118649
v 0.03797174 -0.1389066 0.6127606
v 0.0380018242 -0.139002472 0.6060649
v 0.04395895 -0.139760062 0.6090188
v 0.0379712321 -0.138850778 0.610520661
v 0.0388373844 -0.140017033 0.6018684
v 0.03885372 -0.135135174 0.6032653
v 0.0435623527 -0.139731884 0.6065596
v 0.03885372 -0.135135174 0.6032653
v 0.0438365154 -0.13757202 0.6073351
v 0.0435623527 -0.139731884 0.6065596
v 0.03885372 -0.135135174 0.6032653
v 0.0437670127 -0.136038363 0.608748853
v 0.0438365154 -0.13757202 0.6073351
v 0.03885372 -0.135135174 0.6032653
v 0.0388298556 -0.131551862 0.606743455
v 0.0437670127 -0.136038363 0.608748853
v 0.0388298556 -0.131551862 0.606743455
v 0.043814078 -0.13514033 0.610726058
v 0.0437670127 -0.136038363 0.608748853
v 0.0388298556 -0.131551862 0.606743455
v 0.03885488 -0.130327374 0.6116952
v 0.043814078 -0.13514033 0.610726058
v 0.03885488 -0.130327374 0.6116952
v 0.04373167 -0.1353756 0.6134007
v 0.043814078 -0.13514033 0.610726058
v 0.03885488 -0.130327374 0.6116952
v 0.0388246067 -0.131187677 0.6156134
v 0.04373167 -0.1353756 0.6134007
v 0.0388246067 -0.131187677 0.6156134
v 0.0388545543 -0.133568808 0.6188498
v 0.04373167 -0.1353756 0.6134007
v 0.0388545543 -0.133568808 0.6188498
v 0.0435947143 -0.136409342 0.6151657
v 0.04373167 -0.1353756 0.6134007
v 0.0388545543 -0.133568808 0.6188498
v 0.0437602028 -0.138229892 0.616228
v 0.0435947143 -0.136409342 0.6151657
v 0.0388545543 -0.133568808 0.6188498
v 0.03882773 -0.1370701 0.6208435
v 0.0437602028 -0.138229892 0.616228
v 0.03882773 -0.1370701 0.6208435
v 0.0388540439 -0.141051114 0.62124
v 0.0437602028 -0.138229892 0.616228
v 0.0388540439 -0.141051114 0.62124
v 0.0438269377 -0.140416592 0.6165442
v 0.0437602028 -0.138229892 0.616228
v 0.0388540439 -0.141051114 0.62124
v 0.0437023379 -0.143215 0.615505636
v 0.0438269377 -0.140416592 0.6165442
v 0.0388540439 -0.141051114 0.62124
v 0.0388301462 -0.145735636 0.61951834
v 0.0437023379 -0.143215 0.615505636
v 0.0388301462 -0.145735636 0.61951834
v 0.0388549678 -0.148868129 0.6154881
v 0.0437023379 -0.143215 0.615505636
v 0.0388549678 -0.148868129 0.6154881
v 0.04356243 -0.144886225 0.612977743
v 0.0437023379 -0.143215 0.615505636
v 0.0388549678 -0.148868129 0.6154881
v 0.0388315246 -0.14970167 0.610583544
v 0.04356243 -0.144886225 0.612977743
v 0.0388315246 -0.14970167 0.610583544
v 0.0437964126 -0.144793585 0.610413969
v 0.04356243 -0.144886225 0.612977743
v 0.0388315246 -0.14970167 0.610583544
v 0.0388546176 -0.147757158 0.6058446
v 0.0437964126 -0.144793585 0.610413969
v 0.0388546176 -0.147757158 0.6058446
v 0.04374625 -0.14349398 0.608129561
v 0.0437964126 -0.144793585 0.610413969
v 0.0388546176 -0.147757158 0.6058446
v 0.0388337821 -0.144791365 0.6032224
v 0.04374625 -0.14349398 0.608129561
v 0.0388337821 -0.144791365 0.6032224
v 0.04360271 -0.141868129 0.6069482
v 0.04374625 -0.14349398 0.608129561
v 0.0388337821 -0.144791365 0.6032224
v 0.0388373844 -0.140017033 0.6018684
v 0.04360271 -0.141868129 0.6069482
v 0.0388373844 -0.140017033 0.6018684
v 0.0435623527 -0.139731884 0.6065596
v 0.04360271 -0.141868129 0.6069482
v 0.04481473 -0.140578166 0.6107793
v 0.0453249961 -0.139999986 0.611624956
v 0.04395895 -0.139760062 0.6090188
v 0.04395895 -0.139760062 0.6090188
v 0.0453249961 -0.139999986 0.611624956
v 0.0448108464 -0.139131948 0.611069858
v 0.0453249961 -0.139999986 0.611624956
v 0.043958962 -0.137393877 0.6118649
v 0.0448108464 -0.139131948 0.611069858
v 0.043958962 -0.137393877 0.6118649
v 0.0453249961 -0.139999986 0.611624956
v 0.04481472 -0.139421821 0.6124707
v 0.0453249961 -0.139999986 0.611624956
v 0.04395894 -0.140239954 0.6142311
v 0.04481472 -0.139421821 0.6124707
v 0.04395894 -0.140239954 0.6142311
v 0.0453249961 -0.139999986 0.611624956
v 0.044814717 -0.140845746 0.6122031
v 0.0453249961 -0.139999986 0.611624956
v 0.043958962 -0.142606124 0.611385047
v 0.044814717 -0.140845746 0.6122031
v 0.043958962 -0.142606124 0.611385047
v 0.0453249961 -0.139999986 0.611624956
v 0.04481473 -0.140578166 0.6107793
v 0.03797174 -0.1389066 0.6127606
v 0.0380037278 -0.1392227 0.6172074
v 0.0379750021 -0.136448517 0.620713353
v 0.0380037278 -0.1392227 0.6172074
v 0.0379750021 -0.141380638 0.621198237
v 0.0379750021 -0.136448517 0.620713353
v 0.03800409 -0.134404659 0.612612247
v 0.03797174 -0.1389066 0.6127606
v 0.0379750021 -0.136448517 0.620713353
v 0.0379750021 -0.132399529 0.617607057
v 0.0379750021 -0.1306235 0.613998532
v 0.0380019359 -0.134415671 0.610847652
v 0.0379750021 -0.130468711 0.6099797
v 0.0379750021 -0.131961912 0.6062453
v 0.0379750021 -0.1348449 0.60344106
v 0.0379750021 -0.138796523 0.602007866
v 0.0380018242 -0.139002472 0.6060649
v 0.0379712321 -0.138850778 0.610520661
v 0.0379750021 -0.1348449 0.60344106
v 0.0380018242 -0.139002472 0.6060649
v 0.0379750021 -0.138796523 0.602007866
v 0.03800654 -0.14076446 0.606003165
v 0.0379750021 -0.143780187 0.6026617
v 0.03800011 -0.145562142 0.610627353
v 0.03797174 -0.1410934 0.6104894
v 0.0379750021 -0.148215309 0.606359959
v 0.0379750021 -0.149665087 0.611252666
v 0.0380065441 -0.145621836 0.612389445
v 0.0379750021 -0.14866735 0.616107047
v 0.0379750021 -0.145155057 0.619809
v 0.03797175 -0.141135558 0.6127184
v 0.0380040854 -0.140987262 0.6172203
v 0.0379750021 -0.141380638 0.621198237
v 0.0380037278 -0.1392227 0.6172074
v 0.03797174 -0.1410934 0.6104894
v 0.03800654 -0.14076446 0.606003165
v 0.0379750021 -0.143780187 0.6026617
v 0.0379750021 -0.143780187 0.6026617
v 0.0379750021 -0.138796523 0.602007866
v 0.0388373844 -0.140017033 0.6018684
v 0.0379750021 -0.138796523 0.602007866
v 0.03885372 -0.135135174 0.6032653
v 0.0388373844 -0.140017033 0.6018684
v 0.0388373844 -0.140017033 0.6018684
v 0.0388337821 -0.144791365 0.6032224
v 0.0379750021 -0.143780187 0.6026617
v 0.0388337821 -0.144791365 0.6032224
v 0.0379750021 -0.148215309 0.606359959
v 0.0379750021 -0.143780187 0.6026617
v 0.0388337821 -0.144791365 0.6032224
v 0.0388546176 -0.147757158 0.6058446
v 0.0379750021 -0.148215309 0.606359959
v 0.0388546176 -0.147757158 0.6058446
v 0.0388315246 -0.14970167 0.610583544
v 0.0379750021 -0.148215309 0.606359959
v 0.0388315246 -0.14970167 0.610583544
v 0.0379750021 -0.149665087 0.611252666
v 0.0379750021 -0.148215309 0.606359959
v 0.0388315246 -0.14970167 0.610583544
v 0.0379750021 -0.14866735 0.616107047
v 0.0379750021 -0.149665087 0.611252666
v 0.0388315246 -0.14970167 0.610583544
v 0.0388549678 -0.148868129 0.6154881
v 0.0379750021 -0.14866735 0.616107047
v 0.0388549678 -0.148868129 0.6154881
v 0.0388301462 -0.145735636 0.61951834
v 0.0379750021 -0.14866735 0.616107047
v 0.0388301462 -0.145735636 0.61951834
v 0.0379750021 -0.145155057 0.619809
v 0.0379750021 -0.14866735 0.616107047
v 0.03882773 -0.1370701 0.6208435
v 0.0388545543 -0.133568808 0.6188498
v 0.0379750021 -0.136448517 0.620713353
v 0.0388545543 -0.133568808 0.6188498
v 0.0379750021 -0.132399529 0.617607057
v 0.0379750021 -0.136448517 0.620713353
v 0.0388545543 -0.133568808 0.6188498
v 0.0388246067 -0.131187677 0.6156134
v 0.0379750021 -0.132399529 0.617607057
v 0.0388246067 -0.131187677 0.6156134
v 0.0379750021 -0.1306235 0.613998532
v 0.0379750021 -0.132399529 0.617607057
v 0.0388246067 -0.131187677 0.6156134
v 0.03885488 -0.130327374 0.6116952
v 0.0379750021 -0.1306235 0.613998532
v 0.03885488 -0.130327374 0.6116952
v 0.0379750021 -0.130468711 0.6099797
v 0.0379750021 -0.1306235 0.613998532
v 0.03885488 -0.130327374 0.6116952
v 0.0388298556 -0.131551862 0.606743455
v 0.0379750021 -0.130468711 0.6099797
v 0.0388298556 -0.131551862 0.606743455
v 0.0379750021 -0.131961912 0.6062453
v 0.0379750021 -0.130468711 0.6099797
v 0.03885372 -0.135135174 0.6032653
v 0.0379750021 -0.138796523 0.602007866
v 0.0379750021 -0.1348449 0.60344106
v 0.0438365154 -0.13757202 0.6073351
v 0.0459407233 -0.139226258 0.606992
v 0.0435623527 -0.139731884 0.6065596
v 0.0459407233 -0.139226258 0.606992
v 0.0458092876 -0.1424153 0.607565165
v 0.0435623527 -0.139731884 0.6065596
v 0.0458092876 -0.1424153 0.607565165
v 0.04360271 -0.141868129 0.6069482
v 0.0435623527 -0.139731884 0.6065596
v 0.04373167 -0.1353756 0.6134007
v 0.0435947143 -0.136409342 0.6151657
v 0.0459227972 -0.1357473 0.613561332
v 0.0435947143 -0.136409342 0.6151657
v 0.04609929 -0.137962908 0.6160077
v 0.0459227972 -0.1357473 0.613561332
v 0.0435947143 -0.136409342 0.6151657
v 0.0437602028 -0.138229892 0.616228
v 0.04609929 -0.137962908 0.6160077
v 0.04374625 -0.14349398 0.608129561
v 0.04360271 -0.141868129 0.6069482
v 0.0458092876 -0.1424153 0.607565165
v 0.0437023379 -0.143215 0.615505636
v 0.04356243 -0.144886225 0.612977743
v 0.0458633453 -0.143707469 0.614465952
v 0.0458633453 -0.143707469 0.614465952
v 0.04356243 -0.144886225 0.612977743
v 0.0460930951 -0.144813359 0.611229539
v 0.0460930951 -0.144813359 0.611229539
v 0.04356243 -0.144886225 0.612977743
v 0.0437964126 -0.144793585 0.610413969
v 0.0438365154 -0.13757202 0.6073351
v 0.0461690538 -0.1366136 0.608282447
v 0.0459407233 -0.139226258 0.606992
v 0.0438365154 -0.13757202 0.6073351
v 0.0437670127 -0.136038363 0.608748853
v 0.0461690538 -0.1366136 0.608282447
v 0.0437670127 -0.136038363 0.608748853
v 0.043814078 -0.13514033 0.610726058
v 0.0461690538 -0.1366136 0.608282447
v 0.043814078 -0.13514033 0.610726058
v 0.0461671874 -0.135320336 0.610763
v 0.0461690538 -0.1366136 0.608282447
v 0.043814078 -0.13514033 0.610726058
v 0.04373167 -0.1353756 0.6134007
v 0.0461671874 -0.135320336 0.610763
v 0.04373167 -0.1353756 0.6134007
v 0.0459227972 -0.1357473 0.613561332
v 0.0461671874 -0.135320336 0.610763
v 0.0437602028 -0.138229892 0.616228
v 0.0438269377 -0.140416592 0.6165442
v 0.04609929 -0.137962908 0.6160077
v 0.0438269377 -0.140416592 0.6165442
v 0.0467212237 -0.140851662 0.616629243
v 0.04609929 -0.137962908 0.6160077
v 0.0438269377 -0.140416592 0.6165442
v 0.0437023379 -0.143215 0.615505636
v 0.0467212237 -0.140851662 0.616629243
v 0.0437023379 -0.143215 0.615505636
v 0.0458633453 -0.143707469 0.614465952
v 0.0467212237 -0.140851662 0.616629243
v 0.0437964126 -0.144793585 0.610413969
v 0.04374625 -0.14349398 0.608129561
v 0.0460930951 -0.144813359 0.611229539
v 0.04374625 -0.14349398 0.608129561
v 0.0458092876 -0.1424153 0.607565165
v 0.0460930951 -0.144813359 0.611229539
v 0.0458092876 -0.1424153 0.607565165
v 0.0459407233 -0.139226258 0.606992
v 0.04720697 -0.14284803 0.6070609
v 0.0459407233 -0.139226258 0.606992
v 0.047282 -0.138499036 0.6064591
v 0.04720697 -0.14284803 0.6070609
v 0.04720697 -0.14284803 0.6070609
v 0.04723246 -0.145065039 0.6100699
v 0.0458092876 -0.1424153 0.607565165
v 0.04723246 -0.145065039 0.6100699
v 0.0460930951 -0.144813359 0.611229539
v 0.0458092876 -0.1424153 0.607565165
v 0.04723246 -0.145065039 0.6100699
v 0.0472312644 -0.1450979 0.61306715
v 0.0460930951 -0.144813359 0.611229539
v 0.0472312644 -0.1450979 0.61306715
v 0.0458633453 -0.143707469 0.614465952
v 0.0460930951 -0.144813359 0.611229539
v 0.0472312644 -0.1450979 0.61306715
v 0.0472308248 -0.143499345 0.6156023
v 0.0458633453 -0.143707469 0.614465952
v 0.0472308248 -0.143499345 0.6156023
v 0.0467212237 -0.140851662 0.616629243
v 0.0458633453 -0.143707469 0.614465952
v 0.0467212237 -0.140851662 0.616629243
v 0.047231812 -0.137814045 0.616449952
v 0.04609929 -0.137962908 0.6160077
v 0.047231812 -0.137814045 0.616449952
v 0.0472332463 -0.135546371 0.614492238
v 0.04609929 -0.137962908 0.6160077
v 0.0472332463 -0.135546371 0.614492238
v 0.0459227972 -0.1357473 0.613561332
v 0.04609929 -0.137962908 0.6160077
v 0.0472332463 -0.135546371 0.614492238
v 0.04723503 -0.134703487 0.6116177
v 0.0459227972 -0.1357473 0.613561332
v 0.04723503 -0.134703487 0.6116177
v 0.0461671874 -0.135320336 0.610763
v 0.0459227972 -0.1357473 0.613561332
v 0.04723503 -0.134703487 0.6116177
v 0.0472371057 -0.135554612 0.608746
v 0.0461671874 -0.135320336 0.610763
v 0.0472371057 -0.135554612 0.608746
v 0.0461690538 -0.1366136 0.608282447
v 0.0461671874 -0.135320336 0.610763
v 0.0472371057 -0.135554612 0.608746
v 0.047282 -0.138499036 0.6064591
v 0.0461690538 -0.1366136 0.608282447
v 0.047282 -0.138499036 0.6064591
v 0.0459407233 -0.139226258 0.606992
v 0.0461690538 -0.1366136 0.608282447
v -0.0408454239 -0.137121052 0.705762148
v -0.0415391363 -0.138715252 0.7099694
v -0.04002147 -0.136133641 0.70997
v -0.0416965038 -0.139992714 0.705760062
v -0.0416965038 -0.139992714 0.705760062
v -0.041414734 -0.141706377 0.7099685
v -0.0415391363 -0.138715252 0.7099694
v -0.04085362 -0.1428672 0.7057582
v -0.04085362 -0.1428672 0.7057582
v -0.0396888442 -0.144152209 0.7099675
v -0.041414734 -0.141706377 0.7099685
v -0.0385859832 -0.144824892 0.7057569
v -0.0385859832 -0.144824892 0.7057569
v -0.0361224748 -0.145374268 0.709956467
v -0.0396888442 -0.144152209 0.7099675
v -0.0355483368 -0.1450042 0.70524627
v -0.0329007 -0.143977314 0.7057558
v -0.0313021168 -0.1414422 0.7057563
v -0.032778535 -0.14386636 0.70997
v -0.0312608667 -0.141284734 0.7099694
v -0.0313021168 -0.1414422 0.7057563
v -0.0313349739 -0.138444811 0.705757439
v -0.0312608667 -0.141284734 0.7099694
v -0.03138527 -0.138293609 0.7099685
v -0.0313349739 -0.138444811 0.705757439
v -0.0335519835 -0.135435954 0.7057319
v -0.03138527 -0.138293609 0.7099685
v -0.03311115 -0.135847792 0.7099675
v -0.0364895724 -0.135468528 0.7105238
v -0.04074813 -0.139416412 0.7105099
v -0.03826644 -0.144013792 0.7105092
v -0.0337390639 -0.143369868 0.7105028
v -0.0266983267 -0.138958454 0.697356462
v -0.0274190772 -0.143591031 0.6965
v -0.0267349128 -0.13962771 0.6965
v -0.02753184 -0.1438631 0.697379947
v 0.0472371057 -0.135554612 0.608746
v 0.05144441 -0.134860858 0.6103403
v 0.05144508 -0.136378527 0.6077586
v 0.04723503 -0.134703487 0.6116177
v 0.04723503 -0.134703487 0.6116177
v 0.05144355 -0.134985268 0.613331437
v 0.05144441 -0.134860858 0.6103403
v 0.0472332463 -0.135546371 0.614492238
v 0.0472332463 -0.135546371 0.614492238
v 0.05144255 -0.13671115 0.615777254
v 0.05144355 -0.134985268 0.613331437
v 0.047231812 -0.137814045 0.616449952
v 0.047231812 -0.137814045 0.616449952
v 0.0514315479 -0.140277475 0.6169993
v 0.05144255 -0.13671115 0.615777254
v 0.0467212237 -0.140851662 0.616629243
v 0.0472308248 -0.143499345 0.6156023
v 0.0472312644 -0.1450979 0.61306715
v 0.0514450781 -0.143621489 0.6154914
v 0.05144441 -0.145139143 0.612909734
v 0.0472312644 -0.1450979 0.61306715
v 0.04723246 -0.145065039 0.6100699
v 0.05144441 -0.145139143 0.612909734
v 0.05144355 -0.145014733 0.6099186
v 0.04723246 -0.145065039 0.6100699
v 0.04720697 -0.14284803 0.6070609
v 0.05144355 -0.145014733 0.6099186
v 0.05144255 -0.143288851 0.6074728
v 0.05199875 -0.13991046 0.6070935
v 0.05198491 -0.135651886 0.6110414
v 0.05198418 -0.1381336 0.6156388
v 0.051977817 -0.1426609 0.6149948
v 0.0388301462 -0.145735636 0.61951834
v 0.0379750021 -0.141380638 0.621198237
v 0.0379750021 -0.145155057 0.619809
v 0.0388540439 -0.141051114 0.62124
v 0.0388540439 -0.141051114 0.62124
v 0.0379750021 -0.136448517 0.620713353
v 0.0379750021 -0.141380638 0.621198237
v 0.03882773 -0.1370701 0.6208435
v 0.0388298556 -0.131551862 0.606743455
v 0.0379750021 -0.1348449 0.60344106
v 0.0379750021 -0.131961912 0.6062453
v 0.03885372 -0.135135174 0.6032653
v -0.039020896 -0.1042227 0.7157499
v -0.0390335359 -0.104484178 0.7035
v -0.04011525 -0.104545042 0.7157499
v -0.0390335359 -0.104484178 0.7035
v -0.04009541 -0.104542196 0.7035
v -0.04011525 -0.104545042 0.7157499
v -0.03270459 -0.104542196 0.7157499
v -0.03268475 -0.104545042 0.7035
v -0.0337664671 -0.104484178 0.7157499
v -0.03268475 -0.104545042 0.7035
v -0.033779107 -0.1042227 0.7035
v -0.0337664671 -0.104484178 0.7157499
v -0.0339066572 -0.159491792 0.704375
v -0.0343891419 -0.156687677 0.704025
v -0.0337721258 -0.159122169 0.7035
v -0.038360998 -0.156472757 0.704375
v -0.0386138447 -0.156774089 0.7035
v -0.03594418 -0.155789867 0.7037187
v -0.038360998 -0.156472757 0.704375
v -0.03861385 -0.1599759 0.704375
v -0.0386138447 -0.156774089 0.7035
v -0.03861385 -0.1599759 0.704375
v -0.0383610055 -0.160277233 0.7035
v -0.0386138447 -0.156774089 0.7035
v -0.03861385 -0.1599759 0.704375
v -0.0359441526 -0.160960108 0.7037187
v -0.0383610055 -0.160277233 0.7035
v -0.0339066572 -0.159491792 0.704375
v -0.0337721258 -0.159122169 0.7035
v -0.0359441526 -0.160960108 0.7037187
v -0.0343891419 -0.156687677 0.704025
v -0.0339066572 -0.159491792 0.704375
v -0.038360998 -0.156472757 0.704375
v -0.0339066572 -0.159491792 0.704375
v -0.03861385 -0.1599759 0.704375
v -0.038360998 -0.156472757 0.704375
v -0.0339066572 -0.159491792 0.704375
v -0.0359441526 -0.160960108 0.7037187
v -0.03861385 -0.1599759 0.704375
v -0.03594418 -0.155789867 0.7037187
v -0.0343891419 -0.156687677 0.704025
v -0.038360998 -0.156472757 0.704375
v -0.01799344 -0.131929308 0.704375
v -0.0184759237 -0.129125163 0.7039375
v -0.01785891 -0.13155967 0.7035
v -0.0224477854 -0.128910258 0.704375
v -0.02270063 -0.12921159 0.7035
v -0.0200309474 -0.128227383 0.7037187
v -0.0224477854 -0.128910258 0.704375
v -0.022700632 -0.1324134 0.704375
v -0.02270063 -0.12921159 0.7035
v -0.022700632 -0.1324134 0.704375
v -0.022447791 -0.132714719 0.7035
v -0.02270063 -0.12921159 0.7035
v -0.022700632 -0.1324134 0.704375
v -0.0200309362 -0.133397624 0.7037187
v -0.022447791 -0.132714719 0.7035
v -0.01799344 -0.131929308 0.704375
v -0.01785891 -0.13155967 0.7035
v -0.0200309362 -0.133397624 0.7037187
v -0.0184759237 -0.129125163 0.7039375
v -0.01799344 -0.131929308 0.704375
v -0.0224477854 -0.128910258 0.704375
v -0.01799344 -0.131929308 0.704375
v -0.022700632 -0.1324134 0.704375
v -0.0224477854 -0.128910258 0.704375
v -0.01799344 -0.131929308 0.704375
v -0.0200309362 -0.133397624 0.7037187
v -0.022700632 -0.1324134 0.704375
v -0.0200309474 -0.128227383 0.7037187
v -0.0184759237 -0.129125163 0.7039375
v -0.0224477854 -0.128910258 0.704375
v -0.04981987 -0.131929308 0.704375
v -0.05030235 -0.129125178 0.704375
v -0.04968534 -0.13155967 0.7035
v -0.05030235 -0.129125178 0.704375
v -0.05030235 -0.129125178 0.7035
v -0.04968534 -0.13155967 0.7035
v -0.05030235 -0.129125178 0.704375
v -0.0518573821 -0.128227383 0.7037916
v -0.05030235 -0.129125178 0.7035
v -0.05427422 -0.128910258 0.704375
v -0.0545270629 -0.12921159 0.7035
v -0.0518573821 -0.128227383 0.7037916
v -0.05427422 -0.128910258 0.704375
v -0.0545270666 -0.1324134 0.704375
v -0.0545270629 -0.12921159 0.7035
v -0.0545270666 -0.1324134 0.704375
v -0.0542742237 -0.132714719 0.7035
v -0.0545270629 -0.12921159 0.7035
v -0.0545270666 -0.1324134 0.704375
v -0.05185737 -0.133397624 0.7037916
v -0.0542742237 -0.132714719 0.7035
v -0.04981987 -0.131929308 0.704375
v -0.04968534 -0.13155967 0.7035
v -0.05185737 -0.133397624 0.7037916
v -0.05030235 -0.129125178 0.704375
v -0.04981987 -0.131929308 0.704375
v -0.05427422 -0.128910258 0.704375
v -0.04981987 -0.131929308 0.704375
v -0.0545270666 -0.1324134 0.704375
v -0.05427422 -0.128910258 0.704375
v -0.04981987 -0.131929308 0.704375
v -0.05185737 -0.133397624 0.7037916
v -0.0545270666 -0.1324134 0.704375
v -0.0518573821 -0.128227383 0.7037916
v -0.05030235 -0.129125178 0.704375
v -0.05427422 -0.128910258 0.704375
v 0.057225 -0.13737911 0.5758477
v 0.0449750051 -0.137366459 0.5761092
v 0.057225 -0.136284754 0.57617
v 0.0449750051 -0.137366459 0.5761092
v 0.0449750051 -0.136304587 0.576167166
v 0.057225 -0.136284754 0.57617
v 0.057225 -0.143695414 0.576167166
v 0.0449750051 -0.143715248 0.57617
v 0.057225 -0.142633528 0.5761092
v 0.0449750051 -0.143715248 0.57617
v 0.0449750051 -0.142620876 0.5758477
v 0.057225 -0.142633528 0.5761092
v 0.0458499938 -0.142010853 0.6316873
v 0.045850005 -0.142627865 0.629252851
v 0.0449749976 -0.142010853 0.6316873
v 0.045850005 -0.142627865 0.629252851
v 0.0449750051 -0.142493337 0.6288832
v 0.0449749976 -0.142010853 0.6316873
v 0.045850005 -0.142627865 0.629252851
v 0.0451937579 -0.140455842 0.627414942
v 0.0449750051 -0.142493337 0.6288832
v 0.045850005 -0.13727507 0.6298033
v 0.0449750051 -0.137275055 0.630196631
v 0.0454125069 -0.138687491 0.6277266
v 0.045850005 -0.13727507 0.6298033
v 0.0453250073 -0.138687521 0.6322734
v 0.0449750051 -0.137275055 0.630196631
v 0.0458499938 -0.142010853 0.6316873
v 0.0449749976 -0.142010853 0.6316873
v 0.0451937579 -0.140455842 0.632585049
v 0.045850005 -0.142627865 0.629252851
v 0.0458499938 -0.142010853 0.6316873
v 0.045850005 -0.13727507 0.6298033
v 0.0458499938 -0.142010853 0.6316873
v 0.0453250073 -0.138687521 0.6322734
v 0.045850005 -0.13727507 0.6298033
v 0.0458499938 -0.142010853 0.6316873
v 0.0451937579 -0.140455842 0.632585049
v 0.0453250073 -0.138687521 0.6322734
v 0.0451937579 -0.140455842 0.627414942
v 0.045850005 -0.142627865 0.629252851
v 0.0454125069 -0.138687491 0.6277266
v 0.045850005 -0.142627865 0.629252851
v 0.045850005 -0.13727507 0.6298033
v 0.0454125069 -0.138687491 0.6277266
v 0.045850005 -0.158406541 0.6035543
v 0.0449750051 -0.158406541 0.6013207
v 0.0449749976 -0.157924086 0.6041248
v 0.045850005 -0.158406541 0.6035543
v 0.0458499938 -0.157924086 0.6007502
v 0.0449750051 -0.158406541 0.6013207
v 0.0458499938 -0.157924086 0.6007502
v 0.0451937579 -0.156369045 0.599852443
v 0.0449750051 -0.158406541 0.6013207
v 0.045850005 -0.153188288 0.6022408
v 0.0449750051 -0.153188288 0.602634132
v 0.045266673 -0.154600739 0.6001641
v 0.045850005 -0.153188288 0.6022408
v 0.0453250073 -0.154600754 0.6047108
v 0.0449750051 -0.153188288 0.602634132
v 0.045850005 -0.158406541 0.6035543
v 0.0449749976 -0.157924086 0.6041248
v 0.0451937579 -0.156369045 0.6050226
v 0.0458499938 -0.157924086 0.6007502
v 0.045850005 -0.158406541 0.6035543
v 0.045850005 -0.153188288 0.6022408
v 0.045850005 -0.158406541 0.6035543
v 0.0453250073 -0.154600754 0.6047108
v 0.045850005 -0.153188288 0.6022408
v 0.045850005 -0.158406541 0.6035543
v 0.0451937579 -0.156369045 0.6050226
v 0.0453250073 -0.154600754 0.6047108
v 0.0451937579 -0.156369045 0.599852443
v 0.0458499938 -0.157924086 0.6007502
v 0.045266673 -0.154600739 0.6001641
v 0.0458499938 -0.157924086 0.6007502
v 0.045850005 -0.153188288 0.6022408
v 0.045266673 -0.154600739 0.6001641
v 0.045850005 -0.126580119 0.6035543
v 0.0458499938 -0.126097649 0.6007502
v 0.0449750051 -0.126714647 0.6031847
v 0.0458499938 -0.126097649 0.6007502
v 0.0449749976 -0.126097649 0.6007502
v 0.0449750051 -0.126714647 0.6031847
v 0.0458499938 -0.126097649 0.6007502
v 0.045266673 -0.124542631 0.599852443
v 0.0449749976 -0.126097649 0.6007502
v 0.045850005 -0.121361837 0.6022408
v 0.0449750051 -0.121361837 0.602634132
v 0.045266673 -0.122774288 0.6001641
v 0.045850005 -0.121361837 0.6022408
v 0.0453250073 -0.122774318 0.6047108
v 0.0449750051 -0.121361837 0.602634132
v 0.045850005 -0.126580119 0.6035543
v 0.0449750051 -0.126714647 0.6031847
v 0.045266673 -0.124542631 0.6050226
v 0.0458499938 -0.126097649 0.6007502
v 0.045850005 -0.126580119 0.6035543
v 0.045850005 -0.121361837 0.6022408
v 0.045850005 -0.126580119 0.6035543
v 0.0453250073 -0.122774318 0.6047108
v 0.045850005 -0.121361837 0.6022408
v 0.045850005 -0.126580119 0.6035543
v 0.045266673 -0.124542631 0.6050226
v 0.0453250073 -0.122774318 0.6047108
v 0.045266673 -0.124542631 0.599852443
v 0.0458499938 -0.126097649 0.6007502
v 0.045266673 -0.122774288 0.6001641
v 0.0458499938 -0.126097649 0.6007502
v 0.045850005 -0.121361837 0.6022408
v 0.045266673 -0.122774288 0.6001641
v -0.03694244 -0.175603375 0.7157499
v -0.0369596444 -0.175601631 0.7035
v -0.0358403549 -0.175601631 0.7157499
v -0.03585756 -0.175603375 0.7035
v 0.057225 -0.139457554 0.6472284
v 0.0449750051 -0.139440343 0.647226632
v 0.057225 -0.140559644 0.647226632
v 0.0449750051 -0.140542433 0.6472284
v -0.039020896 -0.1042227 0.7157499
v -0.033779107 -0.1042227 0.7035
v -0.0390335359 -0.104484178 0.7035
v -0.039020896 -0.1042227 0.7157499
v -0.0337664671 -0.104484178 0.7157499
v -0.033779107 -0.1042227 0.7035
v -0.033779107 -0.1042227 0.7035
v -0.0346489847 -0.108634159 0.7036696
v -0.0372201 -0.108311452 0.7037008
v -0.0393825881 -0.109716691 0.7037459
v -0.04009541 -0.104542196 0.7035
v -0.0393825881 -0.109716691 0.7037459
v -0.05298737 -0.108190015 0.7035
v -0.04009541 -0.104542196 0.7035
v -0.0390335359 -0.104484178 0.7035
v -0.0372201 -0.108311452 0.7037008
v -0.033779107 -0.1042227 0.7035
v -0.0346489847 -0.108634159 0.7036696
v -0.03268475 -0.104545042 0.7035
v -0.05298737 -0.108190015 0.7035
v -0.0556823835 -0.1172712 0.7035
v -0.058708027 -0.118386671 0.7035
v -0.07224029 -0.1415777 0.7035
v -0.07029191 -0.12823759 0.7035
v -0.06759644 -0.138022855 0.70371455
v -0.07029191 -0.12823759 0.7035
v -0.06558031 -0.136468023 0.703779042
v -0.06759644 -0.138022855 0.70371455
v -0.07029191 -0.12823759 0.7035
v -0.06299175 -0.136492 0.7036742
v -0.06558031 -0.136468023 0.703779042
v -0.07224029 -0.1415777 0.7035
v -0.06759644 -0.138022855 0.70371455
v -0.06808328 -0.140549049 0.703779042
v -0.0540431328 -0.162021458 0.7035
v -0.0398431867 -0.166270137 0.7036481
v -0.0401066467 -0.1689045 0.703716755
v -0.06139237 -0.165737078 0.7035
v -0.058013346 -0.162308007 0.7035
v -0.0501280352 -0.173144475 0.7035
v -0.0401066467 -0.1689045 0.703716755
v -0.038683854 -0.171084389 0.703676
v -0.0369596444 -0.175601631 0.7035
v -0.0361528955 -0.171807408 0.703716755
v -0.03585756 -0.175603375 0.7035
v -0.0536359139 -0.158061832 0.7035
v -0.0398431867 -0.166270137 0.7036481
v -0.04772624 -0.148228988 0.7035
v -0.05619899 -0.156823978 0.7035
v -0.06912724 -0.154695019 0.7035
v -0.05898496 -0.1584479 0.7035
v -0.064514026 -0.143756777 0.70371455
v -0.06690217 -0.142804548 0.70371455
v -0.0536359139 -0.158061832 0.7035
v -0.0383610055 -0.160277233 0.7035
v -0.040726237 -0.153314784 0.7035
v -0.0386138447 -0.156774089 0.7035
v -0.038683854 -0.171084389 0.703676
v -0.0361528955 -0.171807408 0.703716755
v -0.0369596444 -0.175601631 0.7035
v -0.01140763 -0.165737078 0.7035
v -0.022671964 -0.173144475 0.7035
v -0.0158452336 -0.162801638 0.7035
v -0.00367276487 -0.154695019 0.7035
v -0.0135127436 -0.159576088 0.7035
v -0.0162842721 -0.15671894 0.7035
v -0.007774226 -0.1438137 0.703707457
v -0.025073763 -0.148228988 0.7035
v -0.0104134167 -0.143341139 0.703641653
v -0.0224000011 -0.139999986 0.7035
v -0.0162842721 -0.15671894 0.7035
v -0.018879991 -0.1578867 0.7035
v -0.0320737623 -0.153314784 0.7035
v -0.0194268022 -0.1610647 0.7035
v -0.0337721258 -0.159122169 0.7035
v -0.0331803039 -0.165883034 0.7036481
v -0.032607533 -0.1684178 0.703716755
v -0.0337721258 -0.159122169 0.7035
v -0.0343891419 -0.156687677 0.704025
v -0.0320737623 -0.153314784 0.7035
v -0.0343891419 -0.156687677 0.704025
v -0.03594418 -0.155789867 0.7037187
v -0.0320737623 -0.153314784 0.7035
v -0.03594418 -0.155789867 0.7037187
v -0.040726237 -0.153314784 0.7035
v -0.0320737623 -0.153314784 0.7035
v -0.03594418 -0.155789867 0.7037187
v -0.0386138447 -0.156774089 0.7035
v -0.040726237 -0.153314784 0.7035
v -0.01140763 -0.165737078 0.7035
v -0.0158452336 -0.162801638 0.7035
v -0.0135127436 -0.159576088 0.7035
v -0.00367276487 -0.154695019 0.7035
v -0.007774226 -0.1438137 0.703707457
v -0.005469238 -0.142519236 0.703707457
v -0.0162842721 -0.15671894 0.7035
v -0.0104134167 -0.143341139 0.703641653
v -0.007774226 -0.1438137 0.703707457
v -0.00250809174 -0.12823759 0.7035
v -0.0005597098 -0.1415777 0.7035
v -0.00541012641 -0.137551218 0.703707457
v -0.0005597098 -0.1415777 0.7035
v -0.00456970558 -0.140020132 0.703770041
v -0.00541012641 -0.137551218 0.703707457
v -0.01785891 -0.13155967 0.7035
v -0.0184759237 -0.129125163 0.7039375
v -0.0138150351 -0.121552095 0.7035
v -0.0184759237 -0.129125163 0.7039375
v -0.01660101 -0.123176008 0.7035
v -0.0138150351 -0.121552095 0.7035
v -0.0184759237 -0.129125163 0.7039375
v -0.0200309474 -0.128227383 0.7037187
v -0.01660101 -0.123176008 0.7035
v -0.0200309474 -0.128227383 0.7037187
v -0.0191640835 -0.121938169 0.7035
v -0.01660101 -0.123176008 0.7035
v -0.02270063 -0.12921159 0.7035
v -0.0320737623 -0.1266852 0.7035
v -0.025073763 -0.131771 0.7035
v -0.022447791 -0.132714719 0.7035
v -0.025073763 -0.131771 0.7035
v -0.0224000011 -0.139999986 0.7035
v -0.01203012 -0.138612658 0.7036683
v -0.0120061841 -0.141291112 0.703770041
v -0.040726237 -0.1266852 0.7035
v -0.03688611 -0.115724653 0.703745961
v -0.0343678 -0.115185618 0.7037008
v -0.0191640835 -0.121938169 0.7035
v -0.01875687 -0.117978528 0.7035
v -0.032816343 -0.113125488 0.7037459
v -0.01875687 -0.117978528 0.7035
v -0.032816343 -0.113125488 0.7037459
v -0.0198126286 -0.108190015 0.7035
v -0.032931298 -0.110558659 0.7037459
v -0.03268475 -0.104545042 0.7035
v -0.0147866514 -0.117691986 0.7035
v -0.0198126286 -0.108190015 0.7035
v -0.009242762 -0.116558574 0.7035
v -0.0138150351 -0.121552095 0.7035
v -0.0533732 -0.118935309 0.7035
v -0.0391665436 -0.114540786 0.703745961
v -0.0401749238 -0.112167127 0.7037008
v -0.05030235 -0.129125178 0.7035
v -0.04772624 -0.131771 0.7035
v -0.04968534 -0.13155967 0.7035
v -0.0504 -0.139999986 0.7035
v -0.05298737 -0.108190015 0.7035
v -0.0556823835 -0.1172712 0.7035
v -0.0401749238 -0.112167127 0.7037008
v -0.0393825881 -0.109716691 0.7037459
v -0.06355724 -0.116558574 0.7035
v -0.058708027 -0.118386671 0.7035
v -0.058708027 -0.118386671 0.7035
v -0.05842147 -0.122356854 0.7035
v -0.07029191 -0.12823759 0.7035
v -0.0545270629 -0.12921159 0.7035
v -0.05446182 -0.122764073 0.7035
v -0.06299175 -0.136492 0.7036742
v -0.0542742237 -0.132714719 0.7035
v -0.0610663258 -0.138217911 0.7036742
v -0.06299175 -0.136492 0.7036742
v -0.0504 -0.139999986 0.7035
v -0.0607510656 -0.140743822 0.703779042
v -0.04772624 -0.148228988 0.7035
v -0.0620616935 -0.14298889 0.70364666
v -0.05619899 -0.156823978 0.7035
v -0.0620616935 -0.14298889 0.70364666
v -0.05898496 -0.1584479 0.7035
v -0.064514026 -0.143756777 0.70371455
v -0.0200309474 -0.128227383 0.7037187
v -0.02270063 -0.12921159 0.7035
v -0.0191640835 -0.121938169 0.7035
v -0.0320737623 -0.1266852 0.7035
v -0.03688611 -0.115724653 0.703745961
v -0.0343678 -0.115185618 0.7037008
v -0.032931298 -0.110558659 0.7037459
v -0.0346489847 -0.108634159 0.7036696
v -0.03268475 -0.104545042 0.7035
v -0.0224000011 -0.139999986 0.7035
v -0.0120061841 -0.141291112 0.703770041
v -0.0104134167 -0.143341139 0.703641653
v -0.0620616935 -0.14298889 0.70364666
v -0.0607510656 -0.140743822 0.703779042
v -0.0504 -0.139999986 0.7035
v -0.0504 -0.139999986 0.7035
v -0.05185737 -0.133397624 0.7037916
v -0.04968534 -0.13155967 0.7035
v -0.0504 -0.139999986 0.7035
v -0.0542742237 -0.132714719 0.7035
v -0.05185737 -0.133397624 0.7037916
v -0.040726237 -0.1266852 0.7035
v -0.0391665436 -0.114540786 0.703745961
v -0.03688611 -0.115724653 0.703745961
v -0.022447791 -0.132714719 0.7035
v -0.0200309362 -0.133397624 0.7037187
v -0.0224000011 -0.139999986 0.7035
v -0.0200309362 -0.133397624 0.7037187
v -0.01203012 -0.138612658 0.7036683
v -0.0224000011 -0.139999986 0.7035
v -0.0200309362 -0.133397624 0.7037187
v -0.01785891 -0.13155967 0.7035
v -0.01203012 -0.138612658 0.7036683
v -0.058013346 -0.162308007 0.7035
v -0.06139237 -0.165737078 0.7035
v -0.05898496 -0.1584479 0.7035
v -0.05030235 -0.129125178 0.7035
v -0.05446182 -0.122764073 0.7035
v -0.0533732 -0.118935309 0.7035
v -0.05030235 -0.129125178 0.7035
v -0.0518573821 -0.128227383 0.7037916
v -0.05446182 -0.122764073 0.7035
v -0.0518573821 -0.128227383 0.7037916
v -0.0545270629 -0.12921159 0.7035
v -0.05446182 -0.122764073 0.7035
v -0.0102890739 -0.136603847 0.7036683
v -0.00250809174 -0.12823759 0.7035
v -0.00771504641 -0.1362314 0.703770041
v -0.00250809174 -0.12823759 0.7035
v -0.00541012641 -0.137551218 0.703707457
v -0.00771504641 -0.1362314 0.703770041
v -0.0383610055 -0.160277233 0.7035
v -0.037934415 -0.164506719 0.703716755
v -0.0398431867 -0.166270137 0.7036481
v -0.0383610055 -0.160277233 0.7035
v -0.0359441526 -0.160960108 0.7037187
v -0.037934415 -0.164506719 0.703716755
v -0.0359441526 -0.160960108 0.7037187
v -0.0353299826 -0.16433771 0.703716755
v -0.037934415 -0.164506719 0.703716755
v -0.0359441526 -0.160960108 0.7037187
v -0.0337721258 -0.159122169 0.7035
v -0.0353299826 -0.16433771 0.703716755
v -0.0337721258 -0.159122169 0.7035
v -0.0331803039 -0.165883034 0.7036481
v -0.0353299826 -0.16433771 0.703716755
v -0.037989527 -0.108722381 0.7157499
v -0.03465 -0.108968906 0.7157499
v -0.0337664671 -0.104484178 0.7157499
v -0.0005597098 -0.1415777 0.7157499
v -0.00250809174 -0.12823759 0.7157499
v -0.00691093272 -0.136675537 0.7157499
v -0.01140763 -0.165737078 0.7157499
v -0.0135127436 -0.160021886 0.7157499
v -0.01628426 -0.16287905 0.7157499
v -0.022671964 -0.173144475 0.7157499
v -0.01140763 -0.165737078 0.7157499
v -0.0195792746 -0.160645783 0.7157499
v -0.0330755375 -0.169489056 0.7157499
v -0.0358403549 -0.175601631 0.7157499
v -0.03728915 -0.171532542 0.7157499
v -0.03728915 -0.171532542 0.7157499
v -0.03694244 -0.175603375 0.7157499
v -0.0501280352 -0.173144475 0.7157499
v -0.0400332548 -0.167737767 0.7157499
v -0.0543846339 -0.162308022 0.7157499
v -0.05341302 -0.1584479 0.7157499
v -0.03815 -0.1649689 0.7157499
v -0.03435625 -0.164984629 0.7157499
v -0.0114153773 -0.137956262 0.7157499
v -0.017952105 -0.157013014 0.7157499
v -0.0195792746 -0.160645783 0.7157499
v -0.05619899 -0.156823978 0.7157499
v -0.0613846257 -0.14204374 0.7157499
v -0.0140379341 -0.121938169 0.7157499
v -0.01660101 -0.123176008 0.7157499
v -0.01628426 -0.16287905 0.7157499
v -0.022671964 -0.173144475 0.7157499
v -0.03435625 -0.164984629 0.7157499
v -0.0330755375 -0.169489056 0.7157499
v -0.009242762 -0.116558574 0.7157499
v -0.0144451512 -0.117978543 0.7157499
v -0.0198126286 -0.108190015 0.7157499
v -0.018415371 -0.117691986 0.7157499
v -0.03276674 -0.112262227 0.7157499
v -0.03270459 -0.104542196 0.7157499
v -0.0193869844 -0.121552095 0.7157499
v -0.03465 -0.115031093 0.7157499
v -0.03465 -0.108968906 0.7157499
v -0.0337664671 -0.104484178 0.7157499
v -0.037989527 -0.108722381 0.7157499
v -0.039020896 -0.1042227 0.7157499
v -0.04011525 -0.104545042 0.7157499
v -0.039020896 -0.1042227 0.7157499
v -0.05298737 -0.108190015 0.7157499
v -0.0399 -0.111999996 0.7157499
v -0.0532207265 -0.119354218 0.7157499
v -0.0556823835 -0.1172712 0.7157499
v -0.05842147 -0.118045166 0.7157499
v -0.05842147 -0.118045166 0.7157499
v -0.06355724 -0.116558574 0.7157499
v -0.0587080233 -0.12201535 0.7157499
v -0.0587620661 -0.158061832 0.7157499
v -0.0613846257 -0.14204374 0.7157499
v -0.06588906 -0.143324465 0.7157499
v -0.0114153773 -0.137956262 0.7157499
v -0.01660101 -0.123176008 0.7157499
v -0.0140379341 -0.121938169 0.7157499
v -0.00691093272 -0.136675537 0.7157499
v -0.00250809174 -0.12823759 0.7157499
v -0.009242762 -0.116558574 0.7157499
v -0.0384437442 -0.115015365 0.7157499
v -0.0613846257 -0.14204374 0.7157499
v -0.0548478961 -0.12298698 0.7157499
v -0.06186369 -0.137385324 0.7157499
v -0.0587620661 -0.158061832 0.7157499
v -0.05619899 -0.156823978 0.7157499
v -0.06186369 -0.137385324 0.7157499
v -0.0587080233 -0.12201535 0.7157499
v -0.07029191 -0.12823759 0.7157499
v -0.06355724 -0.116558574 0.7157499
v -0.0665345341 -0.1370482 0.7157499
v -0.06784683 -0.140607759 0.7157499
v -0.07224029 -0.1415777 0.7157499
v -0.06588906 -0.143324465 0.7157499
v -0.06912724 -0.154695019 0.7157499
v -0.06139237 -0.165737078 0.7157499
v -0.0583548471 -0.162021458 0.7157499
v -0.0543846339 -0.162308022 0.7157499
v -0.0665345341 -0.1370482 0.7157499
v -0.07029191 -0.12823759 0.7157499
v -0.07224029 -0.1415777 0.7157499
v -0.03465 -0.115031093 0.7157499
v -0.0384437442 -0.115015365 0.7157499
v -0.0193869844 -0.121552095 0.7157499
v -0.017952105 -0.157013014 0.7157499
v -0.0109363059 -0.142614678 0.7157499
v -0.0114153773 -0.137956262 0.7157499
v -0.0109363059 -0.142614678 0.7157499
v -0.017952105 -0.157013014 0.7157499
v -0.0151135121 -0.157222569 0.7157499
v -0.0331803039 -0.165883034 0.7036481
v -0.032607533 -0.1684178 0.703716755
v -0.03435625 -0.164984629 0.7157499
v -0.032607533 -0.1684178 0.703716755
v -0.0330755375 -0.169489056 0.7157499
v -0.03435625 -0.164984629 0.7157499
v -0.032607533 -0.1684178 0.703716755
v -0.0337590538 -0.170784757 0.703676
v -0.0330755375 -0.169489056 0.7157499
v -0.0337590538 -0.170784757 0.703676
v -0.0361528955 -0.171807408 0.703716755
v -0.0330755375 -0.169489056 0.7157499
v -0.03728915 -0.171532542 0.7157499
v -0.0330755375 -0.169489056 0.7157499
v -0.0361528955 -0.171807408 0.703716755
v -0.038683854 -0.171084389 0.703676
v -0.038683854 -0.171084389 0.703676
v -0.0401066467 -0.1689045 0.703716755
v -0.03728915 -0.171532542 0.7157499
v -0.0400332548 -0.167737767 0.7157499
v -0.03728915 -0.171532542 0.7157499
v -0.0401066467 -0.1689045 0.703716755
v -0.0398431867 -0.166270137 0.7036481
v -0.0398431867 -0.166270137 0.7036481
v -0.037934415 -0.164506719 0.703716755
v -0.0400332548 -0.167737767 0.7157499
v -0.037934415 -0.164506719 0.703716755
v -0.03815 -0.1649689 0.7157499
v -0.0400332548 -0.167737767 0.7157499
v -0.037934415 -0.164506719 0.703716755
v -0.0353299826 -0.16433771 0.703716755
v -0.03815 -0.1649689 0.7157499
v -0.0331803039 -0.165883034 0.7036481
v -0.03435625 -0.164984629 0.7157499
v -0.0353299826 -0.16433771 0.703716755
v -0.03435625 -0.164984629 0.7157499
v -0.03815 -0.1649689 0.7157499
v -0.0102890739 -0.136603847 0.7036683
v -0.00771504641 -0.1362314 0.703770041
v -0.0114153773 -0.137956262 0.7157499
v -0.00771504641 -0.1362314 0.703770041
v -0.00691093272 -0.136675537 0.7157499
v -0.0114153773 -0.137956262 0.7157499
v -0.00771504641 -0.1362314 0.703770041
v -0.00541012641 -0.137551218 0.703707457
v -0.00691093272 -0.136675537 0.7157499
v -0.00541012641 -0.137551218 0.703707457
v -0.00456970558 -0.140020132 0.703770041
v -0.00691093272 -0.136675537 0.7157499
v -0.00456970558 -0.140020132 0.703770041
v -0.00495317345 -0.139392227 0.7157499
v -0.00691093272 -0.136675537 0.7157499
v -0.005469238 -0.142519236 0.703707457
v -0.007774226 -0.1438137 0.703707457
v -0.006265466 -0.1429518 0.7157499
v -0.005469238 -0.142519236 0.703707457
v -0.00495317345 -0.139392227 0.7157499
v -0.00456970558 -0.140020132 0.703770041
v -0.007774226 -0.1438137 0.703707457
v -0.0104134167 -0.143341139 0.703641653
v -0.006265466 -0.1429518 0.7157499
v -0.0104134167 -0.143341139 0.703641653
v -0.0109363059 -0.142614678 0.7157499
v -0.006265466 -0.1429518 0.7157499
v -0.0104134167 -0.143341139 0.703641653
v -0.0120061841 -0.141291112 0.703770041
v -0.0109363059 -0.142614678 0.7157499
v -0.0120061841 -0.141291112 0.703770041
v -0.01203012 -0.138612658 0.7036683
v -0.0109363059 -0.142614678 0.7157499
v -0.01203012 -0.138612658 0.7036683
v -0.0114153773 -0.137956262 0.7157499
v -0.0109363059 -0.142614678 0.7157499
v -0.01203012 -0.138612658 0.7036683
v -0.0102890739 -0.136603847 0.7036683
v -0.0114153773 -0.137956262 0.7157499
v -0.0391665436 -0.114540786 0.703745961
v -0.0401749238 -0.112167127 0.7037008
v -0.0384437442 -0.115015365 0.7157499
v -0.0401749238 -0.112167127 0.7037008
v -0.0399 -0.111999996 0.7157499
v -0.0384437442 -0.115015365 0.7157499
v -0.0401749238 -0.112167127 0.7037008
v -0.0393825881 -0.109716691 0.7037459
v -0.0399 -0.111999996 0.7157499
v -0.0372201 -0.108311452 0.7037008
v -0.037989527 -0.108722381 0.7157499
v -0.0393825881 -0.109716691 0.7037459
v -0.037989527 -0.108722381 0.7157499
v -0.0399 -0.111999996 0.7157499
v -0.0372201 -0.108311452 0.7037008
v -0.0346489847 -0.108634159 0.7036696
v -0.037989527 -0.108722381 0.7157499
v -0.032931298 -0.110558659 0.7037459
v -0.03465 -0.108968906 0.7157499
v -0.032816343 -0.113125488 0.7037459
v -0.03276674 -0.112262227 0.7157499
v -0.0346489847 -0.108634159 0.7036696
v -0.03465 -0.108968906 0.7157499
v -0.037989527 -0.108722381 0.7157499
v -0.032931298 -0.110558659 0.7037459
v -0.03276674 -0.112262227 0.7157499
v -0.03465 -0.108968906 0.7157499
v -0.032816343 -0.113125488 0.7037459
v -0.0343678 -0.115185618 0.7037008
v -0.03276674 -0.112262227 0.7157499
v -0.03688611 -0.115724653 0.703745961
v -0.03465 -0.115031093 0.7157499
v -0.0391665436 -0.114540786 0.703745961
v -0.0384437442 -0.115015365 0.7157499
v -0.0343678 -0.115185618 0.7037008
v -0.03465 -0.115031093 0.7157499
v -0.03276674 -0.112262227 0.7157499
v -0.03688611 -0.115724653 0.703745961
v -0.0384437442 -0.115015365 0.7157499
v -0.03465 -0.115031093 0.7157499
v -0.0620616935 -0.14298889 0.70364666
v -0.064514026 -0.143756777 0.70371455
v -0.0613846257 -0.14204374 0.7157499
v -0.064514026 -0.143756777 0.70371455
v -0.06588906 -0.143324465 0.7157499
v -0.0613846257 -0.14204374 0.7157499
v -0.064514026 -0.143756777 0.70371455
v -0.06690217 -0.142804548 0.70371455
v -0.06588906 -0.143324465 0.7157499
v -0.06690217 -0.142804548 0.70371455
v -0.06808328 -0.140549049 0.703779042
v -0.06588906 -0.143324465 0.7157499
v -0.06759644 -0.138022855 0.70371455
v -0.06784683 -0.140607759 0.7157499
v -0.06558031 -0.136468023 0.703779042
v -0.0665345341 -0.1370482 0.7157499
v -0.06808328 -0.140549049 0.703779042
v -0.06784683 -0.140607759 0.7157499
v -0.06588906 -0.143324465 0.7157499
v -0.06759644 -0.138022855 0.70371455
v -0.0665345341 -0.1370482 0.7157499
v -0.06784683 -0.140607759 0.7157499
v -0.06558031 -0.136468023 0.703779042
v -0.06299175 -0.136492 0.7036742
v -0.0665345341 -0.1370482 0.7157499
v -0.06299175 -0.136492 0.7036742
v -0.06186369 -0.137385324 0.7157499
v -0.0665345341 -0.1370482 0.7157499
v -0.06299175 -0.136492 0.7036742
v -0.0610663258 -0.138217911 0.7036742
v -0.06186369 -0.137385324 0.7157499
v -0.0607510656 -0.140743822 0.703779042
v -0.0620616935 -0.14298889 0.70364666
v -0.0613846257 -0.14204374 0.7157499
v -0.0533732 -0.118935309 0.7035
v -0.05446182 -0.122764073 0.7035
v -0.0532207265 -0.119354218 0.7157499
v -0.05446182 -0.122764073 0.7035
v -0.0548478961 -0.12298698 0.7157499
v -0.0532207265 -0.119354218 0.7157499
v -0.05446182 -0.122764073 0.7035
v -0.05842147 -0.122356854 0.7035
v -0.0548478961 -0.12298698 0.7157499
v -0.05842147 -0.122356854 0.7035
v -0.0587080233 -0.12201535 0.7157499
v -0.0548478961 -0.12298698 0.7157499
v -0.05842147 -0.122356854 0.7035
v -0.058708027 -0.118386671 0.7035
v -0.0587080233 -0.12201535 0.7157499
v -0.058708027 -0.118386671 0.7035
v -0.05842147 -0.118045166 0.7157499
v -0.0587080233 -0.12201535 0.7157499
v -0.058708027 -0.118386671 0.7035
v -0.0556823835 -0.1172712 0.7035
v -0.05842147 -0.118045166 0.7157499
v -0.0556823835 -0.1172712 0.7035
v -0.0556823835 -0.1172712 0.7157499
v -0.05842147 -0.118045166 0.7157499
v -0.0556823835 -0.1172712 0.7035
v -0.0533732 -0.118935309 0.7035
v -0.0556823835 -0.1172712 0.7157499
v -0.0533732 -0.118935309 0.7035
v -0.0532207265 -0.119354218 0.7157499
v -0.0556823835 -0.1172712 0.7157499
v -0.05898496 -0.1584479 0.7035
v -0.05619899 -0.156823978 0.7035
v -0.0587620661 -0.158061832 0.7157499
v -0.05619899 -0.156823978 0.7035
v -0.05619899 -0.156823978 0.7157499
v -0.0587620661 -0.158061832 0.7157499
v -0.05619899 -0.156823978 0.7035
v -0.0536359139 -0.158061832 0.7035
v -0.05619899 -0.156823978 0.7157499
v -0.0536359139 -0.158061832 0.7035
v -0.05341302 -0.1584479 0.7157499
v -0.05619899 -0.156823978 0.7157499
v -0.0536359139 -0.158061832 0.7035
v -0.0540431328 -0.162021458 0.7035
v -0.05341302 -0.1584479 0.7157499
v -0.0540431328 -0.162021458 0.7035
v -0.0543846339 -0.162308022 0.7157499
v -0.05341302 -0.1584479 0.7157499
v -0.0540431328 -0.162021458 0.7035
v -0.058013346 -0.162308007 0.7035
v -0.0543846339 -0.162308022 0.7157499
v -0.058013346 -0.162308007 0.7035
v -0.0583548471 -0.162021458 0.7157499
v -0.0543846339 -0.162308022 0.7157499
v -0.058013346 -0.162308007 0.7035
v -0.05898496 -0.1584479 0.7035
v -0.0583548471 -0.162021458 0.7157499
v -0.05898496 -0.1584479 0.7035
v -0.0587620661 -0.158061832 0.7157499
v -0.0583548471 -0.162021458 0.7157499
v -0.0194268022 -0.1610647 0.7035
v -0.018879991 -0.1578867 0.7035
v -0.0195792746 -0.160645783 0.7157499
v -0.018879991 -0.1578867 0.7035
v -0.017952105 -0.157013014 0.7157499
v -0.0195792746 -0.160645783 0.7157499
v -0.018879991 -0.1578867 0.7035
v -0.0162842721 -0.15671894 0.7035
v -0.017952105 -0.157013014 0.7157499
v -0.0162842721 -0.15671894 0.7035
v -0.0151135121 -0.157222569 0.7157499
v -0.017952105 -0.157013014 0.7157499
v -0.0162842721 -0.15671894 0.7035
v -0.0135127436 -0.159576088 0.7035
v -0.0151135121 -0.157222569 0.7157499
v -0.0135127436 -0.159576088 0.7035
v -0.0135127436 -0.160021886 0.7157499
v -0.0151135121 -0.157222569 0.7157499
v -0.0135127436 -0.159576088 0.7035
v -0.0158452336 -0.162801638 0.7035
v -0.0135127436 -0.160021886 0.7157499
v -0.0158452336 -0.162801638 0.7035
v -0.01628426 -0.16287905 0.7157499
v -0.0135127436 -0.160021886 0.7157499
v -0.0158452336 -0.162801638 0.7035
v -0.0194268022 -0.1610647 0.7035
v -0.01628426 -0.16287905 0.7157499
v -0.0194268022 -0.1610647 0.7035
v -0.0195792746 -0.160645783 0.7157499
v -0.01628426 -0.16287905 0.7157499
v -0.0138150351 -0.121552095 0.7035
v -0.01660101 -0.123176008 0.7035
v -0.0140379341 -0.121938169 0.7157499
v -0.01660101 -0.123176008 0.7035
v -0.01660101 -0.123176008 0.7157499
v -0.0140379341 -0.121938169 0.7157499
v -0.01660101 -0.123176008 0.7035
v -0.0191640835 -0.121938169 0.7035
v -0.01660101 -0.123176008 0.7157499
v -0.0191640835 -0.121938169 0.7035
v -0.0193869844 -0.121552095 0.7157499
v -0.01660101 -0.123176008 0.7157499
v -0.0191640835 -0.121938169 0.7035
v -0.01875687 -0.117978528 0.7035
v -0.0193869844 -0.121552095 0.7157499
v -0.01875687 -0.117978528 0.7035
v -0.018415371 -0.117691986 0.7157499
v -0.0193869844 -0.121552095 0.7157499
v -0.01875687 -0.117978528 0.7035
v -0.0147866514 -0.117691986 0.7035
v -0.018415371 -0.117691986 0.7157499
v -0.0147866514 -0.117691986 0.7035
v -0.0144451512 -0.117978543 0.7157499
v -0.018415371 -0.117691986 0.7157499
v -0.0147866514 -0.117691986 0.7035
v -0.0138150351 -0.121552095 0.7035
v -0.0144451512 -0.117978543 0.7157499
v -0.0138150351 -0.121552095 0.7035
v -0.0140379341 -0.121938169 0.7157499
v -0.0144451512 -0.117978543 0.7157499
v -0.025073763 -0.131771 0.7035
v -0.0224000011 -0.139999986 0.7035
v -0.02348936 -0.135365531 0.6970857
v -0.02348936 -0.135365531 0.6970857
v -0.0281710066 -0.128673747 0.697899938
v -0.0320737623 -0.1266852 0.7035
v -0.0281710066 -0.128673747 0.697899938
v -0.0320737623 -0.1266852 0.7035
v -0.0364 -0.125999987 0.697899938
v -0.040726237 -0.1266852 0.7035
v -0.0364 -0.125999987 0.697899938
v -0.040726237 -0.1266852 0.7035
v -0.0446289927 -0.128673747 0.697899938
v -0.04772624 -0.131771 0.7035
v -0.0446289927 -0.128673747 0.697899938
v -0.04931064 -0.135365531 0.6970857
v -0.0504 -0.139999986 0.7035
v -0.04931064 -0.135365531 0.6970857
v -0.0495192669 -0.143885076 0.6971154
v -0.04772624 -0.148228988 0.7035
v -0.0495192669 -0.143885076 0.6971154
v -0.04772624 -0.148228988 0.7035
v -0.0446340963 -0.15088889 0.697149754
v -0.040726237 -0.153314784 0.7035
v -0.0446340963 -0.15088889 0.697149754
v -0.040726237 -0.153314784 0.7035
v -0.0364 -0.15364401 0.6971697
v -0.0320737623 -0.153314784 0.7035
v -0.0364 -0.15364401 0.6971697
v -0.0320737623 -0.153314784 0.7035
v -0.0281659067 -0.15088889 0.697149754
v -0.025073763 -0.148228988 0.7035
v -0.0281659067 -0.15088889 0.697149754
v -0.025073763 -0.148228988 0.7035
v -0.0232807323 -0.143885076 0.6971154
v -0.0224000011 -0.139999986 0.7035
v -0.0232807323 -0.143885076 0.6971154
v -0.02348936 -0.135365531 0.6970857
v -0.0446289927 -0.128673747 0.697899938
v -0.040829163 -0.127830982 0.69685
v -0.04931064 -0.135365531 0.6970857
v -0.0446289927 -0.128673747 0.697899938
v -0.0364 -0.125999987 0.697899938
v -0.040829163 -0.127830982 0.69685
v -0.0364 -0.125999987 0.697899938
v -0.0319708362 -0.127830982 0.69685
v -0.040829163 -0.127830982 0.69685
v -0.0364 -0.125999987 0.697899938
v -0.0281710066 -0.128673747 0.697899938
v -0.0319708362 -0.127830982 0.69685
v -0.0281710066 -0.128673747 0.697899938
v -0.02348936 -0.135365531 0.6970857
v -0.0319708362 -0.127830982 0.69685
v -0.0364 -0.15364401 0.6971697
v -0.0406 -0.1472746 0.69685
v -0.0349413529 -0.14827238 0.69685
v -0.0364 -0.15364401 0.6971697
v -0.0446340963 -0.15088889 0.697149754
v -0.0406 -0.1472746 0.69685
v -0.0446340963 -0.15088889 0.697149754
v -0.04429342 -0.142872959 0.69685
v -0.0406 -0.1472746 0.69685
v -0.02348936 -0.135365531 0.6970857
v -0.0232807323 -0.143885076 0.6971154
v -0.028 -0.139999986 0.69685
v 0.057225 -0.13737911 0.5758477
v 0.0449750051 -0.142620876 0.5758477
v 0.0449750051 -0.137366459 0.5761092
v 0.057225 -0.13737911 0.5758477
v 0.057225 -0.142633528 0.5761092
v 0.0449750051 -0.142620876 0.5758477
v 0.0449750051 -0.142620876 0.5758477
v 0.0451446436 -0.141751021 0.5802592
v 0.04517579 -0.139179915 0.579936445
v 0.045220945 -0.137017414 0.5813416
v 0.0449750051 -0.136304587 0.576167166
v 0.045220945 -0.137017414 0.5813416
v 0.0449749976 -0.123412617 0.579815
v 0.0449750051 -0.136304587 0.576167166
v 0.0449750051 -0.137366459 0.5761092
v 0.04517579 -0.139179915 0.579936445
v 0.0449750051 -0.142620876 0.5758477
v 0.0451446436 -0.141751021 0.5802592
v 0.0449750051 -0.143715248 0.57617
v 0.0449749976 -0.123412617 0.579815
v 0.0449749976 -0.120717607 0.5888962
v 0.0449750051 -0.117691994 0.5900116
v 0.0449749976 -0.112842754 0.5881836
v 0.0449750051 -0.117691994 0.5900116
v 0.0449750051 -0.117978543 0.5939819
v 0.0449749976 -0.104159705 0.6132027
v 0.0449749976 -0.106108092 0.5998626
v 0.0451895222 -0.108803555 0.6096478
v 0.0449749976 -0.106108092 0.5998626
v 0.04525401 -0.11081969 0.6080931
v 0.0451895222 -0.108803555 0.6096478
v 0.0449749976 -0.106108092 0.5998626
v 0.0451492257 -0.113408208 0.608117
v 0.04525401 -0.11081969 0.6080931
v 0.0449749976 -0.104159705 0.6132027
v 0.0451895222 -0.108803555 0.6096478
v 0.0452540144 -0.108316727 0.612174034
v 0.0449749976 -0.115007617 0.637362063
v 0.0449749976 -0.107272759 0.62632
v 0.0449750051 -0.11719837 0.632179737
v 0.0449749976 -0.126271963 0.6447695
v 0.0449750051 -0.120423876 0.6345123
v 0.0449749976 -0.115007617 0.637362063
v 0.0449750051 -0.11719837 0.632179737
v 0.0449750051 -0.139440343 0.647226632
v 0.04515099 -0.137716159 0.642709434
v 0.0451918021 -0.140247121 0.6434324
v 0.0449750051 -0.140542433 0.6472284
v 0.0449749976 -0.126271963 0.6447695
v 0.0451918021 -0.136293367 0.6405296
v 0.0449749976 -0.122777425 0.632911444
v 0.0451231226 -0.136556834 0.637895167
v 0.0451918021 -0.136293367 0.6405296
v 0.0449750051 -0.1227641 0.629686832
v 0.0449750051 -0.137275055 0.630196631
v 0.0449749976 -0.135673761 0.6249398
v 0.0449749976 -0.128673747 0.619854
v 0.0449750051 -0.118935339 0.6285982
v 0.04512169 -0.1143383 0.6146139
v 0.0449749976 -0.125999987 0.611624956
v 0.0452540219 -0.11564891 0.6123688
v 0.0451492444 -0.115333654 0.609842956
v 0.0451895148 -0.111885965 0.615381837
v 0.04512169 -0.1143383 0.6146139
v 0.0449750051 -0.118935339 0.6285982
v 0.04515099 -0.137716159 0.642709434
v 0.0451918021 -0.140247121 0.6434324
v 0.0449750051 -0.139440343 0.647226632
v 0.0449749976 -0.164992377 0.637362063
v 0.0449749976 -0.153728023 0.6447695
v 0.0449750051 -0.160554752 0.6344266
v 0.0449749976 -0.172727227 0.62632
v 0.0449750051 -0.16288726 0.6312011
v 0.0449750051 -0.160115764 0.62834394
v 0.045182392 -0.168625787 0.6154387
v 0.0449749976 -0.151326239 0.619854
v 0.0451166555 -0.165986612 0.614966154
v 0.0449749976 -0.154 0.611624956
v 0.0449750051 -0.160115764 0.62834394
v 0.0449750051 -0.156820729 0.630577266
v 0.0449749976 -0.144326225 0.6249398
v 0.0449750051 -0.142493337 0.6288832
v 0.0449750051 -0.156820729 0.630577266
v 0.04512312 -0.143219665 0.637508
v 0.0449749976 -0.157520011 0.633336246
v 0.0451918021 -0.14379245 0.6400428
v 0.0449749976 -0.153728023 0.6447695
v 0.0449749976 -0.157520011 0.633336246
v 0.0449750051 -0.160554752 0.6344266
v 0.0451918021 -0.14379245 0.6400428
v 0.0451509953 -0.142640933 0.642409742
v 0.0449749976 -0.153728023 0.6447695
v 0.0449749976 -0.157520011 0.633336246
v 0.0449750051 -0.140542433 0.6472284
v 0.0451918021 -0.140247121 0.6434324
v 0.0449750051 -0.142493337 0.6288832
v 0.0451937579 -0.140455842 0.627414942
v 0.0449749976 -0.144326225 0.6249398
v 0.0451937579 -0.140455842 0.627414942
v 0.0449749976 -0.135673761 0.6249398
v 0.0449749976 -0.144326225 0.6249398
v 0.0451937579 -0.140455842 0.627414942
v 0.0454125069 -0.138687491 0.6277266
v 0.0449749976 -0.135673761 0.6249398
v 0.0454125069 -0.138687491 0.6277266
v 0.0449750051 -0.137275055 0.630196631
v 0.0449749976 -0.135673761 0.6249398
v 0.0449749976 -0.164992377 0.637362063
v 0.0449750051 -0.160554752 0.6344266
v 0.0449750051 -0.16288726 0.6312011
v 0.0449749976 -0.172727227 0.62632
v 0.045182392 -0.168625787 0.6154387
v 0.045182392 -0.170930743 0.6141442
v 0.0449750051 -0.160115764 0.62834394
v 0.0451166555 -0.165986612 0.614966154
v 0.045182392 -0.168625787 0.6154387
v 0.0449749976 -0.1738919 0.5998626
v 0.0449749976 -0.175840288 0.6132027
v 0.0451823957 -0.170989856 0.6091762
v 0.0449749976 -0.175840288 0.6132027
v 0.0452450551 -0.171830282 0.6116451
v 0.0451823957 -0.170989856 0.6091762
v 0.0449749976 -0.1738919 0.5998626
v 0.0449750051 -0.161064669 0.5946518
v 0.0449750051 -0.162801638 0.591070235
v 0.0449750051 -0.158406541 0.6013207
v 0.0451937579 -0.156369045 0.599852443
v 0.0449750051 -0.161064669 0.5946518
v 0.0451937579 -0.156369045 0.599852443
v 0.045266673 -0.154600739 0.6001641
v 0.0449750051 -0.1572359 0.593563139
v 0.045266673 -0.154600739 0.6001641
v 0.0449749976 -0.144326225 0.5983102
v 0.0449750051 -0.1572359 0.593563139
v 0.0451937579 -0.156369045 0.599852443
v 0.0449750051 -0.161064669 0.5946518
v 0.0449749976 -0.1738919 0.5998626
v 0.0449750051 -0.158406541 0.6013207
v 0.0449749976 -0.167157233 0.5881836
v 0.0449750051 -0.162801638 0.591070235
v 0.0449750051 -0.1595761 0.5887377
v 0.0449749976 -0.156587377 0.579815
v 0.0449750051 -0.158406541 0.6013207
v 0.0451433323 -0.166110948 0.608228862
v 0.0449749976 -0.157924086 0.6041248
v 0.0451433435 -0.1643699 0.6102377
v 0.0449749976 -0.154 0.611624956
v 0.0452450551 -0.164393827 0.6129161
v 0.0449749976 -0.144326225 0.5983102
v 0.04522095 -0.13951391 0.587349653
v 0.04517579 -0.1420322 0.586810648
v 0.0452209376 -0.143468678 0.5821836
v 0.0451446436 -0.141751021 0.5802592
v 0.0449750051 -0.143715248 0.57617
v 0.0449749976 -0.154 0.611624956
v 0.0452450551 -0.164393827 0.6129161
v 0.0451166555 -0.165986612 0.614966154
v 0.04512169 -0.1143383 0.6146139
v 0.0452540219 -0.11564891 0.6123688
v 0.0449749976 -0.125999987 0.611624956
v 0.0451492444 -0.115333654 0.609842956
v 0.0453250073 -0.122774318 0.6047108
v 0.045266673 -0.124542631 0.6050226
v 0.0451492444 -0.115333654 0.609842956
v 0.0449750051 -0.121361837 0.602634132
v 0.0453250073 -0.122774318 0.6047108
v 0.0449749976 -0.125999987 0.611624956
v 0.045266673 -0.124542631 0.6050226
v 0.0449750051 -0.126714647 0.6031847
v 0.0449749976 -0.135673761 0.5983102
v 0.045220945 -0.137233466 0.586165845
v 0.04522095 -0.13951391 0.587349653
v 0.045266673 -0.154600739 0.6001641
v 0.0449750051 -0.153188288 0.602634132
v 0.0449749976 -0.144326225 0.5983102
v 0.0449750051 -0.153188288 0.602634132
v 0.0449749976 -0.151326239 0.603396
v 0.0449749976 -0.144326225 0.5983102
v 0.0449749976 -0.135673761 0.5983102
v 0.04522095 -0.13951391 0.587349653
v 0.04517579 -0.1420322 0.586810648
v 0.0449750051 -0.1572359 0.593563139
v 0.0449749976 -0.157222569 0.5903385
v 0.045220945 -0.14358364 0.584750533
v 0.045220945 -0.14358364 0.584750533
v 0.0449749976 -0.156587377 0.579815
v 0.0452209376 -0.143468678 0.5821836
v 0.0449750051 -0.143715248 0.57617
v 0.0449749976 -0.128673747 0.603396
v 0.0449749976 -0.126097649 0.6007502
v 0.0449750051 -0.1230268 0.5905604
v 0.045220945 -0.137233466 0.586165845
v 0.04517579 -0.1362251 0.58379215
v 0.0449749976 -0.125999987 0.611624956
v 0.0449750051 -0.126714647 0.6031847
v 0.0449749976 -0.126097649 0.6007502
v 0.0449749976 -0.123412617 0.579815
v 0.0449749976 -0.120717607 0.5888962
v 0.04517579 -0.1362251 0.58379215
v 0.045220945 -0.137017414 0.5813416
v 0.0449749976 -0.112842754 0.5881836
v 0.0449750051 -0.117691994 0.5900116
v 0.0449749976 -0.106108092 0.5998626
v 0.0449750051 -0.117978543 0.5939819
v 0.0449750051 -0.121361837 0.602634132
v 0.0451492257 -0.113408208 0.608117
v 0.0449750051 -0.121361837 0.602634132
v 0.0451492444 -0.115333654 0.609842956
v 0.0449750051 -0.153188288 0.602634132
v 0.0453250073 -0.154600754 0.6047108
v 0.0449749976 -0.151326239 0.603396
v 0.0453250073 -0.154600754 0.6047108
v 0.0449749976 -0.154 0.611624956
v 0.0449749976 -0.151326239 0.603396
v 0.0453250073 -0.154600754 0.6047108
v 0.0451937579 -0.156369045 0.6050226
v 0.0449749976 -0.154 0.611624956
v 0.0451937579 -0.156369045 0.6050226
v 0.0451433435 -0.1643699 0.6102377
v 0.0449749976 -0.154 0.611624956
v 0.0451937579 -0.156369045 0.6050226
v 0.0449749976 -0.157924086 0.6041248
v 0.0451433435 -0.1643699 0.6102377
v 0.0449749976 -0.157222569 0.5903385
v 0.0449749976 -0.156587377 0.579815
v 0.0449750051 -0.1595761 0.5887377
v 0.0449749976 -0.122777425 0.632911444
v 0.0449749976 -0.126271963 0.6447695
v 0.0449750051 -0.120423876 0.6345123
v 0.0449749976 -0.126097649 0.6007502
v 0.0449750051 -0.121938139 0.594389141
v 0.0449750051 -0.1230268 0.5905604
v 0.0449749976 -0.126097649 0.6007502
v 0.045266673 -0.124542631 0.599852443
v 0.0449750051 -0.121938139 0.594389141
v 0.0449750051 -0.117978543 0.5939819
v 0.045266673 -0.122774288 0.6001641
v 0.0449750051 -0.121361837 0.602634132
v 0.0451433323 -0.166110948 0.608228862
v 0.0449749976 -0.1738919 0.5998626
v 0.04524505 -0.168684855 0.6078564
v 0.0449749976 -0.1738919 0.5998626
v 0.0451823957 -0.170989856 0.6091762
v 0.04524505 -0.168684855 0.6078564
v 0.0449750051 -0.137275055 0.630196631
v 0.0453250073 -0.138687521 0.6322734
v 0.0451231226 -0.136556834 0.637895167
v 0.0453250073 -0.138687521 0.6322734
v 0.04519179 -0.1384656 0.636131763
v 0.0451231226 -0.136556834 0.637895167
v 0.0453250073 -0.138687521 0.6322734
v 0.0451937579 -0.140455842 0.632585049
v 0.04519179 -0.1384656 0.636131763
v 0.0451937579 -0.140455842 0.632585049
v 0.0451918021 -0.141070023 0.6359627
v 0.04519179 -0.1384656 0.636131763
v 0.0451937579 -0.140455842 0.632585049
v 0.0449749976 -0.142010853 0.6316873
v 0.0451918021 -0.141070023 0.6359627
v 0.0449749976 -0.142010853 0.6316873
v 0.04512312 -0.143219665 0.637508
v 0.0451918021 -0.141070023 0.6359627
v 0.0449749976 -0.142010853 0.6316873
v 0.0449750051 -0.142493337 0.6288832
v 0.04512312 -0.143219665 0.637508
v 0.057225 -0.139392227 0.580178142
v 0.057225 -0.142951816 0.581490457
v 0.057225 -0.142633528 0.5761092
v 0.057225 -0.156587377 0.579815
v 0.057225 -0.157222569 0.5903385
v 0.057225 -0.160021886 0.5887377
v 0.057225 -0.175840288 0.6132027
v 0.057225 -0.1738919 0.5998626
v 0.057225 -0.169489011 0.6083005
v 0.057225 -0.160645753 0.5948043
v 0.057225 -0.157013 0.5931771
v 0.057225 -0.164984629 0.609581232
v 0.057225 -0.164992377 0.637362063
v 0.057225 -0.162887245 0.631646931
v 0.057225 -0.160115719 0.634504
v 0.057225 -0.153728023 0.6447695
v 0.057225 -0.164992377 0.637362063
v 0.057225 -0.172727227 0.62632
v 0.057225 -0.162887245 0.631646931
v 0.057225 -0.160554752 0.6284213
v 0.057225 -0.1654637 0.6142397
v 0.057225 -0.170134515 0.6145768
v 0.057225 -0.157520011 0.633336246
v 0.057225 -0.1435 0.639625
v 0.057225 -0.141589567 0.6429026
v 0.057225 -0.140559644 0.647226632
v 0.057225 -0.139457554 0.6472284
v 0.057225 -0.1370482 0.6417596
v 0.057225 -0.126271963 0.6447695
v 0.057225 -0.137385324 0.637088656
v 0.057225 -0.142043784 0.6366097
v 0.057225 -0.1435 0.639625
v 0.057225 -0.156973183 0.6301583
v 0.057225 -0.164984629 0.609581232
v 0.057225 -0.122986987 0.630072951
v 0.057225 -0.137385324 0.637088656
v 0.057225 -0.122777425 0.632911444
v 0.057225 -0.11501538 0.6136687
v 0.057225 -0.157013 0.5931771
v 0.057225 -0.137956247 0.586640358
v 0.057225 -0.142614678 0.5861613
v 0.057225 -0.157222569 0.5903385
v 0.057225 -0.122479983 0.593738258
v 0.057225 -0.123179264 0.5909793
v 0.057225 -0.137956247 0.586640358
v 0.057225 -0.136675552 0.5821359
v 0.057225 -0.119978137 0.6345123
v 0.057225 -0.115007617 0.637362063
v 0.057225 -0.117120951 0.6317407
v 0.057225 -0.160645753 0.5948043
v 0.057225 -0.169489011 0.6083005
v 0.057225 -0.1738919 0.5998626
v 0.057225 -0.1738919 0.5998626
v 0.057225 -0.16287905 0.591509342
v 0.057225 -0.119354241 0.6284457
v 0.057225 -0.110510975 0.614949465
v 0.057225 -0.107272759 0.62632
v 0.057225 -0.117120951 0.6317407
v 0.057225 -0.110510975 0.614949465
v 0.057225 -0.104159705 0.6132027
v 0.057225 -0.108467467 0.6107359
v 0.057225 -0.106108092 0.5998626
v 0.057225 -0.104159705 0.6132027
v 0.057225 -0.112262227 0.6079917
v 0.057225 -0.119445249 0.594828665
v 0.057225 -0.117405422 0.5928435
v 0.057225 -0.112842754 0.5881836
v 0.057225 -0.122777425 0.632911444
v 0.057225 -0.119978137 0.6345123
v 0.057225 -0.126271963 0.6447695
v 0.057225 -0.108467467 0.6107359
v 0.057225 -0.112262227 0.6079917
v 0.057225 -0.106108092 0.5998626
v 0.057225 -0.119445249 0.594828665
v 0.057225 -0.117405422 0.5928435
v 0.057225 -0.106108092 0.5998626
v 0.057225 -0.117978543 0.5896702
v 0.057225 -0.120717607 0.5888962
v 0.057225 -0.123412617 0.579815
v 0.057225 -0.136284754 0.57617
v 0.057225 -0.136675552 0.5821359
v 0.057225 -0.13737911 0.5758477
v 0.057225 -0.156973183 0.6301583
v 0.057225 -0.1654637 0.6142397
v 0.057225 -0.164984629 0.609581232
v 0.057225 -0.160115719 0.634504
v 0.057225 -0.157520011 0.633336246
v 0.057225 -0.153728023 0.6447695
v 0.057225 -0.1654637 0.6142397
v 0.057225 -0.156973183 0.6301583
v 0.057225 -0.160554752 0.6284213
v 0.057225 -0.119354241 0.6284457
v 0.057225 -0.122986987 0.630072951
v 0.057225 -0.11501538 0.6136687
v 0.057225 -0.112262227 0.6079917
v 0.057225 -0.115031093 0.609874964
v 0.057225 -0.119445249 0.594828665
v 0.057225 -0.11501538 0.6136687
v 0.057225 -0.122479983 0.593738258
v 0.057225 -0.115031093 0.609874964
v 0.057225 -0.122479983 0.593738258
v 0.057225 -0.119445249 0.594828665
v 0.057225 -0.17144683 0.6110172
v 0.057225 -0.175840288 0.6132027
v 0.057225 -0.169489011 0.6083005
v 0.04512312 -0.143219665 0.637508
v 0.0451918021 -0.14379245 0.6400428
v 0.057225 -0.142043784 0.6366097
v 0.0451918021 -0.14379245 0.6400428
v 0.057225 -0.1435 0.639625
v 0.057225 -0.142043784 0.6366097
v 0.0451918021 -0.14379245 0.6400428
v 0.0451509953 -0.142640933 0.642409742
v 0.057225 -0.1435 0.639625
v 0.0451918021 -0.140247121 0.6434324
v 0.057225 -0.141589567 0.6429026
v 0.0451509953 -0.142640933 0.642409742
v 0.057225 -0.141589567 0.6429026
v 0.057225 -0.1435 0.639625
v 0.04515099 -0.137716159 0.642709434
v 0.0451918021 -0.136293367 0.6405296
v 0.057225 -0.1370482 0.6417596
v 0.0451231226 -0.136556834 0.637895167
v 0.04519179 -0.1384656 0.636131763
v 0.057225 -0.137385324 0.637088656
v 0.0451918021 -0.141070023 0.6359627
v 0.04512312 -0.143219665 0.637508
v 0.057225 -0.142043784 0.6366097
v 0.0451918021 -0.141070023 0.6359627
v 0.057225 -0.137385324 0.637088656
v 0.04519179 -0.1384656 0.636131763
v 0.0451433323 -0.166110948 0.608228862
v 0.04524505 -0.168684855 0.6078564
v 0.057225 -0.164984629 0.609581232
v 0.04524505 -0.168684855 0.6078564
v 0.057225 -0.169489011 0.6083005
v 0.057225 -0.164984629 0.609581232
v 0.04524505 -0.168684855 0.6078564
v 0.0451823957 -0.170989856 0.6091762
v 0.057225 -0.169489011 0.6083005
v 0.0451823957 -0.170989856 0.6091762
v 0.0452450551 -0.171830282 0.6116451
v 0.057225 -0.169489011 0.6083005
v 0.0452450551 -0.171830282 0.6116451
v 0.057225 -0.17144683 0.6110172
v 0.057225 -0.169489011 0.6083005
v 0.045182392 -0.170930743 0.6141442
v 0.045182392 -0.168625787 0.6154387
v 0.057225 -0.170134515 0.6145768
v 0.045182392 -0.170930743 0.6141442
v 0.057225 -0.17144683 0.6110172
v 0.0452450551 -0.171830282 0.6116451
v 0.045182392 -0.168625787 0.6154387
v 0.0451166555 -0.165986612 0.614966154
v 0.057225 -0.170134515 0.6145768
v 0.0451166555 -0.165986612 0.614966154
v 0.057225 -0.1654637 0.6142397
v 0.057225 -0.170134515 0.6145768
v 0.0451166555 -0.165986612 0.614966154
v 0.0452450551 -0.164393827 0.6129161
v 0.057225 -0.1654637 0.6142397
v 0.0452450551 -0.164393827 0.6129161
v 0.0451433435 -0.1643699 0.6102377
v 0.057225 -0.1654637 0.6142397
v 0.0451433435 -0.1643699 0.6102377
v 0.057225 -0.164984629 0.609581232
v 0.057225 -0.1654637 0.6142397
v 0.0451433435 -0.1643699 0.6102377
v 0.0451433323 -0.166110948 0.608228862
v 0.057225 -0.164984629 0.609581232
v 0.045220945 -0.137233466 0.586165845
v 0.04517579 -0.1362251 0.58379215
v 0.057225 -0.137956247 0.586640358
v 0.04517579 -0.1362251 0.58379215
v 0.057225 -0.136675552 0.5821359
v 0.057225 -0.137956247 0.586640358
v 0.04517579 -0.1362251 0.58379215
v 0.045220945 -0.137017414 0.5813416
v 0.057225 -0.136675552 0.5821359
v 0.04517579 -0.139179915 0.579936445
v 0.057225 -0.136675552 0.5821359
v 0.0451446436 -0.141751021 0.5802592
v 0.057225 -0.139392227 0.580178142
v 0.0452209376 -0.143468678 0.5821836
v 0.057225 -0.142951816 0.581490457
v 0.045220945 -0.14358364 0.584750533
v 0.057225 -0.142951816 0.581490457
v 0.04517579 -0.1420322 0.586810648
v 0.057225 -0.142614678 0.5861613
v 0.04517579 -0.139179915 0.579936445
v 0.057225 -0.139392227 0.580178142
v 0.057225 -0.136675552 0.5821359
v 0.0451446436 -0.141751021 0.5802592
v 0.057225 -0.142951816 0.581490457
v 0.057225 -0.139392227 0.580178142
v 0.045220945 -0.14358364 0.584750533
v 0.057225 -0.142614678 0.5861613
v 0.057225 -0.142951816 0.581490457
v 0.04517579 -0.1420322 0.586810648
v 0.04522095 -0.13951391 0.587349653
v 0.057225 -0.142614678 0.5861613
v 0.04522095 -0.13951391 0.587349653
v 0.057225 -0.137956247 0.586640358
v 0.057225 -0.142614678 0.5861613
v 0.04522095 -0.13951391 0.587349653
v 0.045220945 -0.137233466 0.586165845
v 0.057225 -0.137956247 0.586640358
v 0.04512169 -0.1143383 0.6146139
v 0.0451895148 -0.111885965 0.615381837
v 0.057225 -0.11501538 0.6136687
v 0.0451895148 -0.111885965 0.615381837
v 0.057225 -0.110510975 0.614949465
v 0.057225 -0.11501538 0.6136687
v 0.0451895148 -0.111885965 0.615381837
v 0.0451895222 -0.109497875 0.6144296
v 0.057225 -0.110510975 0.614949465
v 0.0452540144 -0.108316727 0.612174034
v 0.0451895222 -0.108803555 0.6096478
v 0.057225 -0.108467467 0.6107359
v 0.04525401 -0.11081969 0.6080931
v 0.0451492257 -0.113408208 0.608117
v 0.057225 -0.112262227 0.6079917
v 0.0451492257 -0.113408208 0.608117
v 0.0451492444 -0.115333654 0.609842956
v 0.057225 -0.112262227 0.6079917
v 0.0451492444 -0.115333654 0.609842956
v 0.057225 -0.115031093 0.609874964
v 0.057225 -0.112262227 0.6079917
v 0.0451492444 -0.115333654 0.609842956
v 0.0452540219 -0.11564891 0.6123688
v 0.057225 -0.115031093 0.609874964
v 0.0452540219 -0.11564891 0.6123688
v 0.057225 -0.11501538 0.6136687
v 0.057225 -0.115031093 0.609874964
v 0.0452540219 -0.11564891 0.6123688
v 0.04512169 -0.1143383 0.6146139
v 0.057225 -0.11501538 0.6136687
v 0.0449750051 -0.121938139 0.594389141
v 0.057225 -0.119445249 0.594828665
v 0.057225 -0.122479983 0.593738258
v 0.0449750051 -0.121938139 0.594389141
v 0.0449750051 -0.117978543 0.5939819
v 0.057225 -0.119445249 0.594828665
v 0.0449750051 -0.117978543 0.5939819
v 0.057225 -0.117405422 0.5928435
v 0.057225 -0.119445249 0.594828665
v 0.0449750051 -0.117978543 0.5939819
v 0.0449750051 -0.117691994 0.5900116
v 0.057225 -0.117405422 0.5928435
v 0.0449750051 -0.117691994 0.5900116
v 0.057225 -0.117978543 0.5896702
v 0.057225 -0.117405422 0.5928435
v 0.0449750051 -0.117691994 0.5900116
v 0.0449749976 -0.120717607 0.5888962
v 0.057225 -0.117978543 0.5896702
v 0.0449749976 -0.120717607 0.5888962
v 0.057225 -0.120717607 0.5888962
v 0.057225 -0.117978543 0.5896702
v 0.0449749976 -0.120717607 0.5888962
v 0.0449750051 -0.1230268 0.5905604
v 0.057225 -0.120717607 0.5888962
v 0.0449750051 -0.1230268 0.5905604
v 0.057225 -0.123179264 0.5909793
v 0.057225 -0.120717607 0.5888962
v 0.0449750051 -0.118935339 0.6285982
v 0.0449750051 -0.1227641 0.629686832
v 0.057225 -0.119354241 0.6284457
v 0.0449750051 -0.1227641 0.629686832
v 0.057225 -0.122986987 0.630072951
v 0.057225 -0.119354241 0.6284457
v 0.0449750051 -0.1227641 0.629686832
v 0.0449749976 -0.122777425 0.632911444
v 0.057225 -0.122986987 0.630072951
v 0.0449749976 -0.122777425 0.632911444
v 0.057225 -0.122777425 0.632911444
v 0.057225 -0.122986987 0.630072951
v 0.0449749976 -0.122777425 0.632911444
v 0.0449750051 -0.120423876 0.6345123
v 0.057225 -0.122777425 0.632911444
v 0.0449750051 -0.120423876 0.6345123
v 0.057225 -0.119978137 0.6345123
v 0.057225 -0.122777425 0.632911444
v 0.0449750051 -0.120423876 0.6345123
v 0.0449750051 -0.11719837 0.632179737
v 0.057225 -0.119978137 0.6345123
v 0.0449750051 -0.11719837 0.632179737
v 0.057225 -0.117120951 0.6317407
v 0.057225 -0.119978137 0.6345123
v 0.0449750051 -0.11719837 0.632179737
v 0.0449750051 -0.118935339 0.6285982
v 0.057225 -0.117120951 0.6317407
v 0.0449750051 -0.118935339 0.6285982
v 0.057225 -0.119354241 0.6284457
v 0.057225 -0.117120951 0.6317407
v 0.0449749976 -0.157520011 0.633336246
v 0.0449750051 -0.156820729 0.630577266
v 0.057225 -0.157520011 0.633336246
v 0.0449750051 -0.156820729 0.630577266
v 0.057225 -0.156973183 0.6301583
v 0.057225 -0.157520011 0.633336246
v 0.0449750051 -0.156820729 0.630577266
v 0.0449750051 -0.160115764 0.62834394
v 0.057225 -0.156973183 0.6301583
v 0.0449750051 -0.160115764 0.62834394
v 0.057225 -0.160554752 0.6284213
v 0.057225 -0.156973183 0.6301583
v 0.0449750051 -0.160115764 0.62834394
v 0.0449750051 -0.16288726 0.6312011
v 0.057225 -0.160554752 0.6284213
v 0.0449750051 -0.16288726 0.6312011
v 0.057225 -0.162887245 0.631646931
v 0.057225 -0.160554752 0.6284213
v 0.0449750051 -0.16288726 0.6312011
v 0.0449750051 -0.160554752 0.6344266
v 0.057225 -0.162887245 0.631646931
v 0.0449750051 -0.160554752 0.6344266
v 0.057225 -0.160115719 0.634504
v 0.057225 -0.162887245 0.631646931
v 0.0449750051 -0.160554752 0.6344266
v 0.0449749976 -0.157520011 0.633336246
v 0.057225 -0.160115719 0.634504
v 0.0449749976 -0.157520011 0.633336246
v 0.057225 -0.157520011 0.633336246
v 0.057225 -0.160115719 0.634504
v 0.0449750051 -0.161064669 0.5946518
v 0.0449750051 -0.1572359 0.593563139
v 0.057225 -0.160645753 0.5948043
v 0.0449750051 -0.1572359 0.593563139
v 0.057225 -0.157013 0.5931771
v 0.057225 -0.160645753 0.5948043
v 0.0449750051 -0.1572359 0.593563139
v 0.0449749976 -0.157222569 0.5903385
v 0.057225 -0.157013 0.5931771
v 0.0449749976 -0.157222569 0.5903385
v 0.057225 -0.157222569 0.5903385
v 0.057225 -0.157013 0.5931771
v 0.0449749976 -0.157222569 0.5903385
v 0.0449750051 -0.1595761 0.5887377
v 0.057225 -0.157222569 0.5903385
v 0.0449750051 -0.1595761 0.5887377
v 0.057225 -0.160021886 0.5887377
v 0.057225 -0.157222569 0.5903385
v 0.0449750051 -0.1595761 0.5887377
v 0.0449750051 -0.162801638 0.591070235
v 0.057225 -0.160021886 0.5887377
v 0.0449750051 -0.162801638 0.591070235
v 0.057225 -0.16287905 0.591509342
v 0.057225 -0.160021886 0.5887377
v 0.0449750051 -0.162801638 0.591070235
v 0.0449750051 -0.161064669 0.5946518
v 0.057225 -0.16287905 0.591509342
v 0.0449750051 -0.161064669 0.5946518
v 0.057225 -0.160645753 0.5948043
v 0.057225 -0.16287905 0.591509342
v 0.0449749976 -0.151326239 0.603396
v 0.0449749976 -0.154 0.611624956
v 0.0385606736 -0.15291062 0.606990457
v 0.0385606736 -0.15291062 0.606990457
v 0.0393750072 -0.148228988 0.600298762
v 0.0449749976 -0.144326225 0.5983102
v 0.0393750072 -0.148228988 0.600298762
v 0.0449749976 -0.144326225 0.5983102
v 0.0393750072 -0.139999986 0.597624958
v 0.0449749976 -0.135673761 0.5983102
v 0.0393750072 -0.139999986 0.597624958
v 0.0449749976 -0.135673761 0.5983102
v 0.0393750072 -0.131771 0.600298762
v 0.0449749976 -0.128673747 0.603396
v 0.0393750072 -0.131771 0.600298762
v 0.0385606773 -0.127089381 0.606990457
v 0.0449749976 -0.125999987 0.611624956
v 0.0385606773 -0.127089381 0.606990457
v 0.0385903828 -0.126880735 0.615510046
v 0.0449749976 -0.128673747 0.619854
v 0.0385903828 -0.126880735 0.615510046
v 0.0449749976 -0.128673747 0.619854
v 0.03862472 -0.131765842 0.622513831
v 0.0449749976 -0.135673761 0.6249398
v 0.03862472 -0.131765842 0.622513831
v 0.0449749976 -0.135673761 0.6249398
v 0.0386446938 -0.14000003 0.625269
v 0.0449749976 -0.144326225 0.6249398
v 0.0386446938 -0.14000003 0.625269
v 0.0449749976 -0.144326225 0.6249398
v 0.0386247262 -0.148234159 0.622513831
v 0.0449749976 -0.151326239 0.619854
v 0.0386247262 -0.148234159 0.622513831
v 0.0449749976 -0.151326239 0.619854
v 0.0385903828 -0.153119251 0.615510046
v 0.0449749976 -0.154 0.611624956
v 0.0385903828 -0.153119251 0.615510046
v 0.0385606736 -0.15291062 0.606990457
v 0.0393750072 -0.131771 0.600298762
v 0.0383249968 -0.135570824 0.599455953
v 0.0385606773 -0.127089381 0.606990457
v 0.0393750072 -0.131771 0.600298762
v 0.0393750072 -0.139999986 0.597624958
v 0.0383249968 -0.135570824 0.599455953
v 0.0393750072 -0.139999986 0.597624958
v 0.0383249968 -0.144429162 0.599455953
v 0.0383249968 -0.135570824 0.599455953
v 0.0393750072 -0.139999986 0.597624958
v 0.0393750072 -0.148228988 0.600298762
v 0.0383249968 -0.144429162 0.599455953
v 0.0393750072 -0.148228988 0.600298762
v 0.0385606736 -0.15291062 0.606990457
v 0.0383249968 -0.144429162 0.599455953
v 0.0386446938 -0.14000003 0.625269
v 0.0383249968 -0.135799989 0.6188996
v 0.0383249968 -0.141458631 0.619897366
v 0.0386446938 -0.14000003 0.625269
v 0.03862472 -0.131765842 0.622513831
v 0.0383249968 -0.135799989 0.6188996
v 0.03862472 -0.131765842 0.622513831
v 0.0383249968 -0.132106587 0.61449796
v 0.0383249968 -0.135799989 0.6188996
v 0.0385606736 -0.15291062 0.606990457
v 0.0385903828 -0.153119251 0.615510046
v 0.0383249968 -0.1484 0.611624956
v -0.03270459 -0.104542196 0.7157499
v -0.0198126286 -0.108190015 0.7157499
v -0.03268475 -0.104545042 0.7035
v -0.0198126286 -0.108190015 0.7035
v -0.009242762 -0.116558574 0.7035
v -0.009242762 -0.116558574 0.7157499
v -0.00250809174 -0.12823759 0.7035
v -0.00250809174 -0.12823759 0.7157499
v -0.0005597098 -0.1415777 0.7035
v -0.0005597098 -0.1415777 0.7157499
v -0.00367276487 -0.154695019 0.7035
v -0.00367276487 -0.154695019 0.7157499
v -0.01140763 -0.165737078 0.7035
v -0.01140763 -0.165737078 0.7157499
v -0.022671964 -0.173144475 0.7035
v -0.022671964 -0.173144475 0.7157499
v -0.0358403549 -0.175601631 0.7157499
v -0.03585756 -0.175603375 0.7035
v -0.04009541 -0.104542196 0.7035
v -0.05298737 -0.108190015 0.7035
v -0.04011525 -0.104545042 0.7157499
v -0.05298737 -0.108190015 0.7157499
v -0.06355724 -0.116558574 0.7157499
v -0.06355724 -0.116558574 0.7035
v -0.07029191 -0.12823759 0.7157499
v -0.07029191 -0.12823759 0.7035
v -0.07224029 -0.1415777 0.7157499
v -0.07224029 -0.1415777 0.7035
v -0.06912724 -0.154695019 0.7157499
v -0.06912724 -0.154695019 0.7035
v -0.06139237 -0.165737078 0.7157499
v -0.06139237 -0.165737078 0.7035
v -0.0501280352 -0.173144475 0.7157499
v -0.0501280352 -0.173144475 0.7035
v -0.0369596444 -0.175601631 0.7035
v -0.03694244 -0.175603375 0.7157499
v -0.06912724 -0.154695019 0.7035
v -0.07224029 -0.1415777 0.7035
v -0.06690217 -0.142804548 0.70371455
v -0.06808328 -0.140549049 0.703779042
v -0.0361528955 -0.171807408 0.703716755
v -0.0337590538 -0.170784757 0.703676
v -0.03585756 -0.175603375 0.7035
v -0.022671964 -0.173144475 0.7035
v -0.032607533 -0.1684178 0.703716755
v -0.0194268022 -0.1610647 0.7035
v -0.0158452336 -0.162801638 0.7035
v -0.0005597098 -0.1415777 0.7035
v -0.00367276487 -0.154695019 0.7035
v -0.005469238 -0.142519236 0.703707457
v -0.00456970558 -0.140020132 0.703770041
v -0.009242762 -0.116558574 0.7035
v -0.00250809174 -0.12823759 0.7035
v -0.0138150351 -0.121552095 0.7035
v -0.01785891 -0.13155967 0.7035
v -0.0102890739 -0.136603847 0.7036683
v -0.01203012 -0.138612658 0.7036683
v -0.028 -0.139999986 0.707349956
v -0.028 -0.139999986 0.69685
v -0.0299652256 -0.1453994 0.69685
v -0.0299652256 -0.1453994 0.707349956
v -0.0349413529 -0.14827238 0.69685
v -0.0349413529 -0.14827238 0.707349956
v -0.0406 -0.1472746 0.69685
v -0.0406 -0.1472746 0.707349956
v -0.04429342 -0.142872959 0.69685
v -0.04429342 -0.142872959 0.707349956
v -0.04429342 -0.137127027 0.69685
v -0.04429342 -0.137127027 0.707349956
v -0.0406 -0.132725388 0.69685
v -0.0406 -0.132725388 0.707349956
v -0.0349413529 -0.1317276 0.69685
v -0.0349413529 -0.1317276 0.707349956
v -0.0299652256 -0.13460058 0.69685
v -0.0299652256 -0.13460058 0.707349956
v -0.028 -0.139999986 0.69685
v -0.028 -0.139999986 0.707349956
v -0.028 -0.139999986 0.707349956
v -0.0299652256 -0.1453994 0.707349956
v -0.0299652256 -0.13460058 0.707349956
v -0.0349413529 -0.1317276 0.707349956
v -0.0349413529 -0.14827238 0.707349956
v -0.0406 -0.132725388 0.707349956
v -0.0406 -0.1472746 0.707349956
v -0.04429342 -0.137127027 0.707349956
v -0.04429342 -0.142872959 0.707349956
v -0.0384437442 -0.115015365 0.7157499
v -0.0532207265 -0.119354218 0.7157499
v -0.0548478961 -0.12298698 0.7157499
v -0.0399 -0.111999996 0.7157499
v -0.00367276487 -0.154695019 0.7157499
v -0.0005597098 -0.1415777 0.7157499
v -0.006265466 -0.1429518 0.7157499
v -0.00495317345 -0.139392227 0.7157499
v -0.00691093272 -0.136675537 0.7157499
v -0.0109363059 -0.142614678 0.7157499
v -0.00367276487 -0.154695019 0.7157499
v -0.006265466 -0.1429518 0.7157499
v -0.0151135121 -0.157222569 0.7157499
v -0.0135127436 -0.160021886 0.7157499
v -0.0610663258 -0.138217911 0.7036742
v -0.0607510656 -0.140743822 0.703779042
v -0.06186369 -0.137385324 0.7157499
v -0.0613846257 -0.14204374 0.7157499
v -0.0281659067 -0.15088889 0.697149754
v -0.0364 -0.15364401 0.6971697
v -0.0349413529 -0.14827238 0.69685
v -0.0299652256 -0.1453994 0.69685
v -0.0446340963 -0.15088889 0.697149754
v -0.0495192669 -0.143885076 0.6971154
v -0.04429342 -0.142872959 0.69685
v -0.04429342 -0.137127027 0.69685
v -0.04931064 -0.135365531 0.6970857
v -0.04931064 -0.135365531 0.6970857
v -0.0406 -0.132725388 0.69685
v -0.04429342 -0.137127027 0.69685
v -0.040829163 -0.127830982 0.69685
v -0.040829163 -0.127830982 0.69685
v -0.0349413529 -0.1317276 0.69685
v -0.0406 -0.132725388 0.69685
v -0.0319708362 -0.127830982 0.69685
v -0.0299652256 -0.13460058 0.69685
v -0.0319708362 -0.127830982 0.69685
v -0.02348936 -0.135365531 0.6970857
v -0.0299652256 -0.13460058 0.69685
v -0.028 -0.139999986 0.69685
v -0.0232807323 -0.143885076 0.6971154
v -0.0299652256 -0.1453994 0.69685
v -0.0281659067 -0.15088889 0.697149754
v 0.057225 -0.143695414 0.576167166
v 0.057225 -0.156587377 0.579815
v 0.0449750051 -0.143715248 0.57617
v 0.0449749976 -0.156587377 0.579815
v 0.0449749976 -0.167157233 0.5881836
v 0.057225 -0.167157233 0.5881836
v 0.0449749976 -0.1738919 0.5998626
v 0.057225 -0.1738919 0.5998626
v 0.0449749976 -0.175840288 0.6132027
v 0.057225 -0.175840288 0.6132027
v 0.0449749976 -0.172727227 0.62632
v 0.057225 -0.172727227 0.62632
v 0.0449749976 -0.164992377 0.637362063
v 0.057225 -0.164992377 0.637362063
v 0.0449749976 -0.153728023 0.6447695
v 0.057225 -0.153728023 0.6447695
v 0.057225 -0.140559644 0.647226632
v 0.0449750051 -0.140542433 0.6472284
v 0.0449750051 -0.136304587 0.576167166
v 0.0449749976 -0.123412617 0.579815
v 0.057225 -0.136284754 0.57617
v 0.057225 -0.123412617 0.579815
v 0.057225 -0.112842754 0.5881836
v 0.0449749976 -0.112842754 0.5881836
v 0.057225 -0.106108092 0.5998626
v 0.0449749976 -0.106108092 0.5998626
v 0.057225 -0.104159705 0.6132027
v 0.0449749976 -0.104159705 0.6132027
v 0.057225 -0.107272759 0.62632
v 0.0449749976 -0.107272759 0.62632
v 0.057225 -0.115007617 0.637362063
v 0.0449749976 -0.115007617 0.637362063
v 0.057225 -0.126271963 0.6447695
v 0.0449749976 -0.126271963 0.6447695
v 0.0449750051 -0.139440343 0.647226632
v 0.057225 -0.139457554 0.6472284
v 0.0449749976 -0.107272759 0.62632
v 0.0449749976 -0.104159705 0.6132027
v 0.0451895222 -0.109497875 0.6144296
v 0.0452540144 -0.108316727 0.612174034
v 0.0449749976 -0.107272759 0.62632
v 0.0449750051 -0.118935339 0.6285982
v 0.0449750051 -0.11719837 0.632179737
v 0.0451895148 -0.111885965 0.615381837
v 0.0451895222 -0.109497875 0.6144296
v 0.0449749976 -0.175840288 0.6132027
v 0.0449749976 -0.172727227 0.62632
v 0.045182392 -0.170930743 0.6141442
v 0.0452450551 -0.171830282 0.6116451
v 0.045266673 -0.124542631 0.599852443
v 0.045266673 -0.122774288 0.6001641
v 0.0449750051 -0.121938139 0.594389141
v 0.0449750051 -0.117978543 0.5939819
v 0.048825 -0.1484 0.611624956
v 0.0383249968 -0.1484 0.611624956
v 0.0383249968 -0.146434784 0.6170244
v 0.048825 -0.146434784 0.6170244
v 0.0383249968 -0.141458631 0.619897366
v 0.048825 -0.141458631 0.619897366
v 0.0383249968 -0.135799989 0.6188996
v 0.048825 -0.135799989 0.6188996
v 0.0383249968 -0.132106587 0.61449796
v 0.048825 -0.132106587 0.61449796
v 0.0383249968 -0.132106587 0.608752
v 0.048825 -0.132106587 0.608752
v 0.0383249968 -0.135799989 0.6043503
v 0.048825 -0.135799989 0.6043503
v 0.0383249968 -0.141458631 0.6033526
v 0.048825 -0.141458631 0.6033526
v 0.0383249968 -0.146434784 0.60622555
v 0.048825 -0.146434784 0.60622555
v 0.0383249968 -0.1484 0.611624956
v 0.048825 -0.1484 0.611624956
v 0.048825 -0.1484 0.611624956
v 0.048825 -0.146434784 0.6170244
v 0.048825 -0.146434784 0.60622555
v 0.048825 -0.141458631 0.6033526
v 0.048825 -0.141458631 0.619897366
v 0.048825 -0.135799989 0.6043503
v 0.048825 -0.135799989 0.6188996
v 0.048825 -0.132106587 0.608752
v 0.048825 -0.132106587 0.61449796
v 0.057225 -0.172727227 0.62632
v 0.057225 -0.175840288 0.6132027
v 0.057225 -0.170134515 0.6145768
v 0.057225 -0.17144683 0.6110172
v 0.057225 -0.117405422 0.5928435
v 0.057225 -0.117978543 0.5896702
v 0.057225 -0.112842754 0.5881836
v 0.057225 -0.123412617 0.579815
v 0.057225 -0.120717607 0.5888962
v 0.057225 -0.123179264 0.5909793
v 0.057225 -0.136284754 0.57617
v 0.057225 -0.13737911 0.5758477
v 0.057225 -0.139392227 0.580178142
v 0.057225 -0.142633528 0.5761092
v 0.057225 -0.142951816 0.581490457
v 0.057225 -0.143695414 0.576167166
v 0.057225 -0.156587377 0.579815
v 0.057225 -0.142614678 0.5861613
v 0.057225 -0.167157233 0.5881836
v 0.057225 -0.160021886 0.5887377
v 0.057225 -0.16287905 0.591509342
v 0.0451918021 -0.140247121 0.6434324
v 0.04515099 -0.137716159 0.642709434
v 0.057225 -0.141589567 0.6429026
v 0.057225 -0.1370482 0.6417596
v 0.0451918021 -0.136293367 0.6405296
v 0.0451231226 -0.136556834 0.637895167
v 0.057225 -0.1370482 0.6417596
v 0.057225 -0.137385324 0.637088656
v 0.0451895222 -0.109497875 0.6144296
v 0.0452540144 -0.108316727 0.612174034
v 0.057225 -0.110510975 0.614949465
v 0.057225 -0.108467467 0.6107359
v 0.0451895222 -0.108803555 0.6096478
v 0.04525401 -0.11081969 0.6080931
v 0.057225 -0.108467467 0.6107359
v 0.057225 -0.112262227 0.6079917
v 0.0449750051 -0.1230268 0.5905604
v 0.0449750051 -0.121938139 0.594389141
v 0.057225 -0.123179264 0.5909793
v 0.057225 -0.122479983 0.593738258
v 0.0386247262 -0.148234159 0.622513831
v 0.0386446938 -0.14000003 0.625269
v 0.0383249968 -0.141458631 0.619897366
v 0.0383249968 -0.146434784 0.6170244
v 0.03862472 -0.131765842 0.622513831
v 0.0385903828 -0.126880735 0.615510046
v 0.0383249968 -0.132106587 0.61449796
v 0.0383249968 -0.132106587 0.608752
v 0.0385606773 -0.127089381 0.606990457
v 0.0385606773 -0.127089381 0.606990457
v 0.0383249968 -0.135799989 0.6043503
v 0.0383249968 -0.132106587 0.608752
v 0.0383249968 -0.135570824 0.599455953
v 0.0383249968 -0.135570824 0.599455953
v 0.0383249968 -0.141458631 0.6033526
v 0.0383249968 -0.135799989 0.6043503
v 0.0383249968 -0.144429162 0.599455953
v 0.0383249968 -0.146434784 0.60622555
v 0.0383249968 -0.144429162 0.599455953
v 0.0385606736 -0.15291062 0.606990457
v 0.0383249968 -0.146434784 0.60622555
v 0.0383249968 -0.1484 0.611624956
v 0.0385903828 -0.153119251 0.615510046
v 0.0383249968 -0.146434784 0.6170244
v 0.0386247262 -0.148234159 0.622513831
v -0.115664482 -0.1925 0.692158759
v -0.121149346 -0.1925 0.6965
v -0.123024993 -0.1925 0.6895
v -0.111105762 -0.1925 0.6963581
v -0.116025 -0.1925 0.7016243
v -0.109024994 -0.1925 0.7035
v -0.115664482 -0.1925 0.692158759
v -0.111105762 -0.1925 0.6963581
v -0.121149346 -0.1925 0.6965
v 0.03315561 -0.0875 0.696302056
v 0.03769933 -0.0875 0.6920351
v 0.03343365 -0.1925 0.696276844
v 0.03769933 -0.0875 0.6920351
v 0.03777709 -0.1925 0.691680551
v 0.03343365 -0.1925 0.696276844
v 0.0449750051 -0.08809194 0.6346182
v 0.0449749976 -0.0975805745 0.6267709
v 0.0379750021 -0.08922056 0.6334675
v 0.037975 -0.10325 0.611624956
v 0.037975 -0.101786196 0.6197111
v 0.0449750051 -0.101689428 0.619224846
v 0.0449749976 -0.0975805745 0.6267709
v 0.037975 -0.0975805745 0.6267709
v 0.0379750021 -0.08922056 0.6334675
v 0.037975 -0.101786196 0.6197111
v 0.0449749976 -0.0975805745 0.6267709
v 0.0449750051 -0.101689428 0.619224846
v 0.03769933 -0.0875 0.6920351
v 0.0449749976 -0.0875 0.6895
v 0.0379750021 -0.08765124 0.63640213
v 0.0449749976 -0.0875 0.6895
v 0.0449750051 -0.08809194 0.6346182
v 0.0379750021 -0.08765124 0.63640213
v 0.0449750051 -0.08809194 0.6346182
v 0.0379750021 -0.08922056 0.6334675
v 0.0379750021 -0.08765124 0.63640213
v 0.0449749976 -0.176749989 0.611624956
v 0.0449749976 -0.17821379 0.6197111
v 0.0379750021 -0.178310573 0.6192249
v 0.037975 -0.182419419 0.6267709
v 0.0379750021 -0.178310573 0.6192249
v 0.037975 -0.182419419 0.6267709
v 0.0449749976 -0.182419419 0.6267709
v 0.0449750051 -0.190779433 0.6334674
v 0.0379750021 -0.191908047 0.6346182
v 0.037975 -0.182419419 0.6267709
v 0.0449750051 -0.190779433 0.6334674
v 0.0379750021 -0.191908047 0.6346182
v 0.0449750051 -0.190779433 0.6334674
v 0.0449750051 -0.192348748 0.636402
v 0.0449749976 -0.1925 0.6895
v 0.03777709 -0.1925 0.691680551
v 0.0449750051 -0.192348748 0.636402
v 0.03777709 -0.1925 0.691680551
v 0.0379750021 -0.191908047 0.6346182
v 0.0449750051 -0.192348748 0.636402
v 0.0379750021 -0.178310573 0.6192249
v 0.037975 -0.169731379 0.5900238
v 0.0449749976 -0.176749989 0.611624956
v 0.037975 -0.10325 0.611624956
v 0.0449750051 -0.101689428 0.619224846
v 0.0449749976 -0.110268615 0.5900238
v -0.115664482 -0.1925 0.692158759
v -0.123024993 -0.1925 0.6895
v -0.116025 -0.1925 0.682499945
v -0.123024993 -0.1925 0.682499945
v -0.115540244 -0.0875 0.6921921
v -0.115664482 -0.1925 0.692158759
v -0.116025 -0.0875 0.682499945
v -0.116025 -0.1925 0.682499945
v -0.116025 -0.145152852 0.6146
v -0.116025 -0.142035007 0.6172161
v -0.116025 -0.0875 0.682499945
v -0.116025 -0.137964979 0.6172161
v -0.116025 -0.134847134 0.6146
v -0.116025 -0.15936552 0.6035024
v -0.116025 -0.1458596 0.610591769
v -0.116025 -0.143824577 0.607067
v -0.116025 -0.151628077 0.5941382
v -0.116025 -0.120634474 0.6035024
v -0.116025 -0.1341404 0.610591769
v -0.116025 -0.136175409 0.607067
v -0.116025 -0.128371909 0.5941382
v -0.116025 -0.139999986 0.605675
v -0.116025 -0.139999986 0.590625
v -0.123024993 -0.0875 0.6895
v -0.115540244 -0.0875 0.6921921
v -0.123024993 -0.0875 0.682499945
v -0.116025 -0.0875 0.682499945
v -0.123024993 -0.139999986 0.605675
v -0.116025 -0.139999986 0.605675
v -0.116025 -0.136175409 0.607067
v -0.123024993 -0.136175409 0.607067
v -0.116025 -0.1341404 0.610591769
v -0.123024993 -0.1341404 0.610591769
v -0.116025 -0.134847134 0.6146
v -0.123024993 -0.134847134 0.6146
v -0.116025 -0.137964979 0.6172161
v -0.123024993 -0.137964979 0.6172161
v -0.116025 -0.142035007 0.6172161
v -0.123024993 -0.142035007 0.6172161
v -0.116025 -0.145152852 0.6146
v -0.123024993 -0.145152852 0.6146
v -0.116025 -0.1458596 0.610591769
v -0.123024993 -0.1458596 0.610591769
v -0.116025 -0.143824577 0.607067
v -0.123024993 -0.143824577 0.607067
v -0.116025 -0.139999986 0.605675
v -0.123024993 -0.139999986 0.605675
v -0.123024993 -0.15936552 0.6035024
v -0.116025 -0.15936552 0.6035024
v -0.123024993 -0.1925 0.682499945
v -0.116025 -0.1925 0.682499945
v -0.123024993 -0.0875 0.682499945
v -0.116025 -0.0875 0.682499945
v -0.123024993 -0.120634474 0.6035024
v -0.116025 -0.120634474 0.6035024
v -0.116025 -0.120634474 0.6035024
v -0.116025 -0.128371909 0.5941382
v -0.123024993 -0.120634474 0.6035024
v -0.123024993 -0.128371909 0.5941382
v -0.116025 -0.139999986 0.590625
v -0.123024993 -0.139999986 0.590625
v -0.116025 -0.151628077 0.5941382
v -0.123024993 -0.151628077 0.5941382
v -0.116025 -0.15936552 0.6035024
v -0.123024993 -0.15936552 0.6035024
v -0.123024993 -0.0875 0.6895
v -0.123024993 -0.0875 0.682499945
v -0.123024993 -0.1925 0.6895
v -0.123024993 -0.1925 0.682499945
v -0.123024993 -0.142035007 0.6172161
v -0.123024993 -0.137964979 0.6172161
v -0.123024993 -0.145152852 0.6146
v -0.123024993 -0.134847134 0.6146
v -0.123024993 -0.15936552 0.6035024
v -0.123024993 -0.1458596 0.610591769
v -0.123024993 -0.143824577 0.607067
v -0.123024993 -0.151628077 0.5941382
v -0.123024993 -0.120634474 0.6035024
v -0.123024993 -0.1341404 0.610591769
v -0.123024993 -0.136175409 0.607067
v -0.123024993 -0.128371909 0.5941382
v -0.123024993 -0.139999986 0.605675
v -0.123024993 -0.139999986 0.590625
v -0.123024993 -0.0875 0.6895
v -0.121149346 -0.0875 0.6965
v -0.115540244 -0.0875 0.6921921
v -0.111393936 -0.0875 0.696338356
v -0.116025 -0.0875 0.7016243
v -0.109024994 -0.0875 0.7035
v -0.115540244 -0.0875 0.6921921
v -0.111393936 -0.0875 0.696338356
v -0.115664482 -0.1925 0.692158759
v -0.111105762 -0.1925 0.6963581
v -0.123024993 -0.1925 0.6895
v -0.121149346 -0.1925 0.6965
v -0.123024993 -0.0875 0.6895
v -0.121149346 -0.0875 0.6965
v -0.116025 -0.1925 0.7016243
v -0.116025 -0.0875 0.7016243
v -0.109024994 -0.1925 0.7035
v -0.109024994 -0.0875 0.7035
v -0.111105762 -0.1925 0.6963581
v 0.03343365 -0.1925 0.696276844
v -0.109024994 -0.1925 0.7035
v 0.030975 -0.1925 0.7035
v -0.0686 -0.139999986 0.7035
v -0.0686 -0.139999986 0.6965
v -0.06761739 -0.1373003 0.6965
v -0.06761739 -0.1373003 0.7035
v -0.0651293248 -0.1358638 0.6965
v -0.0651293248 -0.1358638 0.7035
v -0.0623 -0.136362687 0.6965
v -0.0623 -0.136362687 0.7035
v -0.06045329 -0.138563514 0.6965
v -0.06045329 -0.138563514 0.7035
v -0.06045329 -0.141436473 0.6965
v -0.06045329 -0.141436473 0.7035
v -0.0623 -0.1436373 0.6965
v -0.0623 -0.1436373 0.7035
v -0.0651293248 -0.14413619 0.6965
v -0.0651293248 -0.14413619 0.7035
v -0.06761739 -0.142699689 0.6965
v -0.06761739 -0.142699689 0.7035
v -0.0686 -0.139999986 0.6965
v -0.0686 -0.139999986 0.7035
v -0.109024994 -0.0875 0.7035
v 0.030975 -0.0875 0.7035
v -0.111393936 -0.0875 0.696338356
v 0.03315561 -0.0875 0.696302056
v -0.0217 -0.139999986 0.6965
v -0.0217 -0.139999986 0.7035
v -0.0251391456 -0.130551025 0.7035
v -0.0251391456 -0.130551025 0.6965
v -0.033847373 -0.125523329 0.7035
v -0.033847373 -0.125523329 0.6965
v -0.04375 -0.127269417 0.7035
v -0.04375 -0.127269417 0.6965
v -0.05021348 -0.134972289 0.7035
v -0.05021348 -0.134972289 0.6965
v -0.05021348 -0.1450277 0.7035
v -0.05021348 -0.1450277 0.6965
v -0.04375 -0.152730569 0.7035
v -0.04375 -0.152730569 0.6965
v -0.033847373 -0.154476658 0.7035
v -0.033847373 -0.154476658 0.6965
v -0.0251391456 -0.149448976 0.7035
v -0.0251391456 -0.149448976 0.6965
v -0.0217 -0.139999986 0.7035
v -0.0217 -0.139999986 0.6965
v 0.030975 -0.0875 0.7035
v 0.037975 -0.0875 0.7016243
v 0.03315561 -0.0875 0.696302056
v 0.03769933 -0.0875 0.6920351
v 0.043099355 -0.0875 0.6965
v 0.0449749976 -0.0875 0.6895
v 0.03343365 -0.1925 0.696276844
v 0.037975 -0.1925 0.7016243
v 0.030975 -0.1925 0.7035
v 0.03777709 -0.1925 0.691680551
v 0.043099355 -0.1925 0.6965
v 0.0449749976 -0.1925 0.6895
v 0.030975 -0.1925 0.7035
v 0.037975 -0.1925 0.7016243
v 0.030975 -0.0875 0.7035
v 0.037975 -0.0875 0.7016243
v 0.043099355 -0.1925 0.6965
v 0.043099355 -0.0875 0.6965
v 0.0449749976 -0.1925 0.6895
v 0.0449749976 -0.0875 0.6895
v 0.03769933 -0.0875 0.6920351
v 0.0379750021 -0.08765124 0.63640213
v 0.037975 -0.136362687 0.641725
v 0.037975 -0.138563514 0.6435717
v 0.03777709 -0.1925 0.691680551
v 0.037975 -0.141436473 0.6435717
v 0.037975 -0.1436373 0.641725
v 0.0379750021 -0.191908047 0.6346182
v 0.037975 -0.182419419 0.6267709
v 0.037975 -0.14413619 0.6388957
v 0.037975 -0.147349983 0.624355555
v 0.037975 -0.142699689 0.636407554
v 0.037975 -0.139999986 0.635425
v 0.037975 -0.137447372 0.6261017
v 0.037975 -0.1373003 0.636407554
v 0.037975 -0.128739133 0.621073961
v 0.037975 -0.1358638 0.6388957
v 0.037975 -0.0975805745 0.6267709
v 0.0379750021 -0.08922056 0.6334675
v 0.0379750021 -0.08765124 0.63640213
v 0.037975 -0.101786196 0.6197111
v 0.037975 -0.12529999 0.611624956
v 0.037975 -0.10325 0.611624956
v 0.037975 -0.110268615 0.5900238
v 0.037975 -0.128739133 0.602176
v 0.037975 -0.128643617 0.5766736
v 0.037975 -0.137447372 0.5971483
v 0.037975 -0.151356369 0.5766736
v 0.037975 -0.147349983 0.598894358
v 0.037975 -0.169731379 0.5900238
v 0.037975 -0.153813466 0.6065973
v 0.0379750021 -0.178310573 0.6192249
v 0.037975 -0.153813466 0.616652668
v 0.037975 -0.182419419 0.6267709
v 0.037975 -0.139999986 0.635425
v 0.0449749976 -0.139999986 0.635425
v 0.0449749976 -0.1373003 0.636407554
v 0.037975 -0.1373003 0.636407554
v 0.0449749976 -0.1358638 0.6388957
v 0.037975 -0.1358638 0.6388957
v 0.0449749976 -0.136362687 0.641725
v 0.037975 -0.136362687 0.641725
v 0.0449749976 -0.138563514 0.6435717
v 0.037975 -0.138563514 0.6435717
v 0.0449749976 -0.141436473 0.6435717
v 0.037975 -0.141436473 0.6435717
v 0.0449749976 -0.1436373 0.641725
v 0.037975 -0.1436373 0.641725
v 0.0449749976 -0.14413619 0.6388957
v 0.037975 -0.14413619 0.6388957
v 0.0449749976 -0.142699689 0.636407554
v 0.037975 -0.142699689 0.636407554
v 0.0449749976 -0.139999986 0.635425
v 0.037975 -0.139999986 0.635425
v 0.037975 -0.12529999 0.611624956
v 0.0449749976 -0.12529999 0.611624956
v 0.0449749976 -0.128739133 0.621073961
v 0.037975 -0.128739133 0.621073961
v 0.0449749976 -0.137447372 0.6261017
v 0.037975 -0.137447372 0.6261017
v 0.0449749976 -0.147349983 0.624355555
v 0.037975 -0.147349983 0.624355555
v 0.0449749976 -0.153813466 0.616652668
v 0.037975 -0.153813466 0.616652668
v 0.0449749976 -0.153813466 0.6065973
v 0.037975 -0.153813466 0.6065973
v 0.0449749976 -0.147349983 0.598894358
v 0.037975 -0.147349983 0.598894358
v 0.0449749976 -0.137447372 0.5971483
v 0.037975 -0.137447372 0.5971483
v 0.0449749976 -0.128739133 0.602176
v 0.037975 -0.128739133 0.602176
v 0.0449749976 -0.12529999 0.611624956
v 0.037975 -0.12529999 0.611624956
v 0.037975 -0.169731379 0.5900238
v 0.0449749976 -0.169731379 0.5900238
v 0.0449749976 -0.176749989 0.611624956
v 0.037975 -0.151356369 0.5766736
v 0.0449749976 -0.151356369 0.5766736
v 0.037975 -0.128643617 0.5766736
v 0.0449749976 -0.128643617 0.5766736
v 0.037975 -0.110268615 0.5900238
v 0.0449749976 -0.110268615 0.5900238
v 0.037975 -0.10325 0.611624956
v 0.0449749976 -0.1436373 0.641725
v 0.0449750051 -0.192348748 0.636402
v 0.0449750051 -0.190779433 0.6334674
v 0.0449749976 -0.182419419 0.6267709
v 0.0449749976 -0.14413619 0.6388957
v 0.0449749976 -0.147349983 0.624355555
v 0.0449749976 -0.142699689 0.636407554
v 0.0449749976 -0.17821379 0.6197111
v 0.0449749976 -0.139999986 0.635425
v 0.0449749976 -0.153813466 0.616652668
v 0.0449749976 -0.137447372 0.6261017
v 0.0449749976 -0.176749989 0.611624956
v 0.0449749976 -0.1373003 0.636407554
v 0.0449749976 -0.153813466 0.6065973
v 0.0449749976 -0.169731379 0.5900238
v 0.0449749976 -0.147349983 0.598894358
v 0.0449749976 -0.151356369 0.5766736
v 0.0449749976 -0.137447372 0.5971483
v 0.0449749976 -0.128643617 0.5766736
v 0.0449749976 -0.128739133 0.602176
v 0.0449749976 -0.110268615 0.5900238
v 0.0449749976 -0.12529999 0.611624956
v 0.0449750051 -0.101689428 0.619224846
v 0.0449749976 -0.128739133 0.621073961
v 0.0449749976 -0.0975805745 0.6267709
v 0.0449749976 -0.1358638 0.6388957
v 0.0449749976 -0.0975805745 0.6267709
v 0.0449749976 -0.136362687 0.641725
v 0.0449750051 -0.08809194 0.6346182
v 0.0449749976 -0.0875 0.6895
v 0.0449749976 -0.138563514 0.6435717
v 0.0449749976 -0.1925 0.6895
v 0.0449749976 -0.141436473 0.6435717
v 0.0449750051 -0.192348748 0.636402
v -0.0651293248 -0.14413619 0.6965
v -0.111105762 -0.1925 0.6963581
v -0.06761739 -0.142699689 0.6965
v -0.0686 -0.139999986 0.6965
v -0.04375 -0.152730569 0.6965
v -0.0623 -0.1436373 0.6965
v -0.05021348 -0.1450277 0.6965
v -0.06045329 -0.141436473 0.6965
v -0.06045329 -0.138563514 0.6965
v -0.05021348 -0.134972289 0.6965
v -0.0623 -0.136362687 0.6965
v -0.04375 -0.127269417 0.6965
v -0.033847373 -0.154476658 0.6965
v -0.0651293248 -0.1358638 0.6965
v -0.111393936 -0.0875 0.696338356
v 0.03343365 -0.1925 0.696276844
v -0.0251391456 -0.149448976 0.6965
v -0.0217 -0.139999986 0.6965
v -0.06761739 -0.1373003 0.6965
v -0.033847373 -0.125523329 0.6965
v 0.03315561 -0.0875 0.696302056
v -0.0251391456 -0.130551025 0.6965
v 0.030975 -0.0875 0.7035
v -0.0251391456 -0.130551025 0.7035
v -0.0217 -0.139999986 0.7035
v -0.033847373 -0.125523329 0.7035
v 0.030975 -0.1925 0.7035
v -0.0251391456 -0.149448976 0.7035
v -0.033847373 -0.154476658 0.7035
v -0.109024994 -0.0875 0.7035
v -0.109024994 -0.1925 0.7035
v -0.04375 -0.127269417 0.7035
v -0.04375 -0.152730569 0.7035
v -0.0651293248 -0.1358638 0.7035
v -0.06761739 -0.1373003 0.7035
v -0.0623 -0.136362687 0.7035
v -0.0686 -0.139999986 0.7035
v -0.05021348 -0.134972289 0.7035
v -0.06761739 -0.142699689 0.7035
v -0.06045329 -0.138563514 0.7035
v -0.0651293248 -0.14413619 0.7035
v -0.0623 -0.1436373 0.7035
v -0.05021348 -0.1450277 0.7035
v -0.06045329 -0.141436473 0.7035
vn 0.143627092 0.5830949 0.7996072
vn 0.2402045 0.5334399 0.811014056
vn 0.131386086 0.577927053 0.80544275
vn 0.142073229 0.26654774 0.953292966
vn 0.2504046 0.201424718 0.946956
vn 0.21506317 0.211377859 0.9534502
vn 0.332070947 0.237332359 0.9129087
vn 0.4078884 0.209694818 0.888625443
vn 0.292980552 0.25971213 0.9201696
vn 0.5773301 0.0280042626 0.816030443
vn 0.556957 -0.0262923762 0.830125034
vn 0.5631255 0.0831218 0.8221803
vn 0.35938105 -0.07773728 0.9299474
vn 0.3106685 -0.195842847 0.930124044
vn 0.331404626 -0.1167173 0.936241448
vn 0.361720979 -0.248605669 0.898528337
vn 0.345562726 -0.2810386 0.8953233
vn 0.376520336 -0.15881373 0.9126942
vn 0.175732449 -0.4642374 0.8681024
vn 0.161855534 -0.463760018 0.8710508
vn 0.2734908 -0.4560644 0.8468814
vn 0.106925778 -0.343575031 0.933018267
vn -0.02374362 -0.320560873 0.9469303
vn 0.09390924 -0.341408521 0.9352119
vn -0.176476866 -0.6229419 0.7621019
vn -0.26987353 -0.6050923 0.7490204
vn -0.167243719 -0.617227 0.76880455
vn -0.311355561 -0.258492142 0.9144614
vn -0.3252574 -0.165029585 0.9311138
vn -0.3019468 -0.29284206 0.907233
vn -0.266958952 -0.216005385 0.9391883
vn -0.326165557 -0.10374523 0.939602554
vn -0.293982267 -0.139001876 0.9456495
vn -0.5624539 -0.0183652714 0.826624632
vn -0.556661367 0.0387321673 0.8298361
vn -0.5365119 -0.07150606 0.840857863
vn -0.372584224 0.222790018 0.9008583
vn -0.336196452 0.247197539 0.908771336
vn -0.442572534 0.18387118 0.877679348
vn -0.256621778 0.188179746 0.94801563
vn -0.152384371 0.259982735 0.9535135
vn -0.221924171 0.199988976 0.9543344
vn -0.176878542 0.527223468 0.831113338
vn -0.163069308 0.5251346 0.8352497
vn -0.266436458 0.4601605 0.846914351
vn 0.2627697 0.9643954 -0.0298937857
vn -0.007342199 0.9956085 -0.09332685
vn 0.258644521 0.9657376 -0.0213047229
vn -0.5263016 0.8501085 0.0179488175
vn -0.528701246 0.84843713 0.025088964
vn -0.275706261 0.957939744 0.07960838
vn -0.5020409 0.864721954 -0.0145218363
vn -0.717440546 0.693096161 -0.06997686
vn -0.504260242 0.8635113 -0.008360922
vn 0.231383279 -0.9715838 -0.04986714
vn 0.489925951 -0.87168026 0.0120897731
vn 0.232334688 -0.971020758 -0.05602941
vn 0.5362215 -0.8438066 0.0213755555
vn 0.5365327 -0.843835652 0.008605599
vn 0.280419022 -0.959684968 -0.0192334615
vn 0.205678567 0.9785071 -0.0148394788
vn 0.199153662 0.9799657 -0.002244398
vn 0.453237355 0.888097465 0.07654317
vn 0.00123761036 -0.00221946533 0.9999968
vn 0.00123761036 -0.00221946533 0.9999968
vn 0.00123761036 -0.00221946533 0.9999968
vn -0.8878306 0.0630357638 -0.455832571
vn -0.8929077 -0.07960093 -0.4431474
vn -0.895785749 0.01582147 -0.4442045
vn 0.0411530063 -0.8948455 -0.444475055
vn -0.05431633 -0.894400239 -0.44395718
vn 0.08855168 -0.88758713 -0.452048331
vn 0.8878242 -0.0630354658 -0.4558451
vn 0.892901361 0.07960058 -0.443160117
vn 0.8957784 -0.0158224162 -0.444219172
vn -0.0411538035 0.894839942 -0.444486171
vn 0.0543173179 0.894393861 -0.443969876
vn -0.0885503739 0.8875785 -0.452065527
vn 0.871522069 -0.485249162 -0.070587486
vn 0.9849789 -0.139622256 -0.10159798
vn 0.9861212 -0.138136119 -0.09210565
vn 0.977241755 0.06802351 -0.200926468
vn 0.977241755 0.06802351 -0.200926468
vn 0.977241755 0.06802351 -0.200926468
vn 0.88686043 0.4539621 -0.08600554
vn 0.88686043 0.4539621 -0.08600554
vn 0.88686043 0.4539621 -0.08600554
vn 0.0726360157 -0.976767361 -0.201617211
vn 0.0726360157 -0.976767361 -0.201617211
vn 0.0726360157 -0.976767361 -0.201617211
vn 0.450362563 -0.888313234 -0.08985086
vn 0.450362563 -0.888313234 -0.08985086
vn 0.450362563 -0.888313234 -0.08985086
vn -0.0327185355 -0.989321649 -0.142028973
vn -0.0327185355 -0.989321649 -0.142028973
vn -0.0327185355 -0.989321649 -0.142028973
vn -0.976812065 -0.07057842 -0.202130988
vn -0.976812065 -0.07057842 -0.202130988
vn -0.976812065 -0.07057842 -0.202130988
vn -0.888311863 -0.450365782 -0.0898478851
vn -0.888311863 -0.450365782 -0.0898478851
vn -0.888311863 -0.450365782 -0.0898478851
vn -0.485289723 -0.871498942 -0.07059355
vn -0.139620483 -0.9849786 -0.101603113
vn -0.13813521 -0.9861208 -0.09211065
vn -0.9895604 0.0323691443 -0.140436679
vn -0.9895604 0.0323691443 -0.140436679
vn -0.9895604 0.0323691443 -0.140436679
vn -0.068896085 0.9774053 -0.199830338
vn -0.068896085 0.9774053 -0.199830338
vn -0.068896085 0.9774053 -0.199830338
vn -0.45555383 0.8861531 -0.08487275
vn -0.45555383 0.8861531 -0.08487275
vn -0.45555383 0.8861531 -0.08487275
vn -0.86873585 0.490822017 -0.0662707761
vn -0.984424531 0.146032453 -0.09789205
vn -0.9855871 0.1444671 -0.0880189762
vn 0.479458719 0.8748582 -0.06886597
vn 0.1330397 0.9859397 -0.101110771
vn 0.1315535 0.9870489 -0.09180476
vn 0.0296523944 0.9896303 -0.140544176
vn 0.0296523944 0.9896303 -0.140544176
vn 0.0296523944 0.9896303 -0.140544176
vn 0.9893253 -0.0346385464 -0.141547486
vn 0.9893253 -0.0346385464 -0.141547486
vn 0.9893253 -0.0346385464 -0.141547486
vn -0.125258744 0.710705459 0.6922486
vn -0.264493823 0.669307 0.6943134
vn -0.122203216 0.713588357 0.6898247
vn -0.223083243 0.698861659 0.679578
vn -0.260540724 0.6810312 0.6843354
vn -0.08387039 0.7516 0.6542654
vn -0.523098648 0.523289263 0.672708035
vn -0.5894452 0.4679818 0.658443153
vn -0.43480435 0.578155041 0.6904215
vn -0.4507694 0.562163651 0.6933823
vn -0.55747515 0.4647433 0.6879209
vn -0.519544542 0.5120632 0.684006453
vn -0.6773567 0.253431618 0.6906231
vn -0.6867386 0.224367514 0.691411138
vn -0.583440244 0.385298818 0.714942157
vn -0.6892037 0.246648774 0.681294858
vn -0.7315364 0.108608283 0.673096359
vn -0.7021707 0.221096829 0.676810563
vn -0.7122263 -0.0615240969 0.699248552
vn -0.7001288 -0.179338992 0.691127539
vn -0.713703036 0.0123282438 0.70034
vn -0.716864645 -0.08823421 0.6916067
vn -0.687842965 -0.231484637 0.6879585
vn -0.698438346 -0.204622775 0.685794
vn -0.623343468 -0.360494077 0.6938926
vn -0.5316855 -0.4745079 0.7015361
vn -0.616975963 -0.3754209 0.6916645
vn -0.5841291 -0.435401529 0.6849954
vn -0.543352 -0.48033464 0.688510835
vn -0.665456533 -0.33284536 0.668118
vn -0.4167264 -0.583940148 0.696672857
vn -0.329114139 -0.6442442 0.6903864
vn -0.4820373 -0.527610064 0.6994767
vn -0.4144793 -0.5907501 0.6922581
vn -0.289351761 -0.666011035 0.6875354
vn -0.327896476 -0.6501349 0.685425758
vn -0.148913115 -0.704815567 0.6935848
vn -0.0026753014 -0.714293361 0.6998413
vn -0.146230131 -0.707749844 0.6911635
vn -0.07803412 -0.730555 0.678380549
vn -0.0300260559 -0.7309154 0.6818072
vn -0.220790341 -0.7204847 0.657383859
vn 0.284634978 -0.6834081 0.6722621
vn 0.373198956 -0.660486341 0.6515216
vn 0.188757956 -0.6998279 0.688920438
vn 0.180464253 -0.6845374 0.706286967
vn 0.3194409 -0.645312369 0.6939233
vn 0.270410925 -0.668629646 0.692684948
vn 0.526343167 -0.5057563 0.6835008
vn 0.6115689 -0.38907373 0.6889159
vn 0.552604 -0.482431173 0.6796242
vn 0.6180847 -0.349391639 0.704199433
vn 0.653070033 -0.277566671 0.7045965
vn 0.563971758 -0.447539359 0.694006
vn 0.7051687 -0.1913832 0.682722151
vn 0.718680263 -0.0477796122 0.693697155
vn 0.720123 -0.07007899 0.6902984
vn 0.7222915 -0.108630404 0.683003962
vn 0.692350149 0.05497373 0.7194645
vn 0.7199375 -0.131990477 0.6813725
vn 0.7037243 0.206747487 0.679726064
vn 0.6454869 0.3386527 0.6845882
vn 0.6861549 0.271219432 0.6750048
vn 0.624455631 0.354066223 0.6961985
vn 0.555962265 0.4420894 0.703891337
vn 0.666795254 0.285634041 0.6883294
vn 0.5363183 0.500282943 0.6797644
vn 0.420214027 0.589289844 0.6900418
vn 0.411162734 0.5922752 0.692932367
vn 0.342729121 0.628155 0.69854
vn 0.295429051 0.6551752 0.695318
vn 0.45477283 0.5473143 0.702587247
vn 0.268195957 0.6765292 0.685842
vn 0.1282601 0.711801767 0.690570533
vn 0.218610317 0.698457539 0.681444466
vn 0.116739005 0.7059609 0.6985637
vn 0.018118443 0.706353545 0.707627356
vn 0.209291756 0.6945457 0.68833375
vn -0.122731492 -0.4574491 -0.880725443
vn -0.194038913 -0.439007849 -0.8772805
vn -0.03946443 -0.466285318 -0.8837537
vn 0.204479247 -0.439571381 -0.874622941
vn 0.114645153 -0.507381141 -0.854061365
vn 0.2674351 -0.415734172 -0.8692776
vn 0.4389785 -0.194316283 -0.877233744
vn 0.466279238 -0.0397384167 -0.8837446
vn 0.457421869 -0.123005062 -0.8807014
vn 0.4412834 0.19416149 -0.8761109
vn 0.50661 0.102739267 -0.856032133
vn 0.417948544 0.257372856 -0.8712509
vn 0.201721966 0.4382358 -0.875932455
vn 0.0474711955 0.466482282 -0.8832558
vn 0.130577356 0.457287163 -0.879680634
vn -0.204767555 0.439332366 -0.8746756
vn -0.114941858 0.50734055 -0.8540457
vn -0.2678105 0.415809065 -0.8691262
vn -0.4389943 0.194610864 -0.8771606
vn -0.466102958 0.0400670879 -0.883822739
vn -0.4576191 0.123347908 -0.88055104
vn -0.439379841 -0.203933209 -0.874846637
vn -0.50751394 -0.114090271 -0.8540568
vn -0.415811151 -0.266906738 -0.8694032
vn 0.0161942989 0.00674256962 -0.9998461
vn 0.0161942989 0.00674256962 -0.9998461
vn 0.0161942989 0.00674256962 -0.9998461
vn -0.00772096543 -0.00250287633 -0.9999671
vn -0.00772096543 -0.00250287633 -0.9999671
vn 0.0009098632 -0.008009815 -0.9999675
vn 0.0009098632 -0.008009815 -0.9999675
vn 0.0009098632 -0.008009815 -0.9999675
vn -0.00023941361 -0.00716538168 -0.9999743
vn -0.00764261372 0.006773813 -0.9999479
vn -0.00764261372 0.006773813 -0.9999479
vn 0.00633938471 -0.00451912638 -0.9999697
vn -0.00669184839 -0.00389447785 -0.9999701
vn -0.00440521957 -0.00347053749 -0.999984264
vn -0.006368351 -0.00161079981 -0.9999784
vn -0.008238181 0.0014162591 -0.9999651
vn 0.007312243 0.00644441461 -0.999952555
vn -0.00600668043 0.00402298849 -0.9999739
vn -0.00369560346 0.00586329075 -0.999976039
vn -0.00666078366 -0.00695408275 -0.9999536
vn -0.001081368 0.007617203 -0.999970436
vn -0.001081368 0.007617203 -0.999970436
vn 0.00199554651 0.007129779 -0.9999726
vn 0.00199554651 0.007129779 -0.9999726
vn 0.003149939 0.00375622581 -0.99998796
vn 0.008968056 0.0039708917 -0.999951959
vn 0.00555857271 0.00275050057 -0.9999808
vn 0.00649407739 0.000249998964 -0.9999789
vn -0.006268841 0.002447936 -0.99997735
vn 0.00741665438 -0.00296129775 -0.9999681
vn 0.00417498732 -0.004651241 -0.99998045
vn 0.00417498732 -0.004651241 -0.99998045
vn 0.00417498732 -0.004651241 -0.99998045
vn 0.0127020078 -0.006289739 -0.999899566
vn 0.0127020078 -0.006289739 -0.999899566
vn -0.0278324876 0.930855 -0.3643273
vn -0.206427619 0.8850389 -0.417245537
vn -0.0258259345 0.930116653 -0.366355121
vn -0.219138145 0.9491219 0.226155117
vn -0.354222476 0.8723331 0.336988628
vn -0.203955621 0.9502633 0.235375851
vn 0.155599788 0.930788457 0.3307894
vn 0.3291127 0.9098835 0.2525804
vn 0.325282931 0.9121718 0.249266282
vn 0.37061283 0.9050342 -0.208708525
vn 0.509990335 0.808748066 -0.292978644
vn 0.365721673 0.9061476 -0.212471738
vn 0.56212914 0.795402765 0.226595089
vn 0.7071505 0.6909225 0.150214314
vn 0.704522133 0.6944352 0.146316066
vn 0.7317092 0.6638986 -0.154403016
vn 0.8241204 0.5156206 -0.234437644
vn 0.728521168 0.6665345 -0.158078462
vn 0.8358994 0.454427272 0.3078442
vn 0.9247298 0.305610657 0.2268854
vn 0.9239875 0.310442448 0.223321885
vn 0.9470279 0.290856242 -0.136164635
vn 0.9570196 0.138866559 -0.2546163
vn 0.9402336 0.3069291 -0.147496819
vn 0.8829983 -0.466942936 -0.0477318242
vn 0.767350554 -0.638835549 -0.055338718
vn 0.882758856 -0.467842817 -0.0431264862
vn 0.828489065 -0.5134987 0.223438874
vn 0.7244195 -0.66828835 0.169136271
vn 0.7229701 -0.6693118 0.171277434
vn 0.584892154 -0.7737862 -0.243220344
vn 0.4169545 -0.857955754 -0.3001015
vn 0.5849587 -0.7736946 -0.243351832
vn 0.4257997 -0.8515855 0.305772275
vn 0.266662925 -0.9336026 0.239326492
vn 0.267362475 -0.933561265 0.238706157
vn 0.2082364 -0.9665987 -0.149414137
vn 0.03471929 -0.97223717 -0.231407613
vn 0.212588683 -0.965019345 -0.153439581
vn 0.00650597969 -0.9726809 0.232054949
vn -0.170992464 -0.9732762 0.153280869
vn -0.166708082 -0.974618852 0.1494205
vn -0.202481449 -0.966521263 -0.157600626
vn -0.363272667 -0.9006498 -0.238459468
vn -0.198246151 -0.9667945 -0.161266312
vn -0.386062026 -0.8921241 0.2346716
vn -0.5493602 -0.8204379 0.158382714
vn -0.5461 -0.8233391 0.154555947
vn -0.5786976 -0.801573455 -0.150296763
vn -0.699196041 -0.6762787 -0.231887937
vn -0.574689865 -0.803702533 -0.154252335
vn -0.7179372 -0.6555279 0.2341995
vn -0.837238431 -0.5242626 0.155501068
vn -0.835411847 -0.5282657 0.1517314
vn -0.8536757 -0.496156722 -0.158323333
vn -0.9122211 -0.3326565 -0.239149243
vn -0.8510506 -0.4994794 -0.1619665
vn -0.9213603 -0.311053842 0.2331109
vn -0.9773958 -0.1415701 0.1570205
vn -0.977364063 -0.1459204 0.153188422
vn -0.982750058 -0.10645289 -0.151228711
vn -0.97029084 0.06716015 -0.23243323
vn -0.9816675 -0.110757887 -0.155118287
vn -0.944102049 0.127463341 0.304013759
vn -0.9277629 0.299794674 0.222214118
vn -0.930126 0.295193821 0.2184634
vn -0.9374365 0.322176367 -0.131966576
vn -0.856687546 0.450233579 -0.251746356
vn -0.9415703 0.304701418 -0.14353545
vn -0.7317345 0.6789513 0.05991408
vn -0.5823178 0.8031289 0.126055256
vn -0.7344838 0.6751259 0.06883743
vn -0.757656 0.6330292 -0.158844113
vn -0.624633253 0.775295854 -0.09353978
vn -0.6294371 0.7723934 -0.08495526
vn -0.2635031 0.949333966 -0.1712633
vn -0.06367657 0.9978059 0.0181315541
vn -0.376083434 0.893478453 0.245474145
vn -0.00786368549 0.9999145 0.0104438886
vn 0.2933591 0.9550121 -0.0435020626
vn 0.1682438 0.915389955 0.365725756
vn 0.194366366 0.9807302 0.0197483152
vn 0.312745 0.871248662 0.378307164
vn 0.0898439363 0.8989244 0.428792536
vn -0.885732234 -0.358669519 0.2946771
vn -0.775541663 -0.53528 0.334679753
vn -0.835957646 -0.54559 -0.0592147671
vn -0.7392111 -0.561122835 0.372435361
vn -0.6235243 -0.7816318 0.0164061319
vn -0.8173345 -0.575775266 -0.0211467557
vn -0.4764626 -0.843200564 0.248990253
vn -0.531700134 -0.817242742 -0.222281829
vn -0.702056348 -0.711871564 -0.0188639648
vn 0.6322142 0.7155569 0.2971254
vn 0.476125836 0.8275236 0.297504425
vn 0.5536215 0.827796936 -0.0908596
vn 0.747931 -0.595031738 0.2941709
vn 0.8235515 -0.478369683 0.30483672
vn 0.8414229 -0.53147614 -0.09767623
vn 0.9023615 -0.430917174 -0.007360577
vn 0.8393585 -0.382649481 0.386078566
vn 0.985131741 -0.1677533 0.03707163
vn 0.9767204 -0.2094154 -0.0465034842
vn 0.9719582 0.0478568859 0.230232447
vn 0.9698728 0.00456841476 -0.243569344
vn -0.54567045 0.828246534 0.127481312
vn -0.549241662 0.8236105 0.141419441
vn -0.2820701 0.9393652 0.195011586
vn -0.56734556 0.820322752 0.07203928
vn -0.7751431 0.631197453 -0.0272571389
vn -0.5749283 0.8127184 0.0945851356
vn -0.833175361 0.542574346 0.10692
vn -0.952229857 0.2721415 0.138554677
vn -0.8336273 0.542307258 0.104730263
vn -0.943000734 0.3235041 0.0780691
vn -0.943149149 0.323536754 0.0761162
vn -0.805779457 0.587999165 0.07054389
vn -0.9952003 0.0597756542 0.077480644
vn -0.9689211 -0.237098411 0.0705422238
vn -0.995258749 0.0597873628 0.07671772
vn -0.9412187 -0.30721727 0.140445754
vn -0.941661954 -0.30705747 0.137798533
vn -0.987154841 -0.0132858614 0.159212962
vn -0.290352017 -0.9549357 0.06159105
vn 0.004110331 -0.997015834 0.07708828
vn -0.290421724 -0.9548596 0.0624365173
vn -0.06380317 -0.9978754 -0.0131854871
vn -0.0630108938 -0.9980112 -0.00182293181
vn -0.353724 -0.9352934 -0.0102747418
vn 0.201078787 -0.977523 -0.0633728355
vn 0.478869945 -0.8730928 -0.09161127
vn 0.201648071 -0.9776682 -0.0591857843
vn 0.56164974 -0.820651531 0.105264492
vn 0.6903326 -0.6516851 0.314241022
vn 0.5430741 -0.829988539 0.127238542
vn 0.9227451 0.360337 0.136743486
vn 0.7706473 0.61326164 0.173242375
vn 0.923007 0.36247164 0.129121825
vn 0.7173705 0.660236 0.22241421
vn 0.71909523 0.659724 0.218326
vn 0.8722752 0.413344979 0.261308223
vn 0.275876671 0.876933038 -0.393548727
vn 0.0202130862 0.937226057 -0.348136127
vn 0.2616514 0.877487659 -0.4019377
vn 0.00125314645 0.941240549 -0.337734729
vn 0.004036747 0.937859833 -0.346990854
vn 0.244706869 0.9091942 -0.336874723
vn 0.644752145 0.6317279 -0.430365741
vn 0.7787269 0.4225359 -0.4637326
vn 0.6716138 0.6080176 -0.4233786
vn 0.757696033 0.3541933 -0.5481276
vn 0.7857227 0.321269482 -0.5286075
vn 0.6497609 0.533495843 -0.541473
vn 0.9481893 0.121347159 -0.293618739
vn 0.954654455 -0.109696083 -0.2767699
vn 0.9604251 0.0686856 -0.269937068
vn 0.801196456 -0.273988545 -0.5319911
vn 0.7848269 -0.352742225 -0.509528935
vn 0.8448472 -0.112979613 -0.5229425
vn 0.83586055 -0.401399165 -0.374454
vn 0.7220328 -0.606996655 -0.331999749
vn 0.807938337 -0.476746917 -0.3463353
vn 0.4046197 -0.7559125 -0.5146642
vn 0.345897168 -0.8210508 -0.4541263
vn 0.509494543 -0.665529549 -0.5454225
vn -0.0277154781 -0.882934153 -0.468678027
vn -0.250008374 -0.896239 -0.36640352
vn -0.143669769 -0.9044048 -0.401759863
vn -0.50393784 -0.788753 -0.3520162
vn -0.6543902 -0.6133687 -0.4422129
vn -0.59989506 -0.6917846 -0.401945233
vn -0.6253101 -0.619853735 -0.474097729
vn -0.7051764 -0.491256922 -0.511266
vn -0.5737451 -0.6950546 -0.433261663
vn -0.8546109 -0.386558831 -0.346716583
vn -0.8997049 -0.158755586 -0.4066053
vn -0.8964955 -0.228384 -0.379653245
vn -0.8576167 -0.122656465 -0.499448746
vn -0.8486808 0.05411238 -0.52613
vn -0.855900764 -0.195916563 -0.4785923
vn -0.932239056 0.142839774 -0.3324563
vn -0.849837959 0.350463033 -0.393638343
vn -0.8739283 0.313801825 -0.3711843
vn -0.790096 0.346545 -0.5056233
vn -0.6663574 0.499382049 -0.5537016
vn -0.8171513 0.30716148 -0.487765938
vn -0.6841838 0.6777271 -0.269404024
vn -0.5019624 0.7940964 -0.342701942
vn -0.5224693 0.7859899 -0.330523551
vn -0.488061 0.753481567 -0.440524638
vn -0.2892014 0.7800036 -0.5549386
vn -0.517753 0.735305 -0.437331051
vn 0.7996519 -0.143595532 -0.583041251
vn 0.8110439 -0.240165085 -0.533412158
vn 0.8054799 -0.131351531 -0.5778832
vn 0.95329386 -0.14207302 -0.266544759
vn 0.9469569 -0.250403941 -0.201421171
vn 0.953451753 -0.215063587 -0.211370334
vn 0.9129076 -0.332078129 -0.2373264
vn 0.888626337 -0.407899469 -0.209669322
vn 0.9201795 -0.292950928 -0.259710342
vn 0.8160703 -0.5772733 -0.0280129388
vn 0.8301681 -0.556893647 0.0262753274
vn 0.822236836 -0.56303674 -0.0831643641
vn 0.9299427 -0.3593883 0.0777596459
vn 0.9301146 -0.310700744 0.195836186
vn 0.9362311 -0.3314369 0.116708979
vn 0.898542941 -0.361701667 0.248580977
vn 0.8953407 -0.3455394 0.2810117
vn 0.9127128 -0.376486 0.158788
vn 0.8681241 -0.175722227 0.4642006
vn 0.8710864 -0.1618523 0.463694245
vn 0.846928656 -0.273452342 0.4559997
vn 0.933030844 -0.106943086 0.3435355
vn 0.9469407 0.0237398539 0.3205303
vn 0.9352326 -0.0938783959 0.34136045
vn 0.762100637 0.1764646 0.6229469
vn 0.7490002 0.269857168 0.605124652
vn 0.7687947 0.16721721 0.6172464
vn 0.9144337 0.311427563 0.2585031
vn 0.931094766 0.325327754 0.164998382
vn 0.90720576 0.302015424 0.292855561
vn 0.939201236 0.266918749 0.2159986
vn 0.939614356 0.326142639 0.103710346
vn 0.9456558 0.2939741 0.138976
vn 0.8266652 0.5623941 0.0183741879
vn 0.8298815 0.5565947 -0.0387182422
vn 0.840917766 0.536413431 0.07153955
vn 0.900873661 0.3725421 -0.2227983
vn 0.908780038 0.3361667 -0.247205839
vn 0.877694368 0.442546368 -0.18386209
vn 0.94802314 0.256609023 -0.188159347
vn 0.9535181 0.152381539 -0.259967655
vn 0.954330742 0.221958086 -0.199968681
vn 0.831164241 0.1768411 -0.5271559
vn 0.8352978 0.163036659 -0.525068164
vn 0.846961737 0.266389042 -0.46010074
vn -0.0299073346 -0.262767941 -0.964395463
vn -0.09334013 0.00734545244 -0.9956072
vn -0.02131903 -0.258641571 -0.9657381
vn 0.0179407541 0.5262932 -0.8501139
vn 0.0250812266 0.528693 -0.8484425
vn 0.07960168 0.275651038 -0.9579562
vn -0.0145415375 0.5020582 -0.8647116
vn -0.06998232 0.717423141 -0.6931137
vn -0.008382567 0.50427717 -0.8635012
vn -0.0498742834 -0.231378987 0.9715845
vn 0.0120841041 -0.489922136 0.871682465
vn -0.056037 -0.23233065 0.9710213
vn 0.0213763732 -0.5362293 0.8438017
vn 0.008606203 -0.536541462 0.8438301
vn -0.0192451682 -0.2803842 0.9596949
vn -0.0148388389 -0.205689728 -0.9785048
vn -0.00224328041 -0.199165866 -0.979963243
vn 0.07654317 -0.453248322 -0.8880918
vn 0.9999968 -0.00124142063 0.00221869629
vn 0.9999968 -0.00124142063 0.00221869629
vn 0.9999968 -0.00124142063 0.00221869629
vn -0.455820382 0.8878381 -0.06301813
vn -0.443135619 0.8929119 0.07961874
vn -0.4441962 0.89579016 -0.0158015955
vn -0.455774575 0.0623369664 0.8879097
vn -0.443117529 -0.08030365 0.8928596
vn -0.444088161 0.015165519 0.8958548
vn -0.4445532 -0.8947821 -0.04168201
vn -0.4439412 -0.8944374 0.05383392
vn -0.452065825 -0.887525737 -0.08907593
vn -0.4445045 0.0411949269 -0.894828856
vn -0.443992525 -0.054328423 -0.894382
vn -0.452075958 0.0885885656 -0.887569368
vn -0.0706151947 -0.8714789 0.4853226
vn -0.101585813 -0.9849748 0.139660165
vn -0.09209508 -0.986117 0.13817279
vn -0.200921044 -0.977243364 -0.0680161
vn -0.200921044 -0.977243364 -0.0680161
vn -0.200921044 -0.977243364 -0.0680161
vn -0.0860163 -0.8868605 -0.453960061
vn -0.0860163 -0.8868605 -0.453960061
vn -0.0860163 -0.8868605 -0.453960061
vn -0.20210655 -0.07062211 0.976814
vn -0.20210655 -0.07062211 0.976814
vn -0.20210655 -0.07062211 0.976814
vn -0.0898477361 -0.450376332 0.888306558
vn -0.0898477361 -0.450376332 0.888306558
vn -0.0898477361 -0.450376332 0.888306558
vn -0.140563145 0.0296570752 0.9896275
vn -0.140563145 0.0296570752 0.9896275
vn -0.140563145 0.0296570752 0.9896275
vn -0.200404942 0.9772019 0.07010272
vn -0.200404942 0.9772019 0.07010272
vn -0.200404942 0.9772019 0.07010272
vn -0.08600021 0.8868676 0.4539493
vn -0.08600021 0.8868676 0.4539493
vn -0.08600021 0.8868676 0.4539493
vn -0.06887133 0.4794237 0.874877
vn -0.10112758 0.133000612 0.985943258
vn -0.09181902 0.131514147 0.987052858
vn -0.140057266 0.989639044 -0.031599775
vn -0.140057266 0.989639044 -0.031599775
vn -0.140057266 0.989639044 -0.031599775
vn -0.200405836 0.07010397 -0.9772016
vn -0.200405836 0.07010397 -0.9772016
vn -0.200405836 0.07010397 -0.9772016
vn -0.0860031545 0.45393762 -0.886873245
vn -0.0860031545 0.45393762 -0.886873245
vn -0.0860031545 0.45393762 -0.886873245
vn -0.0688903 0.8748391 -0.479490042
vn -0.101095311 0.985936165 -0.1330773
vn -0.0917921141 0.987045348 -0.131589353
vn -0.06887091 -0.4794228 -0.874877453
vn -0.101128004 -0.132999763 -0.9859433
vn -0.09181921 -0.1315133 -0.987053
vn -0.140057862 -0.0316072963 -0.9896387
vn -0.140057862 -0.0316072963 -0.9896387
vn -0.140057862 -0.0316072963 -0.9896387
vn -0.1420334 -0.9893213 0.032709375
vn -0.1420334 -0.9893213 0.032709375
vn -0.1420334 -0.9893213 0.032709375
vn 0.6922609 0.125278369 -0.710689962
vn 0.694316447 0.2645044 -0.6692997
vn 0.689832032 0.12222217 -0.713578
vn 0.6795732 0.223095417 -0.698862433
vn 0.6843272 0.260555059 -0.681034
vn 0.654257953 0.08388458 -0.751604855
vn 0.6726916 0.5231247 -0.523284435
vn 0.658420444 0.5894764 -0.467974424
vn 0.6904002 0.434841245 -0.5781528
vn 0.693383455 0.450757742 -0.5621716
vn 0.6879247 0.557467043 -0.464747339
vn 0.684016466 0.5195319 -0.51206255
vn 0.6906497 0.6773388 -0.253407329
vn 0.6914437 0.6867138 -0.224343136
vn 0.71497184 0.5834191 -0.385275781
vn 0.681266546 0.689228058 -0.246659
vn 0.6730672 0.731564045 -0.108602643
vn 0.676790535 0.702188253 -0.221102178
vn 0.699215651 0.712262452 0.0614794753
vn 0.691106439 0.700148642 0.179342791
vn 0.700318754 0.713723958 -0.0123234382
vn 0.691614449 0.716857 0.0882352144
vn 0.687975764 0.687825739 0.231484547
vn 0.6858054 0.698426068 0.204626709
vn 0.693878 0.623351932 0.3605075
vn 0.7015224 0.531691968 0.474520773
vn 0.691642642 0.616989553 0.375438839
vn 0.6850168 0.5840891 0.435421616
vn 0.6885299 0.5433112 0.480353564
vn 0.668139935 0.665444255 0.33282584
vn 0.696669459 0.416763663 0.5839176
vn 0.6903906 0.329107881 0.6442428
vn 0.699481964 0.482031465 0.5276084
vn 0.692251 0.414492637 0.590748966
vn 0.687527239 0.289406776 0.6659955
vn 0.6854278 0.327903569 0.6501292
vn 0.6935732 0.148937583 0.7048218
vn 0.699824 0.00269936165 0.7143103
vn 0.6911505 0.146254271 0.7077575
vn 0.678406 0.0780171752 0.7305331
vn 0.6818389 0.0300083384 0.7308866
vn 0.6574198 0.22077398 0.7204569
vn 0.6722953 -0.284599483 0.68339026
vn 0.6515216 -0.373193532 0.6604894
vn 0.688929141 -0.1887513 0.6998211
vn 0.7062892 -0.180490091 0.684528232
vn 0.6939133 -0.319422752 0.645332038
vn 0.6926824 -0.270431638 0.6686239
vn 0.6835167 -0.526328146 0.505750537
vn 0.688940465 -0.6115429 0.389071137
vn 0.6796468 -0.552585 0.4824211
vn 0.70417285 -0.6181113 0.349398136
vn 0.7045743 -0.653094053 0.277566582
vn 0.693975031 -0.564008534 0.447541118
vn 0.682721 -0.705169439 0.191384524
vn 0.6936961 -0.7186813 0.0477808267
vn 0.6902972 -0.720123947 0.070080556
vn 0.6830114 -0.722279847 0.108661257
vn 0.7194762 -0.6923403 -0.05494402
vn 0.681381464 -0.7199238 0.132019132
vn 0.679736137 -0.7037158 -0.206743628
vn 0.684596658 -0.6454799 -0.3386491
vn 0.675017059 -0.6861437 -0.271217227
vn 0.696235538 -0.624405742 -0.354081362
vn 0.7039123 -0.555938244 -0.442086041
vn 0.688355148 -0.66677177 -0.285626858
vn 0.6797713 -0.536311567 -0.5002809
vn 0.6900555 -0.4202071 -0.589278758
vn 0.692939758 -0.4111584 -0.592269659
vn 0.698534667 -0.342736572 -0.628156841
vn 0.695306659 -0.295440942 -0.655181944
vn 0.7025877 -0.454776675 -0.547310352
vn 0.6858396 -0.2681641 -0.676544249
vn 0.69058156 -0.128224328 -0.7117975
vn 0.6814411 -0.218577638 -0.698471069
vn 0.698543251 -0.116769016 -0.7059762
vn 0.7076278 -0.0181640927 -0.7063519
vn 0.6883415 -0.209289983 -0.6945385
vn -0.8796563 0.130638048 0.4573166
vn -0.8759027 0.201734692 0.4382894
vn -0.883216 0.04751199 0.46655342
vn -0.8747702 -0.204002932 0.439499557
vn -0.8540056 -0.11424233 0.507566
vn -0.869344831 -0.267004669 0.415870339
vn -0.8772008 -0.439080834 0.194234148
vn -0.8836979 -0.4663753 0.0396497436
vn -0.8806514 -0.45752877 0.122965716
vn -0.8760828 -0.4413103 -0.194227263
vn -0.8560412 -0.5065769 -0.102826394
vn -0.871242166 -0.4179163 -0.2574549
vn -0.875923634 -0.2016926 -0.438267
vn -0.8832374 -0.04747701 -0.4665165
vn -0.879679143 -0.130593628 -0.4572853
vn -0.8760716 0.19419764 -0.4413455
vn -0.8560138 0.102852158 -0.506618142
vn -0.871227145 0.257429928 -0.417962968
vn -0.87599653 0.4381256 -0.201683149
vn -0.8833156 0.4663707 -0.04745481
vn -0.8797437 0.4571621 -0.130590141
vn -0.8760717 0.441324323 0.194245234
vn -0.856032252 0.5065892 0.102840789
vn -0.871230245 0.417930365 0.2574725
vn -0.9998234 -0.0178346261 0.00592453172
vn -0.9998234 -0.0178346261 0.00592453172
vn -0.9998234 -0.0178346261 0.00592453172
vn -0.999970853 -0.0007487421 -0.007601777
vn -0.999970853 -0.0007487421 -0.007601777
vn -0.999973059 0.00712409662 -0.00179225847
vn -0.9999659 -0.0081596775 0.00127275614
vn -0.999973059 0.00712409662 -0.00179225847
vn -0.999984264 -0.003414706 -0.004452047
vn -0.999973655 -0.006516168 -0.00320713129
vn -0.9999763 -0.006881159 -0.000265081355
vn -0.9999724 0.00668299757 0.003248439
vn -0.999977231 -0.00627113041 0.00250762375
vn -0.9999856 -0.003750085 0.00385314249
vn -0.999976158 -0.00235414086 0.006492045
vn -0.999976158 -0.00235414086 0.006492045
vn -0.999976158 -0.00235414086 0.006492045
vn -0.9999231 -0.0105537344 -0.00650639459
vn -0.9999231 -0.0105537344 -0.00650639459
vn -0.9999231 -0.0105537344 -0.00650639459
vn -0.99996376 0.00110742857 0.008438576
vn -0.99996376 0.00110742857 0.008438576
vn -0.9999873 0.00322922738 0.003874646
vn -0.999969959 0.00671270164 0.00387933361
vn -0.999978662 -0.00629487773 0.00174368906
vn -0.9999777 0.006406863 0.0018989899
vn -0.9999643 0.008277825 -0.001701766
vn -0.999964952 -0.00747764437 -0.0037805594
vn -0.9999782 0.004797394 -0.004553101
vn -0.999971747 0.002596085 -0.0070533203
vn -0.999913931 0.0112111326 0.006813138
vn -0.999973059 -0.000251336081 -0.007335147
vn -0.999973059 -0.000251336081 -0.007335147
vn -0.999973059 -0.000251336081 -0.007335147
vn -0.999823868 0.0176203921 -0.00646387367
vn -0.999823868 0.0176203921 -0.00646387367
vn -0.999823868 0.0176203921 -0.00646387367
vn -0.2470754 -0.190853 -0.950015247
vn -0.3370073 -0.0190193728 -0.9413099
vn -0.240659267 -0.1817845 -0.9534346
vn 0.1682038 0.1863102 -0.9679855
vn 0.216073021 0.366453171 -0.904999733
vn 0.165670052 0.1882307 -0.968050957
vn 0.2821946 -0.160270214 -0.9458751
vn 0.2351628 -0.347410679 -0.907746851
vn 0.237678781 -0.348874122 -0.9065294
vn -0.189535663 -0.5583545 -0.8076612
vn -0.231941834 -0.699124455 -0.6763342
vn -0.185931653 -0.560822845 -0.8067882
vn -0.105087042 -0.5777507 -0.8094201
vn -0.0480745472 -0.729802966 -0.6819652
vn -0.0403574854 -0.7272314 -0.685205
vn 0.279780716 -0.84589535 -0.454074621
vn 0.170168415 -0.9342099 -0.3135198
vn 0.159498349 -0.9299946 -0.331165135
vn -0.161879376 -0.932227433 -0.3236466
vn -0.281996071 -0.943304241 -0.175086766
vn -0.172664642 -0.924363 -0.340205818
vn 0.0614128858 -0.991818964 0.111909114
vn 0.12806429 -0.9452998 0.300013
vn 0.07014332 -0.991762638 0.107176244
vn -0.119801171 -0.9907414 0.06386917
vn -0.06310498 -0.9632836 0.260964662
vn -0.05449534 -0.9649235 0.256813169
vn 0.274122268 -0.8157377 0.5093417
vn 0.1627576 -0.737747848 0.655162632
vn 0.151715189 -0.751469553 0.6420872
vn -0.157524228 -0.7465811 0.646376669
vn -0.278760374 -0.6241556 0.729878366
vn -0.168505967 -0.757283866 0.630973041
vn 0.249811664 0.388373554 0.886995
vn 0.141865164 0.5457566 0.8258475
vn 0.130017683 0.5314053 0.8370805
vn -0.215718165 0.543924332 0.8109328
vn -0.30113852 0.659753144 0.688506663
vn -0.219649971 0.539030552 0.813142061
vn 0.234204561 0.7178537 0.6556175
vn 0.155515641 0.837198853 0.524321437
vn 0.151744545 0.8353745 0.528320968
vn -0.158290178 0.8536951 0.496134
vn -0.239143223 0.9122455 0.3325938
vn -0.161936373 0.8510712 0.499454141
vn 0.233108774 0.921376646 0.3110072
vn 0.156987637 0.9774058 0.141537413
vn 0.153155491 0.977374136 0.1458878
vn -0.151217833 0.9827484 0.10648369
vn -0.232455775 0.970288634 -0.0671135262
vn -0.155108422 0.9816653 0.110790811
vn 0.304049253 0.944092333 -0.127450824
vn 0.222251832 0.9277573 -0.299783975
vn 0.218501925 0.9301204 -0.295182824
vn -0.13200663 0.9374261 -0.322190285
vn -0.251776 0.8566945 -0.450203747
vn -0.14357613 0.9415601 -0.3047138
vn -0.0547346063 0.435009927 -0.898760557
vn -0.06478437 0.240532771 -0.9684766
vn -0.0499944277 0.434152544 -0.899451
vn -0.171242967 0.263468385 -0.9493473
vn 0.01813117 0.06364947 -0.9978076
vn 0.245499954 0.376033217 -0.8934925
vn 0.0105507784 0.007819563 -0.9999138
vn -0.0434294231 -0.2934331 -0.954992652
vn 0.36581406 -0.168314621 -0.9153416
vn 0.0196588486 -0.194314077 -0.980742335
vn 0.3782397 -0.312701553 -0.8712936
vn 0.428728163 -0.0898634 -0.89895314
vn 0.294712 0.8857033 0.358712316
vn 0.334693134 0.775490463 0.5353457
vn -0.0591664873 0.8359456 0.5456137
vn 0.372464776 0.7392219 0.5610891
vn 0.0164327174 0.6235561 0.7816059
vn -0.0211572517 0.817339659 0.5757675
vn 0.249038577 0.47641468 0.843213439
vn -0.222249523 0.53165555 0.8172806
vn -0.0188100263 0.7020192 0.7119096
vn 0.2971096 -0.63220036 -0.7155757
vn 0.297420561 -0.476114929 -0.827560067
vn -0.0908787847 -0.5536147 -0.827799439
vn 0.294187963 -0.7479201 0.5950369
vn 0.30484727 -0.8235436 0.478376567
vn -0.09766189 -0.8414172 0.5314878
vn -0.0073692794 -0.9023847 0.430868328
vn 0.386047572 -0.8393901 0.382611573
vn 0.03703274 -0.9851405 0.167710334
vn -0.0465410836 -0.9767199 0.209408924
vn 0.230230272 -0.9719586 -0.04785955
vn -0.243572176 -0.969872 -0.00457218662
vn 0.127459154 0.5456708 -0.828249753
vn 0.141398743 0.5492383 -0.823616266
vn 0.194994628 0.282023519 -0.9393827
vn 0.0720344856 0.5673656 -0.8203093
vn -0.0272764489 0.775187433 -0.631142139
vn 0.09458074 0.5749487 -0.8127044
vn 0.106942631 0.8332165 -0.5425068
vn 0.138568491 0.9522503 -0.272062957
vn 0.104753457 0.833668232 -0.542239845
vn 0.07806136 0.942977548 -0.32357347
vn 0.0761087 0.9431256 -0.3236072
vn 0.07058197 0.805732369 -0.5880591
vn 0.0774903 0.995199859 -0.0597705729
vn 0.07052934 0.968920946 0.237103015
vn 0.07672659 0.9952583 -0.0597829521
vn 0.140454412 0.9412209 0.307206482
vn 0.137805611 0.9416646 0.307046235
vn 0.1592451 0.9871492 0.0133227007
vn 0.0615728423 0.290324658 0.954945266
vn 0.0770846456 -0.00409401 0.9970162
vn 0.0624155626 0.290388823 0.954871058
vn -0.0131697049 0.0637542 0.99787873
vn -0.00180678058 0.0629591 0.99801445
vn -0.0102676768 0.3536767 0.9353114
vn -0.0633761957 -0.201089516 0.9775206
vn -0.09162866 -0.478836566 0.8731092
vn -0.0591909774 -0.201660708 0.9776653
vn 0.10528715 -0.561665535 0.8206379
vn 0.3142305 -0.690326154 0.65169704
vn 0.127260342 -0.5430898 0.82997483
vn 0.136722311 -0.9227721 -0.360275835
vn 0.173234284 -0.7706613 -0.6132463
vn 0.129097834 -0.923033357 -0.362413
vn 0.222411469 -0.7173349 -0.6602755
vn 0.218321592 -0.7190605 -0.659763455
vn 0.261320829 -0.872269034 -0.413349867
vn -0.393651545 -0.275866061 -0.8768902
vn -0.348242044 -0.0201977435 -0.9371871
vn -0.40203923 -0.26163286 -0.8774467
vn -0.337724924 -0.00124926236 -0.941244066
vn -0.346983969 -0.00403264863 -0.9378624
vn -0.336894542 -0.244684681 -0.9091928
vn -0.430457681 -0.644732058 -0.6316857
vn -0.463827074 -0.7786849 -0.422509462
vn -0.423476368 -0.671588063 -0.607978
vn -0.54810226 -0.7577193 -0.354182869
vn -0.528574765 -0.7857663 -0.321216583
vn -0.541449 -0.6497662 -0.5335138
vn -0.293674618 -0.9481751 -0.121322773
vn -0.276830554 -0.9546389 0.109679006
vn -0.269974321 -0.9604155 -0.06867307
vn -0.5319891 -0.8011911 0.2740081
vn -0.5095085 -0.784814835 0.352798462
vn -0.522945344 -0.8448392 0.1130257
vn -0.374484777 -0.835812569 0.401470423
vn -0.3320609 -0.7219998 0.6070024
vn -0.346354246 -0.8079073 0.47678563
vn -0.5147712 -0.4045755 0.755863249
vn -0.4542227 -0.345840931 0.8210212
vn -0.545499563 -0.5095062 0.6654575
vn -0.468767434 0.0277164616 0.8828867
vn -0.366482377 0.2500061 0.896207333
vn -0.401876926 0.1437038 0.90434736
vn -0.351958543 0.5039859 0.788748
vn -0.442157179 0.654416859 0.613380432
vn -0.401857466 0.5999141 0.691819131
vn -0.474019 0.6253791 0.6198444
vn -0.5111894 0.705237031 0.491249651
vn -0.4331913 0.573807836 0.6950467
vn -0.346695 0.854607046 0.386586964
vn -0.406591862 0.8997085 0.1587691
vn -0.379622519 0.896503568 0.228403285
vn -0.4994904 0.8575935 0.122648932
vn -0.5261547 0.848664 -0.0541363731
vn -0.4786415 0.8558754 0.195907354
vn -0.3324124 0.9322557 -0.142833263
vn -0.3936021 0.849841952 -0.350494027
vn -0.371165067 0.8739304 -0.313818783
vn -0.5055736 0.790159 -0.346474
vn -0.5536816 0.6664488 -0.499282271
vn -0.487713754 0.817207336 -0.3070953
vn -0.2693693 0.6841452 -0.677779853
vn -0.342685133 0.501926661 -0.794126332
vn -0.330497116 0.5224344 -0.786024153
vn -0.440446526 0.48807928 -0.7535154
vn -0.5548593 0.289293349 -0.780026
vn -0.437208265 0.5178073 -0.7353397
vn -0.9229601 0.384824157 0.007415616
vn -0.9235188 0.383337349 0.0128654875
vn -0.7799518 0.6235264 0.0537587665
vn -0.988017142 0.144483089 -0.0542842
vn -0.9841676 -0.177079722 0.007550478
vn -0.9838312 -0.1786265 0.01298817
vn -0.993424356 0.101045825 0.05383099
vn -0.90839994 -0.4145799 -0.05415762
vn -0.731000364 -0.682333469 0.0077200355
vn -0.729885459 -0.6834432 0.01313644
vn -0.889564157 -0.45361948 0.0538973063
vn -0.538215041 -0.84107393 -0.05402967
vn -0.197652489 -0.9802311 0.00896923
vn -0.194999531 -0.9806805 0.0155216912
vn -0.454445243 -0.888005555 0.0701833
vn 0.0666247755 -0.991137147 -0.11492721
vn 0.7613534 -0.6483016 -0.00679304264
vn 0.9124056 -0.4091209 0.0116648879
vn 0.76130563 -0.6481998 -0.0158375464
vn 0.9253932 -0.378946573 0.006849867
vn 0.9913052 -0.131418467 -0.006575594
vn 0.9883931 0.151442811 0.012008382
vn 0.99121207 -0.131355166 -0.0156354
vn 0.983034432 0.1832925 0.006865919
vn 0.8812579 0.472571075 -0.007818994
vn 0.714795351 0.6990568 0.0196781773
vn 0.8809609 0.4727083 -0.0213270467
vn 0.7270144 0.6864454 -0.0155798346
vn -0.0020616434 -0.00127694313 0.9999971
vn -0.0020616434 -0.00127694313 0.9999971
vn -0.0020616434 -0.00127694313 0.9999971
vn 0.00169277645 -0.00205895724 0.9999964
vn 0.9960627 -0.08020206 0.0377734937
vn 0.9572464 -0.270549059 0.102384277
vn 0.996061862 -0.07596422 0.0457189232
vn 0.96230346 -0.266866863 0.05248065
vn 0.00740991859 0.922968 -0.384805471
vn 0.0128600709 0.923526764 -0.383318275
vn 0.0537581928 0.7799654 -0.6235095
vn -0.05429354 0.988014638 -0.144496813
vn 0.007548079 0.9841663 0.1770868
vn 0.0129860835 0.9838299 0.178634122
vn 0.0538302474 0.9934252 -0.101038165
vn -0.05411884 0.9084027 0.414579
vn 0.007724728 0.730993032 0.6823413
vn 0.0131411282 0.7298776 0.6834516
vn 0.0539012365 0.8895589 0.453629434
vn -0.0540346056 0.5382007 0.8410829
vn 0.008970919 0.197665066 0.9802286
vn 0.0155231953 0.19501254 0.9806779
vn 0.07022581 0.454455346 0.887997
vn -0.114911422 -0.06664298 0.991137743
vn -0.00679389574 -0.761363745 0.6482894
vn 0.0116660725 -0.9124121 0.4091065
vn -0.0158384927 -0.7613158 0.648187757
vn 0.006853495 -0.925391853 0.378949821
vn -0.00657616463 -0.9913056 0.131415263
vn 0.0120053357 -0.9883926 -0.151446342
vn -0.0156358164 -0.9912125 0.131352082
vn 0.00686569745 -0.983033538 -0.18329747
vn -0.007821022 -0.8812638 -0.472560048
vn 0.0196302831 -0.714797735 -0.6990557
vn -0.021328494 -0.880966961 -0.47269693
vn -0.0155686243 -0.7270175 -0.686442435
vn 0.999997 0.00207118434 0.00127558818
vn 0.999997 0.00207118434 0.00127558818
vn 0.999997 0.00207118434 0.00127558818
vn 0.9999964 -0.00169779535 0.00205848133
vn 0.0321525969 -0.429127753 0.902671337
vn 0.09589092 -0.244523868 0.9648902
vn 0.04011473 -0.4327406 0.9006256
vn 0.0602077134 -0.247444466 0.967029631
vn -0.06473383 -0.005270824 0.9978886
vn -0.07103571 0.200363621 0.97714293
vn -0.0588799976 -0.00399352564 0.9982571
vn -0.0367714949 0.192952961 0.980518758
vn 0.0313857347 0.7592669 -0.650022149
vn 0.09495425 0.615908563 -0.7820744
vn 0.0393295847 0.76171273 -0.6467202
vn 0.0613789 0.619022965 -0.7829708
vn -0.2824906 0.9590578 -0.02018047
vn -0.2824906 0.9590578 -0.02018047
vn -0.2824906 0.9590578 -0.02018047
vn -0.05455026 0.998511 0.000144911741
vn -0.05455026 0.998511 0.000144911741
vn -0.05455026 0.998511 0.000144911741
vn 0.0545503125 0.998511 -0.0001452762
vn 0.0545503125 0.998511 -0.0001452762
vn 0.0545503125 0.998511 -0.0001452762
vn 0.282493263 0.959057033 0.0201791059
vn 0.282493263 0.959057033 0.0201791059
vn 0.282493263 0.959057033 0.0201791059
vn -0.954386234 0.153474361 -0.2561104
vn -0.839257538 -0.5156153 -0.172591045
vn -0.948931158 0.15110676 -0.27694115
vn 0.6176208 -0.7429382 0.258045137
vn 0.6215009 -0.7467419 0.236882374
vn -0.0184138119 -0.982669234 0.18445076
vn 0.8817008 -0.4065707 -0.23938252
vn 0.9309495 0.275733322 -0.239382848
vn 0.870474041 -0.4027793 -0.282920122
vn 0.8704766 0.402776659 0.282916129
vn 0.8817032 0.406567872 0.239378318
vn 0.930949748 -0.275736243 0.239378661
vn 0.5795787 0.757554233 -0.300333321
vn -0.0458085835 0.9881335 -0.146607637
vn 0.572175145 0.754265845 -0.322022855
vn -0.8344862 0.4868995 0.257995427
vn -0.839434862 0.4891399 0.236835942
vn -0.318798244 0.9297113 0.18440336
vn -0.09441603 -0.139287338 -0.9857407
vn -0.09441603 -0.139287338 -0.9857407
vn -0.09441603 -0.139287338 -0.9857407
vn 2.28403478E-05 0 -1
vn 2.28403478E-05 0 -1
vn 2.28403478E-05 0 -1
vn -0.0474725068 0.461767763 -0.8857296
vn -0.0474725068 0.461767763 -0.8857296
vn -0.0474725068 0.461767763 -0.8857296
vn -0.10274253 -0.47586298 -0.873497844
vn -0.10274253 -0.47586298 -0.873497844
vn -0.10274253 -0.47586298 -0.873497844
vn -0.9521464 0.14532803 -0.268881023
vn -0.837490559 -0.5209705 -0.164922312
vn -0.946464539 0.142335549 -0.289733529
vn 0.617619753 -0.7429335 0.258061528
vn 0.621497035 -0.7467401 0.23689805
vn -0.0184161644 -0.982666135 0.184466958
vn 0.8817016 -0.406570017 -0.239380717
vn 0.9309498 0.275733829 -0.23938103
vn 0.870474756 -0.402778953 -0.282918453
vn 0.870476663 0.40277642 0.282916129
vn 0.8817033 0.4065677 0.239378318
vn 0.9309497 -0.2757364 0.239378646
vn 0.579575 0.757550359 -0.3003502
vn -0.04580987 0.9881308 -0.1466256
vn 0.5721749 0.7542585 -0.322040439
vn -0.8344847 0.4868932 0.258012325
vn -0.839431465 0.4891376 0.236852869
vn -0.318797171 0.929708242 0.184420526
vn -0.117066942 -0.172729284 -0.9779877
vn -0.117066942 -0.172729284 -0.9779877
vn -0.117066942 -0.172729284 -0.9779877
vn 2.28402478E-05 0 -1
vn 2.28402478E-05 0 -1
vn 2.28402478E-05 0 -1
vn -0.04747249 0.46176818 -0.8857294
vn -0.04747249 0.46176818 -0.8857294
vn -0.04747249 0.46176818 -0.8857294
vn -0.121808887 -0.429041982 -0.895033836
vn -0.121808887 -0.429041982 -0.895033836
vn -0.121808887 -0.429041982 -0.895033836
vn -0.9618513 0.1815181 -0.2046785
vn -0.845841467 -0.4926061 -0.204674155
vn -0.956727445 0.181599587 -0.227363482
vn -0.82733953 -0.560495734 0.0367958844
vn -0.8268518 -0.5624199 0
vn -0.9949222 0.1006466 0
vn -0.7515807 -0.651120245 -0.10568323
vn -0.188189372 -0.97643137 0.105671704
vn -0.7556003 -0.6487994 -0.09015275
vn 0.6109397 -0.7447476 0.268521428
vn 0.6153056 -0.748395443 0.247595131
vn -0.0231530964 -0.983785331 0.177849308
vn 0.8817022 -0.4065698 -0.239379033
vn 0.930950165 0.275734216 -0.2393794
vn 0.8704755 -0.402778476 -0.2829169
vn 0.8704768 0.402776062 0.2829162
vn 0.8817035 0.4065674 0.239378363
vn 0.930949569 -0.275736749 0.239378646
vn 0.58731705 0.755631745 -0.2899645
vn -0.0414115824 0.987422764 -0.1525824
vn 0.5806327 0.752318561 -0.311259568
vn -0.828800738 0.490914434 0.268500239
vn -0.8341515 0.4928454 0.247577652
vn -0.314688474 0.93238914 0.177824751
vn -3.388108E-05 0 -1
vn -3.388108E-05 0 -1
vn -3.388108E-05 0 -1
vn 2.28402114E-05 0 -1
vn 2.28402114E-05 0 -1
vn 2.28402114E-05 0 -1
vn -0.043193575 0.42008248 -0.9064574
vn -0.043193575 0.42008248 -0.9064574
vn -0.043193575 0.42008248 -0.9064574
vn -0.0315077342 -0.5823795 -0.8123062
vn -0.0315077342 -0.5823795 -0.8123062
vn -0.0315077342 -0.5823795 -0.8123062
vn -0.0201794449 0.282465518 -0.9590652
vn -0.0201794449 0.282465518 -0.9590652
vn -0.0201794449 0.282465518 -0.9590652
vn 0.000152672554 0.0545370765 -0.998511732
vn 0.000152672554 0.0545370765 -0.998511732
vn 0.000152672554 0.0545370765 -0.998511732
vn -0.000143476733 -0.0545355 -0.998511851
vn -0.000143476733 -0.0545355 -0.998511851
vn -0.000143476733 -0.0545355 -0.998511851
vn 0.02018795 -0.282508641 -0.9590523
vn 0.02018795 -0.282508641 -0.9590523
vn 0.02018795 -0.282508641 -0.9590523
vn 9.119885E-07 0.826851249 -0.5624207
vn -9.092078E-07 0.994917631 0.10069225
vn -0.03679179 0.8273388 -0.560497046
vn 0.227345556 0.9567243 0.181638882
vn 0.20466198 0.96184653 0.181561753
vn 0.2046627 0.845841169 -0.492611259
vn -0.300451517 0.8036664 0.5136626
vn -0.1467208 0.2948565 0.9442101
vn -0.322138578 0.795596659 0.513081551
vn 0.289722055 -0.9380701 0.189962119
vn 0.268871784 -0.9444329 0.189088628
vn 0.1649115 -0.608803749 0.7759911
vn -0.281601667 -0.939234734 -0.196312577
vn -0.157484174 -0.605308652 -0.78025645
vn -0.302660435 -0.932368636 -0.197700411
vn 0.0320906565 0.7647265 -0.6435554
vn 0.0413595252 0.7638594 -0.644056141
vn -0.0413650461 0.175810158 -0.983554661
vn -1 0 -2.81555685E-06
vn -1 0 -2.81555685E-06
vn -1 0 -2.81555685E-06
vn -0.9588436 -0.104954712 -0.2638248
vn -0.9588436 -0.104954712 -0.2638248
vn -0.9588436 -0.104954712 -0.2638248
vn -0.834695935 -0.03493506 -0.5496019
vn -0.834695935 -0.03493506 -0.5496019
vn -0.834695935 -0.03493506 -0.5496019
vn -0.922145 0.0463706 0.3840552
vn -0.922145 0.0463706 0.3840552
vn -0.922145 0.0463706 0.3840552
vn -0.9750405 -0.0227101035 0.2208627
vn -0.9750405 -0.0227101035 0.2208627
vn -0.9750405 -0.0227101035 0.2208627
vn 0.201405346 0.9717259 0.123226382
vn 0.373264253 0.90788126 0.190854624
vn 0.3732648 0.791880548 -0.483320445
vn -0.373257339 0.907882869 -0.190860242
vn -0.373256 0.7918872 0.483316272
vn -0.201407373 0.9717236 -0.123241052
vn 0.08673937 0.799906 0.593823731
vn 0.321546763 0.243512943 0.915046
vn 0.07663109 0.797842145 0.597976267
vn 0.26848945 -0.9467309 0.1778034
vn 0.2475613 -0.952421 0.17778559
vn 0.177802965 -0.6146069 0.768534
vn -0.281537324 -0.939261436 -0.196276963
vn -0.157412529 -0.605315447 -0.7802656
vn -0.30259937 -0.9323939 -0.197674453
vn -0.163425624 0.772713244 -0.6133566
vn -0.197719365 0.7733818 -0.6023185
vn -0.280438125 0.185324639 -0.9418117
vn -1 -1.66907E-06 2.48846413E-06
vn -1 -1.66907E-06 2.48846413E-06
vn -1 -1.66907E-06 2.48846413E-06
vn -0.96875304 -0.0605398864 -0.240525648
vn -0.96875304 -0.0605398864 -0.240525648
vn -0.96875304 -0.0605398864 -0.240525648
vn -0.9146736 -0.003356546 -0.404179424
vn -0.9146736 -0.003356546 -0.404179424
vn -0.9146736 -0.003356546 -0.404179424
vn -0.850564837 -0.0570893176 0.5227621
vn -0.850564837 -0.0570893176 0.5227621
vn -0.850564837 -0.0570893176 0.5227621
vn -0.936421037 -0.105344534 0.334691256
vn -0.936421037 -0.105344534 0.334691256
vn -0.936421037 -0.105344534 0.334691256
vn -0.204676524 0.961841345 -0.181572884
vn -0.20467484 0.8458456 0.492598653
vn -0.227365062 0.9567162 -0.181656912
vn 0.03679702 0.8273439 0.560489237
vn 9.22858646E-07 0.8268562 0.5624134
vn -9.09056041E-07 0.9949215 -0.100654237
vn -0.105667859 0.751524746 0.6511873
vn 0.105681948 0.18810454 0.9764466
vn -0.09013603 0.7555447 0.6488665
vn 0.268489569 -0.946731567 0.177799538
vn 0.2475614 -0.9524216 0.177782148
vn 0.177803621 -0.6146093 0.7685319
vn -0.28160426 -0.939240336 -0.196282089
vn -0.157482252 -0.605299234 -0.780264139
vn -0.3026684 -0.9323743 -0.1976614
vn 0.268421769 0.828805268 -0.49094972
vn 0.247500569 0.834164858 -0.49286148
vn 0.177740023 0.3146895 -0.932405
vn -1 -1.66907E-06 2.488477E-06
vn -1 -1.66907E-06 2.488477E-06
vn -1 -1.66907E-06 2.488477E-06
vn -0.968752742 -0.060539864 -0.240526587
vn -0.968752742 -0.060539864 -0.240526587
vn -0.968752742 -0.060539864 -0.240526587
vn -0.9417096 -0.02803761 -0.335256666
vn -0.9417096 -0.02803761 -0.335256666
vn -0.9417096 -0.02803761 -0.335256666
vn -0.8925006 -0.07830157 0.4441977
vn -0.8925006 -0.07830157 0.4441977
vn -0.8925006 -0.07830157 0.4441977
vn -0.936420143 -0.105344437 0.33469376
vn -0.936420143 -0.105344437 0.33469376
vn -0.936420143 -0.105344437 0.33469376
vn 0.0015870214 -0.999998748 -0.000141914687
vn 0.0015870214 -0.999998748 -0.000141914687
vn 0.0015870214 -0.999998748 -0.000141914687
vn -0.00158702116 -0.999998748 0.000140238088
vn -0.00014537682 -0.00159914489 0.9999987
vn -0.00014537682 -0.00159914489 0.9999987
vn -0.00014537682 -0.00159914489 0.9999987
vn 0.000142997145 0.00159914489 0.9999987
vn -0.0266818553 0.9995567 -0.0132057676
vn -0.0261934176 0.999547839 -0.014765922
vn -0.07394263 0.996986568 -0.0234590173
vn 0.0261930581 0.999547839 0.0147658605
vn 0.07394227 0.996986568 0.0234589539
vn 0.0266815014 0.9995568 0.0132057061
vn -0.01653556 -0.0351753 -0.999244332
vn -0.01653556 -0.0351753 -0.999244332
vn -0.01653556 -0.0351753 -0.999244332
vn 0.009189028 -0.0462103 -0.9988895
vn 0.009189028 -0.0462103 -0.9988895
vn 0.0129250633 -0.04569335 -0.9988719
vn 0.0129250633 -0.04569335 -0.9988719
vn 0.0028655224 -0.0510761179 -0.998690665
vn 0.00253925542 -0.051191 -0.998685658
vn 0.00253925542 -0.051191 -0.998685658
vn 0.00253925542 -0.051191 -0.998685658
vn -0.0106957313 -0.0363238528 -0.999282837
vn -0.0106957313 -0.0363238528 -0.999282837
vn 1.5277381E-05 0 -1
vn 1.5277381E-05 0 -1
vn 1.5277381E-05 0 -1
vn 0.0519177765 -0.00758614 -0.998622537
vn 0.0519177765 -0.00758614 -0.998622537
vn 0.0519177765 -0.00758614 -0.998622537
vn 0.0403270125 -0.0108030541 -0.999128163
vn 0.0403270125 -0.0108030541 -0.999128163
vn 0.0403270125 -0.0108030541 -0.999128163
vn -0.0408616327 -0.0572388433 -0.997523963
vn -0.0408616327 -0.0572388433 -0.997523963
vn -0.0408616327 -0.0572388433 -0.997523963
vn 0.07682801 -0.0402487367 -0.9962317
vn 0.07682801 -0.0402487367 -0.9962317
vn 0.07682801 -0.0402487367 -0.9962317
vn 3.882327E-06 0 -1
vn 0.0025510916 -0.026317358 -0.999650359
vn 0.0025510916 -0.026317358 -0.999650359
vn -4.5060674E-06 0 -1
vn -1.47813107E-05 0 -1
vn 3.882327E-06 0 -1
vn 0.0107504921 0.0257232282 -0.9996113
vn 0.007818387 0.0419173 -0.9990905
vn 0.007818387 0.0419173 -0.9990905
vn 2.23067527E-05 0.05703489 -0.9983722
vn 2.23067527E-05 0.05703489 -0.9983722
vn -2.2993E-05 0 -1
vn 0.0101264827 -0.001040867 -0.9999482
vn -2.2993E-05 0 -1
vn -2.2993E-05 0 -1
vn -4.5060674E-06 0 -1
vn -4.5060674E-06 0 -1
vn 0.006271856 0.01696261 -0.999836445
vn 0.006712491 0.0167867783 -0.999836564
vn -0.00346046523 -0.023857614 -0.999709368
vn -0.00346046523 -0.023857614 -0.999709368
vn 0 0 -1
vn 7.060162E-06 0 -1
vn 0.030554587 0.05055444 -0.9982538
vn 0.030554587 0.05055444 -0.9982538
vn 0.030554587 0.05055444 -0.9982538
vn 0 0 -1
vn 0 0 -1
vn 0 0 -1
vn 0 0 -1
vn 0 0 -1
vn -0.002886859 0.0179724488 -0.9998343
vn -0.002886859 0.0179724488 -0.9998343
vn 0.00718046445 0.00743771251 -0.9999466
vn 0.00718046445 0.00743771251 -0.9999466
vn 0.0108318059 -0.00352148851 -0.99993515
vn 0 0 -1
vn 0 0 -1
vn 0 0 -1
vn -0.00117211475 -0.02735295 -0.9996252
vn -0.00300673652 -0.0221696962 -0.9997497
vn -0.00117211475 -0.02735295 -0.9996252
vn -0.00117211475 -0.02735295 -0.9996252
vn -0.365325332 0.106828809 -0.9247297
vn -0.365325332 0.106828809 -0.9247297
vn -0.365325332 0.106828809 -0.9247297
vn 0.07489711 -0.203330576 -0.9762413
vn 0.07489711 -0.203330576 -0.9762413
vn 0.07489711 -0.203330576 -0.9762413
vn 0 -0.08803833 -0.9961171
vn 0 -0.08803833 -0.9961171
vn 0 -0.08803833 -0.9961171
vn 0.06667182 0.04071631 -0.996943831
vn 0.06667182 0.04071631 -0.996943831
vn 0.06667182 0.04071631 -0.996943831
vn 0 0 -1
vn 0 0 -1
vn 0 0 -1
vn -0.008793931 0.0157299619 -0.999837637
vn -0.008793931 0.0157299619 -0.999837637
vn -0.008793931 0.0157299619 -0.999837637
vn 0.0248660687 -0.000315780751 -0.9996908
vn 0.0248660687 -0.000315780751 -0.9996908
vn 0.0248660687 -0.000315780751 -0.9996908
vn -0.04860756 -0.00709923962 -0.998792768
vn -0.04860756 -0.00709923962 -0.998792768
vn -0.04860756 -0.00709923962 -0.998792768
vn -0.08845747 -0.05535531 -0.994540632
vn -0.08845747 -0.05535531 -0.994540632
vn -0.08845747 -0.05535531 -0.994540632
vn -0.2621625 0.10593237 -0.9591919
vn -0.2621625 0.10593237 -0.9591919
vn -0.2621625 0.10593237 -0.9591919
vn 0.0522439256 -0.08960293 -0.994606435
vn 0.0522439256 -0.08960293 -0.994606435
vn 0.0522439256 -0.08960293 -0.994606435
vn 0.08245737 -0.09889846 -0.9916753
vn 0.08245737 -0.09889846 -0.9916753
vn 0.08245737 -0.09889846 -0.9916753
vn -0.0157323685 -0.0325895958 -0.999345
vn -0.0157323685 -0.0325895958 -0.999345
vn -0.0157323685 -0.0325895958 -0.999345
vn 0 0 -1
vn 0 0 -1
vn 0 0 -1
vn 0 0 -1
vn 0 0 -1
vn 0.0212742779 -0.03775793 -0.999060452
vn 0.0212742779 -0.03775793 -0.999060452
vn 0.0212742779 -0.03775793 -0.999060452
vn 0 0 -1
vn 0 0.02243733 -0.9997483
vn -0.00598166045 0.0162662268 -0.9998498
vn -0.00598166045 0.0162662268 -0.9998498
vn -0.0126363114 0.00129885843 -0.9999193
vn -0.00788451 0.0278294031 -0.999581635
vn -0.00788451 0.0278294031 -0.999581635
vn -0.0186084639 -0.0008327012 -0.9998265
vn -0.0114381369 -0.0403913036 -0.9991185
vn -0.0114381369 -0.0403913036 -0.9991185
vn -0.0114381369 -0.0403913036 -0.9991185
vn -9.606256E-06 0 -1
vn -9.606256E-06 0 -1
vn -9.606256E-06 0 -1
vn 1.66141763E-05 0 -1
vn 0.0154987462 -0.0005564864 -0.9998797
vn 0.0115072578 0.018772779 -0.9997576
vn 0.0205124356 -0.01031951 -0.999736369
vn 0 0 -1
vn -4.480748E-05 0 -1
vn -4.480748E-05 0 -1
vn -4.480748E-05 0 -1
vn 0.0194296073 0.0121278055 -0.9997377
vn -2.93727262E-05 0 -1
vn 0.0194296073 0.0121278055 -0.9997377
vn 0.0194296073 0.0121278055 -0.9997377
vn 0 0 -1
vn 0 0 -1
vn 0 0 -1
vn 0 0 -1
vn 0 0 -1
vn 1.462801E-05 0 -1
vn 1.462801E-05 0 -1
vn -0.01939227 -0.00139875209 -0.999811
vn -0.017927343 -0.00953349 -0.9997938
vn -0.0237276182 -0.04439214 -0.9987324
vn -0.0134811122 -0.0150306094 -0.999796152
vn -0.0116183 -0.00377302314 -0.9999254
vn -0.0237276182 -0.04439214 -0.9987324
vn -0.00752049871 0.00741556659 -0.9999442
vn -0.00752049871 0.00741556659 -0.9999442
vn -0.00496982364 0.008503104 -0.9999515
vn -0.02876387 0.00375006767 -0.999579251
vn -0.02876387 0.00375006767 -0.999579251
vn -0.02876387 0.00375006767 -0.999579251
vn 0.09917894 -0.04824621 -0.993899345
vn 0.09917894 -0.04824621 -0.993899345
vn 0.09917894 -0.04824621 -0.993899345
vn -0.0207587015 0.01331035 -0.9996959
vn -0.0207587015 0.01331035 -0.9996959
vn -0.0207587015 0.01331035 -0.9996959
vn -0.00131378823 -0.0408065245 -0.99916625
vn -0.00131378823 -0.0408065245 -0.99916625
vn -0.00131378823 -0.0408065245 -0.99916625
vn 0.0372000821 0.0912164152 -0.9951361
vn 0.0372000821 0.0912164152 -0.9951361
vn 0.0372000821 0.0912164152 -0.9951361
vn -0.0324383974 0.077677615 -0.996450663
vn -0.0324383974 0.077677615 -0.996450663
vn -0.0324383974 0.077677615 -0.996450663
vn -0.143091857 0.0121199079 -0.9896352
vn -0.143091857 0.0121199079 -0.9896352
vn -0.143091857 0.0121199079 -0.9896352
vn 0.140159458 0.0745621547 -0.9873175
vn 0.140159458 0.0745621547 -0.9873175
vn 0.140159458 0.0745621547 -0.9873175
vn 0.009805327 0.0189847071 -0.9997717
vn 0.009805327 0.0189847071 -0.9997717
vn 0.009805327 0.0189847071 -0.9997717
vn 0.09028861 0.0005924023 -0.9959155
vn 0.09028861 0.0005924023 -0.9959155
vn 0.09028861 0.0005924023 -0.9959155
vn 0.0123942215 0.0286701266 -0.9995121
vn 0.0123942215 0.0286701266 -0.9995121
vn 0.0123942215 0.0286701266 -0.9995121
vn -0.0472433157 -0.06282942 -0.9969055
vn -0.0472433157 -0.06282942 -0.9969055
vn -0.0472433157 -0.06282942 -0.9969055
vn 4.56592352E-05 0 -1
vn 4.56592352E-05 0 -1
vn 4.56592352E-05 0 -1
vn 0 0 -1
vn 0 0 -1
vn 0 0 -1
vn -0.283567131 -0.185368627 -0.9408657
vn -0.283567131 -0.185368627 -0.9408657
vn -0.283567131 -0.185368627 -0.9408657
vn 0.108957909 -0.00110298069 -0.994045734
vn 0.108957909 -0.00110298069 -0.994045734
vn 0.108957909 -0.00110298069 -0.994045734
vn 0.048820518 -0.06550558 -0.996657252
vn 0.048820518 -0.06550558 -0.996657252
vn 0.048820518 -0.06550558 -0.996657252
vn -0.03383433 -0.0117054619 -0.999358952
vn -0.03383433 -0.0117054619 -0.999358952
vn -0.03383433 -0.0117054619 -0.999358952
vn 0.07595542 -0.04340924 -0.9961659
vn 0.07595542 -0.04340924 -0.9961659
vn 0.07595542 -0.04340924 -0.9961659
vn 0.07791512 -0.0432003923 -0.9960236
vn 0.07791512 -0.0432003923 -0.9960236
vn 0.07791512 -0.0432003923 -0.9960236
vn -4.987714E-05 0.0005625812 -0.9999999
vn -4.987714E-05 0.0005625812 -0.9999999
vn -4.987714E-05 0.0005625812 -0.9999999
vn -0.08736211 -0.0153172864 -0.9960589
vn -0.08736211 -0.0153172864 -0.9960589
vn -0.08736211 -0.0153172864 -0.9960589
vn -0.0508218743 -0.0263252389 -0.9983607
vn -0.0508218743 -0.0263252389 -0.9983607
vn -0.0508218743 -0.0263252389 -0.9983607
vn -4.9206883E-05 0 1
vn -4.9206883E-05 0 1
vn -4.9206883E-05 0 1
vn -9.945895E-06 0 1
vn -9.945895E-06 0 1
vn -9.945895E-06 0 1
vn 1.71059328E-05 0 1
vn 1.71059328E-05 0 1
vn -5.472136E-06 0 1
vn -5.472136E-06 0 1
vn 0 0 1
vn 5.29010958E-06 0 1
vn 0 0 1
vn 0 0 1
vn 0 0 1
vn -3.12436532E-05 0 1
vn -3.12436532E-05 0 1
vn 0 0 1
vn 0 0 1
vn 0 0 1
vn 0 0 1
vn 0 0 1
vn 0 0 1
vn -3.375385E-05 0 1
vn 0 0 1
vn 0 0 1
vn 0 0 1
vn 0 0 1
vn -1.765247E-05 0 1
vn -3.375385E-05 0 1
vn 0 0 1
vn 0 0 1
vn -1.03673674E-05 0 1
vn -1.03673674E-05 0 1
vn 0 0 1
vn 0 0 1
vn 3.74765546E-06 0 1
vn 0 0 1
vn 5.071249E-05 0 1
vn -9.708219E-06 0 1
vn 0 0 1
vn 0 0 1
vn -9.708219E-06 0 1
vn -8.996653E-06 0 1
vn -8.996653E-06 0 1
vn -8.996653E-06 0 1
vn 0 0 1
vn 0 0 1
vn 1.27390158E-05 0 1
vn 2.54314455E-06 0 1
vn 0 0 1
vn 0 0 1
vn 0 0 1
vn -1.79593681E-05 0 1
vn -1.79593681E-05 0 1
vn -1.79593681E-05 0 1
vn -7.42617431E-06 0 1
vn 4.386319E-07 0 1
vn -7.42617431E-06 0 1
vn 7.42617431E-06 0 1
vn 0 0 1
vn 0 0 1
vn 1.1960632E-05 0 1
vn 0 0 1
vn 0 0 1
vn 0 0 1
vn 0 0 1
vn 0 0 1
vn 0 0 1
vn 0 0 1
vn 3.375385E-05 0 1
vn 3.74907468E-05 0 1
vn 0 0 1
vn 3.74907468E-05 0 1
vn 0 0 1
vn -5.20453832E-05 0 1
vn 1.351114E-05 0 1
vn 0 0 1
vn 0 0 1
vn 0 0 1
vn -8.258457E-06 0 1
vn 0 0 1
vn -8.258457E-06 0 1
vn 0 0 1
vn 0 0 1
vn 0 0 1
vn -3.05189751E-05 0 1
vn -3.05189751E-05 0 1
vn -3.05189751E-05 0 1
vn -1.88902341E-05 0 1
vn -1.88902341E-05 0 1
vn -1.88902341E-05 0 1
vn 2.5384019E-05 0 1
vn 2.5384019E-05 0 1
vn 2.5384019E-05 0 1
vn -0.8379923 -0.5418869 -0.0642454252
vn -0.988718569 0.125136927 -0.08231869
vn -0.840092242 -0.5409014 -0.0408744328
vn -0.9942946 0.07224962 -0.0784746557
vn -0.99568516 0.07249951 -0.0579215772
vn -0.808599651 -0.5855013 -0.0579215549
vn -0.9946285 0.103497356 -0.00157347322
vn -0.695396543 0.718569458 0.00902918447
vn -0.994170845 0.104658887 -0.0259001572
vn -0.6835925 0.7268585 -0.06616649
vn -0.0546250641 0.9955424 -0.07688605
vn -0.683012664 0.7293663 -0.03896903
vn -0.101503484 0.9931475 -0.057923425
vn -0.7169864 0.6946764 -0.0579245351
vn -0.07078493 0.9974904 -0.00157351419
vn 0.586864 0.8096352 0.009028563
vn 0.5970817 0.7994475 -0.06615968
vn 0.970923841 0.226707265 -0.07688145
vn 0.599651158 0.7993127 -0.03895848
vn 0.9604339 0.272418171 -0.0579233132
vn 0.559581161 0.8267489 -0.0579233281
vn 0.96905 0.246802941 -0.005514447
vn 0.900997162 -0.433652759 0.0122256586
vn 0.8882645 -0.454816371 -0.0642512962
vn 0.38599205 -0.918821633 -0.0823221952
vn 0.8884608 -0.4571281 -0.04088265
vn 0.5852398 -0.809994042 -0.0374708138
vn 0.5846176 -0.811283946 -0.006377113
vn 0.969328642 -0.245685473 -0.00637722062
vn 0.402135283 -0.914914966 -0.03489764
vn -0.2804622 -0.9592304 -0.03489829
vn 0.4020385 -0.915258169 -0.0258365069
vn -0.8260249 -0.5635011 0.012223701
vn -0.271807253 -0.961999953 -0.0260190777
vn -0.345887065 -0.9369111 -0.0505941063
vn -0.345886856 -0.9369359 -0.0501343459
vn 0.338142335 -0.9397587 -0.05013352
vn 0.4757085 -0.8761931 -0.0773763657
vn -0.2008036 -0.9740831 -0.104115508
vn 0.474286616 -0.8787387 -0.0535773076
vn -0.07172389 -0.994357049 -0.0781655461
vn -0.0723849 -0.9960881 -0.0506850071
vn 0.585616 -0.809002459 -0.0506850369
vn -0.170178875 -0.985388637 -0.006958858
vn -0.763659239 -0.6455544 0.009171194
vn -0.170724824 -0.985095143 -0.0209898166
vn -0.7747867 -0.627139747 -0.08000822
vn -0.995134 0.0202254076 -0.0964325741
vn -0.778032243 -0.626167357 -0.0507960133
vn -0.961257458 -0.273658723 -0.0330907926
vn -0.9623197 -0.2718851 0.004392607
vn -0.562413752 -0.826844335 0.00439269561
vn -0.7583589 0.651836455 -0.0009931027
vn -0.161901623 0.9868064 -0.0009931056
vn -0.762312233 0.64553237 -0.0465625748
vn -0.7669748 0.6406151 -0.03690502
vn -0.999571145 -0.002219528 -0.0291983783
vn -0.998588562 -0.002860546 -0.0530349724
vn -0.169576049 0.980908453 -0.09519751
vn 0.503592253 0.8603742 -0.07842882
vn -0.16675128 0.98481226 -0.04836179
vn 0.407369435 0.9095828 -0.08191031
vn 0.4086918 0.9111191 -0.0532263964
vn -0.273613364 0.9603659 -0.0532264225
vn 0.532359242 0.846397042 0.0143402927
vn 0.951555431 0.30686146 -0.0194495153
vn 0.5324712 0.8460783 -0.0250197332
vn 0.932942569 0.3469912 -0.09599594
vn 0.939051151 -0.336568832 -0.07003174
vn 0.9375309 0.3450595 -0.0443827845
vn 0.966564834 -0.243246853 -0.08113808
vn 0.968275249 -0.244265169 -0.0527021438
vn 0.8982925 0.43622607 -0.05270208
vn 0.93411237 -0.356968969 -0.00269481563
vn 0.486118555 -0.873888731 -0.0026948736
vn 0.933619738 -0.357443124 -0.0242626276
vn 0.730725944 0.6812803 -0.0435520038
vn 0.99816066 0.0517559052 -0.0315693542
vn 0.7319598 0.6811497 -0.0164300725
vn 0.99404186 0.100685276 -0.04175275
vn 0.994622946 0.100507893 -0.0249665249
vn 0.697127 0.7165128 -0.0249665119
vn 0.9992754 0.0366146564 -0.010401208
vn 0.7888441 -0.6141856 -0.0223864969
vn 0.9990996 0.03668967 -0.0213040411
vn 0.225336209 -0.9742094 0.0118159782
vn 0.79641664 -0.603421867 -0.0400327221
vn 0.639162362 -0.76805687 -0.0394990034
vn 0.6382061 -0.767904 -0.05492275
vn 0.9826963 -0.176894113 -0.054922685
vn 0.221957669 -0.9740912 -0.04337357
vn -0.456747472 -0.888901532 -0.0351546034
vn 0.2212102 -0.975055039 -0.0182689279
vn -0.928235948 -0.3709733 -0.0275117122
vn -0.472650617 -0.8809659 -0.0223715417
vn -0.9540221 0.299656779 0.00690221926
vn -0.923892438 -0.380650818 -0.0390867963
vn -0.40981847 -0.911163867 -0.0427695327
vn -0.4102646 -0.911596835 -0.0259642377
vn 0.271959275 -0.9619584 -0.0259642415
vn -0.9847387 -0.169497788 -0.03949882
vn -0.9841281 -0.168746635 -0.0549224764
vn -0.6445461 -0.7625903 -0.05492259
vn -0.955357432 0.292226225 -0.0435436629
vn -0.543908 0.8385506 -0.0315753967
vn -0.955861 0.293359458 -0.0164317768
vn 0.137438253 0.9902572 -0.0223921128
vn -0.5313175 0.846904933 -0.02130292
vn 0.7364887 0.6764146 0.00690199854
vn 0.132340074 0.990433633 -0.03908126
vn -0.5842204 0.810520232 -0.04175477
vn -0.584357738 0.811112 -0.0249679647
vn -0.9690711 0.245515421 -0.0249683969
vn 0.345535636 0.93757385 -0.039502196
vn 0.3458811 0.9366694 -0.05492393
vn -0.3381484 0.939488769 -0.05492295
vn -0.607989 0.792663753 -0.04509481
vn 0.0446086861 0.997007 -0.06314381
vn -0.6074216 0.793899357 -0.027620839
vn 0.07256994 0.9945963 -0.0742418841
vn 0.07256636 0.9954536 -0.0616945662
vn -0.5854346 0.8083688 -0.06169463
vn 0.0303024072 0.9995054 0.008409318
vn 0.6657336 0.746142149 0.008409331
vn 0.0324354731 0.9990244 -0.0299696028
vn 0.672042668 0.7392974 -0.0424031876
vn 0.989246666 0.133504465 -0.0597292371
vn 0.6733301 0.7389336 -0.02457095
vn 0.857720554 -0.514008641 -0.0105199069
vn 0.9873607 0.157559782 -0.017139107
vn 0.3028591 -0.9530349 0.000990796
vn 0.843031168 -0.537077069 -0.0290986355
vn 0.961558759 0.2723038 -0.0354328081
vn 0.9622606 0.271848649 -0.0123620285
vn 0.562352 0.8268056 -0.0123621915
vn 0.7625133 -0.6455075 -0.04351611
vn 0.7620764 -0.6454444 -0.0513921343
vn 0.998672 -0.00362887979 -0.0513911061
vn 0.3311789 -0.9416482 -0.06016018
vn -0.352312446 -0.935318232 -0.03249318
vn 0.330348641 -0.9436658 -0.01909596
vn -0.408349633 -0.9096895 -0.07560181
vn -0.408648223 -0.9105237 -0.06287486
vn 0.273657262 -0.95977 -0.06287487
vn -0.372505546 -0.928004861 0.00682743266
vn -0.881894 -0.471398324 0.006827413
vn -0.374274254 -0.926791251 -0.0312539935
vn -0.983925641 0.1783544 -0.00894706
vn -0.6395223 0.768338442 0.0258302279
vn -0.983237863 0.179902971 -0.02963598
vn -0.9971986 -0.07206709 0.0200337842
vn -0.810111642 0.585933268 0.020033801
vn -0.9962243 -0.07097662 0.0499953851
vn -0.717525959 0.6947352 -0.04999578
vn -0.717571437 0.6961968 -0.0200342145
vn -0.9972118 0.0718835 -0.0200342331
vn -0.244135335 0.9695342 0.0200323667
vn 0.436313063 0.8995719 0.0200327355
vn -0.24289161 0.9687643 0.04999409
vn 0.55954057 0.8272941 -0.0499887541
vn 0.560973 0.8275918 -0.0200309269
vn -0.102376178 0.9945441 -0.02003057
vn 0.9124108 0.408785135 0.02003376
vn 0.9616576 -0.27352038 0.0200337656
vn 0.9118682 0.407427132 0.04999511
vn 0.911868632 -0.407426238 -0.0499951765
vn 0.912411153 -0.408784181 -0.020033842
vn 0.9616573 0.273521364 -0.020033842
vn 0.6458845 -0.763246357 0.0169751178
vn 0.004071802 -0.999847651 0.0169747975
vn 0.645522654 -0.763107538 0.031103855
vn -0.0732395947 -0.9971729 -0.016797673
vn -0.07363668 -0.9972851 0
vn 0.5846293 -0.8113005 0
vn -0.2718955 -0.9623268 0
vn -0.8268528 -0.562418461 0
vn -0.272230268 -0.9620855 0.0167975686
vn -0.867590249 -0.496306181 -0.0311026778
vn -0.8679779 -0.496312678 -0.0169740412
vn -0.34579283 -0.9381573 -0.0169737153
vn 0.768641651 -0.6394545 0.0169714447
vn 0.177634761 -0.983950138 0.01697149
vn 0.768260658 -0.6393812 0.031102065
vn 0.101033688 -0.9947412 -0.0167976655
vn 0.100662015 -0.9949207 0
vn 0.716664 -0.69741863 0
vn -0.100661941 -0.9949207 0
vn -0.716664 -0.69741863 0
vn -0.101033688 -0.9947412 0.0167977344
vn -0.76825726 -0.639385164 -0.0311044045
vn -0.768638 -0.6394587 -0.01697369
vn -0.177629948 -0.983951 -0.0169736743
vn -0.9695344 -0.244134575 0.0200338475
vn -0.8995717 0.436313331 0.0200341977
vn -0.968764246 -0.2428915 0.0499952324
vn -0.827293754 0.5595408 -0.04999145
vn -0.8275922 0.5609723 -0.0200340338
vn -0.99454397 -0.102376409 -0.0200336874
vn -0.408782721 0.912411869 0.02003236
vn 0.2735233 0.961656749 0.02003235
vn -0.407424 0.911869645 0.0499942377
vn 0.4074277 0.9118681 -0.0499924123
vn 0.408786625 0.9124102 -0.0200305264
vn -0.273519427 0.9616579 -0.020030532
vn 0.8275634 0.5610146 0.0200348832
vn 0.9945443 -0.102372922 0.0200348981
vn 0.8272646 0.559583545 0.0499963239
vn 0.968764246 -0.2428915 -0.0499952324
vn 0.9695344 -0.244134516 -0.0200338475
vn 0.8995717 0.436313421 -0.0200342
vn 0.983925343 0.177771866 0.0169726
vn 0.8679269 -0.496401966 0.0169726238
vn 0.9836242 0.177527428 0.03110303
vn 0.716818333 -0.6957479 -0.04589579
vn 0.717081845 -0.6959776 -0.03753325
vn 0.9967224 -0.07166445 -0.037533313
vn 0.697197 -0.7161694 0.0319003128
vn 0.0733751655 -0.9967941 0.0318997353
vn 0.6970798 -0.716816068 0.01595262
vn -0.4098778 -0.912000954 -0.015952291
vn -0.4102089 -0.9114335 -0.0319000669
vn 0.271970928 -0.9617766 -0.0318995081
vn -0.435796827 -0.89926213 0.03753409
vn -0.9121013 -0.408242971 0.0375341028
vn -0.4356279 -0.898956 0.0458964072
vn -0.985022247 -0.169598639 -0.0311040822
vn -0.9853888 -0.16947189 -0.016973814
vn -0.645804763 -0.7633139 -0.016973801
vn -0.9617091 0.2733392 0.02003323
vn -0.560856342 0.8276707 0.0200332459
vn -0.960420549 0.274030924 0.04999498
vn -0.436644882 0.898243666 -0.0499958955
vn -0.4361873 0.8996329 -0.0200341046
vn -0.9124888 0.4086109 -0.0200340729
vn 0.102191642 0.994563 0.0200342145
vn 0.7176741 0.696090937 0.0200345125
vn 0.103096515 0.9934141 0.0499958619
vn 0.8087466 0.5860289 -0.0499924049
vn 0.8101939 0.5858195 -0.0200346839
vn 0.243950576 0.9695807 -0.020034261
vn -0.7686386 0.63945806 0.0169726051
vn -0.177630365 0.9839509 0.0169726219
vn -0.768257737 0.639384568 0.03110308
vn -0.101028949 0.9947417 -0.0167975314
vn -0.100657277 0.994921148 0
vn -0.716660738 0.697421968 0
vn 0.100657277 0.994921148 0
vn 0.716660738 0.697421968 0
vn 0.101028919 0.9947417 0.0167975836
vn 0.7682575 0.639384866 -0.0311031211
vn 0.7686384 0.639458358 -0.0169726
vn 0.177630067 0.983951 -0.0169726126
vn 0.969534 0.244136319 0.0200336911
vn 0.8995516 -0.436355 0.0200336985
vn 0.9687639 0.242893189 0.0499953181
vn 0.827295065 -0.5595388 -0.0499917828
vn 0.8275934 -0.5609704 -0.0200340711
vn 0.9945438 0.102378495 -0.0200336911
vn 0.4087829 -0.9124118 0.0200323127
vn -0.273522884 -0.961656868 0.0200323146
vn 0.4074245 -0.911869466 0.0499944761
vn -0.407428116 -0.9118677 -0.0499961972
vn -0.408786148 -0.912410259 -0.0200340748
vn 0.273519278 -0.9616579 -0.0200340953
vn -0.8275917 -0.560973 0.02003352
vn -0.9945441 0.102375671 0.0200331733
vn -0.827293336 -0.559541464 0.0499908738
vn -0.9687643 0.242891476 -0.04999513
vn -0.9695344 0.244134635 -0.0200337376
vn -0.8995508 -0.4363565 -0.0200337339
vn 0.803826034 0.5938244 -0.0351608247
vn 0.998569965 -0.00187627017 -0.05342783
vn 0.947648764 0.313639939 -0.0599318
vn 0.9554694 0.2925452 -0.0386719666
vn 0.595537841 0.8032994 0.00669056829
vn 0.3090242 0.9510542 3.11434314E-06
vn 0.587779045 0.809021533 -1.44541264E-06
vn 0.309010774 0.9510585 -2.37673544E-06
vn 4.69572842E-06 1 -1.08033419E-06
vn -0.309010923 0.9510585 -2.205372E-06
vn -4.87267971E-06 1 2.2649765E-06
vn -0.3090247 0.951054037 -2.10106373E-06
vn -0.587793767 0.8090108 -1.090765E-05
vn -0.8038262 0.5938242 -0.0351612754
vn -0.5955377 0.8032995 0.006692245
vn -0.95546937 0.292545646 -0.03867011
vn -0.9991058 0.007437098 -0.0416206568
vn -0.941896141 0.334099859 -0.03477016
vn -0.9544715 -0.293916881 -0.0509606451
vn -0.8063749 -0.5886185 -0.05733941
vn -0.9567419 -0.287843525 -0.0423199572
vn -0.8119519 -0.581718266 -0.0483529158
vn -0.595620334 -0.8013933 -0.05482031
vn -0.30576548 -0.950226843 -0.059803
vn -0.5969959 -0.8005947 -0.05142085
vn -0.3129737 -0.9481606 -0.0551272444
vn -0.00242782081 -0.998406 -0.0563882478
vn 0.312973768 -0.9481606 -0.0551272221
vn 0.00242811418 -0.9984061 -0.0563853532
vn 0.305765718 -0.9502267 -0.05980463
vn 0.596995652 -0.800595045 -0.05141776
vn 0.8119519 -0.5817182 -0.0483544134
vn 0.5956204 -0.8013932 -0.05482048
vn 0.8063749 -0.588618457 -0.057339482
vn 0.950487554 -0.303922117 -0.06484382
vn 0.999382257 0.0188658815 -0.0296527371
vn 0.954471469 -0.293917179 -0.05096066
vn 0.94189626 0.334099561 -0.03477018
vn -0.4056507 0.529249668 -0.7452129
vn -0.244193718 0.6190132 -0.746453
vn -0.606585562 0.3190211 -0.728202939
vn -0.4156019 0.5720741 -0.707111239
vn 1.86711532E-05 0.7071289 -0.707084656
vn -0.241820708 0.664448857 -0.7071283
vn -1.60634536E-05 0.7070912 -0.7071224
vn 0.24181594 0.6644691 -0.7071109
vn -0.241815865 0.664469242 -0.7071108
vn -1.70916319E-05 0.707135 -0.7070786
vn 0.4156037 0.57208 -0.707105458
vn 0.241822809 0.6644554 -0.707121432
vn 0.405648828 0.5292477 -0.7452154
vn 0.6065838 0.319019049 -0.7282053
vn 0.244191855 0.6190115 -0.7464551
vn -0.0100126406 -0.05671008 -0.9983405
vn -0.0100126406 -0.05671008 -0.9983405
vn -0.0100126406 -0.05671008 -0.9983405
vn -0.0183904245 -0.06222721 -0.997892559
vn -0.0183904245 -0.06222721 -0.997892559
vn -0.0183904245 -0.06222721 -0.997892559
vn -0.04234795 -0.0355390646 -0.998470664
vn -0.04234795 -0.0355390646 -0.998470664
vn -0.04234795 -0.0355390646 -0.998470664
vn 0.0544168763 -0.002154631 -0.998516
vn 0.0544168763 -0.002154631 -0.998516
vn 0.0544168763 -0.002154631 -0.998516
vn -0.0131899538 0.0266453587 -0.9995579
vn -0.01475317 0.0261559449 -0.999549031
vn -0.0234590229 0.07395133 -0.9969859
vn 0.0147541873 -0.026145827 -0.99954927
vn 0.0234600268 -0.07394119 -0.9969866
vn 0.013190954 -0.0266351737 -0.9995582
vn -0.999245 0.0165148787 0.0351673141
vn -0.999245 0.0165148787 0.0351673141
vn -0.999245 0.0165148787 0.0351673141
vn -0.9988895 -0.009173678 0.0462134555
vn -0.9988895 -0.009173678 0.0462134555
vn -0.9988718 -0.0129290326 0.0456943959
vn -0.9988718 -0.0129290326 0.0456943959
vn -0.998691 -0.00278732576 0.0510729849
vn -0.9986859 -0.00254604872 0.0511856638
vn -0.9986859 -0.00254604872 0.0511856638
vn -0.9986859 -0.00254604872 0.0511856638
vn -0.999283135 0.010696386 0.03631641
vn -0.999283135 0.010696386 0.03631641
vn -1 5.25170026E-06 -7.35242054E-07
vn -1 5.25170026E-06 -7.35242054E-07
vn -1 5.25170026E-06 -7.35242054E-07
vn -1 -2.49501318E-06 -1.02134642E-07
vn -1 -2.49501318E-06 -1.02134642E-07
vn -1 -2.49501318E-06 -1.02134642E-07
vn -0.9986216 -0.05193634 0.007585888
vn -0.9986216 -0.05193634 0.007585888
vn -0.9986216 -0.05193634 0.007585888
vn -0.999129534 -0.0402919836 0.0108056627
vn -0.999129534 -0.0402919836 0.0108056627
vn -0.999129534 -0.0402919836 0.0108056627
vn -0.9975225 0.0409045778 0.0572335161
vn -0.9975225 0.0409045778 0.0572335161
vn -0.9975225 0.0409045778 0.0572335161
vn -0.9962325 -0.0768234059 0.0402368344
vn -0.9962325 -0.0768234059 0.0402368344
vn -0.9962325 -0.0768234059 0.0402368344
vn -1 -1.45404624E-06 -8.03346438E-07
vn -1 -1.45404624E-06 -8.03346438E-07
vn -1 -1.45404624E-06 -8.03346438E-07
vn -1 -2.588179E-06 -1.04121932E-06
vn -1 -2.588179E-06 -1.04121932E-06
vn -1 1.07053552E-06 -9.865732E-07
vn -1 1.07053552E-06 -9.865732E-07
vn -0.9990908 -0.0078208195 -0.0419096649
vn -0.9990908 -0.0078208195 -0.0419096649
vn -0.998372734 -9.591366E-05 -0.0570252128
vn -0.998372734 -9.591366E-05 -0.0570252128
vn -0.999611437 -0.010739971 -0.0257231239
vn -0.999611437 -0.010739971 -0.0257231239
vn -0.999799 -0.0192320682 -0.005667484
vn -0.99965626 -0.00127920473 0.0261863228
vn -0.99965626 -0.00127920473 0.0261863228
vn -1 -1.85516558E-06 5.798363E-07
vn -0.999815941 0.000673648959 0.0191738028
vn -1 0 1.28366014E-06
vn -0.999940753 0.007271565 -0.008098203
vn -0.999940753 0.007271565 -0.008098203
vn -0.999940753 0.007271565 -0.008098203
vn -0.9999255 0.0116110686 0.00377265923
vn -0.998732269 0.0237311088 0.04439365
vn -0.998732269 0.0237311088 0.04439365
vn -0.999605954 0.02804374 -0.00126654084
vn -0.999605954 0.02804374 -0.00126654084
vn -0.999605954 0.02804374 -0.00126654084
vn -0.998254955 -0.0305314418 -0.0505455174
vn -0.998254955 -0.0305314418 -0.0505455174
vn -0.998254955 -0.0305314418 -0.0505455174
vn -1 0 -1.14045554E-06
vn -1 0 -1.14045554E-06
vn -1 0 -1.14045554E-06
vn -1 1.31821434E-06 -7.28300563E-07
vn -1 1.31821434E-06 -7.28300563E-07
vn -0.9998344 0.00288430578 -0.0179694034
vn -0.9998344 0.00288430578 -0.0179694034
vn -0.9999466 -0.00718350243 -0.0074357125
vn -0.9999466 -0.00718350243 -0.0074357125
vn -0.99993515 -0.0108359028 0.00352085428
vn -1 0 4.62090242E-07
vn -1 0 4.62090242E-07
vn -1 0 1.60469415E-06
vn -0.999847531 0.002050693 0.0173434317
vn -0.9999505 0.009643794 0.002441999
vn -0.999616265 0.00230192626 0.02760513
vn -0.999616265 0.00230192626 0.02760513
vn -0.999616265 0.00230192626 0.02760513
vn -1 0 6.518942E-07
vn -1 0 6.518942E-07
vn -1 0 6.518942E-07
vn -0.999802947 0.0188425053 -0.006249559
vn -0.997745931 0.0400151126 -0.0538693219
vn -0.9991834 0.007408805 -0.0397187248
vn -0.999802947 0.0188425053 -0.006249559
vn -0.997745931 0.0400151126 -0.0538693219
vn -0.997745931 0.0400151126 -0.0538693219
vn -0.9960909 0.0801043957 -0.037232548
vn -0.9960909 0.0801043957 -0.037232548
vn -0.9960909 0.0801043957 -0.037232548
vn -0.9961173 0 0.08803623
vn -0.9961173 0 0.08803623
vn -0.9961173 0 0.08803623
vn -0.968481958 0.07811258 0.2365187
vn -0.968481958 0.07811258 0.2365187
vn -0.968481958 0.07811258 0.2365187
vn -0.97840184 -0.197742254 -0.060232047
vn -0.97840184 -0.197742254 -0.060232047
vn -0.97840184 -0.197742254 -0.060232047
vn -1 0 -7.35846129E-07
vn -1 0 -7.35846129E-07
vn -1 0 -7.35846129E-07
vn -0.9998373 0.008837894 -0.0157274846
vn -0.9998373 0.008837894 -0.0157274846
vn -0.9998373 0.008837894 -0.0157274846
vn -0.999691367 -0.0248399153 0.000316970254
vn -0.999691367 -0.0248399153 0.000316970254
vn -0.999691367 -0.0248399153 0.000316970254
vn -0.9987931 0.04859937 0.007098421
vn -0.9987931 0.04859937 0.007098421
vn -0.9987931 0.04859937 0.007098421
vn -0.9945381 0.0884833261 0.055359222
vn -0.9945381 0.0884833261 0.055359222
vn -0.9945381 0.0884833261 0.055359222
vn -1 0 -2.10852889E-07
vn -1 0 -2.10852889E-07
vn -1 0 -2.10852889E-07
vn -0.9959933 0.08307218 -0.03311159
vn -0.9959933 0.08307218 -0.03311159
vn -0.9959933 0.08307218 -0.03311159
vn -0.998909652 0.0359457433 0.0297893472
vn -0.998909652 0.0359457433 0.0297893472
vn -0.998909652 0.0359457433 0.0297893472
vn -0.9984812 -0.0190142747 0.05170815
vn -0.9984812 -0.0190142747 0.05170815
vn -0.9993952 0.009510047 0.03344916
vn -0.9993952 0.009510047 0.03344916
vn -1 0 -1.78533028E-07
vn -1 2.65849985E-06 6.39431335E-07
vn -1 0 -1.78533028E-07
vn -1 2.65849985E-06 6.39431335E-07
vn -1 2.65849985E-06 6.39431335E-07
vn -1 2.02293745E-06 1.018198E-06
vn -1 2.02293745E-06 1.018198E-06
vn -0.9998156 -0.0189271588 0.00325421779
vn -0.9998202 -0.0143294595 0.012425364
vn -0.9998202 -0.0143294595 0.012425364
vn -0.9990609 -0.02126925 0.0377483442
vn -0.9990609 -0.02126925 0.0377483442
vn -0.9990609 -0.02126925 0.0377483442
vn -0.999695539 0.0207769051 -0.0133107686
vn -0.999695539 0.0207769051 -0.0133107686
vn -0.999695539 0.0207769051 -0.0133107686
vn -0.999166131 0.00134408055 0.0408075377
vn -0.999166131 0.00134408055 0.0408075377
vn -0.999166131 0.00134408055 0.0408075377
vn -0.995135963 -0.03718885 -0.0912219062
vn -0.995135963 -0.03718885 -0.0912219062
vn -0.995135963 -0.03718885 -0.0912219062
vn -0.9964511 0.03243996 -0.0776720643
vn -0.9964511 0.03243996 -0.0776720643
vn -0.9964511 0.03243996 -0.0776720643
vn -0.998877943 0.008535224 -0.0465842038
vn -0.998877943 0.008535224 -0.0465842038
vn -0.998921156 0.0261904616 -0.0383474752
vn -0.99022764 -0.09427348 0.102770068
vn -0.99022764 -0.09427348 0.102770068
vn -0.99022764 -0.09427348 0.102770068
vn -0.9896274 0.143145666 -0.0121215051
vn -0.9896274 0.143145666 -0.0121215051
vn -0.9896274 0.143145666 -0.0121215051
vn -0.999771237 -0.009858507 -0.0189815443
vn -0.999771237 -0.009858507 -0.0189815443
vn -0.999771237 -0.009858507 -0.0189815443
vn -0.9947647 -0.0448130928 -0.09184265
vn -0.9947647 -0.0448130928 -0.09184265
vn -0.9947647 -0.0448130928 -0.09184265
vn -1 -6.31345029E-06 -3.15672514E-06
vn -1 -6.31345029E-06 -3.15672514E-06
vn -0.999849856 0.00598047441 -0.016265206
vn -1 0 0
vn -0.999748349 0 -0.0224341974
vn -0.999849856 0.00598047441 -0.016265206
vn -0.999849856 0.00598047441 -0.016265206
vn -0.9999125 0.0132303163 5.66938543E-05
vn -0.999608338 0.00691405544 -0.0271183252
vn -0.999826849 0.0185922813 0.0008353969
vn -0.9991185 0.0114379376 0.0403905921
vn -0.9991185 0.0114379376 0.0403905921
vn -0.9991185 0.0114379376 0.0403905921
vn -1 5.600986E-06 -1.06969208E-06
vn -1 0 0
vn -0.9998798 -0.0154959653 0.0005570144
vn -0.9997577 -0.0115011074 -0.018769877
vn -0.9997368 -0.0204961747 0.0103108408
vn -1 5.600986E-06 -1.06969208E-06
vn -1 5.600986E-06 -1.06969208E-06
vn -1 5.03646424E-06 3.70699149E-06
vn -0.999737442 -0.019436365 -0.0121380929
vn -1 -9.178826E-07 7.067735E-07
vn -0.999737442 -0.019436365 -0.0121380929
vn -0.999737442 -0.019436365 -0.0121380929
vn -1 -3.12039742E-06 1.17793684E-06
vn -1 -3.12039742E-06 1.17793684E-06
vn -1 -9.43738144E-07 4.53982068E-07
vn -1 -9.43738144E-07 4.53982068E-07
vn -1 3.81158031E-07 -1.84223552E-07
vn -0.999828 0.0123781832 0.013814955
vn -0.999828 0.0123781832 0.013814955
vn -0.999828 0.0123781832 0.013814955
vn -0.9900053 -0.0534003526 0.130529255
vn -0.9900053 -0.0534003526 0.130529255
vn -0.9900053 -0.0534003526 0.130529255
vn -0.9917504 -0.121909745 -0.03961167
vn -0.9917504 -0.121909745 -0.03961167
vn -0.9917504 -0.121909745 -0.03961167
vn -0.9963721 0.06407832 -0.05600617
vn -0.9963721 0.06407832 -0.05600617
vn -0.9963721 0.06407832 -0.05600617
vn -0.999512136 -0.0123902112 -0.028670704
vn -0.999512136 -0.0123902112 -0.028670704
vn -0.999512136 -0.0123902112 -0.028670704
vn -0.99113524 0.0768744051 0.108357325
vn -0.99113524 0.0768744051 0.108357325
vn -0.99113524 0.0768744051 0.108357325
vn -1 -3.62471178E-06 -1.64453539E-07
vn -1 -3.62471178E-06 -1.64453539E-07
vn -1 -3.62471178E-06 -1.64453539E-07
vn -1 1.11584732E-05 6.96319148E-07
vn -1 1.11584732E-05 6.96319148E-07
vn -1 1.11584732E-05 6.96319148E-07
vn -1 -2.04498974E-06 -3.18047455E-07
vn -1 -2.04498974E-06 -3.18047455E-07
vn -1 -2.04498974E-06 -3.18047455E-07
vn -0.9408753 0.283519357 0.185392812
vn -0.9408753 0.283519357 0.185392812
vn -0.9408753 0.283519357 0.185392812
vn -0.9914407 -0.121593066 -0.0475443564
vn -0.9914407 -0.121593066 -0.0475443564
vn -0.9914407 -0.121593066 -0.0475443564
vn -0.996654749 -0.04887199 0.06550475
vn -0.996654749 -0.04887199 0.06550475
vn -0.996654749 -0.04887199 0.06550475
vn -0.999357939 0.0338645466 0.011702056
vn -0.999357939 0.0338645466 0.011702056
vn -0.999357939 0.0338645466 0.011702056
vn -0.981220067 -0.18939729 0.0365488827
vn -0.981220067 -0.18939729 0.0365488827
vn -0.981220067 -0.18939729 0.0365488827
vn -0.9994037 -0.00431308663 -0.0342581458
vn -0.9994037 -0.00431308663 -0.0342581458
vn -0.9994037 -0.00431308663 -0.0342581458
vn -0.997001052 0.06725221 -0.03828912
vn -0.997001052 0.06725221 -0.03828912
vn -0.997001052 0.06725221 -0.03828912
vn -0.9999999 2.95331356E-05 -0.000572820136
vn -0.9999999 2.95331356E-05 -0.000572820136
vn -0.9999999 2.95331356E-05 -0.000572820136
vn -0.9917049 0.126562238 0.0224378482
vn -0.9917049 0.126562238 0.0224378482
vn -0.9917049 0.126562238 0.0224378482
vn -0.9975537 0.058918044 0.0376202837
vn -0.9975537 0.058918044 0.0376202837
vn -0.9975537 0.058918044 0.0376202837
vn -0.997695267 -0.0668720752 0.0115028061
vn -0.997695267 -0.0668720752 0.0115028061
vn -0.997695267 -0.0668720752 0.0115028061
vn 1 0 1.13392055E-07
vn 1 0 1.13392055E-07
vn 1 0 1.13392055E-07
vn 1 5.366847E-06 1.39139658E-07
vn 1 5.366847E-06 1.39139658E-07
vn 1 5.366847E-06 1.39139658E-07
vn 1 -1.24322435E-06 -1.730168E-07
vn 1 -1.24322435E-06 -1.730168E-07
vn 1 -1.24322435E-06 -1.730168E-07
vn 1 0 0
vn 1 0 0
vn 1 0 0
vn 1 2.13825069E-06 8.46600244E-07
vn 1 2.13825069E-06 8.46600244E-07
vn 1 -6.84017E-07 1.1007146E-06
vn 1 -6.84017E-07 1.1007146E-06
vn 1 -2.77121921E-06 7.655358E-07
vn 1 -2.77121921E-06 7.655358E-07
vn 1 -2.77121921E-06 7.655358E-07
vn 1 0 -3.525624E-07
vn 1 -1.15162266E-06 2.01902111E-07
vn 1 0 5.776896E-07
vn 1 0 1.9553213E-06
vn 1 -3.23379027E-06 -1.5750187E-06
vn 1 0 1.26366544E-07
vn 1 0 1.26366544E-07
vn 1 3.927863E-06 0
vn 1 0 0
vn 1 7.06023229E-07 2.430106E-07
vn 1 0 0
vn 1 0 1.9553213E-06
vn 1 -1.81708481E-06 1.81968426E-06
vn 1 0 1.9553213E-06
vn 1 -6.479706E-07 0
vn 1 0 2.27029318E-06
vn 1 1.178392E-06 1.47069755E-07
vn 1 1.178392E-06 1.47069755E-07
vn 1 -1.09658359E-07 0
vn 1 0 -2.27009173E-06
vn 1 0 0
vn 1 0 -2.27009173E-06
vn 1 0 0
vn 1 0 -5.994768E-07
vn 1 0 2.61419E-06
vn 1 0 0
vn 1 -2.97534E-06 2.99050384E-07
vn 1 2.71220279E-06 1.09111363E-06
vn 1 2.71220279E-06 1.09111363E-06
vn 1 0 8.701928E-07
vn 1 -1.39449776E-06 -4.404259E-07
vn 1 -1.39449776E-06 -4.404259E-07
vn 1 -2.58311161E-06 -6.21301069E-07
vn 1 1.70100418E-06 2.71346067E-07
vn 1 1.70100418E-06 2.71346067E-07
vn 1 0 -3.34622229E-07
vn 1 0 4.09237543E-07
vn 1 2.79751566E-06 7.72800149E-07
vn 1 2.79751566E-06 7.72800149E-07
vn 1 4.800607E-06 2.668676E-07
vn 1 4.800607E-06 2.668676E-07
vn 1 0 5.882065E-07
vn 1 3.549586E-06 -2.469991E-07
vn 1 3.549586E-06 -2.469991E-07
vn 1 6.70449765E-07 -3.43989683E-07
vn 1 6.70449765E-07 -3.43989683E-07
vn 1 0 0
vn 1 0 0
vn 1 -9.637997E-06 -6.014373E-07
vn 1 -9.637997E-06 -6.014373E-07
vn 1 -9.637997E-06 -6.014373E-07
vn 1 -3.91573349E-06 -5.3069E-07
vn 1 -3.91573349E-06 -5.3069E-07
vn 1 -3.91573349E-06 -5.3069E-07
vn 1 2.543442E-06 -2.05243441E-06
vn 1 2.543442E-06 -2.05243441E-06
vn 1 2.543442E-06 -2.05243441E-06
vn 1 -8.202638E-06 7.89508363E-07
vn 1 -8.202638E-06 7.89508363E-07
vn 1 -8.202638E-06 7.89508363E-07
vn 1 0 0
vn 1 0 0
vn 1 0 0
vn 1 -1.980961E-06 0
vn 1 -1.980961E-06 0
vn 1 -1.980961E-06 0
vn 1 0 -7.42231E-07
vn 1 0 -7.42231E-07
vn 1 0 -7.42231E-07
vn 1 2.76409264E-06 0
vn 1 2.76409264E-06 0
vn 1 2.76409264E-06 0
vn 1 4.009302E-06 0
vn 1 4.009302E-06 0
vn 1 4.009302E-06 0
vn 1 0 9.595386E-07
vn 1 0 9.595386E-07
vn 1 0 9.595386E-07
vn 1 1.3348641E-05 -1.77557786E-06
vn 1 1.3348641E-05 -1.77557786E-06
vn 1 -8.007907E-06 1.21734934E-06
vn 1 -8.007907E-06 1.21734934E-06
vn 1 -8.007907E-06 1.21734934E-06
vn 1 0 3.83038832E-06
vn 1 0 3.83038832E-06
vn 1 0 3.83038832E-06
vn -0.064236246 0.837999 0.5418777
vn -0.0823081955 0.9887243 -0.125098273
vn -0.04086582 0.8400983 0.5408926
vn -0.0374737941 0.9940967 0.101820573
vn -0.00638092356 0.9949026 0.100638352
vn -0.006382279 0.697410166 0.71664387
vn -0.0401024669 0.993795037 -0.103746444
vn -0.0294999424 0.694568038 -0.718822
vn -0.0254116282 0.9942458 -0.10406512
vn -0.00222561066 0.0546447039 -0.9985034
vn -0.0267792251 0.682483435 -0.730410337
vn -0.0521511659 0.6383592 -0.7679699
vn -0.0513002463 0.6383978 -0.7679951
vn -0.0512996763 0.9828684 -0.17702581
vn 0.008492303 -0.600037456 -0.7999269
vn -0.00223001814 -0.9738528 -0.227168992
vn -0.0267803054 -0.6008294 -0.7989286
vn 0.0113798492 -0.8887386 0.458273143
vn -0.00668878574 -0.3864666 0.9222792
vn -0.0275136475 -0.8879327 0.459149718
vn -0.00551431 0.2708116 0.9626166
vn 0.0122252116 0.8260403 0.56347847
vn -0.05791593 0.244257748 0.9679793
vn -0.0689317659 0.280582815 0.957351446
vn -0.0361522362 -0.400591046 0.915543437
vn -0.0689288452 -0.402017236 0.913033962
vn -0.07738968 -0.475672573 0.8762114
vn -0.104121536 0.200799227 0.974083364
vn -0.0535940975 -0.474247634 0.8787587
vn -0.07816832 0.07172247 0.99435693
vn -0.05069018 0.0723811463 0.9960881
vn -0.0506910868 -0.585579038 0.8090288
vn -0.00695267133 0.170161828 0.9853916
vn 0.009177692 0.763616264 0.6456051
vn -0.0209826883 0.170706227 0.985098541
vn -0.08000632 0.774780452 0.627147734
vn -0.0964344 0.995134056 -0.0202150941
vn -0.050795462 0.7780255 0.626175761
vn -0.0330876261 0.9612545 0.273669571
vn 0.00439654151 0.9623169 0.27189514
vn 0.00439525163 0.5624047 0.8268505
vn -0.0009875988 0.75832516 -0.6518758
vn -0.0009876016 0.161898732 -0.9868069
vn -0.0465620123 0.7622777 -0.6455732
vn -0.03690112 0.7670086 -0.6405749
vn -0.02919484 0.999571264 0.00222453475
vn -0.05303411 0.9985886 0.00286456966
vn -0.09518814 0.169585884 -0.9809077
vn -0.07842113 -0.503582954 -0.860380352
vn -0.0483540036 0.166762739 -0.9848107
vn -0.0819077 -0.407373965 -0.909581
vn -0.0532251336 -0.4086969 -0.911116838
vn -0.0532251559 0.273608446 -0.9603674
vn 0.0143419616 -0.5323619 -0.8463954
vn -0.0194488559 -0.9515417 -0.306904137
vn -0.0250199139 -0.532474756 -0.8460761
vn -0.0959905162 -0.932942748 -0.346992284
vn -0.070036 -0.9390673 0.3365228
vn -0.0443815254 -0.9375302 -0.345061332
vn -0.08113674 -0.9665637 0.243252039
vn -0.0527022369 -0.9682742 0.244269535
vn -0.0527032837 -0.89831537 -0.436178774
vn -0.0026896724 -0.9341147 0.35696283
vn -0.00268628658 -0.4861249 0.8738853
vn -0.02425613 -0.933622539 0.357436061
vn -0.04354528 -0.7307264 -0.6812802
vn -0.0315713361 -0.998158157 -0.05180353
vn -0.0164274648 -0.7319593 -0.6811504
vn -0.07430589 -0.994576335 0.07277705
vn -0.06892987 -0.994968355 0.07270897
vn -0.06892986 -0.807887 -0.5852925
vn 0.0123216 -0.9992685 -0.03620398
vn 0.000329310569 -0.788840652 0.614597738
vn -0.0396402553 -0.9986626 -0.0331928469
vn -0.03157719 -0.2243337 0.9740007
vn -0.0164328236 -0.797898054 0.602568448
vn -0.0125170667 0.4565658 0.8896016
vn -0.0214395076 -0.22208564 0.974791467
vn -0.00418038154 0.928818166 0.3705123
vn -0.04001415 0.475769132 0.878659546
vn -0.03796324 0.953282952 -0.2996838
vn -0.016868474 0.923553348 0.383098841
vn 0.0118240733 0.5449536 -0.83838284
vn -0.0400285162 0.954772055 -0.294631958
vn -0.04175539 -0.2718214 0.9614414
vn -0.0249703024 -0.2717494 0.96204406
vn -0.0249711461 -0.826685846 0.562109351
vn -0.04200998 0.6453584 0.762723863
vn -0.0574574359 0.645357132 0.761717
vn -0.0574571453 0.0035549996 0.9983417
vn -0.07293652 0.9098131 -0.408558935
vn -0.06752869 0.910198748 -0.408629566
vn -0.06752881 0.9594485 0.2736757
vn -0.0339222439 0.531598 -0.8463173
vn -0.04591635 -0.1371778 -0.9894817
vn -0.0189912338 0.531158745 -0.8470595
vn -0.0729353 -0.244318515 -0.9669483
vn -0.06752912 -0.244322211 -0.9673399
vn -0.0675279051 0.4361235 -0.8973496
vn 0.00689258426 -0.129419059 -0.991566062
vn 0.0068942355 -0.736516535 -0.6763844
vn -0.0390902758 -0.132333949 -0.9904341
vn -0.0451047234 0.607962668 -0.7926834
vn -0.06315169 -0.04459584 -0.9970071
vn -0.0276323948 0.6073936 -0.793920338
vn -0.0742447153 -0.07255541 -0.994597137
vn -0.0616963245 -0.07255144 -0.9954546
vn -0.0616973862 0.585407436 -0.8083883
vn 0.00841034949 -0.03031376 -0.999505043
vn 0.008408732 -0.665706158 -0.7461666
vn -0.029969275 -0.03244698 -0.999024034
vn 0.00114230067 -0.987409234 -0.158182338
vn 0.0182850361 -0.858022869 0.5132859
vn -0.028770322 -0.9873228 -0.156096011
vn -0.00488530844 -0.333424032 0.9427643
vn 0.02278216 0.350068748 0.936446965
vn -0.029296834 -0.33155477 0.942981
vn -0.0521864071 0.371567249 0.9269382
vn -0.0521898 0.880949259 0.470324
vn -0.0253847465 0.373349 0.9273436
vn -0.0389547348 0.810334 0.5846719
vn -0.0152958222 0.811229 0.5845285
vn -0.0152972061 0.245584846 0.9692544
vn -0.009595198 0.889704 0.456437
vn -0.03772951 0.9743723 -0.221754715
vn -0.02218438 0.889353335 0.456682116
vn -0.041040197 0.93739897 -0.345830619
vn -0.04924121 0.936968446 -0.34592694
vn -0.04924011 0.939804137 0.338147461
vn -0.008949354 0.9839273 -0.178345248
vn 0.0258263182 0.639529 -0.7683331
vn -0.029638337 0.9832394 -0.17989406
vn 0.0103882216 -0.00122287869 -0.9999453
vn -0.03291996 -0.00432691 -0.9994486
vn -0.03291907 0.639416158 -0.7681558
vn 0.0530221164 0.24426572 -0.968257666
vn 0.0530230738 -0.4361821 -0.898294866
vn 0.0273613259 0.2431557 -0.9696013
vn -0.01594962 -0.900232434 -0.435117364
vn -0.03189795 -0.90012157 -0.434469372
vn -0.03189964 -0.409884542 -0.91157943
vn 0.03753369 -0.9118764 -0.4087452
vn 0.0375337675 -0.9611223 0.2735602
vn 0.0458965264 -0.911550164 -0.408619374
vn -0.0311038066 -0.863583744 0.503245234
vn -0.0169733036 -0.863783062 0.503578
vn -0.0169719029 -0.985364854 -0.1696114
vn 0.0169736259 -0.6458799 0.763250351
vn 0.0169747435 -0.0040658717 0.999847651
vn 0.031102566 -0.6455184 0.7631111
vn -0.01679706 0.07324042 0.997172832
vn 7.89663829E-07 0.0736375451 0.9972851
vn -8.021144E-07 -0.5846286 0.811301053
vn 8.005352E-07 0.271908015 0.962323248
vn -8.020951E-07 0.8268602 0.5624076
vn 0.0167985931 0.272242457 0.962082
vn -0.0311035439 0.8676009 0.4962875
vn -0.0169745833 0.8679884 0.4962943
vn -0.0169729348 0.3458125 0.9381501
vn 0.0200305711 -0.07205377 0.9971996
vn 0.0200309176 0.5859059 0.8101315
vn 0.0499928258 -0.0709619448 0.9962255
vn -0.049999997 0.694742739 0.7175183
vn -0.0200376622 0.6962036 0.7175647
vn -0.0200376548 0.07189387 0.997211039
vn 0.0169718526 0.938111 0.345918566
vn 0.0169735532 0.940953255 -0.3381108
vn 0.0311012063 0.937857032 0.34562546
vn -0.0167934857 0.9120005 -0.4098452
vn 7.895597E-07 0.911970139 -0.410256565
vn -8.022388E-07 0.962318957 0.2719233
vn 8.00431167E-07 0.811279356 -0.584658742
vn -8.021985E-07 0.245669752 -0.969353557
vn 0.0167964157 0.810938 -0.584891
vn -0.03110599 0.169626355 -0.9850174
vn -0.0169746652 0.169499934 -0.985384
vn -0.0169734936 0.763300955 -0.6458201
vn 0.02003047 -0.273356 -0.9617044
vn 0.0200308375 -0.827653646 -0.560881734
vn 0.04999379 -0.274047852 -0.9604157
vn -0.04999667 -0.898229241 -0.436674446
vn -0.02003778 -0.899617851 -0.436218143
vn -0.0200374238 -0.408623636 -0.912483037
vn 0.0200378224 -0.994562268 0.102197759
vn 0.0200381838 -0.696086943 0.7176779
vn 0.0499990359 -0.9934134 0.10310135
vn -0.04999221 -0.586022 0.808751464
vn -0.02003478 -0.585813165 0.8101985
vn -0.0200343635 -0.969578743 0.243958488
vn 8.005364E-07 -0.826849 -0.562424064
vn -8.022403E-07 -0.994918 0.1006888
vn 0.01679562 -0.826950431 -0.562024
vn -0.0311005227 -0.983624935 0.177524045
vn -0.0169727113 -0.983926058 0.177768067
vn -0.016971644 -0.8679487 -0.4963638
vn 0.0200307667 -0.810202956 0.585807145
vn 0.020030465 -0.243964463 0.9695773
vn 0.0499894544 -0.808755159 0.5860172
vn -0.0499932244 -0.103111692 0.9934127
vn -0.0200304184 -0.102206551 0.9945615
vn -0.0200307723 -0.7176848 0.696079969
vn 0.0200343281 0.436189324 0.8996319
vn 0.0200346261 0.9124701 0.408652663
vn 0.04999705 0.4366467 0.8982427
vn -0.049999848 0.960422337 0.274023831
vn -0.0200375579 0.961710751 0.273333
vn -0.02003791 0.5609018 0.8276398
vn 0.0200341623 0.9617086 -0.2733407
vn 0.0200345442 0.5608948 -0.8276447
vn 0.0499953441 0.9604202 -0.274032027
vn -0.0499917567 0.4366377 -0.898247361
vn -0.0200304613 0.436179817 -0.899636567
vn -0.020030845 0.912466168 -0.4086615
vn 0.01698191 0.00420328975 -0.999846935
vn 0.0169836618 -0.6395447 -0.7685663
vn 0.0311127454 0.00401756167 -0.9995078
vn -0.0167949386 -0.6970632 -0.716812968
vn 7.89559238E-07 -0.6974393 -0.7166439
vn -8.022189E-07 -0.07362489 -0.997286
vn 0.0200376268 0.07205484 -0.9971994
vn 0.0200379863 -0.5859038 -0.810132861
vn 0.0499996133 0.0709657 -0.9962249
vn -0.04998879 -0.6947087 -0.717552
vn -0.0200308934 -0.6961708 -0.7175967
vn -0.0200305283 -0.07189447 -0.9972111
vn 0.0169726945 -0.938109457 -0.345922858
vn 0.0169743858 -0.9409548 0.338106424
vn 0.0311030932 -0.937855363 -0.345629662
vn -0.0167967957 -0.91198355 0.409882843
vn 7.896651E-07 -0.911953032 0.410294682
vn -8.02116631E-07 -0.962330341 -0.271882981
vn 8.00431167E-07 -0.811271966 0.584668934
vn -8.0221E-07 -0.245657682 0.969356656
vn 0.0167955756 -0.8109307 0.5849011
vn -0.0311045945 -0.1696011 0.9850218
vn -0.0169744287 -0.169474915 0.985388339
vn -0.016973326 -0.763284862 0.645839155
vn 0.0200377051 0.27335608 0.9617042
vn 0.02003802 0.8276529 0.5608825
vn 0.0500006452 0.274046272 0.96041584
vn -0.0499965176 0.8982293 0.436674356
vn -0.020037774 0.8996179 0.4362179
vn -0.0200374052 0.408623964 0.912482858
vn 0.0200342182 0.9945624 -0.102197334
vn 0.0200345777 0.696086645 -0.717678249
vn 0.0499953777 0.9934135 -0.10310223
vn -0.0499884151 0.5860205 -0.808752835
vn -0.020031102 0.585810244 -0.8102007
vn -0.0200307164 0.969578147 -0.243961081
vn -0.03515923 -0.803828955 -0.5938206
vn -0.0534290336 -0.9985699 0.00188181316
vn -0.0599321164 -0.9476501 -0.313636035
vn -0.0386848263 -0.9554649 -0.292558134
vn 0.006684505 -0.595525146 -0.8033089
vn -2.48849369E-06 -0.309026062 -0.95105356
vn 9.164213E-06 -0.587778151 -0.8090221
vn -9.313226E-06 -0.309010237 -0.951058745
vn 9.231269E-06 -6.091781E-06 -1
vn -9.313226E-06 0.3090103 -0.951058745
vn 9.149314E-06 6.079674E-06 -1
vn -2.62260437E-06 0.309025645 -0.9510537
vn -1.05500212E-05 0.58777976 -0.809021
vn -0.0351592973 0.8038284 -0.5938213
vn 0.006684243 0.5955244 -0.803309441
vn -0.0386848524 0.955464661 -0.2925589
vn -0.041622486 0.999105752 -0.007434811
vn -0.034771353 0.941895247 -0.3341023
vn -0.0509635136 0.9544722 0.2939144
vn -0.0573395379 0.806373239 0.588620842
vn -0.04231423 0.9567424 0.28784287
vn -0.0483576581 0.811956346 0.5817117
vn -0.05481506 0.595620632 0.801393449
vn -0.0598103739 0.305773228 0.9502239
vn -0.0514140576 0.596994042 0.8005965
vn -0.0551247746 0.3129743 0.9481605
vn -0.05638191 0.00242757052 0.998406351
vn -0.05512289 -0.312975 0.9481604
vn -0.0563977621 -0.0024292767 0.9984054
vn -0.05980459 -0.3057731 0.95022434
vn -0.0514270477 -0.5969982 0.800592542
vn -0.0483511724 -0.8119568 0.5817116
vn -0.0548154749 -0.5956223 0.8013922
vn -0.0573381 -0.8063733 0.5886209
vn -0.06484439 -0.950486839 0.303924471
vn -0.0296549313 -0.999382138 -0.0188685525
vn -0.0509634465 -0.954472065 0.2939147
vn -0.0347714573 -0.9418953 -0.334102064
vn -0.7451835 0.405674964 -0.529272556
vn -0.746454954 0.244230628 -0.618996263
vn -0.72820425 0.606571 -0.319045722
vn -0.7071107 0.415600151 -0.5720761
vn -0.707085431 -2.57007778E-05 -0.7071281
vn -0.707098067 0.241824225 -0.664479852
vn -0.707110167 1.60709023E-05 -0.7071034
vn -0.7071206 -0.241856381 -0.664444149
vn -0.7071206 0.241856292 -0.6644442
vn -0.7070852 2.61515434E-05 -0.7071284
vn -0.7071108 -0.415599883 -0.572076142
vn -0.7070981 -0.241824225 -0.6644798
vn -0.745182633 -0.405674577 -0.5292741
vn -0.7282039 -0.606570661 -0.319047183
vn -0.7464538 -0.244230255 -0.6189979
vn -0.9983411 0.009996593 0.05670211
vn -0.9983411 0.009996593 0.05670211
vn -0.9983411 0.009996593 0.05670211
vn -0.997893035 0.0183992181 0.06221744
vn -0.997893035 0.0183992181 0.06221744
vn -0.997893035 0.0183992181 0.06221744
vn -0.998471 0.04234445 0.03553323
vn -0.998471 0.04234445 0.03553323
vn -0.998471 0.04234445 0.03553323
vn -0.998518169 -0.0543766133 0.0021505598
vn -0.998518169 -0.0543766133 0.0021505598
vn -0.998518169 -0.0543766133 0.0021505598
vn 0.0866136849 0.996242 3.74682742E-07
vn 0.4482114 0.8939274 0.0006051271
vn 0.08661394 0.9962419 -0.000206917524
vn 0.44839257 0.8938368 9.018634E-06
vn 0.756994843 0.6534209 1.54674053E-05
vn 0.756997347 0.653418 -8.976077E-06
vn 0.944723 0.3278696 1.54972076E-05
vn 0.944721341 0.327874452 -8.976069E-06
vn 0.9990325 -0.04397775 1.54748559E-05
vn 0.9990325 -0.04397853 -6.304755E-05
vn 0.9122574 -0.409617484 1.54599547E-05
vn 0.9122576 -0.409617 -8.976074E-06
vn 0.6966497 -0.717411458 1.549721E-05
vn 0.6966537 -0.7174076 -8.976064E-06
vn 0.382663339 -0.923887849 1.54748559E-05
vn 0.38266322 -0.923887968 -8.976073E-06
vn -0.00454972731 -0.9999896 0.00032356134
vn -0.00465536164 -0.999989152 6.902796E-05
vn -0.08661609 0.9962418 -3.942114E-07
vn -0.448213667 0.893926263 -0.0006051275
vn -0.0866163 0.996241748 0.000206932425
vn -0.4483905 0.8938378 -9.018629E-06
vn -0.756997347 0.653417945 -1.54748559E-05
vn -0.756994665 0.6534211 8.976068E-06
vn -0.94472146 0.327874064 -1.550466E-05
vn -0.94472307 0.327869415 8.97608152E-06
vn -0.9990325 -0.04397856 -1.54748559E-05
vn -0.999032557 -0.0439771935 8.976072E-06
vn -0.9122576 -0.409617 -1.5467409E-05
vn -0.9122574 -0.409617484 8.976073E-06
vn -0.6966538 -0.717407465 -1.55046582E-05
vn -0.69664973 -0.717411458 8.976081E-06
vn -0.382663339 -0.923887849 -1.54748559E-05
vn -0.38266328 -0.9238879 8.976072E-06
vn 0.00454725372 -0.9999896 -0.000323560933
vn 0.00465537654 -0.999989152 -6.90287561E-05
vn 0.0424582846 0.0100783594 -0.9990474
vn 0.0424582846 0.0100783594 -0.9990474
vn 0.0424582846 0.0100783594 -0.9990474
vn 0.0529995449 0.0562721528 -0.9970078
vn -0.03996572 0.0538779832 -0.9977474
vn -0.03996572 0.0538779832 -0.9977474
vn -0.03996572 0.0538779832 -0.9977474
vn -0.007409841 0.03972731 -0.9991831
vn -0.019340232 0.005197326 -0.99979943
vn -3.82241069E-06 0 -1
vn -3.82241069E-06 0 -1
vn -0.04422963 0.0104941912 -0.9989663
vn -0.04422963 0.0104941912 -0.9989663
vn -0.04422963 0.0104941912 -0.9989663
vn -0.05042153 0.0431657434 -0.997794747
vn -8.59114E-06 0 -1
vn -8.59114E-06 0 -1
vn -8.59114E-06 0 -1
vn 0 0 -1
vn 0.0141089661 -0.0122153684 -0.9998259
vn 0.0141089661 -0.0122153684 -0.9998259
vn -1 -2.02953815E-05 0
vn -1 -2.03549862E-05 0
vn -0.76603 0.6428048 -1.630187E-05
vn -0.76603 0.6428048 0
vn -0.173667863 0.9848043 0
vn -0.173667818 0.9848043 0
vn 0.499983817 0.866034746 0
vn 0.4999806 0.8660366 0
vn 0.939685345 0.342040151 0
vn 0.939685345 0.342040151 0
vn 0.939684331 -0.342042923 0
vn 0.93969965 -0.3420009 0
vn 0.499978125 -0.866038 0
vn 0.499978125 -0.866038 0
vn -0.1736714 -0.9848037 0
vn -0.173628867 -0.9848112 0
vn -0.76603 -0.6428048 0
vn -0.7660302 -0.6428047 0
vn -1 2.028048E-05 -1.630187E-05
vn -1 2.03549862E-05 0
vn 0 0 -1
vn 0 0 -1
vn 0 0 -1
vn 0 0 -1
vn 0 0 -1
vn -9.982799E-06 0 -1
vn 0 0 -1
vn 0 0 -1
vn 0 0 -1
vn 8.01863553E-06 0 1
vn 8.01863553E-06 0 1
vn 8.01863553E-06 0 1
vn 0 0 1
vn -2.64884534E-06 0 1
vn -2.64884534E-06 0 1
vn -2.64884534E-06 0 1
vn 0 0 1
vn 0 0 1
vn -9.550939E-06 0 1
vn 0 0 1
vn 0 0 1
vn 0 0 1
vn 0 0 1
vn -0.88835007 -0.4574885 -0.0392236672
vn -0.97300154 0.220750615 -0.06735905
vn -0.889132261 -0.456855059 -0.0269680023
vn -0.9678521 0.244310349 -0.0597892851
vn 0.0192006268 -0.06460102 -0.99772644
vn 0.0192006268 -0.06460102 -0.99772644
vn 0.0192006268 -0.06460102 -0.99772644
vn 0.026465321 -0.04585342 -0.998597562
vn -0.0438624322 -0.0354736038 -0.9984076
vn -0.0438624322 -0.0354736038 -0.9984076
vn -0.0438624322 -0.0354736038 -0.9984076
vn -0.0507306159 0 -0.998712361
vn -0.04774629 -0.00231870823 -0.9988568
vn -0.0362451375 0.03041242 -0.9988801
vn -0.0362451375 0.03041242 -0.9988801
vn -0.0362451375 0.03041242 -0.9988801
vn -0.0266548377 -0.00124864362 -0.9996439
vn -6.69377641E-06 0 -1
vn -6.69377641E-06 0 -1
vn -6.69377641E-06 0 -1
vn 0 0 -1
vn -1.33876429E-05 0 -1
vn 0.0376755074 0.0111646354 -0.999227643
vn 0.0376755074 0.0111646354 -0.999227643
vn 0.0376755074 0.0111646354 -0.999227643
vn 0.0379757658 0.01382995 -0.99918294
vn 0.0432127938 -0.0157346725 -0.998941958
vn 0.0432127938 -0.0157346725 -0.998941958
vn 0.0484063849 -0.0386426747 -0.998079956
vn 1.16573647E-05 -0.08661598 -0.9962418
vn 0.0006162209 -0.448214442 -0.8939259
vn -0.000195704386 -0.08661775 -0.9962416
vn 8.951433E-06 -0.448393047 -0.8938365
vn 1.55344624E-05 -0.7569971 -0.6534183
vn -8.97607151E-06 -0.7569961 -0.653419435
vn 1.53929E-05 -0.944722235 -0.32787177
vn -8.976071E-06 -0.9447216 -0.3278738
vn 1.54674053E-05 -0.999032557 0.0439768
vn -8.976074E-06 -0.9990325 0.0439792238
vn 1.54525042E-05 -0.9122581 0.409615874
vn -8.976076E-06 -0.912257135 0.40961805
vn 1.55419111E-05 -0.6966521 0.717409134
vn -8.976073E-06 -0.6966521 0.717409134
vn 1.54450518E-05 -0.3826613 0.9238887
vn -6.304753E-05 -0.3826613 0.9238887
vn 0.0003236545 0.004543125 0.9999896
vn 7.807027E-05 0.00465035439 0.9999892
vn -2.64094E-06 0.0866152048 -0.996241868
vn -0.000607323134 0.448212922 -0.8939267
vn 0.0002046749 0.08661555 -0.9962418
vn -9.041031E-06 0.448393226 -0.8938364
vn -1.55344624E-05 0.7569971 -0.6534183
vn 8.97607151E-06 0.7569961 -0.653419435
vn -1.54003519E-05 0.944722235 -0.32787177
vn 8.976071E-06 0.9447216 -0.3278738
vn -1.54897571E-05 0.9990325 0.0439781621
vn 8.97607151E-06 0.999032557 0.04397695
vn -1.54525042E-05 0.912257135 0.40961805
vn 8.976074E-06 0.9122576 0.409617
vn -1.55419111E-05 0.6966521 0.717409134
vn 8.976073E-06 0.6966521 0.717409134
vn -1.54450518E-05 0.3826613 0.9238887
vn 6.304753E-05 0.3826613 0.9238887
vn -0.000323512126 -0.004543364 0.9999896
vn -7.802537E-05 -0.00465016067 0.9999892
vn -0.99904716 -0.0424636677 -0.0100779058
vn -0.99904716 -0.0424636677 -0.0100779058
vn -0.99904716 -0.0424636677 -0.0100779058
vn -0.9970082 -0.05300062 -0.0562635325
vn -1 -1.02193485E-06 2.535813E-07
vn -1 -1.02193485E-06 2.535813E-07
vn -1 -1.02193485E-06 2.535813E-07
vn -0.99982965 -0.003539419 -0.0181157514
vn -0.9998367 -0.00669420045 -0.0167865064
vn -0.9989671 0.0442115478 -0.0104925148
vn -0.9989671 0.0442115478 -0.0104925148
vn -0.9989671 0.0442115478 -0.0104925148
vn -0.9977939 0.0504338369 -0.0431716
vn -0.998752 -0.008672244 0.04918691
vn -0.998752 -0.008672244 0.04918691
vn -0.998752 -0.008672244 0.04918691
vn -0.9986745 0.005266085 0.0512007922
vn 0 1 2.23517418E-05
vn 0 1 2.23517418E-05
vn -1.65998936E-05 0.766031444 -0.642803133
vn 0 0.766031444 -0.642803133
vn 0 0.173668236 -0.9848043
vn 0 0.173667759 -0.9848043
vn 0 -0.499984 -0.8660346
vn 0 -0.499983966 -0.8660347
vn 0 -0.939685345 -0.342040151
vn 0 -0.939685345 -0.342040151
vn 0 -0.9396845 0.342042476
vn 0 -0.9396845 0.342042476
vn 0 -0.499978155 0.866038
vn 0 -0.499977767 0.866038263
vn 0 0.173625752 0.9848117
vn 0 0.173625708 0.9848117
vn 0 0.766031444 0.642803133
vn 0 0.766031444 0.642803133
vn -1.65998936E-05 1 -2.233684E-05
vn 0 1 -2.23517418E-05
vn -1 0 0
vn -1 0 0
vn -1 0 0
vn -1 -1.73922729E-06 0
vn -1 2.270395E-06 0
vn -1 -4.99133535E-07 0
vn -1 2.27041573E-06 0
vn -1 -2.608859E-06 0
vn -1 0 0
vn 1 -2.97997462E-06 2.94501746E-07
vn 1 -2.97997462E-06 2.94501746E-07
vn 1 -2.97997462E-06 2.94501746E-07
vn 1 -2.52494647E-06 -1.58474722E-06
vn 1 4.08728238E-06 1.77608706E-06
vn 1 4.08728238E-06 1.77608706E-06
vn 1 4.08728238E-06 1.77608706E-06
vn 1 3.184754E-06 -1.20222808E-06
vn 1 0 -6.432563E-07
vn 1 0 -6.432563E-07
vn 1 0 0
vn 1 -2.97534E-06 2.99050384E-07
vn 1 -2.97534E-06 2.99050384E-07
vn 1 -2.6279497E-07 1.578093E-06
vn 1 -9.742551E-06 0
vn 1 -9.742551E-06 0
vn 1 0 0
vn 1 0 0
vn 1 -2.85069223E-06 -1.07612152E-06
vn 1 -2.85069223E-06 -1.07612152E-06
vn 1 -2.58311161E-06 -6.21301069E-07
vn -0.0737852454 0.0703722462 -0.99478817
vn -0.0631803945 -0.5872711 -0.806920648
vn -0.0354028 0.06809237 -0.9970507
vn -0.0588936619 -0.560604334 -0.8259869
vn -0.07706759 -0.966403365 -0.245204315
vn -0.0593296 -0.8983519 0.435251474
vn -0.0349073634 -0.9693016 -0.243384376
vn -0.059536472 -0.9107395 0.408667475
vn -0.0424026623 -0.672032535 -0.7393066
vn -0.0597233139 -0.9892452 -0.133518472
vn -0.0245668162 -0.6733191 -0.7389438
vn -0.05978503 -0.9930415 -0.101460874
vn -0.0424106419 -0.844765067 0.5334542
vn -0.0597299933 -0.303257257 0.9510349
vn -0.02457504 -0.8446305 0.53478545
vn -0.0597846545 -0.27235505 0.9603377
vn 0.0200323947 0.997199 0.0720619
vn 0.0200328063 0.810136557 -0.5858989
vn 0.04999409 0.9962247 0.07097164
vn 0.0280131251 0.8264461 -0.562318563
vn -0.9977272 -0.0191934835 0.06459148
vn -0.9977272 -0.0191934835 0.06459148
vn -0.9977272 -0.0191934835 0.06459148
vn -0.9985977 -0.0264686551 0.0458482578
vn -0.9984089 0.0438376144 0.03546775
vn -0.9984089 0.0438376144 0.03546775
vn -0.9984089 0.0438376144 0.03546775
vn -0.998713 0.05071774 0
vn -0.9988575 0.0477318354 0.00231407979
vn -0.9988801 0.036243625 -0.0304125454
vn -0.9988801 0.036243625 -0.0304125454
vn -0.9988801 0.036243625 -0.0304125454
vn -0.999643564 0.0266672019 0.00124874222
vn -1 0 0
vn -1 0 0
vn -1 0 0
vn -1 0 0
vn -1 -1.67344979E-06 0
vn -0.9992274 -0.0376823358 -0.0111638382
vn -0.9992274 -0.0376823358 -0.0111638382
vn -0.9992274 -0.0376823358 -0.0111638382
vn -0.999182045 -0.0379992239 -0.0138300471
vn -0.9989415 -0.0432250835 0.0157327745
vn -0.9989415 -0.0432250835 0.0157327745
vn -0.998081446 -0.04838014 0.03863682
vn 0 -1 1.00415321E-06
vn 0 -1 1.00415321E-06
vn 0 -1 1.00415321E-06
vn 0 -1 -3.581264E-06
vn 0 -1 -3.581264E-06
vn 0 -1 0
vn 0 -1 0
vn 0 -1 0
vn 0 -1 0
vn -0.472561717 -0.00158192462 -0.881296158
vn -0.8498905 -0.0015819174 -0.526957035
vn -0.472582161 -0.005877125 -0.881267
vn -0.879779637 0.005959403 -0.47534433
vn -0.87980926 0.00172032183 -0.475323826
vn -0.524288237 0.00172032171 -0.8515392
vn 0.02354342 0.489660561 -0.871595263
vn 0.0235436112 0.7642151 -0.644531667
vn 0.00918262452 0.4903268 -0.8714903
vn -0.0255501065 0.999673545 7.018447E-05
vn 0 0.936542153 -0.350554943
vn -0.15383029 0.9866726 -0.0530426353
vn 0.01959119 0.7533738 -0.657300651
vn 1.1963013E-07 0.754217148 -0.656625152
vn -1.11024448E-07 0.4761449 -0.8793668
vn -0.0431988165 0.948553264 -0.313656867
vn -0.044596 0.778122663 -0.62652725
vn -0.0445962474 0.9484998 -0.313623
vn -0.0009488354 0.9999958 -0.00272328313
vn -0.0009488354 0.9999958 -0.00272328313
vn -0.0009488354 0.9999958 -0.00272328313
vn 0.06009697 0.9981345 -0.0107655535
vn 0.06009697 0.9981345 -0.0107655535
vn 0.06009697 0.9981345 -0.0107655535
vn -0.0253731776 0.950144351 -0.310776263
vn -0.0772881359 0.78138113 -0.619249642
vn -0.0341423154 0.9504452 -0.309011847
vn 0.0255520064 -0.9996735 6.98789954E-05
vn 0.0255520046 -0.9362083 -0.350515574
vn 0.1538329 -0.986672044 -0.0530441329
vn 0.04459055 -0.7781206 -0.62653023
vn 0.04459027 -0.9484989 -0.313626379
vn -0.0195908323 -0.7533709 -0.6573039
vn 1.1396763E-07 -0.7542143 -0.6566284
vn -1.11024754E-07 -0.476141185 -0.879368842
vn -0.02354366 -0.4896606 -0.8715952
vn -0.023543451 -0.7642148 -0.644531965
vn -0.009183095 -0.490326226 -0.871490657
vn 0.0253825933 -0.950145 -0.3107736
vn 0.07729542 -0.781382442 -0.619247
vn 0.0341509879 -0.950446248 -0.3090076
vn -0.0008628995 -0.9999956 -0.00284833251
vn -0.0008628995 -0.9999956 -0.00284833251
vn -0.0008628995 -0.9999956 -0.00284833251
vn -0.0601464659 -0.9981337 -0.0105631677
vn -0.0601464659 -0.9981337 -0.0105631677
vn -0.0601464659 -0.9981337 -0.0105631677
vn 0.074966155 -0.997000158 -0.0192559045
vn -0.0874693 -0.8215264 -0.5634212
vn 0.0793743059 -0.9966009 -0.02205465
vn -0.07936671 0.996601462 -0.0220547188
vn -0.0749591738 0.9970007 -0.0192547888
vn 0.08747563 0.8215259 -0.563421
vn 0 -1 0
vn 0 -1 0
vn 0 -1 0
vn 0 -1 0
vn 0.9987509 -0.0011659764 -0.04995322
vn 0.9987509 -0.0011659764 -0.04995322
vn 0.9987509 -0.0011659764 -0.04995322
vn 0.9993041 0 -0.0373001061
vn 1 0 0
vn 1 0 0
vn 1 0 0
vn 1 0 0
vn 1 -5.01639363E-07 0
vn 1 5.39893847E-07 0
vn 1 0 0
vn 1 0 0
vn 1 -5.340511E-07 0
vn 1 -5.01639363E-07 0
vn 1 -7.5331377E-07 0
vn 1 -5.398915E-07 0
vn 1 -5.398915E-07 0
vn 1 0 0
vn 1 5.340511E-07 0
vn 0 1 0
vn 0 1 0
vn 0 1 0
vn 0 1 0
vn 0 -2.35438347E-05 1
vn 0 -2.22623348E-05 1
vn -2.38269549E-05 -0.642801642 0.7660327
vn 0 -0.642801642 0.7660327
vn 0 -0.9848036 0.173671633
vn 0 -0.9848037 0.17367135
vn 0 -0.8660328 -0.499987274
vn 0 -0.866030455 -0.499991357
vn 0 -0.342040151 -0.939685345
vn 0 -0.342040151 -0.939685345
vn 0 0.3420354 -0.9396871
vn 0 0.342037857 -0.9396862
vn 0 0.866016 -0.500016332
vn 0 0.8660159 -0.5000165
vn 0 0.984803438 0.17367278
vn 0 0.984804153 0.173668638
vn 0 0.6428021 0.766032338
vn 0 0.642800152 0.7660339
vn -2.38269567E-05 2.14576721E-05 1
vn 0 2.154708E-05 1
vn 0 -0.9221677 -0.3867903
vn 0 -0.9221677 -0.3867903
vn 0 -0.9221677 -0.3867903
vn 0 -0.9221676 -0.386790574
vn 0 0.922167659 -0.386790425
vn 0 0.922167659 -0.386790425
vn 0 0.922167659 -0.386790425
vn 0 0.922167659 -0.386790425
vn -1.38827454E-05 0.9221749 -0.3867732
vn 1.90075916E-05 0.5537033 -0.8327141
vn -1.69873256E-05 0.9221749 -0.3867732
vn 1.38827463E-05 0.5537014 -0.8327153
vn 1.90765459E-05 -1.63018685E-05 -1
vn 1.38827427E-05 -1.76131725E-05 -1
vn 1.90765586E-05 -0.5537362 -0.8326922
vn 1.38827418E-05 -0.5537362 -0.832692146
vn 1.90076044E-05 -0.9221749 -0.386773169
vn 1.38827345E-05 -0.922174 -0.386775255
vn -1 0 0
vn -1 0 0
vn -1 0 0
vn -1 0 0
vn -1 0 0
vn -1 0 0
vn -1 0 0
vn -1 0 0
vn -1 0 0
vn -1 0 0
vn -1 -7.53320649E-07 0
vn -1 0 0
vn -1 0 0
vn -1 1.5066413E-06 0
vn -1 0 0
vn -1 -2.67025541E-07 0
vn -1 0 0
vn -1 2.67025541E-07 0
vn 0 1 0
vn 0 1 0
vn 0 1 0
vn 0 1 1.13645535E-06
vn 0 1 0
vn 0 1 -1.02280649E-06
vn 0.8660229 -0.000591347169 -0.5000041
vn 0.5000096 -0.000591332559 -0.8660197
vn 0.865994334 -0.005016857 -0.50002867
vn 0.464077026 0.001662707 -0.8857933
vn -1 1.24223307E-05 7.882714E-06
vn -0.866029441 6.13146358E-06 0.4999931
vn -1 2.01221555E-05 7.882714E-06
vn -0.866029441 -1.24223316E-05 0.4999931
vn -0.5000159 6.1314413E-06 0.866016269
vn -0.499995053 -1.24223752E-05 0.8660283
vn 2.05337965E-05 6.25595931E-06 1
vn 5.58793545E-06 -1.2422387E-05 1
vn 0 -1 0
vn 0 -1 0
vn 0 -1 0
vn 0 -1 0
vn 1 2.01463718E-05 0
vn 1 2.21133232E-05 0
vn 0.7660301 -0.6428048 -1.18464241E-05
vn 0.766029954 -0.642804861 0
vn 0.173667863 -0.9848043 0
vn 0.173667863 -0.9848043 0
vn -0.499981523 -0.866036057 0
vn -0.499982238 -0.8660357 0
vn -0.939685345 -0.342040181 0
vn -0.939685345 -0.342040181 0
vn -0.939700246 0.3419993 0
vn -0.9396999 0.3420001 0
vn -0.4999781 0.8660381 0
vn -0.4999781 0.8660381 0
vn 0.173634276 0.984810233 0
vn 0.173634112 0.9848103 0
vn 0.766029954 0.642804861 0
vn 0.766031146 0.642803431 0
vn 1 -2.220273E-05 -1.18538737E-05
vn 1 -2.21133232E-05 0
vn 0 1 0
vn 0 1 0
vn 0 1 0
vn 0 1 0
vn -1 2.13980638E-05 0
vn -1 2.12788545E-05 0
vn -0.766030848 -0.6428038 -1.41113969E-05
vn -0.766030848 -0.642803848 0
vn -0.17366904 -0.9848041 0
vn -0.1736691 -0.984804034 0
vn 0.499978721 -0.866037667 0
vn 0.499979049 -0.8660375 0
vn 0.939685345 -0.342040151 0
vn 0.939685345 -0.342040151 0
vn 0.9396988 0.3420032 0
vn 0.939698935 0.342002839 0
vn 0.5000186 0.8660147 0
vn 0.5000186 0.8660147 0
vn -0.173629239 0.984811068 0
vn -0.173629045 0.9848111 0
vn -0.766030848 0.642803848 0
vn -0.7660308 0.6428039 0
vn -1 -2.1271404E-05 -1.41113978E-05
vn -1 -2.12788545E-05 0
vn 0 1 0
vn 0 1 0
vn 0 1 0
vn 0 1 0
vn 0 1 1.84882185E-06
vn 0 1 -2.024059E-06
vn 0 -1 0
vn 0 -1 0
vn 0 -1 0
vn 0 -1 2.11928159E-06
vn 0 -1 3.59672458E-06
vn 0 -1 -3.028168E-06
vn -5.33461571E-06 1.2422387E-05 1
vn 0.499981433 6.13143357E-06 0.8660362
vn -4.20212746E-06 2.011098E-05 1
vn 0.50001 -1.24223907E-05 0.866019666
vn 0.8660382 8.167323E-05 0.499977916
vn 0.866026342 -1.24223734E-05 0.49999848
vn 1 6.13146267E-06 7.882714E-06
vn 1 -1.24223307E-05 7.882714E-06
vn -0.9999876 -0.0007239953 -0.00492530875
vn -0.9999876 -0.0005412694 -0.00495368149
vn -0.999992251 -0.00253252988 -0.00301913
vn -0.9999876 -0.0007239953 -0.00492530875
vn -0.9999876 -0.0007239953 -0.00492530875
vn -0.999995947 0.00182890217 -0.00217585568
vn -0.9999939 0.0005098061 -0.00346308481
vn -0.9999939 0.0005098061 -0.00346308481
vn -1 -4.1889308E-07 5.80198957E-07
vn -1 0 0
vn -1 0 0
vn -1 0 0
vn -1 0 0
vn -1 0 0
vn -1 0 0
vn -1 -1.03286152E-06 0
vn -1 0 0
vn -1 0 0
vn -1 0 0
vn -1 0 0
vn -1 0 0
vn -1 0 0
vn -1 0 0
vn -1 0 0
vn -1 0 0
vn -1 0 0
vn -1 8.232946E-07 0
vn -1 0 0
vn -1 0 0
vn -1 -6.158758E-07 1.750614E-07
vn -1 -7.588359E-07 0
vn -1 -1.83463087E-07 -9.19135061E-07
vn -1 -4.55181066E-07 2.10146879E-07
vn -1 -1.83463087E-07 -9.19135061E-07
vn 0 1.94311142E-05 1
vn 0 2.21729279E-05 1
vn 1.17868194E-05 -0.6428055 0.7660294
vn 0 -0.642805457 0.7660295
vn 0 -0.9848042 0.17366831
vn 0 -0.9848042 0.17366831
vn 0 -0.8660298 -0.499992371
vn 0 -0.8660298 -0.499992371
vn 0 -0.342040181 -0.939685345
vn 0 -0.342040181 -0.939685345
vn 0 0.342033416 -0.9396878
vn 0 0.342033416 -0.9396878
vn 0 0.866038263 -0.499977738
vn 0 0.866038263 -0.499977738
vn 0 0.984810531 0.173632666
vn 0 0.984811664 0.173626333
vn 0 0.642805457 0.7660295
vn 0 0.6428034 0.766031265
vn 1.17868185E-05 -2.22921371E-05 1
vn 0 -2.21729279E-05 1
vn 0 -1 2.14278662E-05
vn 0 -1 2.14278662E-05
vn -1.40964958E-05 -0.766030848 -0.6428038
vn 0 -0.766030848 -0.642803848
vn 0 -0.1736691 -0.984804034
vn 0 -0.173668638 -0.984804153
vn 0 0.499983966 -0.8660347
vn 0 0.499983966 -0.8660347
vn 0 0.939685345 -0.342040151
vn 0 0.939685345 -0.342040151
vn 0 0.9396845 0.3420425
vn 0 0.9396845 0.3420425
vn 0 0.4999774 0.8660385
vn 0 0.500018537 0.8660147
vn 0 -0.1736292 0.9848111
vn 0 -0.1736292 0.9848111
vn 0 -0.766030848 0.642803848
vn 0 -0.766030848 0.642803848
vn -1.40964967E-05 -1 -2.1412965E-05
vn 0 -1 -2.14278662E-05
vn -1.19358292E-05 -0.8090288 -0.587769
vn -1.48312083E-05 -0.8090288 -0.587769
vn -9.110663E-07 -1 -1.8119812E-05
vn 9.11066138E-07 -0.3090349 -0.9510507
vn -1.483121E-05 -0.3090349 -0.9510507
vn 8.373951E-07 0.3089988 -0.951062441
vn -1.483121E-05 0.3089988 -0.951062441
vn 9.110661E-07 0.809005558 -0.587801
vn -1.48312083E-05 0.809005558 -0.587801
vn 9.110661E-07 1 -1.87754631E-05
vn 1 1.31550109E-06 0
vn 1 3.08841379E-07 0
vn 1 2.42933083E-07 -6.72961846E-07
vn 1 0 0
vn 1 0 0
vn 1 0 0
vn 1 0 0
vn 1 -4.84676946E-07 0
vn 1 0 0
vn 1 0 0
vn 1 1.03286152E-06 0
vn 1 -8.124032E-07 0
vn 1 0 0
vn 1 0 0
vn 1 0 0
vn 1 0 0
vn 1 0 0
vn 1 0 0
vn 1 0 0
vn 1 8.64089145E-07 0
vn 1 -5.988612E-07 -1.60744747E-07
vn 1 -7.49985E-07 0
vn 1 -4.414403E-07 9.824752E-07
vn 1 0 0
vn 1 -4.414403E-07 9.824752E-07
vn 1 0 0
vn 1 -4.18889584E-07 -5.801937E-07
vn 1 0 0
vn 1 -2.817828E-07 1.22934523E-07
vn 1 0 0
vn 1 0 0
vn 1 0 0
vn 1 0 0
vn 1 0 1.260756E-07
vn 0.0008543414 0.002122769 -0.9999974
vn 0.00355953956 -0.000177916969 -0.9999937
vn 0.0010911749 0.0018943086 -0.9999976
vn 0.00355953956 -0.000177916969 -0.9999937
vn 0.000480243238 0.00274751312 -0.9999961
vn 0 0 -1
vn 8.888869E-06 0 -1
vn 0 0 -1
vn 0 0 -1
vn 0 0 -1
vn 0 0 -1
vn 8.888849E-06 0 -1
vn -0.000561583438 0.004873735 -0.99998796
vn 0.00124085636 -0.00215258729 -0.9999969
vn 0.00355953956 -0.000177916969 -0.9999937
vn -0.000561583438 0.004873735 -0.99998796
vn -0.00300130784 0.00109387864 -0.9999949
vn -0.00382950623 0.00022993279 -0.999992669
vn 0.00261053885 -0.0009502036 -0.9999962
vn -0.00025138905 -0.004762503 -0.9999887
vn -0.00382950623 0.00022993279 -0.999992669
vn -0.00149426353 -0.002580197 -0.9999956
vn 0 0 1
vn 0 0 1
vn 0 0 1
vn 0 0 1
vn 0 0 1
vn -3.41395662E-06 0 1
vn 0 0 1
vn 0 0 1
vn 0 0 1
vn 7.361994E-07 0 1
vn 8.888869E-06 0 1
vn 5.298036E-07 0 1
vn 0 0 1
vn 0 0 1
vn 0 0 1
vn 8.888849E-06 0 1
vn 6.9779544E-06 0 1
vn 0 0 1
vn 0 0 1
vn 0 0 1
vn 0 0 1
vn -1.27076109E-05 0 1
f 1//1 2//2 3//3
f 4//4 5//5 6//6
f 7//7 8//8 9//9
f 10//10 11//11 12//12
f 13//13 14//14 15//15
f 16//16 17//17 18//18
f 19//19 20//20 21//21
f 22//22 23//23 24//24
f 25//25 26//26 27//27
f 28//28 29//29 30//30
f 31//31 32//32 33//33
f 34//34 35//35 36//36
f 37//37 38//38 39//39
f 40//40 41//41 42//42
f 43//43 44//44 45//45
f 46//46 47//47 48//48
f 49//49 50//50 51//51
f 52//52 53//53 54//54
f 55//55 56//56 57//57
f 58//58 59//59 60//60
f 61//61 62//62 63//63
f 64//64 65//65 66//66
f 67//67 68//68 69//69
f 70//70 71//71 72//72
f 73//73 74//74 75//75
f 76//76 77//77 78//78
f 79//79 80//80 81//81
f 82//82 83//83 84//84
f 85//85 86//86 87//87
f 88//88 89//89 90//90
f 91//91 92//92 93//93
f 94//94 95//95 96//96
f 97//97 98//98 99//99
f 100//100 101//101 102//102
f 103//103 104//104 105//105
f 106//106 107//107 108//108
f 109//109 110//110 111//111
f 112//112 113//113 114//114
f 115//115 116//116 117//117
f 118//118 119//119 120//120
f 121//121 122//122 123//123
f 124//124 125//125 126//126
f 127//127 128//128 129//129
f 130//130 131//131 132//132
f 133//133 134//134 135//135
f 136//136 137//137 138//138
f 139//139 140//140 141//141
f 142//142 143//143 144//144
f 145//145 146//146 147//147
f 148//148 149//149 150//150
f 151//151 152//152 153//153
f 154//154 155//155 156//156
f 157//157 158//158 159//159
f 160//160 161//161 162//162
f 163//163 164//164 165//165
f 166//166 167//167 168//168
f 169//169 170//170 171//171
f 172//172 173//173 174//174
f 175//175 176//176 177//177
f 178//178 179//179 180//180
f 181//181 182//182 183//183
f 184//184 185//185 186//186
f 187//187 188//188 189//189
f 190//190 191//191 192//192
f 193//193 194//194 195//195
f 196//196 197//197 198//198
f 199//199 200//200 201//201
f 202//202 203//203 204//204
f 205//205 206//206 207//207
f 208//208 209//209 210//210
f 211//211 212//212 213//213
f 214//214 215//215 216//216
f 217//217 218//218 219//219
f 220//220 221//221 222//222
f 223//223 224//224 225//225
f 226//226 227//227 228//228
f 229//229 230//230 231//231
f 232//232 233//233 234//234
f 234//234 235//235 236//236
f 235//235 237//237 236//236
f 238//238 239//239 235//235
f 240//240 239//239 238//238
f 241//241 240//240 242//242
f 243//243 241//241 242//242
f 241//241 243//243 244//244
f 245//245 241//241 244//244
f 245//245 244//244 246//246
f 245//245 246//246 247//247
f 248//248 245//245 247//247
f 249//249 248//248 247//247
f 249//249 247//247 250//250
f 250//250 251//251 249//249
f 251//251 252//252 249//249
f 252//252 251//251 253//253
f 254//254 253//253 255//255
f 254//254 255//255 256//256
f 254//254 257//257 253//253
f 254//254 256//256 258//258
f 259//259 254//254 258//258
f 260//260 259//259 258//258
f 259//259 260//260 261//261
f 257//257 262//262 263//263
f 264//264 265//265 266//266
f 267//267 268//268 269//269
f 270//270 271//271 272//272
f 273//273 274//274 275//275
f 276//276 277//277 278//278
f 279//279 280//280 281//281
f 282//282 283//283 284//284
f 285//285 286//286 287//287
f 288//288 289//289 290//290
f 291//291 292//292 293//293
f 294//294 295//295 296//296
f 297//297 298//298 299//299
f 300//300 301//301 302//302
f 303//303 304//304 305//305
f 306//306 307//307 308//308
f 309//309 310//310 311//311
f 312//312 313//313 314//314
f 315//315 316//316 317//317
f 318//318 319//319 320//320
f 321//321 322//322 323//323
f 324//324 325//325 326//326
f 327//327 328//328 329//329
f 330//330 331//331 332//332
f 333//333 334//334 335//335
f 336//336 337//337 338//338
f 339//339 340//340 341//341
f 342//342 343//343 344//344
f 345//345 346//346 347//347
f 348//348 349//349 350//350
f 351//351 352//352 353//353
f 354//354 355//355 356//356
f 357//357 358//358 359//359
f 360//360 361//361 362//362
f 363//363 364//364 365//365
f 366//366 367//367 368//368
f 369//369 370//370 371//371
f 372//372 373//373 374//374
f 375//375 376//376 377//377
f 378//378 379//379 380//380
f 381//381 382//382 383//383
f 384//384 385//385 386//386
f 387//387 388//388 389//389
f 390//390 391//391 392//392
f 393//393 394//394 395//395
f 396//396 397//397 398//398
f 399//399 400//400 401//401
f 402//402 403//403 404//404
f 405//405 406//406 407//407
f 408//408 409//409 410//410
f 411//411 412//412 413//413
f 414//414 415//415 416//416
f 417//417 418//418 419//419
f 420//420 421//421 422//422
f 423//423 424//424 425//425
f 426//426 427//427 428//428
f 429//429 430//430 431//431
f 432//432 433//433 434//434
f 435//435 436//436 437//437
f 438//438 439//439 440//440
f 441//441 442//442 443//443
f 444//444 445//445 446//446
f 447//447 448//448 449//449
f 450//450 451//451 452//452
f 453//453 454//454 455//455
f 456//456 457//457 458//458
f 459//459 460//460 461//461
f 462//462 463//463 464//464
f 465//465 466//466 467//467
f 468//468 469//469 470//470
f 471//471 472//472 473//473
f 474//474 475//475 476//476
f 477//477 478//478 479//479
f 480//480 481//481 482//482
f 483//483 484//484 485//485
f 486//486 487//487 488//488
f 489//489 490//490 491//491
f 492//492 493//493 494//494
f 495//495 496//496 497//497
f 498//498 499//499 500//500
f 501//501 502//502 503//503
f 504//504 505//505 506//506
f 507//507 508//508 509//509
f 510//510 511//511 512//512
f 513//513 514//514 515//515
f 516//516 517//517 518//518
f 519//519 520//520 521//521
f 522//522 523//523 524//524
f 525//525 526//526 527//527
f 528//528 529//529 530//530
f 531//531 532//532 533//533
f 534//534 535//535 536//536
f 537//537 538//538 539//539
f 540//540 541//541 542//542
f 543//543 544//544 545//545
f 546//546 547//547 548//548
f 549//549 550//550 551//551
f 552//552 553//553 554//554
f 555//555 556//556 557//557
f 558//558 559//559 560//560
f 561//561 562//562 563//563
f 564//564 565//565 566//566
f 567//567 568//568 569//569
f 570//570 571//571 572//572
f 573//573 574//574 575//575
f 576//576 577//577 578//578
f 579//579 580//580 581//581
f 582//582 583//583 584//584
f 585//585 586//586 587//587
f 588//588 589//589 590//590
f 591//591 592//592 593//593
f 594//594 595//595 596//596
f 597//597 598//598 599//599
f 600//600 601//601 602//602
f 603//603 604//604 605//605
f 606//606 607//607 608//608
f 609//609 610//610 611//611
f 612//612 613//613 614//614
f 615//615 616//616 617//617
f 618//618 619//619 620//620
f 621//621 622//622 623//623
f 624//624 625//625 626//626
f 627//627 628//628 629//629
f 630//630 631//631 632//632
f 633//633 634//634 635//635
f 636//636 637//637 638//638
f 639//639 640//640 641//641
f 642//642 643//643 644//644
f 645//645 646//646 647//647
f 648//648 649//649 650//650
f 651//651 652//652 653//653
f 654//654 655//655 656//656
f 657//657 658//658 659//659
f 660//660 661//661 662//662
f 663//663 664//664 665//665
f 666//666 667//667 668//668
f 669//669 670//670 671//671
f 672//672 673//673 674//674
f 675//675 676//676 677//677
f 678//678 679//679 680//680
f 681//681 682//682 683//683
f 684//684 685//685 686//686
f 687//687 688//688 689//689
f 690//690 691//691 689//689
f 690//690 692//692 693//693
f 690//690 693//693 694//694
f 695//695 690//690 694//694
f 695//695 694//694 696//696
f 697//697 695//695 696//696
f 695//695 697//697 698//698
f 699//699 700//700 698//698
f 701//701 695//695 702//702
f 703//703 701//701 702//702
f 700//700 704//704 705//705
f 705//705 704//704 706//706
f 707//707 708//708 706//706
f 707//707 706//706 709//709
f 707//707 709//709 710//710
f 711//711 707//707 710//710
f 711//711 710//710 712//712
f 711//711 712//712 713//713
f 714//714 711//711 713//713
f 715//715 714//714 713//713
f 716//716 715//715 713//713
f 716//716 717//717 715//715
f 718//718 719//719 720//720
f 721//721 722//722 723//723
f 724//724 725//725 726//726
f 727//727 728//728 729//729
f 730//730 731//731 732//732
f 733//733 734//734 735//735
f 736//736 737//737 738//738
f 739//739 740//740 741//741
f 742//742 743//743 744//744
f 745//745 746//746 747//747
f 748//748 749//749 750//750
f 751//751 752//752 753//753
f 754//754 755//755 756//756
f 757//757 758//758 759//759
f 760//760 761//761 762//762
f 763//763 764//764 765//765
f 766//766 767//767 768//768
f 769//769 770//770 771//771
f 772//772 773//773 774//774
f 775//775 776//776 777//777
f 778//778 779//779 780//780
f 781//781 782//782 783//783
f 784//784 785//785 786//786
f 787//787 788//788 789//789
f 790//790 791//791 792//792
f 793//793 794//794 795//795
f 796//796 797//797 798//798
f 799//799 800//800 801//801
f 802//802 803//803 804//804
f 805//805 806//806 807//807
f 808//808 809//809 810//810
f 811//811 812//812 813//813
f 814//814 815//815 816//816
f 817//817 818//818 819//819
f 820//820 821//821 822//822
f 823//823 824//824 825//825
f 826//826 827//827 828//828
f 829//829 830//830 831//831
f 832//832 833//833 834//834
f 835//835 836//836 837//837
f 838//838 839//839 840//840
f 841//841 842//842 843//843
f 844//844 845//845 846//846
f 847//847 848//848 849//849
f 850//850 851//851 852//852
f 853//853 854//854 855//855
f 856//856 857//857 858//858
f 859//859 860//860 861//861
f 862//862 863//863 864//864
f 865//865 866//866 867//867
f 868//868 869//869 870//870
f 871//871 872//872 873//873
f 874//874 875//875 876//876
f 877//877 878//878 879//879
f 880//880 881//881 882//882
f 883//883 884//884 885//885
f 886//886 887//887 888//888
f 889//889 890//890 891//891
f 892//892 893//893 894//894
f 895//895 896//896 897//897
f 898//898 899//899 900//900
f 898//898 901//901 899//899
f 902//902 903//903 904//904
f 902//902 905//905 903//903
f 906//906 907//907 908//908
f 906//906 909//909 907//907
f 910//910 911//911 912//912
f 910//910 913//913 911//911
f 914//914 915//915 916//916
f 915//915 917//917 916//916
f 918//918 919//919 920//920
f 919//919 921//921 920//920
f 922//922 923//923 924//924
f 923//923 925//925 924//924
f 926//926 927//927 928//928
f 928//928 929//929 926//926
f 930//930 931//931 932//932
f 930//930 933//933 931//931
f 934//934 935//935 936//936
f 934//934 937//937 935//935
f 938//938 939//939 940//940
f 938//938 941//941 939//939
f 942//942 943//943 944//944
f 942//942 945//945 943//943
f 946//946 947//947 948//948
f 946//946 949//949 947//947
f 950//950 951//951 952//952
f 951//951 953//953 952//952
f 954//954 955//955 956//956
f 955//955 957//957 956//956
f 958//958 959//959 960//960
f 959//959 961//961 960//960
f 962//962 963//963 964//964
f 964//964 965//965 962//962
f 966//966 967//967 968//968
f 966//966 969//969 967//967
f 970//970 971//971 972//972
f 970//970 973//973 971//971
f 974//974 975//975 976//976
f 974//974 977//977 975//975
f 978//978 979//979 980//980
f 981//981 982//982 983//983
f 984//984 985//985 986//986
f 987//987 988//988 989//989
f 990//990 991//991 992//992
f 993//993 994//994 995//995
f 996//996 997//997 998//998
f 999//999 1000//1000 1001//1001
f 1002//1002 1003//1003 1004//1004
f 1005//1005 1006//1006 1007//1007
f 1008//1008 1009//1009 1010//1010
f 1011//1011 1012//1012 1013//1013
f 1014//1014 1015//1015 1016//1016
f 1017//1017 1018//1018 1019//1019
f 1020//1020 1021//1021 1022//1022
f 1023//1023 1024//1024 1025//1025
f 1026//1026 1027//1027 1028//1028
f 1029//1029 1030//1030 1031//1031
f 1032//1032 1033//1033 1034//1034
f 1035//1035 1036//1036 1037//1037
f 1038//1038 1039//1039 1040//1040
f 1041//1041 1042//1042 1043//1043
f 1044//1044 1045//1045 1046//1046
f 1047//1047 1048//1048 1049//1049
f 1050//1050 1051//1051 1052//1052
f 1053//1053 1054//1054 1055//1055
f 1056//1056 1057//1057 1058//1058
f 1059//1059 1060//1060 1061//1061
f 1062//1062 1063//1063 1064//1064
f 1065//1065 1066//1066 1067//1067
f 1068//1068 1069//1069 1070//1070
f 1071//1071 1072//1072 1073//1073
f 1074//1074 1075//1075 1076//1076
f 1077//1077 1078//1078 1079//1079
f 1080//1080 1081//1081 1082//1082
f 1083//1083 1084//1084 1085//1085
f 1086//1086 1087//1087 1088//1088
f 1089//1089 1090//1090 1091//1091
f 1092//1092 1093//1093 1094//1094
f 1095//1095 1096//1096 1097//1097
f 1098//1098 1099//1099 1100//1100
f 1101//1101 1102//1102 1103//1103
f 1104//1104 1105//1105 1106//1106
f 1107//1107 1108//1108 1109//1109
f 1110//1110 1111//1111 1112//1112
f 1113//1113 1114//1114 1115//1115
f 1116//1116 1117//1117 1118//1118
f 1119//1119 1120//1120 1121//1121
f 1122//1122 1123//1123 1124//1124
f 1125//1125 1126//1126 1127//1127
f 1128//1128 1129//1129 1130//1130
f 1131//1131 1132//1132 1133//1133
f 1134//1134 1135//1135 1136//1136
f 1137//1137 1138//1138 1139//1139
f 1140//1140 1141//1141 1142//1142
f 1143//1143 1144//1144 1145//1145
f 1146//1146 1147//1147 1148//1148
f 1149//1149 1150//1150 1151//1151
f 1152//1152 1153//1153 1154//1154
f 1155//1155 1156//1156 1157//1157
f 1158//1158 1159//1159 1160//1160
f 1161//1161 1162//1162 1163//1163
f 1164//1164 1165//1165 1166//1166
f 1167//1167 1168//1168 1169//1169
f 1170//1170 1171//1171 1172//1172
f 1173//1173 1174//1174 1175//1175
f 1176//1176 1177//1177 1178//1178
f 1179//1179 1180//1180 1181//1181
f 1182//1182 1183//1183 1184//1184
f 1185//1185 1186//1186 1187//1187
f 1188//1188 1189//1189 1190//1190
f 1191//1191 1192//1192 1193//1193
f 1194//1194 1195//1195 1196//1196
f 1197//1197 1198//1198 1199//1199
f 1198//1198 1200//1200 1199//1199
f 1201//1201 1202//1202 1203//1203
f 1202//1202 1204//1204 1203//1203
f 1205//1205 1206//1206 1207//1207
f 1208//1208 1209//1209 1210//1210
f 1211//1211 1212//1212 1213//1213
f 1213//1213 1214//1214 1215//1215
f 1216//1216 1217//1217 1218//1218
f 1219//1219 1220//1220 1218//1218
f 1221//1221 1220//1220 1219//1219
f 1222//1222 1221//1221 1223//1223
f 1224//1224 1225//1225 1226//1226
f 1227//1227 1228//1228 1229//1229
f 1230//1230 1231//1231 1232//1232
f 1233//1233 1234//1234 1235//1235
f 1236//1236 1237//1237 1238//1238
f 1239//1239 1240//1240 1241//1241
f 1242//1242 1243//1243 1239//1239
f 1244//1244 1242//1242 1239//1239
f 1244//1244 1239//1239 1245//1245
f 1244//1244 1245//1245 1246//1246
f 1247//1247 1244//1244 1246//1246
f 1248//1248 1249//1249 1247//1247
f 1239//1239 1250//1250 1251//1251
f 1252//1252 1250//1250 1253//1253
f 1242//1242 1254//1254 1255//1255
f 1254//1254 1256//1256 1255//1255
f 1256//1256 1254//1254 1257//1257
f 1258//1258 1259//1259 1251//1251
f 1260//1260 1258//1258 1252//1252
f 1258//1258 1261//1261 1259//1259
f 1261//1261 1258//1258 1260//1260
f 1262//1262 1263//1263 1264//1264
f 1265//1265 1266//1266 1267//1267
f 1268//1268 1265//1265 1269//1269
f 1270//1270 1268//1268 1269//1269
f 1268//1268 1270//1270 1271//1271
f 1270//1270 1272//1272 1273//1273
f 1272//1272 1274//1274 1273//1273
f 1275//1275 1276//1276 1272//1272
f 1276//1276 1277//1277 1272//1272
f 1276//1276 1278//1278 1277//1277
f 1279//1279 1277//1277 1278//1278
f 1280//1280 1279//1279 1278//1278
f 1281//1281 1280//1280 1278//1278
f 1282//1282 1283//1283 1284//1284
f 1285//1285 1286//1286 1287//1287
f 1288//1288 1289//1289 1290//1290
f 1291//1291 1292//1292 1293//1293
f 1294//1294 1295//1295 1296//1296
f 1297//1297 1298//1298 1299//1299
f 1300//1300 1301//1301 1302//1302
f 1303//1303 1304//1304 1305//1305
f 1306//1306 1307//1307 1308//1308
f 1309//1309 1310//1310 1311//1311
f 1312//1312 1313//1313 1314//1314
f 1315//1315 1316//1316 1317//1317
f 1318//1318 1319//1319 1320//1320
f 1321//1321 1322//1322 1319//1319
f 1321//1321 1323//1323 1322//1322
f 1321//1321 1324//1324 1325//1325
f 1324//1324 1326//1326 1325//1325
f 1326//1326 1327//1327 1328//1328
f 1322//1322 1329//1329 1330//1330
f 1322//1322 1331//1331 1332//1332
f 1332//1332 1331//1331 1333//1333
f 1331//1331 1334//1334 1335//1335
f 1336//1336 1337//1337 1333//1333
f 1337//1337 1336//1336 1338//1338
f 1337//1337 1338//1338 1339//1339
f 1337//1337 1340//1340 1335//1335
f 1341//1341 1342//1342 1340//1340
f 1342//1342 1343//1343 1340//1340
f 1329//1329 1344//1344 1345//1345
f 1344//1344 1346//1346 1345//1345
f 1329//1329 1347//1347 1344//1344
f 1329//1329 1348//1348 1347//1347
f 1348//1348 1349//1349 1347//1347
f 1348//1348 1350//1350 1349//1349
f 1351//1351 1344//1344 1352//1352
f 1353//1353 1344//1344 1351//1351
f 1354//1354 1353//1353 1351//1351
f 1355//1355 1351//1351 1356//1356
f 1355//1355 1357//1357 1358//1358
f 1359//1359 1355//1355 1358//1358
f 1358//1358 1360//1360 1359//1359
f 1360//1360 1358//1358 1361//1361
f 1362//1362 1359//1359 1360//1360
f 1362//1362 1360//1360 1363//1363
f 1364//1364 1365//1365 1363//1363
f 1364//1364 1363//1363 1366//1366
f 1367//1367 1364//1364 1366//1366
f 1368//1368 1369//1369 1366//1366
f 1369//1369 1368//1368 1370//1370
f 1371//1371 1370//1370 1372//1372
f 1373//1373 1371//1371 1372//1372
f 1374//1374 1375//1375 1376//1376
f 1377//1377 1378//1378 1379//1379
f 1380//1380 1381//1381 1382//1382
f 1383//1383 1384//1384 1385//1385
f 1386//1386 1387//1387 1388//1388
f 1389//1389 1390//1390 1391//1391
f 1392//1392 1393//1393 1394//1394
f 1395//1395 1396//1396 1397//1397
f 1398//1398 1399//1399 1400//1400
f 1401//1401 1402//1402 1403//1403
f 1404//1404 1405//1405 1406//1406
f 1407//1407 1408//1408 1409//1409
f 1410//1410 1411//1411 1412//1412
f 1413//1413 1414//1414 1415//1415
f 1416//1416 1417//1417 1418//1418
f 1419//1419 1420//1420 1421//1421
f 1422//1422 1423//1423 1424//1424
f 1425//1425 1426//1426 1427//1427
f 1428//1428 1429//1429 1430//1430
f 1431//1431 1432//1432 1433//1433
f 1434//1434 1435//1435 1436//1436
f 1437//1437 1438//1438 1439//1439
f 1440//1440 1441//1441 1442//1442
f 1443//1443 1444//1444 1445//1445
f 1446//1446 1447//1447 1448//1448
f 1449//1449 1450//1450 1448//1448
f 1451//1451 1452//1452 1449//1449
f 1449//1449 1452//1452 1453//1453
f 1452//1452 1454//1454 1453//1453
f 1455//1455 1456//1456 1453//1453
f 1455//1455 1457//1457 1456//1456
f 1455//1455 1458//1458 1457//1457
f 1458//1458 1459//1459 1457//1457
f 1458//1458 1460//1460 1459//1459
f 1458//1458 1461//1461 1460//1460
f 1461//1461 1462//1462 1460//1460
f 1460//1460 1462//1462 1463//1463
f 1464//1464 1463//1463 1462//1462
f 1465//1465 1464//1464 1462//1462
f 1466//1466 1460//1460 1467//1467
f 1468//1468 1469//1469 1463//1463
f 1470//1470 1465//1465 1471//1471
f 1465//1465 1472//1472 1473//1473
f 1474//1474 1475//1475 1468//1468
f 1474//1474 1476//1476 1475//1475
f 1476//1476 1477//1477 1475//1475
f 1478//1478 1477//1477 1476//1476
f 1478//1478 1476//1476 1479//1479
f 1478//1478 1480//1480 1477//1477
f 1478//1478 1481//1481 1480//1480
f 1482//1482 1478//1478 1479//1479
f 1482//1482 1479//1479 1483//1483
f 1484//1484 1483//1483 1485//1485
f 1486//1486 1484//1484 1487//1487
f 1488//1488 1484//1484 1486//1486
f 1488//1488 1489//1489 1484//1484
f 1490//1490 1489//1489 1488//1488
f 1491//1491 1490//1490 1488//1488
f 1492//1492 1491//1491 1488//1488
f 1493//1493 1488//1488 1494//1494
f 1495//1495 1493//1493 1494//1494
f 1496//1496 1497//1497 1498//1498
f 1460//1460 1499//1499 1497//1497
f 1480//1480 1497//1497 1499//1499
f 1500//1500 1480//1480 1499//1499
f 1501//1501 1499//1499 1502//1502
f 1503//1503 1501//1501 1502//1502
f 1503//1503 1504//1504 1501//1501
f 1480//1480 1505//1505 1506//1506
f 1505//1505 1507//1507 1506//1506
f 1508//1508 1506//1506 1507//1507
f 1509//1509 1510//1510 1506//1506
f 1511//1511 1507//1507 1512//1512
f 1511//1511 1512//1512 1513//1513
f 1512//1512 1514//1514 1513//1513
f 1515//1515 1511//1511 1513//1513
f 1516//1516 1515//1515 1517//1517
f 1518//1518 1516//1516 1517//1517
f 1518//1518 1517//1517 1519//1519
f 1509//1509 1518//1518 1519//1519
f 1509//1509 1519//1519 1520//1520
f 1521//1521 1509//1509 1520//1520
f 1522//1522 1521//1521 1520//1520
f 1522//1522 1520//1520 1457//1457
f 1523//1523 1524//1524 1525//1525
f 1526//1526 1527//1527 1528//1528
f 1529//1529 1530//1530 1531//1531
f 1532//1532 1533//1533 1534//1534
f 1535//1535 1536//1536 1537//1537
f 1538//1538 1539//1539 1540//1540
f 1541//1541 1542//1542 1543//1543
f 1544//1544 1545//1545 1546//1546
f 1545//1545 1547//1547 1548//1548
f 1549//1549 1550//1550 1547//1547
f 1551//1551 1552//1552 1553//1553
f 1552//1552 1554//1554 1555//1555
f 1556//1556 1557//1557 1554//1554
f 1558//1558 1559//1559 1560//1560
f 1561//1561 1562//1562 1563//1563
f 1564//1564 1565//1565 1566//1566
f 1565//1565 1567//1567 1568//1568
f 1569//1569 1570//1570 1571//1571
f 1572//1572 1573//1573 1574//1574
f 1575//1575 1576//1576 1577//1577
f 1578//1578 1579//1579 1580//1580
f 1581//1581 1582//1582 1583//1583
f 1584//1584 1585//1585 1586//1586
f 1587//1587 1588//1588 1589//1589
f 1590//1590 1589//1589 1591//1591
f 1592//1592 1590//1590 1591//1591
f 1593//1593 1594//1594 1595//1595
f 1596//1596 1597//1597 1598//1598
f 1599//1599 1600//1600 1601//1601
f 1602//1602 1603//1603 1604//1604
f 1605//1605 1606//1606 1607//1607
f 1608//1608 1609//1609 1610//1610
f 1611//1611 1612//1612 1613//1613
f 1614//1614 1615//1615 1616//1616
f 1617//1617 1618//1618 1619//1619
f 1618//1618 1620//1620 1621//1621
f 1622//1622 1623//1623 1624//1624
f 1625//1625 1626//1626 1627//1627
f 1626//1626 1628//1628 1629//1629
f 1628//1628 1630//1630 1631//1631
f 1632//1632 1633//1633 1634//1634
f 1635//1635 1636//1636 1637//1637
f 1638//1638 1639//1639 1640//1640
f 1639//1639 1641//1641 1642//1642
f 1641//1641 1643//1643 1644//1644
f 1645//1645 1646//1646 1647//1647
f 1648//1648 1649//1649 1650//1650
f 1651//1651 1652//1652 1653//1653
f 1654//1654 1655//1655 1656//1656
f 1657//1657 1658//1658 1659//1659
f 1660//1660 1661//1661 1662//1662
f 1661//1661 1663//1663 1664//1664
f 1663//1663 1665//1665 1666//1666
f 1667//1667 1668//1668 1669//1669
f 1670//1670 1671//1671 1672//1672
f 1673//1673 1674//1674 1675//1675
f 1676//1676 1677//1677 1678//1678
f 1679//1679 1680//1680 1681//1681
f 1682//1682 1683//1683 1684//1684
f 1685//1685 1686//1686 1687//1687
f 1688//1688 1689//1689 1690//1690
f 1691//1691 1692//1692 1693//1693
f 1694//1694 1695//1695 1696//1696
f 1697//1697 1698//1698 1699//1699
f 1700//1700 1701//1701 1702//1702
f 1703//1703 1704//1704 1705//1705
f 1706//1706 1707//1707 1708//1708
f 1709//1709 1710//1710 1711//1711
f 1712//1712 1713//1713 1714//1714
f 1715//1715 1716//1716 1717//1717
f 1718//1718 1719//1719 1720//1720
f 1721//1721 1722//1722 1723//1723
f 1724//1724 1725//1725 1726//1726
f 1727//1727 1728//1728 1729//1729
f 1730//1730 1731//1731 1732//1732
f 1733//1733 1734//1734 1735//1735
f 1736//1736 1737//1737 1738//1738
f 1739//1739 1740//1740 1741//1741
f 1742//1742 1743//1743 1744//1744
f 1745//1745 1746//1746 1747//1747
f 1748//1748 1749//1749 1750//1750
f 1751//1751 1752//1752 1753//1753
f 1754//1754 1755//1755 1756//1756
f 1757//1757 1758//1758 1759//1759
f 1760//1760 1761//1761 1762//1762
f 1763//1763 1764//1764 1765//1765
f 1766//1766 1767//1767 1768//1768
f 1769//1769 1770//1770 1771//1771
f 1772//1772 1773//1773 1774//1774
f 1775//1775 1776//1776 1777//1777
f 1778//1778 1779//1779 1780//1780
f 1781//1781 1782//1782 1783//1783
f 1784//1784 1785//1785 1786//1786
f 1787//1787 1788//1788 1789//1789
f 1790//1790 1791//1791 1792//1792
f 1793//1793 1794//1794 1795//1795
f 1796//1796 1797//1797 1798//1798
f 1799//1799 1800//1800 1801//1801
f 1802//1802 1803//1803 1804//1804
f 1805//1805 1806//1806 1807//1807
f 1805//1805 1808//1808 1809//1809
f 1810//1810 1805//1805 1811//1811
f 1812//1812 1811//1811 1813//1813
f 1814//1814 1812//1812 1815//1815
f 1816//1816 1815//1815 1817//1817
f 1818//1818 1816//1816 1817//1817
f 1818//1818 1819//1819 1820//1820
f 1821//1821 1818//1818 1822//1822
f 1821//1821 1822//1822 1823//1823
f 1824//1824 1821//1821 1825//1825
f 1826//1826 1825//1825 1827//1827
f 1828//1828 1826//1826 1829//1829
f 1830//1830 1829//1829 1831//1831
f 1832//1832 1830//1830 1833//1833
f 1834//1834 1833//1833 1835//1835
f 1836//1836 1834//1834 1837//1837
f 1838//1838 1837//1837 1839//1839
f 1840//1840 1838//1838 1839//1839
f 1840//1840 1841//1841 1842//1842
f 1843//1843 1844//1844 1845//1845
f 1846//1846 1847//1847 1848//1848
f 1849//1849 1850//1850 1851//1851
f 1852//1852 1853//1853 1854//1854
f 1855//1855 1856//1856 1857//1857
f 1858//1858 1859//1859 1860//1860
f 1861//1861 1862//1862 1863//1863
f 1864//1864 1865//1865 1866//1866
f 1867//1867 1868//1868 1869//1869
f 1870//1870 1871//1871 1872//1872
f 1873//1873 1874//1874 1875//1875
f 1876//1876 1877//1877 1878//1878
f 1878//1878 1879//1879 1880//1880
f 1881//1881 1882//1882 1883//1883
f 1884//1884 1885//1885 1883//1883
f 1886//1886 1885//1885 1884//1884
f 1887//1887 1886//1886 1888//1888
f 1889//1889 1890//1890 1891//1891
f 1892//1892 1893//1893 1894//1894
f 1895//1895 1896//1896 1897//1897
f 1898//1898 1899//1899 1900//1900
f 1901//1901 1902//1902 1903//1903
f 1904//1904 1905//1905 1906//1906
f 1907//1907 1908//1908 1909//1909
f 1910//1910 1907//1907 1911//1911
f 1912//1912 1913//1913 1911//1911
f 1914//1914 1910//1910 1915//1915
f 1916//1916 1917//1917 1914//1914
f 1918//1918 1919//1919 1915//1915
f 1918//1918 1920//1920 1919//1919
f 1920//1920 1921//1921 1922//1922
f 1920//1920 1923//1923 1921//1921
f 1923//1923 1924//1924 1921//1921
f 1924//1924 1923//1923 1925//1925
f 1925//1925 1923//1923 1926//1926
f 1926//1926 1923//1923 1927//1927
f 1928//1928 1926//1926 1927//1927
f 1926//1926 1928//1928 1929//1929
f 1930//1930 1931//1931 1929//1929
f 1932//1932 1933//1933 1934//1934
f 1935//1935 1936//1936 1937//1937
f 1938//1938 1939//1939 1940//1940
f 1941//1941 1938//1938 1942//1942
f 1943//1943 1941//1941 1942//1942
f 1941//1941 1943//1943 1944//1944
f 1943//1943 1945//1945 1946//1946
f 1945//1945 1947//1947 1946//1946
f 1948//1948 1949//1949 1945//1945
f 1949//1949 1950//1950 1945//1945
f 1951//1951 1950//1950 1952//1952
f 1953//1953 1951//1951 1952//1952
f 1953//1953 1952//1952 1954//1954
f 1955//1955 1953//1953 1954//1954
f 1956//1956 1957//1957 1958//1958
f 1959//1959 1956//1956 1960//1960
f 1961//1961 1959//1959 1962//1962
f 1960//1960 1961//1961 1963//1963
f 1964//1964 1960//1960 1963//1963
f 1965//1965 1966//1966 1967//1967
f 1968//1968 1969//1969 1970//1970
f 1971//1971 1972//1972 1973//1973
f 1974//1974 1975//1975 1976//1976
f 1977//1977 1978//1978 1979//1979
f 1980//1980 1981//1981 1982//1982
f 1983//1983 1984//1984 1985//1985
f 1986//1986 1987//1987 1988//1988
f 1989//1989 1990//1990 1991//1991
f 1992//1992 1993//1993 1994//1994
f 1995//1995 1996//1996 1997//1997
f 1998//1998 1999//1999 2000//2000
f 2001//2001 2002//2002 2003//2003
f 2004//2004 2003//2003 2005//2005
f 2006//2006 2007//2007 2005//2005
f 2008//2008 2006//2006 2009//2009
f 2008//2008 2009//2009 2010//2010
f 2011//2011 2008//2008 2010//2010
f 2012//2012 2006//2006 2013//2013
f 2014//2014 2012//2012 2013//2013
f 2014//2014 2013//2013 2015//2015
f 2016//2016 2015//2015 2017//2017
f 2018//2018 2019//2019 2020//2020
f 2021//2021 2022//2022 2023//2023
f 2024//2024 2025//2025 2026//2026
f 2027//2027 2028//2028 2029//2029
f 2030//2030 2031//2031 2029//2029
f 2029//2029 2031//2031 2032//2032
f 2033//2033 2034//2034 2035//2035
f 2036//2036 2037//2037 2038//2038
f 2039//2039 2040//2040 2041//2041
f 2042//2042 2043//2043 2044//2044
f 2045//2045 2046//2046 2047//2047
f 2047//2047 2048//2048 2049//2049
f 2047//2047 2050//2050 2051//2051
f 2051//2051 2050//2050 2052//2052
f 2050//2050 2053//2053 2052//2052
f 2054//2054 2055//2055 2052//2052
f 2055//2055 2054//2054 2056//2056
f 2055//2055 2056//2056 2057//2057
f 2048//2048 2058//2058 2059//2059
f 2048//2048 2059//2059 2060//2060
f 2048//2048 2060//2060 2061//2061
f 2060//2060 2062//2062 2061//2061
f 2058//2058 2063//2063 2064//2064
f 2058//2058 2064//2064 2065//2065
f 2066//2066 2060//2060 2067//2067
f 2068//2068 2060//2060 2066//2066
f 2069//2069 2068//2068 2066//2066
f 2070//2070 2066//2066 2071//2071
f 2072//2072 2070//2070 2073//2073
f 2073//2073 2074//2074 2072//2072
f 2075//2075 2072//2072 2076//2076
f 2077//2077 2075//2075 2076//2076
f 2078//2078 2079//2079 2080//2080
f 2081//2081 2082//2082 2083//2083
f 2084//2084 2085//2085 2086//2086
f 2087//2087 2088//2088 2089//2089
f 2090//2090 2091//2091 2092//2092
f 2093//2093 2094//2094 2095//2095
f 2096//2096 2097//2097 2098//2098
f 2099//2099 2100//2100 2101//2101
f 2102//2102 2103//2103 2104//2104
f 2105//2105 2106//2106 2107//2107
f 2108//2108 2109//2109 2110//2110
f 2111//2111 2112//2112 2113//2113
f 2114//2114 2115//2115 2116//2116
f 2117//2117 2118//2118 2119//2119
f 2120//2120 2121//2121 2122//2122
f 2123//2123 2124//2124 2125//2125
f 2126//2126 2127//2127 2128//2128
f 2129//2129 2130//2130 2131//2131
f 2132//2132 2133//2133 2134//2134
f 2135//2135 2136//2136 2137//2137
f 2138//2138 2139//2139 2140//2140
f 2141//2141 2142//2142 2143//2143
f 2144//2144 2145//2145 2146//2146
f 2147//2147 2148//2148 2149//2149
f 2150//2150 2151//2151 2149//2149
f 2151//2151 2152//2152 2153//2153
f 2152//2152 2154//2154 2153//2153
f 2152//2152 2155//2155 2154//2154
f 2155//2155 2152//2152 2156//2156
f 2157//2157 2158//2158 2150//2150
f 2150//2150 2158//2158 2159//2159
f 2150//2150 2159//2159 2160//2160
f 2159//2159 2161//2161 2160//2160
f 2159//2159 2162//2162 2161//2161
f 2162//2162 2163//2163 2161//2161
f 2162//2162 2164//2164 2163//2163
f 2157//2157 2165//2165 2166//2166
f 2157//2157 2167//2167 2165//2165
f 2167//2167 2168//2168 2165//2165
f 2169//2169 2165//2165 2168//2168
f 2170//2170 2165//2165 2169//2169
f 2170//2170 2171//2171 2163//2163
f 2170//2170 2169//2169 2171//2171
f 2169//2169 2168//2168 2172//2172
f 2173//2173 2172//2172 2168//2168
f 2173//2173 2174//2174 2172//2172
f 2175//2175 2174//2174 2173//2173
f 2175//2175 2173//2173 2176//2176
f 2174//2174 2177//2177 2172//2172
f 2174//2174 2178//2178 2177//2177
f 2178//2178 2179//2179 2180//2180
f 2181//2181 2182//2182 2163//2163
f 2181//2181 2183//2183 2182//2182
f 2184//2184 2168//2168 2185//2185
f 2186//2186 2184//2184 2185//2185
f 2184//2184 2187//2187 2188//2188
f 2189//2189 2172//2172 2190//2190
f 2189//2189 2190//2190 2191//2191
f 2192//2192 2191//2191 2182//2182
f 2192//2192 2189//2189 2191//2191
f 2193//2193 2194//2194 2191//2191
f 2193//2193 2195//2195 2194//2194
f 2195//2195 2196//2196 2197//2197
f 2198//2198 2199//2199 2196//2196
f 2200//2200 2201//2201 2196//2196
f 2202//2202 2203//2203 2204//2204
f 2205//2205 2206//2206 2207//2207
f 2208//2208 2209//2209 2210//2210
f 2211//2211 2212//2212 2213//2213
f 2214//2214 2215//2215 2216//2216
f 2217//2217 2218//2218 2219//2219
f 2220//2220 2221//2221 2222//2222
f 2223//2223 2224//2224 2225//2225
f 2226//2226 2227//2227 2228//2228
f 2229//2229 2230//2230 2231//2231
f 2230//2230 2232//2232 2233//2233
f 2234//2234 2235//2235 2236//2236
f 2237//2237 2238//2238 2239//2239
f 2240//2240 2241//2241 2242//2242
f 2243//2243 2244//2244 2245//2245
f 2246//2246 2247//2247 2248//2248
f 2247//2247 2249//2249 2250//2250
f 2251//2251 2252//2252 2253//2253
f 2254//2254 2255//2255 2256//2256
f 2257//2257 2258//2258 2259//2259
f 2260//2260 2261//2261 2262//2262
f 2263//2263 2262//2262 2264//2264
f 2265//2265 2263//2263 2264//2264
f 2266//2266 2267//2267 2268//2268
f 2269//2269 2270//2270 2271//2271
f 2272//2272 2273//2273 2274//2274
f 2275//2275 2276//2276 2277//2277
f 2278//2278 2279//2279 2280//2280
f 2281//2281 2282//2282 2283//2283
f 2284//2284 2283//2283 2285//2285
f 2286//2286 2284//2284 2285//2285
f 2287//2287 2288//2288 2289//2289
f 2290//2290 2291//2291 2292//2292
f 2293//2293 2294//2294 2295//2295
f 2296//2296 2297//2297 2298//2298
f 2299//2299 2300//2300 2301//2301
f 2302//2302 2303//2303 2304//2304
f 2305//2305 2306//2306 2307//2307
f 2308//2308 2309//2309 2310//2310
f 2311//2311 2312//2312 2313//2313
f 2312//2312 2314//2314 2315//2315
f 2314//2314 2316//2316 2317//2317
f 2316//2316 2318//2318 2319//2319
f 2318//2318 2320//2320 2321//2321
f 2320//2320 2322//2322 2323//2323
f 2324//2324 2325//2325 2326//2326
f 2327//2327 2328//2328 2329//2329
f 2330//2330 2331//2331 2332//2332
f 2333//2333 2334//2334 2335//2335
f 2336//2336 2337//2337 2338//2338
f 2339//2339 2340//2340 2341//2341
f 2342//2342 2343//2343 2344//2344
f 2345//2345 2346//2346 2347//2347
f 2348//2348 2349//2349 2350//2350
f 2351//2351 2352//2352 2353//2353
f 2354//2354 2355//2355 2356//2356
f 2357//2357 2358//2358 2359//2359
f 2360//2360 2361//2361 2362//2362
f 2363//2363 2364//2364 2365//2365
f 2366//2366 2367//2367 2368//2368
f 2369//2369 2370//2370 2371//2371
f 2372//2372 2373//2373 2374//2374
f 2375//2375 2376//2376 2377//2377
f 2378//2378 2379//2379 2380//2380
f 2381//2381 2382//2382 2383//2383
f 2384//2384 2385//2385 2386//2386
f 2387//2387 2388//2388 2389//2389
f 2390//2390 2391//2391 2392//2392
f 2393//2393 2394//2394 2395//2395
f 2396//2396 2397//2397 2398//2398
f 2399//2399 2400//2400 2401//2401
f 2402//2402 2403//2403 2404//2404
f 2405//2405 2406//2406 2407//2407
f 2408//2408 2409//2409 2410//2410
f 2411//2411 2412//2412 2413//2413
f 2414//2414 2415//2415 2416//2416
f 2417//2417 2418//2418 2419//2419
f 2420//2420 2421//2421 2422//2422
f 2423//2423 2424//2424 2425//2425
f 2426//2426 2427//2427 2428//2428
f 2429//2429 2430//2430 2431//2431
f 2432//2432 2433//2433 2434//2434
f 2435//2435 2436//2436 2437//2437
f 2438//2438 2439//2439 2440//2440
f 2441//2441 2442//2442 2443//2443
f 2444//2444 2445//2445 2446//2446
f 2447//2447 2448//2448 2449//2449
f 2450//2450 2451//2451 2452//2452
f 2453//2453 2454//2454 2455//2455
f 2456//2456 2457//2457 2458//2458
f 2459//2459 2460//2460 2461//2461
f 2462//2462 2463//2463 2464//2464
f 2465//2465 2466//2466 2467//2467
f 2468//2468 2469//2469 2470//2470
f 2471//2471 2472//2472 2473//2473
f 2474//2474 2475//2475 2476//2476
f 2477//2477 2478//2478 2479//2479
f 2480//2480 2481//2481 2482//2482
f 2483//2483 2484//2484 2485//2485
f 2486//2486 2487//2487 2488//2488
f 2489//2489 2490//2490 2491//2491
f 2489//2489 2492//2492 2493//2493
f 2494//2494 2489//2489 2495//2495
f 2496//2496 2495//2495 2497//2497
f 2498//2498 2496//2496 2499//2499
f 2500//2500 2499//2499 2501//2501
f 2502//2502 2500//2500 2501//2501
f 2502//2502 2503//2503 2504//2504
f 2505//2505 2502//2502 2506//2506
f 2505//2505 2506//2506 2507//2507
f 2508//2508 2505//2505 2509//2509
f 2510//2510 2509//2509 2511//2511
f 2512//2512 2510//2510 2513//2513
f 2514//2514 2513//2513 2515//2515
f 2516//2516 2514//2514 2517//2517
f 2518//2518 2517//2517 2519//2519
f 2520//2520 2518//2518 2521//2521
f 2522//2522 2521//2521 2523//2523
f 2524//2524 2522//2522 2523//2523
f 2524//2524 2525//2525 2526//2526
f 2527//2527 2528//2528 2529//2529
f 2530//2530 2531//2531 2532//2532
f 2533//2533 2534//2534 2535//2535
f 2536//2536 2537//2537 2538//2538
f 2539//2539 2540//2540 2541//2541
f 2542//2542 2543//2543 2544//2544
f 2545//2545 2546//2546 2547//2547
f 2548//2548 2549//2549 2550//2550
f 2551//2551 2552//2552 2553//2553
f 2554//2554 2555//2555 2556//2556
f 2555//2555 2557//2557 2556//2556
f 2555//2555 2558//2558 2557//2557
f 2555//2555 2559//2559 2558//2558
f 2559//2559 2560//2560 2558//2558
f 2559//2559 2561//2561 2560//2560
f 2561//2561 2562//2562 2560//2560
f 2561//2561 2563//2563 2562//2562
f 2563//2563 2564//2564 2562//2562
f 2563//2563 2565//2565 2564//2564
f 2565//2565 2566//2566 2564//2564
f 2565//2565 2567//2567 2566//2566
f 2567//2567 2568//2568 2566//2566
f 2567//2567 2569//2569 2568//2568
f 2569//2569 2570//2570 2568//2568
f 2570//2570 2571//2571 2568//2568
f 2572//2572 2573//2573 2574//2574
f 2573//2573 2575//2575 2574//2574
f 2573//2573 2576//2576 2575//2575
f 2573//2573 2577//2577 2576//2576
f 2577//2577 2578//2578 2576//2576
f 2577//2577 2579//2579 2578//2578
f 2579//2579 2580//2580 2578//2578
f 2579//2579 2581//2581 2580//2580
f 2581//2581 2582//2582 2580//2580
f 2581//2581 2583//2583 2582//2582
f 2583//2583 2584//2584 2582//2582
f 2583//2583 2585//2585 2584//2584
f 2585//2585 2586//2586 2584//2584
f 2585//2585 2587//2587 2586//2586
f 2587//2587 2588//2588 2586//2586
f 2588//2588 2589//2589 2586//2586
f 2590//2590 2591//2591 2592//2592
f 2591//2591 2593//2593 2592//2592
f 2594//2594 2595//2595 2596//2596
f 2595//2595 2597//2597 2596//2596
f 2598//2598 2597//2597 2595//2595
f 2597//2597 2598//2598 2599//2599
f 2597//2597 2599//2599 2600//2600
f 2601//2601 2602//2602 2603//2603
f 2601//2601 2603//2603 2604//2604
f 2605//2605 2606//2606 2607//2607
f 2606//2606 2608//2608 2607//2607
f 2608//2608 2606//2606 2609//2609
f 2608//2608 2609//2609 2610//2610
f 2611//2611 2612//2612 2613//2613
f 2614//2614 2611//2611 2613//2613
f 2614//2614 2613//2613 2615//2615
f 2616//2616 2614//2614 2615//2615
f 2616//2616 2615//2615 2617//2617
f 2618//2618 2616//2616 2617//2617
f 2618//2618 2617//2617 2619//2619
f 2620//2620 2618//2618 2619//2619
f 2620//2620 2619//2619 2621//2621
f 2622//2622 2620//2620 2621//2621
f 2622//2622 2621//2621 2623//2623
f 2624//2624 2622//2622 2623//2623
f 2624//2624 2623//2623 2625//2625
f 2626//2626 2624//2624 2625//2625
f 2626//2626 2625//2625 2627//2627
f 2628//2628 2626//2626 2627//2627
f 2628//2628 2627//2627 2629//2629
f 2630//2630 2628//2628 2629//2629
f 2631//2631 2632//2632 2633//2633
f 2632//2632 2634//2634 2633//2633
f 2632//2632 2635//2635 2634//2634
f 2635//2635 2636//2636 2634//2634
f 2635//2635 2637//2637 2636//2636
f 2637//2637 2638//2638 2636//2636
f 2637//2637 2639//2639 2638//2638
f 2640//2640 2641//2641 2642//2642
f 2641//2641 2640//2640 2643//2643
f 2644//2644 2645//2645 2646//2646
f 2645//2645 2647//2647 2646//2646
f 2647//2647 2645//2645 2648//2648
f 2649//2649 2650//2650 2651//2651
f 2650//2650 2649//2649 2652//2652
f 2650//2650 2652//2652 2653//2653
f 1450//1450 2650//2650 2653//2653
f 2654//2654 2655//2655 2656//2656
f 2655//2655 2657//2657 2656//2656
f 2658//2658 2659//2659 2660//2660
f 2658//2658 2660//2660 2661//2661
f 2662//2662 2663//2663 2664//2664
f 2663//2663 2665//2665 2664//2664
f 2663//2663 2666//2666 2665//2665
f 2667//2667 2668//2668 2669//2669
f 2667//2667 2670//2670 2668//2668
f 2671//2671 2672//2672 2673//2673
f 2671//2671 2674//2674 2672//2672
f 2674//2674 2675//2675 2672//2672
f 2676//2676 2677//2677 2678//2678
f 2677//2677 2679//2679 2678//2678
f 2680//2680 2681//2681 2679//2679
f 2680//2680 2682//2682 2681//2681
f 2683//2683 2684//2684 2685//2685
f 2684//2684 2686//2686 2685//2685
f 2684//2684 2687//2687 2686//2686
f 2684//2684 2688//2688 2687//2687
f 2688//2688 2689//2689 2687//2687
f 2688//2688 2690//2690 2689//2689
f 2690//2690 2691//2691 2689//2689
f 2690//2690 2692//2692 2691//2691
f 2692//2692 2693//2693 2691//2691
f 2692//2692 2694//2694 2693//2693
f 2694//2694 2695//2695 2693//2693
f 2694//2694 2696//2696 2695//2695
f 2696//2696 2697//2697 2695//2695
f 2696//2696 2698//2698 2697//2697
f 2698//2698 2699//2699 2697//2697
f 2699//2699 2700//2700 2697//2697
f 2701//2701 2702//2702 2703//2703
f 2702//2702 2704//2704 2703//2703
f 2702//2702 2705//2705 2704//2704
f 2702//2702 2706//2706 2705//2705
f 2706//2706 2707//2707 2705//2705
f 2706//2706 2708//2708 2707//2707
f 2708//2708 2709//2709 2707//2707
f 2708//2708 2710//2710 2709//2709
f 2710//2710 2711//2711 2709//2709
f 2710//2710 2712//2712 2711//2711
f 2712//2712 2713//2713 2711//2711
f 2712//2712 2714//2714 2713//2713
f 2714//2714 2715//2715 2713//2713
f 2714//2714 2716//2716 2715//2715
f 2716//2716 2717//2717 2715//2715
f 2717//2717 2718//2718 2715//2715
f 2719//2719 2720//2720 2721//2721
f 2720//2720 2722//2722 2721//2721
f 2723//2723 2724//2724 2725//2725
f 2723//2723 2726//2726 2724//2724
f 2726//2726 2723//2723 2727//2727
f 2728//2728 2729//2729 2730//2730
f 2728//2728 2730//2730 2731//2731
f 2732//2732 2733//2733 2734//2734
f 2733//2733 2735//2735 2734//2734
f 2736//2736 2737//2737 2738//2738
f 2739//2739 2736//2736 2738//2738
f 2739//2739 2738//2738 2740//2740
f 2741//2741 2739//2739 2740//2740
f 2741//2741 2740//2740 2742//2742
f 2743//2743 2741//2741 2742//2742
f 2743//2743 2742//2742 2744//2744
f 2745//2745 2743//2743 2744//2744
f 2745//2745 2744//2744 2746//2746
f 2747//2747 2745//2745 2746//2746
f 2747//2747 2746//2746 2748//2748
f 2749//2749 2747//2747 2748//2748
f 2749//2749 2748//2748 2750//2750
f 2751//2751 2749//2749 2750//2750
f 2751//2751 2750//2750 2752//2752
f 2753//2753 2751//2751 2752//2752
f 2753//2753 2752//2752 2754//2754
f 2755//2755 2753//2753 2754//2754
f 2756//2756 2757//2757 2758//2758
f 2757//2757 2759//2759 2758//2758
f 2757//2757 2760//2760 2759//2759
f 2760//2760 2761//2761 2759//2759
f 2760//2760 2762//2762 2761//2761
f 2762//2762 2763//2763 2761//2761
f 2762//2762 2764//2764 2763//2763
f 2765//2765 2766//2766 2767//2767
f 2766//2766 2768//2768 2767//2767
f 2769//2769 2770//2770 2771//2771
f 2770//2770 2772//2772 2771//2771
f 2773//2773 2774//2774 2772//2772
f 2774//2774 2180//2180 2772//2772
f 2772//2772 2180//2180 2775//2775
f 2776//2776 2180//2180 2777//2777
f 2777//2777 2778//2778 2776//2776
f 2779//2779 2780//2780 2778//2778
f 2779//2779 2781//2781 2780//2780
f 2779//2779 2782//2782 2781//2781
f 2782//2782 2176//2176 2781//2781
f 2783//2783 2781//2781 2784//2784
f 2783//2783 2784//2784 2785//2785
f 2186//2186 2783//2783 2785//2785
f 2786//2786 2787//2787 2788//2788
f 2787//2787 2789//2789 2788//2788
f 2790//2790 2791//2791 2792//2792
f 2791//2791 2793//2793 2792//2792
f 2794//2794 2795//2795 2796//2796
f 2795//2795 2797//2797 2796//2796
f 2798//2798 2799//2799 2800//2800
f 2799//2799 2801//2801 2800//2800
f 2802//2802 2803//2803 2804//2804
f 2803//2803 2805//2805 2804//2804
f 2806//2806 2807//2807 2808//2808
f 2806//2806 2808//2808 2809//2809
f 2810//2810 2811//2811 2812//2812
f 2811//2811 2813//2813 2812//2812
f 2811//2811 2814//2814 2813//2813
f 2815//2815 2816//2816 2817//2817
f 2815//2815 2818//2818 2816//2816
f 2819//2819 2820//2820 2821//2821
f 2819//2819 2822//2822 2820//2820
f 2822//2822 2823//2823 2820//2820
f 2824//2824 2825//2825 2826//2826
f 2825//2825 2827//2827 2826//2826
f 2828//2828 2829//2829 2827//2827
f 2828//2828 2830//2830 2829//2829
f 2831//2831 2832//2832 2833//2833
f 2834//2834 2835//2835 2832//2832
f 2834//2834 2836//2836 2835//2835
f 2837//2837 2838//2838 2839//2839
f 2840//2840 2841//2841 2842//2842
f 2843//2843 2844//2844 2845//2845
f 2846//2846 2847//2847 2848//2848
f 2849//2849 2850//2850 2851//2851
f 2852//2852 2850//2850 2853//2853
f 2852//2852 2853//2853 2854//2854
f 2855//2855 2856//2856 2857//2857
f 2858//2858 2859//2859 2860//2860
f 2861//2861 2862//2862 2863//2863
f 2864//2864 2865//2865 2866//2866
f 2867//2867 2868//2868 2869//2869
f 2868//2868 2870//2870 2871//2871
f 2872//2872 2868//2868 2873//2873
f 2872//2872 2873//2873 2874//2874
f 2875//2875 2876//2876 2877//2877
f 2878//2878 2879//2879 2880//2880
f 2881//2881 2882//2882 2883//2883
f 2884//2884 2885//2885 2886//2886
f 2887//2887 2888//2888 2889//2889
f 2890//2890 2891//2891 2892//2892
f 2893//2893 2894//2894 2895//2895
f 2894//2894 2896//2896 2895//2895
f 2897//2897 2898//2898 2899//2899
f 2898//2898 2900//2900 2899//2899
f 2900//2900 2901//2901 2902//2902
f 2900//2900 2902//2902 2903//2903
f 2903//2903 2902//2902 2904//2904
f 2903//2903 2904//2904 2905//2905
f 2901//2901 2900//2900 2906//2906
f 2907//2907 2901//2901 2906//2906
f 2908//2908 2907//2907 2906//2906
f 2908//2908 2906//2906 2909//2909
f 2910//2910 2903//2903 2905//2905
f 2910//2910 2905//2905 2911//2911
f 2910//2910 2911//2911 2912//2912
f 2913//2913 2910//2910 2912//2912
f 2914//2914 2908//2908 2909//2909
f 2912//2912 2914//2914 2913//2913
f 2914//2914 2909//2909 2915//2915
f 2914//2914 2915//2915 2913//2913
f 2916//2916 2917//2917 2918//2918
f 2917//2917 2919//2919 2918//2918
f 2920//2920 2921//2921 2922//2922
f 2923//2923 2920//2920 2922//2922
f 2923//2923 2922//2922 2924//2924
f 2925//2925 2923//2923 2924//2924
f 2925//2925 2924//2924 2926//2926
f 2927//2927 2925//2925 2926//2926
f 2927//2927 2926//2926 2928//2928
f 2929//2929 2927//2927 2928//2928
f 2929//2929 2928//2928 2930//2930
f 2931//2931 2929//2929 2930//2930
f 2931//2931 2930//2930 2932//2932
f 2933//2933 2931//2931 2932//2932
f 2933//2933 2932//2932 2934//2934
f 2935//2935 2933//2933 2934//2934
f 2935//2935 2934//2934 2936//2936
f 2937//2937 2935//2935 2936//2936
f 2937//2937 2936//2936 2938//2938
f 2939//2939 2937//2937 2938//2938
f 2940//2940 2941//2941 2942//2942
f 2941//2941 2943//2943 2942//2942
f 2944//2944 2945//2945 2946//2946
f 2945//2945 2947//2947 2946//2946
f 2948//2948 2949//2949 2950//2950
f 2949//2949 2951//2951 2950//2950
f 2949//2949 2952//2952 2951//2951
f 2952//2952 2953//2953 2951//2951
f 2952//2952 2954//2954 2953//2953
f 2954//2954 2955//2955 2953//2953
f 2954//2954 2956//2956 2955//2955
f 2956//2956 2957//2957 2955//2955
f 2958//2958 2959//2959 2960//2960
f 2959//2959 2961//2961 2960//2960
f 2959//2959 2962//2962 2961//2961
f 2963//2963 2962//2962 2959//2959
f 2962//2962 2964//2964 2961//2961
f 2965//2965 2963//2963 2959//2959
f 2964//2964 2966//2966 2961//2961
f 2964//2964 2967//2967 2966//2966
f 2967//2967 2968//2968 2966//2966
f 2968//2968 2969//2969 2966//2966
f 2965//2965 2959//2959 2970//2970
f 2971//2971 2965//2965 2970//2970
f 2972//2972 2971//2971 2970//2970
f 2972//2972 2970//2970 2973//2973
f 2968//2968 2974//2974 2969//2969
f 2974//2974 2972//2972 2973//2973
f 2974//2974 2975//2975 2969//2969
f 2974//2974 2973//2973 2975//2975
f 2976//2976 2977//2977 2978//2978
f 2977//2977 2979//2979 2978//2978
f 2977//2977 2980//2980 2979//2979
f 2980//2980 2981//2981 2979//2979
f 2982//2982 2983//2983 2984//2984
f 2983//2983 2985//2985 2984//2984
f 2986//2986 2987//2987 2988//2988
f 2987//2987 2989//2989 2988//2988
f 2987//2987 2990//2990 2989//2989
f 2990//2990 2991//2991 2989//2989
f 2990//2990 2992//2992 2991//2991
f 2992//2992 2993//2993 2991//2991
f 2994//2994 2995//2995 2996//2996
f 2995//2995 2997//2997 2996//2996
f 2998//2998 2999//2999 3000//3000
f 3001//3001 2998//2998 3000//3000
f 3001//3001 3000//3000 3002//3002
f 3003//3003 3001//3001 3002//3002
f 3003//3003 3002//3002 3004//3004
f 3005//3005 3003//3003 3004//3004
f 3005//3005 3004//3004 3006//3006
f 3007//3007 3005//3005 3006//3006
f 3007//3007 3006//3006 3008//3008
f 3009//3009 3007//3007 3008//3008
f 3009//3009 3008//3008 3010//3010
f 3011//3011 3009//3009 3010//3010
f 3011//3011 3010//3010 3012//3012
f 3013//3013 3011//3011 3012//3012
f 3013//3013 3012//3012 3014//3014
f 3015//3015 3013//3013 3014//3014
f 3015//3015 3014//3014 3016//3016
f 3017//3017 3015//3015 3016//3016
f 3018//3018 3019//3019 3020//3020
f 3019//3019 3021//3021 3020//3020
f 3022//3022 3023//3023 3024//3024
f 3025//3025 3022//3022 3024//3024
f 3025//3025 3024//3024 3026//3026
f 3027//3027 3025//3025 3026//3026
f 3027//3027 3026//3026 3028//3028
f 3029//3029 3027//3027 3028//3028
f 3029//3029 3028//3028 3030//3030
f 3031//3031 3029//3029 3030//3030
f 3031//3031 3030//3030 3032//3032
f 3033//3033 3031//3031 3032//3032
f 3033//3033 3032//3032 3034//3034
f 3035//3035 3033//3033 3034//3034
f 3035//3035 3034//3034 3036//3036
f 3037//3037 3035//3035 3036//3036
f 3037//3037 3036//3036 3038//3038
f 3039//3039 3037//3037 3038//3038
f 3039//3039 3038//3038 3040//3040
f 3041//3041 3039//3039 3040//3040
f 3042//3042 3043//3043 3044//3044
f 3043//3043 3045//3045 3044//3044
f 3043//3043 3046//3046 3045//3045
f 3046//3046 3047//3047 3045//3045
f 3048//3048 3049//3049 3050//3050
f 3048//3048 3051//3051 3049//3049
f 3051//3051 3052//3052 3049//3049
f 3051//3051 3053//3053 3052//3052
f 3054//3054 3055//3055 3056//3056
f 3055//3055 3057//3057 3056//3056
f 3055//3055 3058//3058 3057//3057
f 3058//3058 3059//3059 3057//3057
f 3058//3058 3060//3060 3059//3059
f 3060//3060 3061//3061 3059//3059
f 3062//3062 3063//3063 3064//3064
f 3062//3062 3064//3064 3065//3065
f 3066//3066 3062//3062 3065//3065
f 3066//3066 3065//3065 3067//3067
f 3066//3066 3067//3067 3068//3068
f 3069//3069 3066//3066 3068//3068
f 3068//3068 3070//3070 3069//3069
f 3068//3068 3071//3071 3070//3070
f 3071//3071 3072//3072 3070//3070
f 3071//3071 3073//3073 3072//3072
f 3073//3073 3074//3074 3072//3072
f 3074//3074 3075//3075 3072//3072
f 3074//3074 3076//3076 3075//3075
f 3076//3076 3077//3077 3075//3075
f 3076//3076 3078//3078 3077//3077
f 3078//3078 3064//3064 3079//3079
f 3078//3078 3079//3079 3077//3077
f 3064//3064 3080//3080 3079//3079
f 3081//3081 3080//3080 3064//3064
f 3077//3077 3079//3079 3082//3082
f 3083//3083 3077//3077 3082//3082
f 3083//3083 3082//3082 3084//3084
f 3083//3083 3084//3084 3085//3085
f 3086//3086 3083//3083 3085//3085
f 3086//3086 3085//3085 3087//3087
f 3088//3088 3086//3086 3087//3087
f 3088//3088 3087//3087 3089//3089
f 3090//3090 3088//3088 3089//3089
f 3090//3090 3089//3089 3091//3091
f 3092//3092 3090//3090 3091//3091
f 3092//3092 3091//3091 3093//3093
f 3094//3094 3092//3092 3093//3093
f 3072//3072 3094//3094 3093//3093
f 3095//3095 3072//3072 3093//3093
f 3096//3096 3097//3097 3098//3098
f 3099//3099 3096//3096 3098//3098
f 3099//3099 3098//3098 3100//3100
f 3101//3101 3099//3099 3100//3100
f 3101//3101 3100//3100 3102//3102
f 3103//3103 3101//3101 3102//3102
f 3103//3103 3102//3102 3104//3104
f 3105//3105 3103//3103 3104//3104
f 3105//3105 3104//3104 3106//3106
f 3107//3107 3105//3105 3106//3106
f 3107//3107 3106//3106 3108//3108
f 3109//3109 3107//3107 3108//3108
f 3109//3109 3108//3108 3110//3110
f 3111//3111 3109//3109 3110//3110
f 3111//3111 3110//3110 3112//3112
f 3113//3113 3111//3111 3112//3112
f 3113//3113 3112//3112 3114//3114
f 3115//3115 3113//3113 3114//3114
f 3116//3116 3117//3117 3118//3118
f 3119//3119 3116//3116 3118//3118
f 3119//3119 3118//3118 3120//3120
f 3121//3121 3119//3119 3120//3120
f 3121//3121 3120//3120 3122//3122
f 3123//3123 3121//3121 3122//3122
f 3123//3123 3122//3122 3124//3124
f 3125//3125 3123//3123 3124//3124
f 3125//3125 3124//3124 3126//3126
f 3127//3127 3125//3125 3126//3126
f 3127//3127 3126//3126 3128//3128
f 3129//3129 3127//3127 3128//3128
f 3129//3129 3128//3128 3130//3130
f 3131//3131 3129//3129 3130//3130
f 3131//3131 3130//3130 3132//3132
f 3133//3133 3131//3131 3132//3132
f 3133//3133 3132//3132 3134//3134
f 3135//3135 3133//3133 3134//3134
f 3136//3136 3137//3137 3138//3138
f 3136//3136 3139//3139 3137//3137
f 3139//3139 3140//3140 3137//3137
f 3139//3139 3141//3141 3140//3140
f 3141//3141 3142//3142 3140//3140
f 3141//3141 3143//3143 3142//3142
f 3143//3143 3144//3144 3142//3142
f 3143//3143 3145//3145 3144//3144
f 3146//3146 3147//3147 3148//3148
f 3146//3146 3148//3148 3149//3149
f 3150//3150 3146//3146 3149//3149
f 3150//3150 3149//3149 3151//3151
f 3152//3152 3150//3150 3151//3151
f 3151//3151 3149//3149 3153//3153
f 3154//3154 3152//3152 3151//3151
f 3155//3155 3151//3151 3153//3153
f 3154//3154 3151//3151 3156//3156
f 3155//3155 3153//3153 3157//3157
f 3158//3158 3154//3154 3156//3156
f 3159//3159 3155//3155 3157//3157
f 3159//3159 3157//3157 3160//3160
f 3161//3161 3159//3159 3160//3160
f 3161//3161 3160//3160 3162//3162
f 3163//3163 3161//3161 3162//3162
f 3163//3163 3162//3162 3164//3164
f 3165//3165 3163//3163 3164//3164
f 3165//3165 3164//3164 3166//3166
f 3167//3167 3165//3165 3166//3166
f 3167//3167 3166//3166 3168//3168
f 3158//3158 3156//3156 3169//3169
f 3169//3169 3167//3167 3168//3168
f 3170//3170 3169//3169 3168//3168
f 3171//3171 3158//3158 3169//3169
f 3171//3171 3169//3169 3172//3172
f 3173//3173 3171//3171 3172//3172
f 3174//3174 3173//3173 3172//3172
f 3173//3173 3174//3174 3175//3175
f 3176//3176 3173//3173 3175//3175
f 3175//3175 3177//3177 3176//3176
f 3177//3177 3178//3178 3176//3176
f 3177//3177 3146//3146 3178//3178
f 3179//3179 3146//3146 3177//3177
f 3180//3180 3181//3181 3182//3182
f 3181//3181 3183//3183 3182//3182
f 3181//3181 3180//3180 3184//3184
f 3180//3180 3185//3185 3184//3184
f 3185//3185 3186//3186 3184//3184
f 3185//3185 3187//3187 3186//3186
f 3187//3187 3188//3188 3186//3186
f 3188//3188 3189//3189 3186//3186
f 3188//3188 3190//3190 3189//3189
f 3190//3190 3191//3191 3189//3189
f 3181//3181 3184//3184 3192//3192
f 3190//3190 3193//3193 3191//3191
f 3181//3181 3194//3194 3183//3183
f 3193//3193 3194//3194 3191//3191
f 3195//3195 3181//3181 3192//3192
f 3195//3195 3192//3192 3196//3196
f 3195//3195 3196//3196 3197//3197
f 3194//3194 3198//3198 3183//3183
f 3194//3194 3193//3193 3198//3198
f 3191//3191 3194//3194 3199//3199
f 3200//3200 3195//3195 3197//3197
f 3194//3194 3200//3200 3199//3199
f 3200//3200 3197//3197 3201//3201
f 3200//3200 3201//3201 3199//3199
f 3202//3202 3203//3203 3204//3204
f 3202//3202 3205//3205 3203//3203
f 3206//3206 3202//3202 3204//3204
f 3206//3206 3204//3204 3207//3207
f 3206//3206 3207//3207 3208//3208
f 3202//3202 3209//3209 3205//3205
f 3210//3210 3206//3206 3208//3208
f 3209//3209 3211//3211 3205//3205
f 3212//3212 3210//3210 3208//3208
f 3209//3209 3213//3213 3211//3211
f 3213//3213 3209//3209 3214//3214
f 3213//3213 3215//3215 3211//3211
f 3209//3209 3216//3216 3214//3214
f 3209//3209 3210//3210 3216//3216
f 3215//3215 3217//3217 3211//3211
f 3210//3210 3218//3218 3216//3216
f 3215//3215 3219//3219 3217//3217
f 3210//3210 3220//3220 3218//3218
f 3220//3220 3210//3210 3212//3212
f 3221//3221 3220//3220 3212//3212
f 3219//3219 3222//3222 3217//3217
f 3221//3221 3212//3212 3222//3222
f 3219//3219 3223//3223 3222//3222
f 3223//3223 3221//3221 3222//3222
