# Generated from the Unity FBX import by robot-human-interface
o shoulder_rh.obj
v -0.0275663324 -0.188989162 1.092603
v -0.0274394024 -0.189233109 1.09773684
v -0.0261257142 -0.189543471 1.09434748
v -0.0274394024 -0.189233109 1.09773684
v -0.03247733 -0.189218968 1.09965336
v -0.0297935922 -0.18953146 1.09963965
v -0.03247733 -0.189218968 1.09965336
v -0.0360379741 -0.188979179 1.09471476
v -0.03536631 -0.189529911 1.09824646
v -0.0360379741 -0.188979179 1.09471476
v -0.0368742868 -0.189543471 1.09490252
v -0.03536631 -0.189529911 1.09824646
v -0.0360379741 -0.188979179 1.09471476
v -0.0356522352 -0.189532459 1.09133625
v -0.0368742868 -0.189543471 1.09490252
v -0.0360379741 -0.188979179 1.09471476
v -0.0329457037 -0.189218283 1.08970237
v -0.0356522352 -0.189532459 1.09133625
v -0.0329457037 -0.189218283 1.08970237
v -0.0275663324 -0.188989162 1.092603
v -0.0287709516 -0.1895101 1.08985364
v -0.0275663324 -0.188989162 1.092603
v -0.0261257142 -0.189543471 1.09434748
v -0.0287709516 -0.1895101 1.08985364
v -0.0269359313 -0.193768054 1.09747291
v -0.02633407 -0.193693 1.093124
v -0.0261257142 -0.189543471 1.09434748
v -0.02633407 -0.193693 1.093124
v -0.0287709516 -0.1895101 1.08985364
v -0.0261257142 -0.189543471 1.09434748
v -0.02633407 -0.193693 1.093124
v -0.0285283327 -0.194301844 1.09055185
v -0.0287709516 -0.1895101 1.08985364
v -0.0285283327 -0.194301844 1.09055185
v -0.0312385429 -0.1943135 1.08959532
v -0.0287709516 -0.1895101 1.08985364
v -0.0312385429 -0.1943135 1.08959532
v -0.0329457037 -0.189218283 1.08970237
v -0.0287709516 -0.1895101 1.08985364
v -0.0312385429 -0.1943135 1.08959532
v -0.0343671665 -0.193741679 1.09017134
v -0.0329457037 -0.189218283 1.08970237
v -0.0343671665 -0.193741679 1.09017134
v -0.0356522352 -0.189532459 1.09133625
v -0.0329457037 -0.189218283 1.08970237
v -0.0343671665 -0.193741679 1.09017134
v -0.0363249257 -0.193743125 1.09243917
v -0.0356522352 -0.189532459 1.09133625
v -0.03650422 -0.194253758 1.09547675
v -0.03547729 -0.193744168 1.09812438
v -0.0368742868 -0.189543471 1.09490252
v -0.03547729 -0.193744168 1.09812438
v -0.03536631 -0.189529911 1.09824646
v -0.0368742868 -0.189543471 1.09490252
v -0.03547729 -0.193744168 1.09812438
v -0.0329425037 -0.193743855 1.09972274
v -0.03536631 -0.189529911 1.09824646
v -0.0329425037 -0.193743855 1.09972274
v -0.03247733 -0.189218968 1.09965336
v -0.03536631 -0.189529911 1.09824646
v -0.0329425037 -0.193743855 1.09972274
v -0.0299448334 -0.193742618 1.09969
v -0.03247733 -0.189218968 1.09965336
v -0.0299448334 -0.193742618 1.09969
v -0.0297935922 -0.18953146 1.09963965
v -0.03247733 -0.189218968 1.09965336
v -0.0299448334 -0.193742618 1.09969
v -0.0269359313 -0.193768054 1.09747291
v -0.0297935922 -0.18953146 1.09963965
v -0.0269359313 -0.193768054 1.09747291
v -0.0274394024 -0.189233109 1.09773684
v -0.0269359313 -0.193768054 1.09747291
v -0.0261257142 -0.189543471 1.09434748
v -0.0274394024 -0.189233109 1.09773684
v -0.0360379741 -0.188979179 1.09471476
v -0.0274394024 -0.189233109 1.09773684
v -0.0275663324 -0.188989162 1.092603
v -0.0275663324 -0.188989162 1.092603
v -0.0329457037 -0.189218283 1.08970237
v -0.0360379741 -0.188979179 1.09471476
v -0.0360379741 -0.188979179 1.09471476
v -0.03247733 -0.189218968 1.09965336
v -0.0274394024 -0.189233109 1.09773684
v -0.03126004 -0.197016045 1.09723115
v -0.030502351 -0.202974871 1.10018718
v -0.03226445 -0.202968448 1.10024679
v -0.025904661 -0.2029709 1.0936377
v -0.02591755 -0.202971265 1.09540224
v -0.0288938638 -0.197016045 1.09438515
v -0.03173996 -0.19701609 1.09201884
v -0.03249765 -0.202974871 1.08906293
v -0.0307355523 -0.202968448 1.08900332
v -0.0370953344 -0.2029709 1.09561229
v -0.0370824449 -0.202971265 1.09384775
v -0.0341061354 -0.197016045 1.094865
v -0.0309449211 -0.196164161 1.09375691
v -0.0303956326 -0.203003764 1.09347582
v -0.0288938638 -0.197016045 1.09438515
v -0.03263558 -0.203003228 1.09353149
v -0.0341061354 -0.197016045 1.094865
v -0.0370824449 -0.202971265 1.09384775
v -0.03263558 -0.203003228 1.09353149
v -0.03234572 -0.196160257 1.09404683
v -0.0341061354 -0.197016045 1.094865
v -0.0303956326 -0.203003764 1.09347582
v -0.03173996 -0.19701609 1.09201884
v -0.0307355523 -0.202968448 1.08900332
v -0.0303956326 -0.203003764 1.09347582
v -0.0309449211 -0.196164161 1.09375691
v -0.03173996 -0.19701609 1.09201884
v -0.030502351 -0.202974871 1.10018718
v -0.03126004 -0.197016045 1.09723115
v -0.0303507634 -0.203003749 1.09572923
v -0.0303507634 -0.203003749 1.09572923
v -0.0288938638 -0.197016045 1.09438515
v -0.02591755 -0.202971265 1.09540224
v -0.0303507634 -0.203003749 1.09572923
v -0.0306318961 -0.196164161 1.09517992
v -0.0288938638 -0.197016045 1.09438515
v -0.0306318961 -0.196164161 1.09517992
v -0.0303507634 -0.203003749 1.09572923
v -0.03126004 -0.197016045 1.09723115
v -0.0370953344 -0.2029709 1.09561229
v -0.0341061354 -0.197016045 1.094865
v -0.03259342 -0.203003243 1.09576058
v -0.03259342 -0.203003243 1.09576058
v -0.03126004 -0.197016045 1.09723115
v -0.03226445 -0.202968448 1.10024679
v -0.03259342 -0.203003243 1.09576058
v -0.03207815 -0.196160257 1.09547079
v -0.03126004 -0.197016045 1.09723115
v -0.03207815 -0.196160257 1.09547079
v -0.03259342 -0.203003243 1.09576058
v -0.0341061354 -0.197016045 1.094865
v -0.03234572 -0.196160257 1.09404683
v -0.03263558 -0.203003228 1.09353149
v -0.03173996 -0.19701609 1.09201884
v -0.03249765 -0.202974871 1.08906293
v -0.03173996 -0.19701609 1.09201884
v -0.03263558 -0.203003228 1.09353149
v -0.025904661 -0.2029709 1.0936377
v -0.0288938638 -0.197016045 1.09438515
v -0.0303956326 -0.203003764 1.09347582
v -0.0217434056 -0.202137589 1.094642
v -0.0231403038 -0.202121258 1.08976018
v -0.0264012069 -0.197360739 1.09530056
v -0.0231403038 -0.202121258 1.08976018
v -0.0272100866 -0.197138444 1.09219706
v -0.0264012069 -0.197360739 1.09530056
v -0.0231403038 -0.202121258 1.08976018
v -0.0286239069 -0.197207913 1.09066343
v -0.0272100866 -0.197138444 1.09219706
v -0.0231403038 -0.202121258 1.08976018
v -0.026618246 -0.202145129 1.086177
v -0.0286239069 -0.197207913 1.09066343
v -0.026618246 -0.202145129 1.086177
v -0.0306010377 -0.197160944 1.08976519
v -0.0286239069 -0.197207913 1.09066343
v -0.026618246 -0.202145129 1.086177
v -0.03157037 -0.2021201 1.08495247
v -0.0306010377 -0.197160944 1.08976519
v -0.03157037 -0.2021201 1.08495247
v -0.03416826 -0.197361 1.0902307
v -0.0306010377 -0.197160944 1.08976519
v -0.03157037 -0.2021201 1.08495247
v -0.0356459 -0.202712938 1.08577383
v -0.03416826 -0.197361 1.0902307
v -0.0356459 -0.202712938 1.08577383
v -0.0388890058 -0.202750772 1.08818257
v -0.03416826 -0.197361 1.0902307
v -0.0388890058 -0.202750772 1.08818257
v -0.0361029841 -0.197214767 1.09285486
v -0.03416826 -0.197361 1.0902307
v -0.0388890058 -0.202750772 1.08818257
v -0.0408486761 -0.202711746 1.0917716
v -0.0361029841 -0.197214767 1.09285486
v -0.0408486761 -0.202711746 1.0917716
v -0.041115012 -0.202120945 1.09567606
v -0.0361029841 -0.197214767 1.09285486
v -0.041115012 -0.202120945 1.09567606
v -0.03641919 -0.19714804 1.09504139
v -0.0361029841 -0.197214767 1.09285486
v -0.041115012 -0.202120945 1.09567606
v -0.0353806838 -0.197272643 1.09784
v -0.03641919 -0.19714804 1.09504139
v -0.041115012 -0.202120945 1.09567606
v -0.0393932462 -0.202144846 1.10036087
v -0.0353806838 -0.197272643 1.09784
v -0.0393932462 -0.202144846 1.10036087
v -0.0353629664 -0.202119991 1.10349309
v -0.0353806838 -0.197272643 1.09784
v -0.0353629664 -0.202119991 1.10349309
v -0.03285263 -0.197412625 1.09951127
v -0.0353806838 -0.197272643 1.09784
v -0.0353629664 -0.202119991 1.10349309
v -0.0304583814 -0.202143386 1.10432661
v -0.03285263 -0.197412625 1.09951127
v -0.0304583814 -0.202143386 1.10432661
v -0.0302888434 -0.1971785 1.09941864
v -0.03285263 -0.197412625 1.09951127
v -0.0304583814 -0.202143386 1.10432661
v -0.0257194843 -0.202120364 1.10238206
v -0.0302888434 -0.1971785 1.09941864
v -0.0257194843 -0.202120364 1.10238206
v -0.0280046668 -0.197228625 1.098119
v -0.0302888434 -0.1971785 1.09941864
v -0.0257194843 -0.202120364 1.10238206
v -0.0230974779 -0.202141181 1.09941649
v -0.0280046668 -0.197228625 1.098119
v -0.0230974779 -0.202141181 1.09941649
v -0.0264012069 -0.197360739 1.09530056
v -0.0280046668 -0.197228625 1.098119
v -0.0230974779 -0.202141181 1.09941649
v -0.0217434056 -0.202137589 1.094642
v -0.0264012069 -0.197360739 1.09530056
v -0.0306318961 -0.196164161 1.09517992
v -0.0315 -0.19565 1.09462488
v -0.0288938638 -0.197016045 1.09438515
v -0.0288938638 -0.197016045 1.09438515
v -0.0315 -0.19565 1.09462488
v -0.0309449211 -0.196164161 1.09375691
v -0.0315 -0.19565 1.09462488
v -0.03173996 -0.19701609 1.09201884
v -0.0309449211 -0.196164161 1.09375691
v -0.03173996 -0.19701609 1.09201884
v -0.0315 -0.19565 1.09462488
v -0.03234572 -0.196160257 1.09404683
v -0.0315 -0.19565 1.09462488
v -0.0341061354 -0.197016045 1.094865
v -0.03234572 -0.196160257 1.09404683
v -0.0341061354 -0.197016045 1.094865
v -0.0315 -0.19565 1.09462488
v -0.03207815 -0.196160257 1.09547079
v -0.0315 -0.19565 1.09462488
v -0.03126004 -0.197016045 1.09723115
v -0.03207815 -0.196160257 1.09547079
v -0.03126004 -0.197016045 1.09723115
v -0.0315 -0.19565 1.09462488
v -0.0306318961 -0.196164161 1.09517992
v -0.0388890058 -0.202750772 1.08818257
v -0.0370824449 -0.202971265 1.09384775
v -0.0408486761 -0.202711746 1.0917716
v -0.03249765 -0.202974871 1.08906293
v -0.03263558 -0.203003228 1.09353149
v -0.0370824449 -0.202971265 1.09384775
v -0.0370824449 -0.202971265 1.09384775
v -0.0409402065 -0.203 1.09709358
v -0.0408486761 -0.202711746 1.0917716
v -0.030502351 -0.202974871 1.10018718
v -0.0303507634 -0.203003749 1.09572923
v -0.02288674 -0.203 1.09937346
v -0.02591755 -0.202971265 1.09540224
v -0.0218828432 -0.203 1.09342158
v -0.0303507634 -0.203003749 1.09572923
v -0.02591755 -0.202971265 1.09540224
v -0.02288674 -0.203 1.09937346
v -0.02288674 -0.203 1.09937346
v -0.0218828432 -0.203 1.09342158
v -0.0217434056 -0.202137589 1.094642
v -0.0218828432 -0.203 1.09342158
v -0.0231403038 -0.202121258 1.08976018
v -0.0217434056 -0.202137589 1.094642
v -0.0217434056 -0.202137589 1.094642
v -0.0230974779 -0.202141181 1.09941649
v -0.02288674 -0.203 1.09937346
v -0.0230974779 -0.202141181 1.09941649
v -0.0257194843 -0.202120364 1.10238206
v -0.02288674 -0.203 1.09937346
v -0.0257194843 -0.202120364 1.10238206
v -0.02722878 -0.203 1.10330319
v -0.02288674 -0.203 1.09937346
v -0.0257194843 -0.202120364 1.10238206
v -0.0304583814 -0.202143386 1.10432661
v -0.02722878 -0.203 1.10330319
v -0.0304583814 -0.202143386 1.10432661
v -0.0330693536 -0.203 1.10437727
v -0.02722878 -0.203 1.10330319
v -0.0304583814 -0.202143386 1.10432661
v -0.0353629664 -0.202119991 1.10349309
v -0.0330693536 -0.203 1.10437727
v -0.0353629664 -0.202119991 1.10349309
v -0.03843349 -0.203 1.10136878
v -0.0330693536 -0.203 1.10437727
v -0.0353629664 -0.202119991 1.10349309
v -0.0393932462 -0.202144846 1.10036087
v -0.03843349 -0.203 1.10136878
v -0.0393932462 -0.202144846 1.10036087
v -0.0409402065 -0.203 1.09709358
v -0.03843349 -0.203 1.10136878
v -0.0393932462 -0.202144846 1.10036087
v -0.041115012 -0.202120945 1.09567606
v -0.0409402065 -0.203 1.09709358
v -0.041115012 -0.202120945 1.09567606
v -0.0408486761 -0.202711746 1.0917716
v -0.0409402065 -0.203 1.09709358
v -0.0356459 -0.202712938 1.08577383
v -0.03157037 -0.2021201 1.08495247
v -0.0299306121 -0.203 1.08487272
v -0.03157037 -0.2021201 1.08495247
v -0.026618246 -0.202145129 1.086177
v -0.0299306121 -0.203 1.08487272
v -0.026618246 -0.202145129 1.086177
v -0.02388018 -0.203 1.08853
v -0.0299306121 -0.203 1.08487272
v -0.026618246 -0.202145129 1.086177
v -0.0231403038 -0.202121258 1.08976018
v -0.02388018 -0.203 1.08853
v -0.0231403038 -0.202121258 1.08976018
v -0.0218828432 -0.203 1.09342158
v -0.02388018 -0.203 1.08853
v -0.0272100866 -0.197138444 1.09219706
v -0.0268669929 -0.19503434 1.09385133
v -0.0264012069 -0.197360739 1.09530056
v -0.0268669929 -0.19503434 1.09385133
v -0.0274401046 -0.195165679 1.09704018
v -0.0264012069 -0.197360739 1.09530056
v -0.03416826 -0.197361 1.0902307
v -0.0358826928 -0.1948757 1.09258783
v -0.0334362239 -0.195052192 1.0903722
v -0.03416826 -0.197361 1.0902307
v -0.0361029841 -0.197214767 1.09285486
v -0.0358826928 -0.1948757 1.09258783
v -0.0280046668 -0.197228625 1.098119
v -0.0264012069 -0.197360739 1.09530056
v -0.0274401046 -0.195165679 1.09704018
v -0.0353806838 -0.197272643 1.09784
v -0.03285263 -0.197412625 1.09951127
v -0.034341123 -0.195111662 1.09833229
v -0.034341123 -0.195111662 1.09833229
v -0.03285263 -0.197412625 1.09951127
v -0.0311045218 -0.194881916 1.09943831
v -0.0311045218 -0.194881916 1.09943831
v -0.03285263 -0.197412625 1.09951127
v -0.0302888434 -0.1971785 1.09941864
v -0.0272100866 -0.197138444 1.09219706
v -0.0285283327 -0.194301844 1.09055185
v -0.0268669929 -0.19503434 1.09385133
v -0.0272100866 -0.197138444 1.09219706
v -0.0286239069 -0.197207913 1.09066343
v -0.0285283327 -0.194301844 1.09055185
v -0.0286239069 -0.197207913 1.09066343
v -0.0306010377 -0.197160944 1.08976519
v -0.0285283327 -0.194301844 1.09055185
v -0.0306010377 -0.197160944 1.08976519
v -0.0312385429 -0.1943135 1.08959532
v -0.0285283327 -0.194301844 1.09055185
v -0.0306010377 -0.197160944 1.08976519
v -0.03416826 -0.197361 1.0902307
v -0.0312385429 -0.1943135 1.08959532
v -0.03416826 -0.197361 1.0902307
v -0.0334362239 -0.195052192 1.0903722
v -0.0312385429 -0.1943135 1.08959532
v -0.0361029841 -0.197214767 1.09285486
v -0.03641919 -0.19714804 1.09504139
v -0.0358826928 -0.1948757 1.09258783
v -0.03641919 -0.19714804 1.09504139
v -0.03650422 -0.194253758 1.09547675
v -0.0358826928 -0.1948757 1.09258783
v -0.03641919 -0.19714804 1.09504139
v -0.0353806838 -0.197272643 1.09784
v -0.03650422 -0.194253758 1.09547675
v -0.0353806838 -0.197272643 1.09784
v -0.034341123 -0.195111662 1.09833229
v -0.03650422 -0.194253758 1.09547675
v -0.0302888434 -0.1971785 1.09941864
v -0.0280046668 -0.197228625 1.098119
v -0.0311045218 -0.194881916 1.09943831
v -0.0280046668 -0.197228625 1.098119
v -0.0274401046 -0.195165679 1.09704018
v -0.0311045218 -0.194881916 1.09943831
v -0.0274401046 -0.195165679 1.09704018
v -0.0268669929 -0.19503434 1.09385133
v -0.0269359313 -0.193768054 1.09747291
v -0.0268669929 -0.19503434 1.09385133
v -0.02633407 -0.193693 1.093124
v -0.0269359313 -0.193768054 1.09747291
v -0.0269359313 -0.193768054 1.09747291
v -0.0299448334 -0.193742618 1.09969
v -0.0274401046 -0.195165679 1.09704018
v -0.0299448334 -0.193742618 1.09969
v -0.0311045218 -0.194881916 1.09943831
v -0.0274401046 -0.195165679 1.09704018
v -0.0299448334 -0.193742618 1.09969
v -0.0329425037 -0.193743855 1.09972274
v -0.0311045218 -0.194881916 1.09943831
v -0.0329425037 -0.193743855 1.09972274
v -0.034341123 -0.195111662 1.09833229
v -0.0311045218 -0.194881916 1.09943831
v -0.0329425037 -0.193743855 1.09972274
v -0.03547729 -0.193744168 1.09812438
v -0.034341123 -0.195111662 1.09833229
v -0.03547729 -0.193744168 1.09812438
v -0.03650422 -0.194253758 1.09547675
v -0.034341123 -0.195111662 1.09833229
v -0.03650422 -0.194253758 1.09547675
v -0.0363249257 -0.193743125 1.09243917
v -0.0358826928 -0.1948757 1.09258783
v -0.0363249257 -0.193743125 1.09243917
v -0.0343671665 -0.193741679 1.09017134
v -0.0358826928 -0.1948757 1.09258783
v -0.0343671665 -0.193741679 1.09017134
v -0.0334362239 -0.195052192 1.0903722
v -0.0358826928 -0.1948757 1.09258783
v -0.0343671665 -0.193741679 1.09017134
v -0.0312385429 -0.1943135 1.08959532
v -0.0334362239 -0.195052192 1.0903722
v -0.02633407 -0.193693 1.093124
v -0.0268669929 -0.19503434 1.09385133
v -0.0285283327 -0.194301844 1.09055185
v -0.090989165 -0.291851759 1.02731061
v -0.0912693962 -0.2956215 1.03091657
v -0.09154345 -0.2941039 1.02752554
v -0.09121827 -0.295003057 1.03398037
v -0.09099083 -0.289147139 1.03573668
v -0.0915100947 -0.291944236 1.03682554
v -0.09099083 -0.289147139 1.03573668
v -0.09154345 -0.28689605 1.03551829
v -0.0915100947 -0.291944236 1.03682554
v -0.09099083 -0.289147139 1.03573668
v -0.0912693962 -0.285378456 1.03212714
v -0.09154345 -0.28689605 1.03551829
v -0.09121827 -0.285996974 1.02906346
v -0.090989165 -0.291851759 1.02731061
v -0.0915306 -0.287774473 1.0269798
v -0.090989165 -0.291851759 1.02731061
v -0.0915299058 -0.290672839 1.02622724
v -0.0915306 -0.287774473 1.0269798
v -0.090989165 -0.291851759 1.02731061
v -0.09154345 -0.2941039 1.02752554
v -0.0915299058 -0.290672839 1.02622724
v -0.09576801 -0.295741171 1.0303086
v -0.09569298 -0.2930916 1.0268079
v -0.09154345 -0.2941039 1.02752554
v -0.09569298 -0.2930916 1.0268079
v -0.0915299058 -0.290672839 1.02622724
v -0.09154345 -0.2941039 1.02752554
v -0.09569298 -0.2930916 1.0268079
v -0.09630186 -0.28972134 1.0265404
v -0.0915299058 -0.290672839 1.02622724
v -0.09630186 -0.28972134 1.0265404
v -0.0915306 -0.287774473 1.0269798
v -0.0915299058 -0.290672839 1.02622724
v -0.09630186 -0.28972134 1.0265404
v -0.096313566 -0.2871283 1.02778065
v -0.0915306 -0.287774473 1.0269798
v -0.096313566 -0.2871283 1.02778065
v -0.09121827 -0.285996974 1.02906346
v -0.0915306 -0.287774473 1.0269798
v -0.096313566 -0.2871283 1.02778065
v -0.0957417861 -0.285323381 1.03040028
v -0.09121827 -0.285996974 1.02906346
v -0.09574314 -0.285542548 1.0333879
v -0.09154345 -0.28689605 1.03551829
v -0.0912693962 -0.285378456 1.03212714
v -0.09574314 -0.285542548 1.0333879
v -0.0962537453 -0.287563831 1.03566277
v -0.09154345 -0.28689605 1.03551829
v -0.0962537453 -0.287563831 1.03566277
v -0.09574427 -0.290161937 1.03680873
v -0.09154345 -0.28689605 1.03551829
v -0.09574427 -0.290161937 1.03680873
v -0.0915100947 -0.291944236 1.03682554
v -0.09154345 -0.28689605 1.03551829
v -0.09574427 -0.290161937 1.03680873
v -0.0957437158 -0.2930849 1.03614664
v -0.0915100947 -0.291944236 1.03682554
v -0.0957437158 -0.2930849 1.03614664
v -0.0957425758 -0.295181185 1.03400373
v -0.0915100947 -0.291944236 1.03682554
v -0.0957425758 -0.295181185 1.03400373
v -0.09121827 -0.295003057 1.03398037
v -0.0915100947 -0.291944236 1.03682554
v -0.0957425758 -0.295181185 1.03400373
v -0.09576801 -0.295741171 1.0303086
v -0.09121827 -0.295003057 1.03398037
v -0.09576801 -0.295741171 1.0303086
v -0.0912693962 -0.2956215 1.03091657
v -0.09121827 -0.295003057 1.03398037
v -0.09576801 -0.295741171 1.0303086
v -0.09154345 -0.2941039 1.02752554
v -0.0912693962 -0.2956215 1.03091657
v -0.0912693962 -0.285378456 1.03212714
v -0.09099083 -0.289147139 1.03573668
v -0.090989165 -0.291851759 1.02731061
v -0.09099083 -0.289147139 1.03573668
v -0.0912693962 -0.2956215 1.03091657
v -0.090989165 -0.291851759 1.02731061
v -0.090989165 -0.291851759 1.02731061
v -0.09121827 -0.285996974 1.02906346
v -0.0912693962 -0.285378456 1.03212714
v -0.09099083 -0.289147139 1.03573668
v -0.09121827 -0.295003057 1.03398037
v -0.0912693962 -0.2956215 1.03091657
v -0.104970917 -0.295154572 1.03478038
v -0.10497307 -0.2938991 1.0360204
v -0.09901603 -0.2925125 1.03319514
v -0.09901603 -0.292173117 1.02950943
v -0.104973167 -0.293726236 1.02688491
v -0.104968466 -0.2950158 1.02808726
v -0.104970917 -0.285845429 1.02826357
v -0.10497307 -0.2871009 1.02702343
v -0.0990160853 -0.288487464 1.02984881
v -0.09901607 -0.2888268 1.03353441
v -0.104973175 -0.287273735 1.03615892
v -0.104968444 -0.285984218 1.03495669
v -0.0981603 -0.29031077 1.03051507
v -0.10500326 -0.290470183 1.02994573
v -0.09901603 -0.292173117 1.02950943
v -0.105003752 -0.288906485 1.03155375
v -0.09901607 -0.2888268 1.03353441
v -0.104968444 -0.285984218 1.03495669
v -0.105003752 -0.288906485 1.03155375
v -0.09816416 -0.28949368 1.03174317
v -0.09901607 -0.2888268 1.03353441
v -0.10500326 -0.290470183 1.02994573
v -0.0990160853 -0.288487464 1.02984881
v -0.10497307 -0.2871009 1.02702343
v -0.10500326 -0.290470183 1.02994573
v -0.0981603 -0.29031077 1.03051507
v -0.0990160853 -0.288487464 1.02984881
v -0.104970917 -0.295154572 1.03478038
v -0.09901603 -0.2925125 1.03319514
v -0.105002493 -0.292045116 1.03148484
v -0.105002493 -0.292045116 1.03148484
v -0.09901603 -0.292173117 1.02950943
v -0.104968466 -0.2950158 1.02808726
v -0.105002493 -0.292045116 1.03148484
v -0.09816741 -0.2915204 1.03132987
v -0.09901603 -0.292173117 1.02950943
v -0.09816741 -0.2915204 1.03132987
v -0.105002493 -0.292045116 1.03148484
v -0.09901603 -0.2925125 1.03319514
v -0.104973175 -0.287273735 1.03615892
v -0.09901607 -0.2888268 1.03353441
v -0.105003245 -0.290529758 1.0330981
v -0.105003245 -0.290529758 1.0330981
v -0.09901603 -0.2925125 1.03319514
v -0.10497307 -0.2938991 1.0360204
v -0.105003245 -0.290529758 1.0330981
v -0.09816026 -0.2906891 1.03252876
v -0.09901603 -0.2925125 1.03319514
v -0.09816026 -0.2906891 1.03252876
v -0.105003245 -0.290529758 1.0330981
v -0.09901607 -0.2888268 1.03353441
v -0.09816416 -0.28949368 1.03174317
v -0.105003752 -0.288906485 1.03155375
v -0.0990160853 -0.288487464 1.02984881
v -0.104970917 -0.285845429 1.02826357
v -0.0990160853 -0.288487464 1.02984881
v -0.105003752 -0.288906485 1.03155375
v -0.104973167 -0.293726236 1.02688491
v -0.09901603 -0.292173117 1.02950943
v -0.10500326 -0.290470183 1.02994573
v -0.104137577 -0.297410965 1.024635
v -0.104121231 -0.292971551 1.022171
v -0.09936072 -0.294583082 1.02839422
v -0.104121231 -0.292971551 1.022171
v -0.0991385058 -0.291816384 1.02677166
v -0.09936072 -0.294583082 1.02839422
v -0.104121231 -0.292971551 1.022171
v -0.09920794 -0.2897325 1.02668691
v -0.0991385058 -0.291816384 1.02677166
v -0.104121231 -0.292971551 1.022171
v -0.104145139 -0.287978 1.02209651
v -0.09920794 -0.2897325 1.02668691
v -0.104145139 -0.287978 1.02209651
v -0.09916093 -0.2876993 1.02745
v -0.09920794 -0.2897325 1.02668691
v -0.104145139 -0.287978 1.02209651
v -0.10412015 -0.28361094 1.02473187
v -0.09916093 -0.2876993 1.02745
v -0.10412015 -0.28361094 1.02473187
v -0.09936098 -0.2855061 1.03030145
v -0.09916093 -0.2876993 1.02745
v -0.10412015 -0.28361094 1.02473187
v -0.104150407 -0.281448573 1.02811086
v -0.09936098 -0.2855061 1.03030145
v -0.104150407 -0.281448573 1.02811086
v -0.104120441 -0.280843735 1.03208315
v -0.09936098 -0.2855061 1.03030145
v -0.104120441 -0.280843735 1.03208315
v -0.09921479 -0.2859935 1.03352511
v -0.09936098 -0.2855061 1.03030145
v -0.10412094 -0.284444332 1.03906393
v -0.099148035 -0.287316 1.03529477
v -0.09921479 -0.2859935 1.03352511
v -0.10412094 -0.284444332 1.03906393
v -0.09927262 -0.2900292 1.03653944
v -0.099148035 -0.287316 1.03529477
v -0.10412094 -0.284444332 1.03906393
v -0.104144782 -0.2889743 1.041159
v -0.09927262 -0.2900292 1.03653944
v -0.104144782 -0.2889743 1.041159
v -0.104120024 -0.2940392 1.04052424
v -0.09927262 -0.2900292 1.03653944
v -0.104120024 -0.2940392 1.04052424
v -0.0994125754 -0.292998642 1.03593349
v -0.09927262 -0.2900292 1.03653944
v -0.104120024 -0.2940392 1.04052424
v -0.104143456 -0.2980967 1.03764546
v -0.0994125754 -0.292998642 1.03593349
v -0.104143456 -0.2980967 1.03764546
v -0.09917857 -0.294745833 1.03405535
v -0.0994125754 -0.292998642 1.03593349
v -0.104143456 -0.2980967 1.03764546
v -0.104120381 -0.300072521 1.03291976
v -0.09917857 -0.294745833 1.03405535
v -0.104120381 -0.300072521 1.03291976
v -0.09922871 -0.295442253 1.031521
v -0.09917857 -0.294745833 1.03405535
v -0.104120381 -0.300072521 1.03291976
v -0.104141183 -0.299829543 1.02896857
v -0.09922871 -0.295442253 1.031521
v -0.104141183 -0.299829543 1.02896857
v -0.09936072 -0.294583082 1.02839422
v -0.09922871 -0.295442253 1.031521
v -0.104141183 -0.299829543 1.02896857
v -0.104137577 -0.297410965 1.024635
v -0.09936072 -0.294583082 1.02839422
v -0.09816741 -0.2915204 1.03132987
v -0.09765 -0.2905 1.03152192
v -0.09901603 -0.292173117 1.02950943
v -0.09901603 -0.292173117 1.02950943
v -0.09765 -0.2905 1.03152192
v -0.0981603 -0.29031077 1.03051507
v -0.09765 -0.2905 1.03152192
v -0.0990160853 -0.288487464 1.02984881
v -0.0981603 -0.29031077 1.03051507
v -0.0990160853 -0.288487464 1.02984881
v -0.09765 -0.2905 1.03152192
v -0.09816416 -0.28949368 1.03174317
v -0.09765 -0.2905 1.03152192
v -0.09901607 -0.2888268 1.03353441
v -0.09816416 -0.28949368 1.03174317
v -0.09901607 -0.2888268 1.03353441
v -0.09765 -0.2905 1.03152192
v -0.09816026 -0.2906891 1.03252876
v -0.09765 -0.2905 1.03152192
v -0.09901603 -0.2925125 1.03319514
v -0.09816026 -0.2906891 1.03252876
v -0.09901603 -0.2925125 1.03319514
v -0.09765 -0.2905 1.03152192
v -0.09816741 -0.2915204 1.03132987
v -0.10497307 -0.2871009 1.02702343
v -0.104970917 -0.285845429 1.02826357
v -0.105 -0.281113237 1.0284462
v -0.105003752 -0.288906485 1.03155375
v -0.104787618 -0.2816091 1.03567517
v -0.104970917 -0.285845429 1.02826357
v -0.104787618 -0.2816091 1.03567517
v -0.105 -0.281113237 1.0284462
v -0.10497307 -0.2871009 1.02702343
v -0.105 -0.284923673 1.02361882
v -0.105 -0.2895384 1.02181184
v -0.10500326 -0.290470183 1.02994573
v -0.105 -0.2895384 1.02181184
v -0.104973167 -0.293726236 1.02688491
v -0.105 -0.294728756 1.022801
v -0.105003752 -0.288906485 1.03155375
v -0.104968444 -0.285984218 1.03495669
v -0.104787618 -0.2816091 1.03567517
v -0.104968444 -0.285984218 1.03495669
v -0.105 -0.283927351 1.03873384
v -0.104787618 -0.2816091 1.03567517
v -0.105 -0.298552126 1.02606368
v -0.105 -0.294728756 1.022801
v -0.104137577 -0.297410965 1.024635
v -0.105 -0.294728756 1.022801
v -0.104121231 -0.292971551 1.022171
v -0.104137577 -0.297410965 1.024635
v -0.104137577 -0.297410965 1.024635
v -0.104141183 -0.299829543 1.02896857
v -0.105 -0.298552126 1.02606368
v -0.104141183 -0.299829543 1.02896857
v -0.105 -0.300321132 1.03257883
v -0.105 -0.298552126 1.02606368
v -0.104141183 -0.299829543 1.02896857
v -0.104120381 -0.300072521 1.03291976
v -0.105 -0.300321132 1.03257883
v -0.104120381 -0.300072521 1.03291976
v -0.104143456 -0.2980967 1.03764546
v -0.105 -0.300321132 1.03257883
v -0.104143456 -0.2980967 1.03764546
v -0.105 -0.296286047 1.03952765
v -0.105 -0.300321132 1.03257883
v -0.104143456 -0.2980967 1.03764546
v -0.104120024 -0.2940392 1.04052424
v -0.105 -0.296286047 1.03952765
v -0.104120024 -0.2940392 1.04052424
v -0.105 -0.289421648 1.04121983
v -0.105 -0.296286047 1.03952765
v -0.104120024 -0.2940392 1.04052424
v -0.104144782 -0.2889743 1.041159
v -0.105 -0.289421648 1.04121983
v -0.104144782 -0.2889743 1.041159
v -0.105 -0.283927351 1.03873384
v -0.105 -0.289421648 1.04121983
v -0.10412094 -0.284444332 1.03906393
v -0.105 -0.283927351 1.03873384
v -0.10412094 -0.284444332 1.03906393
v -0.104787618 -0.2816091 1.03567517
v -0.105 -0.283927351 1.03873384
v -0.104120441 -0.280843735 1.03208315
v -0.105 -0.281113237 1.0284462
v -0.104787618 -0.2816091 1.03567517
v -0.104120441 -0.280843735 1.03208315
v -0.104150407 -0.281448573 1.02811086
v -0.105 -0.281113237 1.0284462
v -0.104150407 -0.281448573 1.02811086
v -0.10412015 -0.28361094 1.02473187
v -0.105 -0.281113237 1.0284462
v -0.10412015 -0.28361094 1.02473187
v -0.105 -0.284923673 1.02361882
v -0.105 -0.281113237 1.0284462
v -0.10412015 -0.28361094 1.02473187
v -0.104145139 -0.287978 1.02209651
v -0.105 -0.284923673 1.02361882
v -0.104145139 -0.287978 1.02209651
v -0.105 -0.2895384 1.02181184
v -0.105 -0.284923673 1.02361882
v -0.104145139 -0.287978 1.02209651
v -0.104121231 -0.292971551 1.022171
v -0.105 -0.2895384 1.02181184
v -0.104121231 -0.292971551 1.022171
v -0.105 -0.294728756 1.022801
v -0.105 -0.2895384 1.02181184
v -0.0991385058 -0.291816384 1.02677166
v -0.09703442 -0.293228954 1.027699
v -0.09936072 -0.294583082 1.02839422
v -0.09703442 -0.293228954 1.027699
v -0.09716571 -0.295078665 1.03035927
v -0.09936072 -0.294583082 1.02839422
v -0.09936098 -0.2855061 1.03030145
v -0.09687566 -0.285960585 1.03318071
v -0.09705219 -0.2861237 1.029884
v -0.09936098 -0.2855061 1.03030145
v -0.09921479 -0.2859935 1.03352511
v -0.09687566 -0.285960585 1.03318071
v -0.09922871 -0.295442253 1.031521
v -0.09936072 -0.294583082 1.02839422
v -0.09716571 -0.295078665 1.03035927
v -0.09927262 -0.2900292 1.03653944
v -0.0994125754 -0.292998642 1.03593349
v -0.0971116647 -0.291112542 1.03615236
v -0.0971116647 -0.291112542 1.03615236
v -0.0994125754 -0.292998642 1.03593349
v -0.09688188 -0.294183224 1.03464592
v -0.09688188 -0.294183224 1.03464592
v -0.0994125754 -0.292998642 1.03593349
v -0.09917857 -0.294745833 1.03405535
v -0.0991385058 -0.291816384 1.02677166
v -0.09630186 -0.28972134 1.0265404
v -0.09703442 -0.293228954 1.027699
v -0.0991385058 -0.291816384 1.02677166
v -0.09920794 -0.2897325 1.02668691
v -0.09630186 -0.28972134 1.0265404
v -0.09920794 -0.2897325 1.02668691
v -0.09916093 -0.2876993 1.02745
v -0.09630186 -0.28972134 1.0265404
v -0.09916093 -0.2876993 1.02745
v -0.096313566 -0.2871283 1.02778065
v -0.09630186 -0.28972134 1.0265404
v -0.09916093 -0.2876993 1.02745
v -0.09936098 -0.2855061 1.03030145
v -0.096313566 -0.2871283 1.02778065
v -0.09936098 -0.2855061 1.03030145
v -0.09705219 -0.2861237 1.029884
v -0.096313566 -0.2871283 1.02778065
v -0.09921479 -0.2859935 1.03352511
v -0.099148035 -0.287316 1.03529477
v -0.09687566 -0.285960585 1.03318071
v -0.099148035 -0.287316 1.03529477
v -0.0962537453 -0.287563831 1.03566277
v -0.09687566 -0.285960585 1.03318071
v -0.099148035 -0.287316 1.03529477
v -0.09927262 -0.2900292 1.03653944
v -0.0962537453 -0.287563831 1.03566277
v -0.09927262 -0.2900292 1.03653944
v -0.0971116647 -0.291112542 1.03615236
v -0.0962537453 -0.287563831 1.03566277
v -0.09917857 -0.294745833 1.03405535
v -0.09922871 -0.295442253 1.031521
v -0.09688188 -0.294183224 1.03464592
v -0.09922871 -0.295442253 1.031521
v -0.09716571 -0.295078665 1.03035927
v -0.09688188 -0.294183224 1.03464592
v -0.09716571 -0.295078665 1.03035927
v -0.09703442 -0.293228954 1.027699
v -0.09576801 -0.295741171 1.0303086
v -0.09703442 -0.293228954 1.027699
v -0.09569298 -0.2930916 1.0268079
v -0.09576801 -0.295741171 1.0303086
v -0.09576801 -0.295741171 1.0303086
v -0.0957425758 -0.295181185 1.03400373
v -0.09716571 -0.295078665 1.03035927
v -0.0957425758 -0.295181185 1.03400373
v -0.09688188 -0.294183224 1.03464592
v -0.09716571 -0.295078665 1.03035927
v -0.0957425758 -0.295181185 1.03400373
v -0.0957437158 -0.2930849 1.03614664
v -0.09688188 -0.294183224 1.03464592
v -0.0957437158 -0.2930849 1.03614664
v -0.0971116647 -0.291112542 1.03615236
v -0.09688188 -0.294183224 1.03464592
v -0.0957437158 -0.2930849 1.03614664
v -0.09574427 -0.290161937 1.03680873
v -0.0971116647 -0.291112542 1.03615236
v -0.09574427 -0.290161937 1.03680873
v -0.0962537453 -0.287563831 1.03566277
v -0.0971116647 -0.291112542 1.03615236
v -0.0962537453 -0.287563831 1.03566277
v -0.09574314 -0.285542548 1.0333879
v -0.09687566 -0.285960585 1.03318071
v -0.09574314 -0.285542548 1.0333879
v -0.0957417861 -0.285323381 1.03040028
v -0.09687566 -0.285960585 1.03318071
v -0.0957417861 -0.285323381 1.03040028
v -0.09705219 -0.2861237 1.029884
v -0.09687566 -0.285960585 1.03318071
v -0.0957417861 -0.285323381 1.03040028
v -0.096313566 -0.2871283 1.02778065
v -0.09705219 -0.2861237 1.029884
v -0.09569298 -0.2930916 1.0268079
v -0.09703442 -0.293228954 1.027699
v -0.09630186 -0.28972134 1.0265404
v -0.0363249257 -0.193743125 1.09243917
v -0.0368742868 -0.189543471 1.09490252
v -0.0356522352 -0.189532459 1.09133625
v -0.03650422 -0.194253758 1.09547675
v -0.0218828432 -0.203 1.09342158
v -0.02591755 -0.202971265 1.09540224
v -0.025904661 -0.2029709 1.0936377
v -0.02388018 -0.203 1.08853
v -0.0303956326 -0.203003764 1.09347582
v -0.0303956326 -0.203003764 1.09347582
v -0.0307355523 -0.202968448 1.08900332
v -0.0299306121 -0.203 1.08487272
v -0.03249765 -0.202974871 1.08906293
v -0.03249765 -0.202974871 1.08906293
v -0.0356459 -0.202712938 1.08577383
v -0.0299306121 -0.203 1.08487272
v -0.0388890058 -0.202750772 1.08818257
v -0.0409402065 -0.203 1.09709358
v -0.0370824449 -0.202971265 1.09384775
v -0.0370953344 -0.2029709 1.09561229
v -0.03843349 -0.203 1.10136878
v -0.03259342 -0.203003243 1.09576058
v -0.03226445 -0.202968448 1.10024679
v -0.0330693536 -0.203 1.10437727
v -0.030502351 -0.202974871 1.10018718
v -0.02722878 -0.203 1.10330319
v -0.02288674 -0.203 1.09937346
v -0.0957417861 -0.285323381 1.03040028
v -0.0912693962 -0.285378456 1.03212714
v -0.09121827 -0.285996974 1.02906346
v -0.09574314 -0.285542548 1.0333879
v -0.104120441 -0.280843735 1.03208315
v -0.104787618 -0.2816091 1.03567517
v -0.09921479 -0.2859935 1.03352511
v -0.10412094 -0.284444332 1.03906393
v -0.105 -0.294728756 1.022801
v -0.105 -0.298552126 1.02606368
v -0.104973167 -0.293726236 1.02688491
v -0.104968466 -0.2950158 1.02808726
v -0.105 -0.300321132 1.03257883
v -0.104968466 -0.2950158 1.02808726
v -0.105002493 -0.292045116 1.03148484
v -0.104970917 -0.295154572 1.03478038
v -0.105 -0.300321132 1.03257883
v -0.104970917 -0.295154572 1.03478038
v -0.105 -0.296286047 1.03952765
v -0.10497307 -0.2938991 1.0360204
v -0.105 -0.289421648 1.04121983
v -0.105003245 -0.290529758 1.0330981
v -0.104973175 -0.287273735 1.03615892
v -0.105 -0.283927351 1.03873384
v -0.104968444 -0.285984218 1.03495669
v 0.00427730335 -0.183749989 1.09200406
v 0.004015816 -0.196 1.09199142
v 0.00395494141 -0.183749989 1.09090972
v 0.004015816 -0.196 1.09199142
v 0.003957789 -0.196 1.09092963
v 0.00395494141 -0.183749989 1.09090972
v 0.00395780476 -0.183749989 1.09832036
v 0.00395495957 -0.196 1.09834015
v 0.004015816 -0.183749989 1.09725845
v 0.00395495957 -0.196 1.09834015
v 0.00427730335 -0.196 1.09724593
v 0.004015816 -0.183749989 1.09725845
v -0.051562313 -0.195125 1.09663582
v -0.0491278842 -0.195125 1.097253
v -0.050622113 -0.196 1.097253
v -0.0491278842 -0.195125 1.097253
v -0.0474028736 -0.195854157 1.09566891
v -0.050622113 -0.196 1.097253
v -0.0479727872 -0.195125 1.09266388
v -0.0482741073 -0.196 1.092411
v -0.0474028736 -0.195854157 1.09566891
v -0.0479727872 -0.195125 1.09266388
v -0.05147589 -0.195125 1.092411
v -0.0482741073 -0.196 1.092411
v -0.05147589 -0.195125 1.092411
v -0.0517772138 -0.196 1.09266388
v -0.0482741073 -0.196 1.092411
v -0.05147589 -0.195125 1.092411
v -0.05246012 -0.195781246 1.09508085
v -0.0517772138 -0.196 1.09266388
v -0.051562313 -0.195125 1.09663582
v -0.050622113 -0.196 1.097253
v -0.05246012 -0.195781246 1.09508085
v -0.051562313 -0.195125 1.09663582
v -0.05246012 -0.195781246 1.09508085
v -0.05147589 -0.195125 1.092411
v -0.0474028736 -0.195854157 1.09566891
v -0.0491278842 -0.195125 1.097253
v -0.0479727872 -0.195125 1.09266388
v -0.02399982 -0.195125 1.112549
v -0.0215653852 -0.195125 1.11316609
v -0.0230596177 -0.196 1.11316609
v -0.0215653852 -0.195125 1.11316609
v -0.0198403746 -0.195874989 1.11158216
v -0.0230596177 -0.196 1.11316609
v -0.0204102881 -0.195125 1.10857713
v -0.02071161 -0.196 1.10832429
v -0.0198403746 -0.195874989 1.11158216
v -0.0204102881 -0.195125 1.10857713
v -0.0239133909 -0.195125 1.10832429
v -0.02071161 -0.196 1.10832429
v -0.0239133909 -0.195125 1.10832429
v -0.0242147148 -0.196 1.10857713
v -0.02071161 -0.196 1.10832429
v -0.0239133909 -0.195125 1.10832429
v -0.02489762 -0.195781246 1.110994
v -0.0242147148 -0.196 1.10857713
v -0.02399982 -0.195125 1.112549
v -0.0230596177 -0.196 1.11316609
v -0.02489762 -0.195781246 1.110994
v -0.02399982 -0.195125 1.112549
v -0.02489762 -0.195781246 1.110994
v -0.0239133909 -0.195125 1.10832429
v -0.0198403746 -0.195874989 1.11158216
v -0.0215653852 -0.195125 1.11316609
v -0.0204102881 -0.195125 1.10857713
v -0.02399982 -0.195125 1.08072257
v -0.0215653852 -0.195125 1.08133972
v -0.0230596177 -0.196 1.08133972
v -0.0215653852 -0.195125 1.08133972
v -0.0198403746 -0.19589062 1.07975578
v -0.0230596177 -0.196 1.08133972
v -0.0204102881 -0.195125 1.07675064
v -0.02071161 -0.196 1.07649779
v -0.0198403746 -0.19589062 1.07975578
v -0.0204102881 -0.195125 1.07675064
v -0.0239133909 -0.195125 1.07649779
v -0.02071161 -0.196 1.07649779
v -0.0239133909 -0.195125 1.07649779
v -0.0242147148 -0.196 1.07675064
v -0.02071161 -0.196 1.07649779
v -0.0239133909 -0.195125 1.07649779
v -0.02489762 -0.195708334 1.0791676
v -0.0242147148 -0.196 1.07675064
v -0.02399982 -0.195125 1.08072257
v -0.0230596177 -0.196 1.08133972
v -0.02489762 -0.195708334 1.0791676
v -0.02399982 -0.195125 1.08072257
v -0.02489762 -0.195708334 1.0791676
v -0.0239133909 -0.195125 1.07649779
v -0.0198403746 -0.19589062 1.07975578
v -0.0215653852 -0.195125 1.08133972
v -0.0204102881 -0.195125 1.07675064
v -0.08575 -0.313945085 1.00437021
v -0.098 -0.31375128 1.00454617
v -0.08575 -0.3129434 1.00382435
v -0.098 -0.31375128 1.00454617
v -0.098 -0.312959433 1.00383651
v -0.08575 -0.3129434 1.00382435
v -0.08575 -0.3181855 1.00906265
v -0.098 -0.318197519 1.00907862
v -0.08575 -0.317475617 1.00827074
v -0.098 -0.318197519 1.00907862
v -0.098 -0.3176516 1.00807691
v -0.08575 -0.317475617 1.00827074
v -0.0971249938 -0.279893428 1.04584479
v -0.098 -0.2800597 1.04548836
v -0.0975625 -0.277735561 1.04713023
v -0.0971249938 -0.279893428 1.04584479
v -0.09778125 -0.279657185 1.04300928
v -0.098 -0.2800597 1.04548836
v -0.0971249938 -0.277465373 1.04178333
v -0.098 -0.2770735 1.04181767
v -0.09778125 -0.279657185 1.04300928
v -0.0971249938 -0.277465373 1.04178333
v -0.0971249938 -0.27480948 1.04408157
v -0.098 -0.2770735 1.04181767
v -0.0971249938 -0.27480948 1.04408157
v -0.098 -0.2747752 1.04447341
v -0.098 -0.2770735 1.04181767
v -0.0971249938 -0.27480948 1.04408157
v -0.09778125 -0.2760013 1.04666543
v -0.098 -0.2747752 1.04447341
v -0.0971249938 -0.279893428 1.04584479
v -0.0971249938 -0.27480948 1.04408157
v -0.0971249938 -0.277465373 1.04178333
v -0.0971249938 -0.279893428 1.04584479
v -0.0975625 -0.277735561 1.04713023
v -0.0971249938 -0.27480948 1.04408157
v -0.0975625 -0.277735561 1.04713023
v -0.09778125 -0.2760013 1.04666543
v -0.0971249938 -0.27480948 1.04408157
v -0.09778125 -0.279657185 1.04300928
v -0.0971249938 -0.279893428 1.04584479
v -0.0971249938 -0.277465373 1.04178333
v -0.0971249938 -0.310635477 1.03760755
v -0.098 -0.310801655 1.037251
v -0.0975625 -0.308477521 1.03889287
v -0.0971249938 -0.310635477 1.03760755
v -0.09778125 -0.310399145 1.034772
v -0.098 -0.310801655 1.037251
v -0.0971249938 -0.308207363 1.03354609
v -0.098 -0.3078155 1.03358042
v -0.09778125 -0.310399145 1.034772
v -0.0971249938 -0.308207363 1.03354609
v -0.0971249938 -0.30555144 1.03584433
v -0.098 -0.3078155 1.03358042
v -0.0971249938 -0.30555144 1.03584433
v -0.098 -0.305517137 1.03623629
v -0.098 -0.3078155 1.03358042
v -0.0971249938 -0.30555144 1.03584433
v -0.09778125 -0.3067433 1.03842807
v -0.098 -0.305517137 1.03623629
v -0.0971249938 -0.310635477 1.03760755
v -0.0971249938 -0.30555144 1.03584433
v -0.0971249938 -0.308207363 1.03354609
v -0.0971249938 -0.310635477 1.03760755
v -0.0975625 -0.308477521 1.03889287
v -0.0971249938 -0.30555144 1.03584433
v -0.0975625 -0.308477521 1.03889287
v -0.09778125 -0.3067433 1.03842807
v -0.0971249938 -0.30555144 1.03584433
v -0.09778125 -0.310399145 1.034772
v -0.0971249938 -0.310635477 1.03760755
v -0.0971249938 -0.308207363 1.03354609
v -0.0971249938 -0.2867175 1.016326
v -0.0971249938 -0.2883592 1.01400185
v -0.098 -0.287074 1.01615953
v -0.0971249938 -0.2883592 1.01400185
v -0.09789062 -0.28823036 1.01276314
v -0.098 -0.287074 1.01615953
v -0.0971249938 -0.285702616 1.0110414
v -0.098 -0.285310775 1.01107574
v -0.09789062 -0.28823036 1.01276314
v -0.0971249938 -0.285702616 1.0110414
v -0.0971249938 -0.283046782 1.01333964
v -0.098 -0.285310775 1.01107574
v -0.0971249938 -0.283046782 1.01333964
v -0.098 -0.2830125 1.0137316
v -0.098 -0.285310775 1.01107574
v -0.0971249938 -0.283046782 1.01333964
v -0.09770833 -0.284238636 1.01592338
v -0.098 -0.2830125 1.0137316
v -0.0971249938 -0.2867175 1.016326
v -0.098 -0.287074 1.01615953
v -0.09770833 -0.284238636 1.01592338
v -0.0971249938 -0.2883592 1.01400185
v -0.0971249938 -0.2867175 1.016326
v -0.0971249938 -0.285702616 1.0110414
v -0.0971249938 -0.2867175 1.016326
v -0.0971249938 -0.283046782 1.01333964
v -0.0971249938 -0.285702616 1.0110414
v -0.0971249938 -0.2867175 1.016326
v -0.09770833 -0.284238636 1.01592338
v -0.0971249938 -0.283046782 1.01333964
v -0.09789062 -0.28823036 1.01276314
v -0.0971249938 -0.2883592 1.01400185
v -0.0971249938 -0.285702616 1.0110414
v -0.06710338 -0.183749989 1.09408271
v -0.06710164 -0.196 1.09406555
v -0.06710164 -0.183749989 1.09518456
v -0.06710338 -0.196 1.09516728
v -0.0491278842 -0.195125 1.097253
v -0.05147589 -0.195125 1.092411
v -0.0479727872 -0.195125 1.09266388
v -0.051562313 -0.195125 1.09663582
v -0.0215653852 -0.195125 1.11316609
v -0.0239133909 -0.195125 1.10832429
v -0.0204102881 -0.195125 1.10857713
v -0.02399982 -0.195125 1.112549
v -0.0215653852 -0.195125 1.08133972
v -0.0239133909 -0.195125 1.07649779
v -0.0204102881 -0.195125 1.07675064
v -0.02399982 -0.195125 1.08072257
v -0.08575 -0.264941 1.05631375
v -0.098 -0.264930069 1.0563004
v -0.08575 -0.26572156 1.057092
v -0.098 -0.265708178 1.05708086
v 0.00427730335 -0.183749989 1.09200406
v 0.00427730335 -0.196 1.09724593
v 0.004015816 -0.196 1.09199142
v 0.00427730335 -0.183749989 1.09200406
v 0.004015816 -0.183749989 1.09725845
v 0.00427730335 -0.196 1.09724593
v 0.00427730335 -0.196 1.09724593
v -0.000134187416 -0.195830375 1.096376
v 0.000188523671 -0.1957992 1.09380484
v -0.00121664756 -0.195754081 1.0916425
v 0.003957789 -0.196 1.09092963
v -0.00121664756 -0.195754081 1.0916425
v 0.000309974857 -0.196 1.07803762
v 0.003957789 -0.196 1.09092963
v 0.004015816 -0.196 1.09199142
v 0.000188523671 -0.1957992 1.09380484
v 0.00427730335 -0.196 1.09724593
v -0.000134187416 -0.195830375 1.096376
v 0.00395495957 -0.196 1.09834015
v -0.008058588 -0.196 1.06746769
v -0.008698346 -0.196 1.07407033
v -0.0119239083 -0.196 1.07173777
v 0.000309974857 -0.196 1.07803762
v -0.008698346 -0.196 1.07407033
v -0.0104352618 -0.196 1.07765186
v -0.00121664756 -0.195754081 1.0916425
v -0.003667221 -0.1957992 1.09085011
v -0.0104352618 -0.196 1.07765186
v -0.0181852113 -0.196 1.09029877
v -0.0198403746 -0.19589062 1.07975578
v -0.00604074448 -0.195754066 1.09185839
v -0.003667221 -0.1957992 1.09085011
v -0.0181852113 -0.196 1.09029877
v -0.0232710075 -0.196 1.0832988
v -0.00604074448 -0.195754066 1.09185839
v -0.0072246315 -0.195754066 1.094139
v -0.0181852113 -0.196 1.0989511
v -0.0072246315 -0.195754066 1.094139
v -0.02071161 -0.196 1.10832429
v -0.0232710075 -0.196 1.10595107
v -0.0134382211 -0.196 1.111861
v -0.006685588 -0.1957992 1.09665728
v -0.00947849 -0.196 1.11226821
v -0.00462558866 -0.195754066 1.09820867
v -0.00947849 -0.196 1.11226821
v 0.000309974857 -0.196 1.11121237
v -0.008905427 -0.196 1.11544144
v -0.0242147148 -0.196 1.10857713
v -0.0232710075 -0.196 1.10595107
v -0.0315 -0.196 1.10862494
v -0.0301126614 -0.195831642 1.11899483
v -0.03279116 -0.195729926 1.11901891
v -0.00462558866 -0.195754066 1.09820867
v 0.000309974857 -0.196 1.11121237
v -0.00205865921 -0.195754081 1.09809363
v 0.000309974857 -0.196 1.11121237
v 0.00395495957 -0.196 1.09834015
v -0.008058588 -0.196 1.1217823
v -0.008905427 -0.196 1.11544144
v -0.0109452009 -0.196 1.11742651
v -0.019737592 -0.196 1.12851691
v -0.014526803 -0.196 1.11568964
v -0.0230596177 -0.196 1.11316609
v -0.028103875 -0.195831671 1.12073588
v -0.0301126614 -0.195831642 1.11899483
v -0.03307771 -0.196 1.0587846
v -0.019737592 -0.196 1.06073308
v -0.0295228586 -0.1957855 1.06342852
v -0.019737592 -0.196 1.06073308
v -0.0279680435 -0.195720956 1.06544471
v -0.0295228586 -0.1957855 1.06342852
v -0.019737592 -0.196 1.06073308
v -0.0279920157 -0.195825756 1.06803322
v -0.0279680435 -0.195720956 1.06544471
v -0.03307771 -0.196 1.0587846
v -0.0295228586 -0.1957855 1.06342852
v -0.0320490561 -0.195720956 1.06294179
v -0.0352567732 -0.1957855 1.06651092
v -0.0344888642 -0.195853323 1.06896329
v -0.0484732054 -0.196 1.07356036
v -0.0625843853 -0.195824012 1.09234118
v -0.06330738 -0.1957832 1.09487212
v -0.06710164 -0.196 1.09406555
v -0.06330738 -0.1957832 1.09487212
v -0.06710338 -0.196 1.09516728
v -0.06710164 -0.196 1.09406555
v -0.06464448 -0.196 1.08089685
v -0.0625843853 -0.195824012 1.09234118
v -0.06464448 -0.196 1.08089685
v -0.0604045 -0.1957832 1.09091842
v -0.0527864881 -0.196 1.07740235
v -0.05723707 -0.196 1.06963253
v -0.0543872453 -0.196 1.07504892
v -0.0520548224 -0.196 1.07182336
v -0.0461950228 -0.196 1.06189775
v -0.0484732054 -0.196 1.07356036
v -0.0352567732 -0.1957855 1.06651092
v -0.0343045555 -0.195785478 1.0641228
v -0.0577702373 -0.1958519 1.09118176
v -0.0604045 -0.1957832 1.09091842
v -0.04956181 -0.196 1.07738912
v -0.0517772138 -0.196 1.09266388
v -0.0482741073 -0.196 1.092411
v -0.04481479 -0.196 1.09029877
v -0.0474028736 -0.195854157 1.09566891
v -0.03972899 -0.196 1.0832988
v -0.0484732054 -0.196 1.07356036
v -0.0344888642 -0.195853323 1.06896329
v -0.0315 -0.196 1.08062494
v -0.0322438441 -0.195721 1.07027388
v -0.02971797 -0.195825756 1.06995869
v -0.0242147148 -0.196 1.07675064
v -0.0279920157 -0.195825756 1.06803322
v -0.0279920157 -0.195825756 1.06803322
v -0.02071161 -0.196 1.07649779
v -0.019737592 -0.196 1.06073308
v -0.0119239083 -0.196 1.07173777
v -0.01478108 -0.196 1.07450938
v -0.02071161 -0.196 1.07649779
v -0.0136133032 -0.196 1.077105
v -0.0198403746 -0.19589062 1.07975578
v -0.0136133032 -0.196 1.077105
v -0.0198403746 -0.19589062 1.07975578
v -0.0104352618 -0.196 1.07765186
v -0.05723707 -0.196 1.11961734
v -0.06464448 -0.196 1.108353
v -0.0543016456 -0.196 1.11517978
v -0.0461950228 -0.196 1.12735224
v -0.05107613 -0.196 1.11751235
v -0.04821893 -0.196 1.11474073
v -0.03531369 -0.195792615 1.12325072
v -0.03972899 -0.196 1.10595107
v -0.03484114 -0.19585833 1.12061167
v -0.0315 -0.196 1.10862494
v -0.04821893 -0.196 1.11474073
v -0.0493867 -0.196 1.112145
v -0.04481479 -0.196 1.0989511
v -0.05256474 -0.196 1.11159813
v -0.050622113 -0.196 1.097253
v -0.05738302 -0.195851877 1.09784472
v -0.0599177368 -0.195783228 1.0984174
v -0.050622113 -0.196 1.097253
v -0.0474028736 -0.195854157 1.09566891
v -0.04481479 -0.196 1.0989511
v -0.05246012 -0.195781246 1.09508085
v -0.05583771 -0.195783183 1.095695
v -0.0474028736 -0.195854157 1.09566891
v -0.04481479 -0.196 1.09029877
v -0.04481479 -0.196 1.0989511
v -0.05723707 -0.196 1.11961734
v -0.0543016456 -0.196 1.11517978
v -0.05107613 -0.196 1.11751235
v -0.0461950228 -0.196 1.12735224
v -0.03531369 -0.195792615 1.12325072
v -0.03401917 -0.195792615 1.12555575
v -0.04821893 -0.196 1.11474073
v -0.03484114 -0.19585833 1.12061167
v -0.03531369 -0.195792615 1.12325072
v -0.019737592 -0.196 1.12851691
v -0.03307771 -0.196 1.13046527
v -0.0290511865 -0.195792615 1.12561488
v -0.03307771 -0.196 1.13046527
v -0.0315201581 -0.195729971 1.12645531
v -0.0290511865 -0.195792615 1.12561488
v -0.0230596177 -0.196 1.11316609
v -0.0198403746 -0.195874989 1.11158216
v -0.014526803 -0.196 1.11568964
v -0.0198403746 -0.195874989 1.11158216
v -0.0134382211 -0.196 1.111861
v -0.014526803 -0.196 1.11568964
v -0.0198403746 -0.195874989 1.11158216
v -0.02071161 -0.196 1.10832429
v -0.0134382211 -0.196 1.111861
v -0.0181852113 -0.196 1.0989511
v -0.0072246315 -0.195754066 1.094139
v -0.006685588 -0.1957992 1.09665728
v -0.00205865921 -0.195754081 1.09809363
v -0.000134187416 -0.195830375 1.096376
v 0.00395495957 -0.196 1.09834015
v -0.0315 -0.196 1.10862494
v -0.03279116 -0.195729926 1.11901891
v -0.03484114 -0.19585833 1.12061167
v -0.0344888642 -0.195853323 1.06896329
v -0.0322438441 -0.195721 1.07027388
v -0.0315 -0.196 1.08062494
v -0.0315 -0.196 1.08062494
v -0.02489762 -0.195708334 1.0791676
v -0.0230596177 -0.196 1.08133972
v -0.0315 -0.196 1.08062494
v -0.0242147148 -0.196 1.07675064
v -0.02489762 -0.195708334 1.0791676
v -0.0242147148 -0.196 1.10857713
v -0.02489762 -0.195781246 1.110994
v -0.0315 -0.196 1.10862494
v -0.02489762 -0.195781246 1.110994
v -0.0301126614 -0.195831642 1.11899483
v -0.0315 -0.196 1.10862494
v -0.02489762 -0.195781246 1.110994
v -0.0230596177 -0.196 1.11316609
v -0.0301126614 -0.195831642 1.11899483
v -0.0527864881 -0.196 1.07740235
v -0.06464448 -0.196 1.08089685
v -0.0543872453 -0.196 1.07504892
v -0.028103875 -0.195831671 1.12073588
v -0.019737592 -0.196 1.12851691
v -0.0277313925 -0.195729971 1.12330985
v -0.019737592 -0.196 1.12851691
v -0.0290511865 -0.195792615 1.12561488
v -0.0277313925 -0.195729971 1.12330985
v -0.0517772138 -0.196 1.09266388
v -0.05600675 -0.1957832 1.09309053
v -0.0577702373 -0.1958519 1.09118176
v -0.0517772138 -0.196 1.09266388
v -0.05246012 -0.195781246 1.09508085
v -0.05600675 -0.1957832 1.09309053
v -0.05246012 -0.195781246 1.09508085
v -0.05583771 -0.195783183 1.095695
v -0.05600675 -0.1957832 1.09309053
v -0.050622113 -0.196 1.097253
v -0.05738302 -0.195851877 1.09784472
v -0.05583771 -0.195783183 1.095695
v -5.31739E-05 -0.183749989 1.09401715
v -0.00136545359 -0.183749989 1.09757686
v 0.004015816 -0.183749989 1.09725845
v 0.000309974857 -0.183749989 1.11121237
v -0.009191966 -0.183749989 1.11260962
v -0.008905427 -0.183749989 1.11544144
v -0.03307771 -0.183749989 1.13046527
v -0.019737592 -0.183749989 1.12851691
v -0.0281755235 -0.183749989 1.124114
v -0.0146792755 -0.183749989 1.11527073
v -0.0130521124 -0.183749989 1.111638
v -0.0294562113 -0.183749989 1.11960959
v -0.0500332378 -0.183749989 1.11159813
v -0.0558764 -0.183749989 1.09425235
v -0.0499478728 -0.183749989 1.077612
v -0.0592377856 -0.183749989 1.09099162
v -0.0538080521 -0.183749989 1.07664025
v -0.0558764 -0.183749989 1.09425235
v -0.05725024 -0.183749989 1.09730613
v -0.0592377856 -0.183749989 1.09099162
v -0.06464448 -0.183749989 1.08089685
v -0.05723707 -0.183749989 1.06963253
v -0.06303253 -0.183749989 1.09373593
v -0.06710338 -0.183749989 1.09408271
v -0.06710164 -0.183749989 1.09518456
v -0.0609891154 -0.183749989 1.09794939
v -0.0540945753 -0.183749989 1.07380843
v -0.0516158342 -0.183749989 1.07174587
v -0.0461950228 -0.183749989 1.06189775
v -0.048320733 -0.183749989 1.07397914
v -0.0348244719 -0.183749989 1.065136
v -0.0341811553 -0.183749989 1.06887472
v -0.0348244719 -0.183749989 1.065136
v -0.0311273262 -0.183749989 1.07024848
v -0.0348244719 -0.183749989 1.065136
v -0.03307771 -0.183749989 1.0587846
v -0.0306107961 -0.183749989 1.06309247
v -0.019737592 -0.183749989 1.06073308
v -0.03307771 -0.183749989 1.0587846
v -0.0278667621 -0.183749989 1.06688726
v -0.0147036649 -0.183749989 1.07407033
v -0.0114781158 -0.183749989 1.07173777
v -0.019737592 -0.183749989 1.06073308
v -0.008058588 -0.183749989 1.06746769
v -0.048320733 -0.183749989 1.07397914
v -0.0499478728 -0.183749989 1.077612
v -0.0294562113 -0.183749989 1.11960959
v -0.0130521124 -0.183749989 1.111638
v -0.00651535951 -0.183749989 1.09258127
v -0.0129667623 -0.183749989 1.07765186
v -0.009788721 -0.183749989 1.077105
v -0.006036301 -0.183749989 1.09723973
v -0.009191966 -0.183749989 1.11260962
v 0.000309974857 -0.183749989 1.11121237
v -0.002010886 -0.183749989 1.09130061
v 0.00427730335 -0.183749989 1.09200406
v -5.31739E-05 -0.183749989 1.09401715
v 0.004015816 -0.183749989 1.09725845
v -0.00136545359 -0.183749989 1.09757686
v 0.00395780476 -0.183749989 1.09832036
v -0.006036301 -0.183749989 1.09723973
v -0.008058588 -0.183749989 1.1217823
v -0.008905427 -0.183749989 1.11544144
v -0.0113842227 -0.183749989 1.117504
v -0.019737592 -0.183749989 1.12851691
v -0.0146792755 -0.183749989 1.11527073
v -0.0281755235 -0.183749989 1.124114
v -0.019737592 -0.183749989 1.12851691
v -0.0113842227 -0.183749989 1.117504
v -0.0323892571 -0.183749989 1.12615752
v -0.03307771 -0.183749989 1.13046527
v -0.0351332463 -0.183749989 1.12236273
v -0.0461950228 -0.183749989 1.12735224
v -0.05723707 -0.183749989 1.11961734
v -0.0515218861 -0.183749989 1.11751235
v -0.0461950228 -0.183749989 1.12735224
v -0.0482963361 -0.183749989 1.11517966
v -0.0351332463 -0.183749989 1.12236273
v -0.06464448 -0.183749989 1.108353
v -0.05437906 -0.183749989 1.11474073
v -0.05723707 -0.183749989 1.11961734
v -0.0515218861 -0.183749989 1.11751235
v -0.0609891154 -0.183749989 1.09794939
v -0.0532112829 -0.183749989 1.112145
v -0.05725024 -0.183749989 1.09730613
v -0.0500332378 -0.183749989 1.11159813
v -0.0538080521 -0.183749989 1.07664025
v -0.0540945753 -0.183749989 1.07380843
v -0.05723707 -0.183749989 1.06963253
v -0.0306107961 -0.183749989 1.06309247
v -0.0278667621 -0.183749989 1.06688726
v -0.019737592 -0.183749989 1.06073308
v -0.0114781158 -0.183749989 1.07173777
v -0.008620936 -0.183749989 1.07450938
v -0.008058588 -0.183749989 1.06746769
v -0.008620936 -0.183749989 1.07450938
v 0.000309974857 -0.183749989 1.07803762
v -0.002010886 -0.183749989 1.09130061
v 0.00395494141 -0.183749989 1.09090972
v 0.00427730335 -0.183749989 1.09200406
v -0.0500332378 -0.183749989 1.11159813
v -0.03325 -0.183749989 1.11959386
v -0.0294562113 -0.183749989 1.11960959
v -0.0351332463 -0.183749989 1.12236273
v -0.0482963361 -0.183749989 1.11517966
v -0.05437906 -0.183749989 1.11474073
v -0.0532112829 -0.183749989 1.112145
v -0.06464448 -0.183749989 1.108353
v -0.03325 -0.183749989 1.11959386
v -0.0500332378 -0.183749989 1.11159813
v -0.0482963361 -0.183749989 1.11517966
v -0.0278667621 -0.183749989 1.06688726
v -0.0311273262 -0.183749989 1.07024848
v -0.0147036649 -0.183749989 1.07407033
v -0.0311273262 -0.183749989 1.07024848
v -0.0129667623 -0.183749989 1.07765186
v -0.0147036649 -0.183749989 1.07407033
v -0.05738302 -0.195851877 1.09784472
v -0.0599177368 -0.195783228 1.0984174
v -0.05725024 -0.183749989 1.09730613
v -0.0599177368 -0.195783228 1.0984174
v -0.0609891154 -0.183749989 1.09794939
v -0.05725024 -0.183749989 1.09730613
v -0.0599177368 -0.195783228 1.0984174
v -0.0622847266 -0.195824027 1.097266
v -0.0609891154 -0.183749989 1.09794939
v -0.0622847266 -0.195824027 1.097266
v -0.06330738 -0.1957832 1.09487212
v -0.0609891154 -0.183749989 1.09794939
v -0.06303253 -0.183749989 1.09373593
v -0.0609891154 -0.183749989 1.09794939
v -0.06330738 -0.1957832 1.09487212
v -0.0625843853 -0.195824012 1.09234118
v -0.0625843853 -0.195824012 1.09234118
v -0.0604045 -0.1957832 1.09091842
v -0.06303253 -0.183749989 1.09373593
v -0.0592377856 -0.183749989 1.09099162
v -0.06303253 -0.183749989 1.09373593
v -0.0604045 -0.1957832 1.09091842
v -0.0577702373 -0.1958519 1.09118176
v -0.0577702373 -0.1958519 1.09118176
v -0.05600675 -0.1957832 1.09309053
v -0.0592377856 -0.183749989 1.09099162
v -0.05600675 -0.1957832 1.09309053
v -0.0558764 -0.183749989 1.09425235
v -0.0592377856 -0.183749989 1.09099162
v -0.05600675 -0.1957832 1.09309053
v -0.05583771 -0.195783183 1.095695
v -0.0558764 -0.183749989 1.09425235
v -0.05583771 -0.195783183 1.095695
v -0.05738302 -0.195851877 1.09784472
v -0.0558764 -0.183749989 1.09425235
v -0.05738302 -0.195851877 1.09784472
v -0.05725024 -0.183749989 1.09730613
v -0.0558764 -0.183749989 1.09425235
v -0.028103875 -0.195831671 1.12073588
v -0.0277313925 -0.195729971 1.12330985
v -0.0294562113 -0.183749989 1.11960959
v -0.0277313925 -0.195729971 1.12330985
v -0.0281755235 -0.183749989 1.124114
v -0.0294562113 -0.183749989 1.11960959
v -0.0277313925 -0.195729971 1.12330985
v -0.0290511865 -0.195792615 1.12561488
v -0.0281755235 -0.183749989 1.124114
v -0.0290511865 -0.195792615 1.12561488
v -0.0315201581 -0.195729971 1.12645531
v -0.0281755235 -0.183749989 1.124114
v -0.0315201581 -0.195729971 1.12645531
v -0.0323892571 -0.183749989 1.12615752
v -0.0281755235 -0.183749989 1.124114
v -0.0315201581 -0.195729971 1.12645531
v -0.03401917 -0.195792615 1.12555575
v -0.0323892571 -0.183749989 1.12615752
v -0.03401917 -0.195792615 1.12555575
v -0.03531369 -0.195792615 1.12325072
v -0.0323892571 -0.183749989 1.12615752
v -0.03531369 -0.195792615 1.12325072
v -0.0351332463 -0.183749989 1.12236273
v -0.0323892571 -0.183749989 1.12615752
v -0.03531369 -0.195792615 1.12325072
v -0.03484114 -0.19585833 1.12061167
v -0.0351332463 -0.183749989 1.12236273
v -0.03484114 -0.19585833 1.12061167
v -0.03279116 -0.195729926 1.11901891
v -0.0351332463 -0.183749989 1.12236273
v -0.03279116 -0.195729926 1.11901891
v -0.03325 -0.183749989 1.11959386
v -0.0351332463 -0.183749989 1.12236273
v -0.00604074448 -0.195754066 1.09185839
v -0.003667221 -0.1957992 1.09085011
v -0.00651535951 -0.183749989 1.09258127
v -0.003667221 -0.1957992 1.09085011
v -0.002010886 -0.183749989 1.09130061
v -0.00651535951 -0.183749989 1.09258127
v -0.003667221 -0.1957992 1.09085011
v -0.00121664756 -0.195754081 1.0916425
v -0.002010886 -0.183749989 1.09130061
v 0.000188523671 -0.1957992 1.09380484
v -0.002010886 -0.183749989 1.09130061
v -0.000134187416 -0.195830375 1.096376
v -5.31739E-05 -0.183749989 1.09401715
v -0.00205865921 -0.195754081 1.09809363
v -0.00136545359 -0.183749989 1.09757686
v -0.00462558866 -0.195754066 1.09820867
v -0.00136545359 -0.183749989 1.09757686
v -0.006685588 -0.1957992 1.09665728
v -0.006036301 -0.183749989 1.09723973
v 0.000188523671 -0.1957992 1.09380484
v -5.31739E-05 -0.183749989 1.09401715
v -0.002010886 -0.183749989 1.09130061
v -0.000134187416 -0.195830375 1.096376
v -0.00136545359 -0.183749989 1.09757686
v -5.31739E-05 -0.183749989 1.09401715
v -0.00462558866 -0.195754066 1.09820867
v -0.006036301 -0.183749989 1.09723973
v -0.00136545359 -0.183749989 1.09757686
v -0.006685588 -0.1957992 1.09665728
v -0.0072246315 -0.195754066 1.094139
v -0.006036301 -0.183749989 1.09723973
v -0.0072246315 -0.195754066 1.094139
v -0.00651535951 -0.183749989 1.09258127
v -0.006036301 -0.183749989 1.09723973
v -0.0072246315 -0.195754066 1.094139
v -0.00604074448 -0.195754066 1.09185839
v -0.00651535951 -0.183749989 1.09258127
v -0.0344888642 -0.195853323 1.06896329
v -0.0352567732 -0.1957855 1.06651092
v -0.0341811553 -0.183749989 1.06887472
v -0.0322438441 -0.195721 1.07027388
v -0.0311273262 -0.183749989 1.07024848
v -0.0352567732 -0.1957855 1.06651092
v -0.0348244719 -0.183749989 1.065136
v -0.0341811553 -0.183749989 1.06887472
v -0.0352567732 -0.1957855 1.06651092
v -0.0343045555 -0.195785478 1.0641228
v -0.0348244719 -0.183749989 1.065136
v -0.0320490561 -0.195720956 1.06294179
v -0.0295228586 -0.1957855 1.06342852
v -0.0306107961 -0.183749989 1.06309247
v -0.0279680435 -0.195720956 1.06544471
v -0.0279920157 -0.195825756 1.06803322
v -0.0278667621 -0.183749989 1.06688726
v -0.0279920157 -0.195825756 1.06803322
v -0.02971797 -0.195825756 1.06995869
v -0.0278667621 -0.183749989 1.06688726
v -0.0311273262 -0.183749989 1.07024848
v -0.0278667621 -0.183749989 1.06688726
v -0.02971797 -0.195825756 1.06995869
v -0.0322438441 -0.195721 1.07027388
v -0.0344888642 -0.195853323 1.06896329
v -0.0341811553 -0.183749989 1.06887472
v -0.0311273262 -0.183749989 1.07024848
v -0.0104352618 -0.196 1.07765186
v -0.0129667623 -0.183749989 1.07765186
v -0.009788721 -0.183749989 1.077105
v -0.0104352618 -0.196 1.07765186
v -0.0136133032 -0.196 1.077105
v -0.0129667623 -0.183749989 1.07765186
v -0.01478108 -0.196 1.07450938
v -0.0119239083 -0.196 1.07173777
v -0.0147036649 -0.183749989 1.07407033
v -0.0119239083 -0.196 1.07173777
v -0.0114781158 -0.183749989 1.07173777
v -0.0147036649 -0.183749989 1.07407033
v -0.0119239083 -0.196 1.07173777
v -0.008698346 -0.196 1.07407033
v -0.0114781158 -0.183749989 1.07173777
v -0.008698346 -0.196 1.07407033
v -0.008620936 -0.183749989 1.07450938
v -0.0114781158 -0.183749989 1.07173777
v -0.0484732054 -0.196 1.07356036
v -0.04956181 -0.196 1.07738912
v -0.048320733 -0.183749989 1.07397914
v -0.04956181 -0.196 1.07738912
v -0.0499478728 -0.183749989 1.077612
v -0.048320733 -0.183749989 1.07397914
v -0.04956181 -0.196 1.07738912
v -0.0527864881 -0.196 1.07740235
v -0.0499478728 -0.183749989 1.077612
v -0.0527864881 -0.196 1.07740235
v -0.0538080521 -0.183749989 1.07664025
v -0.0499478728 -0.183749989 1.077612
v -0.0527864881 -0.196 1.07740235
v -0.0543872453 -0.196 1.07504892
v -0.0538080521 -0.183749989 1.07664025
v -0.0543872453 -0.196 1.07504892
v -0.0540945753 -0.183749989 1.07380843
v -0.0538080521 -0.183749989 1.07664025
v -0.0543872453 -0.196 1.07504892
v -0.0520548224 -0.196 1.07182336
v -0.0540945753 -0.183749989 1.07380843
v -0.0520548224 -0.196 1.07182336
v -0.0516158342 -0.183749989 1.07174587
v -0.0540945753 -0.183749989 1.07380843
v -0.0520548224 -0.196 1.07182336
v -0.0484732054 -0.196 1.07356036
v -0.0516158342 -0.183749989 1.07174587
v -0.0484732054 -0.196 1.07356036
v -0.048320733 -0.183749989 1.07397914
v -0.0516158342 -0.183749989 1.07174587
v -0.05256474 -0.196 1.11159813
v -0.0500332378 -0.183749989 1.11159813
v -0.0532112829 -0.183749989 1.112145
v -0.05256474 -0.196 1.11159813
v -0.0493867 -0.196 1.112145
v -0.0500332378 -0.183749989 1.11159813
v -0.04821893 -0.196 1.11474073
v -0.05107613 -0.196 1.11751235
v -0.0482963361 -0.183749989 1.11517966
v -0.05107613 -0.196 1.11751235
v -0.0515218861 -0.183749989 1.11751235
v -0.0482963361 -0.183749989 1.11517966
v -0.05107613 -0.196 1.11751235
v -0.0543016456 -0.196 1.11517978
v -0.0515218861 -0.183749989 1.11751235
v -0.0543016456 -0.196 1.11517978
v -0.05437906 -0.183749989 1.11474073
v -0.0515218861 -0.183749989 1.11751235
v -0.014526803 -0.196 1.11568964
v -0.0134382211 -0.196 1.111861
v -0.0146792755 -0.183749989 1.11527073
v -0.0134382211 -0.196 1.111861
v -0.0130521124 -0.183749989 1.111638
v -0.0146792755 -0.183749989 1.11527073
v -0.0134382211 -0.196 1.111861
v -0.00947849 -0.196 1.11226821
v -0.0130521124 -0.183749989 1.111638
v -0.00947849 -0.196 1.11226821
v -0.009191966 -0.183749989 1.11260962
v -0.0130521124 -0.183749989 1.111638
v -0.00947849 -0.196 1.11226821
v -0.008905427 -0.196 1.11544144
v -0.009191966 -0.183749989 1.11260962
v -0.008905427 -0.196 1.11544144
v -0.008905427 -0.183749989 1.11544144
v -0.009191966 -0.183749989 1.11260962
v -0.008905427 -0.196 1.11544144
v -0.0109452009 -0.196 1.11742651
v -0.008905427 -0.183749989 1.11544144
v -0.0109452009 -0.196 1.11742651
v -0.0113842227 -0.183749989 1.117504
v -0.008905427 -0.183749989 1.11544144
v -0.0109452009 -0.196 1.11742651
v -0.014526803 -0.196 1.11568964
v -0.0113842227 -0.183749989 1.117504
v -0.014526803 -0.196 1.11568964
v -0.0146792755 -0.183749989 1.11527073
v -0.0113842227 -0.183749989 1.117504
v -0.0232710075 -0.196 1.10595107
v -0.0315 -0.196 1.10862494
v -0.0268655326 -0.202414319 1.1075356
v -0.0232710075 -0.196 1.10595107
v -0.0201116465 -0.2024434 1.10231793
v -0.0181852113 -0.196 1.0989511
v -0.0201116465 -0.2024434 1.10231793
v -0.0175000019 -0.201599985 1.09462488
v -0.0181852113 -0.196 1.09029877
v -0.0175000019 -0.201599985 1.09462488
v -0.0175000019 -0.201599985 1.09462488
v -0.020111708 -0.2024434 1.086932
v -0.0232710075 -0.196 1.0832988
v -0.020111708 -0.2024434 1.086932
v -0.0232710075 -0.196 1.0832988
v -0.0268654451 -0.202414319 1.08171439
v -0.0315 -0.196 1.08062494
v -0.0268654451 -0.202414319 1.08171439
v -0.0353850722 -0.202384636 1.08150566
v -0.03972899 -0.196 1.0832988
v -0.0353850722 -0.202384636 1.08150566
v -0.03972899 -0.196 1.0832988
v -0.04238888 -0.202350274 1.086391
v -0.04481479 -0.196 1.09029877
v -0.04238888 -0.202350274 1.086391
v -0.04481479 -0.196 1.09029877
v -0.0451439954 -0.202330291 1.09462488
v -0.04481479 -0.196 1.0989511
v -0.0451439954 -0.202330291 1.09462488
v -0.04481479 -0.196 1.0989511
v -0.04238884 -0.202350274 1.10285914
v -0.03972899 -0.196 1.10595107
v -0.04238884 -0.202350274 1.10285914
v -0.03972899 -0.196 1.10595107
v -0.0353851877 -0.202384621 1.10774422
v -0.0315 -0.196 1.10862494
v -0.0353851877 -0.202384621 1.10774422
v -0.0268655326 -0.202414319 1.1075356
v -0.0175000019 -0.201599985 1.09462488
v -0.0201116465 -0.2024434 1.10231793
v -0.020111708 -0.2024434 1.086932
v -0.0451439954 -0.202330291 1.09462488
v -0.0387746133 -0.202649981 1.0904249
v -0.0397723876 -0.202649981 1.09608352
v -0.0451439954 -0.202330291 1.09462488
v -0.04238888 -0.202350274 1.086391
v -0.0387746133 -0.202649981 1.0904249
v -0.04238888 -0.202350274 1.086391
v -0.0343729667 -0.202649981 1.08673155
v -0.0387746133 -0.202649981 1.0904249
v -0.0201116465 -0.2024434 1.10231793
v -0.0261005852 -0.202649981 1.10105968
v -0.0232276134 -0.202649981 1.09608352
v -0.0268655326 -0.202414319 1.1075356
v -0.0353851877 -0.202384621 1.10774422
v -0.0315 -0.202649981 1.103025
v -0.08575 -0.313945085 1.00437021
v -0.098 -0.3176516 1.00807691
v -0.098 -0.31375128 1.00454617
v -0.08575 -0.313945085 1.00437021
v -0.08575 -0.317475617 1.00827074
v -0.098 -0.3176516 1.00807691
v -0.098 -0.3176516 1.00807691
v -0.0978303552 -0.3139171 1.01058114
v -0.0977992043 -0.312327236 1.00853479
v -0.09775407 -0.309804559 1.00799942
v -0.098 -0.312959433 1.00383651
v -0.09775407 -0.309804559 1.00799942
v -0.098 -0.301264018 0.9972998
v -0.098 -0.312959433 1.00383651
v -0.098 -0.31375128 1.00454617
v -0.0977992043 -0.312327236 1.00853479
v -0.098 -0.3176516 1.00807691
v -0.0978303552 -0.3139171 1.01058114
v -0.098 -0.318197519 1.00907862
v -0.098 -0.301264018 0.9972998
v -0.098 -0.292936981 1.00181556
v -0.098 -0.290008754 1.00046492
v -0.098 -0.264041454 1.00729454
v -0.098 -0.274852067 0.9992395
v -0.09778549 -0.2698388 1.00806475
v -0.098 -0.274852067 0.9992395
v -0.09772096 -0.272363842 1.0083909
v -0.09778549 -0.2698388 1.00806475
v -0.098 -0.274852067 0.9992395
v -0.09782577 -0.2741773 1.01023829
v -0.09772096 -0.272363842 1.0083909
v -0.098 -0.264041454 1.00729454
v -0.09778549 -0.2698388 1.00806475
v -0.09772099 -0.2677083 1.00950682
v -0.098 -0.2624528 1.0346179
v -0.09785189 -0.2694895 1.04766309
v -0.0977832 -0.267440438 1.04933953
v -0.098 -0.254628867 1.03204846
v -0.098 -0.259442925 1.032013
v -0.098 -0.2573561 1.04525149
v -0.0977832 -0.267440438 1.04933953
v -0.09782399 -0.266905129 1.05188692
v -0.098 -0.264930069 1.0563004
v -0.0977832 -0.26818344 1.05418777
v -0.098 -0.265708178 1.05708086
v -0.098 -0.2569674 1.01877129
v -0.098 -0.261485338 1.02859664
v -0.09778549 -0.267963976 1.01429868
v -0.09778549 -0.2669486 1.01193678
v -0.098 -0.265540719 1.032106
v -0.09785189 -0.2694895 1.04766309
v -0.098 -0.2747752 1.04447341
v -0.098 -0.2770735 1.04181767
v -0.098 -0.2780259 1.0378778
v -0.098 -0.276672363 1.0293318
v -0.098 -0.264603645 1.02941823
v -0.09785331 -0.270240963 1.01548994
v -0.098 -0.264603645 1.02941823
v -0.098 -0.2806005 1.02162254
v -0.09785331 -0.270240963 1.01548994
v -0.098 -0.261485338 1.02859664
v -0.09778549 -0.267963976 1.01429868
v -0.09772099 -0.272755265 1.01482916
v -0.09782577 -0.274318427 1.01282012
v -0.098 -0.2830125 1.0137316
v -0.09782577 -0.2741773 1.01023829
v -0.09782577 -0.2741773 1.01023829
v -0.098 -0.285310775 1.01107574
v -0.098 -0.274852067 0.9992395
v -0.098 -0.287872523 0.9957432
v -0.098 -0.28740406 1.00347483
v -0.098 -0.285310775 1.01107574
v -0.098 -0.289915949 1.00656271
v -0.098 -0.290008754 1.00046492
v -0.098 -0.301264018 0.9972998
v -0.09789062 -0.28823036 1.01276314
v -0.098 -0.289915949 1.00656271
v -0.09775407 -0.309804559 1.00799942
v -0.0977992341 -0.3075115 1.00917184
v -0.098 -0.293393135 1.00462508
v -0.098 -0.292936981 1.00181556
v -0.0977992341 -0.3075115 1.00917184
v -0.09775406 -0.306546122 1.01156342
v -0.098 -0.296855867 1.01904774
v -0.09789062 -0.28823036 1.01276314
v -0.098 -0.293393135 1.00462508
v -0.098 -0.296855867 1.01904774
v -0.098 -0.2883099 1.01769423
v -0.09775406 -0.306546122 1.01156342
v -0.09775406 -0.3073215 1.01401293
v -0.098 -0.302974075 1.025166
v -0.09775406 -0.3073215 1.01401293
v -0.09779919 -0.309483379 1.01541245
v -0.098 -0.316546 1.02912009
v -0.097754024 -0.31203717 1.0150528
v -0.097754024 -0.31203717 1.0150528
v -0.098 -0.324722081 1.020758
v -0.09775405 -0.3137709 1.01315653
v -0.098 -0.318197519 1.00907862
v -0.098 -0.3078155 1.03358042
v -0.098 -0.316546 1.02912009
v -0.098 -0.315795243 1.03302908
v -0.098 -0.3043276 1.033712
v -0.098 -0.305517137 1.03623629
v -0.098 -0.3003995 1.04142141
v -0.09783165 -0.308713138 1.047773
v -0.09772995 -0.306836069 1.04968393
v -0.09782399 -0.266905129 1.05188692
v -0.0977832 -0.26818344 1.05418777
v -0.098 -0.264930069 1.0563004
v -0.098 -0.2800597 1.04548836
v -0.09778125 -0.279657185 1.04300928
v -0.098 -0.284144133 1.043996
v -0.09778125 -0.279657185 1.04300928
v -0.098 -0.2780259 1.0378778
v -0.098 -0.284144133 1.043996
v -0.09778125 -0.279657185 1.04300928
v -0.098 -0.2770735 1.04181767
v -0.098 -0.2780259 1.0378778
v -0.098 -0.3032507 1.06505454
v -0.0977926 -0.308044761 1.05446017
v -0.0977926 -0.3105901 1.05517471
v -0.098 -0.2935959 1.05956912
v -0.09785834 -0.306512743 1.0522598
v -0.0977926 -0.308044761 1.05446017
v -0.098 -0.2935959 1.05956912
v -0.098 -0.292206377 1.057085
v -0.09785834 -0.306512743 1.0522598
v -0.098 -0.322782457 1.04716992
v -0.098 -0.3147273 1.05798042
v -0.0977926 -0.3141447 1.05170345
v -0.098 -0.3147273 1.05798042
v -0.09772995 -0.312993169 1.05404365
v -0.0977926 -0.3141447 1.05170345
v -0.098 -0.310801655 1.037251
v -0.09778125 -0.310399145 1.034772
v -0.098 -0.315795243 1.03302908
v -0.09778125 -0.310399145 1.034772
v -0.098 -0.3078155 1.03358042
v -0.098 -0.315795243 1.03302908
v -0.098 -0.302974075 1.025166
v -0.09775406 -0.3073215 1.01401293
v -0.09779919 -0.309483379 1.01541245
v -0.09775405 -0.3137709 1.01315653
v -0.0978303552 -0.3139171 1.01058114
v -0.098 -0.318197519 1.00907862
v -0.098 -0.3003995 1.04142141
v -0.09772995 -0.306836069 1.04968393
v -0.09785834 -0.306512743 1.0522598
v -0.09785331 -0.270240963 1.01548994
v -0.09772099 -0.272755265 1.01482916
v -0.098 -0.2806005 1.02162254
v -0.098 -0.2806005 1.02162254
v -0.09770833 -0.284238636 1.01592338
v -0.098 -0.287074 1.01615953
v -0.098 -0.2806005 1.02162254
v -0.098 -0.2830125 1.0137316
v -0.09770833 -0.284238636 1.01592338
v -0.098 -0.305517137 1.03623629
v -0.09778125 -0.3067433 1.03842807
v -0.098 -0.3003995 1.04142141
v -0.09778125 -0.3067433 1.03842807
v -0.09783165 -0.308713138 1.047773
v -0.098 -0.3003995 1.04142141
v -0.09778125 -0.3067433 1.03842807
v -0.0975625 -0.308477521 1.03889287
v -0.09783165 -0.308713138 1.047773
v -0.0975625 -0.308477521 1.03889287
v -0.09783165 -0.3113646 1.04758382
v -0.09783165 -0.308713138 1.047773
v -0.0975625 -0.308477521 1.03889287
v -0.098 -0.310801655 1.037251
v -0.09783165 -0.3113646 1.04758382
v -0.098 -0.316546 1.02912009
v -0.098 -0.324722081 1.020758
v -0.098 -0.3205261 1.02918053
v -0.098 -0.259442925 1.032013
v -0.098 -0.254628867 1.03204846
v -0.098 -0.261485338 1.02859664
v -0.09789062 -0.28823036 1.01276314
v -0.098 -0.289915949 1.00656271
v -0.098 -0.293393135 1.00462508
v -0.09783165 -0.3113646 1.04758382
v -0.098 -0.322782457 1.04716992
v -0.09772996 -0.313448131 1.04914057
v -0.098 -0.322782457 1.04716992
v -0.0977926 -0.3141447 1.05170345
v -0.09772996 -0.313448131 1.04914057
v -0.098 -0.2747752 1.04447341
v -0.0977832 -0.272086084 1.04776585
v -0.09785189 -0.2694895 1.04766309
v -0.098 -0.2747752 1.04447341
v -0.09778125 -0.2760013 1.04666543
v -0.0977832 -0.272086084 1.04776585
v -0.09778125 -0.2760013 1.04666543
v -0.0977832 -0.274047226 1.04948783
v -0.0977832 -0.272086084 1.04776585
v -0.09778125 -0.2760013 1.04666543
v -0.0975625 -0.277735561 1.04713023
v -0.0977832 -0.274047226 1.04948783
v -0.0975625 -0.277735561 1.04713023
v -0.09785188 -0.274474561 1.05210078
v -0.0977832 -0.274047226 1.04948783
v -0.0975625 -0.277735561 1.04713023
v -0.098 -0.2800597 1.04548836
v -0.09785188 -0.274474561 1.05210078
v -0.08575 -0.3032507 1.06505454
v -0.08575 -0.293557078 1.06001318
v -0.08575 -0.2905472 1.0626179
v -0.08575 -0.3032507 1.06505454
v -0.08575 -0.3075444 1.0537045
v -0.08575 -0.291514575 1.05659664
v -0.08575 -0.307473183 1.0490222
v -0.08575 -0.3147273 1.05798042
v -0.08575 -0.312168121 1.05444765
v -0.08575 -0.313785642 1.05101585
v -0.08575 -0.322782457 1.04716992
v -0.08575 -0.312072128 1.04813886
v -0.08575 -0.3182407 1.03448558
v -0.08575 -0.32090193 1.03347588
v -0.08575 -0.326278627 1.03414953
v -0.08575 -0.321196258 1.03026462
v -0.08575 -0.324722081 1.020758
v -0.08575 -0.318991244 1.02846491
v -0.08575 -0.310354382 1.01536524
v -0.08575 -0.316063017 1.02981555
v -0.08575 -0.315606862 1.0326252
v -0.08575 -0.313895553 1.012301
v -0.08575 -0.3181855 1.00906265
v -0.08575 -0.317475617 1.00827074
v -0.08575 -0.311492562 1.00828135
v -0.08575 -0.313945085 1.00437021
v -0.08575 -0.3129434 1.00382435
v -0.08575 -0.301264018 0.9972998
v -0.08575 -0.307824075 1.009248
v -0.08575 -0.2932047 1.00502908
v -0.08575 -0.3182407 1.03448558
v -0.08575 -0.312072128 1.04813886
v -0.08575 -0.306721628 1.01241
v -0.08575 -0.315606862 1.0326252
v -0.08575 -0.271388084 1.01530039
v -0.08575 -0.307473183 1.0490222
v -0.08575 -0.289485365 1.0064472
v -0.08575 -0.274081737 1.01262891
v -0.08575 -0.27345556 1.00933933
v -0.08575 -0.287626356 1.00429189
v -0.08575 -0.274852067 0.9992395
v -0.08575 -0.2688319 1.00859642
v -0.08575 -0.2884739 1.00118065
v -0.08575 -0.264041454 1.00729454
v -0.08575 -0.287872523 0.9957432
v -0.08575 -0.292453974 1.00112009
v -0.08575 -0.2932047 1.00502908
v -0.08575 -0.306721628 1.01241
v -0.08575 -0.307824075 1.009248
v -0.08575 -0.267297328 1.01302075
v -0.08575 -0.2569674 1.01877129
v -0.08575 -0.261915952 1.02848125
v -0.08575 -0.254628867 1.03204846
v -0.08575 -0.2594041 1.031569
v -0.08575 -0.264603645 1.02941823
v -0.08575 -0.2620087 1.034579
v -0.08575 -0.265425324 1.03253663
v -0.08575 -0.2573561 1.04525149
v -0.08575 -0.2692218 1.04814875
v -0.08575 -0.2729998 1.04849517
v -0.08575 -0.288396358 1.05741823
v -0.08575 -0.267104447 1.0507431
v -0.08575 -0.2692218 1.04814875
v -0.08575 -0.2729998 1.04849517
v -0.08575 -0.274187684 1.051626
v -0.08575 -0.287459284 1.06010592
v -0.08575 -0.271998972 1.05472457
v -0.08575 -0.2767705 1.06466579
v -0.08575 -0.2899734 1.06739306
v -0.08575 -0.2905472 1.0626179
v -0.08575 -0.26572156 1.057092
v -0.08575 -0.268693477 1.05418789
v -0.08575 -0.264941 1.05631375
v -0.08575 -0.267104447 1.0507431
v -0.08575 -0.268693477 1.05418789
v -0.09785188 -0.274474561 1.05210078
v -0.0977832 -0.273087263 1.054298
v -0.08575 -0.274187684 1.051626
v -0.0977832 -0.273087263 1.054298
v -0.08575 -0.271998972 1.05472457
v -0.08575 -0.274187684 1.051626
v -0.0977832 -0.273087263 1.054298
v -0.09782399 -0.270599425 1.05515742
v -0.08575 -0.271998972 1.05472457
v -0.09782399 -0.270599425 1.05515742
v -0.0977832 -0.26818344 1.05418777
v -0.08575 -0.271998972 1.05472457
v -0.0977832 -0.26818344 1.05418777
v -0.08575 -0.268693477 1.05418789
v -0.08575 -0.271998972 1.05472457
v -0.0977832 -0.26818344 1.05418777
v -0.09782399 -0.266905129 1.05188692
v -0.08575 -0.268693477 1.05418789
v -0.0977832 -0.267440438 1.04933953
v -0.08575 -0.267104447 1.0507431
v -0.09782399 -0.266905129 1.05188692
v -0.08575 -0.267104447 1.0507431
v -0.08575 -0.268693477 1.05418789
v -0.0977832 -0.267440438 1.04933953
v -0.09785189 -0.2694895 1.04766309
v -0.08575 -0.267104447 1.0507431
v -0.09785189 -0.2694895 1.04766309
v -0.08575 -0.2692218 1.04814875
v -0.08575 -0.267104447 1.0507431
v -0.09785189 -0.2694895 1.04766309
v -0.0977832 -0.272086084 1.04776585
v -0.08575 -0.2692218 1.04814875
v -0.0977832 -0.272086084 1.04776585
v -0.08575 -0.2729998 1.04849517
v -0.08575 -0.2692218 1.04814875
v -0.0977832 -0.272086084 1.04776585
v -0.0977832 -0.274047226 1.04948783
v -0.08575 -0.2729998 1.04849517
v -0.0977832 -0.274047226 1.04948783
v -0.09785188 -0.274474561 1.05210078
v -0.08575 -0.2729998 1.04849517
v -0.09785188 -0.274474561 1.05210078
v -0.08575 -0.274187684 1.051626
v -0.08575 -0.2729998 1.04849517
v -0.09783165 -0.3113646 1.04758382
v -0.09772996 -0.313448131 1.04914057
v -0.08575 -0.312072128 1.04813886
v -0.09772996 -0.313448131 1.04914057
v -0.0977926 -0.3141447 1.05170345
v -0.08575 -0.312072128 1.04813886
v -0.09772995 -0.312993169 1.05404365
v -0.08575 -0.313785642 1.05101585
v -0.08575 -0.312168121 1.05444765
v -0.09772995 -0.312993169 1.05404365
v -0.0977926 -0.3105901 1.05517471
v -0.0977926 -0.3141447 1.05170345
v -0.08575 -0.313785642 1.05101585
v -0.08575 -0.312072128 1.04813886
v -0.0977926 -0.3105901 1.05517471
v -0.0977926 -0.308044761 1.05446017
v -0.08575 -0.312168121 1.05444765
v -0.0977926 -0.308044761 1.05446017
v -0.08575 -0.3075444 1.0537045
v -0.08575 -0.312168121 1.05444765
v -0.0977926 -0.308044761 1.05446017
v -0.09785834 -0.306512743 1.0522598
v -0.08575 -0.3075444 1.0537045
v -0.09785834 -0.306512743 1.0522598
v -0.09772995 -0.306836069 1.04968393
v -0.08575 -0.3075444 1.0537045
v -0.09772995 -0.306836069 1.04968393
v -0.08575 -0.307473183 1.0490222
v -0.08575 -0.3075444 1.0537045
v -0.09772995 -0.306836069 1.04968393
v -0.09783165 -0.308713138 1.047773
v -0.08575 -0.307473183 1.0490222
v -0.09783165 -0.308713138 1.047773
v -0.09783165 -0.3113646 1.04758382
v -0.08575 -0.307473183 1.0490222
v -0.09783165 -0.3113646 1.04758382
v -0.08575 -0.312072128 1.04813886
v -0.08575 -0.307473183 1.0490222
v -0.09775406 -0.306546122 1.01156342
v -0.0977992341 -0.3075115 1.00917184
v -0.08575 -0.306721628 1.01241
v -0.0977992341 -0.3075115 1.00917184
v -0.08575 -0.307824075 1.009248
v -0.08575 -0.306721628 1.01241
v -0.0977992341 -0.3075115 1.00917184
v -0.09775407 -0.309804559 1.00799942
v -0.08575 -0.307824075 1.009248
v -0.0977992043 -0.312327236 1.00853479
v -0.08575 -0.311492562 1.00828135
v -0.09775407 -0.309804559 1.00799942
v -0.08575 -0.311492562 1.00828135
v -0.08575 -0.307824075 1.009248
v -0.0977992043 -0.312327236 1.00853479
v -0.0978303552 -0.3139171 1.01058114
v -0.08575 -0.311492562 1.00828135
v -0.0978303552 -0.3139171 1.01058114
v -0.08575 -0.313895553 1.012301
v -0.08575 -0.311492562 1.00828135
v -0.0978303552 -0.3139171 1.01058114
v -0.09775405 -0.3137709 1.01315653
v -0.08575 -0.313895553 1.012301
v -0.097754024 -0.31203717 1.0150528
v -0.08575 -0.313895553 1.012301
v -0.09779919 -0.309483379 1.01541245
v -0.08575 -0.310354382 1.01536524
v -0.097754024 -0.31203717 1.0150528
v -0.08575 -0.310354382 1.01536524
v -0.08575 -0.313895553 1.012301
v -0.09779919 -0.309483379 1.01541245
v -0.09775406 -0.3073215 1.01401293
v -0.08575 -0.310354382 1.01536524
v -0.09775406 -0.3073215 1.01401293
v -0.08575 -0.306721628 1.01241
v -0.08575 -0.310354382 1.01536524
v -0.09775406 -0.3073215 1.01401293
v -0.09775406 -0.306546122 1.01156342
v -0.08575 -0.306721628 1.01241
v -0.09785331 -0.270240963 1.01548994
v -0.09778549 -0.267963976 1.01429868
v -0.08575 -0.271388084 1.01530039
v -0.09778549 -0.267963976 1.01429868
v -0.08575 -0.267297328 1.01302075
v -0.08575 -0.271388084 1.01530039
v -0.09778549 -0.267963976 1.01429868
v -0.09778549 -0.2669486 1.01193678
v -0.08575 -0.267297328 1.01302075
v -0.09772099 -0.2677083 1.00950682
v -0.09778549 -0.2698388 1.00806475
v -0.08575 -0.2688319 1.00859642
v -0.09772096 -0.272363842 1.0083909
v -0.09782577 -0.2741773 1.01023829
v -0.08575 -0.27345556 1.00933933
v -0.09782577 -0.2741773 1.01023829
v -0.09782577 -0.274318427 1.01282012
v -0.08575 -0.27345556 1.00933933
v -0.09782577 -0.274318427 1.01282012
v -0.08575 -0.274081737 1.01262891
v -0.08575 -0.27345556 1.00933933
v -0.09782577 -0.274318427 1.01282012
v -0.09772099 -0.272755265 1.01482916
v -0.08575 -0.274081737 1.01262891
v -0.09772099 -0.272755265 1.01482916
v -0.08575 -0.271388084 1.01530039
v -0.08575 -0.274081737 1.01262891
v -0.09772099 -0.272755265 1.01482916
v -0.09785331 -0.270240963 1.01548994
v -0.08575 -0.271388084 1.01530039
v -0.098 -0.293393135 1.00462508
v -0.098 -0.289915949 1.00656271
v -0.08575 -0.2932047 1.00502908
v -0.098 -0.289915949 1.00656271
v -0.08575 -0.289485365 1.0064472
v -0.08575 -0.2932047 1.00502908
v -0.098 -0.28740406 1.00347483
v -0.08575 -0.2884739 1.00118065
v -0.08575 -0.287626356 1.00429189
v -0.098 -0.28740406 1.00347483
v -0.098 -0.290008754 1.00046492
v -0.08575 -0.2884739 1.00118065
v -0.098 -0.290008754 1.00046492
v -0.08575 -0.292453974 1.00112009
v -0.08575 -0.2884739 1.00118065
v -0.098 -0.290008754 1.00046492
v -0.098 -0.292936981 1.00181556
v -0.08575 -0.292453974 1.00112009
v -0.098 -0.261485338 1.02859664
v -0.098 -0.264603645 1.02941823
v -0.08575 -0.261915952 1.02848125
v -0.098 -0.264603645 1.02941823
v -0.08575 -0.264603645 1.02941823
v -0.08575 -0.261915952 1.02848125
v -0.098 -0.264603645 1.02941823
v -0.098 -0.265540719 1.032106
v -0.08575 -0.264603645 1.02941823
v -0.098 -0.265540719 1.032106
v -0.08575 -0.265425324 1.03253663
v -0.08575 -0.264603645 1.02941823
v -0.098 -0.265540719 1.032106
v -0.098 -0.2624528 1.0346179
v -0.08575 -0.265425324 1.03253663
v -0.098 -0.2624528 1.0346179
v -0.08575 -0.2620087 1.034579
v -0.08575 -0.265425324 1.03253663
v -0.098 -0.2624528 1.0346179
v -0.098 -0.259442925 1.032013
v -0.08575 -0.2620087 1.034579
v -0.098 -0.259442925 1.032013
v -0.08575 -0.2594041 1.031569
v -0.08575 -0.2620087 1.034579
v -0.098 -0.259442925 1.032013
v -0.098 -0.261485338 1.02859664
v -0.08575 -0.2594041 1.031569
v -0.098 -0.261485338 1.02859664
v -0.08575 -0.261915952 1.02848125
v -0.08575 -0.2594041 1.031569
v -0.098 -0.287574679 1.06053662
v -0.098 -0.2889927 1.05681717
v -0.08575 -0.287459284 1.06010592
v -0.098 -0.2889927 1.05681717
v -0.08575 -0.288396358 1.05741823
v -0.08575 -0.287459284 1.06010592
v -0.098 -0.2889927 1.05681717
v -0.08575 -0.291514575 1.05659664
v -0.08575 -0.288396358 1.05741823
v -0.098 -0.2889927 1.05681717
v -0.098 -0.292206377 1.057085
v -0.08575 -0.291514575 1.05659664
v -0.098 -0.2935959 1.05956912
v -0.098 -0.290991336 1.062579
v -0.08575 -0.293557078 1.06001318
v -0.098 -0.290991336 1.062579
v -0.08575 -0.2905472 1.0626179
v -0.08575 -0.293557078 1.06001318
v -0.098 -0.290991336 1.062579
v -0.098 -0.287574679 1.06053662
v -0.08575 -0.2905472 1.0626179
v -0.098 -0.287574679 1.06053662
v -0.08575 -0.287459284 1.06010592
v -0.08575 -0.2905472 1.0626179
v -0.098 -0.3182407 1.03448558
v -0.098 -0.315795243 1.03302908
v -0.08575 -0.3182407 1.03448558
v -0.098 -0.315795243 1.03302908
v -0.08575 -0.315606862 1.0326252
v -0.08575 -0.3182407 1.03448558
v -0.098 -0.316546 1.02912009
v -0.08575 -0.318991244 1.02846491
v -0.08575 -0.316063017 1.02981555
v -0.098 -0.316546 1.02912009
v -0.098 -0.3205261 1.02918053
v -0.08575 -0.318991244 1.02846491
v -0.098 -0.3205261 1.02918053
v -0.08575 -0.321196258 1.03026462
v -0.08575 -0.318991244 1.02846491
v -0.098 -0.3205261 1.02918053
v -0.098 -0.3211576 1.03311074
v -0.08575 -0.321196258 1.03026462
v -0.098 -0.3211576 1.03311074
v -0.08575 -0.32090193 1.03347588
v -0.08575 -0.321196258 1.03026462
v -0.098 -0.3211576 1.03311074
v -0.098 -0.3182407 1.03448558
v -0.08575 -0.32090193 1.03347588
v -0.098 -0.3182407 1.03448558
v -0.08575 -0.3182407 1.03448558
v -0.08575 -0.32090193 1.03347588
v -0.098 -0.3043276 1.033712
v -0.098 -0.3003995 1.04142141
v -0.104414329 -0.302906245 1.03737414
v -0.098 -0.3043276 1.033712
v -0.104443416 -0.3039925 1.028909
v -0.098 -0.302974075 1.025166
v -0.104443416 -0.3039925 1.028909
v -0.103599995 -0.3003995 1.02162254
v -0.098 -0.296855867 1.01904774
v -0.103599995 -0.3003995 1.02162254
v -0.103599995 -0.3003995 1.02162254
v -0.104443416 -0.293113053 1.01802945
v -0.098 -0.2883099 1.01769423
v -0.104443416 -0.293113053 1.01802945
v -0.098 -0.2883099 1.01769423
v -0.104414307 -0.284647763 1.01911581
v -0.098 -0.2806005 1.02162254
v -0.104414307 -0.284647763 1.01911581
v -0.104384616 -0.278476149 1.02499235
v -0.098 -0.276672363 1.0293318
v -0.104384616 -0.278476149 1.02499235
v -0.098 -0.276672363 1.0293318
v -0.104350276 -0.276978016 1.03339922
v -0.098 -0.2780259 1.0378778
v -0.104350276 -0.276978016 1.03339922
v -0.098 -0.2780259 1.0378778
v -0.1043303 -0.280852228 1.04116976
v -0.098 -0.284144133 1.043996
v -0.1043303 -0.280852228 1.04116976
v -0.098 -0.284144133 1.043996
v -0.104350284 -0.2886227 1.04504406
v -0.098 -0.2926901 1.0453496
v -0.104350284 -0.2886227 1.04504406
v -0.098 -0.2926901 1.0453496
v -0.104384631 -0.297029585 1.04354572
v -0.098 -0.3003995 1.04142141
v -0.104384631 -0.297029585 1.04354572
v -0.104414329 -0.302906245 1.03737414
v -0.103599995 -0.3003995 1.02162254
v -0.104443416 -0.3039925 1.028909
v -0.104443416 -0.293113053 1.01802945
v -0.1043303 -0.280852228 1.04116976
v -0.104649991 -0.2823862 1.033696
v -0.104649991 -0.285681963 1.0384028
v -0.1043303 -0.280852228 1.04116976
v -0.104350276 -0.276978016 1.03339922
v -0.104649991 -0.2823862 1.033696
v -0.104350276 -0.276978016 1.03339922
v -0.104649991 -0.282887 1.02797186
v -0.104649991 -0.2823862 1.033696
v -0.104443416 -0.3039925 1.028909
v -0.104649991 -0.29886803 1.0322541
v -0.104649991 -0.297380865 1.026704
v -0.104414329 -0.302906245 1.03737414
v -0.104384631 -0.297029585 1.04354572
v -0.104649991 -0.296439677 1.03746164
v 0.00395780476 -0.183749989 1.09832036
v 0.000309974857 -0.183749989 1.11121237
v 0.00395495957 -0.196 1.09834015
v 0.000309974857 -0.196 1.11121237
v -0.008058588 -0.196 1.1217823
v -0.008058588 -0.183749989 1.1217823
v -0.019737592 -0.196 1.12851691
v -0.019737592 -0.183749989 1.12851691
v -0.03307771 -0.196 1.13046527
v -0.03307771 -0.183749989 1.13046527
v -0.0461950228 -0.196 1.12735224
v -0.0461950228 -0.183749989 1.12735224
v -0.05723707 -0.196 1.11961734
v -0.05723707 -0.183749989 1.11961734
v -0.06464448 -0.196 1.108353
v -0.06464448 -0.183749989 1.108353
v -0.06710164 -0.183749989 1.09518456
v -0.06710338 -0.196 1.09516728
v 0.003957789 -0.196 1.09092963
v 0.000309974857 -0.196 1.07803762
v 0.00395494141 -0.183749989 1.09090972
v 0.000309974857 -0.183749989 1.07803762
v -0.008058588 -0.183749989 1.06746769
v -0.008058588 -0.196 1.06746769
v -0.019737592 -0.183749989 1.06073308
v -0.019737592 -0.196 1.06073308
v -0.03307771 -0.183749989 1.0587846
v -0.03307771 -0.196 1.0587846
v -0.0461950228 -0.183749989 1.06189775
v -0.0461950228 -0.196 1.06189775
v -0.05723707 -0.183749989 1.06963253
v -0.05723707 -0.196 1.06963253
v -0.06464448 -0.183749989 1.08089685
v -0.06464448 -0.196 1.08089685
v -0.06710164 -0.196 1.09406555
v -0.06710338 -0.183749989 1.09408271
v -0.0461950228 -0.196 1.06189775
v -0.03307771 -0.196 1.0587846
v -0.0343045555 -0.195785478 1.0641228
v -0.0320490561 -0.195720956 1.06294179
v -0.06330738 -0.1957832 1.09487212
v -0.0622847266 -0.195824027 1.097266
v -0.06710338 -0.196 1.09516728
v -0.06464448 -0.196 1.108353
v -0.0599177368 -0.195783228 1.0984174
v -0.05256474 -0.196 1.11159813
v -0.0543016456 -0.196 1.11517978
v -0.03307771 -0.196 1.13046527
v -0.0461950228 -0.196 1.12735224
v -0.03401917 -0.195792615 1.12555575
v -0.0315201581 -0.195729971 1.12645531
v -0.0232710075 -0.196 1.0832988
v -0.0315 -0.196 1.08062494
v -0.0230596177 -0.196 1.08133972
v -0.0198403746 -0.19589062 1.07975578
v -0.0315 -0.192150012 1.103025
v -0.0315 -0.202649981 1.103025
v -0.0368994139 -0.202649981 1.10105968
v -0.0368994139 -0.192150012 1.10105968
v -0.0397723876 -0.202649981 1.09608352
v -0.0397723876 -0.192150012 1.09608352
v -0.0387746133 -0.202649981 1.0904249
v -0.0387746133 -0.192150012 1.0904249
v -0.0343729667 -0.202649981 1.08673155
v -0.0343729667 -0.192150012 1.08673155
v -0.0286270324 -0.202649981 1.08673155
v -0.0286270324 -0.192150012 1.08673155
v -0.0242253877 -0.202649981 1.0904249
v -0.0242253877 -0.192150012 1.0904249
v -0.0232276134 -0.202649981 1.09608352
v -0.0232276134 -0.192150012 1.09608352
v -0.0261005852 -0.202649981 1.10105968
v -0.0261005852 -0.192150012 1.10105968
v -0.0315 -0.202649981 1.103025
v -0.0315 -0.192150012 1.103025
v -0.0315 -0.192150012 1.103025
v -0.0368994139 -0.192150012 1.10105968
v -0.0261005852 -0.192150012 1.10105968
v -0.0232276134 -0.192150012 1.09608352
v -0.0397723876 -0.192150012 1.09608352
v -0.0242253877 -0.192150012 1.0904249
v -0.0387746133 -0.192150012 1.0904249
v -0.0286270324 -0.192150012 1.08673155
v -0.0343729667 -0.192150012 1.08673155
v -0.03279116 -0.195729926 1.11901891
v -0.0301126614 -0.195831642 1.11899483
v -0.03325 -0.183749989 1.11959386
v -0.0294562113 -0.183749989 1.11960959
v -0.028103875 -0.195831671 1.12073588
v -0.0343045555 -0.195785478 1.0641228
v -0.0320490561 -0.195720956 1.06294179
v -0.0348244719 -0.183749989 1.065136
v -0.0306107961 -0.183749989 1.06309247
v -0.0295228586 -0.1957855 1.06342852
v -0.0279680435 -0.195720956 1.06544471
v -0.0306107961 -0.183749989 1.06309247
v -0.0278667621 -0.183749989 1.06688726
v -0.0136133032 -0.196 1.077105
v -0.01478108 -0.196 1.07450938
v -0.0129667623 -0.183749989 1.07765186
v -0.0147036649 -0.183749989 1.07407033
v -0.008698346 -0.196 1.07407033
v -0.0104352618 -0.196 1.07765186
v -0.008620936 -0.183749989 1.07450938
v -0.009788721 -0.183749989 1.077105
v -0.0493867 -0.196 1.112145
v -0.04821893 -0.196 1.11474073
v -0.0500332378 -0.183749989 1.11159813
v -0.0482963361 -0.183749989 1.11517966
v -0.0543016456 -0.196 1.11517978
v -0.05256474 -0.196 1.11159813
v -0.05437906 -0.183749989 1.11474073
v -0.0532112829 -0.183749989 1.112145
v -0.04238884 -0.202350274 1.10285914
v -0.0451439954 -0.202330291 1.09462488
v -0.0397723876 -0.202649981 1.09608352
v -0.0368994139 -0.202649981 1.10105968
v -0.04238888 -0.202350274 1.086391
v -0.0353850722 -0.202384636 1.08150566
v -0.0343729667 -0.202649981 1.08673155
v -0.0286270324 -0.202649981 1.08673155
v -0.0268654451 -0.202414319 1.08171439
v -0.0268654451 -0.202414319 1.08171439
v -0.0242253877 -0.202649981 1.0904249
v -0.0286270324 -0.202649981 1.08673155
v -0.020111708 -0.2024434 1.086932
v -0.020111708 -0.2024434 1.086932
v -0.0232276134 -0.202649981 1.09608352
v -0.0242253877 -0.202649981 1.0904249
v -0.0201116465 -0.2024434 1.10231793
v -0.0201116465 -0.2024434 1.10231793
v -0.0268655326 -0.202414319 1.1075356
v -0.0261005852 -0.202649981 1.10105968
v -0.0315 -0.202649981 1.103025
v -0.0353851877 -0.202384621 1.10774422
v -0.0368994139 -0.202649981 1.10105968
v -0.04238884 -0.202350274 1.10285914
v -0.08575 -0.3181855 1.00906265
v -0.08575 -0.324722081 1.020758
v -0.098 -0.318197519 1.00907862
v -0.098 -0.324722081 1.020758
v -0.098 -0.326278627 1.03414953
v -0.08575 -0.326278627 1.03414953
v -0.098 -0.322782457 1.04716992
v -0.08575 -0.322782457 1.04716992
v -0.098 -0.3147273 1.05798042
v -0.08575 -0.3147273 1.05798042
v -0.098 -0.3032507 1.06505454
v -0.08575 -0.3032507 1.06505454
v -0.098 -0.2899734 1.06739306
v -0.08575 -0.2899734 1.06739306
v -0.098 -0.2767705 1.06466579
v -0.08575 -0.2767705 1.06466579
v -0.08575 -0.26572156 1.057092
v -0.098 -0.265708178 1.05708086
v -0.098 -0.312959433 1.00383651
v -0.098 -0.301264018 0.9972998
v -0.08575 -0.3129434 1.00382435
v -0.08575 -0.301264018 0.9972998
v -0.08575 -0.287872523 0.9957432
v -0.098 -0.287872523 0.9957432
v -0.08575 -0.274852067 0.9992395
v -0.098 -0.274852067 0.9992395
v -0.08575 -0.264041454 1.00729454
v -0.098 -0.264041454 1.00729454
v -0.08575 -0.2569674 1.01877129
v -0.098 -0.2569674 1.01877129
v -0.08575 -0.254628867 1.03204846
v -0.098 -0.254628867 1.03204846
v -0.08575 -0.2573561 1.04525149
v -0.098 -0.2573561 1.04525149
v -0.098 -0.264930069 1.0563004
v -0.08575 -0.264941 1.05631375
v -0.098 -0.2569674 1.01877129
v -0.098 -0.264041454 1.00729454
v -0.09778549 -0.2669486 1.01193678
v -0.09772099 -0.2677083 1.00950682
v -0.0977832 -0.26818344 1.05418777
v -0.09782399 -0.270599425 1.05515742
v -0.098 -0.265708178 1.05708086
v -0.098 -0.2767705 1.06466579
v -0.0977832 -0.273087263 1.054298
v -0.098 -0.287574679 1.06053662
v -0.09785188 -0.274474561 1.05210078
v -0.098 -0.2889927 1.05681717
v -0.098 -0.2800597 1.04548836
v -0.098 -0.284144133 1.043996
v -0.098 -0.2926901 1.0453496
v -0.098 -0.292206377 1.057085
v -0.09785834 -0.306512743 1.0522598
v -0.098 -0.3003995 1.04142141
v -0.098 -0.2899734 1.06739306
v -0.098 -0.287574679 1.06053662
v -0.098 -0.290991336 1.062579
v -0.098 -0.3032507 1.06505454
v -0.098 -0.2935959 1.05956912
v -0.0977926 -0.308044761 1.05446017
v -0.098 -0.3147273 1.05798042
v -0.098 -0.3032507 1.06505454
v -0.0977926 -0.3105901 1.05517471
v -0.09772995 -0.312993169 1.05404365
v -0.098 -0.310801655 1.037251
v -0.098 -0.315795243 1.03302908
v -0.098 -0.3182407 1.03448558
v -0.098 -0.322782457 1.04716992
v -0.09783165 -0.3113646 1.04758382
v -0.098 -0.3211576 1.03311074
v -0.098 -0.326278627 1.03414953
v -0.098 -0.3205261 1.02918053
v -0.098 -0.324722081 1.020758
v -0.098 -0.2883099 1.01769423
v -0.098 -0.2806005 1.02162254
v -0.098 -0.287074 1.01615953
v -0.09789062 -0.28823036 1.01276314
v -0.09415 -0.296439677 1.03746164
v -0.104649991 -0.296439677 1.03746164
v -0.104649991 -0.2912321 1.03988993
v -0.09415 -0.2912321 1.03988993
v -0.104649991 -0.285681963 1.0384028
v -0.09415 -0.285681963 1.0384028
v -0.104649991 -0.2823862 1.033696
v -0.09415 -0.2823862 1.033696
v -0.104649991 -0.282887 1.02797186
v -0.09415 -0.282887 1.02797186
v -0.104649991 -0.286950022 1.023909
v -0.09415 -0.286950022 1.023909
v -0.104649991 -0.292674065 1.02340817
v -0.09415 -0.292674065 1.02340817
v -0.104649991 -0.297380865 1.026704
v -0.09415 -0.297380865 1.026704
v -0.104649991 -0.29886803 1.0322541
v -0.09415 -0.29886803 1.0322541
v -0.104649991 -0.296439677 1.03746164
v -0.09415 -0.296439677 1.03746164
v -0.09415 -0.296439677 1.03746164
v -0.09415 -0.2912321 1.03988993
v -0.09415 -0.29886803 1.0322541
v -0.09415 -0.297380865 1.026704
v -0.09415 -0.285681963 1.0384028
v -0.09415 -0.292674065 1.02340817
v -0.09415 -0.2823862 1.033696
v -0.09415 -0.286950022 1.023909
v -0.09415 -0.282887 1.02797186
v -0.09778549 -0.2669486 1.01193678
v -0.09772099 -0.2677083 1.00950682
v -0.08575 -0.267297328 1.01302075
v -0.08575 -0.2688319 1.00859642
v -0.09778549 -0.2698388 1.00806475
v -0.09772096 -0.272363842 1.0083909
v -0.08575 -0.2688319 1.00859642
v -0.08575 -0.27345556 1.00933933
v -0.098 -0.289915949 1.00656271
v -0.098 -0.28740406 1.00347483
v -0.08575 -0.289485365 1.0064472
v -0.08575 -0.287626356 1.00429189
v -0.098 -0.292936981 1.00181556
v -0.098 -0.293393135 1.00462508
v -0.08575 -0.292453974 1.00112009
v -0.08575 -0.2932047 1.00502908
v -0.098 -0.292206377 1.057085
v -0.098 -0.2935959 1.05956912
v -0.08575 -0.291514575 1.05659664
v -0.08575 -0.293557078 1.06001318
v -0.098 -0.315795243 1.03302908
v -0.098 -0.316546 1.02912009
v -0.08575 -0.315606862 1.0326252
v -0.08575 -0.316063017 1.02981555
v -0.104350284 -0.2886227 1.04504406
v -0.1043303 -0.280852228 1.04116976
v -0.104649991 -0.285681963 1.0384028
v -0.104649991 -0.2912321 1.03988993
v -0.104350276 -0.276978016 1.03339922
v -0.104384616 -0.278476149 1.02499235
v -0.104649991 -0.282887 1.02797186
v -0.104649991 -0.286950022 1.023909
v -0.104414307 -0.284647763 1.01911581
v -0.104414307 -0.284647763 1.01911581
v -0.104649991 -0.292674065 1.02340817
v -0.104649991 -0.286950022 1.023909
v -0.104443416 -0.293113053 1.01802945
v -0.104443416 -0.293113053 1.01802945
v -0.104649991 -0.297380865 1.026704
v -0.104649991 -0.292674065 1.02340817
v -0.104443416 -0.3039925 1.028909
v -0.104443416 -0.3039925 1.028909
v -0.104414329 -0.302906245 1.03737414
v -0.104649991 -0.29886803 1.0322541
v -0.104649991 -0.296439677 1.03746164
v -0.104384631 -0.297029585 1.04354572
v -0.104649991 -0.2912321 1.03988993
v -0.104350284 -0.2886227 1.04504406
v 0.0349999927 -0.32327342 1.04611361
v 0.0349999927 -0.326375 1.03152192
v 0.0347759835 -0.3217378 1.03339124
v 0.0349999927 -0.314505041 1.05818224
v 0.0347763 -0.313082427 1.052928
v 0.0349999927 -0.301585972 1.06564116
v 0.0347762369 -0.30919975 1.05434108
v 0.0347131155 -0.2937406 1.0613296
v 0.0347784758 -0.2918402 1.063018
v 0.0349999927 -0.286750019 1.06720042
v 0.0347130932 -0.28928256 1.06302726
v 0.0349999927 -0.2725625 1.0625906
v 0.0347784869 -0.287289828 1.06144881
v 0.03481982 -0.273541451 1.05288064
v 0.0348196 -0.286780745 1.05893624
v 0.0349999927 -0.2725625 1.0625906
v 0.0347784869 -0.287289828 1.06144881
v 0.0349999927 -0.326375 1.03152192
v 0.0347103477 -0.3221495 1.03087842
v 0.0347759835 -0.3217378 1.03339124
v 0.0349999927 -0.326375 1.03152192
v 0.03477599 -0.3209032 1.028658
v 0.0347103477 -0.3221495 1.03087842
v 0.0349999927 -0.32327342 1.04611361
v 0.03471066 -0.31343177 1.05076861
v 0.0347763 -0.313082427 1.052928
v 0.0349999927 -0.32327342 1.04611361
v 0.03481763 -0.3123782 1.04884279
v 0.03471066 -0.31343177 1.05076861
v 0.0349999927 -0.314505041 1.05818224
v 0.0347106121 -0.311386973 1.0543102
v 0.0347762369 -0.30919975 1.05434108
v 0.0349999927 -0.314505041 1.05818224
v 0.0347763 -0.313082427 1.052928
v 0.0347106121 -0.311386973 1.0543102
v 0.0349999927 -0.301585972 1.06564116
v 0.0348196 -0.294195265 1.05880022
v 0.0347131155 -0.2937406 1.0613296
v 0.0349999927 -0.286750019 1.06720042
v 0.0347130932 -0.28928256 1.06302726
v 0.0347784869 -0.287289828 1.06144881
v 0.0349999927 -0.2725625 1.0625906
v 0.03481982 -0.273541451 1.05288064
v 0.0347133279 -0.2718424 1.05429542
v 0.0349999927 -0.255408943 1.03898084
v 0.0349999927 -0.261476517 1.05260873
v 0.0348685868 -0.268544376 1.048869
v 0.0349999927 -0.261476517 1.05260873
v 0.03471338 -0.267554283 1.05082214
v 0.0348685868 -0.268544376 1.048869
v 0.0349999927 -0.261476517 1.05260873
v 0.0347133875 -0.2679699 1.05296171
v 0.03471338 -0.267554283 1.05082214
v 0.0349999927 -0.255408943 1.02406311
v 0.0349999927 -0.255408943 1.03898084
v 0.03478548 -0.2587805 1.0309819
v 0.0349999927 -0.255408943 1.03898084
v 0.0347209647 -0.259325534 1.033469
v 0.03478548 -0.2587805 1.0309819
v 0.0349999927 -0.255408943 1.03898084
v 0.0347854532 -0.26132223 1.035091
v 0.0347209647 -0.259325534 1.033469
v 0.0349999927 -0.255408943 1.02406311
v 0.0347209424 -0.260031432 1.02873385
v 0.034853328 -0.262369931 1.02772915
v 0.0349999927 -0.261476517 1.0104351
v 0.0348257646 -0.267945528 1.01345646
v 0.0347209871 -0.267534763 1.01126516
v 0.0349999927 -0.2725625 1.00045323
v 0.0347210057 -0.270602137 1.00852537
v 0.034853328 -0.272701859 1.00913632
v 0.0349999927 -0.286750019 0.99584347
v 0.0347131 -0.2881572 1.00064445
v 0.034778513 -0.2905635 0.9997784
v 0.0349999927 -0.286750019 0.99584347
v 0.0348196 -0.2868047 1.00280035
v 0.0347131 -0.2881572 1.00064445
v 0.0349999927 -0.301585972 0.9974027
v 0.0348480232 -0.308263332 1.00918317
v 0.03477873 -0.310362935 1.00850415
v 0.0347784944 -0.294197679 1.00293458
v 0.03477849 -0.293710172 1.00544894
v 0.0349999927 -0.301175 1.01303232
v 0.0348480232 -0.308263332 1.00918317
v 0.03477847 -0.291720659 1.00706136
v 0.0349999927 -0.301585972 0.9974027
v 0.0347784944 -0.294197679 1.00293458
v 0.0348480232 -0.308263332 1.00918317
v 0.034778513 -0.2905635 0.9997784
v 0.0347131267 -0.292927 1.000715
v 0.0349999927 -0.286750019 0.99584347
v 0.0349999927 -0.2725625 1.00045323
v 0.0348196 -0.2868047 1.00280035
v 0.034853328 -0.272701859 1.00913632
v 0.0349999927 -0.314505041 1.00486159
v 0.03477873 -0.310362935 1.00850415
v 0.0347134024 -0.3123889 1.00931823
v 0.0349999927 -0.32327342 1.01693022
v 0.0347787254 -0.31348 1.011227
v 0.03477847 -0.291720659 1.00706136
v 0.0349999927 -0.2905 1.010172
v 0.0349999927 -0.301175 1.01303232
v 0.0347787254 -0.307479441 1.013277
v 0.0349999927 -0.3089896 1.020847
v 0.0347133651 -0.307171464 1.01111543
v 0.0347784869 -0.2872262 1.00533867
v 0.0348196 -0.2868047 1.00280035
v 0.034853328 -0.272701859 1.00913632
v 0.0347784646 -0.2891598 1.007018
v 0.0349999927 -0.279824972 1.01303232
v 0.034853328 -0.272701859 1.00913632
v 0.0349999927 -0.314505041 1.00486159
v 0.0347134024 -0.3123889 1.00931823
v 0.0347787254 -0.31348 1.011227
v 0.0349999927 -0.326375 1.03152192
v 0.0349999927 -0.32327342 1.01693022
v 0.03477599 -0.3209032 1.028658
v 0.0349999927 -0.32327342 1.01693022
v 0.0348173976 -0.3184999 1.02776241
v 0.03477599 -0.3209032 1.028658
v 0.0348197967 -0.311341763 1.01479113
v 0.0349999927 -0.3089896 1.020847
v 0.0348173976 -0.3184999 1.02776241
v 0.0348197967 -0.311341763 1.01479113
v 0.0347134024 -0.30915764 1.01469755
v 0.0349999927 -0.3089896 1.020847
v 0.0347134024 -0.30915764 1.01469755
v 0.0347787254 -0.307479441 1.013277
v 0.0349999927 -0.3089896 1.020847
v 0.0347133651 -0.307171464 1.01111543
v 0.0348480232 -0.308263332 1.00918317
v 0.0349999927 -0.301175 1.01303232
v 0.0349999927 -0.279824972 1.01303232
v 0.034853328 -0.272701859 1.00913632
v 0.03472098 -0.273832917 1.01107037
v 0.0349999927 -0.26915 1.03152192
v 0.0349999927 -0.272010356 1.020847
v 0.0347854942 -0.26482746 1.02857077
v 0.0349999927 -0.272010356 1.020847
v 0.034853328 -0.262369931 1.02772915
v 0.0347854942 -0.26482746 1.02857077
v 0.0349999927 -0.272010356 1.020847
v 0.0347855054 -0.269702941 1.01479888
v 0.034853328 -0.262369931 1.02772915
v 0.0347855054 -0.269702941 1.01479888
v 0.0348257646 -0.267945528 1.01345646
v 0.034853328 -0.262369931 1.02772915
v 0.0349999927 -0.272010356 1.042197
v 0.0349999927 -0.26915 1.03152192
v 0.0347854756 -0.2658105 1.03330159
v 0.0349999927 -0.26915 1.03152192
v 0.0347209871 -0.266148955 1.03077817
v 0.0347854756 -0.2658105 1.03330159
v 0.0349999927 -0.26915 1.03152192
v 0.0347854942 -0.26482746 1.02857077
v 0.0347209871 -0.266148955 1.03077817
v 0.0349999927 -0.272010356 1.042197
v 0.0347134024 -0.2706459 1.0481354
v 0.034778703 -0.272720963 1.048814
v 0.0349999927 -0.272010356 1.042197
v 0.0348685868 -0.268544376 1.048869
v 0.0347134024 -0.2706459 1.0481354
v 0.0349999927 -0.2905 1.05287182
v 0.0349999927 -0.279824972 1.05001163
v 0.0347784646 -0.288044959 1.05669522
v 0.0349999927 -0.272010356 1.042197
v 0.034778703 -0.272720963 1.048814
v 0.0347133763 -0.273828536 1.05071342
v 0.0349999927 -0.279824972 1.05001163
v 0.0348196 -0.286780745 1.05893624
v 0.0347784646 -0.288044959 1.05669522
v 0.0349999927 -0.279824972 1.05001163
v 0.03481982 -0.273541451 1.05288064
v 0.0348196 -0.286780745 1.05893624
v 0.0349999927 -0.301175 1.05001163
v 0.0349999927 -0.2905 1.05287182
v 0.03477849 -0.2928576 1.05661333
v 0.0348176435 -0.3074976 1.05293834
v 0.0348196 -0.294195265 1.05880022
v 0.0349999927 -0.2905 1.05287182
v 0.03471314 -0.29044506 1.05581164
v 0.03477849 -0.2928576 1.05661333
v 0.0349999927 -0.2905 1.05287182
v 0.0347784646 -0.288044959 1.05669522
v 0.03471314 -0.29044506 1.05581164
v 0.0349999927 -0.301175 1.05001163
v 0.0348176435 -0.3074976 1.05293834
v 0.034710642 -0.307166219 1.05076861
v 0.0349999927 -0.311849982 1.03152192
v 0.0349999927 -0.3089896 1.042197
v 0.0347759835 -0.315262228 1.03339124
v 0.0349999927 -0.3089896 1.042197
v 0.0348173752 -0.3172141 1.03505468
v 0.0347759835 -0.315262228 1.03339124
v 0.0349999927 -0.3089896 1.042197
v 0.03481763 -0.3123782 1.04884279
v 0.0348173752 -0.3172141 1.03505468
v 0.03481763 -0.3123782 1.04884279
v 0.0349999927 -0.32327342 1.04611361
v 0.0348173752 -0.3172141 1.03505468
v 0.0349999927 -0.3089896 1.020847
v 0.0349999927 -0.311849982 1.03152192
v 0.0347759873 -0.3160968 1.02865791
v 0.0349999927 -0.311849982 1.03152192
v 0.0347103365 -0.314850539 1.03087842
v 0.0347759873 -0.3160968 1.02865791
v 0.0349999927 -0.311849982 1.03152192
v 0.0347759835 -0.315262228 1.03339124
v 0.0347103365 -0.314850539 1.03087842
v 0.0347855054 -0.269702941 1.01479888
v 0.0349999927 -0.272010356 1.020847
v 0.0347210057 -0.271887541 1.014694
v 0.0349999927 -0.272010356 1.020847
v 0.034785483 -0.273556828 1.0132401
v 0.0347210057 -0.271887541 1.014694
v 0.0347133875 -0.2679699 1.05296171
v 0.0349999927 -0.261476517 1.05260873
v 0.0347786844 -0.269660234 1.05436754
v 0.03481982 -0.273541451 1.05288064
v 0.0349999927 -0.279824972 1.05001163
v 0.0347133763 -0.273828536 1.05071342
v 0.03481763 -0.3123782 1.04884279
v 0.0349999927 -0.3089896 1.042197
v 0.0347106867 -0.3102991 1.04813993
v 0.0347762369 -0.30919975 1.05434108
v 0.0348176435 -0.3074976 1.05293834
v 0.0349999927 -0.301585972 1.06564116
v 0.0348176435 -0.3074976 1.05293834
v 0.0348196 -0.294195265 1.05880022
v 0.0349999927 -0.301585972 1.06564116
v 0.0349999927 -0.301175 1.05001163
v 0.03477849 -0.2928576 1.05661333
v 0.0348196 -0.294195265 1.05880022
v 0.0348197967 -0.311341763 1.01479113
v 0.0349999927 -0.32327342 1.01693022
v 0.03471338 -0.3130301 1.0133636
v 0.0349999927 -0.32327342 1.01693022
v 0.0347787254 -0.31348 1.011227
v 0.03471338 -0.3130301 1.0133636
v 0.0348197967 -0.311341763 1.01479113
v 0.0348173976 -0.3184999 1.02776241
v 0.0349999927 -0.3089896 1.020847
v 0.0347759873 -0.3160968 1.02865791
v 0.0348173752 -0.3172141 1.03505468
v 0.0349999927 -0.32327342 1.04611361
v 0.0347103365 -0.3197675 1.03500426
v 0.0349999927 -0.32327342 1.04611361
v 0.0347759835 -0.3217378 1.03339124
v 0.0347103365 -0.3197675 1.03500426
v 0.0347784944 -0.294197679 1.00293458
v 0.0349999927 -0.301585972 0.9974027
v 0.0347131267 -0.292927 1.000715
v 0.0347209424 -0.260031432 1.02873385
v 0.0349999927 -0.255408943 1.02406311
v 0.03478548 -0.2587805 1.0309819
v 0.0348685868 -0.268544376 1.048869
v 0.0349999927 -0.272010356 1.042197
v 0.0347854532 -0.263892084 1.0350132
v 0.0348685868 -0.268544376 1.048869
v 0.0347854532 -0.26132223 1.035091
v 0.0349999927 -0.255408943 1.03898084
v 0.0349999927 -0.272010356 1.042197
v 0.0347854756 -0.2658105 1.03330159
v 0.0347854532 -0.263892084 1.0350132
v 0.0227499958 -0.326375 1.03152192
v 0.0227497928 -0.320867717 1.02870047
v 0.0227499958 -0.3201406 1.02381968
v 0.0227499958 -0.316464275 1.02381718
v 0.0227497928 -0.320867717 1.02870047
v 0.0227499958 -0.326375 1.03152192
v 0.0227499958 -0.32194683 1.03212976
v 0.0227498189 -0.319759727 1.03498316
v 0.0227499958 -0.3204286 1.03931594
v 0.0227499958 -0.316000164 1.039089
v 0.0227499958 -0.32327342 1.04611361
v 0.0227499958 -0.316067517 1.0483799
v 0.0227499958 -0.314505041 1.05818224
v 0.0227499958 -0.32327342 1.01693022
v 0.0227499958 -0.3201406 1.02381968
v 0.0227499958 -0.316327244 1.01450956
v 0.0227499958 -0.314505041 1.00486159
v 0.0227499958 -0.316464275 1.02381718
v 0.0227498189 -0.3161323 1.02870047
v 0.0227499958 -0.3131439 1.02567685
v 0.0227499958 -0.30835 1.03152192
v 0.0227497928 -0.31531018 1.0333637
v 0.0227499958 -0.305516362 1.02187145
v 0.0227499958 -0.309317023 1.018123
v 0.0227499958 -0.3038133 1.0123018
v 0.0227499958 -0.297915131 1.015285
v 0.0227499958 -0.2960582 1.00910068
v 0.0227499958 -0.287959665 1.01385367
v 0.0227499958 -0.312921345 1.03708017
v 0.0227499958 -0.305516362 1.04117239
v 0.0227499958 -0.309720159 1.04483533
v 0.0227499958 -0.313075274 1.01770282
v 0.0227497984 -0.309633642 1.014773
v 0.022749871 -0.3123114 1.04892254
v 0.0227498449 -0.308286518 1.04892254
v 0.0227498189 -0.319759727 1.03498316
v 0.0227499958 -0.316000164 1.039089
v 0.0227499958 -0.312921345 1.03708017
v 0.0227499958 -0.3038133 1.0123018
v 0.0227499958 -0.3075034 1.01274049
v 0.0227497984 -0.307990223 1.00962186
v 0.0227499958 -0.297915131 1.04775882
v 0.0227499958 -0.3038989 1.050339
v 0.0227499958 -0.296345234 1.05416584
v 0.0227499958 -0.287959665 1.04919016
v 0.0227499958 -0.3038989 1.050339
v 0.0227499958 -0.307369173 1.05183756
v 0.0227499958 -0.304318964 1.054097
v 0.0227499958 -0.305516362 1.04117239
v 0.0227498449 -0.308286518 1.04892254
v 0.0227499958 -0.298204839 1.05748641
v 0.0227497239 -0.2941697 1.05937433
v 0.0227499958 -0.2982022 1.06116259
v 0.0227499958 -0.2982022 1.06116259
v 0.0227496773 -0.2912826 1.06311035
v 0.0227499958 -0.301585972 1.06564116
v 0.0227499958 -0.307512373 1.05734921
v 0.0227499958 -0.286750019 1.06720042
v 0.0227498449 -0.309228122 1.05426288
v 0.0227498189 -0.3130104 1.05288637
v 0.0227499958 -0.316067517 1.0483799
v 0.0227499958 -0.282705963 1.06145072
v 0.0227499958 -0.287818819 1.06177175
v 0.0227499958 -0.2725625 1.0625906
v 0.0227499958 -0.273642 1.05708945
v 0.0227499958 -0.282705963 1.06145072
v 0.0227497239 -0.287001133 1.05840576
v 0.0227497239 -0.287001133 1.05840576
v 0.0227499958 -0.282932967 1.05702245
v 0.0227499958 -0.284941763 1.05394328
v 0.0227496773 -0.290991873 1.05588233
v 0.0227499958 -0.287959665 1.04919016
v 0.0227497984 -0.273171216 1.05322969
v 0.0227499958 -0.276447147 1.05455339
v 0.0227499958 -0.277186662 1.05074215
v 0.0227499958 -0.2788107 1.045012
v 0.0227497667 -0.2692501 1.05408514
v 0.0227499958 -0.273642 1.05708945
v 0.0227499958 -0.2725625 1.0625906
v 0.0227497667 -0.273009777 1.04921985
v 0.0227499958 -0.271682978 1.0449208
v 0.0227499958 -0.273373038 1.03655088
v 0.0227499958 -0.267856121 1.03736722
v 0.0227499958 -0.2655311 1.03327191
v 0.0227499958 -0.262762249 1.03515518
v 0.0227499958 -0.264535785 1.03922689
v 0.0227499958 -0.265515417 1.02947819
v 0.0227499958 -0.273373038 1.02649307
v 0.0227499958 -0.268078655 1.02596366
v 0.0227499958 -0.264999747 1.02395487
v 0.0227499958 -0.2625 1.02802193
v 0.0227499958 -0.271279842 1.01820862
v 0.0227499958 -0.260571331 1.02372789
v 0.0227499958 -0.2788107 1.01803184
v 0.0227499958 -0.259222358 1.0299325
v 0.0227499958 -0.255408943 1.02406311
v 0.0227499958 -0.261476517 1.0104351
v 0.0227499958 -0.255408943 1.03898084
v 0.0227499958 -0.259468883 1.03327191
v 0.0227499958 -0.264932454 1.01466393
v 0.0227499958 -0.262762249 1.03515518
v 0.0227499958 -0.26085937 1.03922415
v 0.0227499958 -0.264535785 1.03922689
v 0.0227499958 -0.2646728 1.04853439
v 0.0227499958 -0.261476517 1.05260873
v 0.0227499958 -0.267726034 1.05132091
v 0.0227497667 -0.2692501 1.05408514
v 0.0227499958 -0.267698348 1.01247871
v 0.0227499958 -0.2674682 1.01746893
v 0.0227499958 -0.2709239 1.0148114
v 0.0227499958 -0.269435257 1.00889719
v 0.0227499958 -0.273781061 1.01203978
v 0.0227499958 -0.2725625 1.00045323
v 0.0227499958 -0.273487568 1.00569463
v 0.0227499958 -0.272613317 1.009444
v 0.0227499958 -0.286750019 0.99584347
v 0.0227499958 -0.276681 1.008947
v 0.0227499958 -0.2771011 1.01270485
v 0.0227499958 -0.2846548 1.008878
v 0.0227499958 -0.282797784 1.00188124
v 0.0227499958 -0.287211061 1.00232482
v 0.0227499958 -0.282795131 1.00555766
v 0.0227497239 -0.287593871 1.00576758
v 0.0227499958 -0.2846548 1.008878
v 0.0227496773 -0.2922069 1.00677383
v 0.0227499958 -0.301585972 0.9974027
v 0.02274961 -0.290008336 0.99988246
v 0.0227497239 -0.2939989 1.00240564
v 0.0227499958 -0.298294 1.00159335
v 0.0227499958 -0.307357967 1.00595438
v 0.02274972 -0.311967343 1.00908446
v 0.0227497984 -0.307990223 1.00962186
v 0.0227499958 -0.304552853 1.00849056
v 0.0227499958 -0.287959665 1.01385367
v 0.0227499958 -0.2846548 1.008878
v 0.0227497239 -0.287593871 1.00576758
v 0.0227499958 -0.286750019 1.06720042
v 0.0227499958 -0.287818819 1.06177175
v 0.0227496773 -0.2912826 1.06311035
v 0.0227499958 -0.305516362 1.04117239
v 0.0227499958 -0.309720159 1.04483533
v 0.0227498449 -0.308286518 1.04892254
v 0.0227499958 -0.326375 1.03152192
v 0.0227499958 -0.3204286 1.03931594
v 0.0227498189 -0.319759727 1.03498316
v 0.0227499958 -0.287211061 1.00232482
v 0.0227499958 -0.286750019 0.99584347
v 0.02274961 -0.290008336 0.99988246
v 0.022749871 -0.3123114 1.04892254
v 0.0227499958 -0.309720159 1.04483533
v 0.0227499958 -0.3135317 1.045575
v 0.0227497667 -0.313187152 1.01290774
v 0.02274972 -0.311967343 1.00908446
v 0.0227499958 -0.314505041 1.00486159
v 0.0227499958 -0.309317023 1.018123
v 0.0227499958 -0.3038133 1.0123018
v 0.0227497984 -0.309633642 1.014773
v 0.034853328 -0.272701859 1.00913632
v 0.0347210057 -0.270602137 1.00852537
v 0.0227499958 -0.272613317 1.009444
v 0.0347210057 -0.270602137 1.00852537
v 0.0227499958 -0.269435257 1.00889719
v 0.0227499958 -0.272613317 1.009444
v 0.0347210057 -0.270602137 1.00852537
v 0.03478551 -0.2685363 1.00932062
v 0.0227499958 -0.269435257 1.00889719
v 0.0347209871 -0.267534763 1.01126516
v 0.0348257646 -0.267945528 1.01345646
v 0.0227499958 -0.267698348 1.01247871
v 0.0347855054 -0.269702941 1.01479888
v 0.0347210057 -0.271887541 1.014694
v 0.0227499958 -0.2709239 1.0148114
v 0.0347855054 -0.269702941 1.01479888
v 0.0227499958 -0.267698348 1.01247871
v 0.0348257646 -0.267945528 1.01345646
v 0.0347210057 -0.271887541 1.014694
v 0.034785483 -0.273556828 1.0132401
v 0.0227499958 -0.2709239 1.0148114
v 0.034785483 -0.273556828 1.0132401
v 0.0227499958 -0.273781061 1.01203978
v 0.0227499958 -0.2709239 1.0148114
v 0.034785483 -0.273556828 1.0132401
v 0.03472098 -0.273832917 1.01107037
v 0.03472098 -0.273832917 1.01107037
v 0.034853328 -0.272701859 1.00913632
v 0.0227499958 -0.273781061 1.01203978
v 0.034853328 -0.272701859 1.00913632
v 0.0227499958 -0.272613317 1.009444
v 0.0227499958 -0.273781061 1.01203978
v 0.0347134024 -0.2706459 1.0481354
v 0.0348685868 -0.268544376 1.048869
v 0.0227497984 -0.269032627 1.04868245
v 0.0227497984 -0.269032627 1.04868245
v 0.0227497667 -0.273009777 1.04921985
v 0.034778703 -0.272720963 1.048814
v 0.0347133763 -0.273828536 1.05071342
v 0.0227497667 -0.273009777 1.04921985
v 0.0347133763 -0.273828536 1.05071342
v 0.0227497984 -0.273171216 1.05322969
v 0.03481982 -0.273541451 1.05288064
v 0.0348685868 -0.268544376 1.048869
v 0.03471338 -0.267554283 1.05082214
v 0.0227497984 -0.269032627 1.04868245
v 0.03471338 -0.267554283 1.05082214
v 0.0227499958 -0.267726034 1.05132091
v 0.0227497984 -0.269032627 1.04868245
v 0.03471338 -0.267554283 1.05082214
v 0.0347133875 -0.2679699 1.05296171
v 0.0227499958 -0.267726034 1.05132091
v 0.0347133875 -0.2679699 1.05296171
v 0.0227497667 -0.2692501 1.05408514
v 0.0227499958 -0.267726034 1.05132091
v 0.0347133875 -0.2679699 1.05296171
v 0.0347786844 -0.269660234 1.05436754
v 0.0227497667 -0.2692501 1.05408514
v 0.0347133279 -0.2718424 1.05429542
v 0.0227497667 -0.2692501 1.05408514
v 0.0227497984 -0.273171216 1.05322969
v 0.03481982 -0.273541451 1.05288064
v 0.0227497984 -0.273171216 1.05322969
v 0.034710642 -0.307166219 1.05076861
v 0.0227499958 -0.307369173 1.05183756
v 0.0227498449 -0.308286518 1.04892254
v 0.0348176435 -0.3074976 1.05293834
v 0.0227498449 -0.309228122 1.05426288
v 0.0227499958 -0.307369173 1.05183756
v 0.0347762369 -0.30919975 1.05434108
v 0.0347106121 -0.311386973 1.0543102
v 0.0227498449 -0.309228122 1.05426288
v 0.0348176435 -0.3074976 1.05293834
v 0.0227498449 -0.309228122 1.05426288
v 0.034710642 -0.307166219 1.05076861
v 0.0227499958 -0.307369173 1.05183756
v 0.0347762778 -0.308233023 1.04885888
v 0.0227498449 -0.308286518 1.04892254
v 0.0347106867 -0.3102991 1.04813993
v 0.0227498449 -0.308286518 1.04892254
v 0.022749871 -0.3123114 1.04892254
v 0.03481763 -0.3123782 1.04884279
v 0.03471066 -0.31343177 1.05076861
v 0.022749871 -0.3123114 1.04892254
v 0.0227498189 -0.3130104 1.05288637
v 0.0347763 -0.313082427 1.052928
v 0.0347106121 -0.311386973 1.0543102
v 0.0227498189 -0.3130104 1.05288637
v 0.0347106121 -0.311386973 1.0543102
v 0.0227498449 -0.309228122 1.05426288
v 0.0348480232 -0.308263332 1.00918317
v 0.0347133651 -0.307171464 1.01111543
v 0.0227497984 -0.307990223 1.00962186
v 0.0347787254 -0.307479441 1.013277
v 0.0227499958 -0.3075034 1.01274049
v 0.0347134024 -0.30915764 1.01469755
v 0.0227497984 -0.309633642 1.014773
v 0.0348197967 -0.311341763 1.01479113
v 0.0227497984 -0.309633642 1.014773
v 0.0348197967 -0.311341763 1.01479113
v 0.0227497667 -0.313187152 1.01290774
v 0.0347133651 -0.307171464 1.01111543
v 0.0227499958 -0.3075034 1.01274049
v 0.0227497984 -0.307990223 1.00962186
v 0.0347787254 -0.307479441 1.013277
v 0.0227497984 -0.309633642 1.014773
v 0.0227499958 -0.3075034 1.01274049
v 0.0348197967 -0.311341763 1.01479113
v 0.03471338 -0.3130301 1.0133636
v 0.0227497667 -0.313187152 1.01290774
v 0.0347787254 -0.31348 1.011227
v 0.0227497667 -0.313187152 1.01290774
v 0.0347787254 -0.31348 1.011227
v 0.02274972 -0.311967343 1.00908446
v 0.0227497667 -0.313187152 1.01290774
v 0.0347787254 -0.31348 1.011227
v 0.0347134024 -0.3123889 1.00931823
v 0.02274972 -0.311967343 1.00908446
v 0.03477873 -0.310362935 1.00850415
v 0.02274972 -0.311967343 1.00908446
v 0.03477873 -0.310362935 1.00850415
v 0.0227497984 -0.307990223 1.00962186
v 0.0348480232 -0.308263332 1.00918317
v 0.0297499988 -0.282705963 1.00159335
v 0.0227499958 -0.273487568 1.00569463
v 0.0227499958 -0.282797784 1.00188124
v 0.0297499988 -0.282705963 1.00159335
v 0.0297499988 -0.273642 1.00595438
v 0.0227499958 -0.273487568 1.00569463
v 0.0297499988 -0.284941763 1.00910068
v 0.0297499988 -0.282932937 1.00602162
v 0.0227499958 -0.2846548 1.008878
v 0.0297499988 -0.282932937 1.00602162
v 0.0227499958 -0.282795131 1.00555766
v 0.0227499958 -0.2846548 1.008878
v 0.0227499958 -0.282797784 1.00188124
v 0.0227499958 -0.282795131 1.00555766
v 0.0297499988 -0.282705963 1.00159335
v 0.0227499958 -0.282795131 1.00555766
v 0.0297499988 -0.282932937 1.00602162
v 0.0297499988 -0.282705963 1.00159335
v 0.0297499988 -0.273642 1.00595438
v 0.0297499988 -0.276447117 1.00849056
v 0.0227499958 -0.273487568 1.00569463
v 0.0297499988 -0.276447117 1.00849056
v 0.0227499958 -0.276681 1.008947
v 0.0227499958 -0.273487568 1.00569463
v 0.0227499958 -0.2771011 1.01270485
v 0.0227499958 -0.276681 1.008947
v 0.0297499988 -0.2771867 1.0123018
v 0.0227499958 -0.276681 1.008947
v 0.0297499988 -0.276447117 1.00849056
v 0.0297499988 -0.2771867 1.0123018
v 0.0297499988 -0.2679247 1.01770282
v 0.0297499988 -0.267856121 1.02567673
v 0.0297499988 -0.264672726 1.01450956
v 0.0297499988 -0.2679247 1.01770282
v 0.0297499988 -0.271682978 1.018123
v 0.0297499988 -0.267856121 1.02567673
v 0.0297499988 -0.267468333 1.045575
v 0.0297499988 -0.264932454 1.0483799
v 0.0297499988 -0.260571331 1.03931594
v 0.0297499988 -0.316464216 1.03922689
v 0.0297499988 -0.3201406 1.03922415
v 0.0297499988 -0.3163272 1.04853439
v 0.0297499988 -0.2982022 1.00188124
v 0.0297499988 -0.298204839 1.00555766
v 0.0227499958 -0.298294 1.00159335
v 0.0297499988 -0.298204839 1.00555766
v 0.0227499958 -0.298067033 1.0060215
v 0.0227499958 -0.298294 1.00159335
v 0.0227499958 -0.2960582 1.00910068
v 0.0227499958 -0.298067033 1.0060215
v 0.0297499988 -0.296345174 1.00887811
v 0.0227499958 -0.298067033 1.0060215
v 0.0297499988 -0.298204839 1.00555766
v 0.0297499988 -0.296345174 1.00887811
v 0.0297499988 -0.3075124 1.00569463
v 0.0227499958 -0.298294 1.00159335
v 0.0227499958 -0.307357967 1.00595438
v 0.0297499988 -0.3075124 1.00569463
v 0.0297499988 -0.2982022 1.00188124
v 0.0227499958 -0.298294 1.00159335
v 0.0297499988 -0.3038989 1.01270485
v 0.0297499988 -0.304318964 1.008947
v 0.0227499958 -0.3038133 1.0123018
v 0.0297499988 -0.304318964 1.008947
v 0.0227499958 -0.304552853 1.00849056
v 0.0227499958 -0.3038133 1.0123018
v 0.0227499958 -0.307357967 1.00595438
v 0.0227499958 -0.304552853 1.00849056
v 0.0297499988 -0.3075124 1.00569463
v 0.0227499958 -0.304552853 1.00849056
v 0.0297499988 -0.304318964 1.008947
v 0.0297499988 -0.3075124 1.00569463
v 0.0297499988 -0.264672726 1.01450956
v 0.0227499958 -0.260571331 1.02372789
v 0.0227499958 -0.264932454 1.01466393
v 0.0297499988 -0.264672726 1.01450956
v 0.0297499988 -0.26085937 1.02381968
v 0.0227499958 -0.260571331 1.02372789
v 0.0297499988 -0.271682978 1.018123
v 0.0297499988 -0.2679247 1.01770282
v 0.0227499958 -0.271279842 1.01820862
v 0.0297499988 -0.2679247 1.01770282
v 0.0227499958 -0.2674682 1.01746893
v 0.0227499958 -0.271279842 1.01820862
v 0.0227499958 -0.264932454 1.01466393
v 0.0227499958 -0.2674682 1.01746893
v 0.0297499988 -0.264672726 1.01450956
v 0.0227499958 -0.2674682 1.01746893
v 0.0297499988 -0.2679247 1.01770282
v 0.0297499988 -0.264672726 1.01450956
v 0.0297499988 -0.26085937 1.02381968
v 0.0297499988 -0.264535725 1.02381718
v 0.0227499958 -0.260571331 1.02372789
v 0.0297499988 -0.264535725 1.02381718
v 0.0227499958 -0.264999747 1.02395487
v 0.0227499958 -0.260571331 1.02372789
v 0.0227499958 -0.268078655 1.02596366
v 0.0227499958 -0.264999747 1.02395487
v 0.0297499988 -0.267856121 1.02567673
v 0.0227499958 -0.264999747 1.02395487
v 0.0297499988 -0.264535725 1.02381718
v 0.0297499988 -0.267856121 1.02567673
v 0.0297499988 -0.260571331 1.03931594
v 0.0227499958 -0.2646728 1.04853439
v 0.0227499958 -0.26085937 1.03922415
v 0.0297499988 -0.260571331 1.03931594
v 0.0297499988 -0.264932454 1.0483799
v 0.0227499958 -0.2646728 1.04853439
v 0.0297499988 -0.268078655 1.03708017
v 0.0297499988 -0.264999837 1.039089
v 0.0227499958 -0.267856121 1.03736722
v 0.0297499988 -0.264999837 1.039089
v 0.0227499958 -0.264535785 1.03922689
v 0.0227499958 -0.267856121 1.03736722
v 0.0227499958 -0.26085937 1.03922415
v 0.0227499958 -0.264535785 1.03922689
v 0.0297499988 -0.260571331 1.03931594
v 0.0227499958 -0.264535785 1.03922689
v 0.0297499988 -0.264999837 1.039089
v 0.0297499988 -0.260571331 1.03931594
v 0.0297499988 -0.264932454 1.0483799
v 0.0297499988 -0.267468333 1.045575
v 0.0227499958 -0.2646728 1.04853439
v 0.0297499988 -0.267468333 1.045575
v 0.0227499958 -0.267924726 1.04534113
v 0.0227499958 -0.2646728 1.04853439
v 0.0227499958 -0.271682978 1.0449208
v 0.0227499958 -0.267924726 1.04534113
v 0.0297499988 -0.2712798 1.04483533
v 0.0227499958 -0.267924726 1.04534113
v 0.0297499988 -0.267468333 1.045575
v 0.0297499988 -0.2712798 1.04483533
v 0.0297499988 -0.2734876 1.05734921
v 0.0227499958 -0.282705963 1.06145072
v 0.0227499958 -0.273642 1.05708945
v 0.0297499988 -0.2734876 1.05734921
v 0.0297499988 -0.282797784 1.06116259
v 0.0227499958 -0.282705963 1.06145072
v 0.0297499988 -0.2771011 1.050339
v 0.0297499988 -0.276681 1.054097
v 0.0227499958 -0.277186662 1.05074215
v 0.0297499988 -0.276681 1.054097
v 0.0227499958 -0.276447147 1.05455339
v 0.0227499958 -0.277186662 1.05074215
v 0.0227499958 -0.273642 1.05708945
v 0.0227499958 -0.276447147 1.05455339
v 0.0297499988 -0.2734876 1.05734921
v 0.0227499958 -0.276447147 1.05455339
v 0.0297499988 -0.276681 1.054097
v 0.0297499988 -0.2734876 1.05734921
v 0.0297499988 -0.282797784 1.06116259
v 0.0297499988 -0.282795131 1.05748641
v 0.0227499958 -0.282705963 1.06145072
v 0.0297499988 -0.282795131 1.05748641
v 0.0227499958 -0.282932967 1.05702245
v 0.0227499958 -0.282705963 1.06145072
v 0.0227499958 -0.284941763 1.05394328
v 0.0227499958 -0.282932967 1.05702245
v 0.0297499988 -0.2846548 1.05416584
v 0.0227499958 -0.282932967 1.05702245
v 0.0297499988 -0.282795131 1.05748641
v 0.0297499988 -0.2846548 1.05416584
v 0.0297499988 -0.298294 1.0614506
v 0.0227499958 -0.307512373 1.05734921
v 0.0227499958 -0.2982022 1.06116259
v 0.0297499988 -0.298294 1.0614506
v 0.0297499988 -0.307357967 1.05708945
v 0.0227499958 -0.307512373 1.05734921
v 0.0297499988 -0.2960582 1.05394328
v 0.0297499988 -0.298067033 1.05702245
v 0.0227499958 -0.296345234 1.05416584
v 0.0297499988 -0.298067033 1.05702245
v 0.0227499958 -0.298204839 1.05748641
v 0.0227499958 -0.296345234 1.05416584
v 0.0227499958 -0.2982022 1.06116259
v 0.0227499958 -0.298204839 1.05748641
v 0.0297499988 -0.298294 1.0614506
v 0.0227499958 -0.298204839 1.05748641
v 0.0297499988 -0.298067033 1.05702245
v 0.0297499988 -0.298294 1.0614506
v 0.0297499988 -0.307357967 1.05708945
v 0.0297499988 -0.304552853 1.05455339
v 0.0227499958 -0.307512373 1.05734921
v 0.0297499988 -0.304552853 1.05455339
v 0.0227499958 -0.304318964 1.054097
v 0.0227499958 -0.307512373 1.05734921
v 0.0227499958 -0.3038989 1.050339
v 0.0227499958 -0.304318964 1.054097
v 0.0297499988 -0.3038133 1.05074215
v 0.0227499958 -0.304318964 1.054097
v 0.0297499988 -0.304552853 1.05455339
v 0.0297499988 -0.3038133 1.05074215
v 0.0297499988 -0.3163272 1.04853439
v 0.0227499958 -0.3204286 1.03931594
v 0.0227499958 -0.316067517 1.0483799
v 0.0297499988 -0.3163272 1.04853439
v 0.0297499988 -0.3201406 1.03922415
v 0.0227499958 -0.3204286 1.03931594
v 0.0297499988 -0.309317023 1.0449208
v 0.0297499988 -0.313075244 1.04534113
v 0.0227499958 -0.309720159 1.04483533
v 0.0297499988 -0.313075244 1.04534113
v 0.0227499958 -0.3135317 1.045575
v 0.0227499958 -0.309720159 1.04483533
v 0.0227499958 -0.316067517 1.0483799
v 0.0227499958 -0.3135317 1.045575
v 0.0297499988 -0.3163272 1.04853439
v 0.0227499958 -0.3135317 1.045575
v 0.0297499988 -0.313075244 1.04534113
v 0.0297499988 -0.3163272 1.04853439
v 0.0297499988 -0.3201406 1.03922415
v 0.0297499988 -0.316464216 1.03922689
v 0.0227499958 -0.3204286 1.03931594
v 0.0297499988 -0.316464216 1.03922689
v 0.0227499958 -0.316000164 1.039089
v 0.0227499958 -0.3204286 1.03931594
v 0.0227499958 -0.312921345 1.03708017
v 0.0227499958 -0.316000164 1.039089
v 0.0297499988 -0.313143879 1.03736722
v 0.0227499958 -0.316000164 1.039089
v 0.0297499988 -0.316464216 1.03922689
v 0.0297499988 -0.313143879 1.03736722
v 0.0297499988 -0.3204286 1.02372789
v 0.0227499958 -0.316327244 1.01450956
v 0.0227499958 -0.3201406 1.02381968
v 0.0297499988 -0.3204286 1.02372789
v 0.0297499988 -0.316067517 1.01466393
v 0.0227499958 -0.316327244 1.01450956
v 0.0297499988 -0.312921345 1.02596366
v 0.0297499988 -0.316000223 1.02395487
v 0.0227499958 -0.3131439 1.02567685
v 0.0297499988 -0.316000223 1.02395487
v 0.0227499958 -0.316464275 1.02381718
v 0.0227499958 -0.3131439 1.02567685
v 0.0227499958 -0.3201406 1.02381968
v 0.0227499958 -0.316464275 1.02381718
v 0.0297499988 -0.3204286 1.02372789
v 0.0227499958 -0.316464275 1.02381718
v 0.0297499988 -0.316000223 1.02395487
v 0.0297499988 -0.3204286 1.02372789
v 0.0297499988 -0.316067517 1.01466393
v 0.0297499988 -0.313531756 1.01746893
v 0.0227499958 -0.316327244 1.01450956
v 0.0297499988 -0.313531756 1.01746893
v 0.0227499958 -0.313075274 1.01770282
v 0.0227499958 -0.316327244 1.01450956
v 0.0227499958 -0.309317023 1.018123
v 0.0227499958 -0.313075274 1.01770282
v 0.0297499988 -0.309720159 1.01820862
v 0.0227499958 -0.313075274 1.01770282
v 0.0297499988 -0.313531756 1.01746893
v 0.0297499988 -0.309720159 1.01820862
v 0.0349999927 -0.326375 1.03152192
v 0.0227499958 -0.326375 1.03152192
v 0.0227499958 -0.32327342 1.01693022
v 0.0349999927 -0.32327342 1.01693022
v 0.0227499958 -0.314505041 1.00486159
v 0.0349999927 -0.314505041 1.00486159
v 0.0227499958 -0.301585972 0.9974027
v 0.0349999927 -0.301585972 0.9974027
v 0.0227499958 -0.286750019 0.99584347
v 0.0349999927 -0.286750019 0.99584347
v 0.0227499958 -0.2725625 1.00045323
v 0.0349999927 -0.2725625 1.00045323
v 0.0227499958 -0.261476517 1.0104351
v 0.0349999927 -0.261476517 1.0104351
v 0.0227499958 -0.255408943 1.02406311
v 0.0349999927 -0.255408943 1.02406311
v 0.0227499958 -0.255408943 1.03898084
v 0.0349999927 -0.255408943 1.03898084
v 0.0227499958 -0.261476517 1.05260873
v 0.0349999927 -0.261476517 1.05260873
v 0.0227499958 -0.2725625 1.0625906
v 0.0349999927 -0.2725625 1.0625906
v 0.0227499958 -0.286750019 1.06720042
v 0.0349999927 -0.286750019 1.06720042
v 0.0227499958 -0.301585972 1.06564116
v 0.0349999927 -0.301585972 1.06564116
v 0.0227499958 -0.314505041 1.05818224
v 0.0349999927 -0.314505041 1.05818224
v 0.0227499958 -0.32327342 1.04611361
v 0.0349999927 -0.32327342 1.04611361
v 0.0227499958 -0.326375 1.03152192
v 0.0349999927 -0.326375 1.03152192
v 0.0349999927 -0.261476517 1.05260873
v 0.0349999927 -0.2725625 1.0625906
v 0.0347786844 -0.269660234 1.05436754
v 0.0347133279 -0.2718424 1.05429542
v 0.0349999927 -0.261476517 1.0104351
v 0.0349999927 -0.255408943 1.02406311
v 0.0348257646 -0.267945528 1.01345646
v 0.034853328 -0.262369931 1.02772915
v 0.0349999927 -0.261476517 1.0104351
v 0.0347209871 -0.267534763 1.01126516
v 0.03478551 -0.2685363 1.00932062
v 0.0349999927 -0.2725625 1.00045323
v 0.0347210057 -0.270602137 1.00852537
v 0.03477847 -0.291720659 1.00706136
v 0.0347784646 -0.2891598 1.007018
v 0.0349999927 -0.2905 1.010172
v 0.0349999927 -0.279824972 1.01303232
v 0.0349999927 -0.272010356 1.020847
v 0.034785483 -0.273556828 1.0132401
v 0.03472098 -0.273832917 1.01107037
v 0.0349999927 -0.301175 1.05001163
v 0.034710642 -0.307166219 1.05076861
v 0.0347762778 -0.308233023 1.04885888
v 0.0349999927 -0.3089896 1.042197
v 0.0347106867 -0.3102991 1.04813993
v 0.0349999927 -0.2905 1.010172
v 0.0307999961 -0.2905 1.010172
v 0.0307999961 -0.301175 1.01303232
v 0.0349999927 -0.301175 1.01303232
v 0.0307999961 -0.3089896 1.020847
v 0.0349999927 -0.3089896 1.020847
v 0.0307999961 -0.311849982 1.03152192
v 0.0349999927 -0.311849982 1.03152192
v 0.0307999961 -0.3089896 1.042197
v 0.0349999927 -0.3089896 1.042197
v 0.0307999961 -0.301175 1.05001163
v 0.0349999927 -0.301175 1.05001163
v 0.0307999961 -0.2905 1.05287182
v 0.0349999927 -0.2905 1.05287182
v 0.0307999961 -0.279824972 1.05001163
v 0.0349999927 -0.279824972 1.05001163
v 0.0307999961 -0.272010356 1.042197
v 0.0349999927 -0.272010356 1.042197
v 0.0307999961 -0.26915 1.03152192
v 0.0349999927 -0.26915 1.03152192
v 0.0307999961 -0.272010356 1.020847
v 0.0349999927 -0.272010356 1.020847
v 0.0307999961 -0.279824972 1.01303232
v 0.0349999927 -0.279824972 1.01303232
v 0.0307999961 -0.2905 1.010172
v 0.0349999927 -0.2905 1.010172
v 0.0227499958 -0.30835 1.03152192
v 0.0307999961 -0.30835 1.03152192
v 0.0307999961 -0.305516362 1.02187145
v 0.0227499958 -0.305516362 1.02187145
v 0.0307999961 -0.297915131 1.015285
v 0.0227499958 -0.297915131 1.015285
v 0.0307999961 -0.287959665 1.01385367
v 0.0227499958 -0.287959665 1.01385367
v 0.0307999961 -0.2788107 1.01803184
v 0.0227499958 -0.2788107 1.01803184
v 0.0307999961 -0.273373038 1.02649307
v 0.0227499958 -0.273373038 1.02649307
v 0.0307999961 -0.273373038 1.03655088
v 0.0227499958 -0.273373038 1.03655088
v 0.0307999961 -0.2788107 1.045012
v 0.0227499958 -0.2788107 1.045012
v 0.0307999961 -0.287959665 1.04919016
v 0.0227499958 -0.287959665 1.04919016
v 0.0307999961 -0.297915131 1.04775882
v 0.0227499958 -0.297915131 1.04775882
v 0.0307999961 -0.305516362 1.04117239
v 0.0227499958 -0.305516362 1.04117239
v 0.0307999961 -0.30835 1.03152192
v 0.0227499958 -0.30835 1.03152192
v 0.0227499958 -0.301585972 0.9974027
v 0.0227499958 -0.298294 1.00159335
v 0.0227497239 -0.2939989 1.00240564
v 0.0227499958 -0.298067033 1.0060215
v 0.0227496773 -0.2922069 1.00677383
v 0.0227499958 -0.2960582 1.00910068
v 0.0227499958 -0.287959665 1.01385367
v 0.0227499958 -0.2646728 1.04853439
v 0.0227497984 -0.269032627 1.04868245
v 0.0227499958 -0.267726034 1.05132091
v 0.0227499958 -0.267924726 1.04534113
v 0.0227499958 -0.287959665 1.04919016
v 0.0227499958 -0.296345234 1.05416584
v 0.0227496773 -0.290991873 1.05588233
v 0.0227497239 -0.2941697 1.05937433
v 0.0227499958 -0.267924726 1.04534113
v 0.0227499958 -0.271682978 1.0449208
v 0.0227497984 -0.269032627 1.04868245
v 0.0227499958 -0.2788107 1.045012
v 0.0227499958 -0.277186662 1.05074215
v 0.0227497667 -0.273009777 1.04921985
v 0.0227497984 -0.273171216 1.05322969
v 0.0227499958 -0.307512373 1.05734921
v 0.0227499958 -0.304318964 1.054097
v 0.0227498449 -0.309228122 1.05426288
v 0.0227499958 -0.307369173 1.05183756
v 0.0227499958 -0.3135317 1.045575
v 0.0227499958 -0.316067517 1.0483799
v 0.022749871 -0.3123114 1.04892254
v 0.0227498189 -0.3130104 1.05288637
v 0.0227497667 -0.313187152 1.01290774
v 0.0227499958 -0.314505041 1.00486159
v 0.0227499958 -0.316327244 1.01450956
v 0.0227499958 -0.313075274 1.01770282
v 0.0227497984 -0.309633642 1.014773
v 0.03478551 -0.2685363 1.00932062
v 0.0347209871 -0.267534763 1.01126516
v 0.0227499958 -0.269435257 1.00889719
v 0.0227499958 -0.267698348 1.01247871
v 0.0297499988 -0.2771867 1.0123018
v 0.0227499958 -0.2846548 1.008878
v 0.0227499958 -0.2771011 1.01270485
v 0.0297499988 -0.284941763 1.00910068
v 0.0297499988 -0.276447117 1.00849056
v 0.0297499988 -0.273642 1.00595438
v 0.0297499988 -0.282705963 1.00159335
v 0.0297499988 -0.282932937 1.00602162
v 0.0297499988 -0.2771867 1.0123018
v 0.0297499988 -0.284941763 1.00910068
v 0.0297499988 -0.304318964 1.008947
v 0.0297499988 -0.3038989 1.01270485
v 0.0297499988 -0.296345174 1.00887811
v 0.0297499988 -0.298204839 1.00555766
v 0.0297499988 -0.3075124 1.00569463
v 0.0297499988 -0.2982022 1.00188124
v 0.0297499988 -0.26085937 1.02381968
v 0.0297499988 -0.264672726 1.01450956
v 0.0297499988 -0.264535725 1.02381718
v 0.0297499988 -0.267856121 1.02567673
v 0.0297499988 -0.264999837 1.039089
v 0.0297499988 -0.267468333 1.045575
v 0.0297499988 -0.260571331 1.03931594
v 0.0297499988 -0.2712798 1.04483533
v 0.0297499988 -0.268078655 1.03708017
v 0.0297499988 -0.282795131 1.05748641
v 0.0297499988 -0.282797784 1.06116259
v 0.0297499988 -0.2734876 1.05734921
v 0.0297499988 -0.276681 1.054097
v 0.0297499988 -0.2846548 1.05416584
v 0.0297499988 -0.2771011 1.050339
v 0.0297499988 -0.304552853 1.05455339
v 0.0297499988 -0.307357967 1.05708945
v 0.0297499988 -0.298294 1.0614506
v 0.0297499988 -0.298067033 1.05702245
v 0.0297499988 -0.3038133 1.05074215
v 0.0297499988 -0.2960582 1.05394328
v 0.0297499988 -0.313075244 1.04534113
v 0.0297499988 -0.316464216 1.03922689
v 0.0297499988 -0.3163272 1.04853439
v 0.0297499988 -0.313143879 1.03736722
v 0.0297499988 -0.309317023 1.0449208
v 0.0297499988 -0.316000223 1.02395487
v 0.0297499988 -0.312921345 1.02596366
v 0.0297499988 -0.309720159 1.01820862
v 0.0297499988 -0.3204286 1.02372789
v 0.0297499988 -0.313531756 1.01746893
v 0.0297499988 -0.316067517 1.01466393
v 0.0297499988 -0.296345174 1.00887811
v 0.0227499958 -0.3038133 1.0123018
v 0.0227499958 -0.2960582 1.00910068
v 0.0297499988 -0.3038989 1.01270485
v 0.0297499988 -0.267856121 1.02567673
v 0.0227499958 -0.271279842 1.01820862
v 0.0227499958 -0.268078655 1.02596366
v 0.0297499988 -0.271682978 1.018123
v 0.0297499988 -0.2712798 1.04483533
v 0.0227499958 -0.267856121 1.03736722
v 0.0227499958 -0.271682978 1.0449208
v 0.0297499988 -0.268078655 1.03708017
v 0.0297499988 -0.2846548 1.05416584
v 0.0227499958 -0.277186662 1.05074215
v 0.0227499958 -0.284941763 1.05394328
v 0.0297499988 -0.2771011 1.050339
v 0.0297499988 -0.3038133 1.05074215
v 0.0227499958 -0.296345234 1.05416584
v 0.0227499958 -0.3038989 1.050339
v 0.0297499988 -0.2960582 1.05394328
v 0.0297499988 -0.313143879 1.03736722
v 0.0227499958 -0.309720159 1.04483533
v 0.0227499958 -0.312921345 1.03708017
v 0.0297499988 -0.309317023 1.0449208
v 0.0297499988 -0.309720159 1.01820862
v 0.0227499958 -0.3131439 1.02567685
v 0.0227499958 -0.309317023 1.018123
v 0.0297499988 -0.312921345 1.02596366
v 0.0307999961 -0.3089896 1.042197
v 0.0307999961 -0.311849982 1.03152192
v 0.0307999961 -0.30835 1.03152192
v 0.0307999961 -0.3089896 1.020847
v 0.0307999961 -0.305516362 1.04117239
v 0.0307999961 -0.305516362 1.02187145
v 0.0307999961 -0.301175 1.05001163
v 0.0307999961 -0.301175 1.01303232
v 0.0307999961 -0.297915131 1.04775882
v 0.0307999961 -0.297915131 1.015285
v 0.0307999961 -0.2905 1.05287182
v 0.0307999961 -0.2905 1.010172
v 0.0307999961 -0.287959665 1.04919016
v 0.0307999961 -0.287959665 1.01385367
v 0.0307999961 -0.279824972 1.05001163
v 0.0307999961 -0.279824972 1.01303232
v 0.0307999961 -0.2788107 1.045012
v 0.0307999961 -0.2788107 1.01803184
v 0.0307999961 -0.272010356 1.042197
v 0.0307999961 -0.272010356 1.020847
v 0.0307999961 -0.273373038 1.03655088
v 0.0307999961 -0.273373038 1.02649307
v 0.0307999961 -0.26915 1.03152192
v 0.0227499958 -0.287818819 1.06177175
v 0.0227497239 -0.287001133 1.05840576
v 0.0347784869 -0.287289828 1.06144881
v 0.0227497239 -0.287001133 1.05840576
v 0.0348196 -0.286780745 1.05893624
v 0.0347784869 -0.287289828 1.06144881
v 0.0227497239 -0.287001133 1.05840576
v 0.0347784646 -0.288044959 1.05669522
v 0.0227496773 -0.290991873 1.05588233
v 0.0347784646 -0.288044959 1.05669522
v 0.0227496773 -0.290991873 1.05588233
v 0.03471314 -0.29044506 1.05581164
v 0.0227496773 -0.290991873 1.05588233
v 0.03477849 -0.2928576 1.05661333
v 0.0227497239 -0.2941697 1.05937433
v 0.03477849 -0.2928576 1.05661333
v 0.0348196 -0.294195265 1.05880022
v 0.0227497239 -0.2941697 1.05937433
v 0.0347131155 -0.2937406 1.0613296
v 0.0348196 -0.294195265 1.05880022
v 0.0227496773 -0.2912826 1.06311035
v 0.0227499958 -0.287818819 1.06177175
v 0.0347130932 -0.28928256 1.06302726
v 0.0227499958 -0.287818819 1.06177175
v 0.0347784869 -0.287289828 1.06144881
v 0.0347130932 -0.28928256 1.06302726
v 0.0227496773 -0.2912826 1.06311035
v 0.0347784758 -0.2918402 1.063018
v 0.0227496773 -0.2912826 1.06311035
v 0.0347131155 -0.2937406 1.0613296
v 0.0227497239 -0.2941697 1.05937433
v 0.0227498189 -0.319759727 1.03498316
v 0.0348173752 -0.3172141 1.03505468
v 0.0347103365 -0.3197675 1.03500426
v 0.0227497928 -0.31531018 1.0333637
v 0.0348173752 -0.3172141 1.03505468
v 0.0347759835 -0.315262228 1.03339124
v 0.0348173752 -0.3172141 1.03505468
v 0.0227497928 -0.31531018 1.0333637
v 0.0347103365 -0.314850539 1.03087842
v 0.0227498189 -0.3161323 1.02870047
v 0.0347759873 -0.3160968 1.02865791
v 0.0227498189 -0.3161323 1.02870047
v 0.0348173976 -0.3184999 1.02776241
v 0.0227497928 -0.320867717 1.02870047
v 0.03477599 -0.3209032 1.028658
v 0.0227497928 -0.320867717 1.02870047
v 0.0347103477 -0.3221495 1.03087842
v 0.0227499958 -0.32194683 1.03212976
v 0.0347759835 -0.3217378 1.03339124
v 0.0227498189 -0.319759727 1.03498316
v 0.0347103365 -0.3197675 1.03500426
v 0.0227497928 -0.320867717 1.02870047
v 0.0227499958 -0.32194683 1.03212976
v 0.0347103477 -0.3221495 1.03087842
v 0.0227499958 -0.32194683 1.03212976
v 0.0227498189 -0.319759727 1.03498316
v 0.0347759835 -0.3217378 1.03339124
v 0.0227497239 -0.287593871 1.00576758
v 0.0227499958 -0.287211061 1.00232482
v 0.0348196 -0.2868047 1.00280035
v 0.0227499958 -0.287211061 1.00232482
v 0.02274961 -0.290008336 0.99988246
v 0.0347131 -0.2881572 1.00064445
v 0.0227499958 -0.259222358 1.0299325
v 0.0227499958 -0.2625 1.02802193
v 0.0347209424 -0.260031432 1.02873385
v 0.0227499958 -0.2625 1.02802193
v 0.034853328 -0.262369931 1.02772915
v 0.0347209424 -0.260031432 1.02873385
v 0.0227499958 -0.2625 1.02802193
v 0.0227499958 -0.265515417 1.02947819
v 0.034853328 -0.262369931 1.02772915
v 0.0227499958 -0.265515417 1.02947819
v 0.0347854942 -0.26482746 1.02857077
v 0.034853328 -0.262369931 1.02772915
v 0.0227499958 -0.265515417 1.02947819
v 0.0347209871 -0.266148955 1.03077817
v 0.0347854942 -0.26482746 1.02857077
v 0.0227499958 -0.2655311 1.03327191
v 0.0347854756 -0.2658105 1.03330159
v 0.0227499958 -0.265515417 1.02947819
v 0.0227499958 -0.2655311 1.03327191
v 0.0347209871 -0.266148955 1.03077817
v 0.0227499958 -0.2655311 1.03327191
v 0.0227499958 -0.262762249 1.03515518
v 0.0347854756 -0.2658105 1.03330159
v 0.0227499958 -0.262762249 1.03515518
v 0.0347854532 -0.263892084 1.0350132
v 0.0347854756 -0.2658105 1.03330159
v 0.0227499958 -0.262762249 1.03515518
v 0.0347854532 -0.26132223 1.035091
v 0.0347854532 -0.263892084 1.0350132
v 0.0227499958 -0.259468883 1.03327191
v 0.0347209647 -0.259325534 1.033469
v 0.0227499958 -0.259222358 1.0299325
v 0.03478548 -0.2587805 1.0309819
v 0.0227499958 -0.262762249 1.03515518
v 0.0227499958 -0.259468883 1.03327191
v 0.0347854532 -0.26132223 1.035091
v 0.0227499958 -0.259468883 1.03327191
v 0.0227499958 -0.259222358 1.0299325
v 0.0347209647 -0.259325534 1.033469
v 0.0227499958 -0.259222358 1.0299325
v 0.0347209424 -0.260031432 1.02873385
v 0.03478548 -0.2587805 1.0309819
v 0.0227497239 -0.2939989 1.00240564
v 0.03477849 -0.293710172 1.00544894
v 0.0347784944 -0.294197679 1.00293458
v 0.0227496773 -0.2922069 1.00677383
v 0.03477847 -0.291720659 1.00706136
v 0.03477849 -0.293710172 1.00544894
v 0.0227496773 -0.2922069 1.00677383
v 0.0347784646 -0.2891598 1.007018
v 0.0227497239 -0.287593871 1.00576758
v 0.0347784869 -0.2872262 1.00533867
v 0.0227497239 -0.287593871 1.00576758
v 0.0348196 -0.2868047 1.00280035
v 0.0227499958 -0.287211061 1.00232482
v 0.0347131 -0.2881572 1.00064445
v 0.02274961 -0.290008336 0.99988246
v 0.034778513 -0.2905635 0.9997784
v 0.02274961 -0.290008336 0.99988246
v 0.0347131267 -0.292927 1.000715
v 0.0227497239 -0.2939989 1.00240564
v 0.0347784944 -0.294197679 1.00293458
v 0.034299992 -0.3032514 1.03686345
v 0.03420564 -0.306091428 1.03893471
v 0.034108635 -0.307714581 1.02886128
v 0.034299992 -0.297728866 1.04340613
v 0.03371682 -0.2929983 1.04427075
v 0.034299992 -0.2950863 1.04786563
v 0.0341086276 -0.2732854 1.02886128
v 0.03420564 -0.2749086 1.03893471
v 0.034299992 -0.277748585 1.03686345
v 0.0384999961 -0.28801924 1.044747
v 0.0384999961 -0.283271134 1.04340613
v 0.034299992 -0.287551522 1.04502881
v 0.0384999961 -0.283271134 1.04340613
v 0.034299992 -0.282775879 1.04309034
v 0.034299992 -0.287551522 1.04502881
v 0.03371682 -0.2929983 1.04427075
v 0.034299992 -0.297728866 1.04340613
v 0.0384999961 -0.2930195 1.04491353
v 0.034299992 -0.297728866 1.04340613
v 0.0384999961 -0.2982241 1.04309034
v 0.0384999961 -0.2930195 1.04491353
v 0.0384999961 -0.279498339 1.03989422
v 0.0384999961 -0.279573649 1.03799748
v 0.034299992 -0.279498339 1.03989422
v 0.0384999961 -0.279573649 1.03799748
v 0.034299992 -0.27942878 1.03774667
v 0.034299992 -0.279498339 1.03989422
v 0.0384999961 -0.279573649 1.03799748
v 0.0384999961 -0.277748585 1.03686345
v 0.034299992 -0.27942878 1.03774667
v 0.0384999961 -0.277748585 1.03686345
v 0.034299992 -0.277748585 1.03686345
v 0.034299992 -0.27942878 1.03774667
v 0.0383775234 -0.284062356 1.03858042
v 0.0384999961 -0.283271134 1.04340613
v 0.0383009538 -0.288208783 1.04058528
v 0.0384999961 -0.283271134 1.04340613
v 0.0384999961 -0.28801924 1.044747
v 0.0383009538 -0.288208783 1.04058528
v 0.0383718275 -0.2816022 1.035003
v 0.0384999961 -0.2767028 1.03064537
v 0.0384999961 -0.277748585 1.03686345
v 0.0383718275 -0.2816022 1.035003
v 0.0384999961 -0.2816712 1.02768874
v 0.0384999961 -0.2767028 1.03064537
v 0.0384999961 -0.2993288 1.02768874
v 0.0383718424 -0.2993978 1.035003
v 0.0384999961 -0.304297179 1.03064537
v 0.0383718424 -0.2993978 1.035003
v 0.0384999961 -0.3032514 1.03686345
v 0.0384999961 -0.304297179 1.03064537
v 0.0384999961 -0.301501632 1.03989422
v 0.0383732729 -0.296973735 1.03854191
v 0.0384999961 -0.2982241 1.04309034
v 0.0383732729 -0.296973735 1.03854191
v 0.0384999961 -0.30157122 1.03774667
v 0.0383718424 -0.2993978 1.035003
v 0.0384999961 -0.3032514 1.03686345
v 0.0383732729 -0.296973735 1.03854191
v 0.03829686 -0.2927907 1.04058123
v 0.0384999961 -0.2982241 1.04309034
v 0.03829686 -0.2927907 1.04058123
v 0.0384999961 -0.2930195 1.04491353
v 0.0384999961 -0.2982241 1.04309034
v 0.0383009538 -0.288208783 1.04058528
v 0.0384999961 -0.28801924 1.044747
v 0.0339061059 -0.2882249 1.04386246
v 0.0339061059 -0.2882249 1.04386246
v 0.0297658537 -0.286490142 1.04667568
v 0.0383009538 -0.288208783 1.04058528
v 0.0297658537 -0.286490142 1.04667568
v 0.0383775234 -0.284062356 1.03858042
v 0.0383009538 -0.288208783 1.04058528
v 0.0297658537 -0.286490142 1.04667568
v 0.0280861016 -0.284045845 1.047177
v 0.0383775234 -0.284062356 1.03858042
v 0.0280861016 -0.284045845 1.047177
v 0.0279460531 -0.27703914 1.04263639
v 0.0383775234 -0.284062356 1.03858042
v 0.0279460531 -0.27703914 1.04263639
v 0.0383718275 -0.2816022 1.035003
v 0.0383775234 -0.284062356 1.03858042
v 0.034299992 -0.287551522 1.04502881
v 0.0339061059 -0.2882249 1.04386246
v 0.0384999961 -0.28801924 1.044747
v 0.034299992 -0.285913676 1.04786563
v 0.0297658537 -0.286490142 1.04667568
v 0.0307999961 -0.285552919 1.04849052
v 0.0310051125 -0.285050243 1.04936111
v 0.034299992 -0.287551522 1.04502881
v 0.0297658537 -0.286490142 1.04667568
v 0.0339061059 -0.2882249 1.04386246
v 0.034299992 -0.285913676 1.04786563
v 0.0307999961 -0.285552919 1.04849052
v 0.0297658537 -0.286490142 1.04667568
v 0.03182544 -0.281432837 1.04776406
v 0.034299992 -0.285913676 1.04786563
v 0.034299992 -0.2793733 1.04434168
v 0.03182544 -0.281432837 1.04776406
v 0.0310051125 -0.285050243 1.04936111
v 0.034299992 -0.285913676 1.04786563
v 0.03420564 -0.2749086 1.03893471
v 0.0341086276 -0.2732854 1.02886128
v 0.03321111 -0.273093522 1.03459108
v 0.034299992 -0.280067563 1.018131
v 0.034299992 -0.286785334 1.01495826
v 0.0309781916 -0.283652067 1.014128
v 0.034299992 -0.286785334 1.01495826
v 0.0309773 -0.2905 1.01282966
v 0.0309781916 -0.283652067 1.014128
v 0.034299992 -0.286785334 1.01495826
v 0.034299992 -0.294214666 1.01495826
v 0.0309773 -0.2905 1.01282966
v 0.034299992 -0.294214666 1.01495826
v 0.0309781916 -0.297347933 1.014128
v 0.0309773 -0.2905 1.01282966
v 0.034299992 -0.294214666 1.01495826
v 0.034299992 -0.300932437 1.018131
v 0.0309781916 -0.297347933 1.014128
v 0.034108635 -0.307714581 1.02886128
v 0.03420564 -0.306091428 1.03893471
v 0.03321111 -0.307906479 1.03459108
v 0.034299992 -0.301626682 1.04434168
v 0.034299992 -0.2950863 1.04786563
v 0.0310163479 -0.299716562 1.047825
v 0.034299992 -0.2950863 1.04786563
v 0.0310051125 -0.295949757 1.04936111
v 0.0310163479 -0.299716562 1.047825
v 0.0307999961 -0.305806965 1.0403595
v 0.0279460531 -0.3039609 1.04263639
v 0.0202999953 -0.3040951 1.042817
v 0.0237999931 -0.2933 1.01407015
v 0.0238018129 -0.287769735 1.01393211
v 0.0307999961 -0.29417485 1.01423311
v 0.0238018129 -0.287769735 1.01393211
v 0.0307999961 -0.28682512 1.01423311
v 0.0307999961 -0.29417485 1.01423311
v 0.0238018129 -0.287769735 1.01393211
v 0.02059853 -0.287383944 1.01411307
v 0.0307999961 -0.28682512 1.01423311
v 0.0307999961 -0.275192976 1.02268445
v 0.0341086276 -0.2732854 1.02886128
v 0.0341469161 -0.275025 1.0238564
v 0.03420564 -0.2749086 1.03893471
v 0.03321111 -0.273093522 1.03459108
v 0.0307999961 -0.275192976 1.0403595
v 0.0308009256 -0.279732317 1.04571664
v 0.0307999961 -0.275192976 1.0403595
v 0.0279460531 -0.27703914 1.04263639
v 0.0307999961 -0.275192976 1.0403595
v 0.0202999953 -0.276904881 1.042817
v 0.0279460531 -0.27703914 1.04263639
v 0.0279460531 -0.27703914 1.04263639
v 0.0279982444 -0.279638916 1.04550219
v 0.0308009256 -0.279732317 1.04571664
v 0.0279982444 -0.279638916 1.04550219
v 0.0284217037 -0.284595 1.048226
v 0.0308009256 -0.279732317 1.04571664
v 0.0284217037 -0.284595 1.048226
v 0.0307999961 -0.285552919 1.04849052
v 0.0308009256 -0.279732317 1.04571664
v 0.0307999961 -0.305806965 1.0403595
v 0.0308016557 -0.301131248 1.045844
v 0.0279460531 -0.3039609 1.04263639
v 0.0308016557 -0.301131248 1.045844
v 0.0279982444 -0.301361084 1.04550219
v 0.0279460531 -0.3039609 1.04263639
v 0.0308016557 -0.301131248 1.045844
v 0.0284215938 -0.29640463 1.04822624
v 0.0279982444 -0.301361084 1.04550219
v 0.0308016557 -0.301131248 1.045844
v 0.0307999961 -0.295447052 1.04849052
v 0.0284215938 -0.29640463 1.04822624
v 0.0307999961 -0.305806965 1.0403595
v 0.03321111 -0.307906479 1.03459108
v 0.03420564 -0.306091428 1.03893471
v 0.034108635 -0.307714581 1.02886128
v 0.0307999961 -0.305806965 1.02268445
v 0.03414872 -0.305941224 1.0237782
v 0.0307999961 -0.275192976 1.02268445
v 0.0310836267 -0.2779402 1.01767993
v 0.0307999961 -0.280110866 1.01722264
v 0.0310836267 -0.2779402 1.01767993
v 0.0309781916 -0.283652067 1.014128
v 0.0307999961 -0.280110866 1.01722264
v 0.0309781916 -0.283652067 1.014128
v 0.0307999961 -0.28682512 1.01423311
v 0.0307999961 -0.280110866 1.01722264
v 0.0309781916 -0.283652067 1.014128
v 0.0309773 -0.2905 1.01282966
v 0.0307999961 -0.28682512 1.01423311
v 0.0309773 -0.2905 1.01282966
v 0.0307999961 -0.29417485 1.01423311
v 0.0307999961 -0.28682512 1.01423311
v 0.0309773 -0.2905 1.01282966
v 0.0309781916 -0.297347933 1.014128
v 0.0307999961 -0.29417485 1.01423311
v 0.0309781916 -0.297347933 1.014128
v 0.0307999961 -0.3008891 1.01722264
v 0.0307999961 -0.29417485 1.01423311
v 0.0309781916 -0.297347933 1.014128
v 0.0309970975 -0.302989483 1.01765442
v 0.0307999961 -0.3008891 1.01722264
v 0.0309970975 -0.302989483 1.01765442
v 0.0307999961 -0.305806965 1.02268445
v 0.0307999961 -0.3008891 1.01722264
v 0.0310051125 -0.285050243 1.04936111
v 0.0308529269 -0.2785687 1.04604065
v 0.0307999961 -0.285552919 1.04849052
v 0.0307999961 -0.305806965 1.0403595
v 0.0309401024 -0.3029337 1.045472
v 0.0308016557 -0.301131248 1.045844
v 0.0310163479 -0.299716562 1.047825
v 0.0310051125 -0.295949757 1.04936111
v 0.0307999961 -0.295447052 1.04849052
v 0.0310163479 -0.299716562 1.047825
v 0.0308016557 -0.301131248 1.045844
v 0.0309401024 -0.3029337 1.045472
v 0.0307999961 -0.275192976 1.02268445
v 0.0341469161 -0.275025 1.0238564
v 0.0310836267 -0.2779402 1.01767993
v 0.0308529269 -0.2785687 1.04604065
v 0.0310051125 -0.285050243 1.04936111
v 0.03182544 -0.281432837 1.04776406
v 0.0309970975 -0.302989483 1.01765442
v 0.03414872 -0.305941224 1.0237782
v 0.0307999961 -0.305806965 1.02268445
v 0.0308529269 -0.2785687 1.04604065
v 0.03420564 -0.2749086 1.03893471
v 0.0307999961 -0.275192976 1.0403595
v 0.0307999961 -0.305806965 1.0403595
v 0.03420564 -0.306091428 1.03893471
v 0.0309401024 -0.3029337 1.045472
v 0.034299992 -0.2950863 1.04786563
v 0.03371682 -0.2929983 1.04427075
v 0.0298010372 -0.294468224 1.04665172
v 0.0310051125 -0.295949757 1.04936111
v 0.034299992 -0.2950863 1.04786563
v 0.0307999961 -0.295447052 1.04849052
v 0.034299992 -0.2950863 1.04786563
v 0.0298010372 -0.294468224 1.04665172
v 0.0307999961 -0.295447052 1.04849052
v 0.03371682 -0.2929983 1.04427075
v 0.0384999961 -0.2930195 1.04491353
v 0.03829686 -0.2927907 1.04058123
v 0.0298010372 -0.294468224 1.04665172
v 0.03371682 -0.2929983 1.04427075
v 0.03829686 -0.2927907 1.04058123
v 0.0298010372 -0.294468224 1.04665172
v 0.03829686 -0.2927907 1.04058123
v 0.02808592 -0.296952546 1.04717243
v 0.03829686 -0.2927907 1.04058123
v 0.0383732729 -0.296973735 1.03854191
v 0.02808592 -0.296952546 1.04717243
v 0.0383732729 -0.296973735 1.03854191
v 0.0279460531 -0.3039609 1.04263639
v 0.02808592 -0.296952546 1.04717243
v 0.0383732729 -0.296973735 1.03854191
v 0.0383718424 -0.2993978 1.035003
v 0.0279460531 -0.3039609 1.04263639
v 0.0265999977 -0.2816661 1.03534341
v 0.0265980382 -0.281528354 1.02957666
v 0.0383718275 -0.2816022 1.035003
v 0.0265980382 -0.281528354 1.02957666
v 0.0384999961 -0.2816712 1.02768874
v 0.0383718275 -0.2816022 1.035003
v 0.0265980382 -0.281528354 1.02957666
v 0.0265979543 -0.283988476 1.02505207
v 0.0384999961 -0.2816712 1.02768874
v 0.0265978817 -0.28849718 1.02256477
v 0.0384999961 -0.285220474 1.0234741
v 0.0265978128 -0.293635041 1.02289677
v 0.0384999961 -0.2905 1.02189684
v 0.0265977029 -0.2976986 1.02586591
v 0.0384999961 -0.2957795 1.0234741
v 0.0265979543 -0.283988476 1.02505207
v 0.0384999961 -0.285220474 1.0234741
v 0.0384999961 -0.2816712 1.02768874
v 0.0265978817 -0.28849718 1.02256477
v 0.0384999961 -0.2905 1.02189684
v 0.0265978128 -0.293635041 1.02289677
v 0.0384999961 -0.2957795 1.0234741
v 0.0265977029 -0.2976986 1.02586591
v 0.0384999961 -0.2993288 1.02768874
v 0.0265984237 -0.299708545 1.030287
v 0.0265984237 -0.299708545 1.030287
v 0.0383718424 -0.2993978 1.035003
v 0.0384999961 -0.2993288 1.02768874
v 0.0265984237 -0.299708545 1.030287
v 0.0265987981 -0.2991291 1.03510916
v 0.0383718424 -0.2993978 1.035003
v 0.0284217037 -0.284595 1.048226
v 0.0279982444 -0.279638916 1.04550219
v 0.0280861016 -0.284045845 1.047177
v 0.0279982444 -0.279638916 1.04550219
v 0.0279460531 -0.27703914 1.04263639
v 0.0280861016 -0.284045845 1.047177
v 0.0284215938 -0.29640463 1.04822624
v 0.02808592 -0.296952546 1.04717243
v 0.0279982444 -0.301361084 1.04550219
v 0.02808592 -0.296952546 1.04717243
v 0.0279460531 -0.3039609 1.04263639
v 0.0279982444 -0.301361084 1.04550219
v 0.0307999961 -0.285552919 1.04849052
v 0.0284217037 -0.284595 1.048226
v 0.0297658537 -0.286490142 1.04667568
v 0.0284217037 -0.284595 1.048226
v 0.0280861016 -0.284045845 1.047177
v 0.0297658537 -0.286490142 1.04667568
v 0.0307999961 -0.295447052 1.04849052
v 0.0298010372 -0.294468224 1.04665172
v 0.0284215938 -0.29640463 1.04822624
v 0.0298010372 -0.294468224 1.04665172
v 0.02808592 -0.296952546 1.04717243
v 0.0284215938 -0.29640463 1.04822624
v 0.0265987981 -0.2991291 1.03510916
v 0.0265999977 -0.295784831 1.03956616
v 0.0202999953 -0.29933387 1.03534341
v 0.0265999977 -0.2905 1.04114687
v 0.0266000032 -0.285312116 1.03908253
v 0.0202999953 -0.2905 1.04114687
v 0.0266000032 -0.285312116 1.03908253
v 0.0202999953 -0.285215139 1.03956616
v 0.0202999953 -0.2905 1.04114687
v 0.0266000032 -0.285312116 1.03908253
v 0.0265999977 -0.2816661 1.03534341
v 0.0202999953 -0.285215139 1.03956616
v 0.0265999977 -0.2816661 1.03534341
v 0.0202999953 -0.2816661 1.03534341
v 0.0202999953 -0.285215139 1.03956616
v 0.0206855033 -0.293504238 1.01408982
v 0.0202999953 -0.3006584 1.01705778
v 0.0204674061 -0.293680429 1.02199829
v 0.0202999953 -0.2816661 1.03534341
v 0.0207447875 -0.2860571 1.03317153
v 0.020543091 -0.288105041 1.03559721
v 0.0202999953 -0.2816661 1.03534341
v 0.0205377359 -0.286028475 1.02998435
v 0.0207447875 -0.2860571 1.03317153
v 0.0205409732 -0.2941602 1.02852988
v 0.0206020828 -0.2913341 1.0268569
v 0.0204674061 -0.293680429 1.02199829
v 0.0252 -0.29786095 1.02679133
v 0.02064584 -0.295212328 1.03152192
v 0.0252 -0.299249977 1.03152192
v 0.02064584 -0.295212328 1.03152192
v 0.0252 -0.29786095 1.03625262
v 0.0252 -0.299249977 1.03152192
v 0.02064584 -0.295212328 1.03152192
v 0.0205984637 -0.294166744 1.03452528
v 0.0252 -0.29786095 1.03625262
v 0.0205984637 -0.294166744 1.03452528
v 0.0252 -0.294134855 1.03948116
v 0.0252 -0.29786095 1.03625262
v 0.0205984637 -0.294166744 1.03452528
v 0.020602094 -0.291334063 1.036187
v 0.0252 -0.294134855 1.03948116
v 0.020602094 -0.291334063 1.036187
v 0.0252 -0.289254725 1.040183
v 0.0252 -0.294134855 1.03948116
v 0.020602094 -0.291334063 1.036187
v 0.020543091 -0.288105041 1.03559721
v 0.0252 -0.289254725 1.040183
v 0.020543091 -0.288105041 1.03559721
v 0.0252 -0.284769952 1.03813469
v 0.0252 -0.289254725 1.040183
v 0.020543091 -0.288105041 1.03559721
v 0.0207447875 -0.2860571 1.03317153
v 0.0252 -0.284769952 1.03813469
v 0.0207447875 -0.2860571 1.03317153
v 0.0262997113 -0.2819477 1.03403068
v 0.0252 -0.284769952 1.03813469
v 0.0207447875 -0.2860571 1.03317153
v 0.0252 -0.2821044 1.02905679
v 0.0262997113 -0.2819477 1.03403068
v 0.0207447875 -0.2860571 1.03317153
v 0.0205377359 -0.286028475 1.02998435
v 0.0252 -0.2821044 1.02905679
v 0.0205377359 -0.286028475 1.02998435
v 0.0252 -0.284769952 1.024909
v 0.0252 -0.2821044 1.02905679
v 0.0205377359 -0.286028475 1.02998435
v 0.0206008945 -0.288101077 1.02743459
v 0.0252 -0.284769952 1.024909
v 0.0206008945 -0.288101077 1.02743459
v 0.0252 -0.289254725 1.02286088
v 0.0252 -0.284769952 1.024909
v 0.0206008945 -0.288101077 1.02743459
v 0.0206020828 -0.2913341 1.0268569
v 0.0252 -0.289254725 1.02286088
v 0.0206020828 -0.2913341 1.0268569
v 0.0252 -0.294134855 1.02356267
v 0.0252 -0.289254725 1.02286088
v 0.0206020828 -0.2913341 1.0268569
v 0.0205409732 -0.2941602 1.02852988
v 0.0252 -0.294134855 1.02356267
v 0.0205409732 -0.2941602 1.02852988
v 0.0252 -0.29786095 1.02679133
v 0.0252 -0.294134855 1.02356267
v 0.0205409732 -0.2941602 1.02852988
v 0.02064584 -0.295212328 1.03152192
v 0.0252 -0.29786095 1.02679133
v 0.0265987981 -0.2991291 1.03510916
v 0.0265984237 -0.299708545 1.030287
v 0.0252 -0.29786095 1.03625262
v 0.0265984237 -0.299708545 1.030287
v 0.0252 -0.299249977 1.03152192
v 0.0252 -0.29786095 1.03625262
v 0.0265984237 -0.299708545 1.030287
v 0.0265977029 -0.2976986 1.02586591
v 0.0252 -0.299249977 1.03152192
v 0.0265977029 -0.2976986 1.02586591
v 0.0252 -0.29786095 1.02679133
v 0.0252 -0.299249977 1.03152192
v 0.0265977029 -0.2976986 1.02586591
v 0.0252 -0.294134855 1.02356267
v 0.0252 -0.29786095 1.02679133
v 0.0265987981 -0.2991291 1.03510916
v 0.0252 -0.29786095 1.03625262
v 0.0265999977 -0.294134855 1.03948116
v 0.0252 -0.289254725 1.040183
v 0.0266000032 -0.285312116 1.03908253
v 0.0265999977 -0.289254725 1.040183
v 0.0252 -0.289254725 1.040183
v 0.0252 -0.284769952 1.03813469
v 0.0266000032 -0.285312116 1.03908253
v 0.0252 -0.284769952 1.03813469
v 0.0262997113 -0.2819477 1.03403068
v 0.0266000032 -0.285312116 1.03908253
v 0.0262997113 -0.2819477 1.03403068
v 0.0252 -0.2821044 1.02905679
v 0.0265980382 -0.281528354 1.02957666
v 0.0252 -0.2821044 1.02905679
v 0.0265979543 -0.283988476 1.02505207
v 0.0265980382 -0.281528354 1.02957666
v 0.0252 -0.2821044 1.02905679
v 0.0252 -0.284769952 1.024909
v 0.0265979543 -0.283988476 1.02505207
v 0.0252 -0.284769952 1.024909
v 0.0265978817 -0.28849718 1.02256477
v 0.0265979543 -0.283988476 1.02505207
v 0.0252 -0.284769952 1.024909
v 0.0252 -0.289254725 1.02286088
v 0.0265978817 -0.28849718 1.02256477
v 0.0252 -0.289254725 1.02286088
v 0.0265978128 -0.293635041 1.02289677
v 0.0265978817 -0.28849718 1.02256477
v 0.0252 -0.289254725 1.02286088
v 0.0252 -0.294134855 1.02356267
v 0.0265978128 -0.293635041 1.02289677
v 0.0252 -0.294134855 1.02356267
v 0.0265977029 -0.2976986 1.02586591
v 0.0265978128 -0.293635041 1.02289677
v 0.0265980382 -0.281528354 1.02957666
v 0.0265999977 -0.2816661 1.03534341
v 0.0262997113 -0.2819477 1.03403068
v 0.0265999977 -0.2816661 1.03534341
v 0.0266000032 -0.285312116 1.03908253
v 0.0262997113 -0.2819477 1.03403068
v 0.0204674061 -0.293680429 1.02199829
v 0.0237999931 -0.2933 1.02177012
v 0.0206855033 -0.293504238 1.01408982
v 0.0237999931 -0.2933 1.02177012
v 0.0237999931 -0.2933 1.01407015
v 0.0206855033 -0.293504238 1.01408982
v 0.034299992 -0.301501632 1.03989422
v 0.034299992 -0.301426321 1.03799748
v 0.0384999961 -0.301501632 1.03989422
v 0.034299992 -0.301426321 1.03799748
v 0.0384999961 -0.30157122 1.03774667
v 0.0384999961 -0.301501632 1.03989422
v 0.034299992 -0.301426321 1.03799748
v 0.034299992 -0.3032514 1.03686345
v 0.0384999961 -0.30157122 1.03774667
v 0.034299992 -0.3032514 1.03686345
v 0.0384999961 -0.3032514 1.03686345
v 0.0384999961 -0.30157122 1.03774667
v 0.034299992 -0.292249769 1.0178082
v 0.034299992 -0.290644884 1.01882148
v 0.0384999961 -0.292249769 1.0178082
v 0.034299992 -0.290644884 1.01882148
v 0.0384999961 -0.290355057 1.01882148
v 0.0384999961 -0.292249769 1.0178082
v 0.034299992 -0.290644884 1.01882148
v 0.034299992 -0.288750231 1.0178082
v 0.0384999961 -0.290355057 1.01882148
v 0.034299992 -0.288750231 1.0178082
v 0.0384999961 -0.288750231 1.0178082
v 0.0384999961 -0.290355057 1.01882148
v 0.034299992 -0.304297179 1.03064537
v 0.034299992 -0.3032514 1.03686345
v 0.034108635 -0.307714581 1.02886128
v 0.03414872 -0.305941224 1.0237782
v 0.034299992 -0.3032514 1.03686345
v 0.034299992 -0.301426321 1.03799748
v 0.03420564 -0.306091428 1.03893471
v 0.034299992 -0.301501632 1.03989422
v 0.034299992 -0.301626682 1.04434168
v 0.034299992 -0.301501632 1.03989422
v 0.034299992 -0.297728866 1.04340613
v 0.034299992 -0.301626682 1.04434168
v 0.034299992 -0.2950863 1.04786563
v 0.03414872 -0.305941224 1.0237782
v 0.034299992 -0.3024728 1.02460945
v 0.034299992 -0.304297179 1.03064537
v 0.034299992 -0.300932437 1.018131
v 0.034299992 -0.300932437 1.018131
v 0.034299992 -0.298157781 1.02001154
v 0.034299992 -0.294214666 1.01495826
v 0.034299992 -0.292249769 1.0178082
v 0.034299992 -0.288750231 1.0178082
v 0.034299992 -0.290644884 1.01882148
v 0.034299992 -0.286785334 1.01495826
v 0.034299992 -0.2828422 1.02001154
v 0.034299992 -0.280067563 1.018131
v 0.034299992 -0.2785272 1.02460945
v 0.0341469161 -0.275025 1.0238564
v 0.034299992 -0.2767028 1.03064537
v 0.0341469161 -0.275025 1.0238564
v 0.0341086276 -0.2732854 1.02886128
v 0.034299992 -0.2767028 1.03064537
v 0.034299992 -0.277748585 1.03686345
v 0.03420564 -0.2749086 1.03893471
v 0.034299992 -0.27942878 1.03774667
v 0.034299992 -0.277748585 1.03686345
v 0.034299992 -0.279498339 1.03989422
v 0.034299992 -0.2793733 1.04434168
v 0.034299992 -0.2793733 1.04434168
v 0.034299992 -0.282775879 1.04309034
v 0.034299992 -0.279498339 1.03989422
v 0.034299992 -0.285913676 1.04786563
v 0.034299992 -0.287551522 1.04502881
v 0.0384999961 -0.277748585 1.03686345
v 0.0384999961 -0.2767028 1.03064537
v 0.034299992 -0.277748585 1.03686345
v 0.034299992 -0.2767028 1.03064537
v 0.0384999961 -0.2785272 1.02460945
v 0.034299992 -0.2785272 1.02460945
v 0.0384999961 -0.2828422 1.02001154
v 0.034299992 -0.2828422 1.02001154
v 0.0384999961 -0.288750231 1.0178082
v 0.034299992 -0.288750231 1.0178082
v 0.034299992 -0.279498339 1.03989422
v 0.034299992 -0.282775879 1.04309034
v 0.0384999961 -0.279498339 1.03989422
v 0.0384999961 -0.283271134 1.04340613
v 0.0384999961 -0.292249769 1.0178082
v 0.0384999961 -0.298157781 1.02001154
v 0.034299992 -0.292249769 1.0178082
v 0.034299992 -0.298157781 1.02001154
v 0.0384999961 -0.3024728 1.02460945
v 0.034299992 -0.3024728 1.02460945
v 0.0384999961 -0.304297179 1.03064537
v 0.034299992 -0.304297179 1.03064537
v 0.0384999961 -0.3032514 1.03686345
v 0.034299992 -0.3032514 1.03686345
v 0.0384999961 -0.301501632 1.03989422
v 0.0384999961 -0.2982241 1.04309034
v 0.034299992 -0.301501632 1.03989422
v 0.034299992 -0.297728866 1.04340613
v 0.0383775234 -0.284062356 1.03858042
v 0.0384999961 -0.279498339 1.03989422
v 0.0384999961 -0.283271134 1.04340613
v 0.0384999961 -0.279573649 1.03799748
v 0.0383718275 -0.2816022 1.035003
v 0.0384999961 -0.277748585 1.03686345
v 0.0384999961 -0.2816712 1.02768874
v 0.0384999961 -0.2785272 1.02460945
v 0.0384999961 -0.2767028 1.03064537
v 0.0384999961 -0.285220474 1.0234741
v 0.0384999961 -0.2828422 1.02001154
v 0.0384999961 -0.288750231 1.0178082
v 0.0384999961 -0.290355057 1.01882148
v 0.0384999961 -0.2905 1.02189684
v 0.0384999961 -0.2957795 1.0234741
v 0.0384999961 -0.292249769 1.0178082
v 0.0384999961 -0.298157781 1.02001154
v 0.0384999961 -0.3024728 1.02460945
v 0.0384999961 -0.2993288 1.02768874
v 0.0384999961 -0.304297179 1.03064537
v 0.03420564 -0.2749086 1.03893471
v 0.0308529269 -0.2785687 1.04604065
v 0.034299992 -0.2793733 1.04434168
v 0.03182544 -0.281432837 1.04776406
v 0.0341469161 -0.275025 1.0238564
v 0.034299992 -0.280067563 1.018131
v 0.0310836267 -0.2779402 1.01767993
v 0.0309781916 -0.283652067 1.014128
v 0.034299992 -0.300932437 1.018131
v 0.0309970975 -0.302989483 1.01765442
v 0.0309781916 -0.297347933 1.014128
v 0.03414872 -0.305941224 1.0237782
v 0.034299992 -0.301626682 1.04434168
v 0.0309401024 -0.3029337 1.045472
v 0.03420564 -0.306091428 1.03893471
v 0.0310163479 -0.299716562 1.047825
v 0.0307999961 -0.305806965 1.02268445
v 0.034108635 -0.307714581 1.02886128
v 0.0202999953 -0.308019757 1.02918446
v 0.0202999953 -0.305609077 1.02235019
v 0.0307999961 -0.3008891 1.01722264
v 0.0202999953 -0.3006584 1.01705778
v 0.0307999961 -0.29417485 1.01423311
v 0.0206855033 -0.293504238 1.01408982
v 0.0237999931 -0.2933 1.01407015
v 0.034108635 -0.307714581 1.02886128
v 0.03321111 -0.307906479 1.03459108
v 0.0202999953 -0.307485133 1.03641176
v 0.0307999961 -0.305806965 1.0403595
v 0.0202999953 -0.3040951 1.042817
v 0.0307999961 -0.28682512 1.01423311
v 0.02059853 -0.287383944 1.01411307
v 0.0202999953 -0.280341566 1.01705778
v 0.0307999961 -0.280110866 1.01722264
v 0.0202999953 -0.2753909 1.02235019
v 0.0307999961 -0.275192976 1.02268445
v 0.0202999953 -0.272980243 1.02918446
v 0.0341086276 -0.2732854 1.02886128
v 0.03321111 -0.273093522 1.03459108
v 0.0341086276 -0.2732854 1.02886128
v 0.0202999953 -0.273514837 1.03641176
v 0.0307999961 -0.275192976 1.0403595
v 0.0202999953 -0.276904881 1.042817
v 0.0307999961 -0.275192976 1.0403595
v 0.0308009256 -0.279732317 1.04571664
v 0.0308529269 -0.2785687 1.04604065
v 0.0307999961 -0.285552919 1.04849052
v 0.0383718275 -0.2816022 1.035003
v 0.0279460531 -0.27703914 1.04263639
v 0.0265999977 -0.2816661 1.03534341
v 0.0202999953 -0.2816661 1.03534341
v 0.0202999953 -0.276904881 1.042817
v 0.0279460531 -0.3039609 1.04263639
v 0.0202999953 -0.29933387 1.03534341
v 0.0202999953 -0.3040951 1.042817
v 0.0265987981 -0.2991291 1.03510916
v 0.0383718424 -0.2993978 1.035003
v 0.0265999977 -0.295784831 1.03956616
v 0.0202999953 -0.295784831 1.03956616
v 0.0202999953 -0.29933387 1.03534341
v 0.0265999977 -0.2905 1.04114687
v 0.0202999953 -0.2905 1.04114687
v 0.0202999953 -0.3006584 1.01705778
v 0.0202999953 -0.305609077 1.02235019
v 0.0204674061 -0.293680429 1.02199829
v 0.0205409732 -0.2941602 1.02852988
v 0.0202999953 -0.305609077 1.02235019
v 0.0202999953 -0.308019757 1.02918446
v 0.0205409732 -0.2941602 1.02852988
v 0.02064584 -0.295212328 1.03152192
v 0.0202999953 -0.29933387 1.03534341
v 0.0202999953 -0.307485133 1.03641176
v 0.0202999953 -0.3040951 1.042817
v 0.0202999953 -0.308019757 1.02918446
v 0.0202999953 -0.29933387 1.03534341
v 0.02064584 -0.295212328 1.03152192
v 0.0205984637 -0.294166744 1.03452528
v 0.0202999953 -0.295784831 1.03956616
v 0.020602094 -0.291334063 1.036187
v 0.0202999953 -0.2905 1.04114687
v 0.0202999953 -0.2905 1.04114687
v 0.020543091 -0.288105041 1.03559721
v 0.020602094 -0.291334063 1.036187
v 0.0202999953 -0.285215139 1.03956616
v 0.0202999953 -0.2816661 1.03534341
v 0.0205377359 -0.286028475 1.02998435
v 0.0202999953 -0.272980243 1.02918446
v 0.0202999953 -0.2753909 1.02235019
v 0.0206008945 -0.288101077 1.02743459
v 0.0204784833 -0.287410259 1.022083
v 0.0202999953 -0.2816661 1.03534341
v 0.0202999953 -0.273514837 1.03641176
v 0.0202999953 -0.276904881 1.042817
v 0.0204784833 -0.287410259 1.022083
v 0.0202999953 -0.280341566 1.01705778
v 0.02059853 -0.287383944 1.01411307
v 0.0206020828 -0.2913341 1.0268569
v 0.0204674061 -0.293680429 1.02199829
v 0.0206008945 -0.288101077 1.02743459
v 0.0252 -0.29786095 1.03625262
v 0.0252 -0.294134855 1.03948116
v 0.0265999977 -0.294134855 1.03948116
v 0.0265999977 -0.289254725 1.040183
v 0.0252 -0.289254725 1.040183
v 0.0266000032 -0.285312116 1.03908253
v 0.0265999977 -0.2905 1.04114687
v 0.0265999977 -0.289254725 1.040183
v 0.0265999977 -0.294134855 1.03948116
v 0.0265999977 -0.295784831 1.03956616
v 0.0265987981 -0.2991291 1.03510916
v 0.02059853 -0.287383944 1.01411307
v 0.0238018129 -0.287769735 1.01393211
v 0.0204784833 -0.287410259 1.022083
v 0.0237999931 -0.2877 1.02177012
v 0.0237999931 -0.2933 1.01407015
v 0.0237999931 -0.2933 1.02177012
v 0.0238018129 -0.287769735 1.01393211
v 0.0237999931 -0.2877 1.02177012
v 0.0204784833 -0.287410259 1.022083
v 0.0237999931 -0.2877 1.02177012
v 0.0204674061 -0.293680429 1.02199829
v 0.0237999931 -0.2933 1.02177012
v 0.009989414 -0.2958788 1.03166509
v 0.009963275 -0.294462144 1.03503919
v 0.009095082 -0.294820249 1.03287768
v 0.009963275 -0.294462144 1.03503919
v 0.00908676349 -0.291202575 1.0360719
v 0.009095082 -0.294820249 1.03287768
v 0.009963275 -0.294462144 1.03503919
v 0.00996328 -0.291912019 1.03662777
v 0.00908676349 -0.291202575 1.0360719
v 0.00996328 -0.291912019 1.03662777
v 0.009964302 -0.28890878 1.03657424
v 0.00908676349 -0.291202575 1.0360719
v 0.009964302 -0.28890878 1.03657424
v 0.009096312 -0.2869142 1.03424084
v 0.00908676349 -0.291202575 1.0360719
v 0.009964302 -0.28890878 1.03657424
v 0.009966133 -0.286418378 1.03489757
v 0.009096312 -0.2869142 1.03424084
v 0.009966133 -0.286418378 1.03489757
v 0.009989414 -0.285121232 1.03137887
v 0.009096312 -0.2869142 1.03424084
v 0.009989414 -0.285121232 1.03137887
v 0.00908696651 -0.286329538 1.02948034
v 0.009096312 -0.2869142 1.03424084
v 0.009989414 -0.285121232 1.03137887
v 0.009963243 -0.286537826 1.02800488
v 0.00908696651 -0.286329538 1.02948034
v 0.009963243 -0.286537826 1.02800488
v 0.009963311 -0.28908816 1.02641618
v 0.00908696651 -0.286329538 1.02948034
v 0.009963311 -0.28908816 1.02641618
v 0.00908676349 -0.291202515 1.02697217
v 0.00908696651 -0.286329538 1.02948034
v 0.009963311 -0.28908816 1.02641618
v 0.009964328 -0.292091072 1.02646959
v 0.00908676349 -0.291202515 1.02697217
v 0.009964328 -0.292091072 1.02646959
v 0.009966112 -0.294581622 1.02814639
v 0.00908676349 -0.291202515 1.02697217
v 0.009966112 -0.294581622 1.02814639
v 0.00909900852 -0.294404417 1.02944767
v 0.00908676349 -0.291202515 1.02697217
v 0.009966112 -0.294581622 1.02814639
v 0.009989414 -0.2958788 1.03166509
v 0.00909900852 -0.294404417 1.02944767
v 0.009989414 -0.2958788 1.03166509
v 0.009095082 -0.294820249 1.03287768
v 0.00909900852 -0.294404417 1.02944767
v 0.0196 -0.286082178 1.034596
v 0.0196 -0.285405457 1.02944708
v 0.009989414 -0.285121232 1.03137887
v 0.0196 -0.285405457 1.02944708
v 0.009963243 -0.286537826 1.02800488
v 0.009989414 -0.285121232 1.03137887
v 0.0196 -0.285405457 1.02944708
v 0.0196 -0.2895388 1.0262264
v 0.009963243 -0.286537826 1.02800488
v 0.0196 -0.2895388 1.0262264
v 0.009963311 -0.28908816 1.02641618
v 0.009963243 -0.286537826 1.02800488
v 0.0196 -0.2895388 1.0262264
v 0.009964328 -0.292091072 1.02646959
v 0.009963311 -0.28908816 1.02641618
v 0.0196 -0.2895388 1.0262264
v 0.0196 -0.293247432 1.02699316
v 0.009964328 -0.292091072 1.02646959
v 0.0196 -0.293247432 1.02699316
v 0.009966112 -0.294581622 1.02814639
v 0.009964328 -0.292091072 1.02646959
v 0.0196 -0.293247432 1.02699316
v 0.0196 -0.295907617 1.03051329
v 0.009966112 -0.294581622 1.02814639
v 0.0196 -0.295907617 1.03051329
v 0.009989414 -0.2958788 1.03166509
v 0.009966112 -0.294581622 1.02814639
v 0.0196 -0.293663979 1.036022
v 0.00996328 -0.291912019 1.03662777
v 0.009963275 -0.294462144 1.03503919
v 0.0196 -0.293663979 1.036022
v 0.0196 -0.2891393 1.03664124
v 0.00996328 -0.291912019 1.03662777
v 0.0196 -0.2891393 1.03664124
v 0.009964302 -0.28890878 1.03657424
v 0.00996328 -0.291912019 1.03662777
v 0.0196 -0.286082178 1.034596
v 0.009989414 -0.285121232 1.03137887
v 0.009966133 -0.286418378 1.03489757
v 0.0196 -0.28928262 1.02718246
v 0.0196 -0.2895388 1.0262264
v 0.0196 -0.285405457 1.02944708
v 0.0196 -0.293616354 1.03493977
v 0.0196 -0.293663979 1.036022
v 0.0196 -0.295907617 1.03051329
v 0.0196 -0.288934052 1.03574824
v 0.0196 -0.286082178 1.034596
v 0.0196 -0.2891393 1.03664124
v 0.0196 -0.2862737 1.02995622
v 0.0196 -0.285405457 1.02944708
v 0.0196 -0.28928262 1.02718246
v 0.0196 -0.292619467 1.02764094
v 0.0196 -0.2895388 1.0262264
v 0.0196 -0.293247432 1.02699316
v 0.0196 -0.2948395 1.03030455
v 0.0196 -0.295907617 1.03051329
v 0.0196 -0.293616354 1.03493977
v 0.0196 -0.288934052 1.03574824
v 0.0196 -0.2865041 1.033416
v 0.0196 -0.286082178 1.034596
v 0.0196 -0.293616354 1.03493977
v 0.0196 -0.293663979 1.036022
v 0.0196 -0.2891393 1.03664124
v 0.0196 -0.2865041 1.033416
v 0.0196 -0.2862737 1.02995622
v 0.0196 -0.286082178 1.034596
v 0.0196 -0.293616354 1.03493977
v 0.0196 -0.2948395 1.03030455
v 0.02133627 -0.294829577 1.0327599
v 0.0196 -0.2948395 1.03030455
v 0.0213381648 -0.2943847 1.02941108
v 0.02133627 -0.294829577 1.0327599
v 0.0196 -0.2948395 1.03030455
v 0.0196 -0.292619467 1.02764094
v 0.0213381648 -0.2943847 1.02941108
v 0.0196 -0.292619467 1.02764094
v 0.0213362444 -0.291737974 1.02719235
v 0.0213381648 -0.2943847 1.02941108
v 0.0196 -0.292619467 1.02764094
v 0.0196 -0.28928262 1.02718246
v 0.0213362444 -0.291737974 1.02719235
v 0.0196 -0.28928262 1.02718246
v 0.021338122 -0.288388938 1.02763736
v 0.0213362444 -0.291737974 1.02719235
v 0.0196 -0.28928262 1.02718246
v 0.0196 -0.2862737 1.02995622
v 0.021338122 -0.288388938 1.02763736
v 0.0196 -0.2862737 1.02995622
v 0.0213362817 -0.286170423 1.030284
v 0.021338122 -0.288388938 1.02763736
v 0.0196 -0.2862737 1.02995622
v 0.0196 -0.2865041 1.033416
v 0.0213362817 -0.286170423 1.030284
v 0.0196 -0.2865041 1.033416
v 0.0213381387 -0.2866153 1.03363287
v 0.0213362817 -0.286170423 1.030284
v 0.0196 -0.2865041 1.033416
v 0.0196 -0.288934052 1.03574824
v 0.0213381387 -0.2866153 1.03363287
v 0.0196 -0.288934052 1.03574824
v 0.0213362146 -0.289261758 1.03585136
v 0.0213381387 -0.2866153 1.03363287
v 0.0196 -0.288934052 1.03574824
v 0.0196 -0.293616354 1.03493977
v 0.0213362146 -0.289261758 1.03585136
v 0.0196 -0.293616354 1.03493977
v 0.0213380922 -0.292610973 1.03540659
v 0.0213362146 -0.289261758 1.03585136
v 0.0196 -0.293616354 1.03493977
v 0.02133627 -0.294829577 1.0327599
v 0.0213380922 -0.292610973 1.03540659
v 0.0257268455 -0.299385548 1.03170276
v 0.02570579 -0.2978578 1.03634691
v 0.02133627 -0.294829577 1.0327599
v 0.02570579 -0.2978578 1.03634691
v 0.0213380922 -0.292610973 1.03540659
v 0.02133627 -0.294829577 1.0327599
v 0.02570579 -0.2978578 1.03634691
v 0.0257250518 -0.2950745 1.039039
v 0.0213380922 -0.292610973 1.03540659
v 0.0257250518 -0.2950745 1.039039
v 0.0257268082 -0.290318966 1.04040754
v 0.0213380922 -0.292610973 1.03540659
v 0.0257268082 -0.290318966 1.04040754
v 0.0213362146 -0.289261758 1.03585136
v 0.0213380922 -0.292610973 1.03540659
v 0.0257268082 -0.290318966 1.04040754
v 0.025705697 -0.285675347 1.03887987
v 0.0213362146 -0.289261758 1.03585136
v 0.025705697 -0.285675347 1.03887987
v 0.0213381387 -0.2866153 1.03363287
v 0.0213362146 -0.289261758 1.03585136
v 0.025705697 -0.285675347 1.03887987
v 0.0257251244 -0.282983035 1.03609693
v 0.0213381387 -0.2866153 1.03363287
v 0.0257251244 -0.282983035 1.03609693
v 0.02572683 -0.281614453 1.031341
v 0.0213381387 -0.2866153 1.03363287
v 0.02572683 -0.281614453 1.031341
v 0.0213362817 -0.286170423 1.030284
v 0.0213381387 -0.2866153 1.03363287
v 0.02572683 -0.281614453 1.031341
v 0.0257057641 -0.283142269 1.02669692
v 0.0213362817 -0.286170423 1.030284
v 0.0257057641 -0.283142269 1.02669692
v 0.021338122 -0.288388938 1.02763736
v 0.0213362817 -0.286170423 1.030284
v 0.0257057641 -0.283142269 1.02669692
v 0.0257250983 -0.285925627 1.0240047
v 0.021338122 -0.288388938 1.02763736
v 0.0257250983 -0.285925627 1.0240047
v 0.0257269088 -0.2906809 1.02263641
v 0.021338122 -0.288388938 1.02763736
v 0.0257269088 -0.2906809 1.02263641
v 0.0213362444 -0.291737974 1.02719235
v 0.021338122 -0.288388938 1.02763736
v 0.0257269088 -0.2906809 1.02263641
v 0.0257057436 -0.295324534 1.024164
v 0.0213362444 -0.291737974 1.02719235
v 0.0257057436 -0.295324534 1.024164
v 0.0213381648 -0.2943847 1.02941108
v 0.0213362444 -0.291737974 1.02719235
v 0.0257057436 -0.295324534 1.024164
v 0.0257251188 -0.298016965 1.02694726
v 0.0213381648 -0.2943847 1.02941108
v 0.0257251188 -0.298016965 1.02694726
v 0.0257268455 -0.299385548 1.03170276
v 0.0213381648 -0.2943847 1.02941108
v 0.0257268455 -0.299385548 1.03170276
v 0.02133627 -0.294829577 1.0327599
v 0.0213381648 -0.2943847 1.02941108
v 0.0266000032 -0.2815158 1.03080308
v 0.0257057641 -0.283142269 1.02669692
v 0.02572683 -0.281614453 1.031341
v 0.0266000032 -0.2815158 1.03080308
v 0.0266000032 -0.284154028 1.02542663
v 0.0257057641 -0.283142269 1.02669692
v 0.0266000032 -0.284154028 1.02542663
v 0.0257250983 -0.285925627 1.0240047
v 0.0257057641 -0.283142269 1.02669692
v 0.0266000032 -0.284154028 1.02542663
v 0.0266000032 -0.288275778 1.02291679
v 0.0257250983 -0.285925627 1.0240047
v 0.0266000032 -0.288275778 1.02291679
v 0.0257269088 -0.2906809 1.02263641
v 0.0257250983 -0.285925627 1.0240047
v 0.0266000032 -0.288275778 1.02291679
v 0.0266000032 -0.295045853 1.02373934
v 0.0257269088 -0.2906809 1.02263641
v 0.0266000032 -0.295045853 1.02373934
v 0.0257057436 -0.295324534 1.024164
v 0.0257269088 -0.2906809 1.02263641
v 0.0266000032 -0.295045853 1.02373934
v 0.0257251188 -0.298016965 1.02694726
v 0.0257057436 -0.295324534 1.024164
v 0.0266000032 -0.295045853 1.02373934
v 0.0266000032 -0.299105227 1.02929783
v 0.0257251188 -0.298016965 1.02694726
v 0.0266000032 -0.299105227 1.02929783
v 0.0257268455 -0.299385548 1.03170276
v 0.0257251188 -0.298016965 1.02694726
v 0.0266000032 -0.299105227 1.02929783
v 0.0266000032 -0.298282474 1.036068
v 0.0257268455 -0.299385548 1.03170276
v 0.0266000032 -0.298282474 1.036068
v 0.02570579 -0.2978578 1.03634691
v 0.0257268455 -0.299385548 1.03170276
v 0.0266000032 -0.298282474 1.036068
v 0.0257250518 -0.2950745 1.039039
v 0.02570579 -0.2978578 1.03634691
v 0.0266000032 -0.298282474 1.036068
v 0.0266000032 -0.292724431 1.04012716
v 0.0257250518 -0.2950745 1.039039
v 0.0266000032 -0.292724431 1.04012716
v 0.0257268082 -0.290318966 1.04040754
v 0.0257250518 -0.2950745 1.039039
v 0.0266000032 -0.292724431 1.04012716
v 0.0266000032 -0.287761539 1.03988421
v 0.0257268082 -0.290318966 1.04040754
v 0.0266000032 -0.287761539 1.03988421
v 0.025705697 -0.285675347 1.03887987
v 0.0257268082 -0.290318966 1.04040754
v 0.0266000032 -0.287761539 1.03988421
v 0.0266000032 -0.28371194 1.03725958
v 0.025705697 -0.285675347 1.03887987
v 0.0266000032 -0.28371194 1.03725958
v 0.0257251244 -0.282983035 1.03609693
v 0.025705697 -0.285675347 1.03887987
v 0.0266000032 -0.28371194 1.03725958
v 0.0266000032 -0.2815158 1.03080308
v 0.0257251244 -0.282983035 1.03609693
v 0.0266000032 -0.2815158 1.03080308
v 0.02572683 -0.281614453 1.031341
v 0.0257251244 -0.282983035 1.03609693
v 0.0266000032 -0.28371194 1.03725958
v 0.0266000032 -0.287999064 1.03282249
v 0.0265999977 -0.2844723 1.03260922
v 0.0266000032 -0.289337724 1.03448534
v 0.0266000032 -0.287999064 1.03282249
v 0.0266000032 -0.289458573 1.03762555
v 0.0266000032 -0.287761539 1.03988421
v 0.0265999977 -0.2915873 1.03754973
v 0.0266000032 -0.292724431 1.04012716
v 0.0266000032 -0.2815158 1.03080308
v 0.0265999977 -0.2844723 1.03260922
v 0.0266000032 -0.28439647 1.03048062
v 0.0266000032 -0.284154028 1.02542663
v 0.0266000032 -0.287536561 1.03035963
v 0.0266000032 -0.2891996 1.02902114
v 0.0265999977 -0.289412677 1.02549422
v 0.0266000032 -0.288275778 1.02291679
v 0.0266000032 -0.291541427 1.02541852
v 0.0266000032 -0.295045853 1.02373934
v 0.0266000032 -0.288275778 1.02291679
v 0.0266000032 -0.2916623 1.02855861
v 0.0266000032 -0.293000877 1.03022146
v 0.0265999977 -0.2965277 1.03043461
v 0.0266000032 -0.295045853 1.02373934
v 0.0266000032 -0.291541427 1.02541852
v 0.0266000032 -0.2916623 1.02855861
v 0.0266000032 -0.289458573 1.03762555
v 0.0266000032 -0.287761539 1.03988421
v 0.0266000032 -0.292724431 1.04012716
v 0.0265999977 -0.2915873 1.03754973
v 0.0266000032 -0.298282474 1.036068
v 0.0266000032 -0.2918004 1.03402293
v 0.0266000032 -0.293463618 1.03268421
v 0.0266000032 -0.296603531 1.03256333
v 0.0266000032 -0.299105227 1.02929783
v 0.0265999977 -0.2965277 1.03043461
v 0.0266000032 -0.295045853 1.02373934
v 0.0266000032 -0.296603531 1.03256333
v 0.0239750054 -0.296603531 1.03048062
v 0.0266000032 -0.296603531 1.03256333
v 0.0265999977 -0.2965277 1.03043461
v 0.0266000032 -0.296603531 1.03256333
v 0.0239750054 -0.296603531 1.03048062
v 0.0239750016 -0.2965277 1.03260922
v 0.0266000032 -0.293000877 1.03022146
v 0.0239750054 -0.2918004 1.02902114
v 0.0239750054 -0.293463439 1.03035963
v 0.0266000032 -0.293000877 1.03022146
v 0.0266000032 -0.2916623 1.02855861
v 0.0239750054 -0.2918004 1.02902114
v 0.0239750054 -0.2918004 1.02902114
v 0.0266000032 -0.2916623 1.02855861
v 0.0239750016 -0.2915873 1.02549422
v 0.0266000032 -0.2916623 1.02855861
v 0.0266000032 -0.291541427 1.02541852
v 0.0239750016 -0.2915873 1.02549422
v 0.0266000032 -0.291541427 1.02541852
v 0.0239750054 -0.289458573 1.02541852
v 0.0239750016 -0.2915873 1.02549422
v 0.0239750054 -0.289458573 1.02541852
v 0.0266000032 -0.291541427 1.02541852
v 0.0265999977 -0.289412677 1.02549422
v 0.0266000032 -0.2891996 1.02902114
v 0.0239750054 -0.287999153 1.03022146
v 0.0239750054 -0.289337724 1.02855861
v 0.0266000032 -0.2891996 1.02902114
v 0.0266000032 -0.287536561 1.03035963
v 0.0239750054 -0.287999153 1.03022146
v 0.0239750054 -0.28439647 1.03256333
v 0.0266000032 -0.28439647 1.03048062
v 0.0265999977 -0.2844723 1.03260922
v 0.0266000032 -0.28439647 1.03048062
v 0.0239750054 -0.28439647 1.03256333
v 0.0239750016 -0.2844723 1.03043461
v 0.0239750054 -0.2891996 1.03402293
v 0.0266000032 -0.287999064 1.03282249
v 0.0266000032 -0.289337724 1.03448534
v 0.0239750054 -0.2891996 1.03402293
v 0.0239750054 -0.287536442 1.03268421
v 0.0266000032 -0.287999064 1.03282249
v 0.0239750054 -0.291541427 1.03762555
v 0.0266000032 -0.289458573 1.03762555
v 0.0265999977 -0.2915873 1.03754973
v 0.0266000032 -0.289458573 1.03762555
v 0.0239750054 -0.291541427 1.03762555
v 0.0239750016 -0.289412677 1.03754973
v 0.0239750054 -0.293001 1.03282249
v 0.0266000032 -0.2918004 1.03402293
v 0.0266000032 -0.293463618 1.03268421
v 0.0239750054 -0.293001 1.03282249
v 0.0239750054 -0.2916623 1.03448534
v 0.0266000032 -0.2918004 1.03402293
v 0.0239750016 -0.2965277 1.03260922
v 0.0239750054 -0.296603531 1.03048062
v 0.0239750054 -0.293001 1.03282249
v 0.0239750054 -0.296603531 1.03048062
v 0.0239750054 -0.293463439 1.03035963
v 0.0239750054 -0.2918004 1.02902114
v 0.0239750054 -0.293001 1.03282249
v 0.0239750054 -0.289458573 1.02541852
v 0.0239750016 -0.2915873 1.02549422
v 0.0239750054 -0.289337724 1.02855861
v 0.0239750054 -0.2916623 1.03448534
v 0.0239750054 -0.2891996 1.03402293
v 0.0239750054 -0.291541427 1.03762555
v 0.0239750016 -0.289412677 1.03754973
v 0.0239750054 -0.2918004 1.02902114
v 0.0239750054 -0.287999153 1.03022146
v 0.0239750054 -0.28439647 1.03256333
v 0.0239750054 -0.287536442 1.03268421
v 0.0239750054 -0.287999153 1.03022146
v 0.0239750054 -0.287536442 1.03268421
v 0.0239750016 -0.2844723 1.03043461
v 0.0239750054 -0.28439647 1.03256333
v 0.009095082 -0.294820249 1.03287768
v 0.00908676349 -0.291202575 1.0360719
v 0.009096312 -0.2869142 1.03424084
v 0.00908696651 -0.286329538 1.02948034
v 0.00909900852 -0.294404417 1.02944767
v 0.00908676349 -0.291202515 1.02697217
v 0.0196 -0.295907617 1.03051329
v 0.0196 -0.293663979 1.036022
v 0.009989414 -0.2958788 1.03166509
v 0.009963275 -0.294462144 1.03503919
v 0.0196 -0.2891393 1.03664124
v 0.0196 -0.286082178 1.034596
v 0.009964302 -0.28890878 1.03657424
v 0.009966133 -0.286418378 1.03489757
v 0.0266000032 -0.296603531 1.03256333
v 0.0239750016 -0.2965277 1.03260922
v 0.0266000032 -0.293463618 1.03268421
v 0.0239750054 -0.293001 1.03282249
v 0.0239750054 -0.296603531 1.03048062
v 0.0265999977 -0.2965277 1.03043461
v 0.0239750054 -0.293463439 1.03035963
v 0.0266000032 -0.293000877 1.03022146
v 0.0239750054 -0.289458573 1.02541852
v 0.0265999977 -0.289412677 1.02549422
v 0.0239750054 -0.289337724 1.02855861
v 0.0266000032 -0.2891996 1.02902114
v 0.0239750054 -0.287999153 1.03022146
v 0.0266000032 -0.287536561 1.03035963
v 0.0239750016 -0.2844723 1.03043461
v 0.0266000032 -0.28439647 1.03048062
v 0.0266000032 -0.287999064 1.03282249
v 0.0239750054 -0.287536442 1.03268421
v 0.0265999977 -0.2844723 1.03260922
v 0.0239750054 -0.28439647 1.03256333
v 0.0266000032 -0.289458573 1.03762555
v 0.0239750016 -0.289412677 1.03754973
v 0.0266000032 -0.289337724 1.03448534
v 0.0239750054 -0.2891996 1.03402293
v 0.0266000032 -0.2918004 1.03402293
v 0.0239750054 -0.2916623 1.03448534
v 0.0265999977 -0.2915873 1.03754973
v 0.0239750054 -0.291541427 1.03762555
v 0.0357 -0.217002079 1.04522073
v 0.0351791643 -0.207107618 1.045625
v 0.0427 -0.2167127 1.04534066
v 0.0351791643 -0.207107618 1.045625
v 0.0426999927 -0.209999979 1.045625
v 0.0427 -0.2167127 1.04534066
v -0.0986999944 -0.237796009 1.14322078
v -0.09842433 -0.207464844 1.1436249
v -0.1057 -0.237506658 1.14334071
v -0.09842433 -0.207464844 1.1436249
v -0.105699994 -0.209999979 1.1436249
v -0.1057 -0.237506658 1.14334071
v -0.1057 -0.217002079 1.04522073
v -0.105699994 -0.209999979 1.045625
v -0.0986999944 -0.2167127 1.04534066
v -0.105699994 -0.209999979 1.045625
v -0.09821524 -0.207307935 1.045625
v -0.0986999944 -0.2167127 1.04534066
v -0.1057 -0.275980979 1.02922249
v -0.0986999944 -0.283935457 1.01361084
v -0.0986999944 -0.275980979 1.02922225
v -0.1057 -0.275980979 1.02922249
v -0.0986999944 -0.2774022 1.03819561
v -0.105699994 -0.2774022 1.03819561
v -0.0986999944 -0.283826321 1.0446198
v -0.105699994 -0.283826321 1.0446198
v -0.0986999944 -0.2927996 1.046041
v -0.1057 -0.2927995 1.046041
v -0.1057 -0.275980979 1.02922249
v -0.105699994 -0.283935457 1.01361084
v -0.0986999944 -0.283935457 1.01361084
v -0.1057 -0.2927995 1.046041
v -0.0986999944 -0.2927996 1.046041
v -0.0986999944 -0.308411121 1.03808641
v -0.105699994 -0.308411121 1.03808641
v -0.0986999944 -0.308411121 1.03808641
v -0.0986999944 -0.316743463 1.03940618
v -0.105699994 -0.316743463 1.03940618
v -0.0986999944 -0.322708726 1.04537141
v -0.105699994 -0.322708726 1.04537141
v -0.0986999944 -0.324028432 1.05370378
v -0.105699994 -0.324028432 1.05370378
v -0.0986999944 -0.320198476 1.06122041
v -0.105699994 -0.320198476 1.06122041
v -0.0986999944 -0.2167127 1.04534066
v -0.09821524 -0.207307935 1.045625
v -0.09842433 -0.207464844 1.1436249
v 0.03088058 -0.203197911 1.045625
v 0.0351791643 -0.207107618 1.045625
v 0.0310403686 -0.203141972 1.1436249
v 0.0351791643 -0.207107618 1.045625
v 0.0354534537 -0.207732722 1.1436249
v 0.0310403686 -0.203141972 1.1436249
v 0.0427 -0.237796009 1.14322078
v 0.0426999927 -0.209999979 1.1436249
v 0.0357 -0.237506658 1.14334071
v 0.0426999927 -0.209999979 1.1436249
v 0.0354534537 -0.207732722 1.1436249
v 0.0357 -0.237506658 1.14334071
v 0.0427 -0.283935457 1.01361084
v 0.0426999927 -0.275980979 1.02922225
v 0.0357 -0.275980979 1.02922249
v 0.0426999927 -0.2774022 1.03819561
v 0.0357 -0.275980979 1.02922249
v 0.0357 -0.2774022 1.03819561
v 0.0426999927 -0.283826321 1.0446198
v 0.0357 -0.283826321 1.0446198
v 0.0427 -0.2927996 1.046041
v 0.0357 -0.2927996 1.046041
v 0.0427 -0.2927996 1.046041
v 0.0357 -0.308411032 1.03808641
v 0.0427 -0.283935457 1.01361084
v 0.0357 -0.275980979 1.02922249
v 0.0357 -0.283935457 1.01361084
v 0.0427 -0.2927996 1.046041
v 0.0426999927 -0.308411121 1.03808641
v 0.0357 -0.308411032 1.03808641
v 0.0354534537 -0.207732722 1.1436249
v 0.0351791643 -0.207107618 1.045625
v 0.0357 -0.217002079 1.04522073
v 0.0357 -0.237506658 1.14334071
v 0.0357 -0.320198476 1.06122041
v 0.0427 -0.237796009 1.14322078
v 0.0426999927 -0.320198476 1.06122041
v 0.0427 -0.2167127 1.04534066
v 0.0426999927 -0.209999979 1.045625
v 0.0426999927 -0.209999979 1.1436249
v 0.0427 -0.237796009 1.14322078
v 0.0426999927 -0.2774022 1.03819561
v 0.0426999927 -0.283826321 1.0446198
v 0.0426999927 -0.275980979 1.02922225
v 0.0427 -0.2927996 1.046041
v 0.0426999927 -0.2608015 1.00182343
v 0.0426999927 -0.320198476 1.06122041
v 0.0427 -0.283935457 1.01361084
v 0.0426999927 -0.268318176 0.9979935
v 0.0426999927 -0.2766505 0.9993132
v 0.0426999927 -0.282615751 1.00527847
v 0.0426999927 -0.308411121 1.03808641
v 0.0426999927 -0.316743463 1.03940618
v 0.0426999927 -0.322708726 1.04537141
v 0.0426999927 -0.324028432 1.05370378
v -0.0986999944 -0.2167127 1.04534066
v -0.0986999944 -0.2608015 1.00182343
v -0.1057 -0.217002079 1.04522073
v -0.105699994 -0.2608015 1.00182343
v -0.105699994 -0.209999979 1.1436249
v -0.105699994 -0.209999979 1.045625
v -0.1057 -0.217002079 1.04522073
v -0.1057 -0.237506658 1.14334071
v -0.105699994 -0.2667543 1.05275738
v -0.105699994 -0.26860103 1.05495834
v -0.105699994 -0.2667543 1.04988444
v -0.105699994 -0.2714303 1.055457
v -0.105699994 -0.2608015 1.00182343
v -0.105699994 -0.320198476 1.06122041
v -0.105699994 -0.26860103 1.04768372
v -0.105699994 -0.2739184 1.05402064
v -0.1057 -0.275980979 1.02922249
v -0.105699994 -0.268318176 0.9979935
v -0.105699994 -0.2766505 0.9993132
v -0.105699994 -0.282615751 1.00527847
v -0.105699994 -0.283935457 1.01361084
v -0.105699994 -0.2774022 1.03819561
v -0.105699994 -0.2714303 1.04718471
v -0.105699994 -0.2739184 1.04862118
v -0.105699994 -0.283826321 1.0446198
v -0.105699994 -0.274901 1.05132091
v -0.1057 -0.2927995 1.046041
v -0.105699994 -0.308411121 1.03808641
v -0.105699994 -0.316743463 1.03940618
v -0.105699994 -0.322708726 1.04537141
v -0.105699994 -0.324028432 1.05370378
v -0.0357 -0.203 1.122625
v -0.0357 -0.196 1.122625
v -0.0347173847 -0.196 1.12532461
v -0.0347173847 -0.203 1.12532461
v -0.0322293229 -0.196 1.12676108
v -0.0322293229 -0.203 1.12676108
v -0.0294 -0.196 1.12626219
v -0.0294 -0.203 1.12626219
v -0.027553292 -0.196 1.12406147
v -0.027553292 -0.203 1.12406147
v -0.027553292 -0.196 1.1211884
v -0.027553292 -0.203 1.1211884
v -0.0294 -0.196 1.11898768
v -0.0294 -0.203 1.11898768
v -0.0322293229 -0.196 1.11848879
v -0.0322293229 -0.203 1.11848879
v -0.0347173847 -0.196 1.11992526
v -0.0347173847 -0.203 1.11992526
v -0.0357 -0.196 1.122625
v -0.0357 -0.203 1.122625
v 0.0286999978 -0.196 1.045625
v 0.03088058 -0.203197911 1.045625
v -0.0917 -0.196 1.045625
v -0.09410659 -0.203187436 1.045625
v 0.0310403686 -0.203141972 1.1436249
v 0.0286999978 -0.196 1.1436249
v -0.09378074 -0.203141913 1.1436249
v -0.0917 -0.196 1.1436249
v -0.0168000013 -0.203 1.09462488
v -0.0168000013 -0.196 1.09462488
v -0.0202391464 -0.196 1.085176
v -0.0202391464 -0.203 1.085176
v -0.0289473739 -0.196 1.08014834
v -0.0289473739 -0.203 1.08014834
v -0.03885 -0.196 1.0818944
v -0.03885 -0.203 1.0818944
v -0.04531348 -0.196 1.08959723
v -0.04531348 -0.203 1.08959723
v -0.04531348 -0.196 1.09965265
v -0.04531348 -0.203 1.09965265
v -0.03885 -0.196 1.10735548
v -0.03885 -0.203 1.10735548
v -0.0289473739 -0.196 1.10910165
v -0.0289473739 -0.203 1.10910165
v -0.0202391464 -0.196 1.10407388
v -0.0202391464 -0.203 1.10407388
v -0.0168000013 -0.196 1.09462488
v -0.0168000013 -0.203 1.09462488
v -0.0917 -0.196 1.045625
v -0.09410659 -0.203187436 1.045625
v -0.0986999944 -0.197875619 1.045625
v -0.103824347 -0.203 1.045625
v -0.09821524 -0.207307935 1.045625
v -0.105699994 -0.209999979 1.045625
v -0.0917 -0.196 1.045625
v -0.0986999944 -0.197875619 1.045625
v -0.0917 -0.196 1.1436249
v -0.0986999944 -0.197875619 1.1436249
v -0.103824347 -0.203 1.045625
v -0.103824347 -0.203 1.1436249
v -0.105699994 -0.209999979 1.045625
v -0.105699994 -0.209999979 1.1436249
v -0.0917 -0.196 1.1436249
v -0.0986999944 -0.197875619 1.1436249
v -0.09378074 -0.203141913 1.1436249
v -0.103824347 -0.203 1.1436249
v -0.09842433 -0.207464844 1.1436249
v -0.105699994 -0.209999979 1.1436249
v -0.09378074 -0.203141913 1.1436249
v -0.09842433 -0.207464844 1.1436249
v -0.09410659 -0.203187436 1.045625
v -0.09821524 -0.207307935 1.045625
v -0.0986999944 -0.274901 1.05132091
v -0.105699994 -0.274901 1.05132091
v -0.105699994 -0.2739184 1.05402064
v -0.0986999944 -0.2739184 1.05402064
v -0.105699994 -0.2714303 1.055457
v -0.0986999944 -0.2714303 1.055457
v -0.105699994 -0.26860103 1.05495834
v -0.0986999944 -0.26860103 1.05495834
v -0.105699994 -0.2667543 1.05275738
v -0.0986999944 -0.2667543 1.05275738
v -0.105699994 -0.2667543 1.04988444
v -0.0986999944 -0.2667543 1.04988444
v -0.105699994 -0.26860103 1.04768372
v -0.0986999944 -0.26860103 1.04768372
v -0.105699994 -0.2714303 1.04718471
v -0.0986999944 -0.2714303 1.04718471
v -0.105699994 -0.2739184 1.04862118
v -0.0986999944 -0.2739184 1.04862118
v -0.105699994 -0.274901 1.05132091
v -0.0986999944 -0.274901 1.05132091
v -0.1057 -0.237506658 1.14334071
v -0.105699994 -0.320198476 1.06122041
v -0.0986999944 -0.237796009 1.14322078
v -0.0986999944 -0.320198476 1.06122041
v -0.105699994 -0.283935457 1.01361084
v -0.105699994 -0.282615751 1.00527847
v -0.0986999944 -0.283935457 1.01361084
v -0.0986999944 -0.282615751 1.00527847
v -0.105699994 -0.2766505 0.9993132
v -0.0986999944 -0.2766505 0.9993132
v -0.105699994 -0.268318176 0.9979935
v -0.0986999944 -0.268318176 0.9979935
v -0.105699994 -0.2608015 1.00182343
v -0.0986999944 -0.2608015 1.00182343
v -0.0986999944 -0.2167127 1.04534066
v -0.09842433 -0.207464844 1.1436249
v -0.0986999944 -0.237796009 1.14322078
v -0.0986999944 -0.2667543 1.05275738
v -0.0986999944 -0.26860103 1.05495834
v -0.0986999944 -0.2667543 1.04988444
v -0.0986999944 -0.2714303 1.055457
v -0.0986999944 -0.2608015 1.00182343
v -0.0986999944 -0.320198476 1.06122041
v -0.0986999944 -0.26860103 1.04768372
v -0.0986999944 -0.2739184 1.05402064
v -0.0986999944 -0.275980979 1.02922225
v -0.0986999944 -0.2774022 1.03819561
v -0.0986999944 -0.2714303 1.04718471
v -0.0986999944 -0.2739184 1.04862118
v -0.0986999944 -0.283935457 1.01361084
v -0.0986999944 -0.268318176 0.9979935
v -0.0986999944 -0.2766505 0.9993132
v -0.0986999944 -0.282615751 1.00527847
v -0.0986999944 -0.283826321 1.0446198
v -0.0986999944 -0.274901 1.05132091
v -0.0986999944 -0.2927996 1.046041
v -0.0986999944 -0.308411121 1.03808641
v -0.0986999944 -0.316743463 1.03940618
v -0.0986999944 -0.322708726 1.04537141
v -0.0986999944 -0.324028432 1.05370378
v 0.0286999978 -0.196 1.1436249
v 0.0310403686 -0.203141972 1.1436249
v 0.0357 -0.197875619 1.1436249
v 0.04082435 -0.203 1.1436249
v 0.0354534537 -0.207732722 1.1436249
v 0.0426999927 -0.209999979 1.1436249
v 0.0286999978 -0.196 1.1436249
v 0.0357 -0.197875619 1.1436249
v 0.0286999978 -0.196 1.045625
v 0.0357 -0.197875619 1.045625
v 0.04082435 -0.203 1.1436249
v 0.04082435 -0.203 1.045625
v 0.0426999927 -0.209999979 1.1436249
v 0.0426999927 -0.209999979 1.045625
v 0.0286999978 -0.196 1.045625
v 0.0357 -0.197875619 1.045625
v 0.03088058 -0.203197911 1.045625
v 0.04082435 -0.203 1.045625
v 0.0351791643 -0.207107618 1.045625
v 0.0426999927 -0.209999979 1.045625
v 0.0427 -0.2167127 1.04534066
v 0.0426999927 -0.2608015 1.00182343
v 0.0357 -0.217002079 1.04522073
v 0.0357 -0.2608015 1.00182343
v 0.0426999927 -0.2608015 1.00182343
v 0.0426999927 -0.268318176 0.9979935
v 0.0357 -0.2608015 1.00182343
v 0.0357 -0.268318176 0.9979935
v 0.0426999927 -0.2766505 0.9993132
v 0.0357 -0.2766505 0.9993132
v 0.0426999927 -0.282615751 1.00527847
v 0.0357 -0.282615751 1.00527847
v 0.0427 -0.283935457 1.01361084
v 0.0357 -0.283935457 1.01361084
v 0.0426999927 -0.308411121 1.03808641
v 0.0426999927 -0.316743463 1.03940618
v 0.0357 -0.308411032 1.03808641
v 0.0357 -0.316743463 1.03940618
v 0.0426999927 -0.322708726 1.04537141
v 0.0357 -0.322708726 1.04537141
v 0.0426999927 -0.324028432 1.05370378
v 0.0357 -0.324028432 1.05370378
v 0.0426999927 -0.320198476 1.06122041
v 0.0357 -0.320198476 1.06122041
v 0.0357 -0.237506658 1.14334071
v 0.0354534537 -0.207732722 1.1436249
v 0.0357 -0.217002079 1.04522073
v 0.0357 -0.2774022 1.03819561
v 0.0357 -0.283826321 1.0446198
v 0.0357 -0.2927996 1.046041
v 0.0357 -0.275980979 1.02922249
v 0.0357 -0.320198476 1.06122041
v 0.0357 -0.2608015 1.00182343
v 0.0357 -0.308411032 1.03808641
v 0.0357 -0.316743463 1.03940618
v 0.0357 -0.322708726 1.04537141
v 0.0357 -0.324028432 1.05370378
v 0.0357 -0.268318176 0.9979935
v 0.0357 -0.2766505 0.9993132
v 0.0357 -0.282615751 1.00527847
v 0.0357 -0.283935457 1.01361084
v -0.09410659 -0.203187436 1.045625
v -0.03885 -0.203 1.0818944
v -0.04531348 -0.203 1.08959723
v -0.04531348 -0.203 1.09965265
v -0.0289473739 -0.203 1.08014834
v -0.09378074 -0.203141913 1.1436249
v 0.03088058 -0.203197911 1.045625
v -0.0202391464 -0.203 1.085176
v -0.0168000013 -0.203 1.09462488
v 0.0310403686 -0.203141972 1.1436249
v -0.03885 -0.203 1.10735548
v -0.0202391464 -0.203 1.10407388
v -0.027553292 -0.203 1.1211884
v -0.0294 -0.203 1.11898768
v -0.0289473739 -0.203 1.10910165
v -0.0322293229 -0.203 1.11848879
v -0.0347173847 -0.203 1.11992526
v -0.0357 -0.203 1.122625
v -0.0347173847 -0.203 1.12532461
v -0.0322293229 -0.203 1.12676108
v -0.027553292 -0.203 1.12406147
v -0.0294 -0.203 1.12626219
v -0.0357 -0.196 1.122625
v -0.0917 -0.196 1.1436249
v -0.0347173847 -0.196 1.12532461
v -0.0322293229 -0.196 1.12676108
v -0.03885 -0.196 1.10735548
v -0.0347173847 -0.196 1.11992526
v -0.0322293229 -0.196 1.11848879
v -0.0289473739 -0.196 1.10910165
v -0.0294 -0.196 1.11898768
v -0.0202391464 -0.196 1.10407388
v -0.04531348 -0.196 1.09965265
v -0.027553292 -0.196 1.1211884
v 0.0286999978 -0.196 1.1436249
v -0.0917 -0.196 1.045625
v -0.0294 -0.196 1.12626219
v -0.027553292 -0.196 1.12406147
v -0.0168000013 -0.196 1.09462488
v -0.04531348 -0.196 1.08959723
v -0.03885 -0.196 1.0818944
v -0.0289473739 -0.196 1.08014834
v 0.0286999978 -0.196 1.045625
v -0.0202391464 -0.196 1.085176
vn 0.317042023 0.9478414 -0.03287959
vn 0.3650392 0.9269739 0.0864051953
vn 0.359251916 0.9302324 0.07487176
vn 0.180894941 0.93695116 0.298997551
vn 0.07867216 0.9341072 0.348216146
vn 0.107302435 0.944109559 0.31167835
vn -0.1972847 0.9464108 0.2557058
vn -0.253430218 0.955908835 0.148362532
vn -0.200518668 0.954661548 0.220030889
vn -0.5279602 0.830575645 0.177206561
vn -0.5258693 0.8347258 0.163384184
vn -0.460801274 0.8464812 0.266705364
vn -0.5843024 0.7986659 -0.143956363
vn -0.5346652 0.8101171 -0.24050647
vn -0.579120338 0.804531753 -0.131713092
vn -0.276492238 0.9509153 -0.138968468
vn -0.228992 0.9407501 -0.2501038
vn -0.229447231 0.949418843 -0.214378029
vn 0.04760368 0.958526969 -0.28099823
vn 0.145771042 0.967698038 -0.205697253
vn 0.0762353 0.967255354 -0.242085129
vn 0.7200847 0.5819896 -0.377844065
vn 0.714061141 0.5935301 -0.371266484
vn 0.6750987 0.5787574 -0.4574731
vn 0.9643925 -0.0298911724 0.262780637
vn 0.995608866 -0.09332356 -0.007331944
vn 0.9657349 -0.0213015322 0.258654982
vn 0.7955486 0.0265367012 -0.605308354
vn 0.791971266 0.035457205 -0.609527946
vn 0.9201208 0.1103673 -0.3757617
vn 0.8380673 0.0231041983 -0.5450774
vn 0.6708429 -0.105324022 -0.734082162
vn 0.8320554 0.0370549373 -0.5534535
vn 0.461909384 -0.109243 -0.8801737
vn 0.194234088 -0.1081342 -0.974976957
vn 0.4619428 -0.112999596 -0.879681766
vn -0.101180851 0.00504579069 -0.9948553
vn -0.101464674 0.00646895543 -0.994818151
vn 0.179508239 0.0180797912 -0.9835903
vn -0.0486962833 -0.0201530438 -0.9986103
vn -0.326211423 -0.03476814 -0.944657266
vn -0.0512275621 -0.007870257 -0.998656034
vn -0.63422966 0.0344363861 -0.7723775
vn -0.634280264 0.03466529 -0.772325635
vn -0.3950454 0.0832473 -0.914882
vn -0.6598144 -0.0133119738 -0.751310647
vn -0.8411026 -0.0539640076 -0.5381769
vn -0.6610265 -0.007922269 -0.750320733
vn -0.971576035 -0.04986166 0.231416956
vn -0.871663 0.0120964618 0.4899564
vn -0.97101295 -0.0560240746 0.2323688
vn -0.843819439 0.0213778932 0.536201239
vn -0.8438489 0.008612616 0.5365118
vn -0.9597043 -0.0192509424 0.280351847
vn -0.6482522 -0.00677332 0.761395633
vn -0.4090601 0.0116843227 0.9124326
vn -0.6481516 -0.0158136822 0.7613472
vn -0.310051 0.05898838 0.9488882
vn -0.3101903 0.05508704 0.9490771
vn -0.563662231 0.0316989 0.825396955
vn -0.131136313 0.0237593576 0.9910796
vn 0.152386919 0.0288710762 0.9878991
vn -0.1313978 0.0184745 0.991157532
vn 0.148833826 0.0141420495 0.988761067
vn 0.148579568 0.00267676 0.988896847
vn -0.135521874 0.003018137 0.9907698
vn 0.472532421 -0.007821137 0.8812786
vn 0.6990341 0.0196203515 0.7148192
vn 0.472669482 -0.02133236 0.880981565
vn 0.7287897 0.0501535051 0.6828984
vn 0.730111361 0.04019583 0.68214494
vn 0.9711849 0.008785939 0.238165349
vn 0.9723829 0.0189852584 0.232618064
vn 0.870586634 0.108443722 0.47991547
vn 0.0129282931 0.998804569 0.04714138
vn 0.0129282931 0.998804569 0.04714138
vn 0.0129282931 0.998804569 0.04714138
vn -0.0126387021 0.99838233 -0.0554342158
vn -0.0126387021 0.99838233 -0.0554342158
vn -0.0126387021 0.99838233 -0.0554342158
vn 0.0166876111 0.999194562 0.03649328
vn 0.0166876111 0.999194562 0.03649328
vn 0.0166876111 0.999194562 0.03649328
vn 0.0631933138 -0.4558507 -0.8878101
vn -0.07944385 -0.443179429 -0.8929058
vn 0.0159829315 -0.444225132 -0.895772636
vn -0.8948761 -0.444415182 0.04113191
vn -0.8944345 -0.443886817 -0.054327473
vn -0.8876195 -0.45197767 0.0885883048
vn -0.06296265 -0.4558603 0.8878216
vn 0.0796696 -0.443169 0.8928908
vn -0.01575591 -0.444225937 0.8957763
vn 0.8948655 -0.44443664 -0.0411323458
vn 0.8944238 -0.4439083 0.0543277636
vn 0.887614548 -0.4519969 -0.08853938
vn -0.485328972 -0.0706138462 0.871475458
vn -0.139709681 -0.101595692 0.984966755
vn -0.138229027 -0.09210191 0.9861085
vn 0.06801565 -0.2009357 0.9772404
vn 0.06801565 -0.2009357 0.9772404
vn 0.06801565 -0.2009357 0.9772404
vn 0.4543766 -0.0860658 0.886642337
vn 0.454372078 -0.086095795 0.886641741
vn 0.4543767 -0.08606545 0.886642337
vn -0.976767 -0.2016166 0.07264278
vn -0.976767 -0.2016166 0.07264278
vn -0.976767 -0.2016166 0.07264278
vn -0.888299167 -0.08985337 0.450389773
vn -0.888299167 -0.08985337 0.450389773
vn -0.888299167 -0.08985337 0.450389773
vn -0.989321351 -0.14203 -0.0327222422
vn -0.989321351 -0.14203 -0.0327222422
vn -0.989321351 -0.14203 -0.0327222422
vn -0.0705613 -0.202119365 -0.9768157
vn -0.0705613 -0.202119365 -0.9768157
vn -0.0705613 -0.202119365 -0.9768157
vn -0.449994743 -0.08999239 -0.888485253
vn -0.449983031 -0.08991557 -0.888499
vn -0.449992716 -0.08998277 -0.8884873
vn -0.8715504 -0.07058911 -0.485197961
vn -0.9849958 -0.101584718 -0.139512852
vn -0.9861375 -0.0920925438 -0.13802807
vn 0.0316271074 -0.140058562 -0.989638
vn 0.0316271074 -0.140058562 -0.989638
vn 0.0316271074 -0.140058562 -0.989638
vn 0.977201343 -0.200406939 -0.0701045
vn 0.977201343 -0.200406939 -0.0701045
vn 0.977201343 -0.200406939 -0.0701045
vn 0.886852 -0.08601618 -0.453976482
vn 0.886852 -0.08601618 -0.453976482
vn 0.886852 -0.08601618 -0.453976482
vn 0.479417115 -0.06889823 -0.8748784
vn 0.133040309 -0.101115726 -0.985939145
vn 0.131555676 -0.09181011 -0.987048149
vn 0.8749175 -0.0688692853 0.47935
vn 0.9859579 -0.10109897 0.1329132
vn 0.987066448 -0.09179708 0.131427363
vn 0.9896287 -0.1405547 0.0296559278
vn 0.9896287 -0.1405547 0.0296559278
vn 0.9896287 -0.1405547 0.0296559278
vn -0.0346131027 -0.141550586 0.9893257
vn -0.0346131027 -0.141550586 0.9893257
vn -0.0346131027 -0.141550586 0.9893257
vn 0.702616632 0.701030433 -0.122008882
vn 0.653797269 0.710966945 -0.2589886
vn 0.7073886 0.6966077 -0.119746365
vn 0.7109642 0.6762956 -0.192754358
vn 0.6967506 0.67875 -0.2320282
vn 0.7620243 0.6452916 -0.05401548
vn 0.523253143 0.6726991 -0.523146331
vn 0.467939466 0.658439 -0.5894835
vn 0.5781239 0.6904187 -0.434850216
vn 0.562172353 0.693394363 -0.45074
vn 0.464754224 0.687935531 -0.557448
vn 0.5120311 0.6840364 -0.5195368
vn 0.2535016 0.690601 -0.677353144
vn 0.22444126 0.691387236 -0.686738551
vn 0.385401547 0.714921 -0.5833984
vn 0.24665758 0.681272447 -0.6892227
vn 0.108617432 0.673073649 -0.731556
vn 0.221146151 0.6767975 -0.702167749
vn -0.108178511 0.7016689 -0.704243
vn -0.224924013 0.684387863 -0.6935578
vn -0.0347567275 0.7043841 -0.7089676
vn -0.167841971 0.679375231 -0.7143377
vn -0.3097877 0.65576607 -0.6884784
vn -0.282686144 0.657350361 -0.698554933
vn -0.398716331 0.6473881 -0.649549067
vn -0.516239643 0.646109462 -0.5621736
vn -0.413143933 0.6452247 -0.6426486
vn -0.5708439 0.672752261 -0.470682234
vn -0.6339221 0.67027384 -0.38584432
vn -0.5152088 0.668123662 -0.5368154
vn -0.619869 0.657472253 -0.428360432
vn -0.6930421 0.654748559 -0.301657081
vn -0.67741853 0.652186334 -0.340231
vn -0.7180422 0.659366548 -0.222825408
vn -0.730650067 0.6783016 -0.07783016
vn -0.7190822 0.6592636 -0.219755292
vn -0.7305701 0.6783645 -0.0780322254
vn -0.7309305 0.6817911 -0.0300251786
vn -0.720499158 0.6573686 -0.22078827
vn -0.683422863 0.672260165 0.284604073
vn -0.6604935 0.6515325 0.373167157
vn -0.699831367 0.688926458 0.1887233
vn -0.6844947 0.7063066 0.1805496
vn -0.645281 0.693941057 0.319465637
vn -0.668603957 0.6926998 0.270436347
vn -0.5057556 0.6835044 0.5263392
vn -0.389075935 0.6889229 0.6115596
vn -0.48243165 0.6796256 0.552601933
vn -0.349401653 0.704180837 0.6181002
vn -0.277568 0.70458287 0.653084159
vn -0.447541177 0.6939881 0.5639924
vn -0.191382647 0.682723641 0.7051675
vn -0.0477837361 0.6936992 0.7186781
vn -0.07008387 0.6902979 0.720123
vn -0.108603984 0.6830215 0.7222789
vn 0.0550476648 0.719484 0.6923241
vn -0.131915957 0.681398451 0.7199266
vn 0.206680134 0.679736853 0.7037337
vn 0.33863306 0.684593737 0.6454913
vn 0.271194667 0.6750053 0.6861642
vn 0.35413143 0.6962179 0.624397
vn 0.442126274 0.7038996 0.555922449
vn 0.2856722 0.688345134 0.66676265
vn 0.50023067 0.6797833 0.536343157
vn 0.5892371 0.6900637 0.420252055
vn 0.592233539 0.692941964 0.4112066
vn 0.651290357 0.700904965 0.290780246
vn 0.677889466 0.6937139 0.243365914
vn 0.5745479 0.711590767 0.40439266
vn 0.678538 0.6845403 0.266440839
vn 0.7243154 0.6771375 0.12981531
vn 0.7035337 0.6762142 0.21857436
vn -0.4573807 -0.8807379 -0.122897081
vn -0.4389527 -0.877282 -0.194156587
vn -0.466232449 -0.883774459 -0.0396241471
vn -0.439923316 -0.8745569 0.2040041
vn -0.5078663 -0.8538047 0.114408344
vn -0.416166455 -0.8691784 0.2670849
vn -0.194627881 -0.8771647 0.438978344
vn -0.0400440879 -0.883704841 0.466328532
vn -0.123312511 -0.880665958 0.4574074
vn 0.194365725 -0.876017749 0.441378355
vn 0.103015743 -0.8560124 0.506587148
vn 0.257599235 -0.871188939 0.417938441
vn 0.438281476 -0.8759088 0.201725438
vn 0.466530323 -0.8832297 0.0474859066
vn 0.4573072 -0.879664 0.130619034
vn 0.44148618 -0.8759786 -0.1942974
vn 0.506681263 -0.8559597 -0.102990583
vn 0.418016165 -0.871167064 -0.257546961
vn 0.2020148 -0.8758816 -0.438202471
vn 0.047754325 -0.8832195 -0.466522068
vn 0.130868778 -0.8796751 -0.4572146
vn -0.2041612 -0.8747485 -0.4394693
vn -0.114378773 -0.8540338 -0.507487655
vn -0.267151117 -0.8693323 -0.4158024
vn -0.03402211 -0.999393761 -0.00739221741
vn -0.05746368 -0.998136759 -0.0205187649
vn -0.05746368 -0.998136759 -0.0205187649
vn -0.03402211 -0.999393761 -0.00739221741
vn -0.03402211 -0.999393761 -0.00739221741
vn -0.009728211 -0.9993119 -0.03579155
vn -0.038597282 -0.9977566 -0.0546993949
vn -0.038597282 -0.9977566 -0.0546993949
vn -0.038597282 -0.9977566 -0.0546993949
vn -0.00261528674 -0.9999762 0.00638226466
vn -0.00261528674 -0.9999762 0.00638226466
vn -0.00261528674 -0.9999762 0.00638226466
vn -0.00776381 -0.999969 -0.00130263134
vn -0.00776381 -0.999969 -0.00130263134
vn 0.00643095654 -0.999905646 -0.0121408012
vn 0.00643095654 -0.999905646 -0.0121408012
vn 0.00643095654 -0.999905646 -0.0121408012
vn 0.931793 -0.2877521 0.221270323
vn 0.924128 -0.378676742 0.05090572
vn 0.9359261 -0.281448632 0.211728618
vn 0.96797204 0.168263733 -0.186326087
vn 0.9049838 0.2160979 -0.366477847
vn 0.9680378 0.165730536 -0.1882451
vn 0.9648708 0.2036582 0.1659749
vn 0.9070944 0.208246648 0.3658048
vn 0.905561745 0.215040639 0.365671158
vn 0.781252563 0.21677421 0.585366
vn 0.703608 0.0670078546 0.707421958
vn 0.7341263 0.0471646972 0.6773729
vn 0.68945 -0.268888742 0.672575235
vn 0.546318233 -0.353874356 0.7591504
vn 0.69244343 -0.272591442 0.6679941
vn 0.45440954 0.307898521 0.835889041
vn 0.305566341 0.226906434 0.9247393
vn 0.310400844 0.22334139 0.923996747
vn 0.23318468 -0.367530227 0.900303543
vn 0.0587951057 -0.4373618 0.8973616
vn 0.234548137 -0.368652672 0.899490058
vn -0.04023965 0.484479725 0.8738765
vn -0.222267821 0.422454655 0.8787088
vn -0.220887288 0.4211441 0.879685462
vn -0.400700927 -0.2997688 0.8657814
vn -0.5443801 -0.360169441 0.7575806
vn -0.402011454 -0.298624039 0.8655695
vn -0.5134594 0.2233674 0.828532755
vn -0.6682548 0.169067591 0.7244665
vn -0.669279158 0.171209052 0.7230165
vn -0.7799012 -0.289039135 0.555167139
vn -0.859442234 -0.338498354 0.383116126
vn -0.7811804 -0.2872732 0.5542846
vn -0.8410269 0.338689864 0.421856523
vn -0.923733532 0.287882447 0.252665877
vn -0.9236121 0.2895183 0.2512367
vn -0.981946945 -0.180913642 0.0552305058
vn -0.9656414 -0.223377869 -0.132812113
vn -0.9825379 -0.17828624 0.0532279164
vn -0.260478675 -0.2406515 -0.9350068
vn -0.08954044 -0.144490078 -0.9854467
vn -0.0963452458 -0.138207361 -0.985706031
vn 0.110254832 0.480714232 -0.8699182
vn 0.286920756 0.4022283 -0.86941874
vn 0.280959338 0.397607267 -0.8734817
vn 0.386122942 -0.50515306 -0.7718351
vn 0.513061941 -0.564051 -0.6470038
vn 0.386404 -0.5049732 -0.771812141
vn 0.5968834 0.33983022 -0.7268051
vn 0.7411937 0.288898379 -0.6059452
vn 0.74166 0.290518582 -0.604598641
vn 0.87556684 -0.180791259 -0.4479924
vn 0.934725 -0.231947526 -0.26923874
vn 0.876735032 -0.178589344 -0.4465888
vn 0.9573239 -0.231080562 -0.1735877
vn 0.999192655 0.0281005632 0.0287122447
vn 0.925195634 0.159246013 -0.34446153
vn 0.9968232 0.0566013046 0.0560336635
vn 0.941067755 0.0644473 0.332021117
vn 0.890669465 0.4391878 0.117566973
vn -0.6002049 0.3982829 -0.6936317
vn -0.7506685 -0.00132076454 -0.6606777
vn -0.50921756 0.0388836749 -0.859759033
vn -0.8215545 0.224614009 -0.5240198
vn -0.7502779 -0.2361847 -0.6174949
vn -0.6312699 0.0194337387 -0.775319755
vn 0.792844355 0.23744534 0.5612642
vn 0.848508656 0.257380635 0.462372452
vn 0.9010814 -0.133069709 0.412728459
vn -0.5950876 0.2941994 0.7478753
vn -0.478450865 0.304837644 0.823504
vn -0.5315422 -0.09768711 0.841379941
vn -0.430810273 -0.007303029 0.902413
vn -0.3825352 0.386136264 0.8393841
vn -0.16760987 0.03707555 0.985156
vn -0.209411845 -0.046494402 0.9767215
vn 0.04781557 0.230253354 0.9719553
vn 0.004590912 -0.243553624 0.9698766
vn 0.8407448 0.106095761 -0.53093493
vn 0.833850861 0.125663191 -0.5374957
vn 0.946115732 0.177656248 -0.270745873
vn 0.8210322 0.0133345351 -0.5707261
vn 0.6358222 -0.119838953 -0.762475431
vn 0.8081652 0.04599224 -0.587157369
vn 0.543180168 -0.050425373 -0.8381006
vn 0.271983743 -0.0616517 -0.9603249
vn 0.54325527 -0.0417648964 -0.838528156
vn 0.1917719 -0.0134761939 -0.981347
vn 0.190185755 -0.004669415 -0.981737
vn 0.4687115 0.033249747 -0.882725358
vn 0.02298807 -0.06228183 -0.997793853
vn -0.270269573 -0.09474509 -0.9581116
vn 0.0227525327 -0.0609278567 -0.997882843
vn -0.5098621 0.197920263 -0.837178767
vn -0.512286842 0.18428354 -0.8388097
vn -0.238723263 0.2002901 -0.950207949
vn -0.954938769 0.06158056 -0.290344357
vn -0.997015655 0.0770924538 0.004072089
vn -0.9548638 0.06242321 -0.290410817
vn -0.9978771 -0.0131933689 -0.06377433
vn -0.9980129 -0.00182910438 -0.06298308
vn -0.9352861 -0.0102587482 -0.353743851
vn -0.977531433 -0.06337542 0.20103687
vn -0.8731371 -0.09161475 0.478788465
vn -0.9776767 -0.05918787 0.201606244
vn -0.8205722 0.105316862 0.561755836
vn -0.651607335 0.3142578 0.6903984
vn -0.829906762 0.127290472 0.5431869
vn 0.360406131 0.13678962 0.922711253
vn 0.613322139 0.173269123 0.7705931
vn 0.3625439 0.129167572 0.9229722
vn 0.6602035 0.222450539 0.717389047
vn 0.659692049 0.218364075 0.719113052
vn 0.413317055 0.26128304 0.872296
vn 0.8769165 -0.3935742 0.2758927
vn 0.9372141 -0.348170519 0.0201771222
vn 0.877487361 -0.401960045 0.261618346
vn 0.9412363 -0.3377464 0.00125096377
vn 0.9378551 -0.3470036 0.004035443
vn 0.9091858 -0.3369119 0.2446866
vn 0.6317113 -0.430397779 0.6447469
vn 0.422532469 -0.4637554 0.7787152
vn 0.6080057 -0.423402965 0.6716092
vn 0.3541297 -0.548155844 0.7577053
vn 0.321201771 -0.5286367 0.7857307
vn 0.533486843 -0.541508734 0.649738431
vn 0.121380582 -0.293651253 0.948174953
vn -0.109579362 -0.2767724 0.954667151
vn 0.0687735 -0.269973159 0.9604086
vn -0.2739373 -0.532086968 0.8011503
vn -0.3526919 -0.5096299 0.7847839
vn -0.112935252 -0.5230094 0.844811738
vn -0.401482671 -0.374507457 0.835796535
vn -0.6070556 -0.3320819 0.7219454
vn -0.4767964 -0.3463927 0.8078845
vn -0.755873442 -0.5147242 0.404616237
vn -0.8210147 -0.4541976 0.345889241
vn -0.6654612 -0.5454585 0.5095454
vn -0.882911265 -0.4687199 -0.02773662
vn -0.8962383 -0.366403669 -0.250010431
vn -0.904377937 -0.401805341 -0.14371191
vn -0.7887363 -0.351960182 -0.504003048
vn -0.613348067 -0.4421738 -0.654436052
vn -0.691794634 -0.401873052 -0.599931955
vn -0.61987704 -0.474059522 -0.6253159
vn -0.491309 -0.5112389 -0.7051598
vn -0.695083737 -0.43321687 -0.573743641
vn -0.3507025 -0.3142872 -0.8821742
vn -0.140016213 -0.4018253 -0.904948533
vn -0.198019683 -0.35912174 -0.912041545
vn 0.7184757 -0.445777416 -0.5339244
vn 0.7379515 -0.5767674 -0.350381255
vn 0.7037034 -0.435301483 -0.5615284
vn 0.9504954 -0.200640082 -0.2372804
vn 0.929174 -0.3187491 -0.187175512
vn 0.932477236 -0.3064875 -0.191184819
vn 0.9586114 -0.164867252 0.232126877
vn 0.9677554 -0.0422431231 0.248324633
vn 0.9673273 -0.117107995 0.224863723
vn 0.5792443 0.242445245 0.77826494
vn 0.590836465 0.242798537 0.769390166
vn 0.576053739 0.154374555 0.802702069
vn 0.950545 0.200447738 0.237244532
vn 0.929287553 0.318469346 0.187088028
vn 0.9325932 0.3062064 0.19106926
vn 0.9503954 0.175594285 -0.256739765
vn 0.95595634 0.05922213 -0.287472129
vn 0.959232032 0.128970042 -0.251476884
vn 0.925407469 0.06499285 -0.373359054
vn 0.9180115 0.0365562327 -0.394865185
vn 0.9410885 0.135675877 -0.309749126
vn 0.7628122 -0.263446659 -0.590519667
vn 0.769746244 -0.266457945 -0.5800784
vn 0.7522139 -0.17826809 -0.6343459
vn -0.0298871845 -0.8677164 -0.496160358
vn -0.09330565 -0.6988143 -0.7091916
vn -0.0212983638 -0.865749359 -0.500024438
vn 0.01790316 -0.228953138 -0.9732728
vn 0.0250473022 -0.226075783 -0.973787665
vn 0.0795783848 -0.4824399 -0.872306764
vn -0.0258162934 -0.22300303 -0.974475861
vn -0.105961889 0.0471254177 -0.993252933
vn -0.0235481728 -0.222002357 -0.9747617
vn -0.0589842871 0.378958166 -0.9235321
vn -0.0503963679 0.38152194 -0.922984958
vn -0.001213381 0.111438364 -0.9937706
vn -0.05523392 0.302208334 -0.951640368
vn -0.105036646 0.55218935 -0.8270757
vn -0.0463766977 0.304965228 -0.9512336
vn -0.0440456234 0.84219 -0.537378848
vn -0.030918926 0.8441981 -0.5351389
vn -0.000256190076 0.6612755 -0.7501431
vn -0.0201445688 0.740492046 -0.6717632
vn -0.0347356126 0.898618 -0.437354773
vn -0.007854757 0.742317438 -0.6700024
vn 0.0250712577 0.848257 0.528991044
vn 0.0293662325 0.84717983 0.530494034
vn 0.0930359 0.9558041 0.278895736
vn -0.0293020923 0.8355742 0.548595548
vn -0.114928618 0.6537112 0.747965932
vn -0.0239786934 0.834313869 0.550768
vn -0.04987827 0.5234073 0.8506215
vn 0.0120787015 0.2699471 0.9627994
vn -0.0560413562 0.5223344 0.8508973
vn 0.07341406 0.11292775 0.990887344
vn 0.0646870956 0.115076885 0.991248131
vn 0.06975982 0.382730335 0.9212226
vn -0.05930929 -0.08429248 0.994674444
vn -0.100207575 -0.3563085 0.9289794
vn -0.0537337139 -0.08597712 0.994847059
vn 0.0518117845 -0.609206736 0.791317046
vn 0.118298933 -0.798725843 0.5899512
vn 0.0328873433 -0.6138935 0.7887035
vn 0.04973993 -0.775263846 0.6296761
vn 0.03594292 -0.776453733 0.629148364
vn -0.0125869019 -0.5735795 0.8190532
vn 0.0395296961 -0.9566418 0.288572222
vn 0.06918356 -0.9975524 0.0101431115
vn 0.026232047 -0.9572532 0.2880592
vn 0.0265069343 -0.9979069 0.0589844324
vn 0.0115107251 -0.998312 0.0569273978
vn -0.0302323569 -0.942676 0.3323371
vn 0.0063849357 -0.8529221 -0.5219993
vn 0.0164977163 -0.849903464 -0.5266801
vn 0.1033323 -0.954461038 -0.2798688
vn 0.998236239 0.05658365 -0.0179652944
vn 0.998236239 0.05658365 -0.0179652944
vn 0.998236239 0.05658365 -0.0179652944
vn 0.998226 -0.05663281 0.0183745958
vn 0.998226 -0.05663281 0.0183745958
vn 0.998226 -0.05663281 0.0183745958
vn 0.999297 0.0363057069 0.009348148
vn 0.999297 0.0363057069 0.009348148
vn 0.999297 0.0363057069 0.009348148
vn 0.999308 -0.0359881632 -0.009407208
vn 0.999308 -0.0359881632 -0.009407208
vn 0.999308 -0.0359881632 -0.009407208
vn -0.444571555 0.662119269 -0.603286266
vn -0.4439576 0.594364 -0.6705469
vn -0.45208028 0.6905341 -0.5646114
vn -0.45577094 0.672027 0.5836546
vn -0.443105459 0.574722052 0.688005865
vn -0.444071263 0.6443011 0.622637
vn -0.444640636 -0.662138 0.6032148
vn -0.4440443 -0.5943697 0.6704844
vn -0.4521538 -0.69054 0.564545333
vn -0.4557304 -0.6719732 -0.583748043
vn -0.44307223 -0.574615 -0.68811667
vn -0.44405213 -0.644196451 -0.622759
vn -0.0689443052 -0.279633224 0.9576283
vn -0.101163432 -0.60308224 0.7912381
vn -0.0918749347 -0.6049139 0.790972948
vn -0.201614365 -0.7420351 0.6393243
vn -0.201614365 -0.7420351 0.6393243
vn -0.201614365 -0.7420351 0.6393243
vn -0.08985259 -0.946581066 0.309694618
vn -0.08985259 -0.946581066 0.309694618
vn -0.08985259 -0.946581066 0.309694618
vn -0.200915813 0.642881036 0.739146
vn -0.200915813 0.642881036 0.739146
vn -0.200915813 0.642881036 0.739146
vn -0.0860153362 0.306093782 0.9481076
vn -0.0860153362 0.306093782 0.9481076
vn -0.0860153362 0.306093782 0.9481076
vn -0.1381816 0.7197098 0.680384934
vn -0.1381816 0.7197098 0.680384934
vn -0.1381816 0.7197098 0.680384934
vn -0.197557524 0.736993134 -0.6463839
vn -0.197557524 0.736993134 -0.6463839
vn -0.197557524 0.736993134 -0.6463839
vn -0.07977122 0.949560165 -0.303268969
vn -0.07977122 0.949560165 -0.303268969
vn -0.07977122 0.949560165 -0.303268969
vn -0.0634537041 0.9590278 0.2761147
vn -0.0966772661 0.7940329 0.60013777
vn -0.08697493 0.7936754 0.6020919
vn -0.140559509 0.6788166 -0.72072953
vn -0.140559509 0.6788166 -0.72072953
vn -0.140559509 0.6788166 -0.72072953
vn -0.2009463 -0.642872036 -0.7391456
vn -0.2009463 -0.642872036 -0.7391456
vn -0.2009463 -0.642872036 -0.7391456
vn -0.08598339 -0.3060814 -0.9481145
vn -0.08598339 -0.3060814 -0.9481145
vn -0.08598339 -0.3060814 -0.9481145
vn -0.06886136 0.27954936 -0.957658768
vn -0.101065181 0.603066146 -0.7912629
vn -0.09177035 0.604899347 -0.7909962
vn -0.07061732 -0.959366143 -0.273184538
vn -0.101610981 -0.7951554 -0.5978321
vn -0.0921164751 -0.7949101 -0.5996937
vn -0.141562447 -0.7240616 -0.675051749
vn -0.141562447 -0.7240616 -0.675051749
vn -0.141562447 -0.7240616 -0.675051749
vn -0.140557662 -0.6788123 0.720733941
vn -0.140557662 -0.6788123 0.720733941
vn -0.140557662 -0.6788123 0.720733941
vn 0.7009647 -0.4106341 -0.5831194
vn 0.710891 -0.279236883 -0.6454927
vn 0.6965369 -0.415604085 -0.5849014
vn 0.67634 -0.3663757 -0.6390094
vn 0.678804457 -0.3285064 -0.656740546
vn 0.6453692 -0.5005432 -0.5770227
vn 0.6727076 -9.86717641E-05 -0.739908457
vn 0.658444941 0.0859162062 -0.7477089
vn 0.6904257 -0.101337008 -0.7162703
vn 0.693403959 -0.07878165 -0.7162293
vn 0.6879444 0.06555027 -0.722797155
vn 0.6840459 0.005309486 -0.7294197
vn 0.690602362 0.299803317 -0.658169
vn 0.691396952 0.326947361 -0.6442636
vn 0.714939654 0.140105948 -0.6850049
vn 0.681306 0.312934428 -0.6617358
vn 0.6731143 0.440464079 -0.594061136
vn 0.6768317 0.3401271 -0.652849436
vn 0.7016634 0.5744709 -0.42148754
vn 0.6843871 0.6494655 -0.331374377
vn 0.704382241 0.5258922 -0.476742178
vn 0.7063059 0.558056235 -0.4355516
vn 0.6939022 0.6456108 -0.318883181
vn 0.6924033 0.633548 -0.345245779
vn 0.6805514 0.70850265 -0.186745077
vn 0.680281937 0.7317169 -0.0425084531
vn 0.678575337 0.7141522 -0.171820089
vn 0.707399249 0.70388484 0.06428471
vn 0.703528166 0.6902701 0.169042557
vn 0.7024123 0.711439252 -0.0217057131
vn 0.6783765 0.5717731 0.461390078
vn 0.681801 0.5381163 0.49555847
vn 0.6573809 0.6655923 0.3533231
vn 0.67227143 0.28200677 0.6844876
vn 0.6515334 0.203171223 0.7309074
vn 0.6889375 0.361401916 0.628294349
vn 0.7062951 0.3564053 0.611655533
vn 0.693920135 0.230454266 0.6821772
vn 0.692688 0.2815672 0.6640055
vn 0.6835159 -0.0145523325 0.7297905
vn 0.688931942 -0.157321677 0.707546949
vn 0.6796444 -0.04961453 0.731861949
vn 0.704183042 -0.190027609 0.68411684
vn 0.7045915 -0.265508354 0.658069968
vn 0.69399184 -0.0823695138 0.7152556
vn 0.682753861 -0.363289922 0.6339303
vn 0.6937372 -0.4743622 0.5419494
vn 0.690333664 -0.4596173 0.558741
vn 0.6830243 -0.433879942 0.587559462
vn 0.719493 -0.52839303 0.450700253
vn 0.681405365 -0.4156872 0.6024043
vn 0.679694831 -0.6438259 0.3514301
vn 0.6845569 -0.695924938 0.2169569
vn 0.6749689 -0.6770049 0.2933964
vn 0.696236968 -0.691885769 0.191175923
vn 0.7039259 -0.7056931 0.08053271
vn 0.6883646 -0.6734266 0.269537956
vn 0.6797628 -0.7329878 0.0255231261
vn 0.690033436 -0.7138414 -0.119517311
vn 0.692920744 -0.709555447 -0.1280312
vn 0.700868 -0.666166067 -0.254964232
vn 0.6936699 -0.651452363 -0.307297736
vn 0.7115638 -0.692243338 -0.120316908
vn 0.684566 -0.668160141 -0.291430026
vn 0.6771693 -0.6039161 -0.4203893
vn 0.6762447 -0.6520011 -0.342910647
vn -0.8796144 0.4159683 0.230757341
vn -0.8759102 0.452664763 0.16696094
vn -0.8833652 0.363500774 0.29586
vn -0.876018643 0.174880236 0.449453384
vn -0.855931461 0.285628468 0.431042641
vn -0.871173739 0.113640115 0.477642417
vn -0.875923038 -0.167244688 0.4525352
vn -0.8832481 -0.2962845 0.36343962
vn -0.879679263 -0.230973318 0.4157111
vn -0.874773 -0.455092251 0.166322649
vn -0.854074538 -0.439672 0.27793023
vn -0.8693509 -0.482895643 0.105075076
vn -0.877260149 -0.447757661 -0.172996357
vn -0.8837754 -0.3577256 -0.30161804
vn -0.880721331 -0.4103809 -0.236468688
vn -0.8762722 -0.174663708 -0.449043065
vn -0.856177 -0.2855625 -0.4305985
vn -0.871384 -0.1135346 -0.477283776
vn -0.8759382 0.1671845 -0.452528059
vn -0.8832649 0.29622528 -0.363447
vn -0.8796952 0.230918 -0.415708184
vn -0.876034439 0.449626118 -0.174356252
vn -0.8559758 0.43128702 -0.285126328
vn -0.871063948 0.477956653 -0.113159455
vn -0.9999448 -0.006467929 0.008286014
vn -0.9999448 -0.006467929 0.008286014
vn -0.9999448 -0.006467929 0.008286014
vn -0.9996667 0.0231057126 0.0115174595
vn -0.9996667 0.0231057126 0.0115174595
vn -0.999556839 -0.00726110628 0.0288680717
vn -0.999556839 -0.00726110628 0.0288680717
vn -0.999975145 -0.005535696 0.00436947169
vn -0.9999541 0.009560623 0.0006942101
vn -0.999976933 -0.002476062 0.006325508
vn -0.999976933 -0.002476062 0.006325508
vn -0.9999671 -0.008002642 -0.00131811644
vn -0.9999796 0.00119622855 0.00627598725
vn -0.9999796 0.00119622855 0.00627598725
vn -0.9999796 0.00119622855 0.00627598725
vn -0.998511732 0.0460646 -0.0291959234
vn -0.998511732 0.0460646 -0.0291959234
vn -0.998511732 0.0460646 -0.0291959234
vn -0.9983303 0.046816878 -0.03383536
vn -0.9983303 0.046816878 -0.03383536
vn -0.9983303 0.046816878 -0.03383536
vn -0.3057839 -0.6752573 -0.671210647
vn -0.3638919 -0.52146405 -0.7717888
vn -0.306488 -0.675582945 -0.670561552
vn 0.24677296 -0.5257695 -0.81404525
vn 0.328656822 -0.365180254 -0.8709926
vn 0.250001371 -0.5289287 -0.8110079
vn 0.330725878 -0.768254757 -0.548092246
vn 0.252513319 -0.876127958 -0.410654128
vn 0.249198765 -0.875038266 -0.414979547
vn -0.410731524 -0.8589188 -0.3058728
vn -0.471848667 -0.872214437 -0.128844008
vn -0.410136223 -0.8594331 -0.305226237
vn 0.282485247 -0.945150852 -0.1639876
vn 0.269212335 -0.9621919 0.0413704924
vn 0.2730614 -0.9610672 0.04227688
vn 0.188271329 -0.9301413 0.315263331
vn 0.0254816469 -0.896763563 0.44177568
vn 0.006334997 -0.9183888 0.395628572
vn -0.5144718 -0.770081341 0.377218127
vn -0.583065152 -0.644248843 0.494953
vn -0.5161358 -0.7704432 0.374194
vn 0.484425426 -0.5895131 0.646379352
vn 0.422405034 -0.464217454 0.778508961
vn 0.421092868 -0.465881318 0.778225839
vn -0.371638745 -0.294938982 0.880281568
vn -0.426560044 -0.114135489 0.8972289
vn -0.369664043 -0.293073565 0.8817349
vn 0.121318057 -0.225196525 0.966730833
vn 0.101119809 -0.023823129 0.994589
vn 0.106687121 -0.0220788866 0.994047463
vn -0.123296641 0.314543247 0.9412016
vn -0.134390354 0.5006417 0.855159163
vn -0.1168184 0.316648722 0.941322
vn -0.0519890971 0.5049237 0.861596942
vn -0.04335296 0.501477659 0.864083767
vn 0.264774859 0.6977223 0.66564095
vn 0.137194023 0.8119277 0.567407548
vn 0.130030736 0.8032419 0.581286967
vn -0.4848658 0.863099456 0.141295567
vn -0.5488885 0.835317969 -0.0310695041
vn -0.484186262 0.8636448 0.1402904
vn 0.3034656 0.951922 -0.0418712124
vn 0.28468138 0.926709 -0.2452895
vn 0.2885134 0.9253012 -0.246125534
vn 0.1989239 0.8596958 -0.470481
vn 0.03641535 0.8061639 -0.5905707
vn 0.0154434368 0.8365831 -0.547622442
vn -0.2784507 0.7887455 -0.5480381
vn -0.36464 0.661596358 -0.655231237
vn -0.2823472 0.7911211 -0.5425933
vn 0.3040555 0.5774712 -0.757678866
vn 0.222253963 0.444023818 -0.868012667
vn 0.218501985 0.4489496 -0.8664301
vn -0.253352731 0.409013629 -0.8766529
vn -0.339657724 0.243728742 -0.908421159
vn -0.257707953 0.413984 -0.8730429
vn 0.34041518 0.09199805 -0.935763836
vn 0.25903675 -0.08018933 -0.962532938
vn 0.254554242 -0.07415577 -0.964211166
vn -0.232510448 -0.119902566 -0.965174735
vn -0.314926684 -0.279258072 -0.9071032
vn -0.235769212 -0.11546021 -0.9649258
vn -0.231175974 -0.554131031 -0.7996853
vn 0.02801918 -0.726814747 -0.6862618
vn 0.15916869 -0.410642326 -0.897796333
vn 0.0566939525 -0.744477034 -0.665236652
vn 0.0645712 -0.900189936 -0.4306839
vn 0.4393036 -0.7128677 -0.546655357
vn 0.398301184 0.914869249 -0.0661091
vn -0.001302883 0.9979791 0.06352986
vn 0.03894122 0.9679948 -0.2479307
vn 0.224646538 0.9514625 0.210364044
vn -0.236154035 0.9671699 0.0938812643
vn 0.0194823481 0.9946095 -0.101845048
vn 0.2374565 -0.957510769 -0.1636693
vn 0.2574004 -0.9269468 -0.2729736
vn -0.133106649 -0.929019332 -0.345261842
vn 0.2944005 -0.108126767 0.9495457
vn 0.305059969 -0.244011223 0.920541644
vn -0.09745749 -0.219177872 0.9708054
vn -0.00743250456 -0.333382368 0.9427624
vn 0.386004448 -0.32296747 0.8641138
vn 0.0370141 -0.5780031 0.8151947
vn -0.04642898 -0.5426059 0.8387033
vn 0.2303061 -0.7211092 0.653422236
vn -0.243497625 -0.689087749 0.68254447
vn 0.105914257 -0.219074354 -0.96994257
vn 0.125500128 -0.209574014 -0.969705343
vn 0.177505255 -0.477568984 -0.8604765
vn 0.0133123547 -0.176879436 -0.9841425
vn -0.11984323 0.08967537 -0.988734543
vn 0.0459649153 -0.156183213 -0.986658037
vn -0.050431598 0.208469957 -0.976727664
vn -0.0616104864 0.486628979 -0.871433556
vn -0.04177061 0.208721429 -0.97708267
vn -0.0135078393 0.5582859 -0.8295387
vn -0.004710007 0.5596807 -0.82869494
vn 0.0331253447 0.292760044 -0.955612
vn -0.0623171255 0.6892711 -0.721818566
vn -0.09477706 0.868581057 -0.486399382
vn -0.0609635375 0.6895023 -0.7217133
vn 0.197850376 0.952553153 -0.23129563
vn 0.184209332 0.9554196 -0.2307386
vn 0.2002101 0.840801239 -0.5029605
vn 0.0615923144 0.880534 0.469964117
vn 0.0770801157 0.702098 0.707896233
vn 0.062439248 0.8805298 0.4698602
vn -0.0131362006 0.7506966 0.66051656
vn -0.00177248 0.75023 0.6611746
vn -0.0102193635 0.911457539 0.411267221
vn -0.06334494 0.5490089 0.8334127
vn -0.09154193 0.278734982 0.955995262
vn -0.0591573045 0.5487104 0.833916843
vn 0.105265856 0.183104768 0.97744143
vn 0.314207 -0.0273357555 0.9489609
vn 0.127244085 0.20284003 0.9709093
vn 0.136755541 -0.907261133 0.3977125
vn 0.173255846 -0.978565 0.11132367
vn 0.12913242 -0.90895474 0.396391332
vn 0.2224046 -0.9741166 0.0404101275
vn 0.218315616 -0.9749743 0.04199375
vn 0.2612932 -0.9090708 0.3245245
vn -0.3937673 -0.8150933 -0.424935728
vn -0.348391 -0.676906049 -0.6483995
vn -0.402158678 -0.805391252 -0.435446262
vn -0.337657 -0.6664367 -0.6647179
vn -0.346890777 -0.6659739 -0.6604132
vn -0.3367676 -0.815960765 -0.469889015
vn -0.4303541 -0.9026131 0.00921458
vn -0.46370554 -0.8494466 0.25182873
vn -0.423367471 -0.904841065 0.0449744724
vn -0.5481116 -0.7862275 0.2853419
vn -0.5285772 -0.7827539 0.3284852
vn -0.5414533 -0.836699545 0.0822328851
vn -0.293670774 -0.756262839 0.5846572
vn -0.2768243 -0.5975249 0.752550542
vn -0.270006567 -0.727706552 0.6305074
vn -0.532007635 -0.372741848 0.7602838
vn -0.509525 -0.305455 0.8044138
vn -0.522991955 -0.517450333 0.6772921
vn -0.374385476 -0.307185858 0.8749128
vn -0.33193475 -0.08130418 0.939792
vn -0.34622 -0.234150514 0.9084632
vn -0.514663637 0.2483986 0.8206214
vn -0.454140276 0.3359598 0.8251592
vn -0.545424044 0.1103032 0.830870569
vn -0.468772739 0.64388144 0.6047055
vn -0.366488248 0.8104585 0.4569939
vn -0.401850253 0.741059244 0.537910342
vn -0.352047324 0.9140651 0.201364353
vn -0.442266673 0.8964145 -0.0290036853
vn -0.401968956 0.9133437 0.06499414
vn -0.4740627 0.880482435 -0.003911089
vn -0.511192143 0.846047342 -0.151283041
vn -0.433206022 0.8972088 0.08572539
vn -0.314329356 0.8718041 -0.3757055
vn -0.401836723 0.7389778 -0.5407763
vn -0.3591029 0.785008669 -0.5047836
vn -0.4456388 -0.130703017 -0.88562
vn -0.5765654 -0.27417174 -0.769676745
vn -0.4351279 -0.100784175 -0.8947101
vn -0.980229735 0.008970182 -0.197659418
vn -0.980679 0.0155221447 -0.1950073
vn -0.8879996 0.0702235848 -0.454450727
vn -0.9911357 -0.114934042 0.06663482
vn -0.007243942 -0.9999738 -0.000266423624
vn -0.007243942 -0.9999738 -0.000266423624
vn -0.007243942 -0.9999738 -0.000266423624
vn -0.007075421 -0.9999708 0.00289129466
vn 0.00700787129 -0.9999397 0.008459
vn -0.005120177 -0.999958754 -0.007501558
vn -0.005120177 -0.999958754 -0.007501558
vn -0.00413023541 -0.9999682 0.00683152163
vn 0.003937418 -0.999956846 0.008414475
vn -0.054450728 -0.9981412 -0.02737197
vn -0.054450728 -0.9981412 -0.02737197
vn -0.054450728 -0.9981412 -0.02737197
vn -0.027701186 -0.9982113 -0.05297935
vn 0.007659983 -0.9999707 0.000235745523
vn 0.007659983 -0.9999707 0.000235745523
vn 0.007659983 -0.9999707 0.000235745523
vn 0.00616928563 -0.9999744 -0.00361756724
vn -0.00696290657 -0.9999535 -0.006670898
vn 0.006439221 -0.9999527 0.007291271
vn 0.00386139052 -0.9999688 -0.006890044
vn -0.00393580273 -0.999956846 -0.008414475
vn -0.00124217081 -0.9999765 -0.00674828654
vn -0.00373919215 -0.9999845 -0.004135773
vn 0.0484946668 0.9970186 -0.0600183979
vn 0.0523848571 0.996886253 -0.0589378029
vn 0.0906719938 0.938497663 -0.333167762
vn -0.0216801986 0.976543844 0.214224309
vn 0.6753303 0.7099125 0.199883342
vn 0.6550766 0.6743907 0.340693235
vn 0.659098 0.6889214 0.301624179
vn 0.67277205 0.584449947 0.453647584
vn -0.9999745 0.00463517057 0.00543161761
vn -0.9999745 0.00463517057 0.00543161761
vn -0.9999745 0.00463517057 0.00543161761
vn -0.999956548 0.004140607 0.008352509
vn -0.9999608 -0.00145835069 -0.008742051
vn -0.9999608 -0.00145835069 -0.008742051
vn -0.999942958 0.00110503158 0.0106241228
vn -0.999942958 0.00110503158 0.0106241228
vn -0.9999626 0.007478205 -0.004343713
vn -0.999979854 0.003515604 -0.00529006356
vn -0.9999771 0.00162046868 -0.00657468848
vn -0.999969363 -0.007697546 0.00144977937
vn -0.999974132 -0.00296809059 -0.00655958243
vn -0.9999479 0.0101592056 -0.0009870502
vn -0.999974132 -0.00296809059 -0.00655958243
vn -0.999974132 -0.00296809059 -0.00655958243
vn -0.9999727 -0.00272976654 -0.006866572
vn 0.959062457 -0.02017783 -0.282474965
vn 0.959062457 -0.02017783 -0.282474965
vn 0.959062457 -0.02017783 -0.282474965
vn 0.99851 0.000144099642 -0.0545683466
vn 0.99851 0.000144099642 -0.0545683466
vn 0.99851 0.000144099642 -0.0545683466
vn 0.9985109 -0.000143497207 0.0545527
vn 0.9985109 -0.000143497207 0.0545527
vn 0.9985109 -0.000143497207 0.0545527
vn 0.959066451 0.0201778319 0.2824615
vn 0.959066451 0.0201778319 0.2824615
vn 0.959066451 0.0201778319 0.2824615
vn 0.5444394 -0.363618821 -0.7558883
vn -0.118625119 -0.363612145 -0.923966646
vn 0.544633567 -0.3042551 -0.7815389
vn -0.662828267 0.5014049 -0.5561042
vn -0.651297867 0.5747344 -0.495471
vn -0.0380375981 0.602504849 -0.7972083
vn -0.7835847 0.291998744 0.54839015
vn -0.79243046 0.25309664 0.55497396
vn -0.9689936 0.2235405 -0.105266593
vn -0.406541139 -0.239354163 0.8817221
vn 0.2757637 -0.239349991 0.930949
vn -0.4027453 -0.282892764 0.8704987
vn 0.4027479 0.28289938 0.8704953
vn 0.406541884 0.239360884 0.881719947
vn -0.275762 0.23935698 0.930947661
vn 0.7575624 -0.300343752 0.5795627
vn 0.9881309 -0.146619633 -0.0458261967
vn 0.754272163 -0.322036475 0.572159052
vn 0.470486581 0.348885149 -0.81050694
vn 0.462286651 0.377181858 -0.8025117
vn 0.902827859 0.324741542 -0.281859517
vn 0.576677263 -0.816886842 0.0117998673
vn 0.576677263 -0.816886842 0.0117998673
vn 0.576677263 -0.816886842 0.0117998673
vn -0.478270173 -0.8699238 -0.120375715
vn -0.478270173 -0.8699238 -0.120375715
vn -0.478270173 -0.8699238 -0.120375715
vn 0.5444412 -0.363625646 -0.7558837
vn -0.118621632 -0.363620132 -0.923963964
vn 0.544637859 -0.304261982 -0.7815333
vn -0.66115284 0.4986779 -0.5605331
vn -0.649415851 0.5733918 -0.499480575
vn -0.0360221267 0.5971983 -0.8012844
vn -0.7832716 0.289497584 0.5501607
vn -0.792174 0.2504667 0.5565311
vn -0.968776464 0.2251268 -0.103875168
vn -0.4065403 -0.239347532 0.881724358
vn 0.275765359 -0.239343062 0.9309503
vn -0.402742743 -0.2828863 0.870502
vn 0.4027453 0.282892764 0.8704987
vn 0.406541139 0.239354163 0.8817221
vn -0.2757637 0.239349991 0.930949
vn 0.757566869 -0.300345361 0.579556
vn 0.98813045 -0.146620125 -0.0458336771
vn 0.75427705 -0.322037935 0.5721518
vn 0.470487148 0.348883957 -0.8105072
vn 0.4622869 0.377180874 -0.80251193
vn 0.902828157 0.324740618 -0.281859636
vn 0.5766778 -0.816886544 0.01179502
vn 0.5766778 -0.816886544 0.01179502
vn 0.5766778 -0.816886544 0.01179502
vn -0.488494217 -0.8638602 -0.122959249
vn -0.488494217 -0.8638602 -0.122959249
vn -0.488494217 -0.8638602 -0.122959249
vn 0.5444412 -0.363625646 -0.7558837
vn -0.118621632 -0.363620132 -0.923963964
vn 0.544637859 -0.304261982 -0.7815333
vn -0.6599114 0.496628672 -0.563805759
vn -0.6480152 0.5723863 -0.5024443
vn -0.0345363878 0.5932239 -0.8042963
vn -0.7830297 0.287632346 0.551481843
vn -0.7919775 0.24850148 0.557690442
vn -0.9686097 0.226324856 -0.102822036
vn -0.4065403 -0.239347532 0.881724358
vn 0.275765359 -0.239343062 0.9309503
vn -0.402742743 -0.2828863 0.870502
vn 0.4027453 0.282892764 0.8704987
vn 0.406541139 0.239354163 0.8817221
vn -0.2757637 0.239349991 0.930949
vn 0.755623 -0.28994754 0.587336659
vn 0.9874249 -0.152573377 -0.04139313
vn 0.752310753 -0.311245322 0.580650449
vn 0.473007441 0.370583 -0.7993324
vn 0.465653449 0.39654696 -0.7911494
vn 0.9052012 0.326794565 -0.2716912
vn 0.5315101 -0.8469822 0.0108690495
vn 0.5315101 -0.8469822 0.0108690495
vn 0.5315101 -0.8469822 0.0108690495
vn -0.496017247 -0.859290242 -0.124848761
vn -0.496017247 -0.859290242 -0.124848761
vn -0.496017247 -0.859290242 -0.124848761
vn -0.0201927722 -0.47843495 -0.877890766
vn -0.0201927722 -0.47843495 -0.877890766
vn -0.0201927722 -0.47843495 -0.877890766
vn 0.0001430421 -0.667446 -0.744658232
vn 0.0001430421 -0.667446 -0.744658232
vn 0.0001430421 -0.667446 -0.744658232
vn -0.000150654567 -0.7446353 -0.6674715
vn -0.000150654567 -0.7446353 -0.6674715
vn -0.000150654567 -0.7446353 -0.6674715
vn 0.0201778337 -0.8778895 -0.47843793
vn 0.0201778337 -0.8778895 -0.47843793
vn 0.0201778337 -0.8778895 -0.47843793
vn 0.289847821 0.769884646 -0.568564832
vn 0.268987954 0.776008248 -0.570488155
vn 0.165038586 0.223803878 -0.960559249
vn -0.3003878 0.931504667 -0.2051007
vn -0.14664942 0.876157343 0.459175736
vn -0.322077274 0.925392032 -0.1997896
vn 0.258274019 0.08855682 0.962004244
vn 0.237117082 0.08856747 0.9674354
vn 0.184682578 0.7078542 0.681787968
vn -0.239318624 -0.3360046 0.9109487
vn -0.239315554 -0.8532611 0.4633288
vn -0.2828496 -0.3307696 0.9003264
vn 0.282862782 -0.900333047 0.330740333
vn 0.239322692 -0.9109518 0.3359932
vn 0.239327684 -0.463344872 0.853248954
vn -0.3003001 -0.9455009 -0.125888571
vn -0.14657028 -0.666303933 -0.7311335
vn -0.3219931 -0.9379403 -0.12879613
vn -1 0 0
vn -1 0 0
vn -1 0 0
vn -0.97504425 -0.072748445 -0.20975332
vn -0.97504425 -0.072748445 -0.20975332
vn -0.97504425 -0.072748445 -0.20975332
vn -0.9221108 -0.204378754 -0.3285437
vn -0.9221108 -0.204378754 -0.3285437
vn -0.9221108 -0.204378754 -0.3285437
vn -0.885721862 0.3984463 0.238195986
vn -0.885721862 0.3984463 0.238195986
vn -0.885721862 0.3984463 0.238195986
vn 0.289986521 0.769868135 -0.5685164
vn 0.269123226 0.7759774 -0.57046634
vn 0.1651784 0.223789379 -0.9605386
vn -0.300345629 0.9315311 -0.2050425
vn -0.146613881 0.8761584 0.4591849
vn -0.32203424 0.925418735 -0.199735135
vn 0.258145869 0.08860191 0.9620345
vn 0.236989275 0.08857873 0.967465758
vn 0.184551328 0.707875133 0.6818018
vn -0.239213869 -0.3359757 0.9109869
vn -0.239213541 -0.8532831 0.463340938
vn -0.2827544 -0.330764323 0.90035826
vn 0.2830562 -0.900292933 0.330683857
vn 0.239522 -0.9109064 0.335974485
vn 0.239524439 -0.463309169 0.853213131
vn -0.300312638 -0.945499837 -0.125866711
vn -0.146572754 -0.666279554 -0.7311553
vn -0.3220017 -0.937938333 -0.128788874
vn -1 0 0
vn -1 0 0
vn -1 0 0
vn -0.9750468 -0.07274338 -0.209743112
vn -0.9750468 -0.07274338 -0.209743112
vn -0.9750468 -0.07274338 -0.209743112
vn -0.9221125 -0.204379141 -0.328538835
vn -0.9221125 -0.204379141 -0.328538835
vn -0.9221125 -0.204379141 -0.328538835
vn -0.8857204 0.398445636 0.238202572
vn -0.8857204 0.398445636 0.238202572
vn -0.8857204 0.398445636 0.238202572
vn -0.204699576 0.551747739 -0.80850023
vn -0.204702824 0.9464099 -0.249810174
vn -0.227388814 0.5480548 -0.8049411
vn 0.503316164 0.859924853 0.08486568
vn 0.502366841 0.86050117 0.08464825
vn 0.523198068 0.640127063 -0.562584341
vn 0.287681 0.163712949 0.9436301
vn 0.2485609 0.165670842 0.9543431
vn 0.226382375 0.757581055 0.612227
vn -0.239424661 -0.33597368 0.910932243
vn -0.239424139 -0.853248954 0.4632951
vn -0.2829608 -0.330700517 0.9003168
vn 0.282853663 -0.900338769 0.330732435
vn 0.239317358 -0.910962462 0.335968226
vn 0.239317834 -0.463320762 0.853264868
vn -0.289987355 -0.9496062 -0.1189766
vn -0.1526052 -0.668918252 -0.727502644
vn -0.311283767 -0.94253695 -0.121352978
vn 0.26863 0.238990277 -0.9331246
vn 0.247710034 0.241390452 -0.9382805
vn 0.1779502 -0.43676725 -0.8817982
vn -1 0 0
vn -1 0 0
vn -1 0 0
vn -1 0 0
vn -1 0 0
vn -1 0 0
vn -0.906466842 -0.266485542 -0.327572
vn -0.906466842 -0.266485542 -0.327572
vn -0.906466842 -0.266485542 -0.327572
vn -0.6908556 0.5381001 0.4828734
vn -0.6908556 0.5381001 0.4828734
vn -0.6908556 0.5381001 0.4828734
vn -0.9999988 -0.000144114747 0.0015753085
vn -0.9999988 -0.000144114747 0.0015753085
vn -0.9999988 -0.000144114747 0.0015753085
vn -0.9999988 0.000143932179 -0.0015753085
vn 0 -1 0
vn 0 -1 0
vn 0 -1 0
vn 0 -1 6.78025845E-06
vn 0 -1 -5.709942E-06
vn 0 -1 -5.709942E-06
vn 0 -1 -5.709942E-06
vn 0 -1 1.69505972E-06
vn 0 -1 -5.709942E-06
vn 0 -1 -5.709942E-06
vn 0 -1 -5.709942E-06
vn 0 -1 1.69505972E-06
vn -0.0001384487 0.706019163 0.708192766
vn -0.0001384487 0.706019163 0.708192766
vn -0.0001384487 0.706019163 0.708192766
vn 0.0001438653 0.7081928 0.706019044
vn 0.999556661 -0.0132086817 -0.02668334
vn 0.9995478 -0.0147688594 -0.0261948425
vn 0.9969864 -0.0234621 -0.07394405
vn 0.9995478 0.0147686945 0.0261948425
vn 0.9969864 0.023461936 0.07394405
vn 0.999556661 0.013208515 0.026683338
vn -0.0351682939 -0.999244452 -0.0165438782
vn -0.0351682939 -0.999244452 -0.0165438782
vn -0.0351682939 -0.999244452 -0.0165438782
vn -0.0462075844 -0.9988896 0.009189444
vn -0.0462075844 -0.9988896 0.009189444
vn -0.0456917547 -0.9988719 0.0129291387
vn -0.0456917547 -0.9988719 0.0129291387
vn -0.051078286 -0.9986908 0.00277611543
vn -0.05118562 -0.9986859 0.00255282
vn -0.05118562 -0.9986859 0.00255282
vn -0.05118562 -0.9986859 0.00255282
vn -0.0363124423 -0.9992835 -0.0106779784
vn -0.0363124423 -0.9992835 -0.0106779784
vn 0 -1 0
vn 0 -1 0
vn 0 -1 0
vn 0.0121346358 -0.999737561 0.019431103
vn 0 -1 0
vn 0 -1 0
vn 0.0121346358 -0.999737561 0.019431103
vn 0.0121346358 -0.999737561 0.019431103
vn -0.0005564986 -0.999879837 0.01549335
vn 0.0187687278 -0.9997577 0.0115016587
vn 0.018209964 -0.9997466 -0.0132306758
vn 0.0187687278 -0.9997577 0.0115016587
vn -0.0103123253 -0.9997367 0.0204966851
vn 0.018209964 -0.9997466 -0.0132306758
vn 0.018209964 -0.9997466 -0.0132306758
vn 0.0189820025 -0.9997714 0.009844453
vn 0.0189820025 -0.9997714 0.009844453
vn 0 -1 0
vn 0.0224317685 -0.9997484 0
vn 0 -1 0
vn 0 -1 0
vn 0 -1 0
vn 0.0162641238 -0.999849856 -0.005979268
vn 0.00129818788 -0.9999194 -0.01262857
vn 0.027840998 -0.9995814 -0.007874842
vn 0.027840998 -0.9995814 -0.007874842
vn 0 -1 2.95139034E-06
vn 0 -1 2.95139034E-06
vn 0 -1 0
vn 0 -1 0
vn -0.0377455167 -0.999061 0.021270521
vn -0.0377455167 -0.999061 0.021270521
vn -0.0377455167 -0.999061 0.021270521
vn -0.00084226433 -0.999826849 -0.018588528
vn -0.00084226433 -0.999826849 -0.018588528
vn -0.0403874032 -0.9991186 -0.0114356847
vn 0 -1 -3.014164E-06
vn -0.0403874032 -0.9991186 -0.0114356847
vn 0 -1 0
vn 0 -1 -3.014164E-06
vn 0 -1 0
vn 0 -1 0
vn 0 -1 0
vn 0 -1 3.049225E-06
vn -0.0122187873 -0.999826133 0.0140858144
vn -0.0122187873 -0.999826133 0.0140858144
vn -0.00758461375 -0.9986219 0.0519312434
vn -0.00758461375 -0.9986219 0.0519312434
vn -0.00758461375 -0.9986219 0.0519312434
vn -0.0107979765 -0.9991292 0.0403030738
vn -0.0107979765 -0.9991292 0.0403030738
vn -0.0107979765 -0.9991292 0.0403030738
vn -0.0572412759 -0.9975217 -0.0409130529
vn -0.0572412759 -0.9975217 -0.0409130529
vn -0.0572412759 -0.9975217 -0.0409130529
vn -0.0402628146 -0.9962299 0.07684358
vn -0.0402628146 -0.9962299 0.07684358
vn -0.0402628146 -0.9962299 0.07684358
vn 0.00126585586 -0.9996058 -0.0280488953
vn 0.00126585586 -0.9996058 -0.0280488953
vn 0.00126585586 -0.9996058 -0.0280488953
vn 0.0505500063 -0.998254836 0.0305278469
vn 0.0505500063 -0.998254836 0.0305278469
vn 0.0505500063 -0.998254836 0.0305278469
vn 0.0570155568 -0.99837327 8.924368E-05
vn 0.0570155568 -0.99837327 8.924368E-05
vn 0.04190797 -0.9990909 0.00781998
vn 0 -1 1.29404816E-06
vn 0.04190797 -0.9990909 0.00781998
vn 0.0257198121 -0.999611437 0.0107436776
vn 0.0257198121 -0.999611437 0.0107436776
vn 0.00566688832 -0.9997991 0.0192291774
vn 0 -1 0
vn 0 -1 1.29404816E-06
vn 0 -1 0
vn 0 -1 0
vn 0 -1 0
vn 0.0181144364 -0.99982965 0.00354073057
vn 0.0167885162 -0.9998367 0.0066878465
vn -0.0261932313 -0.9996561 0.00126934238
vn -0.0261932313 -0.9996561 0.00126934238
vn 0 -1 -3.1802947E-06
vn -0.023848502 -0.9997096 -0.00345844636
vn 0 -1 0
vn 0.0234725475 -0.9989851 0.038441997
vn 0.0234725475 -0.9989851 0.038441997
vn 0.008097778 -0.999940753 -0.007273615
vn 0.008097778 -0.999940753 -0.007273615
vn 0.008097778 -0.999940753 -0.007273615
vn -0.00377231068 -0.9999255 -0.0116093224
vn -0.04438146 -0.998732746 -0.02373168
vn -0.04438146 -0.998732746 -0.02373168
vn -0.009532073 -0.999793947 -0.01792456
vn -0.0150297936 -0.999796331 -0.0134723894
vn -0.00139896362 -0.999811351 -0.0193748288
vn -0.00139896362 -0.999811351 -0.0193748288
vn 0 -1 0
vn 0 -1 0
vn 0 -1 0
vn -0.00293693342 -0.9994058 0.0343420729
vn -0.0050540925 -0.9995563 0.0293532219
vn -0.00293693342 -0.9994058 0.0343420729
vn -0.00293693342 -0.9994058 0.0343420729
vn -0.0050540925 -0.9995563 0.0293532219
vn -0.0050540925 -0.9995563 0.0293532219
vn 0 -1 0
vn 0 -1 0
vn 0 -1 0
vn 0 -1 0
vn 0 -1 0
vn 0.0179689359 -0.9998344 -0.00288170762
vn 0.0179689359 -0.9998344 -0.00288170762
vn 0.007436187 -0.9999466 0.00718375156
vn 0.007436187 -0.9999466 0.00718375156
vn -0.00352085382 -0.9999351 0.0108360024
vn 0 -1 0
vn 0 -1 0
vn 0 -1 0
vn -0.0273478217 -0.9996253 -0.00118703826
vn -0.0221636053 -0.999749839 -0.00300090527
vn -0.0273478217 -0.9996253 -0.00118703826
vn -0.0273478217 -0.9996253 -0.00118703826
vn 0.0168554764 -0.9981949 -0.05764481
vn 0.0168554764 -0.9981949 -0.05764481
vn 0.0168554764 -0.9981949 -0.05764481
vn -0.0153130144 -0.9960593 -0.0873584
vn -0.0153130144 -0.9960593 -0.0873584
vn -0.0562587529 -0.998416245 0
vn -0.0562587529 -0.998416245 0
vn -0.0562587529 -0.998416245 0
vn 0 -1 4.416715E-06
vn 0 -1 4.416715E-06
vn 0 -1 4.416715E-06
vn 0.01572519 -0.9998373 -0.008836901
vn 0.01572519 -0.9998373 -0.008836901
vn 0.01572519 -0.9998373 -0.008836901
vn -0.000316511054 -0.999691546 0.02483385
vn -0.000316511054 -0.999691546 0.02483385
vn -0.000316511054 -0.999691546 0.02483385
vn -0.00709789945 -0.998793364 -0.0485943854
vn -0.00709789945 -0.998793364 -0.0485943854
vn -0.00709789945 -0.998793364 -0.0485943854
vn -0.05535191 -0.9945393 -0.08847433
vn -0.05535191 -0.9945393 -0.08847433
vn -0.05535191 -0.9945393 -0.08847433
vn 0.0145569528 -0.998681366 -0.04923054
vn 0.0145569528 -0.998681366 -0.04923054
vn 0.0145569528 -0.998681366 -0.04923054
vn -0.01928069 -0.9997991 -0.005486176
vn -0.01928069 -0.9997991 -0.005486176
vn -0.01928069 -0.9997991 -0.005486176
vn -0.02141876 -0.9987997 0.0440511
vn -0.02141876 -0.9987997 0.0440511
vn -0.02141876 -0.9987997 0.0440511
vn 0.0133111542 -0.999695659 -0.02076967
vn 0.0133111542 -0.999695659 -0.02076967
vn 0.0133111542 -0.999695659 -0.02076967
vn -0.040801838 -0.999166369 -0.00136560714
vn -0.040801838 -0.999166369 -0.00136560714
vn -0.040801838 -0.999166369 -0.00136560714
vn 0.0912235752 -0.9951359 0.0371860974
vn 0.0912235752 -0.9951359 0.0371860974
vn 0.0912235752 -0.9951359 0.0371860974
vn 0.07766366 -0.9964517 -0.0324412473
vn 0.07766366 -0.9964517 -0.0324412473
vn 0.07766366 -0.9964517 -0.0324412473
vn 0.0121212667 -0.9896298 -0.143129319
vn 0.0121212667 -0.9896298 -0.143129319
vn 0.0121212667 -0.9896298 -0.143129319
vn 0.0745635256 -0.9873103 0.140209392
vn 0.0745635256 -0.9873103 0.140209392
vn 0.0745635256 -0.9873103 0.140209392
vn 0.000593146251 -0.995913863 0.09030651
vn 0.000593146251 -0.995913863 0.09030651
vn 0.000593146251 -0.995913863 0.09030651
vn 0.0286699273 -0.9995122 0.0123870783
vn 0.0286699273 -0.9995122 0.0123870783
vn 0.0286699273 -0.9995122 0.0123870783
vn -0.0628289059 -0.9969066 -0.04722032
vn -0.0628289059 -0.9969066 -0.04722032
vn -0.0628289059 -0.9969066 -0.04722032
vn 0 -1 0
vn 0 -1 0
vn 0 -1 0
vn -0.06548891 -0.9966574 0.0488405451
vn -0.06548891 -0.9966574 0.0488405451
vn -0.06548891 -0.9966574 0.0488405451
vn -0.0116981324 -0.999358237 -0.0338570625
vn -0.0116981324 -0.999358237 -0.0338570625
vn -0.0116981324 -0.999358237 -0.0338570625
vn -0.04339848 -0.996168733 0.07592395
vn -0.04339848 -0.996168733 0.07592395
vn -0.04339848 -0.996168733 0.07592395
vn -0.0431870855 -0.9960222 0.0779400542
vn -0.0431870855 -0.9960222 0.0779400542
vn -0.0431870855 -0.9960222 0.0779400542
vn 0.000571263256 -0.9999999 -1.837622E-05
vn 0.000571263256 -0.9999999 -1.837622E-05
vn 0.000571263256 -0.9999999 -1.837622E-05
vn -0.026318159 -0.998360634 -0.05082765
vn -0.026318159 -0.998360634 -0.05082765
vn -0.026318159 -0.998360634 -0.05082765
vn 0 1 -9.97574E-06
vn 0 1 -9.97574E-06
vn 0 1 -9.97574E-06
vn 0 1 -5.98930228E-06
vn 0 1 -5.98930228E-06
vn 0 1 -5.98930228E-06
vn 0 1 -4.972938E-06
vn 0 1 -4.972938E-06
vn 0 1 -4.972938E-06
vn 0 1 0
vn 0 1 0
vn 0 1 0
vn 0 1 4.485224E-06
vn 0 1 0
vn 0 1 1.54032887E-06
vn 0 1 1.54032887E-06
vn 0 1 2.82344854E-06
vn 0 1 4.485224E-06
vn 0 1 4.485224E-06
vn 0 1 0
vn 0 1 0
vn 0 1 -2.06463028E-06
vn 0 1 0
vn 0 1 0
vn 0 1 -2.53627377E-06
vn 0 1 0
vn 0 1 0
vn 0 1 0
vn 0 1 5.59511864E-06
vn 0 1 -1.04877438E-06
vn 0 1 0
vn 0 1 4.5773586E-06
vn 0 1 4.5773586E-06
vn 0 1 0
vn 0 1 0
vn 0 1 0
vn 0 1 4.029727E-06
vn 0 1 7.09908545E-06
vn 0 1 7.09908545E-06
vn 0 1 -1.34088839E-06
vn 0 1 -1.34088839E-06
vn 0 1 3.41333339E-06
vn 0 1 3.41333339E-06
vn 0 1 0
vn 0 1 0
vn 0 1 0
vn 0 1 0
vn 0 1 -1.49783989E-06
vn 0 1 0
vn 0 1 3.34736569E-06
vn 0 1 0
vn 0 1 2.639463E-06
vn 0 1 2.639463E-06
vn 0 1 -1.31006823E-06
vn 0 1 -2.97538031E-06
vn 0 1 -2.97538031E-06
vn 0 1 -2.97538031E-06
vn 0 1 -2.10230223E-06
vn 0 1 2.25632466E-05
vn 0 1 2.25632466E-05
vn 0 1 0
vn 0 1 0
vn 0 1 0
vn 0 1 0
vn 0 1 0
vn 0 1 0
vn 0 1 0
vn 0 1 3.402078E-06
vn 0 1 3.402078E-06
vn 0 1 0
vn 0 1 1.87136845E-06
vn 0 1 1.87136845E-06
vn 0 1 1.87136845E-06
vn 0 1 -2.77123377E-06
vn 0 1 -2.77123377E-06
vn 0 1 0
vn 0 1 0
vn 0 1 0
vn 0 1 2.73605951E-06
vn 0 1 2.73605951E-06
vn 0 1 4.276376E-06
vn 0 1 4.276376E-06
vn 0 1 -2.53627377E-06
vn 0 1 -3.7863656E-06
vn 0 1 -3.7863656E-06
vn 0 1 -3.7863656E-06
vn 0 1 0
vn 0 1 0
vn 0 1 0
vn 0 1 0
vn 0 1 0
vn 0 1 0
vn 0 1 -2.155651E-06
vn 0 1 -2.155651E-06
vn 0 1 -2.155651E-06
vn 0 1 0
vn 0 1 0
vn 0 1 0
vn 0 1 0
vn 0 1 0
vn 0 1 3.10822088E-06
vn 0 1 3.10822088E-06
vn 0 1 3.10822088E-06
vn 0 1 7.4806303E-06
vn 0 1 7.4806303E-06
vn 0 1 0
vn 0 1 0
vn 0 1 0
vn 0 1 -5.05502476E-06
vn 0 1 -5.05502476E-06
vn 0 1 -5.05502476E-06
vn 0 1 5.52472738E-06
vn 0 1 5.52472738E-06
vn 0 1 5.52472738E-06
vn 0 1 -7.16373734E-06
vn 0 1 -7.16373734E-06
vn 0 1 -7.16373734E-06
vn -0.541442037 -0.0294279642 -0.840222955
vn 0.125535652 -0.047497727 -0.9909514
vn -0.5414449 -0.0295567121 -0.8402166
vn 0.17789036 -0.05058713 -0.982749164
vn 0.177890331 -0.0501296446 -0.982772648
vn -0.496231526 -0.05012761 -0.8667419
vn 0.10349486 -0.00156806421 -0.9946287
vn 0.71853447 0.009033984 -0.6954327
vn 0.104654737 -0.0258943047 -0.994171441
vn 0.72681576 -0.06615672 -0.68363893
vn 0.9955392 -0.0768829659 -0.0546876453
vn 0.729322851 -0.03895889 -0.6830596
vn 0.993149757 -0.0579189546 -0.101483889
vn 0.694690347 -0.0579203255 -0.7169732
vn 0.9974945 -0.00157172245 -0.0707267
vn 0.80960083 0.00903043 0.5869113
vn 0.7994318 -0.06615435 0.5971034
vn 0.226679683 -0.0768737644 0.9709309
vn 0.799299359 -0.0389608145 0.5996688
vn 0.272471458 -0.05791726 0.9604191
vn 0.8267535 -0.057916794 0.55957514
vn 0.246861055 -0.00550924474 0.969035268
vn -0.433598727 0.0122350054 0.90102303
vn -0.454845518 -0.06423754 0.8882506
vn -0.9188337 -0.0823093355 0.3859661
vn -0.4571575 -0.04086881 0.888446331
vn -0.8971648 -0.07846968 0.4346698
vn -0.898493946 -0.05791994 0.43514815
vn -0.407468349 -0.0579165854 0.911380947
vn -0.9155665 0.004283846 0.402143925
vn -0.959857345 0.004280262 -0.280455947
vn -0.915788 -0.0257080756 0.400838554
vn -0.959545732 -0.07706855 -0.270799667
vn -0.5604506 -0.059329398 -0.826060057
vn -0.961147 -0.03490476 -0.273821384
vn -0.716962934 -0.03949462 -0.695991635
vn -0.7165969 -0.007753895 -0.697444439
vn -0.997254968 -0.00775407953 -0.0736370459
vn -0.8762218 -0.07736906 0.475656956
vn -0.974084 -0.1040928 -0.200811014
vn -0.8787657 -0.05356906 0.474237561
vn -0.994360864 -0.07816006 -0.0716758
vn -0.996091664 -0.05068465 -0.0723364055
vn -0.80900234 -0.05068368 0.5856163
vn -0.985377252 -0.00695905136 -0.1702445
vn -0.645540655 0.009173644 -0.763670862
vn -0.985083461 -0.02098632 -0.170792922
vn -0.627099335 -0.08001059 -0.774819136
vn 0.0202276986 -0.09643631 -0.9951336
vn -0.626125157 -0.0508001931 -0.778066
vn -0.102095485 -0.07815985 -0.991699338
vn -0.101744257 -0.05068325 -0.993518651
vn -0.717209637 -0.0506819561 -0.695012
vn -0.00354903936 -0.006952524 -0.999969542
vn 0.6398968 0.009180563 -0.768406034
vn -0.003010452 -0.020987941 -0.999775231
vn 0.648287058 -0.08751015 -0.756350338
vn 0.9832402 -0.0875135139 -0.159937918
vn 0.652422547 -0.04958057 -0.756231844
vn 0.958771646 -0.08000024 -0.2726847
vn 0.960708737 -0.0519344 -0.272656471
vn 0.559877038 -0.0519331 -0.826946557
vn 0.9852342 -0.0100261886 -0.17091848
vn 0.8646964 0.006739688 0.5022497
vn 0.985112 -0.0230274666 -0.170364544
vn 0.8471453 -0.07555189 0.5259627
vn 0.307640284 -0.109349988 0.9451984
vn 0.847111046 -0.05546241 0.528513849
vn 0.5859159 -0.03308936 0.809696
vn 0.584610939 0.004395766 0.8113019
vn 0.9693329 0.0043959273 0.245712236
vn 0.6813239 -0.0435449444 0.7306858
vn 0.05186069 -0.0315718055 0.9981552
vn 0.681197464 -0.0164289176 0.7319154
vn -0.072817944 -0.0743005 0.9945738
vn -0.07274092 -0.0689286 0.994966149
vn 0.585228741 -0.06893105 0.8079331
vn 0.0362791121 0.0123242633 0.99926573
vn -0.61449945 0.0003372226 0.7889172
vn 0.0332866 -0.03962941 0.998659849
vn -0.974006236 -0.03157319 0.224309936
vn -0.602591 -0.01642775 0.7978811
vn -0.8896057 -0.0125201326 -0.45655784
vn -0.9747893 -0.0214463174 0.222094163
vn -0.3705546 -0.00417451141 -0.9288013
vn -0.8786875 -0.0400036 -0.4757185
vn 0.29964608 -0.0379656479 -0.953294754
vn -0.383141 -0.0168649182 -0.9235359
vn 0.838406146 0.01181875 -0.5449178
vn 0.294679284 -0.0400335863 -0.9547573
vn -0.961457253 -0.04174949 0.2717663
vn -0.9620602 -0.0249649528 0.271692574
vn -0.5621569 -0.0249654241 0.826653659
vn -0.762738645 -0.04200236 -0.6453414
vn -0.761732936 -0.0574492626 -0.6453391
vn -0.9983422 -0.0574492775 -0.00352972746
vn 0.408547252 -0.07293476 -0.9098185
vn 0.40861842 -0.0675242 -0.9102041
vn -0.273687452 -0.06752413 -0.959445536
vn 0.84634167 -0.033934474 -0.531558335
vn 0.989474535 -0.0459252372 0.1372264
vn 0.84708637 -0.0190054923 -0.5311153
vn 0.9669483 -0.0729360357 0.244318172
vn 0.9673401 -0.0675309449 0.2443211
vn 0.897349238 -0.06752973 -0.436124027
vn 0.9915747 0.006905012 0.129352048
vn 0.6764357 0.006905219 0.7364694
vn 0.990443945 -0.0390846878 0.132261857
vn 0.794084668 -0.0158211682 -0.6076013
vn 0.998414755 -0.03386916 0.0449538454
vn 0.7938663 -0.0231013373 -0.607653439
vn 0.180192828 -0.063419506 -0.981584668
vn 0.181868732 -0.0186810568 -0.983145356
vn 0.983107865 -0.0435122363 0.1777798
vn 0.9826981 -0.05138996 0.1779426
vn 0.86669445 -0.0513894074 -0.4961854
vn 0.999504864 0.008412782 0.03031957
vn 0.746130645 0.008409072 0.6657465
vn 0.9990238 -0.0299681332 0.0324567519
vn 0.158216149 0.0011369288 0.98740387
vn -0.513256 0.0182921775 0.858040631
vn 0.156136632 -0.0287687983 0.9873164
vn -0.9427704 -0.00488169165 0.333406985
vn -0.936440945 0.0227897558 -0.350084364
vn -0.9429865 -0.0292909872 0.3315397
vn -0.9269536 -0.05218184 -0.3715294
vn -0.470402569 -0.0521835275 -0.880907655
vn -0.9273602 -0.0253771171 -0.3733083
vn -0.4348238 -0.0628729 -0.898318052
vn -0.911108732 -0.06287444 -0.407342345
vn -0.455072731 0.0229114816 -0.8901595
vn 0.2231259 -0.005215455 -0.974775732
vn 0.6964315 -0.039879214 -0.716514349
vn 0.697358131 -0.0160689149 -0.7165427
vn 0.07353593 -0.01606867 -0.9971631
vn 0.174851328 0.0103983954 -0.9845399
vn 0.177825332 -0.03291165 -0.983511567
vn -0.496304631 -0.0329122059 -0.8675244
vn -0.1778255 0.0329116024 -0.983511567
vn 0.496304482 0.0329122022 -0.867524445
vn -0.174851477 -0.0103983954 -0.9845399
vn 0.899611056 0.020038398 0.43623212
vn 0.408609867 0.0200376585 0.9124892
vn 0.898221 0.0499968156 0.436691374
vn 0.274037927 -0.0499967933 0.960418463
vn 0.2733469 -0.0200340245 0.9617069
vn 0.827648163 -0.02003447 0.5608896
vn -0.2733448 0.0200339854 0.9617075
vn -0.827647 0.0200344045 0.560891449
vn -0.274035871 0.049996946 0.960419
vn -0.8982198 -0.04999742 0.436693668
vn -0.8996099 -0.020038791 0.436234474
vn -0.408607662 -0.0200380459 0.9124902
vn -0.997202456 0.0200325977 0.072013624
vn -0.8100805 0.02003178 -0.5859763
vn -0.9962283 0.0499928966 0.07092236
vn -0.7175687 -0.0499930978 -0.6946912
vn -0.7176144 -0.02003364 -0.696152449
vn -0.9972128 -0.0200333744 -0.0718694
vn -0.345988274 0.01697447 -0.938085258
vn 0.338042021 0.0169759672 -0.9409779
vn -0.3457001 0.0311071929 -0.9378293
vn 0.560631335 -0.04589318 -0.826792836
vn 0.5608141 -0.0375325866 -0.8270906
vn -0.102539614 -0.03753009 -0.9940207
vn 0.5842584 0.0318974 -0.8109406
vn 0.968920231 0.03189517 -0.245308444
vn 0.5849188 0.0159483422 -0.810935
vn 0.969307065 -0.0159435682 0.245335847
vn 0.968805432 -0.03189719 0.24576135
vn 0.8999407 -0.0318971649 -0.434844
vn 0.9612705 0.0375385 0.273038119
vn 0.560451 0.0375382341 0.8273365
vn 0.960938752 0.0458990037 0.272928476
vn 0.338172138 -0.03109706 0.940570354
vn 0.338106215 -0.016969718 0.940955
vn 0.8638882 -0.01696887 0.5033977
vn -0.10220883 0.0200343523 0.9945612
vn -0.7176859 0.0200344212 0.6960788
vn -0.103115685 0.04999844 0.993411958
vn -0.8087834 -0.0499959365 0.5859776
vn -0.8102317 -0.0200276952 0.5857675
vn -0.244013354 -0.0200285781 0.969565034
vn -0.1748511 0.0104051726 0.9845399
vn -0.1778299 -0.0329055376 0.9835109
vn 0.496301085 -0.0329054445 0.86752665
vn 0.177829772 0.0329055451 0.983511
vn -0.4963012 0.03290544 0.8675266
vn 0.174850971 -0.0104051223 0.9845399
vn -0.8996093 0.0200329963 -0.436235875
vn -0.408606082 0.02003229 -0.912490964
vn -0.8982193 0.04999401 -0.436695337
vn -0.2740852 -0.04999761 -0.960404932
vn -0.273391545 -0.02003259 -0.961694241
vn -0.8276739 -0.0200326741 -0.5608517
vn 0.2733513 0.02003224 -0.9617057
vn 0.8276508 0.0200326815 -0.560885847
vn 0.274042368 0.04999534 -0.9604173
vn 0.8982391 -0.0499955826 -0.4366544
vn 0.899627566 -0.0200372376 -0.436198145
vn 0.408643067 -0.0200370438 -0.912474334
vn 0.997202039 0.0200347882 -0.07201919
vn 0.810083747 0.0200339481 0.585971832
vn 0.99622786 0.0499922 -0.07092816
vn 0.717564762 -0.0499930233 0.6946953
vn 0.717609942 -0.02003592 0.696157
vn 0.99721235 -0.0200355127 0.0718761
vn 0.244180679 0.0200352482 0.9695228
vn -0.436270982 0.0200364441 0.8995922
vn 0.242938176 0.05000185 0.9687522
vn -0.5595129 -0.0499880873 0.8273128
vn -0.5609439 -0.0200328659 0.8276114
vn 0.1024104 -0.0200318471 0.9945405
vn -0.8637917 0.01697062 0.5035632
vn -0.985362053 0.0169705767 -0.1696281
vn -0.863592744 0.0310996026 0.50323
vn -0.969303966 -0.0167958457 -0.2452911
vn -0.96934557 0 -0.245701611
vn -0.9004771 0 0.434903353
vn -0.9004698 0 -0.434918553
vn -0.4102458 0 -0.911975
vn -0.900171936 0.01679649 -0.4352108
vn -0.3381622 -0.03109849 -0.9405739
vn -0.338096142 -0.01697102 -0.94095856
vn -0.86388284 -0.0169701781 -0.5034068
vn 0.102159232 0.02003496 -0.9945663
vn 0.7176516 0.0200354457 -0.696114063
vn 0.103063136 0.0499968119 -0.9934175
vn 0.8088161 -0.0499987565 -0.5859324
vn 0.810261846 -0.0200330485 -0.5857256
vn 0.244061664 -0.0200345814 -0.969552755
vn 0.593818843 -0.0351589061 0.803830266
vn -0.00188322458 -0.0534271672 0.998569965
vn 0.313634962 -0.0599307455 0.9476505
vn 0.5857206 -0.05071507 0.808924854
vn 0.8113015 -0.05642015 0.581899166
vn 0.9510585 -4.44799662E-06 0.3090108
vn 0.8009686 -0.0370775461 0.5975571
vn 0.999929667 0.0107620209 0.00497935666
vn 0.9531792 -0.0302091688 -0.300893366
vn 1 -1.42119807E-05 9.19774E-06
vn 0.9999297 0.0107566286 -0.00498786662
vn 0.8009634 -0.03708171 -0.5975639
vn 0.585719347 -0.05072169 -0.808925331
vn 0.8266889 -0.0286051761 -0.56193167
vn 0.5937953 -0.0351650566 -0.8038474
vn 0.327659667 -0.04722561 -0.9436148
vn 0.00740887458 -0.0416216329 -0.999106
vn 0.334117621 -0.034776032 -0.941889644
vn -0.293898821 -0.050973095 -0.9544764
vn -0.588641942 -0.0573432446 -0.8063575
vn -0.28784284 -0.0423237272 -0.956742
vn -0.5817052 -0.0483633727 -0.811960638
vn -0.8013934 -0.054824356 -0.595619857
vn -0.9502218 -0.05981032 -0.305779755
vn -0.8005915 -0.05142138 -0.5970001
vn -0.9481603 -0.0551275127 -0.312974453
vn -0.998405933 -0.0563887581 -0.00243188743
vn -0.9481603 -0.055127576 0.312974453
vn -0.998406 -0.05638737 0.00243154168
vn -0.9502223 -0.05980055 0.305780083
vn -0.8005931 -0.0514148958 0.5969986
vn -0.581706 -0.048344776 0.8119612
vn -0.801388 -0.05481076 0.595628262
vn -0.588644 -0.057336 0.8063565
vn -0.303949237 -0.0648418 0.9504791
vn 0.018865196 -0.0296563357 0.999382138
vn -0.293896973 -0.0509642772 0.9544774
vn 0.33411926 -0.0347706936 0.9418893
vn 0.545585334 -0.8380553 -1.72778964E-05
vn 0.5189859 -0.8243546 0.226037949
vn 0.5189843 -0.8243546 -0.226041615
vn -0.056701038 -0.9983412 -0.009995038
vn -0.056701038 -0.9983412 -0.009995038
vn -0.056701038 -0.9983412 -0.009995038
vn -0.0622160174 -0.9978932 -0.01839305
vn -0.0622160174 -0.9978932 -0.01839305
vn -0.0622160174 -0.9978932 -0.01839305
vn -0.035530176 -0.9984709 -0.0423494
vn -0.035530176 -0.9984709 -0.0423494
vn -0.035530176 -0.9984709 -0.0423494
vn 0.0307427421 -0.99936974 0.01774856
vn 0.0307427421 -0.99936974 0.01774856
vn 0.0307427421 -0.99936974 0.01774856
vn -0.00215088 -0.9985178 0.05438315
vn -0.00215088 -0.9985178 0.05438315
vn -0.00215088 -0.9985178 0.05438315
vn -0.0131937973 -0.6879386 -0.725649059
vn -0.0147540076 -0.6882775 -0.7252975
vn -0.0234444514 -0.6526667 -0.7572824
vn 0.014751439 -0.7252884 -0.6882871
vn 0.02345305 -0.757241 -0.6527144
vn 0.0131881675 -0.7256407 -0.6879474
vn -0.999244869 0.03654931 0.0131862555
vn -0.999244869 0.03654931 0.0131862555
vn -0.999244869 0.03654931 0.0131862555
vn -0.998889565 0.02618601 0.0391660631
vn -0.998889565 0.02618601 0.0391660631
vn -0.9988719 0.023166934 0.04145113
vn -0.9988719 0.023166934 0.04145113
vn -0.9986914 0.0341315269 0.0380859263
vn -0.9986859 0.03439359 0.03799425
vn -0.9986859 0.03439359 0.03799425
vn -0.9986859 0.03439359 0.03799425
vn -0.9992828 0.0332521275 0.0181186181
vn -0.9992828 0.0332521275 0.0181186181
vn -1 0 0
vn -1 0 0
vn -1 0 0
vn -0.9986217 -0.03135789 0.0420875
vn -0.9986217 -0.03135789 0.0420875
vn -0.9986217 -0.03135789 0.0420875
vn -0.999129 -0.0208674036 0.0361368433
vn -0.999129 -0.0208674036 0.0361368433
vn -0.999129 -0.0208674036 0.0361368433
vn -0.997521 0.06941673 0.0115426015
vn -0.997521 0.06941673 0.0115426015
vn -0.997521 0.06941673 0.0115426015
vn -0.9962333 -0.025864644 0.08276675
vn -0.9962333 -0.025864644 0.08276675
vn -0.9962333 -0.025864644 0.08276675
vn -1 0 0
vn -0.999650359 0.0168048814 0.0204149447
vn -0.999650359 0.0168048814 0.0204149447
vn -1 0 0
vn -1 0 0
vn -1 0 0
vn -0.9996115 -0.0257826839 -0.0105902
vn -0.999090731 -0.0351653732 -0.0241061617
vn -0.999090731 -0.0351653732 -0.0241061617
vn -0.9983725 -0.04038864 -0.04026316
vn -0.9983725 -0.04038864 -0.04026316
vn -1 0 0
vn -1 0 0
vn -0.999836445 -0.0164315626 -0.007555481
vn -0.999836743 -0.01660005 -0.00713639753
vn -1 0 0
vn -0.999948263 -0.00642084 0.007891007
vn -0.9997095 0.0193134844 0.01442002
vn -1 0 0
vn -1 0 0
vn -0.9999442 7.58304E-05 -0.0105620306
vn -1 0 0
vn -0.9999442 7.58304E-05 -0.0105620306
vn -0.9999516 -0.00250823982 -0.009516363
vn -0.9999255 0.0108781168 -0.00554260937
vn -0.9995777 0.0177223515 -0.0230281837
vn -0.9995777 0.0177223515 -0.0230281837
vn -0.9995777 0.0177223515 -0.0230281837
vn -0.99873203 0.04817519 0.0146124475
vn -0.99873203 0.04817519 0.0146124475
vn -0.999793947 0.019412782 -0.00593386451
vn -0.999796331 0.0201508347 0.00110137742
vn -0.9998113 0.0146903656 -0.012712203
vn -0.9998113 0.0146903656 -0.012712203
vn -1 0 0
vn -1 0 0
vn -1 0 0
vn -0.999433756 -0.0235490873 0.0240323544
vn -1 0 0
vn -1 0 0
vn -0.999737442 -0.02232793 0.00515704649
vn -0.999433756 -0.0235490873 0.0240323544
vn -0.999433756 -0.0235490873 0.0240323544
vn -0.999737442 -0.02232793 0.00515704649
vn -0.999737442 -0.02232793 0.00515704649
vn -0.999879837 -0.0105633205 0.0113499817
vn -1 0 0
vn -0.9997367 -0.00719849067 0.02178748
vn -0.9997577 -0.0214048643 -0.0051389467
vn -0.9997577 -0.0214048643 -0.0051389467
vn -0.9997466 -0.00352113182 -0.0222321469
vn -0.9998751 0.0153672174 0.00368947722
vn -0.9997466 -0.00352113182 -0.0222321469
vn -0.9997466 -0.00352113182 -0.0222321469
vn -0.9997713 -0.0203888733 -0.00645197649
vn -0.9997713 -0.0203888733 -0.00645197649
vn -1 0 0
vn -0.999748349 -0.0158624537 -0.0158625767
vn -0.9998389 -0.00502113253 -0.0172336958
vn -0.9998389 -0.00502113253 -0.0172336958
vn -0.9996487 -0.0145610832 -0.0221458115
vn -0.999826849 0.0137408357 -0.0125495186
vn -0.9991183 0.03665162 0.0204751529
vn -0.9991183 0.03665162 0.0204751529
vn -0.9991183 0.03665162 0.0204751529
vn -1 0 0
vn -1 0 0
vn -1 0 0
vn -1 0 0
vn -1 0 0
vn -0.999061167 0.0116480468 0.0417258963
vn -0.999061167 0.0116480468 0.0417258963
vn -0.999061167 0.0116480468 0.0417258963
vn -0.9982548 -0.0573328845 -0.0141540477
vn -0.9982548 -0.0573328845 -0.0141540477
vn -0.9982548 -0.0573328845 -0.0141540477
vn -0.9960912 0.0303142332 -0.08296602
vn -0.9960912 0.0303142332 -0.08296602
vn -0.9960912 0.0303142332 -0.08296602
vn -0.996117 0.0622529648 0.06225351
vn -0.996117 0.0622529648 0.06225351
vn -0.996117 0.0622529648 0.06225351
vn -0.996943355 -0.0759405 0.0183561966
vn -0.996943355 -0.0759405 0.0183561966
vn -0.996943355 -0.0759405 0.0183561966
vn -0.9998373 -0.00487458333 -0.0173667856
vn -0.9998373 -0.00487458333 -0.0173667856
vn -0.9998373 -0.00487458333 -0.0173667856
vn -0.999673 -0.019989334 0.01594924
vn -0.999673 -0.019989334 0.01594924
vn -0.999673 -0.019989334 0.01594924
vn -0.999954462 -0.008329784 -0.0046590264
vn -0.999954462 -0.008329784 -0.0046590264
vn -0.999954462 -0.008329784 -0.0046590264
vn -0.9987932 0.03938378 -0.029344935
vn -0.9987932 0.03938378 -0.029344935
vn -0.9987932 0.03938378 -0.029344935
vn -0.9945394 0.101700492 -0.0234199036
vn -0.9945394 0.101700492 -0.0234199036
vn -0.9945394 0.101700492 -0.0234199036
vn -0.9948781 0.06526246 -0.07719073
vn -0.9948781 0.06526246 -0.07719073
vn -0.9948781 0.06526246 -0.07719073
vn -0.98744 -0.0108885234 0.157618836
vn -0.98744 -0.0108885234 0.157618836
vn -0.98744 -0.0108885234 0.157618836
vn -0.9996957 0.005269532 -0.0240978114
vn -0.9996957 0.005269532 -0.0240978114
vn -0.9996957 0.005269532 -0.0240978114
vn -0.9991661 0.0298021138 0.0279113911
vn -0.9991661 0.0298021138 0.0279113911
vn -0.9991661 0.0298021138 0.0279113911
vn -0.995136559 -0.09079397 -0.03820545
vn -0.995136559 -0.09079397 -0.03820545
vn -0.995136559 -0.09079397 -0.03820545
vn -0.996451 -0.0319840834 -0.07786185
vn -0.996451 -0.0319840834 -0.07786185
vn -0.996451 -0.0319840834 -0.07786185
vn -0.989626 0.09265702 -0.109795704
vn -0.989626 0.09265702 -0.109795704
vn -0.989626 0.09265702 -0.109795704
vn -0.9873083 -0.151878625 0.04642346
vn -0.9873083 -0.151878625 0.04642346
vn -0.9873083 -0.151878625 0.04642346
vn -0.9959139 -0.06427433 0.06343756
vn -0.9959139 -0.06427433 0.06343756
vn -0.9959139 -0.06427433 0.06343756
vn -0.999512136 -0.0290333889 -0.0115109542
vn -0.999512136 -0.0290333889 -0.0115109542
vn -0.999512136 -0.0290333889 -0.0115109542
vn -0.9904227 -0.1339241 -0.0335725844
vn -0.9904227 -0.1339241 -0.0335725844
vn -0.9904227 -0.1339241 -0.0335725844
vn -0.999540448 0.002158767 -0.0302377138
vn -0.999540448 0.002158767 -0.0302377138
vn -0.999540448 0.002158767 -0.0302377138
vn -0.9855135 0.167715237 0.02519311
vn -0.9855135 0.167715237 0.02519311
vn -0.9855135 0.167715237 0.02519311
vn -1 0 0
vn -1 0 0
vn -1 0 0
vn -1 0 0
vn -1 0 0
vn -1 0 0
vn -0.9997169 -0.0115837557 0.0207839143
vn -0.9997169 -0.0115837557 0.0207839143
vn -0.9997169 -0.0115837557 0.0207839143
vn -0.9966567 0.0117642265 0.08085203
vn -0.9966567 0.0117642265 0.08085203
vn -0.9966567 0.0117642265 0.08085203
vn -0.999358 0.03221901 -0.015670469
vn -0.999358 0.03221901 -0.015670469
vn -0.999358 0.03221901 -0.015670469
vn -0.996167243 -0.023007283 0.08438866
vn -0.996167243 -0.023007283 0.08438866
vn -0.996167243 -0.023007283 0.08438866
vn -0.9960215 -0.0245733932 0.08565829
vn -0.9960215 -0.0245733932 0.08565829
vn -0.9960215 -0.0245733932 0.08565829
vn -0.9999999 -0.000377992343 -0.0004280176
vn -0.9999999 -0.000377992343 -0.0004280176
vn -0.9999999 -0.000377992343 -0.0004280176
vn -0.9917577 -0.10566254 0.07247205
vn -0.9917577 -0.10566254 0.07247205
vn -0.9917577 -0.10566254 0.07247205
vn -0.9987104 -0.0389082059 -0.0326151326
vn -0.9987104 -0.0389082059 -0.0326151326
vn -0.9987104 -0.0389082059 -0.0326151326
vn -0.877894342 0.375334531 -0.297364354
vn -0.877894342 0.375334531 -0.297364354
vn -0.877894342 0.375334531 -0.297364354
vn 1 0 0
vn 1 0 0
vn 1 0 0
vn 1 0 0
vn 1 0 0
vn 1 0 0
vn 1 0 0
vn 1 0 0
vn 1 0 0
vn 1 0 0
vn 1 0 0
vn 1 0 0
vn 1 0 0
vn 1 0 0
vn 1 0 0
vn 1 0 0
vn 1 0 0
vn 1 0 0
vn 1 0 0
vn 1 0 0
vn 1 0 0
vn 1 0 0
vn 1 0 0
vn 1 0 0
vn 1 0 0
vn 1 0 0
vn 1 0 0
vn 1 0 0
vn 1 0 0
vn 1 0 0
vn 1 0 0
vn 1 0 0
vn 1 0 0
vn 1 0 0
vn 1 0 0
vn 1 0 0
vn 1 0 0
vn 1 0 0
vn 1 0 0
vn 1 0 0
vn 1 0 0
vn 1 0 0
vn 1 0 0
vn 1 0 0
vn 1 0 0
vn 1 0 0
vn 1 0 0
vn 1 0 0
vn 1 0 0
vn 1 0 0
vn 1 0 0
vn 1 0 0
vn 1 0 0
vn 1 0 0
vn 1 0 0
vn 1 0 0
vn 1 0 0
vn 1 0 0
vn 1 0 0
vn 1 0 0
vn 1 0 0
vn 1 0 0
vn 1 0 0
vn 1 0 0
vn 1 0 0
vn 1 0 0
vn 1 0 0
vn 1 0 0
vn 1 0 0
vn 1 0 0
vn 1 0 0
vn 1 0 0
vn 1 0 0
vn 1 0 0
vn 1 0 0
vn -0.02942021 0.976984 -0.211273938
vn -0.0474928729 0.6119405 -0.7894766
vn -0.0295476764 0.9769819 -0.211266071
vn -0.0505866259 0.569064558 -0.8207354
vn -0.0501249768 0.569084048 -0.820750237
vn -0.0501260832 0.9637511 -0.262052119
vn -0.00157412491 0.630123258 -0.776493549
vn 0.009026684 -0.0163397789 -0.9998258
vn -0.0259003378 0.6289784 -0.776991248
vn -0.06616916 -0.0306013841 -0.99733907
vn -0.07688595 -0.665334463 -0.7425757
vn -0.0389677137 -0.032785356 -0.9987025
vn -0.03746076 -0.4867636 -0.872730136
vn -0.006363855 -0.488198727 -0.8727093
vn -0.006363977 0.1869964 -0.98234
vn -0.04009177 -0.6550366 -0.7545328
vn -0.029490985 -0.987211943 -0.156661659
vn -0.0254048072 -0.6555518 -0.7547228
vn -0.00222686422 -0.8492524 0.5279824
vn -0.02677814 -0.989778042 -0.14007996
vn -0.0521575436 -0.995230436 -0.0824374259
vn -0.0513083041 -0.9952728 -0.08245892
vn -0.05130774 -0.708749 -0.703592539
vn -0.0770828947 -0.8567224 0.5099852
vn -0.05934192 -0.327479571 0.942993
vn -0.0349268876 -0.8574837 0.5133244
vn -0.039480757 -0.5124161 0.8578292
vn -0.007740745 -0.511683345 0.859139264
vn -0.00774089061 -0.944222331 0.3292176
vn -0.0294256583 -0.3055054 0.9517356
vn -0.04749863 0.377756566 0.924685836
vn -0.02955518 -0.305508 0.9517307
vn -0.05058992 0.426240444 0.9031942
vn -0.05013169 0.4262422 0.9032189
vn -0.05013081 -0.254936934 0.9656573
vn 0.00427945 0.3630261 0.931769133
vn 0.004277651 0.877025 0.480425626
vn -0.0257147737 0.36410746 0.9310019
vn -0.07705946 0.8700402 0.486920834
vn -0.0593191274 0.9803916 -0.1879191
vn -0.0349038579 0.873309 0.4859147
vn -0.03949446 0.9991097 0.0148315141
vn -0.00775402831 0.999878168 0.0135457218
vn -0.007754004 0.7572027 0.653134
vn 0.0117037427 0.288597584 0.9573789
vn -0.0150208371 0.8361625 0.548276
vn -0.0241605286 0.288945228 0.9570407
vn -0.0914891362 0.814079165 0.573502362
vn -0.07535696 0.9934057 -0.08640852
vn -0.04510241 0.818609834 0.572576463
vn -0.05694169 0.691543758 -0.720086753
vn -0.0336722024 0.993706167 -0.106837541
vn -0.0449710637 0.7031959 -0.709572434
vn -0.006940994 0.7095435 -0.7046274
vn 0.009190335 0.09080088 -0.995826662
vn -0.03473039 0.9813867 0.188875422
vn 0.0033713 0.9823577 0.18698135
vn 0.003371327 0.6323442 0.774680257
vn -0.08753534 0.0764313862 -0.993225
vn -0.08753707 -0.582151651 -0.8083543
vn -0.04960406 0.07341823 -0.996066868
vn -0.07998825 -0.4851513 -0.870764136
vn -0.0519215465 -0.486545026 -0.8721113
vn -0.05192067 0.188829929 -0.9806363
vn -0.0100277616 -0.575838864 -0.8175018
vn 0.00673832046 -0.9665742 -0.256298423
vn -0.0230269879 -0.576143265 -0.8170243
vn -0.07556685 -0.9709621 -0.226985127
vn -0.109353624 -0.8858538 0.450893432
vn -0.0554832369 -0.9727418 -0.225155547
vn -0.07815994 -0.9419096 0.326645583
vn -0.0506836548 -0.943410337 0.327731848
vn -0.050684575 -0.9330246 -0.356224954
vn -0.0122506851 -0.9099057 0.414634347
vn 0.0137006743 -0.4309214 0.902285457
vn -0.0210087579 -0.909599066 0.414955646
vn -0.0896138 -0.407773167 0.9086751
vn -0.0896154 0.274520636 0.9573962
vn -0.05162629 -0.405908436 0.9124544
vn -0.08113797 0.158019632 0.984096766
vn -0.0527066737 0.158881724 0.9858898
vn -0.0527056977 -0.512869358 0.8568472
vn -0.0435464978 -0.998438835 0.03498066
vn -0.0315682441 -0.742423356 0.6691869
vn -0.0164285023 -0.9992188 0.0359434523
vn -0.04175213 -0.7740936 0.6316928
vn -0.02496493 -0.7743791 0.632229269
vn -0.0249653663 -0.999594867 -0.0136671346
vn -0.0103767142 -0.7324438 0.6807484
vn -0.0223694071 -0.123494029 0.992093146
vn -0.0212819427 -0.732376635 0.6805671
vn 0.0118424492 0.529496133 0.8482297
vn -0.04001131 -0.1365127 0.989829957
vn -0.03951443 0.09113699 0.9950541
vn -0.0549366325 0.09169702 0.994270444
vn -0.054937657 -0.569755435 0.819976
vn -0.0433821566 0.5318526 0.84572506
vn -0.0351607725 0.9515083 0.3056072
vn -0.0182730388 0.533066 0.845876336
vn -0.07524368 0.979448 0.187136248
vn -0.06988651 0.9798128 0.1873039
vn -0.06988499 0.6288067 0.7744148
vn 0.0160450824 0.95753783 0.28786093
vn -0.00418061623 0.9187682 -0.394775271
vn -0.04001496 0.9577235 0.284894019
vn -0.0379566625 0.462196827 -0.885964632
vn -0.0168607458 0.923937738 -0.382171154
vn 0.0118414517 -0.20750609 -0.97816205
vn -0.0400135778 0.466773123 -0.8834714
vn -0.07294782 0.35447818 -0.9322145
vn -0.06754268 0.354703754 -0.932535946
vn -0.067541264 0.8719468 -0.484919578
vn -0.03391498 -0.222572535 -0.974326
vn -0.0459006242 -0.7966879 -0.602645457
vn -0.01898069 -0.223404631 -0.974540949
vn -0.07294963 -0.856507242 -0.5109538
vn -0.06754046 -0.8567839 -0.511233449
vn -0.0675414 -0.326158166 -0.9428993
vn 0.00690514548 -0.7926773 -0.6096024
vn 0.00690663233 -0.999070346 0.04255265
vn -0.03907622 -0.7939394 -0.606739938
vn -0.0451035239 -0.1306128 -0.990407
vn -0.06315071 -0.7365205 -0.673460841
vn -0.0276285689 -0.131887853 -0.990879536
vn -0.07424192 -0.754570842 -0.6520053
vn -0.06169589 -0.755174339 -0.6526143
vn -0.0616947338 -0.1576412 -0.985567331
vn 0.008412543 -0.7282133 -0.6852989
vn 0.008412361 -0.998346567 -0.0568631
vn -0.0299634 -0.729381859 -0.6834503
vn 0.0011399762 -0.8100558 0.586351752
vn 0.018283749 -0.243765861 0.9696618
vn -0.0287709 -0.80852 0.587765
vn -0.004881937 0.4309265 0.90237385
vn 0.0227911472 0.90971 0.414618284
vn -0.0292869937 0.4323984 0.9012069
vn -0.0521848053 0.918190241 0.39268738
vn -0.0521840043 0.9555026 -0.290330052
vn -0.025385242 0.9197364 0.391715
vn -0.038957715 0.9864205 -0.159551963
vn -0.0153034739 0.9869524 -0.16028358
vn -0.0153034693 0.8590361 0.5116863
vn -0.00959938 0.951851368 -0.306409568
vn -0.03773435 0.53214246 -0.8458136
vn -0.02218772 0.951777041 -0.305987328
vn -0.0410461724 0.418360084 -0.907353342
vn -0.0492454134 0.417986631 -0.9071175
vn -0.0492443256 0.903654456 -0.4254217
vn -0.008939304 0.5696135 -0.821864069
vn 0.0258322749 -0.0910993144 -0.9955067
vn -0.02962985 0.568033636 -0.822471857
vn 0.0200233478 0.756043136 -0.6542154
vn 0.0200229175 0.158501223 -0.9871558
vn 0.0499823466 0.7545816 -0.6543
vn -0.0500013232 0.0161178112 -0.9986191
vn -0.0200383477 0.0151154706 -0.99968493
vn -0.02003858 0.6542706 -0.755995
vn 0.0103983618 -0.8183835 0.574578345
vn -0.03291041 -0.816195 0.576838434
vn -0.0329103172 -0.9959901 -0.0831908
vn 0.0530197471 -0.9332477 0.355299354
vn 0.0530204736 -0.4856371 0.872551143
vn 0.0273561142 -0.933711 0.356980979
vn -0.027351426 0.326716274 0.944726646
vn -0.0530116 0.3277072 0.943290949
vn -0.0530106835 -0.356250316 0.932885647
vn 0.0329102129 0.0827436447 0.99602735
vn 0.0329102129 0.7039286 0.709507942
vn -0.0104008019 0.08588013 0.996251166
vn 0.0169651657 -0.09133131 0.995676041
vn 0.0169648323 0.57012856 0.8213803
vn 0.0310943928 -0.0911091641 0.995355368
vn -0.0167982914 0.631940663 0.774834752
vn 0 0.6323303 0.7746989
vn 0 -0.0135685215 0.999908
vn 0 0.774734557 0.632286668
vn 0 0.9999072 -0.013624697
vn 0.0167982634 0.7748707 0.6318966
vn -0.0311054066 0.995357454 -0.0910821557
vn -0.0169735067 0.995678842 -0.09129952
vn -0.0169731658 0.8213639 0.570152
vn 0.0200377386 0.8581831 -0.512952566
vn 0.0200378187 0.32750982 -0.9446353
vn 0.0500011034 0.8567607 -0.5132846
vn -0.0500148349 0.189255252 -0.980653346
vn -0.020051714 0.188459978 -0.9818762
vn -0.02005177 0.77562356 -0.6308772
vn 0.0200306848 -0.3561465 -0.9342154
vn 0.0200310554 -0.8733951 -0.48660022
vn 0.04999113 -0.356724 -0.9328713
vn -0.05000232 -0.9328824 -0.356693327
vn -0.02004559 -0.9342246 -0.35612148
vn -0.020045368 -0.486626059 -0.873380363
vn 0.020031495 -0.981864154 0.188524663
vn 0.020031102 -0.630860567 0.7756376
vn 0.04998641 -0.980640948 0.189327091
vn -0.04998977 -0.513282835 0.85676235
vn -0.0200310387 -0.5129484 0.8581857
vn -0.0200313553 -0.944618464 0.3275588
vn 0.020038113 -0.9996848 0.0151261082
vn 0.0200377647 -0.7559884 0.6542782
vn 0.0499945022 -0.9986193 0.0161261875
vn -0.008927949 -0.776030958 0.6306317
vn 0.0280012973 -0.7743337 0.6321576
vn 0.0280008856 -0.9995133 -0.0137505233
vn 0.0103868982 0.08838336 0.9960324
vn -0.0329202041 0.09143133 0.9952671
vn -0.0329196267 -0.5700224 0.820969462
vn 0.03289121 -0.262880445 0.9642677
vn 0.0328911878 0.4188403 0.9074641
vn -0.0104172872 -0.260003328 0.9655515
vn 0.0200317558 0.934223056 -0.356126457
vn 0.0200316031 0.486618876 -0.873384655
vn 0.04998635 0.9328798 -0.356702566
vn -0.04999674 0.356703252 -0.932879
vn -0.0200382229 0.356128126 -0.9342223
vn -0.0200386122 0.873384833 -0.486618429
vn 0.0200370383 -0.188451156 -0.981878161
vn 0.0200371183 -0.775620162 -0.6308818
vn 0.0499996468 -0.1892516 -0.980654836
vn -0.05000008 -0.8567707 -0.513268
vn -0.0200374 -0.8581942 -0.512933969
vn -0.0200374741 -0.327528864 -0.9446287
vn 0 -0.186977744 -0.9823642
vn 0 -0.774681449 -0.632351756
vn 0.0167974085 -0.1873326 -0.982152939
vn -0.03109414 -0.821009755 -0.5700668
vn -0.01696521 -0.8213971 -0.570104361
vn -0.016964769 -0.2626739 -0.9647355
vn 0.0103929983 -0.08587042 0.9962521
vn -0.03291849 -0.08273718 0.9960276
vn -0.03291858 -0.7039225 0.709513545
vn 0.05302681 -0.3277054 0.9432907
vn 0.05302586 0.3562488 0.932885349
vn 0.0273661129 -0.3267193 0.944725156
vn -0.01594957 0.858863652 0.5119559
vn -0.03190073 0.8588093 0.5113012
vn -0.03190129 0.328883618 0.9438315
vn 0.03753154 0.872770548 0.4866857
vn 0.0375319421 0.9813116 -0.18872945
vn 0.0458949581 0.8724562 0.4865325
vn -0.0311045051 0.9041584 -0.426063478
vn -0.01697342 0.904386938 -0.426375628
vn -0.016973583 0.966832042 0.2548486
vn 0.0169914812 0.709968567 -0.704028368
vn 0.01699177 0.09123133 -0.995684743
vn 0.0311223473 0.7095994 -0.703917742
vn -0.0167977363 0.013931335 -0.9997619
vn 0 0.0135450969 -0.999908268
vn 0 0.653136969 -0.7572398
vn -0.0351508744 -0.988288164 0.148495615
vn -0.0534170158 -0.704766 0.7074261
vn -0.05992087 -0.8918648 0.4483154
vn -0.05072361 -0.9861637 0.157824039
vn -0.05642985 -0.9851435 -0.162197515
vn -2.05636047E-06 -0.891005039 -0.45399344
vn -0.0370902866 -0.9889072 -0.14382948
vn 0.0107494742 -0.71058 -0.703534365
vn -0.0302194022 -0.4612405 -0.8867604
vn -1.03488564E-05 -0.7071027 -0.7071108
vn 0.0107993474 -0.7035249 -0.7105886
vn -0.03708262 -0.143793717 -0.9889127
vn -0.0507369936 0.15782477 -0.986162841
vn -0.02860418 -0.187194988 -0.981906235
vn -0.03515975 0.148509324 -0.9882858
vn -0.0472187027 0.4355571 -0.8989218
vn -0.041637335 0.7012153 -0.711732745
vn -0.03474964 0.429777563 -0.9022659
vn -0.05094313 0.8827437 -0.467085
vn -0.0573568344 0.986408234 -0.15397723
vn -0.0423268229 0.8800507 -0.472989559
vn -0.04836152 0.9854737 -0.162796691
vn -0.0548262 0.9878385 0.145496488
vn -0.0598095357 0.888119042 0.4557054
vn -0.0514185 0.9882456 0.1439679
vn -0.0551365241 0.891753554 0.449149758
vn -0.0563837364 0.707695365 0.7042643
vn -0.0551340878 0.449140429 0.891758442
vn -0.0563616753 0.7042694 0.707692
vn -0.05980196 0.4557072 0.8881186
vn -0.0514429845 0.1439572 0.9882459
vn -0.04835308 -0.162793338 0.9854747
vn -0.0548409447 0.1454892 0.987838745
vn -0.05730288 -0.153964132 0.9864134
vn -0.06481124 -0.457194775 0.887001932
vn -0.0297053568 -0.720010459 0.6933272
vn -0.05096714 -0.4670809 0.8827445
vn -0.0347751565 -0.902265549 0.4297762
vn -0.838083267 -0.3857671 -0.3857463
vn -0.8243815 -0.5267693 -0.207145646
vn -0.824380755 -0.207145244 -0.526770651
vn -0.9983411 0.0471645221 0.0330254175
vn -0.9983411 0.0471645221 0.0330254175
vn -0.9983411 0.0471645221 0.0330254175
vn -0.997893155 0.05700165 0.0309848059
vn -0.997893155 0.05700165 0.0309848059
vn -0.997893155 0.05700165 0.0309848059
vn -0.9984707 0.0550725833 -0.004818139
vn -0.9984707 0.0550725833 -0.004818139
vn -0.9984707 0.0550725833 -0.004818139
vn -0.9993697 -0.03429004 -0.009187778
vn -0.9993697 -0.03429004 -0.009187778
vn -0.9993697 -0.03429004 -0.009187778
vn -0.9985181 -0.03693223 0.0399699435
vn -0.9985181 -0.03693223 0.0399699435
vn -0.9985181 -0.03693223 0.0399699435
vn 0.996242 1.23621442E-06 0.0866138563
vn 0.8939273 0.000606019748 0.44821167
vn 0.9962419 -0.000206008568 0.08661417
vn 0.8938365 9.018635E-06 0.448393047
vn 0.6534179 1.54301524E-05 0.756997466
vn 0.653417945 -8.976075E-06 0.756997347
vn 0.3278849 1.54972076E-05 0.944717646
vn 0.327869833 -8.976082E-06 0.94472295
vn -0.0439889729 1.54748559E-05 0.999032
vn -0.04396965 -8.976045E-06 0.999032855
vn -0.4096339 1.54301542E-05 0.912250042
vn -0.409599 -6.30472059E-05 0.912265658
vn -0.717409432 1.54748559E-05 0.696651757
vn -0.717409432 -9.006086E-05 0.696651757
vn -0.923889041 1.55344624E-05 0.382660538
vn -0.923889 -8.97608E-06 0.382660627
vn -0.9999896 0.0003232474 -0.00454764161
vn -0.999989152 6.89241861E-05 -0.004658118
vn 0.9962421 -1.23624352E-06 -0.08661223
vn 0.893928 -0.000606019748 -0.44821015
vn 0.996242046 0.000206030891 -0.0866125
vn 0.893837 -9.018636E-06 -0.448392123
vn 0.6534179 -1.54301524E-05 -0.756997466
vn 0.653417945 8.976075E-06 -0.756997347
vn 0.327886075 -1.550466E-05 -0.9447173
vn 0.3278687 8.976085E-06 -0.9447233
vn -0.0439889729 -1.54748559E-05 -0.999032
vn -0.04396965 8.976045E-06 -0.999032855
vn -0.4096339 -1.54301542E-05 -0.912250042
vn -0.409599 6.30472059E-05 -0.912265658
vn -0.717409432 -1.54748559E-05 -0.696651757
vn -0.717409432 9.006086E-05 -0.696651757
vn -0.923889041 -1.55344624E-05 -0.382660538
vn -0.923889 8.97608E-06 -0.382660627
vn -0.9999896 -0.000322843931 0.00454746233
vn -0.999989152 -6.948273E-05 0.00465799868
vn 0.0100771906 -0.9990472 0.04246312
vn 0.0100771906 -0.9990472 0.04246312
vn 0.0100771906 -0.9990472 0.04246312
vn 0.05627802 -0.997007966 0.0529897958
vn 0.0538699776 -0.997745454 -0.040025074
vn 0.0538699776 -0.997745454 -0.040025074
vn 0.0538699776 -0.997745454 -0.040025074
vn 0.0397146419 -0.9991836 -0.00740487967
vn 0.00519607076 -0.99979943 -0.0193415079
vn 0 -1 3.8223925E-06
vn 0 -1 3.8223925E-06
vn 0.0104917027 -0.99896735 -0.044205647
vn 0.0104917027 -0.99896735 -0.044205647
vn 0.0104917027 -0.99896735 -0.044205647
vn 0.04316813 -0.997794569 -0.0504232049
vn 0 -1 0
vn 0 -1 0
vn 0 -1 0
vn 0.03585904 -0.9993494 0.00386312651
vn -6.705523E-06 0 -1
vn 2.24113464E-05 0 -1
vn 0.64278 -1.64657849E-05 -0.7660509
vn 0.6427791 0 -0.7660516
vn 0.9848043 0 -0.173667833
vn 0.984804332 0 -0.173667639
vn 0.866035 0 0.499983519
vn 0.866025865 0 0.499999166
vn 0.342040151 0 0.939685345
vn 0.342040151 0 0.939685345
vn -0.342027247 0 0.939690053
vn -0.342040956 0 0.939685047
vn -0.866038 0 0.499978125
vn -0.866038144 0 0.499978036
vn -0.984811664 0 -0.173625842
vn -0.9848115 0 -0.173627019
vn -0.6427798 0 -0.766050935
vn -0.6428002 0 -0.7660339
vn -2.11149454E-05 -1.64806843E-05 -1
vn -2.13980675E-05 0 -1
vn 0 -1 0
vn 0 -1 0
vn 0 -1 0
vn 0 -1 -1.73923081E-06
vn 0 -1 0
vn 0 -1 -4.49225263E-06
vn 0 -1 -4.54080237E-06
vn 0 -1 6.95709969E-06
vn 0 -1 0
vn 0.34849 -0.0577703081 0.9355305
vn -0.335023135 -0.0318155363 0.9416726
vn 0.348362178 -0.02868887 0.9369209
vn -0.345955253 -0.0475440323 0.937045634
vn -0.8738589 -0.00269368617 0.48617208
vn 0.739365637 -0.04239895 0.6719679
vn 0.133603185 -0.05973388 0.9892331
vn 0.7390035 -0.02456536 0.673253655
vn 0.101430438 -0.0597867 0.993044555
vn -0.5334252 -0.0424002148 0.844783843
vn -0.951024055 -0.0597315356 0.303291023
vn -0.53471607 -0.0245651547 0.8446747
vn -0.9603401 -0.0597864054 0.272346348
vn 0.7162745 -0.0280050188 -0.6972565
vn 0.9969065 -0.0280043483 -0.07343808
vn 0.7181003 0.008925081 -0.69588244
vn 0.99455893 -0.0200366043 -0.102230549
vn -0.9945587 0.0200363528 -0.102233112
vn -0.6960611 0.0200359169 -0.717703044
vn -0.993409932 0.0499926545 -0.103138208
vn -0.7162736 0.0280050319 -0.6972574
vn -0.716277957 -0.0280097965 0.69725275
vn -0.9969068 -0.028009396 0.073432155
vn -0.7181033 0.008919307 0.695879459
vn -0.9945589 -0.0200326927 0.102231875
vn 0.99455893 0.02003683 0.102230579
vn 0.696062863 0.0200363919 0.7177012
vn 0.99341017 0.0499930866 0.103135608
vn 0.7162747 0.0280095953 0.697256148
vn -0.06458917 -0.997727454 0.0191864856
vn -0.06458917 -0.997727454 0.0191864856
vn -0.06458917 -0.997727454 0.0191864856
vn -0.04584444 -0.9985978 0.0264709815
vn -0.0354668461 -0.9984092 -0.04383214
vn -0.0354668461 -0.9984092 -0.04383214
vn -0.0354668461 -0.9984092 -0.04383214
vn 0 -0.9987134 -0.0507117845
vn -0.00231045042 -0.9988576 -0.0477301851
vn 0.03041008 -0.9988804 -0.03623871
vn 0.03041008 -0.9988804 -0.03623871
vn 0.03041008 -0.9988804 -0.03623871
vn 0.0216499455 -0.9992011 -0.0335911028
vn 0.0436331481 -0.999018 -0.00769432448
vn 0.0436331481 -0.999018 -0.00769432448
vn 0.0436331481 -0.999018 -0.00769432448
vn 0.06615058 -0.9978097 0
vn 0.0261655338 -0.998879254 0.0394409038
vn 0.0261655338 -0.998879254 0.0394409038
vn 0.0261655338 -0.998879254 0.0394409038
vn 0.01383063 -0.9991823 0.0379923768
vn -0.0157310013 -0.9989416 0.0432235971
vn -0.0157310013 -0.9989416 0.0432235971
vn -0.03863163 -0.998082161 0.0483694
vn -6.14556529E-06 -0.765696049 -0.6432026
vn 0.0005985956 -0.949035943 -0.315167278
vn -0.000213526189 -0.7656954 -0.6432033
vn 9.018622E-06 -0.9490981 -0.314980537
vn 1.54823065E-05 -0.9973141 0.07324303
vn -8.976071E-06 -0.997314453 0.07323814
vn 1.54599566E-05 -0.8998608 0.436177224
vn -6.30475843E-05 -0.8998587 0.436181456
vn 1.54674053E-05 -0.6753286 0.737517
vn -8.976085E-06 -0.675322831 0.7375223
vn 1.53630972E-05 -0.355418652 0.9347072
vn -8.976074E-06 -0.3554162 0.9347081
vn 1.55046582E-05 0.0146782855 0.9998923
vn -8.976072E-06 0.0146782994 0.9998923
vn 1.54376048E-05 0.3827005 0.9238725
vn -8.976075E-06 0.382701457 0.9238721
vn 0.00032374 0.7103103 0.7038886
vn 6.03110529E-05 0.71039027 0.703808
vn -1.126001E-05 -0.643205 -0.7656941
vn -0.000616178266 -0.315168679 -0.949035466
vn 0.000196039691 -0.643203855 -0.765695
vn -9.01863E-06 -0.3149768 -0.949099362
vn -1.54897571E-05 0.0732391551 -0.9973144
vn 8.976072E-06 0.07323916 -0.9973144
vn -1.55270118E-05 0.436184019 -0.8998575
vn 8.976072E-06 0.436184019 -0.899857461
vn -1.52811426E-05 0.737516046 -0.6753297
vn 8.976075E-06 0.737516046 -0.6753297
vn -1.57728773E-05 0.9347087 -0.355414748
vn 8.97607E-06 0.9347072 -0.3554187
vn -1.51768336E-05 0.9998923 0.014677316
vn 8.976074E-06 0.9998923 0.0146773318
vn -1.56536717E-05 0.923871338 0.382703245
vn 8.976063E-06 0.9238731 0.3826989
vn -0.000323292916 0.7038841 0.710314751
vn -6.855324E-05 0.7038096 0.71038866
vn -0.999047339 -0.037149556 0.0228992924
vn -0.999047339 -0.037149556 0.0228992924
vn -0.999047339 -0.037149556 0.0228992924
vn -0.997008 -0.07726381 -0.00231207442
vn -0.99774605 -0.009794042 -0.06638474
vn -0.99774605 -0.009794042 -0.06638474
vn -0.99774605 -0.009794042 -0.06638474
vn -0.999183357 -0.0228494816 -0.03332533
vn -0.999805868 0.007034824 -0.0184079316
vn -0.999805868 0.007034824 -0.0184079316
vn -0.99960345 0.0223419182 0.017140504
vn -0.9999528 0.009077406 -0.00346061634
vn -0.9998475 0.013714402 0.0108138407
vn -1 0 0
vn -0.9999495 -0.0100413132 0.00041381325
vn -0.9999495 -0.0100413132 0.00041381325
vn -0.9999495 -0.0100413132 0.00041381325
vn -0.99993515 -0.005172594 0.0101517262
vn -1 0 0
vn -1 0 0
vn -1 0 0
vn -1 0 0
vn -0.999839664 -0.008846631 -0.0155696264
vn -0.999839664 -0.008846631 -0.0155696264
vn -0.998966932 0.0238461941 -0.03868399
vn -0.998966932 0.0238461941 -0.03868399
vn -0.998966932 0.0238461941 -0.03868399
vn -0.997794747 0.005134088 -0.06617651
vn -1 0 0
vn -1 0 0
vn -1 0 0
vn -1 0 0
vn -0.9997548 0.0141218994 0.0170577485
vn -1 0 0
vn -1 0 0
vn -1 0 0
vn -1 0 0
vn -1 0 0
vn -1 0 0
vn -1 0 0
vn -0.9993495 -0.0280881319 -0.0226202533
vn 0 0.7071135 -0.707100034
vn 0 0.707110345 -0.707103252
vn -1.57356262E-05 0.0871707648 -0.9961934
vn 0 0.08717063 -0.9961934
vn 0 -0.573594153 -0.819139659
vn 0 -0.5735907 -0.8191421
vn 0 -0.9659315 -0.258797854
vn 0 -0.9659205 -0.258839
vn 0 -0.9063168 0.422598928
vn 0 -0.9063168 0.422598928
vn 0 -0.42262885 0.906302869
vn 0 -0.422628015 0.9063033
vn 0 0.2588045 0.965929747
vn 0 0.258804381 0.965929747
vn 0 0.8191628 0.573561132
vn 0 0.8191412 0.573591948
vn 0 0.9961964 -0.08713693
vn 0 0.996193051 -0.0871751
vn -1.6435979E-05 0.707097352 -0.7071162
vn 0 0.707097054 -0.707116544
vn -1 0 0
vn -1 0 0
vn -1 0 0
vn -1 0 0
vn -1 1.13518718E-06 0
vn -1 0 0
vn -1 0 0
vn -1 -9.783017E-07 0
vn -1 2.20194465E-06 0
vn -0.0423992574 -0.997966051 -0.0476035476
vn -0.05972426 -0.7939049 0.6051017
vn -0.0245672539 -0.9986192 -0.0464353561
vn -0.0597884879 -0.77390635 0.630471468
vn -0.0423810929 -0.220174775 0.97453934
vn -0.05971288 0.4580026 0.8869431
vn -0.0245505124 -0.219145685 0.9753832
vn -0.059798494 0.486448944 0.871660233
vn 0.0200232137 -0.512952864 -0.8581832
vn 0.0200235788 -0.9446207 -0.3275526
vn 0.04998427 -0.5132891 -0.856758952
vn 0.0280168355 -0.9346309 -0.3545141
vn -0.0280061178 0.8723193 0.488133967
vn -0.0280064661 0.9819496 -0.187057763
vn 0.008928099 0.873726666 0.486335337
vn -0.0200365838 0.987121761 -0.158710971
vn -0.0280158538 0.652748 0.757056952
vn -0.028016625 0.98670584 0.160083324
vn 0.00891956 0.6546862 0.7558481
vn -0.0200381223 0.981865942 0.1885145
vn 0.02003477 -0.9871241 -0.158697084
vn 0.02003499 -0.8581177 0.51306206
vn 0.0499962047 -0.986248434 -0.157526
vn 0.0280061178 -0.8723193 0.488133967
vn -0.997727454 0.03210244 0.0592397824
vn -0.997727454 0.03210244 0.0592397824
vn -0.997727454 0.03210244 0.0592397824
vn -0.9985979 0.0136994356 0.0511333533
vn -0.9984091 0.0560744852 -0.005914206
vn -0.9984091 0.0560744852 -0.005914206
vn -0.9984091 0.0560744852 -0.005914206
vn -0.998713136 0.0358614922 -0.0358611
vn -0.9988575 0.0353867263 -0.0321175344
vn -0.9988801 0.00412432663 -0.0471343435
vn -0.9988801 0.00412432663 -0.0471343435
vn -0.9988801 0.00412432663 -0.0471343435
vn -0.9992009 0.008448324 -0.0390662439
vn -0.999017835 -0.0254157279 -0.03629635
vn -0.999017835 -0.0254157279 -0.03629635
vn -0.999017835 -0.0254157279 -0.03629635
vn -0.9978097 -0.0467742756 -0.0467759781
vn -0.998879 -0.0463958532 0.009386393
vn -0.998879 -0.0463958532 0.009386393
vn -0.998879 -0.0463958532 0.009386393
vn -0.9991821 -0.03664771 0.0170896146
vn -0.9989417 -0.0194366612 0.04168624
vn -0.9989417 -0.0194366612 0.04168624
vn -0.998081863 -0.006885837 0.06152412
vn 0.998544335 0.0527582355 -0.0112141268
vn 0.998544335 0.0527582355 -0.0112141268
vn 0.998544335 0.0527582355 -0.0112141268
vn 0.998610735 0.0426300354 -0.0309728552
vn 0.998610735 0.0426300354 -0.0309728552
vn 0.9993006 0.0186977778 -0.0323855355
vn 0.9993006 0.0186977778 -0.0323855355
vn 0.9987405 0.009435673 -0.0492799021
vn 0.998140454 0.006371382 -0.06062252
vn 0.998140454 0.006371382 -0.06062252
vn 0.996121943 0.0257681087 -0.08412598
vn 0.9992287 -0.0121344253 -0.0373454839
vn 0.9992287 -0.0121344253 -0.0373454839
vn 0.999809742 -0.008127512 -0.0177330319
vn 0.999809742 -0.008127512 -0.0177330319
vn 0.999785244 -0.01605299 0.0131075382
vn 0.999785244 -0.01605299 0.0131075382
vn 0.9973617 0.06283725 -0.03634689
vn 0.9973617 0.06283725 -0.03634689
vn 0.9973617 0.06283725 -0.03634689
vn 0.99409467 0.07940597 0.07396242
vn 0.99409467 0.07940597 0.07396242
vn 0.99409467 0.07940597 0.07396242
vn 0.998156548 0.04732289 -0.03800048
vn 0.998156548 0.04732289 -0.03800048
vn 0.998156548 0.04732289 -0.03800048
vn 0.998381853 0.00247857021 0.0568115748
vn 0.998381853 0.00247857021 0.0568115748
vn 0.998381853 0.00247857021 0.0568115748
vn 0.994848549 -0.0284755938 -0.09729091
vn 0.994848549 -0.0284755938 -0.09729091
vn 0.994848549 -0.0284755938 -0.09729091
vn 0.997851133 0.06004494 -0.0262253769
vn 0.997851133 0.06004494 -0.0262253769
vn 0.997851133 0.06004494 -0.0262253769
vn 0.9980073 0.0542236269 0.03226884
vn 0.9980073 0.0542236269 0.03226884
vn 0.9980073 0.0542236269 0.03226884
vn 0.9977271 -0.0588024221 -0.0329094
vn 0.9977271 -0.0588024221 -0.0329094
vn 0.9977271 -0.0588024221 -0.0329094
vn 0.9960181 0.08494951 -0.0270474833
vn 0.9960181 0.08494951 -0.0270474833
vn 0.9960181 0.08494951 -0.0270474833
vn 0.9998644 -0.0150453607 -0.00669894833
vn 0.9998644 -0.0150453607 -0.00669894833
vn 0.9998644 -0.0150453607 -0.00669894833
vn 0.9893616 -0.08198456 0.120175421
vn 0.9893616 -0.08198456 0.120175421
vn 0.9893616 -0.08198456 0.120175421
vn 0.9989691 -0.04456299 -0.008659944
vn 0.9989691 -0.04456299 -0.008659944
vn 0.9989691 -0.04456299 -0.008659944
vn 0.997982 -0.06349675 0
vn 0.997982 -0.06349675 0
vn 0.997982 -0.06349675 0
vn 0.9965959 -0.08206556 0.007865605
vn 0.9965959 -0.08206556 0.007865605
vn 0.9965959 -0.08206556 0.007865605
vn 0.998898149 -0.005592072 -0.0465961173
vn 0.998898149 -0.005592072 -0.0465961173
vn 0.998898149 -0.005592072 -0.0465961173
vn 0.996483147 0.02163338 0.08095259
vn 0.996483147 0.02163338 0.08095259
vn 0.996483147 0.02163338 0.08095259
vn 0.9968791 -0.05382238 -0.05775147
vn 0.9968791 -0.05382238 -0.05775147
vn 0.9968791 -0.05382238 -0.05775147
vn 0.997518659 0.06807782 0.0179416779
vn 0.997518659 0.06807782 0.0179416779
vn 0.997518659 0.06807782 0.0179416779
vn 0.998116136 0.00512427 0.0611393079
vn 0.998116136 0.00512427 0.0611393079
vn 0.998116136 0.00512427 0.0611393079
vn 0.9927361 -0.117725134 0.0248174276
vn 0.9927361 -0.117725134 0.0248174276
vn 0.9927361 -0.117725134 0.0248174276
vn 0.9994948 -0.03140357 -0.00490462
vn 0.9994948 -0.03140357 -0.00490462
vn 0.9994948 -0.03140357 -0.00490462
vn 0.9999893 0.00455339067 -0.000880067761
vn 0.9999893 0.00455339067 -0.000880067761
vn 0.999456346 -0.00363270682 -0.03276931
vn 0.999456346 -0.00363270682 -0.03276931
vn 0.9997814 0.0131724235 -0.0162368882
vn 0.9980203 0.006573413 0.0625483841
vn 0.999678135 0.0142623186 0.0209803954
vn 0.999678135 0.0142623186 0.0209803954
vn 0.9980203 0.006573413 0.0625483841
vn 0.996963441 0.00326052867 0.07780302
vn 0.999630451 -0.008401583 0.0258550178
vn 0.999630451 -0.008401583 0.0258550178
vn 0.999630451 -0.008401583 0.0258550178
vn 0.999811 -0.00990659 0.0167297516
vn 0.9991048 0.0211508684 0.0366359577
vn 0.9991048 0.0211508684 0.0366359577
vn 0.9977575 -0.0053744656 0.06671677
vn 0.998830259 0.03911972 0.02842149
vn 0.998830259 0.03911972 0.02842149
vn 0.9977817 -0.0172301251 -0.06430293
vn 0.9977817 -0.0172301251 -0.06430293
vn 0.9977817 -0.0172301251 -0.06430293
vn 0.998669267 -0.0364661552 -0.0364676341
vn 0.998669267 -0.0364661552 -0.0364676341
vn 0.998709857 -0.03642306 -0.0353831463
vn 0.9997843 -0.0136265773 -0.0156776663
vn 0.9998515 -0.008994214 0.0147000393
vn 0.9998515 -0.008994214 0.0147000393
vn 0.9997843 -0.0136265773 -0.0156776663
vn 0.9997843 -0.0136265773 -0.0156776663
vn 0.9994883 0.00317204255 -0.0318296738
vn 0.995407641 0.09371788 0.0195083376
vn 0.995407641 0.09371788 0.0195083376
vn 0.995407641 0.09371788 0.0195083376
vn 0.998892963 0.0460127629 0.009780212
vn 0.998892963 0.0460127629 0.009780212
vn 0.998892963 0.0460127629 0.009780212
vn 0.999735355 -0.009404426 0.0209946465
vn 0.999735355 -0.009404426 0.0209946465
vn 0.999735355 -0.009404426 0.0209946465
vn 0.9993425 -0.0318225324 -0.0173760932
vn 0.9993425 -0.0318225324 -0.0173760932
vn 0.9993425 -0.0318225324 -0.0173760932
vn 0.9977724 0.04656107 -0.0477738157
vn 0.9977724 0.04656107 -0.0477738157
vn 0.9977724 0.04656107 -0.0477738157
vn 0.9960984 -0.07630282 -0.0443376824
vn 0.9960984 -0.07630282 -0.0443376824
vn 0.9960984 -0.07630282 -0.0443376824
vn 0.989545047 -0.08463599 0.116779342
vn 0.989545047 -0.08463599 0.116779342
vn 0.989545047 -0.08463599 0.116779342
vn 0.989530146 0.08440517 0.117071822
vn 0.989530146 0.08440517 0.117071822
vn 0.989530146 0.08440517 0.117071822
vn 0.9990583 0.0419102535 -0.0112300236
vn 0.9990583 0.0419102535 -0.0112300236
vn 0.9990583 0.0419102535 -0.0112300236
vn 0.9990858 -0.0137067428 0.0404945835
vn 0.9990858 -0.0137067428 0.0404945835
vn 0.9990858 -0.0137067428 0.0404945835
vn 0.9992218 0.0318305455 -0.0232927874
vn 0.9992218 0.0318305455 -0.0232927874
vn 0.9992218 0.0318305455 -0.0232927874
vn 0.9998092 -0.0187702365 0.005403177
vn 0.9998092 -0.0187702365 0.005403177
vn 0.9998092 -0.0187702365 0.005403177
vn 0.9983109 0.0561177768 0.0150360968
vn 0.9983109 0.0561177768 0.0150360968
vn 0.9983109 0.0561177768 0.0150360968
vn 0.995833 0.0835065 -0.036653053
vn 0.995833 0.0835065 -0.036653053
vn 0.995833 0.0835065 -0.036653053
vn 0.9883187 0.116295658 0.09849626
vn 0.9883187 0.116295658 0.09849626
vn 0.9883187 0.116295658 0.09849626
vn 0.9983097 0.0438894369 0.0380992219
vn 0.9983097 0.0438894369 0.0380992219
vn 0.9983097 0.0438894369 0.0380992219
vn 0.992704 -0.0978923142 0.07039837
vn 0.992704 -0.0978923142 0.07039837
vn 0.992704 -0.0978923142 0.07039837
vn 0.9986929 0.0132286 0.0493704341
vn 0.998599231 0.0374134481 0.0374139547
vn 0.9986929 0.0132286 0.0493704341
vn 0.998599231 0.0374134481 0.0374139547
vn 0.998599231 0.0374134481 0.0374139547
vn 0.997471 0.0408754945 0.05814577
vn 0.9995859 -0.0286925342 -0.00216018641
vn 0.9995859 -0.0286925342 -0.00216018641
vn 0.9995859 -0.0286925342 -0.00216018641
vn 0.999405 0.014331338 0.0313729756
vn 0.999405 0.014331338 0.0313729756
vn 0.999405 0.014331338 0.0313729756
vn 0.998628139 -0.0135511942 0.050579574
vn 0.998628139 -0.0135511942 0.050579574
vn 0.998628139 -0.0135511942 0.050579574
vn 0.9993963 -0.0141332867 0.03173798
vn 0.9993963 -0.0141332867 0.03173798
vn 0.9936588 0.0587723963 0.0958544537
vn 0.9936588 0.0587723963 0.0958544537
vn 0.9936588 0.0587723963 0.0958544537
vn 0.9931716 -0.06314625 0.0980961844
vn 0.9931716 -0.06314625 0.0980961844
vn 0.9931716 -0.06314625 0.0980961844
vn 0.9967995 -0.05541814 -0.0576157235
vn 0.9967995 -0.05541814 -0.0576157235
vn 0.9967995 -0.05541814 -0.0576157235
vn 0.998248339 -0.0571464561 0.0153128691
vn 0.998248339 -0.0571464561 0.0153128691
vn 0.998248339 -0.0571464561 0.0153128691
vn 0.9996818 -0.0002942907 -0.025224328
vn 0.9996818 -0.0002942907 -0.025224328
vn 0.9996818 -0.0002942907 -0.025224328
vn 0.9994291 -0.0318877548 0.0111659328
vn 0.9994291 -0.0318877548 0.0111659328
vn 0.9994291 -0.0318877548 0.0111659328
vn 0.999810755 0.0183512755 -0.006455014
vn 0.999810755 0.0183512755 -0.006455014
vn 0.999810755 0.0183512755 -0.006455014
vn 0.998932064 -0.04462957 -0.0119582275
vn 0.998932064 -0.04462957 -0.0119582275
vn 0.998932064 -0.04462957 -0.0119582275
vn 0.9888218 -0.115632683 0.0941304043
vn 0.9888218 -0.115632683 0.0941304043
vn 0.9888218 -0.115632683 0.0941304043
vn 0.9953531 -0.0874405354 -0.04032746
vn 0.9953531 -0.0874405354 -0.04032746
vn 0.9953531 -0.0874405354 -0.04032746
vn 0.998577058 -0.0272805989 -0.0458222851
vn 0.998577058 -0.0272805989 -0.0458222851
vn 0.998577058 -0.0272805989 -0.0458222851
vn 0.996115 0.0764878541 -0.0436400026
vn 0.996115 0.0764878541 -0.0436400026
vn 0.996115 0.0764878541 -0.0436400026
vn 0.993154347 -0.0495897122 -0.105760656
vn 0.993154347 -0.0495897122 -0.105760656
vn 0.993154347 -0.0495897122 -0.105760656
vn 0.9969496 0.0542175844 -0.0561417677
vn 0.9969496 0.0542175844 -0.0561417677
vn 0.9969496 0.0542175844 -0.0561417677
vn 0.9952407 0.0730151162 0.06453484
vn 0.9952407 0.0730151162 0.06453484
vn 0.9952407 0.0730151162 0.06453484
vn 0.9996562 -0.0261288863 -0.00219367375
vn 0.9996562 -0.0261288863 -0.00219367375
vn 0.9996562 -0.0261288863 -0.00219367375
vn 0.9998084 0.007773264 -0.0179694984
vn 0.9998084 0.007773264 -0.0179694984
vn 0.9998084 0.007773264 -0.0179694984
vn 0.999607742 0.02795494 -0.00168764766
vn 0.999607742 0.02795494 -0.00168764766
vn 0.999607742 0.02795494 -0.00168764766
vn 0.9971053 0.00142865337 -0.07601994
vn 0.9971053 0.00142865337 -0.07601994
vn 0.9971053 0.00142865337 -0.07601994
vn 0.999814332 0.0167938285 0.00945294
vn 0.999089 0.03595759 0.0229835473
vn 0.999089 0.03595759 0.0229835473
vn 0.999814332 0.0167938285 0.00945294
vn 0.999814332 0.0167938285 0.00945294
vn 0.999439836 0.004887046 0.0331083424
vn 0.999439836 0.004887046 0.0331083424
vn 0.9983944 -0.0410821661 -0.0389969237
vn 0.9983944 -0.0410821661 -0.0389969237
vn 0.9983944 -0.0410821661 -0.0389969237
vn 0.998981535 0.0433968045 -0.0123526733
vn 0.998981535 0.0433968045 -0.0123526733
vn 0.998981535 0.0433968045 -0.0123526733
vn 0.999300539 0.03639496 -0.008595912
vn 0.999300539 0.03639496 -0.008595912
vn 0.999300539 0.03639496 -0.008595912
vn 0.998363 -0.05711023 0.0031207467
vn 0.998363 -0.05711023 0.0031207467
vn 0.998363 -0.05711023 0.0031207467
vn 0.999540567 0.03003225 0.00408619037
vn 0.999540567 0.03003225 0.00408619037
vn 0.999982357 0.0001818292 -0.005938941
vn 0.9995381 -0.0240181759 -0.0186201073
vn 0.9995381 -0.0240181759 -0.0186201073
vn 0.9995381 -0.0240181759 -0.0186201073
vn 0.9998016 0.0132671455 -0.0148628931
vn 0.9998016 0.0132671455 -0.0148628931
vn 0.9998016 0.0132671455 -0.0148628931
vn -1 -6.58736753E-05 -5.196374E-05
vn -1 -6.58736753E-05 -5.196374E-05
vn -1 -6.58736753E-05 -5.196374E-05
vn -1 0 -4.24064056E-05
vn -1 -8.850184E-06 5.78517356E-05
vn -1 0 0
vn -1 -8.850184E-06 5.78517356E-05
vn -1 2.45473484E-06 4.193006E-05
vn -1 0 0
vn -1 2.45473484E-06 4.193006E-05
vn -1 0 0
vn -1 0 0
vn -1 0 0
vn -1 0 0
vn -1 0 0
vn -1 0 0
vn -1 0 0
vn -1 2.3967812E-05 -3.83691258E-05
vn -1 2.61362384E-05 -1.047923E-05
vn -1 0 0
vn -1 0 0
vn -1 3.859788E-05 3.125561E-05
vn -1 0 0
vn -1 0 0
vn -1 5.36430343E-05 -1.06261268E-05
vn -1 0 0
vn -1 0 0
vn -1 1.86621928E-05 3.46480447E-05
vn -1 0 0
vn -1 0 0
vn -1 -5.681302E-06 -3.52395728E-05
vn -1 -7.502776E-06 6.04233574E-05
vn -1 -7.502776E-06 6.04233574E-05
vn -1 -5.681302E-06 -3.52395728E-05
vn -1 -5.681302E-06 -3.52395728E-05
vn -1 7.674362E-06 3.704997E-05
vn -1 7.674362E-06 3.704997E-05
vn -1 2.5896E-05 3.92317743E-05
vn -1 -1.42344707E-05 -0.000112555186
vn -1 -1.42344707E-05 -0.000112555186
vn -1 7.973719E-06 6.305E-05
vn -1 0 0
vn -1 0 0
vn -1 0 0
vn -1 0 0
vn -1 3.78851328E-05 -6.54760242E-06
vn -1 0 0
vn -1 0 0
vn -1 3.78851328E-05 -6.54760242E-06
vn -1 3.78851328E-05 -6.54760242E-06
vn -1 -5.250708E-05 -3.01012951E-05
vn -1 -5.250708E-05 -3.01012951E-05
vn -1 0 0
vn -1 -5.313447E-05 2.975038E-05
vn -1 -8.71639E-06 8.867352E-05
vn -1 -8.71639E-06 8.867352E-05
vn -1 0 0
vn -1 0 0
vn -1 5.07667846E-06 4.665636E-05
vn -1 -7.94932E-05 1.22839647E-05
vn -1 -7.94932E-05 1.22839647E-05
vn -1 0 0
vn -1 0 0
vn -1 3.968739E-05 4.230499E-05
vn -1 -4.27616251E-05 4.673446E-05
vn -1 6.629034E-05 -3.39058261E-06
vn -1 4.06259642E-05 -4.32965062E-05
vn -1 5.19026944E-05 -3.592237E-05
vn -1 5.19026944E-05 -3.592237E-05
vn -1 0 0
vn -1 4.388286E-05 -2.79426931E-05
vn -1 4.388286E-05 -2.79426931E-05
vn -1 -1.804522E-05 4.953037E-05
vn -1 -4.27616251E-05 4.673446E-05
vn -1 -5.553126E-05 1.10001656E-05
vn -1 0 0
vn -1 -4.77466965E-05 9.204378E-06
vn -1 -4.77466965E-05 9.204378E-06
vn -1 -4.77466965E-05 9.204378E-06
vn -1 0 -5.45661351E-05
vn -1 0 0
vn -1 0 0
vn -1 0 0
vn -1 0 0
vn -1 0 0
vn -1 0 0
vn -1 0 0
vn -1 0 0
vn -1 0 0
vn -1 0 0
vn -1 0 0
vn -1 0 0
vn -1 0 0
vn -1 0 0
vn -1 0 0
vn -1 0 0
vn -1 0 0
vn -1 0 0
vn -1 0 0
vn -1 0 0
vn -1 0 0
vn -1 0 0
vn -1 0 0
vn -1 0 0
vn -1 0 0
vn -1 0 0
vn -1 1.57889626E-05 -7.590254E-05
vn -1 0 0
vn -1 0 0
vn -1 0 0
vn -1 0 0
vn -1 0 0
vn -1 0 0
vn -1 0 0
vn -1 0 0
vn -1 -1.06506977E-05 -0.000104739629
vn -1 0 0
vn -1 0 0
vn -1 0 0
vn -1 0 0
vn -1 5.40051951E-05 -7.35174E-05
vn -1 5.76852544E-05 3.27466878E-05
vn -1 1.86621928E-05 3.46480447E-05
vn -1 5.76852544E-05 3.27466878E-05
vn -1 1.86621928E-05 3.46480447E-05
vn -1 0 0
vn -1 -1.06506977E-05 -0.000104739629
vn -1 -3.285889E-05 -5.91206253E-06
vn -1 0 0
vn -1 0 0
vn -1 1.022997E-05 -7.311456E-05
vn -1 2.504806E-05 -4.99738162E-05
vn -1 4.32294764E-05 -4.72457832E-05
vn -1 5.25407231E-05 3.63228573E-05
vn -1 5.25407231E-05 3.63228573E-05
vn -1 5.25407231E-05 3.63228573E-05
vn -1 8.602613E-05 -1.69248924E-05
vn -1 8.602613E-05 -1.69248924E-05
vn -1 8.602613E-05 -1.69248924E-05
vn -1 -2.499625E-05 -2.87717248E-05
vn -1 -2.499625E-05 -2.87717248E-05
vn -1 -2.499625E-05 -2.87717248E-05
vn -1 -4.67643622E-05 3.45992776E-05
vn -1 -4.67643622E-05 3.45992776E-05
vn -1 -4.67643622E-05 3.45992776E-05
vn -1 0.0001286208 9.269977E-06
vn -1 0.0001286208 9.269977E-06
vn -1 0.0001286208 9.269977E-06
vn -1 -8.551804E-06 -3.5389352E-05
vn -1 -8.551804E-06 -3.5389352E-05
vn -1 -8.551804E-06 -3.5389352E-05
vn -1 -7.86539458E-05 -1.50418E-05
vn -1 -7.86539458E-05 -1.50418E-05
vn -1 -7.86539458E-05 -1.50418E-05
vn -1 5.760156E-05 5.43462847E-05
vn -1 5.760156E-05 5.43462847E-05
vn -1 5.760156E-05 5.43462847E-05
vn 0.00417857245 0.59170115 0.806146562
vn 0.0454928763 -0.06389066 0.996919453
vn 0.0231664237 0.592157662 0.805489063
vn 0.0377395824 -0.177773923 0.9833474
vn 0.04425176 -0.1778855 0.9830557
vn 0.0442508757 0.496241033 0.86705637
vn 0.00430494966 -0.0183830578 0.9998217
vn -0.0156201618 -0.6564793 0.7541823
vn 0.0265961774 -0.0197156966 0.9994518
vn 0.0111506768 -0.9865746 0.162930056
vn -0.02096014 -0.8607127 -0.508659363
vn 0.027090814 -0.98644954 0.161812946
vn -0.0156308021 -0.296271682 -0.954975843
vn 0.00453469576 0.3867261 -0.9221835
vn 0.0549873859 -0.2725553 -0.9605676
vn 0.0548889451 -0.2986062 -0.9527967
vn 0.0252243578 -0.842052937 -0.5388048
vn 0.04244139 -0.8421069 -0.537638068
vn 0.0527371578 0.359667033 -0.931589246
vn 0.0328212865 0.875268936 -0.482521623
vn 0.0188826248 0.3612035 -0.932295859
vn 0.0665074438 0.8980333 -0.434871137
vn 0.05498938 0.8986424 -0.435221821
vn 0.05498854 0.407645226 -0.9114832
vn -0.0156380255 0.8890171 -0.457606971
vn 0.00452687452 0.975340247 0.22066012
vn 0.06222624 0.9814496 0.181340978
vn 0.0218892377 0.636721849 0.7707828
vn 0.017795302 0.9830294 0.182583034
vn 0.037553627 0.7164512 0.6966257
vn 0.016062703 0.716508269 0.697393656
vn 0.01606305 0.9971598 0.07358233
vn 0.0443557352 -0.03206021 0.998501241
vn -0.0141188633 -0.6324652 0.774460137
vn 0.0259202234 -0.162210926 0.9864156
vn 0.0483246855 -0.2132588 0.975799859
vn 0.0217702817 0.4720489 0.8813035
vn 0.0236803573 0.617807448 0.785972834
vn 0.0177105647 0.9838261 0.178248644
vn 0.04832936 0.9239451 0.3794597
vn 0.05256813 0.975512564 0.2135692
vn 0.02377261 0.952679336 -0.3030461
vn 0.0191660039 0.885763347 -0.463741273
vn 0.013864019 -0.6819911 0.731229067
vn 0.062260028 -0.9904988 0.122620933
vn 0.0261529814 -0.798101068 0.6019557
vn 0.0306684673 -0.959248841 0.280893326
vn 0.0185367055 -0.993706644 0.11046952
vn 0.0183711853 -0.690125346 0.7234567
vn 0.0166943427 -0.987520456 0.15660359
vn 0.016704496 -0.8570921 -0.5148924
vn 0.0167324413 -0.9997112 -0.0172490012
vn 0.032268595 -0.778285742 -0.62708056
vn 0.034303464 -0.657197952 -0.752936959
vn 0.03446612 -0.9874822 -0.153918877
vn 0.0176971518 -0.8635322 -0.50398314
vn -0.0029041227 -0.337851852 -0.941194832
vn 0.0237422716 -0.7619367 -0.6472162
vn 0.04433281 0.371601433 -0.9273333
vn 0.0217710417 -0.1421915 -0.9895997
vn 0.0483242 0.534148455 -0.844008446
vn -0.008075696 0.8641417 -0.503183842
vn 0.0247453377 0.497998685 -0.8668246
vn 0.0274685677 -0.953741 0.299372017
vn 0.0258070342 -0.998684764 -0.04430306
vn 0.0255599711 -0.7933774 0.6081932
vn 0.0314836539 -0.793742359 -0.6074388
vn 0.0293337777 -0.537401259 -0.842816353
vn 0.0295868125 -0.9535115 -0.29990083
vn 0.026813522 -0.333862424 -0.9422404
vn 0.0310972966 0.354435742 -0.93456316
vn 0.0219363421 0.0125489458 -0.999680638
vn 0.00114945055 -0.877064168 -0.480371863
vn 0.0219932962 -0.6348657 -0.7723095
vn 0.0310980976 -0.986581 0.160283446
vn 0.01879964 -0.9883406 -0.1510939
vn 0.0102457721 -0.632231236 0.774711967
vn 0.021935612 -0.87204355 0.488936573
vn 0.0388935432 -0.02168757 0.999008
vn 0.0465551242 -0.341989845 0.9385497
vn 0.0235060789 0.3218528 0.9464979
vn 0.005362893 0.6255398 0.780173838
vn 0.0311020985 0.9818943 0.186858892
vn 0.04655743 0.864903152 0.499774933
vn 0.021939192 0.986685455 -0.161153525
vn 0.01022988 0.85909003 -0.511722267
vn 0.0311120488 0.329161674 -0.9437609
vn 0.04655215 0.6423807 -0.7649706
vn 0.0497867242 0.341582656 -0.9385322
vn 0.0465507656 -0.00039517766 -0.998915851
vn -0.0115837 -0.6498264 0.759994447
vn 0.0299891941 -0.9857434 0.165561542
vn 0.02542984 -0.941974044 0.3347212
vn 0.008529725 -0.881796241 -0.471553415
vn 0.0188598 -0.9501918 -0.3110947
vn 0.040475 -0.3465389 -0.937162
vn 0.0179742835 -0.5038524 -0.863602757
vn -0.00969571248 0.3013909 -0.9534514
vn 0.0230181459 0.129313573 -0.9913366
vn 0.06110112 0.302760661 -0.951106
vn 0.0518435761 0.73889184 -0.671826661
vn 0.032257475 -0.94581753 0.323092252
vn 0.0344613269 -0.9805772 -0.193082452
vn 0.03429355 -0.8750968 0.482731372
vn 0.033024434 -0.805315137 -0.5919264
vn 0.0205256026 -0.401099145 -0.9158047
vn 0.0206910949 -0.8959935 -0.443584979
vn 0.014161109 0.344385028 -0.9387217
vn 0.0464629456 0.8661752 -0.497575939
vn 0.0176524166 0.7679226 -0.640299439
vn -0.00370795536 0.9899839 0.141131356
vn 0.0226418413 0.999133766 -0.0349154435
vn 0.0596895143 0.9893065 0.13307853
vn 0.05049829 0.789967358 0.6110659
vn 0.0504708663 0.99789995 -0.0406004675
vn 0.0206526723 0.985495448 0.1684406
vn 0.0161758754 0.667407036 0.744517446
vn 0.01796782 0.768873453 0.6391485
vn -0.003717924 0.0329550169 0.9994499
vn 0.0226557311 0.207916856 0.9778841
vn 0.05965273 0.04073784 0.9973876
vn 0.0504828766 -0.4646023 0.884079337
vn 0.0259219538 -0.615281641 0.787881
vn 0.0143739525 -0.421803623 0.9065733
vn 0.0429348424 -0.428790152 0.9023833
vn 0.04293484 -0.3274306 0.9438993
vn -0.0428946428 -0.3831706 0.9226811
vn -0.0428947471 -0.481830418 0.875214
vn -0.0143209621 -0.390967518 0.920293033
vn 0.0113216015 0.735580742 0.6773425
vn 0.007714103 0.9162267 0.400586069
vn 0.01464113 0.7354933 0.677373767
vn -0.0106974831 0.9412155 0.337637275
vn -0.007584628 0.941203356 0.337755442
vn -0.00598846236 0.7797624 0.6260469
vn -0.0174885876 0.985963047 -0.166045591
vn 0.0033549543 0.9864689 0.16391404
vn -0.0249235947 0.985865533 -0.165674374
vn 0.0148536423 0.9763583 0.215647385
vn 0.008637147 0.97646755 0.21549134
vn -0.0002193488 0.99348855 -0.113931529
vn 0.0181277711 -0.5024644 -0.864407837
vn -0.008119436 -0.8090719 -0.587653637
vn 0.02755119 -0.5027347 -0.864001632
vn -0.0196004268 -0.843000352 -0.537555754
vn -0.0117442934 -0.842973351 -0.537827134
vn -0.000850431563 -0.553817749 -0.8326375
vn -0.0104353409 -0.995233357 0.09696207
vn -0.007247494 -0.9493309 -0.314194649
vn -0.0143451458 -0.995173454 0.0970775858
vn 0.0139342621 -0.9209026 -0.3895436
vn 0.0102326637 -0.9210035 -0.389419854
vn 0.009045148 -0.9998208 0.0166285541
vn -1 0 0
vn -1 0 0
vn -1 0 0
vn -1 0 0
vn -1 0 0
vn -1 0 0
vn -1 0 0
vn -1 0 0
vn -1 0 0
vn -1 0 0
vn -1 0 0
vn -1 0 0
vn 0.0174885876 -0.985963047 -0.166045591
vn -0.0033549543 -0.9864689 0.16391404
vn 0.0249235947 -0.985865533 -0.165674374
vn -0.0148558384 -0.976358 0.215648592
vn -0.008639212 -0.9764673 0.215492591
vn 0.000218961373 -0.9934887 -0.113930292
vn -0.0113369087 -0.7355911 0.6773309
vn -0.0077258395 -0.916233 0.4005714
vn -0.014657489 -0.73550415 0.677361667
vn 0.0106996829 -0.941219866 0.3376251
vn 0.00758566661 -0.9412081 0.3377421
vn 0.005985909 -0.7797708 0.626036465
vn 0.014328788 0.39096728 0.920293033
vn 0.0429025739 0.383170545 0.922680736
vn 0.0429026745 0.48183012 0.875213742
vn -0.0429388061 0.42879 0.9023832
vn -0.0429388 0.327430636 0.9438991
vn -0.0143778641 0.421803683 0.9065732
vn 0.0104318736 0.9952334 0.09696209
vn 0.00724404 0.9493309 -0.314194679
vn 0.0143416515 0.9951735 0.097077556
vn -0.0139377341 0.920908034 -0.389530629
vn -0.0102361012 0.9210089 -0.3894071
vn -0.00904854 0.99982053 0.0166428778
vn -0.0181277711 0.5024644 -0.864407837
vn 0.008119436 0.8090719 -0.587653637
vn -0.02755119 0.5027347 -0.864001632
vn 0.0196004268 0.843000352 -0.537555754
vn 0.0117442934 0.842973351 -0.537827134
vn 0.000850431563 0.553817749 -0.8326375
vn 0.0143293468 -0.9202923 0.390968919
vn 0.04290275 -0.9226798 0.38317275
vn 0.04290276 -0.8751896 0.481873959
vn -0.042941954 -0.9023834 0.428789318
vn -0.04294194 -0.9438993 0.327429682
vn -0.01438119 -0.906573534 0.4218028
vn 0.0104125682 -0.0969421 0.995235562
vn 0.00722077349 0.314211 0.94932574
vn 0.0143242478 -0.0970616043 0.9951753
vn -0.0139123918 0.389556736 0.920897365
vn -0.0102091441 0.389428943 0.920999944
vn -0.009018821 -0.0166153759 0.9998213
vn -0.0181407221 0.8644247 0.502435
vn 0.008103389 0.587641 0.8090812
vn -0.0275612045 0.864018261 0.502705455
vn 0.0195743591 0.5375261 0.8430199
vn 0.0117194029 0.5378019 0.8429898
vn 0.000840457156 0.8326193 0.5538451
vn 0.017503906 0.1660643 -0.9859596
vn -0.00328546716 -0.163901791 -0.986471236
vn 0.0249413867 0.165691555 -0.9858622
vn -0.0148471221 -0.215670139 -0.9763534
vn -0.008630364 -0.215513363 -0.9764628
vn 0.000226615011 0.113908544 -0.993491232
vn -0.0113245072 -0.6773153 -0.7356057
vn -0.007713561 -0.40055263 -0.9162413
vn -0.0146424873 -0.6773474 -0.735517561
vn 0.0106816916 -0.3375922 -0.941231847
vn 0.007568678 -0.337712824 -0.9412188
vn 0.00590128358 -0.6260074 -0.7797948
vn 0.0143844225 -0.906571031 -0.4218081
vn 0.04294532 -0.9023808 -0.4287943
vn 0.0429453328 -0.943897247 -0.327435017
vn -0.04288504 -0.922662139 -0.383217216
vn -0.04288492 -0.875190139 -0.4818746
vn -0.0143361306 -0.9202759 -0.3910073
vn 0.0113536408 -0.6773219 0.73559916
vn 0.007742901 -0.4005582 0.9162386
vn 0.0146715157 -0.6773509 0.7355138
vn -0.0106800338 -0.337616146 0.941223264
vn -0.00756729627 -0.337735265 0.941210747
vn -0.005901625 -0.62602663 0.7797794
vn -0.0175038427 0.166092947 0.985954762
vn 0.00328601 -0.163873 0.986476
vn -0.0249415915 0.165720239 0.985857368
vn 0.014846378 -0.215670437 0.976353347
vn 0.008629507 -0.215511352 0.9764632
vn -0.000227479279 0.113909036 0.9934912
vn 0.0181000885 0.864425063 -0.502435863
vn -0.008146101 0.587643743 -0.809078753
vn 0.027521614 0.864021 -0.502703
vn -0.019553164 0.5375386 -0.843012452
vn -0.01169734 0.5378168 -0.842980564
vn -0.000815726933 0.8326277 -0.553832531
vn -0.0104396027 -0.09694401 -0.9952351
vn -0.007249102 0.314212531 -0.949325
vn -0.0143509889 -0.09705819 -0.995175242
vn 0.0139682433 0.389555246 -0.9208972
vn 0.0102648353 0.3894369 -0.920995951
vn 0.009073863 -0.0166135933 -0.9998208
vn 0.0143541228 -0.3910155 -0.9202722
vn 0.0429026969 -0.3832258 -0.9226578
vn 0.0429025628 -0.481882453 -0.875184953
vn -0.0429814421 -0.4287804 -0.9023857
vn -0.04298153 -0.3274662 -0.9438848
vn -0.0144199375 -0.4217946 -0.906576753
vn 0.0104292417 -0.9952332 -0.09696499
vn 0.00724353548 -0.949332 0.31419152
vn 0.0143389413 -0.9951732 -0.0970809162
vn -0.0139344567 -0.920908034 0.389530838
vn -0.0102328146 -0.9210087 0.389407545
vn -0.009045242 -0.99982065 -0.0166422632
vn -0.0181410182 -0.502446 0.864418268
vn 0.008104214 -0.809060335 0.5876698
vn -0.0275636651 -0.5027173 0.8640113
vn 0.01957793 -0.842998147 0.537560165
vn 0.01172239 -0.842968345 0.5378355
vn 0.0008294788 -0.553812146 0.832641244
vn 0.0174922347 0.9859629 0.166045547
vn -0.003302136 0.986468256 -0.1639192
vn 0.0249276031 0.9858655 0.16567412
vn -0.0148565322 0.9763583 -0.21564728
vn -0.008640141 0.9764676 -0.215491012
vn 0.000216444969 0.99348855 0.113932028
vn -0.011307084 0.73560065 -0.6773211
vn -0.0076986393 0.916237831 -0.4005608
vn -0.01462698 0.7355114 -0.6773544
vn 0.0106694773 0.941217065 -0.3376339
vn 0.00755636534 0.9412034 -0.337756
vn 0.00595939672 0.7797636 -0.6260457
vn 0.0143950339 0.4217946 -0.9065771
vn 0.04295617 0.4287809 -0.902386665
vn 0.0429562628 0.327466428 -0.943885863
vn -0.0429071859 0.383216858 -0.922661245
vn -0.04290705 0.4818739 -0.8751894
vn -0.0143585652 0.391006529 -0.9202759
vn 0.0113067077 -0.7355923 -0.6773302
vn 0.007698559 -0.916232765 -0.400572479
vn 0.0146264955 -0.735502958 -0.677363634
vn -0.0106837293 -0.9412249 -0.337611556
vn -0.007570479 -0.9412121 -0.337731361
vn -0.00597353373 -0.779779434 -0.6260259
vn -0.01749101 -0.9859629 0.166045576
vn 0.00330051314 -0.9864682 -0.16391933
vn -0.0249256752 -0.9858655 0.165674239
vn 0.0148519641 -0.9763581 -0.215648666
vn 0.008636046 -0.9764673 -0.2154925
vn -0.000219305963 -0.9934887 0.113930389
vn 0.0181410182 0.502446 0.864418268
vn -0.008104214 0.809060335 0.5876698
vn 0.0275636651 0.5027173 0.8640113
vn -0.01957793 0.842998147 0.537560165
vn -0.01172239 0.842968345 0.5378355
vn -0.0008294788 0.553812146 0.832641244
vn -0.0104292417 0.9952332 -0.09696499
vn -0.00724353548 0.949332 0.31419152
vn -0.0143389413 0.9951732 -0.0970809162
vn 0.0139344567 0.920908034 0.389530838
vn 0.0102328146 0.9210087 0.389407545
vn 0.009045242 0.99982065 -0.0166422632
vn 0.0143328682 0.920276 -0.391007364
vn 0.0428817272 0.9226623 -0.383217216
vn 0.0428816155 0.875190258 -0.481874645
vn -0.0429407 0.902381 -0.428794444
vn -0.0429407 0.9438974 -0.327435046
vn -0.0143798571 0.90657115 -0.421808064
vn 0.0104396027 0.09694401 -0.9952351
vn 0.007249102 -0.314212531 -0.949325
vn 0.0143509889 0.09705819 -0.995175242
vn -0.0139676556 -0.3895552 -0.9208972
vn -0.0102643073 -0.38943702 -0.9209959
vn -0.009073872 0.0166135188 -0.9998208
vn -0.0181139112 -0.8644251 -0.502435148
vn 0.008132083 -0.5876427 -0.8090797
vn -0.0275351759 -0.864019752 -0.5027044
vn 0.01955262 -0.53753835 -0.843012631
vn 0.01169696 -0.537817 -0.842980444
vn 0.0008159877 -0.832627654 -0.55383265
vn 0.0175038427 -0.166092947 0.985954762
vn -0.00328573585 0.163873032 0.986476
vn 0.02494151 -0.165720284 0.985857368
vn -0.0148465568 0.215671033 0.9763532
vn -0.008629697 0.215511933 0.9764631
vn 0.000226970777 -0.11390847 0.993491232
vn -0.01132469 0.6773212 0.7356003
vn -0.00771431625 0.4005599 0.9162381
vn -0.014642424 0.6773532 0.735512257
vn 0.0106800338 0.337616146 0.941223264
vn 0.00756729627 0.337735265 0.941210747
vn 0.005901625 0.62602663 0.7797794
vn 0.0143851051 0.9065735 0.421802878
vn 0.0429459251 0.9023832 0.428789258
vn 0.04294591 0.9438991 0.327429682
vn -0.0428981334 0.92268 0.38317278
vn -0.0428981371 0.8751898 0.481874168
vn -0.0143247871 0.9202923 0.390969068
vn 0.0112966066 0.677321136 -0.73560077
vn 0.00768478075 0.400561273 -0.9162378
vn 0.0146147683 0.677354634 -0.7355115
vn -0.0106533319 0.337605864 -0.941227257
vn -0.007540351 0.337730646 -0.9412126
vn -0.005872957 0.626019537 -0.7797853
vn -0.017504096 -0.166064337 -0.98595953
vn 0.003284967 0.163901836 -0.986471236
vn -0.024941491 -0.165691555 -0.9858622
vn 0.0148465624 0.2156701 -0.9763534
vn 0.00862995349 0.215513363 -0.9764628
vn -0.000226341188 -0.113908589 -0.993491232
vn 0.0181407221 -0.8644247 0.502435
vn -0.008103389 -0.587641 0.8090812
vn 0.0275612045 -0.864018261 0.502705455
vn -0.0195743591 -0.5375261 0.8430199
vn -0.0117194029 -0.5378019 0.8429898
vn -0.000840457156 -0.8326193 0.5538451
vn -0.0104120588 0.09694205 0.9952356
vn -0.00722111948 -0.314210981 0.94932574
vn -0.0143234283 0.09706167 0.9951753
vn 0.0138851553 -0.389560074 0.9208964
vn 0.0101823332 -0.389427274 0.921000957
vn 0.00899244 0.0166138429 0.999821544
vn 1.72324471E-05 -1 2.17556953E-06
vn 9.97942E-06 -1 2.16066837E-06
vn -1.04978681E-05 -0.9135437 -0.406740516
vn -9.97942E-06 -0.913543761 -0.406740516
vn 9.979418E-06 -0.6691345 -0.7431413
vn 1.70837338E-05 -0.6691345 -0.7431413
vn 9.979421E-06 -0.3090214 -0.9510551
vn 1.703416E-05 -0.309020966 -0.9510552
vn 9.979417E-06 0.104530416 -0.9945217
vn 1.70341718E-05 0.104529016 -0.994521856
vn 9.97941152E-06 0.499998868 -0.866026044
vn 1.70837629E-05 0.4999937 -0.8660291
vn 9.97942E-06 0.809015155 -0.587787867
vn 1.70341646E-05 0.809015155 -0.587787867
vn 9.979419E-06 0.978147 -0.207914829
vn 1.72820164E-05 0.978147 -0.207914829
vn 9.979419E-06 0.9781483 0.2079086
vn 1.70341609E-05 0.9781483 0.20790863
vn 9.979409E-06 0.8090165 0.5877859
vn -8.944396E-05 0.809020042 0.5877811
vn 9.979418E-06 0.500000238 0.866025269
vn -8.93942852E-05 0.5000014 0.8660246
vn 9.97942E-06 0.104537763 0.9945209
vn 1.70341646E-05 0.1045373 0.994520962
vn 9.979418E-06 -0.3090159 0.9510569
vn 1.70837338E-05 -0.3090159 0.9510569
vn 9.979419E-06 -0.6691285 0.7431468
vn 1.71333031E-05 -0.6691285 0.7431468
vn 9.979418E-06 -0.913544357 0.406739146
vn 1.68358765E-05 -0.913544357 0.406739146
vn -1.02743506E-05 -1 -3.65078449E-06
vn -9.97942E-06 -1 -3.65078449E-06
vn 0.9985939 -0.03547155 -0.03939508
vn 0.9985939 -0.03547155 -0.03939508
vn 0.9985939 -0.03547155 -0.03939508
vn 0.998902857 -0.0286943428 -0.0370104834
vn 0.9997023 -0.022291217 0.009924871
vn 0.9997023 -0.022291217 0.009924871
vn 0.9997023 -0.022291217 0.009924871
vn 0.9998186 -0.01831478 0.00522381766
vn 0.998487949 -0.0367822945 0.0408526435
vn 0.9978423 -0.03869142 0.05304402
vn 0.998487949 -0.0367822945 0.0408526435
vn 0.998487949 -0.0367822945 0.0408526435
vn 0.99772054 -0.0490126051 0.0463841781
vn 0.997506 -0.00119752821 -0.0705713257
vn 0.997506 -0.00119752821 -0.0705713257
vn 0.997506 -0.00119752821 -0.0705713257
vn 0.9978758 0.0168607142 -0.06292614
vn 0.9987495 0.0353510231 -0.03535139
vn 0.9987495 0.0353510231 -0.03535139
vn 0.9987915 0.03531088 -0.0341859348
vn 0.9985679 -0.03782983 0.0378295742
vn 0.9975243 -0.0409545824 0.0571655259
vn 0.9985679 -0.03782983 0.0378295742
vn 0.9985679 -0.03782983 0.0378295742
vn 0.9982325 -0.0451460481 0.0386491939
vn 0 3.29315662E-06 1
vn 0 3.29315662E-06 1
vn -1.513958E-05 0.499989 0.866031766
vn 0 0.499988943 0.866031766
vn 0 0.866028547 0.499994516
vn 0 0.8660286 0.499994516
vn 0 1 -7.55488873E-06
vn 0 1 -7.04824834E-06
vn 0 0.8660228 -0.50000453
vn 0 0.86602217 -0.500005662
vn 0 0.499988943 -0.866031766
vn 0 0.499988943 -0.866031766
vn 0 -2.30968021E-06 -1
vn 0 -3.29315662E-06 -1
vn 0 -0.500007033 -0.866021335
vn 0 -0.5000103 -0.8660195
vn 0 -0.8660296 -0.499992669
vn 0 -0.8660299 -0.499992281
vn 0 -1 9.685755E-06
vn 0 -1 9.655952E-06
vn 0 -0.8660228 0.50000453
vn 0 -0.86602217 0.500005662
vn 0 -0.499988943 0.866031766
vn 0 -0.499988258 0.8660322
vn -1.51470313E-05 -2.29850434E-06 1
vn 0 -2.30968021E-06 1
vn 0 1 -2.11894512E-05
vn 0 1 -1.32620335E-05
vn -1.32620335E-05 0.8412464 0.540651858
vn 0 0.841246367 0.540652037
vn 0 0.415430844 0.9096248
vn 0 0.415430725 0.9096248
vn 0 -0.142294914 0.989824355
vn 0 -0.142293736 0.9898245
vn 0 -0.6548467 0.7557617
vn 0 -0.654846668 0.755761743
vn 0 -0.959488034 0.281749278
vn 0 -0.959488034 0.281749278
vn 0 -0.9594976 -0.281716853
vn 0 -0.9594976 -0.2817169
vn 0 -0.6548706 -0.75574106
vn 0 -0.654872239 -0.7557396
vn 0 -0.1423322 -0.989819
vn 0 -0.1423323 -0.989819
vn 0 0.415440083 -0.9096206
vn 0 0.41543597 -0.909622431
vn 0 0.8412479 -0.540649533
vn 0 0.841243744 -0.5406561
vn -1.20401382E-05 1 1.64061785E-05
vn 0 1 1.642108E-05
vn -1 -7.433578E-05 5.880151E-05
vn -1 -7.433578E-05 5.880151E-05
vn -1 -7.433578E-05 5.880151E-05
vn -1 -6.450204E-05 3.29790441E-06
vn -1 -5.58853062E-05 1.2386754E-05
vn -1 -5.9356913E-05 3.893503E-05
vn -1 -4.02536025E-05 6.98566E-05
vn -1 4.79417031E-05 5.227725E-05
vn -1 4.79417031E-05 5.227725E-05
vn -1 4.79417031E-05 5.227725E-05
vn -1 4.54203328E-05 -4.521519E-05
vn -1 -3.87229629E-05 -6.548847E-05
vn -1 -3.87229629E-05 -6.548847E-05
vn -1 -3.87229629E-05 -6.548847E-05
vn -1 -5.031193E-05 -3.180731E-05
vn -1 7.17669E-06 -5.77963547E-05
vn -1 7.17669E-06 -5.77963547E-05
vn -1 7.17669E-06 -5.77963547E-05
vn -1 -5.264667E-05 1.43700827E-05
vn -1 -5.264667E-05 1.43700827E-05
vn -1 -5.264667E-05 1.43700827E-05
vn -1 -5.379891E-05 6.161117E-06
vn -1 3.34902543E-05 3.17651866E-05
vn -1 3.34902543E-05 3.17651866E-05
vn -1 3.34902543E-05 3.17651866E-05
vn -1 3.223415E-05 -4.03817139E-05
vn -1 -3.138338E-05 -2.70012188E-05
vn -1 -3.138338E-05 -2.70012188E-05
vn -1 -3.138338E-05 -2.70012188E-05
vn -1 -3.060706E-05 -1.8945404E-05
vn -1 -8.53487E-05 -1.5552383E-05
vn -1 -8.53487E-05 -1.5552383E-05
vn -1 -8.53487E-05 -1.5552383E-05
vn -1 -5.21379661E-05 4.9868464E-05
vn -1 -1.24944463E-05 4.91102874E-05
vn 0.03703088 -0.6771757 0.734889
vn 0.05720154 -0.9902474 0.127035573
vn 0.023863 -0.6780598 0.73461926
vn 0.05304151 -0.9934028 0.1016733
vn -0.00409849267 0.409783781 -0.9121735
vn -0.0116480822 0.404478461 -0.914473355
vn -0.0592554472 0.5048199 -0.8611885
vn 0.0588525347 0.3238067 -0.9442911
vn -1 0 0
vn -1 0 0
vn -1 0 0
vn -1 0 0
vn -1 0 0
vn -1 0 0
vn -1 0 0
vn -1 0 0
vn -1 0 0
vn -1 0 0
vn -1 0 0
vn -1 0 0
vn -1 0 0
vn -1 0 0
vn -1 0 0
vn -1 0 0
vn -1 0 0
vn -1 0 0
vn -1 0 0
vn -1 0 0
vn -1 0 0
vn -1 0 0
vn -1 0 0
vn -1 0 0
vn -1 0 0
vn -1 0 0
vn -1 0 0
vn -1 0 0
vn -1 0 0
vn -1 0 0
vn -1 0 0
vn -1 0 0
vn -1 0 0
vn -1 0 0
vn -1 0 0
vn -1 0 0
vn -1 0 0
vn -1 0 0
vn -1 0 0
vn -1 0 0
vn -1 0 0
vn -1 0 0
vn -1 0 0
vn -1 0 0
vn -0.0031074665 -0.424209923 -0.9055585
vn -0.0108015388 -0.429531962 -0.902987063
vn -0.0588457435 -0.323804319 -0.9442923
vn 0.05927317 -0.504810035 -0.8611931
vn -0.00310704764 0.905556 -0.424215347
vn -0.0108013051 0.90298456 -0.429537266
vn -0.05884558 0.94429034 -0.32381013
vn 0.0592489243 0.861190438 -0.504817367
vn -0.004136553 0.912174165 0.4097818
vn -0.01168526 0.914474249 0.4044754
vn -0.0592929348 0.8611877 0.5048169
vn 0.05886711 0.9442913 0.3238035
vn -0.003133269 0.424198925 0.9055636
vn -0.0108270654 0.4295214 0.902991831
vn -0.0588715374 0.323792458 0.9442948
vn 0.0592771 0.5048195 0.8611873
vn -0.00412400952 -0.40978387 0.912173331
vn -0.0116732223 -0.4044782 0.9144732
vn -0.0592804328 -0.5048194 0.8611871
vn 0.05885577 -0.3237954 0.944294751
vn -0.00313304737 -0.9055562 0.424214721
vn -0.01082645 -0.902984142 0.429537475
vn -0.0588709973 -0.9442891 0.323809057
vn 0.05927404 -0.8611889 0.5048171
vn -0.004122795 -0.912174344 -0.409781635
vn -0.0116718858 -0.9144743 -0.4044757
vn -0.0592796952 -0.8611886 -0.504816949
vn 0.0588517264 -0.94429 -0.32381
vn 1 1.99425654E-06 0
vn 1 0 0
vn 1 0 0
vn 1 0 0
vn 1 0 0
vn 1 0 0
vn 1 7.00186E-07 0
vn 1 1.4001522E-06 0
vn 1 -8.698597E-07 0
vn 1 1.4001522E-06 0
vn 1 0 0
vn 1 1.4001522E-06 0
vn 1 0 0
vn 1 -8.69924236E-07 0
vn 1 -1.50048311E-06 0
vn 1 0 0
vn 1 0 0
vn 1 0 0
vn 1 -1.52232019E-06 0
vn 1 -7.502281E-07 0
vn 1 -2.20039442E-06 0
vn 1 0 0
vn 1 0 0
vn 0.0213640835 -0.832145631 -0.554145455
vn 0.02111171 -0.9936454 0.110558093
vn 0.0352763347 -0.915144444 -0.401579678
vn 0.02362667 -0.99942404 -0.0243593715
vn 0.0321344249 -0.988265634 0.149326652
vn 0.04353188 -0.8524426 -0.5210054
vn 0.02666686 -0.7736409 0.633063
vn 0.013203498 -0.650448 0.759436
vn 0.05616566 -0.21223256 0.9756038
vn 0.06657813 -0.672203958 0.737366438
vn 0.0183369964 -0.177229688 0.983998656
vn 0.0413048677 -0.00434121536 0.999137163
vn 0.02385775 0.4727626 0.880866766
vn -0.003867034 0.6208759 0.783899367
vn 0.05616878 0.9239481 0.378371477
vn 0.06658731 0.6094773 0.7900023
vn 0.0321450159 0.979738057 0.197686628
vn 0.0260722432 0.938996553 -0.342936873
vn 0.0212197583 0.8644439 -0.5022813
vn -0.00744657731 0.985357463 0.170338571
vn 0.03740461 -0.0194701552 -0.9991105
vn 0.0376189575 -0.6574722 -0.752539158
vn 0.0348346531 -0.193234175 -0.980534136
vn 0.0189862177 -0.7476222 -0.6638529
vn 0.009993612 -0.851735055 -0.523877442
vn 0.01475675 -0.338335633 -0.9409098
vn 0.0250323284 -0.167741463 -0.985513151
vn 0.0273417942 0.367326021 -0.9296903
vn 0.0540309548 0.5332245 -0.8442466
vn 0.06435405 0.883984149 -0.463066518
vn 0.05399814 0.9514657 -0.302980483
vn 0.01992752 0.0215518363 -0.9995691
vn 0.00499555469 -0.323885143 -0.946083248
vn 0.0326043367 0.359453261 -0.932593346
vn 0.0553686358 -0.6422438 -0.764498055
vn 0.0592553 -0.34143728 -0.938034832
vn 0.0263445079 -0.8694091 -0.493390173
vn 0.016150862 -0.348809749 -0.9370544
vn 0.02247385 -0.9862757 -0.163570434
vn 0.030293338 -0.9822688 0.185014278
vn 0.05182857 -0.864639 0.4997132
vn 0.0121124815 -0.6516222 0.758447
vn 0.0225077868 -0.350782752 0.9361864
vn 0.0161391962 -0.007258415 0.9998434
vn 0.05539251 0.341998875 0.9380663
vn 0.0263298452 0.648202837 0.761012435
vn 0.0224679261 0.870823443 0.4910823
vn 0.0302886441 0.9862976 0.162171483
vn 0.0180707015 0.9866882 -0.161616251
vn 0.008256045 0.8718349 -0.489730269
vn 0.0199457332 0.6319077 -0.774786949
vn 0.0271788817 0.330926329 -0.94326514
vn 0.02716814 0.793340147 0.6081722
vn 0.0275147948 0.998639 -0.0443069674
vn 0.0292874239 0.9537815 0.299070477
vn 0.029821 0.9535003 -0.299913317
vn 0.02946855 0.5374014 -0.8428116
vn 0.03173386 0.7938723 -0.607256
vn 0.022440128 -0.8958728 -0.443743646
vn 0.0226955116 -0.971461833 0.236107871
vn 0.0367135331 -0.9972514 0.06435641
vn 0.0375906937 -0.8752157 0.482270032
vn 0.0373958461 -0.3599826 0.932209253
vn 0.03478967 -0.5169228 0.8553248
vn 0.04923571 -0.76805675 0.638486266
vn 0.04923479 -0.177089423 0.9829625
vn 0.04103367 -0.7681865 0.6389099
vn 0.0234252438 -0.0551387668 0.9982039
vn 0.00708510075 -0.0557312034 0.998420656
vn 0.0426159054 -0.68338716 0.728811264
vn 0.0160669982 0.100618362 0.9947954
vn 0.0160672758 0.7165822 0.69731766
vn 0.0398811921 0.101189077 0.99406755
vn 0.0225445181 0.6259345 0.7795497
vn 0.0585691854 0.6262241 0.7774401
vn 0.040712107 -0.0206992049 0.9989565
vn 0.0287733469 0.9811723 0.190979123
vn -0.00113774464 0.981967 0.189049184
vn -0.01828406 0.6307405 0.7757784
vn 0.02037442 0.8853925 -0.46439755
vn 0.0132584153 0.8855709 -0.464315
vn 0.0492413267 0.9369729 0.345914871
vn 0.04924219 0.939815938 -0.338114262
vn 0.04103878 0.93740356 0.34581852
vn 0.0141886212 0.8112423 -0.584538
vn 0.0141887907 0.245649308 -0.969255
vn 0.03762151 0.8103793 -0.584696531
vn 0.0235771984 0.371177137 -0.9282627
vn 0.05037084 0.369436979 -0.9278896
vn 0.05036603 0.879898369 -0.472485036
vn 0.0299667157 -0.3112152 -0.9498669
vn -0.00841239747 -0.3133844 -0.9495891
vn -0.008412407 0.370380819 -0.9288419
vn 0.017136395 -0.857635736 -0.513972163
vn 0.0276633184 -0.8574207 -0.513872147
vn 0.02456504 -0.9907729 0.133287817
vn 0.04239751 -0.9900204 0.13439548
vn 0.0513849221 -0.1688491 -0.984301567
vn 0.0513860546 -0.762661636 -0.6447533
vn 0.04350725 -0.1691438 -0.984630644
vn 0.0123598324 -0.911872268 -0.410287946
vn 0.012360042 -0.962249041 0.271889657
vn 0.0354294777 -0.911626935 -0.4094889
vn 0.028768193 -0.655995846 0.7542161
vn -0.00114106759 -0.654724 0.7558672
vn -0.018294353 -0.9872176 0.158324912
vn 0.0215999428 0.999631643 -0.0164334327
vn 0.03620567 0.856721044 -0.51450783
vn 0.0356886461 0.9869488 0.157030135
vn 0.05611024 0.7380196 -0.6724424
vn 0.00609893957 0.325963825 -0.9453626
vn 0.00666110637 0.85737747 -0.51464504
vn 0.02158673 0.1574239 -0.9872952
vn 0.0361937769 -0.3579025 -0.933057249
vn 0.05612752 -0.5340296 -0.8436007
vn 0.00610519 -0.8743873 -0.4851902
vn 0.0212957114 -0.942793 -0.332697868
vn 0.0305335242 -0.9824315 0.184108824
vn 0.02031524 -0.926477134 0.375802428
vn 0.03419618 -0.614668369 0.788044035
vn 0.0250041466 -0.4947131 0.8686966
vn -0.003184367 0.00365582155 0.999988258
vn 0.02209017 0.200201869 0.979505658
vn 0.0453212149 0.662917 0.7473199
vn 0.0539931767 0.790421963 0.6101786
vn -0.003156753 0.9854307 0.170047924
vn 0.999344766 -0.03599221 -0.00382435485
vn 0.999344766 -0.03599221 -0.00382435485
vn 0.999344766 -0.03599221 -0.00382435485
vn 0.987333238 0.136494115 -0.08088549
vn 0.987333238 0.136494115 -0.08088549
vn 0.987333238 0.136494115 -0.08088549
vn 0.9993448 0.0359904468 -0.003824765
vn 0.9993448 0.0359904468 -0.003824765
vn 0.9993448 0.0359904468 -0.003824765
vn 0.0868732855 0.156194255 0.9838986
vn 0.08236934 0.381341577 0.9207573
vn 0.09175662 0.155886173 0.983504057
vn -0.0191755686 0.4820216 0.8759495
vn -0.014459502 0.481754839 0.8761868
vn -0.0134522077 0.265388519 0.96404773
vn -0.137010589 -0.07754124 0.98753
vn -0.111109041 -0.306475222 0.945371747
vn -0.138981178 -0.07761603 0.9872487
vn 0.0271924268 -0.438836634 0.898155332
vn 0.0212210324 -0.438537478 0.898462355
vn 0.0175071284 -0.218446016 0.975692
vn 0 0.933044553 -0.3597609
vn 0 0.9586432 0.284610569
vn -0.028602019 0.933095 -0.358490884
vn 0.05496658 0.934382 0.352007031
vn 0.0307886712 0.93513906 0.35294047
vn 0.0307893082 0.956044436 -0.291600853
vn -0.0308443177 0.7732132 0.633395553
vn -0.0308450386 0.225484371 0.9737584
vn -0.05502158 0.7720393 0.6331887
vn 0.0285968035 0.156128034 0.987322748
vn 0 0.155004114 0.987913847
vn 0 0.7258326 0.687871456
vn 0.999380648 -0.0284604989 -0.0206966288
vn 0.999380648 -0.0284604989 -0.0206966288
vn 0.999380648 -0.0284604989 -0.0206966288
vn 0.9987984 -0.0133181205 -0.04716378
vn 0.9987984 -0.0133181205 -0.04716378
vn 0.9987984 -0.0133181205 -0.04716378
vn 0.9995138 -0.0307480581 -0.00517079746
vn 0.9995138 -0.0307480581 -0.00517079746
vn 0.9995138 -0.0307480581 -0.00517079746
vn 0.9997898 -0.0104855867 0.01761847
vn 0.9997898 -0.0104855867 0.01761847
vn 0.9997898 -0.0104855867 0.01761847
vn 0.9997899 0.0104830032 0.01761637
vn 0.9997899 0.0104830032 0.01761637
vn 0.9997899 0.0104830032 0.01761637
vn 0.999514043 0.0307408534 -0.005170348
vn 0.999514043 0.0307408534 -0.005170348
vn 0.999514043 0.0307408534 -0.005170348
vn 0.99961555 0.027711954 -0.000898039551
vn 0.9995295 0.0214148872 -0.0219615661
vn 0.9995295 0.0214148872 -0.0219615661
vn 0.999270141 0.03132649 -0.021859685
vn 0.9993068 0.0173190758 -0.0329547
vn 0.9993068 0.0173190758 -0.0329547
vn 0.9993068 0.0173190758 -0.0329547
vn 0.999403358 0.0280666575 -0.0201300252
vn 0.999403358 0.0280666575 -0.0201300252
vn 0.999403358 0.0280666575 -0.0201300252
vn 0.998812437 0.0161079429 -0.0459819734
vn 0.998812437 0.0161079429 -0.0459819734
vn 0.998812437 0.0161079429 -0.0459819734
vn 0.0362797156 -0.9983843 0.0437327
vn 0.0362797156 -0.9983843 0.0437327
vn 0.0362797156 -0.9983843 0.0437327
vn -0.5928886 -0.119468972 -0.796373248
vn -0.593129635 -0.12999016 -0.7945438
vn -0.592761755 -0.128150061 -0.7951171
vn -0.598497 -0.27860707 -0.7511188
vn -0.5891217 -0.449948937 -0.671179235
vn -0.583946347 -0.229422629 -0.7786989
vn -0.6117292 -0.240237087 -0.7537066
vn -0.60664 -0.287604272 -0.741128743
vn -0.585166 -0.418645948 -0.6944901
vn -0.57507807 -0.401864558 -0.712594
vn -0.573066354 -0.5023851 -0.647459865
vn -0.5710214 -0.474775046 -0.669718742
vn -0.612622738 -0.6286983 -0.478990465
vn -0.6368057 -0.6594953 -0.399430245
vn -0.5662084 -0.6577081 -0.496817976
vn -0.06074348 -0.8554055 0.514384747
vn -0.06074348 -0.8554055 0.514384747
vn -0.06074348 -0.8554055 0.514384747
vn -0.0211008713 -0.865838766 0.499878
vn -0.0211008713 -0.865838766 0.499878
vn 0 -0.8660449 0.499966264
vn 0 -0.8660449 0.499966264
vn -0.01874959 -0.863112867 0.5046629
vn -0.01874959 -0.863112867 0.5046629
vn -0.01874959 -0.863112867 0.5046629
vn -0.00878411252 -0.8864379 0.462764144
vn -0.00878411252 -0.8864379 0.462764144
vn -0.00878411252 -0.8864379 0.462764144
vn 0.5473674 0.3744295 0.748459458
vn 0.535776258 0.2401513 0.809488237
vn 0.566048 0.549464 0.614555836
vn 0.461155325 0.328575939 0.8242413
vn 0.444433868 0.213665053 0.8699574
vn 0.4446615 0.195646271 0.874070168
vn 0.5893923 0.752564 0.293707579
vn 0.5772169 0.8158923 -0.03376989
vn 0.593199551 0.796074867 0.119912945
vn 0.460579216 0.5418768 -0.70301944
vn 0.45841372 0.200193763 -0.865898
vn 0.447319865 0.3262409 -0.8327496
vn 0.47198683 0.194134071 -0.8599653
vn 0.461192727 0.0031452775 -0.8872944
vn 0.462362677 0.320993364 -0.8265495
vn 0.4575248 0.190610453 -0.868526757
vn 0.4575248 -0.190610453 -0.868526757
vn 0.44382146 -7.968397E-06 -0.896115243
vn 0.472036 -0.19412908 -0.859939456
vn 0.4624089 -0.3209859 -0.8265265
vn 0.461238682 -0.00314193126 -0.88727057
vn 0.458416373 -0.200195849 -0.865896165
vn 0.4605543 -0.5418747 -0.703037441
vn 0.447322667 -0.326242834 -0.8327473
vn 0.5772141 -0.8158943 -0.0337700434
vn 0.589387655 -0.7525678 0.293707132
vn 0.5931966 -0.7960772 0.119912386
vn 0.489654452 -0.5763316 0.6542786
vn 0.453489125 -0.256765872 0.8534746
vn 0.4552976 -0.4000043 0.7954248
vn 0.454051644 -0.259562671 0.8523288
vn 0.454841733 -0.276691467 0.846499145
vn 0.456193149 -0.3917885 0.7989928
vn 0.0292208679 -0.8109891 0.5843312
vn 0.0282128826 -0.700659633 0.712937653
vn 0.028950572 -0.7006433 0.7129242
vn 0.0102352761 -0.0779492259 -0.9969048
vn 0.0216172878 0.02898573 -0.9993461
vn 0.0003099181 -0.12655662 -0.991959333
vn -0.0250467788 -0.0289324988 -0.9992675
vn 0.0522491 0.21366331 -0.9755091
vn -0.0572066419 -0.189485982 -0.980215549
vn -0.009428602 0.345526457 -0.938361645
vn -0.00978942 0.370536178 -0.9287664
vn -0.010128988 0.392272353 -0.919793367
vn 0.100600906 0.870279551 -0.482175231
vn 0.07486179 0.9845836 -0.15808481
vn 0.104853064 0.870308161 -0.4812167
vn 0.1326787 0.847163856 0.5144996
vn 0.0591814332 0.9772521 0.20365642
vn 0.122724183 0.8467186 0.5176934
vn -0.06007604 0.688242733 0.722988844
vn -0.0213496983 0.8389447 0.5437978
vn -0.0335295 0.7446863 0.6665719
vn 0.0292207766 0.810989141 0.5843311
vn 0.0289504547 0.7006432 0.712924242
vn 0.0282128789 0.700659752 0.712937534
vn 0.009685048 0.782044768 0.6231471
vn -0.0317573734 0.6884969 0.724543631
vn -0.0179231018 0.727856934 0.6854947
vn -0.04981392 0.541055143 0.8395105
vn -0.007743985 0.425103277 0.90511173
vn -0.0452047065 0.5001306 0.86476934
vn 0.0292996988 0.3931393 0.91901195
vn 0.0378399864 0.306135118 0.9512358
vn -0.006553173 0.528862834 0.848682046
vn -0.0182432327 -0.83734566 0.5463693
vn -0.0584378727 -0.686968 0.7243342
vn -0.0307875536 -0.7432027 0.6683577
vn -0.0132519156 -0.7276802 0.6857885
vn -0.029408453 -0.688805759 0.72434926
vn 0.01610209 -0.7817416 0.623394549
vn -0.0607433058 -0.498398364 0.8648175
vn -0.02494574 -0.423522681 0.905541956
vn -0.0633797944 -0.539546 0.8395672
vn 0.0195243955 -0.5319021 0.846580744
vn 0.0259407926 -0.303229 0.952564538
vn 0.0278274082 -0.347194076 0.9373803
vn 0.122704327 -0.846724749 0.5176881
vn 0.0591606461 -0.977254748 0.203649566
vn 0.1326587 -0.8471705 0.5144939
vn 0.0769006461 -0.9842584 -0.159128144
vn 0.09999193 -0.8695387 -0.48363632
vn 0.104369409 -0.8695381 -0.482711583
vn -0.977251053 0.157612 -0.1419116
vn -0.977251053 0.157612 -0.1419116
vn -0.977251053 0.157612 -0.1419116
vn -0.9491913 0.17864345 -0.25908
vn -0.9491913 0.17864345 -0.25908
vn -0.9491913 0.17864345 -0.25908
vn -0.9918477 0.051828485 -0.116412885
vn -0.9918477 0.051828485 -0.116412885
vn -0.9918477 0.051828485 -0.116412885
vn -0.9687462 0.0463243 -0.243690148
vn -0.9687462 0.0463243 -0.243690148
vn -0.9687462 0.0463243 -0.243690148
vn -0.9921138 0 -0.125340119
vn -0.9921138 0 -0.125340119
vn -0.9921138 0 -0.125340119
vn -0.9687549 -0.046316687 -0.243657053
vn -0.9687549 -0.046316687 -0.243657053
vn -0.9687549 -0.046316687 -0.243657053
vn -0.9918455 -0.05183597 -0.116428576
vn -0.9918455 -0.05183597 -0.116428576
vn -0.9918455 -0.05183597 -0.116428576
vn -0.968710363 -0.1338876 -0.208984062
vn -0.968710363 -0.1338876 -0.208984062
vn -0.968710363 -0.1338876 -0.208984062
vn -0.988205552 -0.11379914 -0.102467142
vn -0.988205552 -0.11379914 -0.102467142
vn -0.988205552 -0.11379914 -0.102467142
vn -0.9793573 0.0734830946 0.188307077
vn -0.9793573 0.0734830946 0.188307077
vn -0.9793573 0.0734830946 0.188307077
vn -0.992547 -0.0925894 0.07923222
vn -0.992547 -0.0925894 0.07923222
vn -0.992547 -0.0925894 0.07923222
vn -0.979519367 -0.07853246 0.18540369
vn -0.979519367 -0.07853246 0.18540369
vn -0.984258533 -0.07483456 0.160109356
vn -0.97581017 -0.113512464 0.186840534
vn -0.97581017 -0.113512464 0.186840534
vn -0.97581017 -0.113512464 0.186840534
vn 0.121567987 0.8729853 -0.472353578
vn 0.121567987 0.8729853 -0.472353578
vn 0.121567987 0.8729853 -0.472353578
vn -0.190601408 0.486171275 0.8528239
vn -0.237600073 0.3714278 0.897545338
vn -0.191085175 0.486611873 0.8524643
vn 0.12242379 -0.8679236 -0.481374145
vn 0.12242379 -0.8679236 -0.481374145
vn 0.12242379 -0.8679236 -0.481374145
vn 0.1400528 0.85179013 0.5048156
vn 0.1400528 0.85179013 0.5048156
vn 0.1400528 0.85179013 0.5048156
vn 0.129805446 -0.865898 0.483085036
vn 0.129805446 -0.865898 0.483085036
vn 0.129805446 -0.865898 0.483085036
vn -0.0174677912 0.863363147 0.504280746
vn -0.0174677912 0.863363147 0.504280746
vn -0.0174677912 0.863363147 0.504280746
vn 5.09793244E-05 0.8660224 0.500005245
vn 5.09793244E-05 0.8660224 0.500005245
vn 5.09793244E-05 0.8660224 0.500005245
vn -0.006486394 0.8812455 0.472614318
vn -0.006486394 0.8812455 0.472614318
vn -0.006486394 0.8812455 0.472614318
vn -0.00267638639 0.998598158 0.0528631657
vn -0.00267638639 0.998598158 0.0528631657
vn -0.00267638639 0.998598158 0.0528631657
vn -0.5804436 0.422922969 -0.695860147
vn -0.582296252 0.412734121 -0.7004154
vn -0.580782056 0.4202262 -0.6972103
vn -0.5942803 0.225116059 -0.7721099
vn -0.592336059 0.171723291 -0.787178
vn -0.591467 0.271853983 -0.7591194
vn -0.5961313 0.227909744 -0.7698601
vn -0.6013971 0.448025167 -0.661509633
vn -0.599728942 0.323882341 -0.7317278
vn -0.5716537 0.474161744 -0.6696139
vn -0.5737673 0.5017559 -0.647326946
vn -0.575773954 0.4012017 -0.7124055
vn -0.566005766 0.6583659 -0.496177167
vn -0.6366281 0.6600469 -0.398801774
vn -0.612476766 0.6293147 -0.478367239
vn -0.0246051289 -0.9530134 -0.301927239
vn -0.0264404062 -0.966347754 0.255876839
vn -0.0181924812 -0.9970967 -0.07394069
vn 0.0161574986 -0.9985189 0.0519525073
vn 0.0165723264 -0.9551653 0.295608819
vn 0.0277862735 -0.9605761 -0.276625216
vn 0.0324000753 -0.976448059 0.213305935
vn 0.03186824 -0.7099463 0.7035345
vn 0.034504015 -0.892588735 0.449549556
vn 0.0324219577 -0.219372749 0.9751023
vn 0.0345718674 -0.497001082 0.867061
vn 0.03300481 0.340221882 0.9397658
vn 0.03465325 0.06285236 0.997421
vn 0.03344658 0.7914332 0.61033994
vn 0.0341438241 0.6002262 0.799101233
vn 0.0388306826 -0.7485749 0.6619122
vn 0.0379008055 -0.5479161 0.8356742
vn 0.0384221077 -0.916676164 0.397779584
vn 0.03891371 -0.276887178 0.9601142
vn 0.03743302 0.000226855322 0.999299169
vn 0.03924598 0.2803328 0.959100246
vn 0.0369793326 0.548328638 0.8354449
vn 0.0406297669 0.7503933 0.6597417
vn 0.0377685763 0.916722238 0.397736043
vn 0.0282134842 0.9892783 0.14329125
vn -0.00106658228 0.99873966 0.0501800552
vn 0.008855433 0.960832834 -0.2769872
vn -0.0016582089 0.9554171 0.295254916
vn -0.0100363642 0.9866838 0.162340388
vn -0.008256755 0.9200657 -0.3916771
vn -0.003476019 0.985795736 -0.167912647
vn -0.926365852 0.117513739 0.357822329
vn -0.926365852 0.117513739 0.357822329
vn -0.926365852 0.117513739 0.357822329
vn -0.9998029 -0.0198526811 0.000191922416
vn -0.9998029 -0.0198526811 0.000191922416
vn -0.9998029 -0.0198526811 0.000191922416
vn -0.927215457 -0.116418935 0.355974972
vn -0.927215457 -0.116418935 0.355974972
vn -0.927215457 -0.116418935 0.355974972
vn -0.9998043 0.01978324 0.000256339874
vn -0.9998043 0.01978324 0.000256339874
vn -0.9998043 0.01978324 0.000256339874
vn -0.181326613 -0.8114387 0.555596948
vn -0.534029841 -0.6705173 0.5149938
vn -0.1783246 -0.80677706 0.5633038
vn -0.7591142 -0.6448164 0.08920464
vn -0.912994564 -0.400402069 -0.07822446
vn -0.7310638 -0.6707571 0.125022992
vn -0.179888874 0.8090599 0.5595195
vn -0.176866367 0.804043055 0.5676558
vn -0.53362757 0.6700079 0.5160727
vn -0.730020642 0.6719131 0.12491098
vn -0.9122314 0.402083635 -0.07850219
vn -0.758163154 0.6459259 0.08926607
vn 0.044248756 -0.937502 0.3451551
vn 0.04649856 -0.5934769 0.803506732
vn 0.0440036878 -0.937510848 0.345162332
vn -1.38573978E-05 0.08795369 0.996124566
vn -0.0010760054 0.620489 0.7842144
vn 0.000464811921 0.08795388 0.996124446
vn 0.07280375 0.5482961 0.83310926
vn 0.0731095746 0.548288941 0.833087146
vn 0.07488367 -0.0008612665 0.9971919
vn 0.07015933 0.4841854 0.872148037
vn 0.0621786527 0.884560168 0.462263018
vn 0.07060093 0.484171867 0.872119963
vn 2.24411488E-05 0.917811 0.397017717
vn 1.37549569E-05 0.917811 0.397017628
vn -1.69850737E-05 0.549093246 0.8357611
vn -0.998730361 0.0427862927 -0.0265889689
vn -0.998730361 0.0427862927 -0.0265889689
vn -0.998730361 0.0427862927 -0.0265889689
vn -0.9921143 -0.0421093367 -0.118051089
vn -0.9921143 -0.0421093367 -0.118051089
vn -0.9921143 -0.0421093367 -0.118051089
vn -0.989318 -0.131414965 0.06308727
vn -0.989318 -0.131414965 0.06308727
vn -0.989318 -0.131414965 0.06308727
vn -0.9994728 0.0295604188 0.0134291584
vn -0.9994728 0.0295604188 0.0134291584
vn -0.9994728 0.0295604188 0.0134291584
vn 0.664927363 0.634527266 0.3940137
vn 0.6727268 0.739794433 0.0119539136
vn 0.6651811 0.746592164 0.0115849823
vn 0.672735631 0.739786446 -0.0119524328
vn 0.6649379 0.634499431 -0.394040763
vn 0.6651891 0.746585131 -0.01158574
vn 0.6533947 0.7570123 0.00279688858
vn 0.659826338 0.598687649 -0.454095
vn 0.651192963 0.6553204 -0.382757068
vn 0.663270056 0.5678052 -0.487514317
vn 0.6608176 0.3231504 -0.67741704
vn 0.660888851 0.624461949 -0.4162611
vn 0.658764541 0.568564534 -0.492710531
vn 0.65899545 0.150994763 -0.7368348
vn 0.6543701 0.32316637 -0.683639765
vn 0.660197 0.126993924 -0.7402786
vn 0.660850167 -0.09438875 -0.7445588
vn 0.660876334 0.3003439 -0.6877762
vn 0.653177261 0.121288091 -0.747428
vn 0.661842346 -0.354444832 -0.6605555
vn 0.653758347 -0.102845035 -0.74968195
vn 0.6585439 -0.370668769 -0.654923439
vn 0.6576349 -0.4831833 -0.5779708
vn 0.6575938 -0.120412253 -0.7436877
vn 0.6696985 -0.417614341 -0.614086568
vn 0.639630258 -0.7286351 -0.244875491
vn 0.651855 -0.5327615 -0.53967613
vn 0.614368141 -0.7666779 -0.186431766
vn 0.5776017 -0.802428663 -0.149948761
vn 0.660566866 -0.5834369 -0.472496361
vn 0.6048557 -0.7183049 -0.343784422
vn 0.6531917 -0.752563059 0.08360286
vn 0.568878055 -0.763494432 -0.305702537
vn 0.6342819 -0.71689117 -0.289402127
vn 0.662078142 -0.7241661 0.1929665
vn 0.6461647 -0.7477927 0.152568653
vn 0.6622031 -0.700119436 0.2670578
vn 0.657637239 -0.503394961 0.5604524
vn 0.6577314 -0.7188455 0.225056872
vn 0.662316144 -0.698059559 0.272121757
vn 0.653058648 -0.3929817 0.6473638
vn 0.6520591 -0.5021074 0.5680733
vn 0.661716 -0.369621664 0.6523127
vn 0.6608478 -0.119177327 0.7409973
vn 0.6608863 -0.481932819 0.575300038
vn 0.6590064 -0.3631559 0.658656538
vn 0.658844948 0.113028929 0.7437391
vn 0.655432165 -0.1115851 0.746965468
vn 0.6601563 0.1269834 0.740316749
vn 0.6608502 0.3003401 0.687803
vn 0.6608235 -0.0944118649 0.7445795
vn 0.6532462 0.144759327 0.743178368
vn 0.662999153 0.5605064 0.4962506
vn 0.653069735 0.31569767 0.688356638
vn 0.6602806 0.569471836 0.4896237
vn 0.6576929 0.6263856 0.418426871
vn 0.6576165 0.325050116 0.6796197
vn 0.6599637 0.60461247 0.445972741
vn 0.6451404 0.7639941 -0.0103428736
vn 0.6479067 0.66279 0.375401646
vn 0.600494742 0.7093686 -0.369055927
vn 0.600537241 0.776593566 0.190414
vn 0.5944543 0.714190364 -0.3695351
vn 0.08961036 0.995976865 -0.00014355591
vn 0.06307339 0.9980088 0.000567168
vn 0.06307284 0.839260638 -0.540058732
vn 0.530619264 0.844349146 0.07428141
vn 0.5307017 0.611138761 0.587252259
vn 0.52523005 0.8475755 0.07582351
vn 0.09212938 0.8374119 0.538751841
vn 0.07183781 0.838668764 0.5398834
vn 0.0718371347 0.9974161 -0.0007882119
vn 0.351139337 0.797031939 0.491366833
vn 0.374718249 0.365502447 0.852053
vn 0.374717653 0.7913692 0.483033568
vn -0.01701849 0.84389025 -0.5362459
vn -0.00324291014 0.8437879 -0.536667
vn -0.0171207357 0.4199354 -0.9073925
vn 0.01407226 0.01310572 -0.9998151
vn -5.662441E-07 -0.5292707 -0.848453045
vn 4.59504548E-07 0.0134444227 -0.999909639
vn 0.397349864 -0.106529512 -0.911462843
vn 0.39735502 -0.619064033 -0.677398562
vn 0.368944228 -0.622857869 -0.689875543
vn 0.0474894 -0.6394385 -0.7673742
vn 0.06678753 -0.951915741 -0.298991352
vn 0.0389454141 -0.6399799 -0.7674041
vn 0.322158366 -0.8865679 -0.331981033
vn 0.443749934 -0.869238555 0.217968747
vn 0.428121865 -0.8762581 0.221096069
vn 0.190281913 -0.960683465 0.202188358
vn 0.173927411 -0.6943995 0.698254
vn 0.173919 -0.9635669 0.203201979
vn 0.36772272 -0.897866368 0.242107451
vn 0.367721 -0.593213439 0.7161558
vn 0.349119574 -0.600100935 0.719718337
vn 0.187242821 -0.700884342 0.688259661
vn 0.170361459 -0.209414691 0.962871969
vn 0.170353338 -0.702809334 0.690679967
vn 0.369914949 -0.6240615 0.6882661
vn 0.369915545 -0.111483008 0.922352433
vn 0.350666255 -0.115532614 0.92934674
vn 0.184002846 -0.219857708 0.9580217
vn 0.166586414 0.342080981 0.92478627
vn 0.166581914 -0.2201773 0.9611308
vn 0.372170776 -0.152971491 0.915471852
vn 0.372166246 0.404726118 0.8352778
vn 0.352262378 0.405129075 0.8436715
vn 0.1842194 0.3287656 0.9262701
vn 0.164183721 0.785180032 0.597106457
vn 0.1641688 0.330226183 0.9295156
vn 0.7219291 -0.691763759 -0.01677459
vn 0.7219291 -0.691763759 -0.01677459
vn 0.7219291 -0.691763759 -0.01677459
vn 0.9657684 -0.185727075 -0.181098983
vn 0.9657684 -0.185727075 -0.181098983
vn 0.9657684 -0.185727075 -0.181098983
vn -0.112109527 0.993513167 0.0190534834
vn -0.112109527 0.993513167 0.0190534834
vn -0.112109527 0.993513167 0.0190534834
vn -0.0654318556 0.997857034 0
vn -0.0654318556 0.997857034 0
vn -0.0654318556 0.997857034 0
vn 0 -0.933044553 -0.35976097
vn 0 -0.958643258 0.28461048
vn 0.0286020115 -0.9330949 -0.358490974
vn -0.0549686179 -0.9343749 0.352025479
vn -0.0307909343 -0.9351319 0.352959245
vn -0.0307917241 -0.95605 -0.2915826
vn 0.0308438633 -0.7732069 0.6334033
vn 0.0308443978 -0.2254755 0.9737604
vn 0.0550196953 -0.7720331 0.6331965
vn -0.0285956915 -0.156147584 0.9873197
vn 0 -0.155022889 0.987910867
vn 0 -0.7258452 0.6878581
vn 0 0.7780558 -0.6281952
vn 0 0.2327976 -0.972525239
vn 0.0285978448 0.776981235 -0.6288738
vn -0.05497344 0.162345558 -0.9852014
vn -0.0308047887 0.161919758 -0.986323
vn -0.03080428 0.7305577 -0.682155848
vn 0.0308053344 -0.161930531 -0.9863213
vn 0.03080483 -0.7305653 -0.6821477
vn 0.05497171 -0.162356243 -0.9851998
vn -0.0285955537 -0.7769962 -0.628855467
vn 0 -0.7780702 -0.6281774
vn 0 -0.232819468 -0.97252
vn 0.998068631 -0.0612605177 0.0103035178
vn 0.998068631 -0.0612605177 0.0103035178
vn 0.998068631 -0.0612605177 0.0103035178
vn 0.9986614 -0.0507793948 -0.009841006
vn 0.9995809 -0.0152781578 0.0245886743
vn 0.9995809 -0.0152781578 0.0245886743
vn 0.9995809 -0.0152781578 0.0245886743
vn 0.9997919 -0.02038412 -0.0008096962
vn 0.999791 -0.02043608 -0.0005745585
vn 1 0 0
vn 1 0 0
vn 1 0 0
vn 1 0 0
vn 0.999098659 -0.0406337157 -0.0122813536
vn 0.999098659 -0.0406337157 -0.0122813536
vn 0.999098659 -0.0406337157 -0.0122813536
vn 0.999101758 -0.04122561 -0.009801697
vn 1 2.23885945E-06 0
vn 1 2.23885945E-06 0
vn 1 2.17997922E-06 0
vn 1 0 0
vn 1 0 0
vn 1 0 0
vn 1 0 0
vn 1 0 0
vn 1 -1.0900086E-06 0
vn 1 -2.23885945E-06 0
vn 0.999087632 0.0415483862 -0.009878337
vn 0.999081969 0.04100765 -0.0123941656
vn 0.9986638 0.05070502 -0.009986268
vn 0.9986638 0.05070502 -0.009986268
vn 0.9986638 0.05070502 -0.009986268
vn 0.9980684 0.0612653159 0.0103035159
vn 0.999552965 0.0139106326 0.0264639389
vn 0.999552965 0.0139106326 0.0264639389
vn 0.999552965 0.0139106326 0.0264639389
vn 0.9997857 0.02069049 0.0006704366
vn 0.999791 0.0204349887 -0.00057424343
vn 1 0 0
vn 1 0 0
vn 1 0 0
vn 1 0 0
vn 1 0 0
vn -1.09449984E-05 0.9223508 0.386353463
vn -1.07302776E-05 0.9979885 -0.06339527
vn 1.48937115E-05 0.9223508 0.386353552
vn 1.09450184E-05 0.9979885 -0.06339508
vn -1.01322139E-05 0.8660322 -0.499988258
vn 1.0945E-05 0.86603266 -0.4999874
vn -1.05127974E-05 0.5539258 -0.832566
vn 1.09450093E-05 0.553927 -0.832565248
vn -1.04584269E-05 0.126576349 -0.9919569
vn 1.09450029E-05 0.126579031 -0.991956532
vn 5.63117828E-06 0.777335644 0.629086137
vn 0.0117675168 0.609806359 0.792463064
vn -0.00560017768 0.7772399 0.6291795
vn 0.0143935513 0.591135442 0.80644387
vn -1.09450029E-05 -0.126579031 -0.991956532
vn -1.04584333E-05 -0.5538923 -0.8325883
vn 1.48415565E-05 -0.126579 -0.991956532
vn 1.09450048E-05 -0.553890049 -0.8325898
vn -1.05127847E-05 -0.866019 -0.500011146
vn 1.09450093E-05 -0.866019666 -0.500009954
vn -1.01322275E-05 -0.9979863 -0.06343025
vn 1.09450148E-05 -0.9979863 -0.0634292141
vn -8.999737E-05 -0.9223509 0.386353284
vn 1.09449984E-05 -0.9223508 0.386353463
vn -5.63118556E-06 -0.777335763 0.629085958
vn -0.0117676277 -0.6098066 0.7924629
vn 0.00560025545 -0.77724 0.6291794
vn -0.0144280437 -0.591133952 0.8064444
vn 0.999547839 -0.0204878319 -0.0220077243
vn 0.999547839 -0.0204878319 -0.0220077243
vn 0.999547839 -0.0204878319 -0.0220077243
vn 0.9996312 -0.027134642 0.00107738876
vn 0.9992955 -0.030163046 -0.0223352965
vn 0.999371946 -0.0187036488 -0.0300999153
vn 1 0 0
vn 1 0 0
vn 1 0 0
vn 1 0 0
vn 1 0 0
vn 1 0 0
vn 1 0 0
vn 1 0 0
vn 1 0 0
vn 1 0 0
vn 1 0 0
vn 1 0 0
vn 1 0 0
vn 1 0 0
vn 0.452956 0.767897666 0.452950358
vn 0.444898456 0.6095137 0.6561695
vn 0.4458028 0.5944123 0.669278562
vn 0.490236461 0.5141444 0.7037924
vn 0.4616971 0.7784272 -0.425308019
vn 0.466522425 0.5341807 -0.704987764
vn 0.459859729 0.5876255 -0.665751636
vn 0.468559146 0.3168775 -0.824645936
vn 0.467845857 -0.5435638 -0.6968922
vn 0.459504515 -0.5978848 -0.6568025
vn 0.460357279 -0.326459438 -0.82552737
vn 0.4683632 -0.758671761 -0.452827871
vn 0.44419995 -0.595248044 0.6696015
vn 0.4445708 -0.609985 0.655953646
vn 0.4702945 -0.760791957 0.4472345
vn 0.461320937 -0.4804115 0.7459141
vn 1.06706284E-05 -0.8660376 -0.49997887
vn 0.0266200677 -0.9903447 -0.136046842
vn -1.179427E-05 -0.991218567 -0.132233828
vn -1.51381837E-05 -0.8548195 -0.518925548
vn -6.38514757E-06 -0.587769747 -0.809028268
vn -2.14809552E-06 -0.5747452 -0.8183325
vn 2.33948253E-06 -0.207889959 -0.9781522
vn 0.00153417338 -0.185495675 -0.9826439
vn 0.004896737 -0.1317257 -0.9912741
vn 0.02512949 -0.978779137 -0.203371644
vn 0.002363599 -0.989706039 0.143095762
vn -7.791446E-06 -0.9609743 0.276637852
vn 3.77744459E-06 -0.866015732 0.5000168
vn -1.29938153E-05 -0.7691789 0.639033556
vn 2.242159E-06 0.207887873 -0.9781527
vn 0.00119937386 0.188308716 -0.9821092
vn -3.83704946E-06 0.574742556 -0.818334341
vn -1.23707578E-05 0.587776 -0.809023738
vn 7.85105E-06 0.854818761 -0.51892674
vn 9.488315E-06 0.8660338 -0.499985516
vn -1.17453756E-05 0.9912199 -0.132223919
vn 0.0266179647 0.9903444 -0.136049435
vn 0.00236354745 0.9897071 0.143088177
vn 0.0251290575 0.9787776 -0.203378946
vn -5.063601E-06 0.9609758 0.2766324
vn 3.80724669E-06 0.8660157 0.5000168
vn -1.29938153E-05 0.7691789 0.639033556
vn -0.9988759 0.0360764079 0.0307475757
vn -0.9988759 0.0360764079 0.0307475757
vn -0.9988759 0.0360764079 0.0307475757
vn -0.997866631 0.02820958 0.0588762648
vn 0.0200047269 -0.845894 0.532975733
vn 0.0200047269 -0.845894 0.532975733
vn 0.0200047269 -0.845894 0.532975733
vn 0 -0.8443906 0.535728157
vn -0.00209667138 -0.843388855 0.537299633
vn -0.00210770662 0.8433888 0.537299633
vn -0.00210770662 0.8433888 0.537299633
vn -0.00210770662 0.8433888 0.537299633
vn -0.007216653 0.840932667 0.54109174
vn 0.0241007674 0.843249 0.5369826
vn 2.24262476E-05 -0.549085557 0.8357662
vn 1.37527459E-05 -0.549085557 0.8357662
vn -1.69878131E-05 -0.9178074 0.397026
vn 1.60312975E-05 1.90734863E-05 1
vn 1.37549387E-05 1.86860561E-05 1
vn -0.9998048 0.0144291082 0.013497496
vn -0.9998048 0.0144291082 0.013497496
vn -0.9998048 0.0144291082 0.013497496
vn -0.99982053 0.0143951718 0.0123191774
vn -0.9998243 0.01767837 0.006235684
vn -0.9998243 0.01767837 0.006235684
vn -0.9998243 0.01767837 0.006235684
vn -0.998938262 0.019342782 0.0418122523
vn -1 -4.18474485E-07 0
vn -1 -4.18474485E-07 0
vn -1 -4.18474485E-07 0
vn -0.998029649 0.0362921469 -0.0511829033
vn -0.998029649 0.0362921469 -0.0511829033
vn -0.998029649 0.0362921469 -0.0511829033
vn -0.9980558 0.0522742569 -0.03394227
vn -0.99779 0.05086758 -0.0427511372
vn -0.9983208 0.0302572474 -0.0493973941
vn -0.997767 0.0191401374 -0.0639899448
vn -0.99802506 -0.028465895 -0.0559980758
vn -0.99802506 -0.028465895 -0.0559980758
vn -0.99802506 -0.028465895 -0.0559980758
vn -0.998625 -0.0150221232 -0.05022446
vn -0.9987017 -0.03899714 -0.0327738076
vn -0.9996704 -0.0253341869 -0.004169427
vn -0.999821246 -0.0178311653 0.00628967956
vn -0.9996646 -0.0153086409 0.0208891071
vn -0.9996646 -0.0153086409 0.0208891071
vn -0.999633551 0.0014005386 0.02703505
vn -1 0 0
vn -1 0 0
vn -1 0 0
vn -0.9992361 -0.0360157676 -0.0151702408
vn -0.9992361 -0.0360157676 -0.0151702408
vn -0.9992361 -0.0360157676 -0.0151702408
vn -0.999633551 0.0014005386 0.02703505
vn -0.999633551 0.0014005386 0.02703505
vn -0.999741733 -0.00435485039 0.0223050825
vn 0 0.8412595 -0.540631533
vn 0 0.4154376 -0.909621656
vn -6.45105138E-06 0.415437728 -0.909621656
vn -2.08616257E-07 -0.142314449 -0.989821553
vn 0 -0.1423138 -0.9898216
vn 1 -9.611688E-06 -3.4198813E-06
vn 1 -9.611688E-06 -3.4198813E-06
vn 1 -9.611688E-06 -3.4198813E-06
vn 1 0 0
vn 1 1.67137841E-06 0
vn 1 -1.83535631E-05 -0.000259572669
vn -0.11986497 -0.992777169 -0.00509243365
vn -0.11986497 -0.992777169 -0.00509243365
vn -0.11986497 -0.992777169 -0.00509243365
vn -0.08606516 -0.996250153 0.008855441
vn -1 0.000329218834 0
vn -1 0.000329218834 0
vn -1 0.000329218834 0
vn -1 0 -0.000231663114
vn -0.09270131 0.0136127956 -0.995600939
vn -0.09270131 0.0136127956 -0.995600939
vn -0.09270131 0.0136127956 -0.995600939
vn -0.06830012 0 -0.9976648
vn -0.553099453 -0.7958213 0.246474192
vn -0.529280365 -0.742538154 0.4104868
vn -0.5395128 -0.80034095 0.261496276
vn -0.8213952 -0.3537793 0.447381437
vn -0.8021497 -0.32885 0.49841103
vn -0.828133 -0.446682423 0.338630348
vn -0.749042749 -0.4063676 0.523259342
vn -0.6693067 -0.303266138 0.6782759
vn -0.729248166 -0.365899682 0.5781994
vn -0.5575827 -0.08445329 0.825814247
vn -0.5848445 0.0937840641 0.8057056
vn -0.552260637 0.00667402148 0.8336448
vn -0.824098468 0.200716615 0.5296929
vn -0.80997473 0.321510017 0.490481675
vn -0.805938 0.141621158 0.574810743
vn -0.7278801 0.309343547 0.6119617
vn -0.688181758 0.48865062 0.5363081
vn -0.693091631 0.441961 0.569468558
vn -0.613816261 0.7008601 0.3633522
vn -0.6807697 0.7078186 0.188534915
vn -0.67597574 0.7052917 0.213589624
vn -0.8092466 0.5713312 0.1367503
vn -0.842787743 0.5364537 -0.04388839
vn -0.803393841 0.57430774 0.157254636
vn -0.460945427 0.84324 -0.276542217
vn -0.4197891 0.795550168 -0.4368948
vn -0.4475417 0.8454659 -0.291365445
vn -0.766792357 0.4194265 -0.4859125
vn -0.827772737 0.221743256 -0.5153855
vn -0.7859618 0.3665568 -0.497895837
vn -0.842167139 0.2211856 -0.491763562
vn -0.826489 0.163795725 -0.5385973
vn -0.8234205 0.342654139 -0.452290565
vn -0.5665497 0.0655327141 -0.8214176
vn -0.5456515 -0.111356 -0.8305807
vn -0.534814358 -0.0216339882 -0.8446926
vn -0.691773236 -0.317644328 -0.648499668
vn -0.772898734 -0.409266829 -0.4849002
vn -0.7541804 -0.369782865 -0.5426533
vn -0.763743 -0.377395749 -0.5237071
vn -0.790548563 -0.458336562 -0.40615347
vn -0.74299866 -0.344474018 -0.5738385
vn -0.59112215 -0.7179261 -0.3676367
vn -0.6360261 -0.7455606 -0.199023455
vn -0.6264743 -0.7486987 -0.216749251
vn -0.759566665 -0.6347215 -0.142081216
vn -0.804344356 -0.5929535 0.0378993265
vn -0.7556307 -0.6337652 -0.165420413
vn 0.0236901529 0.9634914 0.266689271
vn 0.0513202175 0.9986071 -0.0122490339
vn 0.0215233359 0.9636766 0.266203284
vn -0.0322301462 0.8577976 -0.51297605
vn -0.0330919325 0.857716858 -0.513056338
vn -0.04586998 0.966823757 -0.2512923
vn 0.0280643962 0.7196663 -0.6937527
vn 0.0278959218 0.496814668 -0.8674082
vn 0.0329731964 0.719933033 -0.6932599
vn -0.00440118834 0.403001815 -0.9151886
vn 0.00318018813 0.402582735 -0.9153781
vn 0.025680339 0.643087149 -0.7653623
vn 0.0108206524 -0.156472832 -0.987623
vn 0.004195675 -0.15778929 -0.9874639
vn -0.0302034654 0.124354623 -0.991778
vn 0.00420681341 -0.063184306 -0.997993
vn 0.0310170222 -0.339692265 -0.9400251
vn 0.000479832262 -0.06389194 -0.997956753
vn -0.00186756637 -0.6698264 -0.7425154
vn -0.00469644 -0.670099556 -0.742256343
vn -0.024062166 -0.434611261 -0.9002967
vn 0.0211544726 -0.7044159 -0.7094721
vn 0.0271004383 -0.875003934 -0.4833567
vn 0.0234937053 -0.704189956 -0.70962286
vn -0.0362760946 -0.977351964 -0.208487839
vn -0.03294213 -0.977416039 -0.208740845
vn -0.0333410539 -0.879300833 -0.475098372
vn -0.0216314718 -0.4037872 0.9145972
vn -0.0247497428 -0.403359681 0.914706767
vn -0.04502322 -0.643566549 0.7640648
vn 0.01959369 -0.2741435 0.9614892
vn 0.0258855186 0.006370005 0.999644637
vn 0.0220400132 -0.2744129 0.9613594
vn -0.008486852 0.159923181 0.987093
vn -0.0041398 0.15991801 0.987121642
vn 0.005102968 -0.1241938 0.9922449
vn 0.0174225476 0.976678967 0.213996723
vn 0.0101653794 0.9771763 0.21218659
vn -0.0323438942 0.879284859 0.475196838
vn 1 -7.47250124E-06 0
vn 1 -7.47250124E-06 0
vn 1 -7.47250124E-06 0
vn 1 0 0
vn 1 0 0
vn 1 0 0
vn 1 0 0
vn 1 -8.494926E-06 0
vn 1 0 0
vn 1 -8.494926E-06 0
vn 1 -8.494926E-06 0
vn 1 5.93091727E-06 0
vn 1 0 0
vn 1 0 0
vn 1 2.02606338E-06 0
vn 1 0 0
vn 1 0 0
vn 1 -8.976016E-06 0
vn 1 1.14401814E-06 0
vn 1 0 0
vn 1 0 0
vn 1 1.14401814E-06 0
vn 1 1.14401814E-06 0
vn 1 0 0
vn 1 2.698691E-05 0
vn 1 2.698691E-05 0
vn 1 2.698691E-05 0
vn -0.245850548 -0.896370769 0.3688861
vn -0.309445947 -0.946671963 0.08975169
vn -0.248258546 -0.8950949 0.370368481
vn 0.1441934 -0.949713945 -0.277941972
vn 0.1366534 -0.9514611 -0.2757675
vn 0.161064237 -0.9866348 0.024701234
vn -0.07391297 -0.8520852 -0.5181581
vn -0.0990241542 -0.6564917 -0.7478054
vn -0.08201247 -0.8529695 -0.5154775
vn 0.08271541 -0.517626 -0.8515994
vn 0.07453012 -0.5203014 -0.8507243
vn 0.0991305858 -0.749592662 -0.654434144
vn -0.132465348 -0.2802556 -0.9507417
vn -0.156476989 0.0201582219 -0.987475932
vn -0.140107617 -0.282418549 -0.949004531
vn 0.144373089 0.277887255 -0.9497027
vn 0.136830911 0.27572903 -0.9514467
vn 0.161225483 -0.0247509349 -0.9866072
vn -0.101457775 0.558175147 -0.823496759
vn -0.116849288 0.777136266 -0.618389368
vn -0.113794334 0.5540951 -0.824639
vn 0.07164043 0.855432451 -0.5129357
vn 0.0557304919 0.855637133 -0.5145671
vn 0.0383899733 0.65913105 -0.7510476
vn -0.0519139059 0.9946425 -0.0893938243
vn -0.03452553 0.9754668 0.217422575
vn -0.06788287 0.993572 -0.09059093
vn 0.0492097922 0.9572827 0.2849356
vn 0.0327554643 0.9581246 0.2844721
vn 0.009954926 0.999737263 -0.0206466876
vn -0.03140558 0.7960482 0.604417861
vn -0.008840637 0.5745628 0.8184128
vn -0.04779722 0.795948 0.6034751
vn 0.07171455 0.5129364 0.855425835
vn 0.05579827 0.5145609 0.8556364
vn 0.0384196751 0.7510408 0.65913707
vn -0.07135148 -0.0145407459 0.997345269
vn -0.0415209457 -0.314880461 0.9482227
vn -0.093097 -0.0132360784 0.99556905
vn -0.105991 -0.263178468 0.958907247
vn -0.13042368 -0.2743969 0.952730834
vn -0.23119542 0.0209947582 0.9726808
vn 0.158776537 -0.8269446 0.539400339
vn 0.1698253 -0.830500662 0.530497968
vn 0.2718911 -0.6277867 0.7293553
vn -0.688133061 -0.709931731 0.149899572
vn -0.6875396 -0.6630476 0.296069682
vn -0.679834247 -0.702057838 0.211991176
vn -0.7218068 -0.577525258 0.3813916
vn -0.720503151 -0.453133851 0.5249238
vn -0.7181023 -0.5973999 0.356991
vn -0.710027158 -0.5404198 0.4514509
vn -0.704887 -0.430606663 0.5636597
vn -0.7021157 -0.40669468 0.5844938
vn -0.695531368 -0.273030519 0.664598048
vn -0.708366036 -0.122742593 0.6950912
vn -0.6963911 -0.184991837 0.69341
vn -0.7140609 -0.135973245 0.6867521
vn -0.731052458 0.0199878346 0.6820284
vn -0.7040598 -0.199013069 0.681684434
vn -0.6881765 0.149847791 0.709900558
vn -0.6875732 0.296054065 0.663019657
vn -0.6798773 0.211942762 0.7020307
vn -0.721815646 0.381385416 0.5775183
vn -0.720505357 0.524921238 0.453133166
vn -0.7181092 0.356984317 0.5973955
vn -0.71006155 0.4514186 0.5404016
vn -0.7049233 0.5636505 0.430559367
vn -0.702129662 0.584501147 0.40666
vn -0.695463 0.6646538 0.273069
vn -0.7082864 0.6951649 0.122784957
vn -0.6963072 0.693474948 0.185064539
vn -0.7141046 0.686703444 0.13598904
vn -0.7310947 0.681983 -0.0199953262
vn -0.704122365 0.6816174 0.199021354
vn -0.6881857 0.709887147 -0.149868846
vn -0.6875861 0.662998855 -0.296070665
vn -0.679873 0.7020151 -0.212008566
vn -0.721743643 0.577574 -0.381437182
vn -0.7204421 0.453222781 -0.5249307
vn -0.7180279 0.5974569 -0.357045084
vn -0.710065544 0.5403858 -0.451431155
vn -0.7049243 0.4305869 -0.5636282
vn -0.7021442 0.4066407 -0.5844971
vn -0.6955001 0.272996873 -0.6646446
vn -0.7083376 0.122725889 -0.6951232
vn -0.6963562 0.185011372 -0.6934399
vn -0.714060068 0.135971919 -0.686753154
vn -0.731046736 -0.01998909 -0.6820346
vn -0.704061568 0.199013218 -0.6816826
vn -0.688141942 -0.149842769 -0.7099351
vn -0.687541246 -0.296061873 -0.6630493
vn -0.6798338 -0.211980432 -0.7020615
vn -0.721835732 -0.3813669 -0.577505469
vn -0.720528066 -0.5249024 -0.45311892
vn -0.718130052 -0.356963754 -0.5973828
vn -0.7100476 -0.451428354 -0.54041183
vn -0.70490247 -0.5636709 -0.430566758
vn -0.702113867 -0.5845177 -0.406663567
vn -0.695506454 -0.664607346 -0.27307114
vn -0.708340764 -0.6951108 -0.122777827
vn -0.696370661 -0.6934211 -0.185027
vn -0.7141067 -0.686705053 -0.135970324
vn -0.731096268 -0.6819811 0.0200034361
vn -0.704116762 -0.6816269 -0.19900842
vn -0.186876208 0.9182865 -0.3490375
vn -0.200269923 0.907271 -0.369798869
vn -0.321972728 0.9268482 -0.193096176
vn 0.279014617 0.8903415 -0.3597816
vn 0.367916256 0.779503047 -0.5069642
vn 0.27441442 0.888962567 -0.3666637
vn -0.146512657 0.632323563 -0.760723948
vn -0.151006073 0.6279669 -0.763449252
vn -0.234918535 0.7509422 -0.617170334
vn 0.240361959 0.570594668 -0.7852693
vn 0.311313123 0.3952348 -0.864218533
vn 0.239686444 0.5700943 -0.785838962
vn -0.336375743 0.184926927 -0.9233923
vn -0.337338626 0.183748 -0.9232764
vn -0.406712383 0.358112484 -0.8404407
vn 0.476890117 -0.0257304385 -0.878586233
vn 0.532614648 -0.211751089 -0.8194408
vn 0.478728443 -0.0235323869 -0.8776476
vn -0.309771538 -0.3978576 -0.8635687
vn -0.304241329 -0.397111744 -0.865874946
vn -0.319192648 -0.187042415 -0.929048538
vn 0.00621562451 -0.727671 -0.6858982
vn -0.0160992965 -0.7646951 -0.6441911
vn -0.19099851 -0.655108452 -0.730994165
vn 0.423009872 -0.6882392 -0.58939755
vn 0.496447265 -0.7611777 -0.417311162
vn 0.421574771 -0.690161 -0.5881774
vn -0.336218685 -0.9234447 -0.1849512
vn -0.3371779 -0.9233269 -0.183789149
vn -0.406511664 -0.8405186 -0.358157516
vn 0.476843536 -0.878611267 0.0257388931
vn 0.5325682 -0.8194681 0.211761951
vn 0.478682756 -0.8776723 0.02354126
vn -0.3100075 -0.8634845 0.397856683
vn -0.304471344 -0.8657873 0.3971267
vn -0.319426656 -0.9289645 0.187060535
vn 0.00615071459 -0.685875952 0.7276925
vn -0.0161481947 -0.6441762 0.7647067
vn -0.1910592 -0.7309705 0.655117154
vn 0.422956735 -0.589402735 0.6882674
vn 0.496364 -0.417311668 0.7612318
vn 0.421521366 -0.588181257 0.690190256
vn -0.336041421 -0.1849627 0.9235069
vn -0.3370171 -0.18379277 0.923384964
vn -0.4063992 -0.358154923 0.8405741
vn 0.339298546 -0.0326271467 0.94011277
vn 0.408326328 0.156122744 0.899386048
vn 0.338385642 -0.03157737 0.9404776
vn -0.245560139 0.375071347 0.8938802
vn -0.2462914 0.3757325 0.893401146
vn -0.316530764 0.186708629 0.9300259
vn 0.232699886 0.4609373 0.8563805
vn 0.304509968 0.608348 0.732930064
vn 0.231749967 0.4619541 0.8560902
vn -0.2403643 0.757513642 0.6069581
vn -0.2407939 0.757650733 0.606616557
vn -0.301788718 0.6038864 0.73772943
vn 0.274226576 0.877580643 0.393258125
vn 0.323070467 0.925506651 0.197643623
vn 0.278600425 0.8750268 0.395865977
vn 0.0110358447 0.9837833 0.179021209
vn 0.02077157 0.984405458 0.17468366
vn 0.07687757 0.921558 0.380553216
vn 1 -6.18054628E-06 -9.695298E-07
vn 1 1.93972323E-06 -1.7279533E-06
vn 1 1.93972323E-06 -1.7279533E-06
vn 1 0 0
vn 1 0 0
vn 1 0 -3.911408E-06
vn 1 1.71788236E-06 0
vn 1 0 -3.911408E-06
vn 1 0 -3.911408E-06
vn 1 0 3.12391921E-06
vn 1 0 3.12391921E-06
vn 1 0 3.12391921E-06
vn 1 3.192522E-06 0
vn 1 0 0
vn 1 -4.32716519E-07 -1.81468965E-06
vn 1 -4.32716519E-07 -1.81468965E-06
vn 1 0 2.04156981E-06
vn 1 0 3.91167669E-06
vn 1 0 0
vn 1 0 0
vn 1 0 0
vn 1 0 0
vn 1 0 5.85977148E-07
vn 1 0 0
vn 1 0 0
vn 1 0 0
vn 1 0 0
vn 1 0 0
vn 1 0 -1.95876828E-06
vn 1 -5.01476336E-07 1.85748866E-06
vn 1 0 0
vn 1 -5.01476336E-07 1.85748866E-06
vn 1 -1.04243111E-06 0
vn 1 0 0
vn 1 -2.46713762E-06 1.43071861E-06
vn 1 -2.46713762E-06 1.43071861E-06
vn 1 -2.46713762E-06 1.43071861E-06
vn 1 0 -2.99664066E-06
vn -0.008233493 0.999758363 -0.0203823186
vn -0.0281756558 0.9993184 -0.0238504112
vn -0.0281751 0.995079756 0.0949870348
vn 0.00823767 0.999758542 0.0203700867
vn 0.028179463 0.9993186 0.0238384958
vn 0.0281796046 0.995078444 -0.0949988738
vn 0.0207155067 0.7526855 0.658054352
vn 0.00430910336 0.757790148 0.6524842
vn -0.09229894 0.461732358 0.8822042
vn -0.00423789071 0.6524779 0.75779593
vn 0.0924533755 0.882208765 0.4616926
vn -0.0206398647 0.6580518 0.7526897
vn -0.041863896 0.997303545 0.06027515
vn -0.041863896 0.997303545 0.06027515
vn -0.041863896 0.997303545 0.06027515
vn -0.0163503475 0.999126852 0.0384484157
vn -0.0163503475 0.999126852 0.0384484157
vn -0.0163503475 0.999126852 0.0384484157
vn 0.008275493 -0.0204302985 0.999757051
vn 0.028219508 -0.0238951854 0.9993161
vn 0.02821972 0.09493987 0.995083
vn -0.008276408 0.0204298887 0.999757051
vn -0.0282203462 0.0238946136 0.9993161
vn -0.0282198116 -0.09494044 0.9950829
vn 0.0206585582 -0.65803057 0.7527078
vn 0.004256524 -0.6524566 0.757814169
vn -0.09243583 -0.8821963 0.46172
vn -0.004276998 -0.757799268 0.6524738
vn 0.0923315361 -0.46173948 0.882196963
vn -0.0206800234 -0.752690852 0.6580492
vn -0.008237613 -0.9997583 0.0203824565
vn -0.0281798244 -0.9993183 0.0238503423
vn -0.0281792674 -0.995079637 -0.09498694
vn 0.008233549 -0.999758661 -0.0203699525
vn 0.02817529 -0.9993187 -0.02383855
vn 0.02817544 -0.995078564 0.0949989557
vn -0.0206321571 -0.65804857 -0.7526928
vn -0.004231319 -0.65247184 -0.7578012
vn 0.092464976 -0.882204056 -0.461699277
vn 0.004254609 -0.7577887 -0.652486145
vn -0.09235567 -0.4617237 -0.882202744
vn 0.02065683 -0.752679944 -0.658062458
vn -0.008276512 -0.0203784164 -0.999758065
vn -0.0282203 -0.0238451175 -0.9993173
vn -0.0282197576 0.0949910656 -0.9950781
vn 0.008276478 0.0203791633 -0.999758065
vn 0.0282194614 0.0238457 -0.9993173
vn 0.0282196626 -0.09499048 -0.995078146
vn -0.02058861 0.752676249 -0.6580689
vn -0.00419177162 0.757791638 -0.652483165
vn 0.09242094 0.4617172 -0.8821993
vn 0.004219391 0.6524717 -0.7578013
vn -0.0924773142 0.88220346 -0.4616979
vn 0.0206198674 0.6580492 -0.7526925
vn 1 -3.11876261E-06 3.21013226E-06
vn 1 -3.11876261E-06 3.21013226E-06
vn 1 -3.11876261E-06 3.21013226E-06
vn 1 0 0
vn 1 0 0
vn 1 2.999823E-06 0
vn 1 0 0
vn 1 2.999823E-06 0
vn 1 -6.23736923E-06 -2.08670531E-06
vn 1 0 0
vn 1 2.477799E-06 0
vn 1 2.477799E-06 0
vn 1 -2.999769E-06 0
vn 1 0 2.08670531E-06
vn 1 0 0
vn 1 2.94058827E-06 0
vn 1 -1.499808E-06 0
vn 1 -1.499808E-06 0
vn 1 0 0
vn 1 0 0
vn 1 3.11884037E-06 -3.210308E-06
vn 1 3.11884037E-06 -3.210308E-06
vn -0.999998033 -0.00148576347 -0.00132561661
vn -0.9999938 0.000751954562 -0.00345536927
vn -0.9999981 -0.000179938419 0.0019411674
vn -0.999998033 -0.00148576347 -0.00132561661
vn -0.999998033 -0.00148576347 -0.00132561661
vn -0.9999944 -0.00150231714 0.003003726
vn 0.0313829929 -0.9698417 0.241706952
vn 0.0132885594 -0.8644469 0.5025485
vn 0.04161875 -0.969588 0.241178423
vn 0.0242452435 -0.8573827 0.514108062
vn 0.00518351654 0.432051748 0.901833951
vn -0.009997702 0.66780144 0.7442723
vn 0.01184154 0.432064861 0.9017648
vn 0.0020440435 0.6708045 0.741631448
vn -0.0164049137 0.038474597 -0.999124944
vn -0.0164049137 0.038474597 -0.999124944
vn -0.0164049137 0.038474597 -0.999124944
vn -0.0418630429 0.0602874532 -0.99730283
vn 0.0164039861 0.0384722427 0.999125063
vn 0.0164039861 0.0384722427 0.999125063
vn 0.0164039861 0.0384722427 0.999125063
vn 0.0418722443 0.06028653 0.9973025
vn 0.0163595639 -0.9991271 0.0384371132
vn 0.0163595639 -0.9991271 0.0384371132
vn 0.0163595639 -0.9991271 0.0384371132
vn 0.041866485 -0.9973047 0.06025512
vn -0.04196186 -0.0602847748 0.997298837
vn -0.04196186 -0.0602847748 0.997298837
vn -0.04196186 -0.0602847748 0.997298837
vn -0.01639549 -0.0384724252 0.9991252
vn 0.04196312 -0.0602869019 -0.997298658
vn 0.04196312 -0.0602869019 -0.997298658
vn 0.04196312 -0.0602869019 -0.997298658
vn 0.0162912812 -0.03847362 -0.999126852
vn -0.0163567327 -0.99912715 -0.0384371169
vn -0.0163567327 -0.99912715 -0.0384371169
vn -0.0163567327 -0.99912715 -0.0384371169
vn -0.04187032 -0.9973044 -0.0602570064
vn 0.0418688469 0.997303843 -0.0602667741
vn 0.0418688469 0.997303843 -0.0602667741
vn 0.0418688469 0.997303843 -0.0602667741
vn 0.0163468067 0.999126434 -0.03845974
vn 0.0153882531 0.041618064 -0.9990151
vn 0.0153882531 0.041618064 -0.9990151
vn 0.0153882531 0.041618064 -0.9990151
vn 0.01627419 0.0423138775 -0.9989718
vn 0.01627419 0.0423138775 -0.9989718
vn 0.01627419 0.0423138775 -0.9989718
vn 0.0165552069 -0.0134728681 0.9997722
vn 0.0165552069 -0.0134728681 0.9997722
vn 0.0165552069 -0.0134728681 0.9997722
vn 0.00358633138 -0.0103362408 0.999940157
vn 0.00358633138 -0.0103362408 0.999940157
vn 0.00358633138 -0.0103362408 0.999940157
vn 0.0147095267 0.05761999 -0.9982302
vn 0.0147095267 0.05761999 -0.9982302
vn 0.0147095267 0.05761999 -0.9982302
vn -0.01107601 0.03078728 -0.9994646
vn -0.01107601 0.03078728 -0.9994646
vn -0.01107601 0.03078728 -0.9994646
vn 0.250996321 -0.7655805 0.5923576
vn -1.11758709E-07 -0.7071197 0.7070939
vn -5.59842965E-06 -0.987691641 0.156413779
vn 2.270548E-07 -0.9876919 0.1564123
vn 0 -0.890999734 -0.4540039
vn 0 -0.8909993 -0.4540047
vn 0 -0.453973979 -0.891014934
vn -2.27053263E-07 -0.453976244 -0.8910138
vn 1.92523E-05 0.156412482 -0.9876918
vn 2.37638886E-07 0.15641211 -0.9876919
vn 0.22033748 -0.749054432 0.6247951
vn -0.146404639 -0.970951 0.1892612
vn 0.275372058 -0.7837645 0.556671739
vn 0.0539754443 0.702862263 -0.7092752
vn -1.2711801E-05 0.707095742 -0.707117856
vn -0.0539835133 0.1606437 -0.9855351
vn -1.47808678E-05 0.156409472 -0.9876923
vn -1.48312083E-05 0.156409264 -0.987692356
vn -1.483121E-05 -0.4540035 -0.8909999
vn -1.54438785E-05 -0.4540071 -0.890998065
vn -1.4831211E-05 -0.891015649 -0.453972667
vn -1.42651706E-05 -0.8910155 -0.4539729
vn -1.48333975E-05 -0.987692535 0.156407863
vn -1.52229341E-05 -0.987686 0.156449527
vn 1.59442425E-05 -0.7071228 0.7070908
vn 1.48311838E-05 -0.707122862 0.7070907
vn 0.9986689 -0.0515382327 0.00204821769
vn 0.9986689 -0.0515382327 0.00204821769
vn 0.9986689 -0.0515382327 0.00204821769
vn -0.4584616 -0.888713062 0.00146739115
vn -0.84138757 -0.540430248 0.00146737928
vn -0.4584816 -0.888686359 0.005585699
vn -0.8756903 -0.482835054 -0.00607013237
vn -0.875715554 -0.482821852 -0.00232092873
vn -0.5169934 -0.855986238 -0.00232092035
vn 0.0165042114 -0.0145372441 0.9997581
vn 0.0165042114 -0.0145372441 0.9997581
vn 0.0165042114 -0.0145372441 0.9997581
vn -0.00297391159 -0.009574043 0.999949753
vn -0.00297391159 -0.009574043 0.999949753
vn -0.00297391159 -0.009574043 0.999949753
vn 1.13993874E-05 -0.707117736 0.7070958
vn 1.17133241E-05 -0.987684846 0.156456351
vn 0.251006573 -0.7655773 0.5923573
vn -5.5907376E-06 -0.8910145 -0.453974843
vn -2.19494086E-05 -0.9876915 0.15641427
vn 0 -0.891013741 -0.453976363
vn 0 -0.453967839 -0.8910181
vn 0 -0.453968525 -0.891017735
vn -2.27051515E-07 0.156415075 -0.9876914
vn 0 0.1564142 -0.9876916
vn -0.2509932 0.5923642 -0.7655763
vn 0 0.7070982 -0.7071154
vn 0.275359154 -0.7837673 0.5566743
vn 0.220325813 -0.7490566 0.624796569
vn -0.146414429 -0.97095 0.189258918
vn -0.220340461 0.6248023 -0.7490476
vn 0.146398574 0.189270809 -0.970950067
vn -0.275375754 0.5566806 -0.783757
vn -0.9986091 -0.0526674576 0.00245899288
vn -0.9986091 -0.0526674576 0.00245899288
vn -0.9986091 -0.0526674576 0.00245899288
vn -0.01696416 -0.7045488 0.7094528
vn -0.01696416 -0.7045488 0.7094528
vn -0.01696416 -0.7045488 0.7094528
vn 0 -0.705375 0.70883435
vn 1 2.204493E-07 0
vn 1 2.27312E-06 0
vn 1 2.204493E-07 0
vn 1 2.204493E-07 0
vn 1 -1.07408987E-07 0
vn 1 -1.60941443E-06 0
vn 1 -3.36949029E-07 0
vn 1 9.589933E-07 -3.864329E-07
vn 1 0 0
vn 1 -2.13773873E-07 1.04985027E-07
vn 1 8.217683E-07 2.22750856E-07
vn 1 5.27430643E-07 -2.831813E-07
vn 1 0 -5.07896459E-07
vn 1 -4.46811555E-06 -9.51910238E-07
vn 1 -1.02720367E-06 -1.72970715E-07
vn 1 0 0
vn 1 0 0
vn 1 -2.2341876E-06 0
vn -0.01685348 0.702377737 -0.7116049
vn -0.01685348 0.702377737 -0.7116049
vn -0.01685348 0.702377737 -0.7116049
vn 0 0.7038388 -0.710359752
vn -1 0 0
vn -1 1.30239823E-06 0
vn -1 0 0
vn -1 0 0
vn -1 -1.00862088E-07 0
vn -1 0 0
vn -1 7.340581E-06 0
vn -1 -1.66839285E-07 0
vn -1 7.749055E-07 1.07926127E-07
vn -1 -1.66839285E-07 0
vn -1 4.162227E-06 0
vn -1 3.699648E-07 6.11500241E-07
vn -1 -2.02165188E-06 6.354641E-07
vn -1 0 -1.90011775E-07
vn -1 0 -2.22411686E-07
vn -1 0 -2.18310618E-07
vn -1 0 -1.01406172E-07
vn -1 -1.04593755E-06 0
vn -1 0 0
vn -1 -1.5230529E-06 0
vn -1 7.120831E-07 -6.719313E-07
vn -1 5.33731873E-06 0
vn -1 -8.21762853E-07 -1.72971511E-07
vn -1 7.91125956E-07 0
vn -1 0 0
vn -1 0 0
vn -1 0 0
vn 1 0 5.096197E-06
vn 1 0 -2.06828136E-05
vn 0.7660502 1.0602178E-05 -0.6427808
vn 0.766050756 0 -0.642780066
vn 0.173627168 0 -0.9848115
vn 0.173641831 0 -0.984808862
vn -0.500008941 0 -0.866020262
vn -0.5000078 0 -0.8660209
vn -0.939685345 0 -0.342040181
vn -0.939685345 0 -0.342040181
vn -0.9396934 0 0.342017949
vn -0.93969506 0 0.342013359
vn -0.49999547 0 0.866028
vn -0.499996066 0 0.866027653
vn 0.173652753 0 0.984806955
vn 0.173662558 0 0.9848052
vn 0.766050756 0 0.642780066
vn 0.7660342 0 0.6427999
vn 1 1.05872759E-05 1.97887439E-05
vn 1 0 2.06828136E-05
vn 0 0 -1
vn 0 0 -1
vn 0 0 -1
vn 1.66453742E-06 0 -1
vn 0 0 1
vn 0 0 1
vn 0 0 1
vn 0 0 1
vn -1 0 -2.14278662E-05
vn -1 0 -2.14278662E-05
vn -0.766030848 -1.40964958E-05 0.6428038
vn -0.766030848 0 0.642803848
vn -0.173664346 0 0.9848049
vn -0.173663557 0 0.984805048
vn 0.4999781 0 0.8660381
vn 0.499978125 0 0.866038
vn 0.939685345 0 0.342040151
vn 0.939685345 0 0.342040151
vn 0.9396986 0 -0.3420038
vn 0.9396986 0 -0.3420038
vn 0.499981135 0 -0.8660363
vn 0.499981821 0 -0.866035938
vn -0.173668355 0 -0.9848042
vn -0.173636392 0 -0.9848098
vn -0.766030848 0 -0.642803848
vn -0.766030848 0 -0.642803848
vn -1 -1.40964967E-05 2.1412965E-05
vn -1 0 2.14278662E-05
vn 0 0 -1
vn 0 0 -1
vn 0 0 -1
vn 0 0 -1
vn 0 0 -1
vn 0 0 -1
vn -7.033348E-06 1 1.24223307E-05
vn -0.499992281 0.866029859 8.661386E-06
vn -7.033348E-06 1 -6.67013228E-06
vn -0.499992281 0.8660299 -1.24223307E-05
vn -0.8660226 0.500004947 8.661389E-06
vn -0.8660214 0.500007033 -1.24223288E-05
vn -1 5.28991131E-06 8.661393E-06
vn -1 9.715557E-06 -1.24223252E-05
vn -1.62219822E-05 0 1
vn -1.62219822E-05 0 1
vn -1.62219822E-05 0 1
vn 8.953064E-07 0 1
vn 0 0 1
vn 8.096248E-06 0 1
vn 0.4687344 -0.8833372 -0.00186025631
vn 0.8475965 -0.530638 -0.00186026492
vn 0.468759239 -0.8833018 -0.00654032733
vn 0.86674124 -0.498757929 0.000367290631
vn 0 1 -1.91926956E-05
vn 0 1 -1.99079514E-05
vn -1.39921913E-05 0.7660355 -0.6427983
vn 0 0.7660355 -0.6427983
vn 0 0.173645362 -0.984808266
vn 0 0.173647851 -0.984807849
vn 0 -0.499984 -0.8660346
vn 0 -0.499985218 -0.866034
vn 0 -0.939685345 -0.342040151
vn 0 -0.939685345 -0.342040181
vn 0 -0.939693 0.34201923
vn 0 -0.9396932 0.3420186
vn 0 -0.4999856 0.866033733
vn 0 -0.499988317 0.8660322
vn 0 0.173632786 0.9848105
vn 0 0.173633665 0.9848103
vn 0 0.7660269 0.6428085
vn 0 0.766027331 0.6428081
vn -1.06394291E-05 1 -1.59740448E-05
vn 0 1 -1.603365E-05
vn -0.01696416 -0.7045488 0.7094528
vn -0.01696416 -0.7045488 0.7094528
vn -0.01696416 -0.7045488 0.7094528
vn 0 -0.7053755 0.7088339
vn 1.48312092E-05 -0.9876915 0.156414211
vn -1.53702367E-05 -0.8910146 -0.453974664
vn 1.59591455E-05 -0.9876915 0.156414241
vn -1.4831211E-05 -0.8910147 -0.453974456
vn -1.47093742E-05 -0.453967631 -0.8910182
vn -1.48333947E-05 -0.453969479 -0.891017258
vn -1.49282114E-05 0.156422034 -0.9876903
vn -1.48312083E-05 0.156421587 -0.9876904
vn -1.50019077E-05 0.7070965 -0.707117
vn -1.4831202E-05 0.7070924 -0.707121134
vn 0.9999571 -0.009062622 -0.00195203663
vn 0.9999571 -0.009062622 -0.00195203663
vn 0.9999571 -0.009062622 -0.00195203663
vn 1 0 0
vn 1 -1.01238513E-07 0
vn 1 -3.25033284E-07 0
vn 1 0 0
vn 1 0 0
vn 1 0 0
vn 1 0 0
vn 1 0 0
vn 1 -7.749055E-07 0
vn 1 0 0
vn 1 1.51017264E-06 0
vn 1 0 0
vn 1 4.10884155E-07 0
vn 1 -2.63715322E-07 0
vn 1 -1.06669852E-07 0
vn 1 2.23413758E-06 0
vn 1 0 0
vn 1 -1.33432968E-06 0
vn 1 0 0
vn 1 2.05440713E-07 0
vn 1 0 0
vn 1 -8.533763E-07 0
vn 1 2.2341876E-06 0
vn 0 0 1
vn 0 0 1
vn 0 0 1
vn 1.46994516E-05 0 1
vn 0 0 1
vn 0 0 1
vn 7.033348E-06 1 -1.24223307E-05
vn 0.499992281 0.866029859 -8.661386E-06
vn 7.033348E-06 1 6.67013228E-06
vn 0.499992281 0.8660299 1.24223307E-05
vn 0.86602217 0.500005662 -8.661386E-06
vn 0.8660218 0.5000063 1.24223288E-05
vn 1 5.28991131E-06 -8.661393E-06
vn 1 9.715557E-06 1.24223252E-05
vn -1.6150263E-05 0 -1
vn -1.6150263E-05 0 -1
vn -1.6150263E-05 0 -1
vn -3.59670821E-06 0 -1
vn 0 0 -1
vn 0 0 -1
vn -0.0168534853 0.702378 -0.711604655
vn -0.0168534853 0.702378 -0.711604655
vn -0.0168534853 0.702378 -0.711604655
vn 0 0.7038386 -0.710359931
vn -1.4831202E-05 0.7070919 -0.7071216
vn 1.50018977E-05 0.1564513 -0.9876857
vn -1.58101338E-05 0.7070919 -0.7071216
vn 1.48333784E-05 0.156411141 -0.987692058
vn 1.49282059E-05 -0.45396775 -0.8910181
vn 1.48312083E-05 -0.453967929 -0.891018033
vn -9.078969E-05 -0.8909992 -0.4540049
vn 1.4831212E-05 -0.890999854 -0.4540036
vn 1.45096874E-05 -0.9876912 0.156416446
vn 1.16845777E-05 -0.9876915 0.156414419
vn -1.16845795E-05 0.156409755 -0.9876923
vn 1.36758072E-05 -0.453979045 -0.8910124
vn -1.180172E-05 0.1564091 -0.987692356
vn 1.483121E-05 -0.453977346 -0.8910132
vn 1.54461741E-05 -0.89101696 -0.453970045
vn 1.48312311E-05 -0.890998065 -0.454007149
vn 1.42651679E-05 -0.9876913 0.156416133
vn 1.4831212E-05 -0.9876912 0.156416446
vn -9.020041E-05 -0.7071184 0.707095146
vn 1.48311838E-05 -0.7071234 0.707090139
vn -0.999964356 -0.008263603 -0.00172693678
vn -0.999964356 -0.008263603 -0.00172693678
vn -0.999964356 -0.008263603 -0.00172693678
vn -1 -8.024356E-07 0
vn -1 6.137888E-07 0
vn -1 0 0
vn -1 -1.69327762E-07 0
vn -1 0 0
vn -1 2.0111726E-07 0
vn -1 1.97778135E-07 0
vn -1 -8.533763E-07 0
vn -1 4.468395E-06 0
vn -1 4.468395E-06 0
vn -1 0 0
vn -1 0 0
vn -1 0 0
vn -1 -2.151426E-06 0
vn -8.385344E-05 -0.9999844 0.00558841042
vn 0.002187401 -0.999995947 0.001835613
vn 0.0038416232 -0.9999926 0
vn 0.00333954557 -0.999994338 0.0004532401
vn -8.385344E-05 -0.9999844 0.00558841042
vn 0.00227394979 -0.9999973 -0.000467587815
vn -0.00355850812 -0.9999935 0.0005763484
vn -0.00165456056 -0.9999945 0.00286484882
vn -0.00355850812 -0.9999935 0.0005763484
vn -0.00355850812 -0.9999935 0.0005763484
vn 0 -1 -3.78810159E-06
vn -0.00216205535 -0.9999974 -0.0007873657
vn -0.00208255253 -0.999997437 -0.0008907833
vn 0 -1 0
vn 0 -1 0
vn 0 -1 0
vn 0 -1 5.023255E-06
vn 0 -1 3.975684E-06
vn 0.00215947046 -0.9999974 -0.0008006329
vn 0.00156360574 -0.9999952 -0.00269531622
vn -0.00189294282 -0.99999696 -0.001585237
vn -0.000893865246 -0.999986768 -0.00507378345
vn 0 1 -1.0145036E-06
vn 0 1 7.36484139E-07
vn 0 1 1.74065353E-05
vn 0 1 7.36484139E-07
vn 0 1 5.82740768E-07
vn 0 1 0
vn 0 1 0
vn 0 1 3.78810159E-06
vn 0 1 -2.4859678E-06
vn 0 1 0
vn 0 1 0
vn 0 1 0
vn 0 1 0
vn 0 1 0
vn 0 1 -1.19649008E-06
vn 0 1 -4.675135E-06
vn 0 1 0
vn 0 1 -5.82740768E-07
vn 0 1 -3.31237129E-06
vn 0 1 1.89936361E-06
vn 0 1 0
vn 0 1 0
f 1//1 2//2 3//3
f 4//4 5//5 6//6
f 7//7 8//8 9//9
f 10//10 11//11 12//12
f 13//13 14//14 15//15
f 16//16 17//17 18//18
f 19//19 20//20 21//21
f 22//22 23//23 24//24
f 25//25 26//26 27//27
f 28//28 29//29 30//30
f 31//31 32//32 33//33
f 34//34 35//35 36//36
f 37//37 38//38 39//39
f 40//40 41//41 42//42
f 43//43 44//44 45//45
f 46//46 47//47 48//48
f 49//49 50//50 51//51
f 52//52 53//53 54//54
f 55//55 56//56 57//57
f 58//58 59//59 60//60
f 61//61 62//62 63//63
f 64//64 65//65 66//66
f 67//67 68//68 69//69
f 70//70 71//71 69//69
f 72//72 73//73 74//74
f 75//75 76//76 77//77
f 78//78 79//79 80//80
f 81//81 82//82 83//83
f 84//84 85//85 86//86
f 87//87 88//88 89//89
f 90//90 91//91 92//92
f 93//93 94//94 95//95
f 96//96 97//97 98//98
f 99//99 100//100 101//101
f 102//102 103//103 104//104
f 105//105 106//106 107//107
f 108//108 109//109 110//110
f 111//111 112//112 113//113
f 114//114 115//115 116//116
f 117//117 118//118 119//119
f 120//120 121//121 122//122
f 123//123 124//124 125//125
f 126//126 127//127 128//128
f 129//129 130//130 131//131
f 132//132 133//133 134//134
f 135//135 136//136 137//137
f 138//138 139//139 140//140
f 141//141 142//142 143//143
f 144//144 145//145 146//146
f 147//147 148//148 149//149
f 150//150 151//151 152//152
f 153//153 154//154 155//155
f 156//156 157//157 158//158
f 159//159 160//160 161//161
f 162//162 163//163 164//164
f 165//165 166//166 167//167
f 168//168 169//169 170//170
f 171//171 172//172 173//173
f 174//174 175//175 176//176
f 177//177 178//178 179//179
f 180//180 181//181 182//182
f 183//183 184//184 185//185
f 186//186 187//187 188//188
f 189//189 190//190 191//191
f 192//192 193//193 194//194
f 195//195 196//196 197//197
f 198//198 199//199 200//200
f 201//201 202//202 203//203
f 204//204 205//205 206//206
f 207//207 208//208 209//209
f 210//210 211//211 212//212
f 213//213 214//214 215//215
f 216//216 217//217 218//218
f 219//219 220//220 221//221
f 222//222 223//223 224//224
f 225//225 226//226 227//227
f 228//228 229//229 230//230
f 231//231 232//232 233//233
f 234//234 235//235 236//236
f 237//237 238//238 239//239
f 240//240 241//241 242//242
f 243//243 244//244 240//240
f 244//244 245//245 240//240
f 246//246 247//247 248//248
f 249//249 250//250 251//251
f 252//252 253//253 251//251
f 254//254 255//255 256//256
f 257//257 258//258 259//259
f 260//260 261//261 262//262
f 263//263 264//264 265//265
f 266//266 267//267 268//268
f 269//269 270//270 271//271
f 272//272 273//273 274//274
f 275//275 276//276 277//277
f 278//278 279//279 280//280
f 281//281 282//282 283//283
f 284//284 285//285 286//286
f 287//287 288//288 289//289
f 290//290 291//291 292//292
f 293//293 294//294 295//295
f 296//296 297//297 298//298
f 299//299 300//300 301//301
f 302//302 303//303 304//304
f 305//305 306//306 307//307
f 308//308 309//309 310//310
f 311//311 312//312 313//313
f 314//314 315//315 316//316
f 317//317 318//318 319//319
f 320//320 321//321 322//322
f 323//323 324//324 325//325
f 326//326 327//327 328//328
f 329//329 330//330 331//331
f 332//332 333//333 334//334
f 335//335 336//336 337//337
f 338//338 339//339 340//340
f 341//341 342//342 343//343
f 344//344 345//345 346//346
f 347//347 348//348 349//349
f 350//350 351//351 352//352
f 353//353 354//354 355//355
f 356//356 357//357 358//358
f 359//359 360//360 361//361
f 362//362 363//363 364//364
f 365//365 366//366 367//367
f 368//368 369//369 370//370
f 371//371 372//372 373//373
f 374//374 375//375 376//376
f 377//377 378//378 379//379
f 380//380 381//381 382//382
f 383//383 384//384 385//385
f 386//386 387//387 388//388
f 389//389 390//390 391//391
f 392//392 393//393 394//394
f 395//395 396//396 397//397
f 398//398 399//399 400//400
f 401//401 402//402 403//403
f 404//404 405//405 406//406
f 407//407 408//408 409//409
f 410//410 411//411 412//412
f 413//413 414//414 415//415
f 416//416 417//417 418//418
f 419//419 420//420 421//421
f 422//422 423//423 424//424
f 425//425 426//426 427//427
f 428//428 429//429 430//430
f 431//431 432//432 433//433
f 434//434 435//435 436//436
f 437//437 438//438 439//439
f 440//440 441//441 442//442
f 443//443 444//444 445//445
f 446//446 447//447 448//448
f 449//449 450//450 451//451
f 452//452 453//453 454//454
f 455//455 456//456 457//457
f 458//458 459//459 460//460
f 461//461 462//462 463//463
f 464//464 465//465 466//466
f 467//467 468//468 469//469
f 470//470 471//471 472//472
f 473//473 474//474 475//475
f 476//476 477//477 478//478
f 479//479 480//480 481//481
f 482//482 483//483 484//484
f 485//485 486//486 487//487
f 488//488 489//489 490//490
f 491//491 492//492 493//493
f 494//494 495//495 496//496
f 497//497 498//498 499//499
f 500//500 501//501 502//502
f 503//503 504//504 505//505
f 506//506 507//507 508//508
f 509//509 510//510 511//511
f 512//512 513//513 514//514
f 515//515 516//516 517//517
f 518//518 519//519 520//520
f 521//521 522//522 523//523
f 524//524 525//525 526//526
f 527//527 528//528 529//529
f 530//530 531//531 532//532
f 533//533 534//534 535//535
f 536//536 537//537 538//538
f 539//539 540//540 541//541
f 542//542 543//543 544//544
f 545//545 546//546 547//547
f 548//548 549//549 550//550
f 551//551 552//552 553//553
f 554//554 555//555 556//556
f 557//557 558//558 559//559
f 560//560 561//561 562//562
f 563//563 564//564 565//565
f 566//566 567//567 568//568
f 569//569 570//570 571//571
f 572//572 573//573 574//574
f 575//575 576//576 577//577
f 578//578 579//579 580//580
f 581//581 582//582 583//583
f 584//584 585//585 586//586
f 587//587 588//588 589//589
f 590//590 591//591 592//592
f 593//593 594//594 595//595
f 596//596 597//597 598//598
f 599//599 600//600 601//601
f 602//602 603//603 604//604
f 605//605 606//606 607//607
f 608//608 609//609 610//610
f 611//611 612//612 613//613
f 614//614 615//615 616//616
f 617//617 618//618 619//619
f 620//620 621//621 622//622
f 623//623 624//624 625//625
f 626//626 627//627 628//628
f 629//629 630//630 631//631
f 632//632 633//633 634//634
f 635//635 636//636 637//637
f 638//638 639//639 640//640
f 641//641 642//642 643//643
f 644//644 645//645 646//646
f 645//645 647//647 648//648
f 649//649 650//650 651//651
f 652//652 651//651 653//653
f 654//654 652//652 653//653
f 655//655 652//652 656//656
f 657//657 655//655 656//656
f 657//657 656//656 658//658
f 659//659 660//660 661//661
f 662//662 663//663 664//664
f 665//665 666//666 667//667
f 668//668 669//669 670//670
f 671//671 672//672 673//673
f 674//674 675//675 676//676
f 677//677 678//678 679//679
f 680//680 681//681 682//682
f 683//683 684//684 685//685
f 686//686 687//687 688//688
f 689//689 690//690 691//691
f 692//692 693//693 694//694
f 695//695 696//696 697//697
f 695//695 698//698 699//699
f 700//700 701//701 702//702
f 703//703 704//704 705//705
f 706//706 707//707 708//708
f 709//709 710//710 711//711
f 712//712 713//713 714//714
f 715//715 716//716 717//717
f 718//718 719//719 720//720
f 721//721 722//722 723//723
f 724//724 725//725 726//726
f 727//727 728//728 729//729
f 730//730 731//731 732//732
f 733//733 734//734 735//735
f 736//736 737//737 738//738
f 739//739 740//740 741//741
f 742//742 743//743 744//744
f 745//745 746//746 747//747
f 748//748 749//749 750//750
f 751//751 752//752 753//753
f 754//754 755//755 756//756
f 757//757 758//758 759//759
f 760//760 761//761 762//762
f 763//763 764//764 765//765
f 766//766 767//767 768//768
f 769//769 770//770 771//771
f 772//772 773//773 774//774
f 775//775 776//776 777//777
f 778//778 779//779 780//780
f 781//781 782//782 783//783
f 784//784 785//785 786//786
f 787//787 788//788 789//789
f 790//790 791//791 792//792
f 793//793 794//794 795//795
f 796//796 797//797 798//798
f 799//799 800//800 801//801
f 802//802 803//803 804//804
f 805//805 806//806 807//807
f 808//808 809//809 810//810
f 811//811 812//812 813//813
f 814//814 815//815 816//816
f 817//817 818//818 819//819
f 820//820 821//821 822//822
f 823//823 824//824 825//825
f 826//826 827//827 828//828
f 826//826 829//829 827//827
f 830//830 831//831 832//832
f 830//830 832//832 833//833
f 832//832 834//834 833//833
f 835//835 836//836 833//833
f 836//836 837//837 833//833
f 836//836 838//838 837//837
f 839//839 840//840 841//841
f 840//840 839//839 842//842
f 843//843 844//844 845//845
f 845//845 846//846 843//843
f 845//845 847//847 846//846
f 847//847 848//848 846//846
f 848//848 849//849 846//846
f 848//848 850//850 849//849
f 850//850 851//851 849//849
f 851//851 850//850 852//852
f 853//853 854//854 855//855
f 853//853 856//856 854//854
f 857//857 858//858 859//859
f 858//858 860//860 859//859
f 861//861 862//862 863//863
f 863//863 862//862 864//864
f 865//865 866//866 862//862
f 867//867 866//866 865//865
f 868//868 867//867 869//869
f 870//870 869//869 871//871
f 872//872 870//870 871//871
f 872//872 871//871 873//873
f 874//874 872//872 873//873
f 875//875 874//874 873//873
f 876//876 875//875 873//873
f 875//875 876//876 877//877
f 878//878 879//879 880//880
f 881//881 882//882 883//883
f 884//884 885//885 886//886
f 887//887 888//888 889//889
f 890//890 891//891 892//892
f 893//893 894//894 895//895
f 896//896 897//897 898//898
f 899//899 900//900 901//901
f 902//902 903//903 904//904
f 905//905 906//906 907//907
f 908//908 909//909 910//910
f 911//911 912//912 913//913
f 914//914 915//915 916//916
f 917//917 918//918 919//919
f 920//920 921//921 922//922
f 923//923 924//924 925//925
f 926//926 927//927 928//928
f 929//929 930//930 931//931
f 932//932 933//933 934//934
f 935//935 936//936 937//937
f 938//938 939//939 940//940
f 941//941 942//942 943//943
f 944//944 945//945 946//946
f 947//947 948//948 949//949
f 950//950 951//951 952//952
f 953//953 954//954 955//955
f 956//956 957//957 958//958
f 959//959 960//960 961//961
f 962//962 963//963 964//964
f 965//965 966//966 967//967
f 968//968 969//969 970//970
f 971//971 972//972 973//973
f 974//974 975//975 976//976
f 977//977 978//978 979//979
f 980//980 981//981 982//982
f 983//983 984//984 985//985
f 986//986 987//987 988//988
f 989//989 990//990 991//991
f 992//992 993//993 994//994
f 995//995 996//996 997//997
f 998//998 999//999 1000//1000
f 1001//1001 1002//1002 1003//1003
f 1004//1004 1005//1005 1006//1006
f 1007//1007 1008//1008 1009//1009
f 1010//1010 1011//1011 1012//1012
f 1013//1013 1014//1014 1015//1015
f 1016//1016 1017//1017 1018//1018
f 1019//1019 1020//1020 1021//1021
f 1022//1022 1023//1023 1024//1024
f 1025//1025 1026//1026 1027//1027
f 1028//1028 1029//1029 1030//1030
f 1031//1031 1032//1032 1033//1033
f 1034//1034 1035//1035 1036//1036
f 1037//1037 1038//1038 1039//1039
f 1040//1040 1041//1041 1042//1042
f 1043//1043 1044//1044 1045//1045
f 1046//1046 1047//1047 1048//1048
f 1049//1049 1050//1050 1051//1051
f 1052//1052 1053//1053 1054//1054
f 1055//1055 1056//1056 1057//1057
f 1058//1058 1059//1059 1060//1060
f 1061//1061 1062//1062 1063//1063
f 1064//1064 1065//1065 1066//1066
f 1067//1067 1068//1068 1069//1069
f 1070//1070 1071//1071 1072//1072
f 1073//1073 1074//1074 1075//1075
f 1076//1076 1077//1077 1078//1078
f 1077//1077 1079//1079 1078//1078
f 1080//1080 1081//1081 1082//1082
f 1080//1080 1083//1083 1081//1081
f 1084//1084 1085//1085 1086//1086
f 1084//1084 1087//1087 1085//1085
f 1088//1088 1089//1089 1090//1090
f 1088//1088 1091//1091 1089//1089
f 1092//1092 1093//1093 1094//1094
f 1093//1093 1095//1095 1094//1094
f 1096//1096 1097//1097 1098//1098
f 1099//1099 1100//1100 1101//1101
f 1102//1102 1103//1103 1104//1104
f 1104//1104 1105//1105 1106//1106
f 1107//1107 1108//1108 1109//1109
f 1110//1110 1111//1111 1109//1109
f 1112//1112 1111//1111 1110//1110
f 1113//1113 1112//1112 1114//1114
f 1115//1115 1116//1116 1117//1117
f 1115//1115 1118//1118 1119//1119
f 1118//1118 1120//1120 1119//1119
f 1121//1121 1122//1122 1118//1118
f 1122//1122 1123//1123 1118//1118
f 1124//1124 1125//1125 1120//1120
f 1124//1124 1123//1123 1126//1126
f 1123//1123 1127//1127 1126//1126
f 1128//1128 1129//1129 1125//1125
f 1128//1128 1130//1130 1131//1131
f 1132//1132 1128//1128 1133//1133
f 1134//1134 1135//1135 1132//1132
f 1134//1134 1132//1132 1136//1136
f 1132//1132 1137//1137 1136//1136
f 1136//1136 1137//1137 1138//1138
f 1137//1137 1139//1139 1140//1140
f 1141//1141 1142//1142 1140//1140
f 1134//1134 1143//1143 1144//1144
f 1143//1143 1145//1145 1144//1144
f 1145//1145 1146//1146 1147//1147
f 1148//1148 1149//1149 1138//1138
f 1149//1149 1148//1148 1150//1150
f 1151//1151 1150//1150 1152//1152
f 1151//1151 1153//1153 1154//1154
f 1153//1153 1155//1155 1154//1154
f 1153//1153 1156//1156 1155//1155
f 1156//1156 1157//1157 1155//1155
f 1156//1156 1158//1158 1157//1157
f 1158//1158 1156//1156 1159//1159
f 1158//1158 1159//1159 1160//1160
f 1161//1161 1162//1162 1163//1163
f 1164//1164 1165//1165 1166//1166
f 1167//1167 1168//1168 1169//1169
f 1170//1170 1171//1171 1172//1172
f 1173//1173 1174//1174 1175//1175
f 1176//1176 1177//1177 1178//1178
f 1179//1179 1180//1180 1181//1181
f 1181//1181 1182//1182 1183//1183
f 1184//1184 1185//1185 1183//1183
f 1184//1184 1186//1186 1185//1185
f 1182//1182 1187//1187 1188//1188
f 1187//1187 1189//1189 1188//1188
f 1187//1187 1190//1190 1189//1189
f 1190//1190 1191//1191 1189//1189
f 1190//1190 1192//1192 1191//1191
f 1192//1192 1190//1190 1193//1193
f 1186//1186 1194//1194 1195//1195
f 1186//1186 1196//1196 1194//1194
f 1196//1196 1197//1197 1194//1194
f 1196//1196 1198//1198 1197//1197
f 1198//1198 1196//1196 1199//1199
f 1200//1200 1198//1198 1199//1199
f 1199//1199 1196//1196 1201//1201
f 1201//1201 1196//1196 1202//1202
f 1203//1203 1201//1201 1202//1202
f 1201//1201 1203//1203 1204//1204
f 1205//1205 1206//1206 1204//1204
f 1206//1206 1207//1207 1204//1204
f 1206//1206 1208//1208 1207//1207
f 1209//1209 1210//1210 1207//1207
f 1209//1209 1211//1211 1210//1210
f 1211//1211 1115//1115 1212//1212
f 1212//1212 1213//1213 1211//1211
f 1213//1213 1214//1214 1211//1211
f 1214//1214 1213//1213 1215//1215
f 1216//1216 1214//1214 1217//1217
f 1218//1218 1215//1215 1219//1219
f 1220//1220 1221//1221 1222//1222
f 1223//1223 1220//1220 1224//1224
f 1225//1225 1223//1223 1224//1224
f 1223//1223 1225//1225 1226//1226
f 1225//1225 1227//1227 1228//1228
f 1227//1227 1229//1229 1228//1228
f 1230//1230 1231//1231 1227//1227
f 1231//1231 1232//1232 1227//1227
f 1231//1231 1233//1233 1232//1232
f 1234//1234 1232//1232 1233//1233
f 1235//1235 1234//1234 1233//1233
f 1236//1236 1235//1235 1233//1233
f 1237//1237 1238//1238 1239//1239
f 1240//1240 1237//1237 1241//1241
f 1242//1242 1243//1243 1244//1244
f 1245//1245 1246//1246 1247//1247
f 1248//1248 1249//1249 1250//1250
f 1251//1251 1252//1252 1253//1253
f 1254//1254 1255//1255 1256//1256
f 1257//1257 1258//1258 1259//1259
f 1260//1260 1261//1261 1262//1262
f 1263//1263 1264//1264 1265//1265
f 1266//1266 1267//1267 1268//1268
f 1269//1269 1270//1270 1271//1271
f 1272//1272 1273//1273 1274//1274
f 1275//1275 1276//1276 1277//1277
f 1278//1278 1279//1279 1280//1280
f 1281//1281 1282//1282 1283//1283
f 1284//1284 1285//1285 1286//1286
f 1287//1287 1288//1288 1289//1289
f 1290//1290 1291//1291 1292//1292
f 1293//1293 1294//1294 1295//1295
f 1296//1296 1297//1297 1298//1298
f 1299//1299 1300//1300 1301//1301
f 1302//1302 1303//1303 1304//1304
f 1305//1305 1306//1306 1307//1307
f 1308//1308 1309//1309 1310//1310
f 1311//1311 1312//1312 1313//1313
f 1314//1314 1315//1315 1316//1316
f 1317//1317 1318//1318 1319//1319
f 1320//1320 1321//1321 1322//1322
f 1323//1323 1324//1324 1325//1325
f 1326//1326 1327//1327 1328//1328
f 1329//1329 1328//1328 1330//1330
f 1331//1331 1330//1330 1328//1328
f 1332//1332 1330//1330 1331//1331
f 1332//1332 1331//1331 1333//1333
f 1329//1329 1334//1334 1335//1335
f 1336//1336 1333//1333 1337//1337
f 1333//1333 1338//1338 1337//1337
f 1339//1339 1336//1336 1337//1337
f 1339//1339 1337//1337 1340//1340
f 1339//1339 1340//1340 1341//1341
f 1342//1342 1339//1339 1341//1341
f 1343//1343 1344//1344 1338//1338
f 1344//1344 1345//1345 1338//1338
f 1344//1344 1346//1346 1345//1345
f 1346//1346 1347//1347 1345//1345
f 1346//1346 1348//1348 1349//1349
f 1346//1346 1350//1350 1348//1348
f 1351//1351 1352//1352 1345//1345
f 1351//1351 1353//1353 1352//1352
f 1353//1353 1354//1354 1355//1355
f 1356//1356 1357//1357 1354//1354
f 1357//1357 1358//1358 1359//1359
f 1358//1358 1360//1360 1359//1359
f 1361//1361 1362//1362 1350//1350
f 1362//1362 1363//1363 1350//1350
f 1364//1364 1350//1350 1363//1363
f 1364//1364 1365//1365 1350//1350
f 1365//1365 1366//1366 1350//1350
f 1365//1365 1367//1367 1366//1366
f 1368//1368 1365//1365 1364//1364
f 1368//1368 1364//1364 1369//1369
f 1368//1368 1369//1369 1370//1370
f 1367//1367 1365//1365 1371//1371
f 1372//1372 1371//1371 1373//1373
f 1373//1373 1374//1374 1372//1372
f 1375//1375 1376//1376 1374//1374
f 1375//1375 1370//1370 1376//1376
f 1375//1375 1377//1377 1370//1370
f 1378//1378 1370//1370 1379//1379
f 1378//1378 1379//1379 1380//1380
f 1381//1381 1378//1378 1380//1380
f 1381//1381 1382//1382 1383//1383
f 1382//1382 1363//1363 1383//1383
f 1382//1382 1384//1384 1385//1385
f 1386//1386 1387//1387 1383//1383
f 1387//1387 1386//1386 1388//1388
f 1389//1389 1387//1387 1388//1388
f 1390//1390 1389//1389 1391//1391
f 1392//1392 1393//1393 1391//1391
f 1392//1392 1394//1394 1393//1393
f 1395//1395 1390//1390 1396//1396
f 1397//1397 1398//1398 1396//1396
f 1395//1395 1399//1399 1341//1341
f 1400//1400 1399//1399 1395//1395
f 1400//1400 1401//1401 1399//1399
f 1400//1400 1402//1402 1401//1401
f 1403//1403 1404//1404 1405//1405
f 1406//1406 1407//1407 1408//1408
f 1409//1409 1410//1410 1411//1411
f 1412//1412 1413//1413 1411//1411
f 1412//1412 1367//1367 1413//1413
f 1367//1367 1414//1414 1413//1413
f 1413//1413 1414//1414 1415//1415
f 1415//1415 1414//1414 1416//1416
f 1417//1417 1418//1418 1419//1419
f 1420//1420 1418//1418 1421//1421
f 1422//1422 1423//1423 1424//1424
f 1425//1425 1426//1426 1427//1427
f 1428//1428 1429//1429 1430//1430
f 1431//1431 1432//1432 1433//1433
f 1434//1434 1435//1435 1436//1436
f 1437//1437 1438//1438 1439//1439
f 1440//1440 1441//1441 1442//1442
f 1443//1443 1444//1444 1445//1445
f 1444//1444 1446//1446 1447//1447
f 1448//1448 1449//1449 1446//1446
f 1450//1450 1451//1451 1452//1452
f 1451//1451 1453//1453 1454//1454
f 1455//1455 1456//1456 1453//1453
f 1457//1457 1458//1458 1459//1459
f 1460//1460 1461//1461 1462//1462
f 1463//1463 1464//1464 1465//1465
f 1466//1466 1467//1467 1468//1468
f 1469//1469 1470//1470 1471//1471
f 1472//1472 1473//1473 1474//1474
f 1475//1475 1476//1476 1477//1477
f 1478//1478 1479//1479 1480//1480
f 1481//1481 1482//1482 1483//1483
f 1484//1484 1485//1485 1486//1486
f 1487//1487 1488//1488 1489//1489
f 1490//1490 1491//1491 1492//1492
f 1493//1493 1494//1494 1495//1495
f 1496//1496 1497//1497 1498//1498
f 1499//1499 1500//1500 1501//1501
f 1502//1502 1503//1503 1504//1504
f 1505//1505 1506//1506 1507//1507
f 1508//1508 1509//1509 1510//1510
f 1511//1511 1512//1512 1513//1513
f 1512//1512 1514//1514 1515//1515
f 1514//1514 1516//1516 1517//1517
f 1516//1516 1518//1518 1519//1519
f 1518//1518 1520//1520 1521//1521
f 1520//1520 1522//1522 1523//1523
f 1524//1524 1525//1525 1526//1526
f 1527//1527 1528//1528 1529//1529
f 1530//1530 1531//1531 1532//1532
f 1533//1533 1534//1534 1535//1535
f 1536//1536 1537//1537 1538//1538
f 1539//1539 1540//1540 1541//1541
f 1542//1542 1543//1543 1544//1544
f 1545//1545 1542//1542 1546//1546
f 1547//1547 1548//1548 1549//1549
f 1550//1550 1551//1551 1552//1552
f 1553//1553 1554//1554 1555//1555
f 1556//1556 1557//1557 1558//1558
f 1559//1559 1560//1560 1561//1561
f 1560//1560 1562//1562 1563//1563
f 1564//1564 1565//1565 1562//1562
f 1566//1566 1567//1567 1568//1568
f 1569//1569 1570//1570 1571//1571
f 1572//1572 1573//1573 1574//1574
f 1575//1575 1576//1576 1577//1577
f 1578//1578 1579//1579 1580//1580
f 1581//1581 1582//1582 1583//1583
f 1584//1584 1585//1585 1586//1586
f 1587//1587 1588//1588 1589//1589
f 1590//1590 1591//1591 1592//1592
f 1593//1593 1594//1594 1595//1595
f 1596//1596 1597//1597 1598//1598
f 1599//1599 1600//1600 1601//1601
f 1602//1602 1603//1603 1604//1604
f 1605//1605 1606//1606 1607//1607
f 1608//1608 1609//1609 1610//1610
f 1611//1611 1612//1612 1613//1613
f 1614//1614 1615//1615 1616//1616
f 1617//1617 1618//1618 1619//1619
f 1620//1620 1621//1621 1622//1622
f 1623//1623 1624//1624 1625//1625
f 1626//1626 1627//1627 1628//1628
f 1629//1629 1630//1630 1631//1631
f 1632//1632 1633//1633 1634//1634
f 1635//1635 1636//1636 1637//1637
f 1638//1638 1639//1639 1640//1640
f 1641//1641 1642//1642 1643//1643
f 1644//1644 1645//1645 1646//1646
f 1647//1647 1648//1648 1649//1649
f 1650//1650 1651//1651 1652//1652
f 1653//1653 1654//1654 1655//1655
f 1656//1656 1657//1657 1658//1658
f 1659//1659 1660//1660 1661//1661
f 1662//1662 1663//1663 1664//1664
f 1665//1665 1666//1666 1667//1667
f 1668//1668 1667//1667 1669//1669
f 1670//1670 1668//1668 1669//1669
f 1670//1670 1671//1671 1672//1672
f 1673//1673 1670//1670 1674//1674
f 1673//1673 1675//1675 1676//1676
f 1677//1677 1673//1673 1678//1678
f 1679//1679 1678//1678 1680//1680
f 1681//1681 1679//1679 1682//1682
f 1681//1681 1682//1682 1683//1683
f 1684//1684 1681//1681 1685//1685
f 1686//1686 1685//1685 1687//1687
f 1688//1688 1686//1686 1689//1689
f 1690//1690 1689//1689 1691//1691
f 1692//1692 1690//1690 1693//1693
f 1694//1694 1693//1693 1695//1695
f 1696//1696 1694//1694 1697//1697
f 1698//1698 1697//1697 1699//1699
f 1700//1700 1698//1698 1699//1699
f 1700//1700 1701//1701 1702//1702
f 1703//1703 1704//1704 1705//1705
f 1706//1706 1707//1707 1708//1708
f 1709//1709 1710//1710 1711//1711
f 1712//1712 1713//1713 1714//1714
f 1715//1715 1716//1716 1717//1717
f 1718//1718 1719//1719 1720//1720
f 1721//1721 1722//1722 1723//1723
f 1724//1724 1725//1725 1726//1726
f 1727//1727 1728//1728 1729//1729
f 1729//1729 1730//1730 1731//1731
f 1732//1732 1733//1733 1734//1734
f 1735//1735 1736//1736 1734//1734
f 1737//1737 1736//1736 1735//1735
f 1738//1738 1737//1737 1739//1739
f 1740//1740 1741//1741 1742//1742
f 1743//1743 1744//1744 1745//1745
f 1746//1746 1747//1747 1748//1748
f 1749//1749 1750//1750 1751//1751
f 1752//1752 1753//1753 1754//1754
f 1755//1755 1756//1756 1757//1757
f 1758//1758 1759//1759 1755//1755
f 1760//1760 1758//1758 1755//1755
f 1760//1760 1755//1755 1761//1761
f 1760//1760 1761//1761 1762//1762
f 1763//1763 1760//1760 1762//1762
f 1764//1764 1765//1765 1763//1763
f 1758//1758 1766//1766 1767//1767
f 1766//1766 1768//1768 1767//1767
f 1768//1768 1766//1766 1769//1769
f 1755//1755 1770//1770 1771//1771
f 1770//1770 1772//1772 1771//1771
f 1770//1770 1773//1773 1772//1772
f 1773//1773 1770//1770 1774//1774
f 1774//1774 1770//1770 1775//1775
f 1775//1775 1770//1770 1776//1776
f 1777//1777 1775//1775 1778//1778
f 1775//1775 1777//1777 1779//1779
f 1780//1780 1778//1778 1781//1781
f 1782//1782 1780//1780 1781//1781
f 1783//1783 1784//1784 1779//1779
f 1784//1784 1785//1785 1779//1779
f 1784//1784 1786//1786 1785//1785
f 1787//1787 1788//1788 1785//1785
f 1787//1787 1789//1789 1788//1788
f 1789//1789 1790//1790 1791//1791
f 1791//1791 1792//1792 1789//1789
f 1792//1792 1791//1791 1793//1793
f 1790//1790 1794//1794 1791//1791
f 1790//1790 1795//1795 1794//1794
f 1796//1796 1792//1792 1797//1797
f 1798//1798 1799//1799 1795//1795
f 1799//1799 1800//1800 1795//1795
f 1795//1795 1800//1800 1801//1801
f 1800//1800 1802//1802 1803//1803
f 1804//1804 1800//1800 1803//1803
f 1804//1804 1805//1805 1806//1806
f 1807//1807 1808//1808 1805//1805
f 1807//1807 1809//1809 1810//1810
f 1811//1811 1807//1807 1812//1812
f 1811//1811 1813//1813 1814//1814
f 1813//1813 1815//1815 1814//1814
f 1816//1816 1817//1817 1814//1814
f 1817//1817 1816//1816 1818//1818
f 1817//1817 1818//1818 1819//1819
f 1820//1820 1811//1811 1821//1821
f 1820//1820 1821//1821 1822//1822
f 1820//1820 1823//1823 1811//1811
f 1820//1820 1824//1824 1823//1823
f 1824//1824 1825//1825 1823//1823
f 1825//1825 1826//1826 1827//1827
f 1828//1828 1829//1829 1830//1830
f 1831//1831 1832//1832 1833//1833
f 1834//1834 1835//1835 1836//1836
f 1837//1837 1838//1838 1839//1839
f 1840//1840 1841//1841 1842//1842
f 1843//1843 1844//1844 1845//1845
f 1846//1846 1847//1847 1848//1848
f 1849//1849 1850//1850 1851//1851
f 1852//1852 1853//1853 1854//1854
f 1855//1855 1856//1856 1857//1857
f 1858//1858 1859//1859 1860//1860
f 1861//1861 1862//1862 1863//1863
f 1864//1864 1865//1865 1866//1866
f 1867//1867 1868//1868 1869//1869
f 1870//1870 1871//1871 1872//1872
f 1873//1873 1874//1874 1875//1875
f 1876//1876 1877//1877 1878//1878
f 1879//1879 1880//1880 1881//1881
f 1882//1882 1883//1883 1884//1884
f 1885//1885 1886//1886 1887//1887
f 1888//1888 1889//1889 1890//1890
f 1891//1891 1892//1892 1893//1893
f 1894//1894 1895//1895 1896//1896
f 1897//1897 1898//1898 1899//1899
f 1900//1900 1901//1901 1902//1902
f 1903//1903 1904//1904 1905//1905
f 1906//1906 1907//1907 1908//1908
f 1909//1909 1910//1910 1911//1911
f 1912//1912 1913//1913 1914//1914
f 1915//1915 1916//1916 1917//1917
f 1918//1918 1919//1919 1920//1920
f 1921//1921 1922//1922 1923//1923
f 1924//1924 1925//1925 1926//1926
f 1927//1927 1928//1928 1929//1929
f 1930//1930 1931//1931 1928//1928
f 1931//1931 1932//1932 1928//1928
f 1931//1931 1933//1933 1932//1932
f 1930//1930 1934//1934 1931//1931
f 1934//1934 1935//1935 1931//1931
f 1935//1935 1934//1934 1936//1936
f 1934//1934 1937//1937 1936//1936
f 1937//1937 1938//1938 1936//1936
f 1937//1937 1939//1939 1938//1938
f 1939//1939 1937//1937 1940//1940
f 1937//1937 1941//1941 1940//1940
f 1941//1941 1942//1942 1940//1940
f 1941//1941 1943//1943 1942//1942
f 1943//1943 1944//1944 1942//1942
f 1945//1945 1944//1944 1943//1943
f 1945//1945 1946//1946 1944//1944
f 1945//1945 1947//1947 1946//1946
f 1948//1948 1945//1945 1943//1943
f 1948//1948 1943//1943 1949//1949
f 1948//1948 1949//1949 1950//1950
f 1951//1951 1948//1948 1950//1950
f 1951//1951 1950//1950 1952//1952
f 1953//1953 1951//1951 1952//1952
f 1954//1954 1951//1951 1953//1953
f 1954//1954 1955//1955 1951//1951
f 1956//1956 1955//1955 1954//1954
f 1957//1957 1947//1947 1958//1958
f 1945//1945 1959//1959 1960//1960
f 1960//1960 1959//1959 1961//1961
f 1960//1960 1962//1962 1958//1958
f 1960//1960 1961//1961 1962//1962
f 1959//1959 1963//1963 1961//1961
f 1964//1964 1961//1961 1963//1963
f 1965//1965 1964//1964 1963//1963
f 1965//1965 1963//1963 1966//1966
f 1965//1965 1966//1966 1967//1967
f 1968//1968 1965//1965 1967//1967
f 1966//1966 1969//1969 1967//1967
f 1968//1968 1967//1967 1970//1970
f 1969//1969 1971//1971 1967//1967
f 1969//1969 1972//1972 1971//1971
f 1972//1972 1954//1954 1971//1971
f 1972//1972 1973//1973 1954//1954
f 1974//1974 1973//1973 1963//1963
f 1973//1973 1974//1974 1975//1975
f 1976//1976 1968//1968 1970//1970
f 1976//1976 1970//1970 1977//1977
f 1978//1978 1976//1976 1977//1977
f 1978//1978 1977//1977 1979//1979
f 1978//1978 1961//1961 1976//1976
f 1980//1980 1978//1978 1979//1979
f 1978//1978 1981//1981 1961//1961
f 1982//1982 1980//1980 1979//1979
f 1981//1981 1983//1983 1961//1961
f 1982//1982 1979//1979 1984//1984
f 1983//1983 1962//1962 1961//1961
f 1985//1985 1982//1982 1984//1984
f 1985//1985 1983//1983 1982//1982
f 1985//1985 1986//1986 1983//1983
f 1983//1983 1986//1986 1962//1962
f 1932//1932 1962//1962 1986//1986
f 1987//1987 1932//1932 1986//1986
f 1988//1988 1989//1989 1984//1984
f 1987//1987 1990//1990 1991//1991
f 1992//1992 1987//1987 1991//1991
f 1992//1992 1991//1991 1993//1993
f 1992//1992 1993//1993 1994//1994
f 1994//1994 1995//1995 1992//1992
f 1995//1995 1996//1996 1992//1992
f 1995//1995 1930//1930 1996//1996
f 1994//1994 1993//1993 1997//1997
f 1993//1993 1998//1998 1997//1997
f 1998//1998 1999//1999 1997//1997
f 2000//2000 1984//1984 1999//1999
f 2001//2001 2000//2000 1999//1999
f 2002//2002 2003//2003 2004//2004
f 2005//2005 2006//2006 2007//2007
f 2008//2008 2009//2009 2010//2010
f 2011//2011 2012//2012 2013//2013
f 2014//2014 2015//2015 2016//2016
f 2017//2017 2018//2018 2019//2019
f 2018//2018 2020//2020 2021//2021
f 2022//2022 2023//2023 2024//2024
f 2025//2025 2026//2026 2027//2027
f 2028//2028 2029//2029 2030//2030
f 2031//2031 2032//2032 2033//2033
f 2034//2034 2035//2035 2036//2036
f 2037//2037 2038//2038 2039//2039
f 2040//2040 2041//2041 2042//2042
f 2043//2043 2044//2044 2045//2045
f 2046//2046 2047//2047 2048//2048
f 2049//2049 2050//2050 2051//2051
f 2050//2050 2052//2052 2053//2053
f 2052//2052 2054//2054 2053//2053
f 2055//2055 2056//2056 2054//2054
f 2057//2057 2058//2058 2059//2059
f 2060//2060 2061//2061 2062//2062
f 2063//2063 2064//2064 2065//2065
f 2066//2066 2067//2067 2068//2068
f 2069//2069 2070//2070 2071//2071
f 2072//2072 2073//2073 2074//2074
f 2075//2075 2076//2076 2077//2077
f 2078//2078 2079//2079 2080//2080
f 2081//2081 2082//2082 2083//2083
f 2084//2084 2085//2085 2086//2086
f 2087//2087 2088//2088 2089//2089
f 2090//2090 2091//2091 2092//2092
f 2091//2091 2093//2093 2094//2094
f 2095//2095 2096//2096 2097//2097
f 2098//2098 2099//2099 2100//2100
f 2101//2101 2102//2102 2103//2103
f 2104//2104 2105//2105 2106//2106
f 2105//2105 2107//2107 2108//2108
f 2107//2107 2109//2109 2110//2110
f 2111//2111 2112//2112 2113//2113
f 2114//2114 2115//2115 2116//2116
f 2117//2117 2118//2118 2119//2119
f 2120//2120 2121//2121 2122//2122
f 2123//2123 2124//2124 2125//2125
f 2126//2126 2127//2127 2128//2128
f 2129//2129 2130//2130 2131//2131
f 2132//2132 2133//2133 2134//2134
f 2135//2135 2136//2136 2137//2137
f 2138//2138 2139//2139 2140//2140
f 2141//2141 2142//2142 2143//2143
f 2144//2144 2145//2145 2146//2146
f 2147//2147 2148//2148 2149//2149
f 2150//2150 2151//2151 2152//2152
f 2153//2153 2154//2154 2155//2155
f 2156//2156 2157//2157 2158//2158
f 2159//2159 2160//2160 2161//2161
f 2162//2162 2163//2163 2164//2164
f 2165//2165 2166//2166 2167//2167
f 2168//2168 2169//2169 2170//2170
f 2171//2171 2172//2172 2173//2173
f 2174//2174 2175//2175 2176//2176
f 2177//2177 2178//2178 2179//2179
f 2180//2180 2181//2181 2182//2182
f 2183//2183 2184//2184 2185//2185
f 2186//2186 2187//2187 2188//2188
f 2189//2189 2190//2190 2191//2191
f 2192//2192 2193//2193 2194//2194
f 2195//2195 2196//2196 2197//2197
f 2198//2198 2199//2199 2200//2200
f 2201//2201 2202//2202 2203//2203
f 2204//2204 2205//2205 2206//2206
f 2207//2207 2208//2208 2209//2209
f 2210//2210 2211//2211 2212//2212
f 2213//2213 2214//2214 2215//2215
f 2216//2216 2217//2217 2218//2218
f 2219//2219 2220//2220 2221//2221
f 2222//2222 2223//2223 2224//2224
f 2225//2225 2226//2226 2227//2227
f 2228//2228 2229//2229 2230//2230
f 2231//2231 2232//2232 2233//2233
f 2234//2234 2235//2235 2236//2236
f 2237//2237 2238//2238 2239//2239
f 2240//2240 2241//2241 2242//2242
f 2243//2243 2244//2244 2245//2245
f 2246//2246 2247//2247 2248//2248
f 2249//2249 2250//2250 2251//2251
f 2252//2252 2253//2253 2254//2254
f 2255//2255 2254//2254 2256//2256
f 2257//2257 2255//2255 2256//2256
f 2257//2257 2258//2258 2259//2259
f 2260//2260 2257//2257 2261//2261
f 2260//2260 2262//2262 2263//2263
f 2264//2264 2260//2260 2265//2265
f 2266//2266 2265//2265 2267//2267
f 2268//2268 2266//2266 2269//2269
f 2268//2268 2269//2269 2270//2270
f 2271//2271 2268//2268 2272//2272
f 2273//2273 2272//2272 2274//2274
f 2275//2275 2273//2273 2276//2276
f 2277//2277 2276//2276 2278//2278
f 2279//2279 2277//2277 2280//2280
f 2281//2281 2280//2280 2282//2282
f 2283//2283 2281//2281 2284//2284
f 2285//2285 2284//2284 2286//2286
f 2287//2287 2285//2285 2286//2286
f 2287//2287 2288//2288 2289//2289
f 2290//2290 2291//2291 2292//2292
f 2293//2293 2294//2294 2295//2295
f 2296//2296 2297//2297 2298//2298
f 2299//2299 2300//2300 2301//2301
f 2302//2302 2303//2303 2304//2304
f 2305//2305 2306//2306 2307//2307
f 2308//2308 2309//2309 2310//2310
f 2309//2309 2311//2311 2310//2310
f 2309//2309 2312//2312 2311//2311
f 2309//2309 2313//2313 2312//2312
f 2313//2313 2314//2314 2312//2312
f 2313//2313 2315//2315 2314//2314
f 2315//2315 2316//2316 2314//2314
f 2315//2315 2317//2317 2316//2316
f 2317//2317 2318//2318 2316//2316
f 2317//2317 2319//2319 2318//2318
f 2319//2319 2320//2320 2318//2318
f 2319//2319 2321//2321 2320//2320
f 2321//2321 2322//2322 2320//2320
f 2321//2321 2323//2323 2322//2322
f 2323//2323 2324//2324 2322//2322
f 2324//2324 2325//2325 2322//2322
f 2326//2326 2327//2327 2328//2328
f 2327//2327 2329//2329 2328//2328
f 2327//2327 2330//2330 2329//2329
f 2327//2327 2331//2331 2330//2330
f 2331//2331 2332//2332 2330//2330
f 2331//2331 2333//2333 2332//2332
f 2333//2333 2334//2334 2332//2332
f 2333//2333 2335//2335 2334//2334
f 2335//2335 2336//2336 2334//2334
f 2335//2335 2337//2337 2336//2336
f 2337//2337 2338//2338 2336//2336
f 2337//2337 2339//2339 2338//2338
f 2339//2339 2340//2340 2338//2338
f 2339//2339 2341//2341 2340//2340
f 2341//2341 2342//2342 2340//2340
f 2342//2342 2343//2343 2340//2340
f 2344//2344 2345//2345 2346//2346
f 2345//2345 2347//2347 2346//2346
f 2348//2348 2349//2349 2350//2350
f 2349//2349 2351//2351 2350//2350
f 2352//2352 2351//2351 2349//2349
f 2351//2351 2352//2352 2353//2353
f 2351//2351 2353//2353 2354//2354
f 2355//2355 2356//2356 2357//2357
f 2355//2355 2357//2357 2358//2358
f 2359//2359 2360//2360 2361//2361
f 2359//2359 2361//2361 2362//2362
f 2363//2363 2364//2364 2365//2365
f 2366//2366 2363//2363 2365//2365
f 2366//2366 2365//2365 2367//2367
f 2368//2368 2366//2366 2367//2367
f 2368//2368 2367//2367 2369//2369
f 2370//2370 2368//2368 2369//2369
f 2370//2370 2369//2369 2371//2371
f 2372//2372 2370//2370 2371//2371
f 2372//2372 2371//2371 2373//2373
f 2374//2374 2372//2372 2373//2373
f 2374//2374 2373//2373 2375//2375
f 2376//2376 2374//2374 2375//2375
f 2376//2376 2375//2375 2377//2377
f 2378//2378 2376//2376 2377//2377
f 2378//2378 2377//2377 2379//2379
f 2380//2380 2378//2378 2379//2379
f 2380//2380 2379//2379 2381//2381
f 2382//2382 2380//2380 2381//2381
f 2383//2383 2384//2384 2385//2385
f 2384//2384 2386//2386 2385//2385
f 2384//2384 2387//2387 2386//2386
f 2387//2387 2388//2388 2386//2386
f 2387//2387 2389//2389 2388//2388
f 2389//2389 2390//2390 2388//2388
f 2389//2389 2391//2391 2390//2390
f 2392//2392 2393//2393 2394//2394
f 2393//2393 2395//2395 2394//2394
f 2393//2393 2396//2396 2395//2395
f 2397//2397 2398//2398 2399//2399
f 2398//2398 2400//2400 2399//2399
f 2401//2401 2402//2402 2403//2403
f 2402//2402 2404//2404 2403//2403
f 2405//2405 2406//2406 2407//2407
f 2406//2406 2408//2408 2407//2407
f 2409//2409 2410//2410 2411//2411
f 2410//2410 2412//2412 2411//2411
f 2413//2413 2414//2414 2415//2415
f 2414//2414 2416//2416 2415//2415
f 2417//2417 2418//2418 2419//2419
f 2418//2418 2420//2420 2419//2419
f 2421//2421 2422//2422 2423//2423
f 2421//2421 2423//2423 2424//2424
f 2425//2425 2426//2426 2427//2427
f 2426//2426 2428//2428 2427//2427
f 2426//2426 2429//2429 2428//2428
f 2430//2430 2431//2431 2432//2432
f 2430//2430 2433//2433 2431//2431
f 2434//2434 2435//2435 2436//2436
f 2434//2434 2437//2437 2435//2435
f 2438//2438 2439//2439 2440//2440
f 2439//2439 2441//2441 2440//2440
f 2442//2442 2443//2443 2441//2441
f 2442//2442 2444//2444 2443//2443
f 2445//2445 2446//2446 2447//2447
f 2446//2446 2448//2448 2447//2447
f 2446//2446 2449//2449 2448//2448
f 2446//2446 2450//2450 2449//2449
f 2450//2450 2451//2451 2449//2449
f 2450//2450 2452//2452 2451//2451
f 2452//2452 2453//2453 2451//2451
f 2452//2452 2454//2454 2453//2453
f 2454//2454 2455//2455 2453//2453
f 2454//2454 2456//2456 2455//2455
f 2456//2456 2457//2457 2455//2455
f 2456//2456 2458//2458 2457//2457
f 2458//2458 2459//2459 2457//2457
f 2458//2458 2460//2460 2459//2459
f 2460//2460 2461//2461 2459//2459
f 2461//2461 2462//2462 2459//2459
f 2463//2463 2464//2464 2465//2465
f 2464//2464 2466//2466 2465//2465
f 2464//2464 2467//2467 2466//2466
f 2464//2464 2468//2468 2467//2467
f 2468//2468 2469//2469 2467//2467
f 2468//2468 2470//2470 2469//2469
f 2470//2470 2471//2471 2469//2469
f 2470//2470 2472//2472 2471//2471
f 2472//2472 2473//2473 2471//2471
f 2472//2472 2474//2474 2473//2473
f 2474//2474 2475//2475 2473//2473
f 2474//2474 2476//2476 2475//2475
f 2476//2476 2477//2477 2475//2475
f 2476//2476 2478//2478 2477//2477
f 2478//2478 2479//2479 2477//2477
f 2479//2479 2480//2480 2477//2477
f 2481//2481 2482//2482 2483//2483
f 2482//2482 2484//2484 2483//2483
f 2485//2485 2486//2486 2487//2487
f 2486//2486 2488//2488 2487//2487
f 2489//2489 2488//2488 2486//2486
f 2488//2488 2489//2489 2490//2490
f 2489//2489 2491//2491 2490//2490
f 2491//2491 2492//2492 2490//2490
f 2491//2491 2493//2493 2492//2492
f 2493//2493 2494//2494 2492//2492
f 2492//2492 2494//2494 2495//2495
f 2496//2496 2492//2492 2495//2495
f 2496//2496 2495//2495 2497//2497
f 2495//2495 2498//2498 2497//2497
f 2499//2499 2488//2488 2500//2500
f 2499//2499 2500//2500 2501//2501
f 2502//2502 2499//2499 2501//2501
f 2502//2502 2501//2501 2503//2503
f 2502//2502 2503//2503 2504//2504
f 2505//2505 2506//2506 2507//2507
f 2505//2505 2507//2507 2508//2508
f 2509//2509 2510//2510 2511//2511
f 2512//2512 2509//2509 2511//2511
f 2509//2509 2512//2512 2513//2513
f 2512//2512 2511//2511 2514//2514
f 2515//2515 2512//2512 2514//2514
f 2515//2515 2514//2514 2516//2516
f 2517//2517 2515//2515 2516//2516
f 2518//2518 2519//2519 2520//2520
f 2518//2518 2520//2520 2521//2521
f 2522//2522 2523//2523 2524//2524
f 2525//2525 2522//2522 2524//2524
f 2525//2525 2524//2524 2526//2526
f 2527//2527 2525//2525 2526//2526
f 2527//2527 2526//2526 2528//2528
f 2529//2529 2527//2527 2528//2528
f 2529//2529 2528//2528 2530//2530
f 2531//2531 2529//2529 2530//2530
f 2531//2531 2530//2530 2532//2532
f 2533//2533 2531//2531 2532//2532
f 2533//2533 2532//2532 2534//2534
f 2535//2535 2533//2533 2534//2534
f 2535//2535 2534//2534 2536//2536
f 2537//2537 2535//2535 2536//2536
f 2537//2537 2536//2536 2538//2538
f 2539//2539 2537//2537 2538//2538
f 2539//2539 2538//2538 2540//2540
f 2541//2541 2539//2539 2540//2540
f 2542//2542 2543//2543 2544//2544
f 2543//2543 2545//2545 2544//2544
f 2543//2543 2546//2546 2545//2545
f 2546//2546 2547//2547 2545//2545
f 2546//2546 2548//2548 2547//2547
f 2548//2548 2549//2549 2547//2547
f 2548//2548 2550//2550 2549//2549
f 2551//2551 2552//2552 2553//2553
f 2552//2552 2554//2554 2553//2553
f 2555//2555 2556//2556 2557//2557
f 2556//2556 2558//2558 2557//2557
f 2559//2559 2560//2560 2561//2561
f 2560//2560 2562//2562 2561//2561
f 2563//2563 2564//2564 2565//2565
f 2564//2564 2566//2566 2565//2565
f 2567//2567 2568//2568 2569//2569
f 2568//2568 2570//2570 2569//2569
f 2571//2571 2572//2572 2573//2573
f 2572//2572 2574//2574 2573//2573
f 2575//2575 2576//2576 2577//2577
f 2575//2575 2577//2577 2578//2578
f 2579//2579 2580//2580 2581//2581
f 2580//2580 2582//2582 2581//2581
f 2580//2580 2583//2583 2582//2582
f 2584//2584 2585//2585 2586//2586
f 2584//2584 2587//2587 2585//2585
f 2588//2588 2589//2589 2590//2590
f 2588//2588 2591//2591 2589//2589
f 2592//2592 2593//2593 2594//2594
f 2593//2593 2595//2595 2594//2594
f 2596//2596 2597//2597 2595//2595
f 2596//2596 2598//2598 2597//2597
f 2599//2599 2600//2600 2601//2601
f 2602//2602 2599//2599 2603//2603
f 2604//2604 2602//2602 2605//2605
f 2604//2604 2606//2606 2607//2607
f 2608//2608 2604//2604 2607//2607
f 2608//2608 2607//2607 2609//2609
f 2610//2610 2608//2608 2611//2611
f 2612//2612 2610//2610 2613//2613
f 2613//2613 2614//2614 2615//2615
f 2616//2616 2617//2617 2618//2618
f 2619//2619 2620//2620 2621//2621
f 2622//2622 2623//2623 2624//2624
f 2625//2625 2626//2626 2627//2627
f 2628//2628 2629//2629 2630//2630
f 2631//2631 2632//2632 2633//2633
f 2634//2634 2635//2635 2636//2636
f 2637//2637 2638//2638 2639//2639
f 2640//2640 2641//2641 2642//2642
f 2643//2643 2644//2644 2645//2645
f 2646//2646 2647//2647 2648//2648
f 2649//2649 2650//2650 2651//2651
f 2652//2652 2653//2653 2654//2654
f 2655//2655 2656//2656 2657//2657
f 2658//2658 2659//2659 2660//2660
f 2661//2661 2662//2662 2663//2663
f 2664//2664 2665//2665 2666//2666
f 2667//2667 2668//2668 2669//2669
f 2670//2670 2671//2671 2672//2672
f 2673//2673 2674//2674 2675//2675
f 2676//2676 2677//2677 2678//2678
f 2679//2679 2680//2680 2677//2677
f 2680//2680 2681//2681 2682//2682
f 2680//2680 2683//2683 2681//2681
f 2684//2684 2685//2685 2686//2686
f 2684//2684 2687//2687 2688//2688
f 2684//2684 2689//2689 2687//2687
f 2689//2689 2690//2690 2691//2691
f 2690//2690 2692//2692 2691//2691
f 2693//2693 2684//2684 2694//2694
f 2693//2693 2694//2694 2695//2695
f 2696//2696 2693//2693 2697//2697
f 2698//2698 2699//2699 2700//2700
f 2701//2701 2700//2700 2702//2702
f 2701//2701 2703//2703 2700//2700
f 2704//2704 2705//2705 2706//2706
f 2707//2707 2704//2704 2708//2708
f 2704//2704 2709//2709 2708//2708
f 2710//2710 2711//2711 2712//2712
f 2713//2713 2714//2714 2715//2715
f 2716//2716 2717//2717 2718//2718
f 2719//2719 2720//2720 2721//2721
f 2722//2722 2723//2723 2724//2724
f 2725//2725 2726//2726 2727//2727
f 2728//2728 2729//2729 2730//2730
f 2731//2731 2732//2732 2733//2733
f 2734//2734 2735//2735 2736//2736
f 2737//2737 2738//2738 2739//2739
f 2740//2740 2741//2741 2742//2742
f 2743//2743 2744//2744 2745//2745
f 2746//2746 2747//2747 2748//2748
f 2749//2749 2750//2750 2751//2751
f 2752//2752 2753//2753 2754//2754
f 2755//2755 2756//2756 2757//2757
f 2758//2758 2759//2759 2760//2760
f 2761//2761 2762//2762 2763//2763
f 2762//2762 2764//2764 2765//2765
f 2762//2762 2765//2765 2766//2766
f 2767//2767 2768//2768 2769//2769
f 2770//2770 2771//2771 2772//2772
f 2773//2773 2774//2774 2775//2775
f 2776//2776 2773//2773 2777//2777
f 2778//2778 2779//2779 2780//2780
f 2781//2781 2782//2782 2783//2783
f 2784//2784 2785//2785 2786//2786
f 2787//2787 2788//2788 2789//2789
f 2790//2790 2791//2791 2792//2792
f 2793//2793 2794//2794 2795//2795
f 2796//2796 2797//2797 2798//2798
f 2799//2799 2800//2800 2801//2801
f 2802//2802 2803//2803 2804//2804
f 2805//2805 2806//2806 2807//2807
f 2808//2808 2809//2809 2810//2810
f 2811//2811 2812//2812 2813//2813
f 2814//2814 2815//2815 2816//2816
f 2817//2817 2818//2818 2819//2819
f 2820//2820 2821//2821 2822//2822
f 2823//2823 2824//2824 2825//2825
f 2826//2826 2827//2827 2828//2828
f 2829//2829 2830//2830 2831//2831
f 2832//2832 2833//2833 2834//2834
f 2835//2835 2836//2836 2837//2837
f 2835//2835 2838//2838 2839//2839
f 2839//2839 2840//2840 2841//2841
f 2842//2842 2843//2843 2844//2844
f 2845//2845 2846//2846 2847//2847
f 2848//2848 2849//2849 2850//2850
f 2851//2851 2852//2852 2853//2853
f 2854//2854 2855//2855 2856//2856
f 2857//2857 2856//2856 2858//2858
f 2859//2859 2857//2857 2858//2858
f 2860//2860 2861//2861 2862//2862
f 2863//2863 2864//2864 2865//2865
f 2866//2866 2865//2865 2867//2867
f 2868//2868 2869//2869 2867//2867
f 2869//2869 2868//2868 2870//2870
f 2870//2870 2871//2871 2872//2872
f 2868//2868 2873//2873 2871//2871
f 2871//2871 2873//2873 2874//2874
f 2873//2873 2875//2875 2874//2874
f 2876//2876 2868//2868 2877//2877
f 2878//2878 2876//2876 2877//2877
f 2879//2879 2876//2876 2878//2878
f 2880//2880 2867//2867 2881//2881
f 2882//2882 2880//2880 2881//2881
f 2882//2882 2881//2881 2883//2883
f 2883//2883 2881//2881 2884//2884
f 2882//2882 2883//2883 2885//2885
f 2886//2886 2882//2882 2885//2885
f 2887//2887 2886//2886 2885//2885
f 2887//2887 2885//2885 2888//2888
f 2889//2889 2887//2887 2888//2888
f 2890//2890 2889//2889 2888//2888
f 2883//2883 2884//2884 2891//2891
f 2892//2892 2883//2883 2891//2891
f 2892//2892 2891//2891 2893//2893
f 2894//2894 2886//2886 2895//2895
f 2893//2893 2896//2896 2897//2897
f 2884//2884 2898//2898 2899//2899
f 2899//2899 2900//2900 2884//2884
f 2901//2901 2902//2902 2895//2895
f 2901//2901 2903//2903 2902//2902
f 2904//2904 2892//2892 2905//2905
f 2906//2906 2904//2904 2905//2905
f 2907//2907 2904//2904 2906//2906
f 2908//2908 2897//2897 2909//2909
f 2910//2910 2908//2908 2909//2909
f 2911//2911 2912//2912 2908//2908
f 2906//2906 2913//2913 2914//2914
f 2913//2913 2915//2915 2914//2914
f 2916//2916 2917//2917 2914//2914
f 2916//2916 2918//2918 2917//2917
f 2918//2918 2915//2915 2919//2919
f 2918//2918 2920//2920 2917//2917
f 2875//2875 2918//2918 2919//2919
f 2921//2921 2875//2875 2919//2919
f 2921//2921 2922//2922 2875//2875
f 2875//2875 2922//2922 2923//2923
f 2920//2920 2924//2924 2925//2925
f 2920//2920 2926//2926 2924//2924
f 2926//2926 2927//2927 2924//2924
f 2928//2928 2929//2929 2925//2925
f 2930//2930 2928//2928 2931//2931
f 2930//2930 2931//2931 2932//2932
f 2933//2933 2929//2929 2932//2932
f 2934//2934 2933//2933 2932//2932
f 2935//2935 2936//2936 2927//2927
f 2935//2935 2937//2937 2936//2936
f 2907//2907 2932//2932 2937//2937
f 2938//2938 2907//2907 2937//2937
f 2939//2939 2935//2935 2940//2940
f 2939//2939 2940//2940 2941//2941
f 2938//2938 2942//2942 2943//2943
f 2944//2944 2938//2938 2943//2943
f 2944//2944 2943//2943 2945//2945
f 2944//2944 2945//2945 2946//2946
f 2945//2945 2947//2947 2946//2946
f 2945//2945 2948//2948 2947//2947
f 2944//2944 2946//2946 2949//2949
f 2950//2950 2944//2944 2949//2949
f 2951//2951 2950//2950 2949//2949
f 2952//2952 2951//2951 2949//2949
f 2952//2952 2949//2949 2953//2953
f 2954//2954 2950//2950 2951//2951
f 2955//2955 2952//2952 2953//2953
f 2956//2956 2950//2950 2954//2954
f 2955//2955 2953//2953 2957//2957
f 2958//2958 2955//2955 2957//2957
f 2958//2958 2959//2959 2955//2955
f 2960//2960 2958//2958 2957//2957
f 2960//2960 2957//2957 2961//2961
f 2959//2959 2962//2962 2955//2955
f 2963//2963 2960//2960 2961//2961
f 2964//2964 2960//2960 2963//2963
f 2965//2965 2964//2964 2963//2963
f 2964//2964 2966//2966 2960//2960
f 2966//2966 2967//2967 2960//2960
f 2966//2966 2968//2968 2967//2967
f 2968//2968 2969//2969 2967//2967
f 2969//2969 2926//2926 2967//2967
f 2970//2970 2962//2962 2959//2959
f 2970//2970 2971//2971 2962//2962
f 2970//2970 2972//2972 2971//2971
f 2972//2972 2954//2954 2971//2971
f 2973//2973 2970//2970 2959//2959
f 2974//2974 2954//2954 2972//2972
f 2973//2973 2959//2959 2975//2975
f 2956//2956 2954//2954 2974//2974
f 2976//2976 2973//2973 2975//2975
f 2976//2976 2977//2977 2973//2973
f 2976//2976 2975//2975 2978//2978
f 2976//2976 2979//2979 2977//2977
f 2979//2979 2974//2974 2977//2977
f 2979//2979 2980//2980 2974//2974
f 2980//2980 2956//2956 2974//2974
f 2956//2956 2980//2980 2981//2981
f 2982//2982 2976//2976 2978//2978
f 2982//2982 2978//2978 2983//2983
f 2984//2984 2982//2982 2983//2983
f 2984//2984 2983//2983 2985//2985
f 2986//2986 2984//2984 2985//2985
f 2890//2890 2956//2956 2986//2986
f 2890//2890 2985//2985 2987//2987
f 2978//2978 2988//2988 2989//2989
f 2988//2988 2990//2990 2989//2989
f 2988//2988 2879//2879 2991//2991
f 2879//2879 2992//2992 2991//2991
f 2879//2879 2993//2993 2992//2992
f 2993//2993 2994//2994 2992//2992
f 2994//2994 2995//2995 2992//2992
f 2994//2994 2887//2887 2995//2995
f 2996//2996 2997//2997 2998//2998
f 2999//2999 3000//3000 3001//3001
f 3002//3002 3003//3003 3004//3004
f 3005//3005 3006//3006 3007//3007
f 3008//3008 3009//3009 3010//3010
f 3011//3011 3012//3012 3013//3013
f 3014//3014 3015//3015 3016//3016
f 3017//3017 3018//3018 3019//3019
f 3020//3020 3021//3021 3022//3022
f 3023//3023 3024//3024 3025//3025
f 3026//3026 3027//3027 3028//3028
f 3029//3029 3030//3030 3031//3031
f 3032//3032 3033//3033 3034//3034
f 3035//3035 3034//3034 3036//3036
f 3037//3037 3035//3035 3036//3036
f 3038//3038 3039//3039 3040//3040
f 3041//3041 3042//3042 3043//3043
f 3044//3044 3045//3045 3042//3042
f 3046//3046 3047//3047 3048//3048
f 3049//3049 3050//3050 3051//3051
f 3052//3052 3053//3053 3054//3054
f 3052//3052 3055//3055 3056//3056
f 3057//3057 3052//3052 3056//3056
f 3058//3058 3057//3057 3059//3059
f 3060//3060 3059//3059 3061//3061
f 3062//3062 3060//3060 3061//3061
f 3063//3063 3064//3064 3065//3065
f 3066//3066 3067//3067 3068//3068
f 3069//3069 3070//3070 3071//3071
f 3072//3072 3073//3073 3074//3074
f 3075//3075 3076//3076 3077//3077
f 3076//3076 3078//3078 3079//3079
f 3078//3078 3080//3080 3079//3079
f 3078//3078 3081//3081 3082//3082
f 3083//3083 3084//3084 3085//3085
f 3086//3086 3087//3087 3088//3088
f 3089//3089 3090//3090 3091//3091
f 3092//3092 3089//3089 3093//3093
f 3094//3094 3092//3092 3095//3095
f 3096//3096 3094//3094 3097//3097
f 3098//3098 3096//3096 3099//3099
f 3098//3098 3099//3099 3100//3100
f 3101//3101 3098//3098 3100//3100
f 3102//3102 3101//3101 3103//3103
f 3102//3102 3103//3103 3104//3104
f 3105//3105 3102//3102 3104//3104
f 3106//3106 3105//3105 3107//3107
f 3108//3108 3107//3107 3109//3109
f 3110//3110 3111//3111 3112//3112
f 3111//3111 3113//3113 3114//3114
f 3113//3113 3115//3115 3116//3116
f 3115//3115 3117//3117 3118//3118
f 3119//3119 3120//3120 3118//3118
f 3121//3121 3122//3122 3123//3123
f 3124//3124 3125//3125 3126//3126
f 3127//3127 3128//3128 3129//3129
f 3128//3128 3130//3130 3131//3131
f 3132//3132 3133//3133 3134//3134
f 3135//3135 3136//3136 3137//3137
f 3136//3136 3138//3138 3139//3139
f 3140//3140 3141//3141 3139//3139
f 3140//3140 3142//3142 3141//3141
f 3143//3143 3144//3144 3145//3145
f 3146//3146 3147//3147 3148//3148
f 3149//3149 3150//3150 3151//3151
f 3152//3152 3153//3153 3154//3154
f 3155//3155 3156//3156 3157//3157
f 3158//3158 3159//3159 3160//3160
f 3161//3161 3162//3162 3163//3163
f 3164//3164 3165//3165 3166//3166
f 3167//3167 3168//3168 3169//3169
f 3170//3170 3171//3171 3172//3172
f 3173//3173 3174//3174 3175//3175
f 3176//3176 3177//3177 3178//3178
f 3179//3179 3180//3180 3181//3181
f 3182//3182 3183//3183 3184//3184
f 3185//3185 3186//3186 3187//3187
f 3188//3188 3189//3189 3190//3190
f 3191//3191 3192//3192 3193//3193
f 3194//3194 3195//3195 3196//3196
f 3197//3197 3198//3198 3199//3199
f 3200//3200 3201//3201 3202//3202
f 3203//3203 3204//3204 3205//3205
f 3206//3206 3207//3207 3208//3208
f 3209//3209 3210//3210 3211//3211
f 3212//3212 3213//3213 3214//3214
f 3215//3215 3216//3216 3217//3217
f 3218//3218 3219//3219 3220//3220
f 3221//3221 3222//3222 3223//3223
f 3224//3224 3225//3225 3226//3226
f 3227//3227 3228//3228 3229//3229
f 3230//3230 3231//3231 3232//3232
f 3233//3233 3234//3234 3235//3235
f 3236//3236 3237//3237 3238//3238
f 3239//3239 3240//3240 3241//3241
f 3242//3242 3243//3243 3244//3244
f 3245//3245 3246//3246 3247//3247
f 3248//3248 3249//3249 3250//3250
f 3251//3251 3252//3252 3253//3253
f 3254//3254 3255//3255 3256//3256
f 3257//3257 3258//3258 3259//3259
f 3260//3260 3261//3261 3262//3262
f 3263//3263 3264//3264 3265//3265
f 3266//3266 3267//3267 3268//3268
f 3269//3269 3270//3270 3271//3271
f 3272//3272 3273//3273 3274//3274
f 3275//3275 3276//3276 3277//3277
f 3278//3278 3279//3279 3280//3280
f 3281//3281 3282//3282 3283//3283
f 3284//3284 3285//3285 3286//3286
f 3287//3287 3288//3288 3289//3289
f 3290//3290 3291//3291 3292//3292
f 3293//3293 3294//3294 3295//3295
f 3296//3296 3297//3297 3298//3298
f 3299//3299 3300//3300 3301//3301
f 3302//3302 3303//3303 3304//3304
f 3305//3305 3306//3306 3307//3307
f 3308//3308 3309//3309 3310//3310
f 3311//3311 3312//3312 3313//3313
f 3314//3314 3315//3315 3316//3316
f 3317//3317 3318//3318 3319//3319
f 3320//3320 3321//3321 3322//3322
f 3323//3323 3324//3324 3325//3325
f 3326//3326 3327//3327 3328//3328
f 3329//3329 3330//3330 3331//3331
f 3332//3332 3333//3333 3334//3334
f 3335//3335 3336//3336 3337//3337
f 3338//3338 3339//3339 3340//3340
f 3341//3341 3342//3342 3343//3343
f 3344//3344 3345//3345 3346//3346
f 3347//3347 3348//3348 3349//3349
f 3350//3350 3351//3351 3352//3352
f 3353//3353 3354//3354 3355//3355
f 3356//3356 3357//3357 3358//3358
f 3359//3359 3360//3360 3361//3361
f 3362//3362 3363//3363 3364//3364
f 3365//3365 3366//3366 3367//3367
f 3368//3368 3369//3369 3370//3370
f 3371//3371 3372//3372 3373//3373
f 3374//3374 3375//3375 3376//3376
f 3377//3377 3378//3378 3379//3379
f 3380//3380 3381//3381 3382//3382
f 3383//3383 3384//3384 3385//3385
f 3386//3386 3387//3387 3388//3388
f 3389//3389 3390//3390 3391//3391
f 3392//3392 3393//3393 3394//3394
f 3395//3395 3396//3396 3397//3397
f 3398//3398 3395//3395 3397//3397
f 3398//3398 3397//3397 3399//3399
f 3400//3400 3398//3398 3399//3399
f 3400//3400 3399//3399 3401//3401
f 3402//3402 3400//3400 3401//3401
f 3402//3402 3401//3401 3403//3403
f 3404//3404 3402//3402 3403//3403
f 3404//3404 3403//3403 3405//3405
f 3406//3406 3404//3404 3405//3405
f 3406//3406 3405//3405 3407//3407
f 3408//3408 3406//3406 3407//3407
f 3408//3408 3407//3407 3409//3409
f 3410//3410 3408//3408 3409//3409
f 3410//3410 3409//3409 3411//3411
f 3412//3412 3410//3410 3411//3411
f 3412//3412 3411//3411 3413//3413
f 3414//3414 3412//3412 3413//3413
f 3414//3414 3413//3413 3415//3415
f 3416//3416 3414//3414 3415//3415
f 3416//3416 3415//3415 3417//3417
f 3418//3418 3416//3416 3417//3417
f 3418//3418 3417//3417 3419//3419
f 3420//3420 3418//3418 3419//3419
f 3420//3420 3419//3419 3421//3421
f 3422//3422 3420//3420 3421//3421
f 3422//3422 3421//3421 3423//3423
f 3424//3424 3422//3422 3423//3423
f 3424//3424 3423//3423 3425//3425
f 3426//3426 3424//3424 3425//3425
f 3427//3427 3428//3428 3429//3429
f 3428//3428 3430//3430 3429//3429
f 3431//3431 3432//3432 3433//3433
f 3432//3432 3434//3434 3433//3433
f 3435//3435 3436//3436 3437//3437
f 3438//3438 3435//3435 3437//3437
f 3439//3439 3438//3438 3437//3437
f 3440//3440 3441//3441 3442//3442
f 3441//3441 3443//3443 3442//3442
f 3444//3444 3443//3443 3445//3445
f 3443//3443 3446//3446 3445//3445
f 3447//3447 3448//3448 3449//3449
f 3450//3450 3447//3447 3449//3449
f 3450//3450 3449//3449 3451//3451
f 3452//3452 3453//3453 3454//3454
f 3455//3455 3452//3452 3454//3454
f 3455//3455 3454//3454 3456//3456
f 3457//3457 3455//3455 3456//3456
f 3457//3457 3456//3456 3458//3458
f 3459//3459 3457//3457 3458//3458
f 3459//3459 3458//3458 3460//3460
f 3461//3461 3459//3459 3460//3460
f 3461//3461 3460//3460 3462//3462
f 3463//3463 3461//3461 3462//3462
f 3463//3463 3462//3462 3464//3464
f 3465//3465 3463//3463 3464//3464
f 3465//3465 3464//3464 3466//3466
f 3467//3467 3465//3465 3466//3466
f 3467//3467 3466//3466 3468//3468
f 3469//3469 3467//3467 3468//3468
f 3469//3469 3468//3468 3470//3470
f 3471//3471 3469//3469 3470//3470
f 3471//3471 3470//3470 3472//3472
f 3473//3473 3471//3471 3472//3472
f 3473//3473 3472//3472 3474//3474
f 3475//3475 3473//3473 3474//3474
f 3475//3475 3474//3474 3476//3476
f 3477//3477 3475//3475 3476//3476
f 3478//3478 3479//3479 3480//3480
f 3481//3481 3478//3478 3480//3480
f 3481//3481 3480//3480 3482//3482
f 3483//3483 3481//3481 3482//3482
f 3483//3483 3482//3482 3484//3484
f 3485//3485 3483//3483 3484//3484
f 3485//3485 3484//3484 3486//3486
f 3487//3487 3485//3485 3486//3486
f 3487//3487 3486//3486 3488//3488
f 3489//3489 3487//3487 3488//3488
f 3489//3489 3488//3488 3490//3490
f 3491//3491 3489//3489 3490//3490
f 3491//3491 3490//3490 3492//3492
f 3493//3493 3491//3491 3492//3492
f 3493//3493 3492//3492 3494//3494
f 3495//3495 3493//3493 3494//3494
f 3495//3495 3494//3494 3496//3496
f 3497//3497 3495//3495 3496//3496
f 3497//3497 3496//3496 3498//3498
f 3499//3499 3497//3497 3498//3498
f 3499//3499 3498//3498 3500//3500
f 3501//3501 3499//3499 3500//3500
f 3502//3502 3503//3503 3504//3504
f 3503//3503 3505//3505 3504//3504
f 3505//3505 3506//3506 3504//3504
f 3505//3505 3507//3507 3506//3506
f 3507//3507 3508//3508 3506//3506
f 3509//3509 3510//3510 3511//3511
f 3509//3509 3512//3512 3510//3510
f 3513//3513 3514//3514 3515//3515
f 3515//3515 3514//3514 3516//3516
f 3517//3517 3518//3518 3519//3519
f 3518//3518 2942//2942 3519//3519
f 3520//3520 3521//3521 3522//3522
f 3521//3521 3523//3523 3522//3522
f 3524//3524 3525//3525 3526//3526
f 3525//3525 3527//3527 3526//3526
f 3528//3528 3529//3529 3530//3530
f 3529//3529 3531//3531 3530//3530
f 3532//3532 3533//3533 3534//3534
f 3534//3534 3535//3535 3532//3532
f 3535//3535 3536//3536 3532//3532
f 3537//3537 3538//3538 3539//3539
f 3538//3538 3540//3540 3539//3539
f 3541//3541 3542//3542 3543//3543
f 3541//3541 3544//3544 3542//3542
f 3545//3545 3546//3546 3547//3547
f 3548//3548 3545//3545 3547//3547
f 3548//3548 3549//3549 3545//3545
f 3549//3549 3548//3548 3550//3550
f 3551//3551 3552//3552 3553//3553
f 3554//3554 3551//3551 3553//3553
f 3551//3551 3554//3554 3555//3555
f 3554//3554 3556//3556 3555//3555
f 3557//3557 3558//3558 3559//3559
f 3558//3558 3560//3560 3559//3559
f 3561//3561 3562//3562 3563//3563
f 3561//3561 3564//3564 3562//3562
f 3564//3564 3561//3561 3565//3565
f 3566//3566 3567//3567 3568//3568
f 3569//3569 3566//3566 3568//3568
f 3566//3566 3569//3569 3570//3570
f 3569//3569 3571//3571 3570//3570
f 3572//3572 3573//3573 3574//3574
f 3575//3575 3572//3572 3574//3574
f 3575//3575 3576//3576 3572//3572
f 3576//3576 3575//3575 3577//3577
f 3578//3578 3579//3579 3580//3580
f 3579//3579 3578//3578 3581//3581
f 3578//3578 3582//3582 3581//3581
f 3583//3583 3584//3584 3585//3585
f 3583//3583 3585//3585 3586//3586
f 3586//3586 3585//3585 3587//3587
f 3586//3586 3587//3587 3588//3588
f 3589//3589 3590//3590 3591//3591
f 3589//3589 3592//3592 3590//3590
f 3593//3593 3594//3594 3595//3595
f 3593//3593 3596//3596 3594//3594
f 3597//3597 3598//3598 3599//3599
f 3597//3597 3600//3600 3598//3598
f 3601//3601 3602//3602 3603//3603
f 3601//3601 3604//3604 3602//3602
f 3605//3605 3606//3606 3607//3607
f 3605//3605 3608//3608 3606//3606
f 3609//3609 3610//3610 3611//3611
f 3609//3609 3612//3612 3610//3610
f 3613//3613 3614//3614 3615//3615
f 3613//3613 3616//3616 3614//3614
f 3617//3617 3618//3618 3619//3619
f 3618//3618 3620//3620 3619//3619
f 3617//3617 3619//3619 3621//3621
f 3620//3620 3622//3622 3619//3619
f 3623//3623 3617//3617 3621//3621
f 3620//3620 3624//3624 3622//3622
f 3623//3623 3621//3621 3625//3625
f 3624//3624 3626//3626 3622//3622
f 3627//3627 3623//3623 3625//3625
f 3624//3624 3628//3628 3626//3626
f 3627//3627 3625//3625 3629//3629
f 3628//3628 3630//3630 3626//3626
f 3631//3631 3627//3627 3629//3629
f 3628//3628 3632//3632 3630//3630
f 3631//3631 3629//3629 3633//3633
f 3632//3632 3634//3634 3630//3630
f 3635//3635 3631//3631 3633//3633
f 3632//3632 3636//3636 3634//3634
f 3635//3635 3633//3633 3637//3637
f 3636//3636 3638//3638 3634//3634
f 3639//3639 3635//3635 3637//3637
f 3636//3636 3639//3639 3638//3638
f 3639//3639 3637//3637 3638//3638
f 3640//3640 3641//3641 3642//3642
f 3643//3643 3644//3644 3645//3645
f 3646//3646 3647//3647 3644//3644
f 3646//3646 3648//3648 3649//3649
f 3650//3650 3651//3651 3647//3647
f 3652//3652 3653//3653 3651//3651
f 3652//3652 3654//3654 3655//3655
f 3654//3654 3656//3656 3655//3655
f 3657//3657 3658//3658 3659//3659
f 3660//3660 3661//3661 3662//3662
f 3663//3663 3664//3664 3665//3665
f 3666//3666 3665//3665 3667//3667
f 3668//3668 3667//3667 3669//3669
f 3670//3670 3668//3668 3669//3669
f 3671//3671 3672//3672 3673//3673
f 3671//3671 3674//3674 3675//3675
f 3674//3674 3676//3676 3677//3677
f 3678//3678 3679//3679 3676//3676
f 3678//3678 3680//3680 3679//3679
f 3680//3680 3681//3681 3679//3679
f 3682//3682 3683//3683 3681//3681
f 3682//3682 3684//3684 3683//3683
f 3684//3684 3685//3685 3683//3683
f 3686//3686 3687//3687 3685//3685
f 3688//3688 3689//3689 3687//3687
f 3690//3690 3691//3691 3689//3689
f 3692//3692 3693//3693 3694//3694
f 3695//3695 3696//3696 3697//3697
f 3698//3698 3699//3699 3700//3700
f 3701//3701 3702//3702 3703//3703
f 3704//3704 3705//3705 3706//3706
f 3707//3707 3708//3708 3709//3709
f 3710//3710 3711//3711 3712//3712
f 3713//3713 3714//3714 3715//3715
f 3716//3716 3717//3717 3718//3718
f 3719//3719 3720//3720 3717//3717
f 3721//3721 3722//3722 3723//3723
f 3724//3724 3725//3725 3726//3726
f 3727//3727 3728//3728 3729//3729
f 3730//3730 3731//3731 3732//3732
f 3733//3733 3734//3734 3731//3731
f 3735//3735 3736//3736 3734//3734
f 3737//3737 3738//3738 3739//3739
f 3740//3740 3741//3741 3742//3742
f 3743//3743 3744//3744 3745//3745
f 3746//3746 3747//3747 3748//3748
f 3746//3746 3749//3749 3747//3747
f 3749//3749 3750//3750 3751//3751
f 3752//3752 3753//3753 3750//3750
f 3752//3752 3754//3754 3753//3753
f 3754//3754 3755//3755 3753//3753
f 3756//3756 3757//3757 3755//3755
f 3758//3758 3759//3759 3757//3757
f 3760//3760 3761//3761 3759//3759
f 3762//3762 3763//3763 3761//3761
f 3762//3762 3764//3764 3763//3763
f 3764//3764 3765//3765 3763//3763
f 3766//3766 3767//3767 3768//3768
f 3769//3769 3770//3770 3771//3771
f 3772//3772 3773//3773 3774//3774
f 3775//3775 3776//3776 3777//3777
f 3778//3778 3779//3779 3780//3780
f 3781//3781 3782//3782 3783//3783
f 3784//3784 3785//3785 3786//3786
f 3787//3787 3788//3788 3789//3789
f 3790//3790 3791//3791 3792//3792
f 3793//3793 3794//3794 3795//3795
f 3796//3796 3797//3797 3798//3798
f 3799//3799 3800//3800 3801//3801
f 3802//3802 3803//3803 3804//3804
f 3805//3805 3806//3806 3807//3807
f 3808//3808 3809//3809 3810//3810
f 3811//3811 3812//3812 3813//3813
f 3814//3814 3815//3815 3816//3816
f 3817//3817 3818//3818 3819//3819
f 3820//3820 3817//3817 3821//3821
f 3822//3822 3820//3820 3821//3821
f 3822//3822 3821//3821 3823//3823
f 3824//3824 3825//3825 3826//3826
f 3827//3827 3828//3828 3829//3829
f 3830//3830 3831//3831 3832//3832
f 3833//3833 3834//3834 3835//3835
f 3836//3836 3837//3837 3838//3838
f 3839//3839 3840//3840 3841//3841
f 3842//3842 3843//3843 3844//3844
f 3845//3845 3846//3846 3847//3847
f 3848//3848 3849//3849 3850//3850
f 3848//3848 3851//3851 3852//3852
f 3853//3853 3851//3851 3854//3854
f 3855//3855 3856//3856 3857//3857
f 3858//3858 3859//3859 3860//3860
f 3861//3861 3862//3862 3863//3863
f 3864//3864 3865//3865 3866//3866
f 3867//3867 3868//3868 3869//3869
f 3870//3870 3871//3871 3872//3872
f 3873//3873 3874//3874 3875//3875
f 3876//3876 3877//3877 3878//3878
f 3879//3879 3880//3880 3881//3881
f 3882//3882 3883//3883 3884//3884
f 3885//3885 3886//3886 3887//3887
f 3888//3888 3889//3889 3890//3890
f 3891//3891 3892//3892 3893//3893
f 3894//3894 3895//3895 3896//3896
f 3897//3897 3898//3898 3899//3899
f 3900//3900 3901//3901 3902//3902
f 3903//3903 3904//3904 3905//3905
f 3906//3906 3907//3907 3908//3908
f 3909//3909 3910//3910 3911//3911
f 3912//3912 3913//3913 3914//3914
f 3915//3915 3916//3916 3917//3917
f 3918//3918 3919//3919 3920//3920
f 3921//3921 3922//3922 3923//3923
f 3924//3924 3925//3925 3926//3926
f 3927//3927 3928//3928 3929//3929
f 3930//3930 3931//3931 3932//3932
f 3933//3933 3934//3934 3935//3935
f 3936//3936 3937//3937 3938//3938
f 3939//3939 3940//3940 3941//3941
f 3942//3942 3943//3943 3944//3944
f 3945//3945 3946//3946 3947//3947
f 3948//3948 3949//3949 3950//3950
f 3951//3951 3952//3952 3953//3953
f 3954//3954 3955//3955 3956//3956
f 3957//3957 3958//3958 3959//3959
f 3960//3960 3961//3961 3962//3962
f 3963//3963 3964//3964 3965//3965
f 3966//3966 3967//3967 3968//3968
f 3969//3969 3970//3970 3971//3971
f 3972//3972 3973//3973 3974//3974
f 3975//3975 3976//3976 3977//3977
f 3978//3978 3979//3979 3980//3980
f 3981//3981 3980//3980 3982//3982
f 3983//3983 3981//3981 3982//3982
f 3984//3984 3985//3985 3986//3986
f 3987//3987 3988//3988 3989//3989
f 3990//3990 3991//3991 3992//3992
f 3993//3993 3994//3994 3995//3995
f 3996//3996 3997//3997 3998//3998
f 3999//3999 4000//4000 4001//4001
f 4002//4002 4003//4003 4004//4004
f 4005//4005 4006//4006 4007//4007
f 4008//4008 4009//4009 4010//4010
f 4011//4011 4012//4012 4013//4013
f 4014//4014 4015//4015 4016//4016
f 4017//4017 4018//4018 4019//4019
f 4020//4020 4021//4021 4022//4022
f 4023//4023 4024//4024 4025//4025
f 4026//4026 4027//4027 4028//4028
f 4029//4029 4030//4030 4031//4031
f 4032//4032 4033//4033 4034//4034
f 4033//4033 4035//4035 4036//4036
f 4035//4035 4037//4037 4038//4038
f 4037//4037 4039//4039 4040//4040
f 4041//4041 4042//4042 4043//4043
f 4044//4044 4045//4045 4042//4042
f 4046//4046 4047//4047 4045//4045
f 4048//4048 4049//4049 4047//4047
f 4048//4048 4050//4050 4049//4049
f 4051//4051 4052//4052 4053//4053
f 4054//4054 4055//4055 4056//4056
f 4057//4057 4058//4058 4059//4059
f 4060//4060 4061//4061 4062//4062
f 4063//4063 4064//4064 4065//4065
f 4066//4066 4067//4067 4068//4068
f 4069//4069 4070//4070 4071//4071
f 4072//4072 4073//4073 4074//4074
f 4075//4075 4076//4076 4077//4077
f 4078//4078 4079//4079 4080//4080
f 4081//4081 4082//4082 4083//4083
f 4084//4084 4085//4085 4086//4086
f 4087//4087 4088//4088 4089//4089
f 4090//4090 4091//4091 4092//4092
f 4093//4093 4094//4094 4095//4095
f 4096//4096 4097//4097 4098//4098
f 4099//4099 4100//4100 4101//4101
f 4102//4102 4103//4103 4104//4104
f 4105//4105 4106//4106 4107//4107
f 4108//4108 4109//4109 4110//4110
f 4111//4111 4112//4112 4113//4113
f 4114//4114 4115//4115 4116//4116
f 4117//4117 4118//4118 4119//4119
f 4120//4120 4121//4121 4122//4122
f 4123//4123 4124//4124 4125//4125
f 4126//4126 4127//4127 4128//4128
f 4129//4129 4130//4130 4131//4131
f 4132//4132 4133//4133 4134//4134
f 4135//4135 4136//4136 4137//4137
f 4138//4138 4139//4139 4140//4140
f 4141//4141 4142//4142 4143//4143
f 4144//4144 4145//4145 4146//4146
f 4147//4147 4148//4148 4149//4149
f 4150//4150 4151//4151 4152//4152
f 4153//4153 4154//4154 4155//4155
f 4156//4156 4157//4157 4158//4158
f 4159//4159 4160//4160 4161//4161
f 4162//4162 4163//4163 4164//4164
f 4165//4165 4166//4166 4167//4167
f 4168//4168 4169//4169 4170//4170
f 4171//4171 4172//4172 4173//4173
f 4174//4174 4175//4175 4176//4176
f 4177//4177 4178//4178 4179//4179
f 4180//4180 4181//4181 4182//4182
f 4183//4183 4184//4184 4185//4185
f 4186//4186 4187//4187 4188//4188
f 4189//4189 4190//4190 4191//4191
f 4192//4192 4193//4193 4194//4194
f 4195//4195 4196//4196 4197//4197
f 4198//4198 4199//4199 4200//4200
f 4201//4201 4202//4202 4203//4203
f 4204//4204 4205//4205 4206//4206
f 4207//4207 4208//4208 4209//4209
f 4210//4210 4211//4211 4212//4212
f 4213//4213 4214//4214 4215//4215
f 4216//4216 4217//4217 4218//4218
f 4219//4219 4220//4220 4221//4221
f 4222//4222 4223//4223 4224//4224
f 4225//4225 4226//4226 4227//4227
f 4228//4228 4229//4229 4230//4230
f 4231//4231 4232//4232 4233//4233
f 4234//4234 4235//4235 4236//4236
f 4237//4237 4238//4238 4239//4239
f 4240//4240 4241//4241 4242//4242
f 4243//4243 4244//4244 4245//4245
f 4246//4246 4247//4247 4248//4248
f 4249//4249 4250//4250 4251//4251
f 4252//4252 4253//4253 4254//4254
f 4255//4255 4256//4256 4257//4257
f 4257//4257 4258//4258 4255//4255
f 4259//4259 4260//4260 4261//4261
f 4260//4260 4262//4262 4261//4261
f 4262//4262 4263//4263 4261//4261
f 4264//4264 4265//4265 4266//4266
f 4265//4265 4267//4267 4266//4266
f 4268//4268 4269//4269 4270//4270
f 4268//4268 4271//4271 4269//4269
f 4272//4272 4273//4273 4269//4269
f 4272//4272 4274//4274 4273//4273
f 4274//4274 4275//4275 4273//4273
f 4274//4274 4276//4276 4275//4275
f 4276//4276 4277//4277 4275//4275
f 4274//4274 4278//4278 4276//4276
f 4278//4278 4279//4279 4276//4276
f 4278//4278 4280//4280 4279//4279
f 4280//4280 4281//4281 4279//4279
f 4280//4280 4282//4282 4281//4281
f 4282//4282 4283//4283 4281//4281
f 4284//4284 4285//4285 4286//4286
f 4285//4285 4287//4287 4286//4286
f 4288//4288 4289//4289 4290//4290
f 4289//4289 4288//4288 4291//4291
f 4288//4288 4292//4292 4291//4291
f 4293//4293 4294//4294 4295//4295
f 4294//4294 4293//4293 4296//4296
f 4297//4297 4294//4294 4296//4296
f 4298//4298 4299//4299 4300//4300
f 4299//4299 4301//4301 4300//4300
f 4299//4299 4302//4302 4301//4301
f 4302//4302 4303//4303 4301//4301
f 4302//4302 4304//4304 4303//4303
f 4304//4304 4305//4305 4303//4303
f 4304//4304 4306//4306 4305//4305
f 4306//4306 4307//4307 4305//4305
f 4308//4308 4309//4309 4310//4310
f 4309//4309 4311//4311 4310//4310
f 4312//4312 4313//4313 4314//4314
f 4313//4313 4315//4315 4314//4314
f 4313//4313 4316//4316 4315//4315
f 4316//4316 4317//4317 4315//4315
f 4316//4316 4318//4318 4317//4317
f 4318//4318 4319//4319 4317//4317
f 4318//4318 4320//4320 4319//4319
f 4320//4320 4321//4321 4319//4319
f 4322//4322 4323//4323 4324//4324
f 4323//4323 4325//4325 4324//4324
f 4326//4326 4327//4327 4328//4328
f 4326//4326 4329//4329 4327//4327
f 4326//4326 4330//4330 4329//4329
f 4330//4330 4331//4331 4329//4329
f 4332//4332 4333//4333 4334//4334
f 4332//4332 4335//4335 4333//4333
f 4335//4335 4336//4336 4333//4333
f 4335//4335 4337//4337 4336//4336
f 4337//4337 4335//4335 4338//4338
f 4335//4335 4339//4339 4338//4338
f 4339//4339 4340//4340 4338//4338
f 4340//4340 4341//4341 4338//4338
f 4340//4340 4342//4342 4341//4341
f 4342//4342 4340//4340 4343//4343
f 4340//4340 4344//4344 4343//4343
f 4344//4344 4345//4345 4343//4343
f 4346//4346 4347//4347 4348//4348
f 4347//4347 4349//4349 4348//4348
f 4350//4350 4351//4351 4352//4352
f 4351//4351 4353//4353 4352//4352
f 4354//4354 4355//4355 4356//4356
f 4354//4354 4357//4357 4355//4355
f 4358//4358 4359//4359 4360//4360
f 4358//4358 4361//4361 4359//4359
f 4362//4362 4363//4363 4364//4364
f 4362//4362 4364//4364 4365//4365
f 4366//4366 4362//4362 4365//4365
f 4365//4365 4367//4367 4366//4366
f 4367//4367 4368//4368 4366//4366
f 4367//4367 4369//4369 4368//4368
f 4369//4369 4370//4370 4368//4368
f 4371//4371 4372//4372 4364//4364
f 4372//4372 4373//4373 4364//4364
f 4372//4372 4374//4374 4373//4373
f 4374//4374 4375//4375 4373//4373
f 4376//4376 4377//4377 4378//4378
f 4379//4379 4376//4376 4378//4378
f 4378//4378 4380//4380 4379//4379
f 4380//4380 4381//4381 4379//4379
f 4380//4380 4382//4382 4381//4381
f 4382//4382 4383//4383 4381//4381
f 4382//4382 4384//4384 4385//4385
f 4384//4384 4382//4382 4386//4386
f 4384//4384 4386//4386 4387//4387
f 4387//4387 4386//4386 4388//4388
f 4389//4389 4390//4390 4391//4391
f 4391//4391 4390//4390 4392//4392
f 4393//4393 4394//4394 4395//4395
f 4394//4394 4396//4396 4395//4395
f 4394//4394 4397//4397 4396//4396
f 4398//4398 4399//4399 4400//4400
f 4398//4398 4401//4401 4399//4399
f 4401//4401 4398//4398 4402//4402
f 4403//4403 4404//4404 4405//4405
f 4403//4403 4406//4406 4404//4404
f 4406//4406 4407//4407 4404//4404
f 4408//4408 4409//4409 4410//4410
f 4409//4409 4411//4411 4410//4410
f 4412//4412 4413//4413 4414//4414
f 4413//4413 4415//4415 4414//4414
f 4416//4416 4413//4413 4417//4417
f 4418//4418 4416//4416 4417//4417
f 4419//4419 4420//4420 4421//4421
f 4420//4420 4422//4422 4421//4421
f 4420//4420 4423//4423 4422//4422
f 4423//4423 4424//4424 4422//4422
f 4423//4423 4425//4425 4424//4424
f 4426//4426 4427//4427 4428//4428
f 4426//4426 4429//4429 4427//4427
f 4429//4429 4430//4430 4427//4427
f 4431//4431 4430//4430 4432//4432
f 4431//4431 4432//4432 4433//4433
f 4434//4434 4431//4431 4433//4433
f 4434//4434 4433//4433 4435//4435
f 4436//4436 4437//4437 4432//4432
f 4436//4436 4438//4438 4437//4437
f 4439//4439 4433//4433 4440//4440
f 4441//4441 4439//4439 4440//4440
f 4442//4442 4435//4435 4443//4443
f 4442//4442 4444//4444 4435//4435
f 4445//4445 4446//4446 4447//4447
f 4446//4446 4448//4448 4447//4447
f 4446//4446 4449//4449 4448//4448
f 4450//4450 4451//4451 4452//4452
f 4451//4451 4453//4453 4452//4452
f 4451//4451 4454//4454 4453//4453
f 4454//4454 4455//4455 4453//4453
f 4456//4456 4457//4457 4458//4458
f 4457//4457 4459//4459 4458//4458
f 4460//4460 4461//4461 4462//4462
f 4461//4461 4463//4463 4462//4462
f 4464//4464 4465//4465 4466//4466
f 4465//4465 4467//4467 4466//4466
f 4468//4468 4469//4469 4470//4470
f 4471//4471 4472//4472 4473//4473
f 4474//4474 4475//4475 4476//4476
f 4477//4477 4478//4478 4479//4479
f 4480//4480 4481//4481 4482//4482
f 4483//4483 4484//4484 4485//4485
f 4486//4486 4487//4487 4488//4488
f 4489//4489 4490//4490 4491//4491
f 4492//4492 4493//4493 4494//4494
f 4495//4495 4496//4496 4497//4497
f 4498//4498 4499//4499 4500//4500
f 4501//4501 4502//4502 4503//4503
f 4504//4504 4505//4505 4506//4506
f 4507//4507 4508//4508 4509//4509
f 4510//4510 4511//4511 4512//4512
f 4513//4513 4514//4514 4515//4515
f 4516//4516 4517//4517 4518//4518
f 4519//4519 4520//4520 4521//4521
f 4522//4522 4523//4523 4524//4524
f 4525//4525 4526//4526 4527//4527
f 4528//4528 4529//4529 4530//4530
f 4531//4531 4532//4532 4533//4533
f 4534//4534 4535//4535 4536//4536
f 4537//4537 4538//4538 4539//4539
f 4540//4540 4541//4541 4542//4542
f 4543//4543 4544//4544 4545//4545
f 4546//4546 4547//4547 4548//4548
f 4549//4549 4550//4550 4551//4551
f 4552//4552 4553//4553 4554//4554
f 4555//4555 4556//4556 4557//4557
f 4558//4558 4559//4559 4560//4560
f 4561//4561 4562//4562 4563//4563
f 4562//4562 4564//4564 4565//4565
f 4564//4564 4566//4566 4565//4565
f 4566//4566 4567//4567 4568//4568
f 4567//4567 4569//4569 4568//4568
f 4567//4567 4570//4570 4569//4569
f 4570//4570 4571//4571 4569//4569
f 4570//4570 4572//4572 4571//4571
f 4573//4573 4574//4574 4575//4575
f 4576//4576 4573//4573 4577//4577
f 4573//4573 4578//4578 4577//4577
f 4579//4579 4580//4580 4581//4581
f 4582//4582 4583//4583 4584//4584
f 4585//4585 4586//4586 4587//4587
f 4588//4588 4589//4589 4590//4590
f 4591//4591 4592//4592 4593//4593
f 4594//4594 4595//4595 4596//4596
f 4597//4597 4598//4598 4599//4599
f 4600//4600 4601//4601 4602//4602
f 4603//4603 4604//4604 4605//4605
f 4606//4606 4607//4607 4608//4608
f 4609//4609 4610//4610 4611//4611
f 4612//4612 4613//4613 4614//4614
f 4615//4615 4616//4616 4617//4617
f 4618//4618 4619//4619 4620//4620
f 4621//4621 4622//4622 4623//4623
f 4624//4624 4625//4625 4626//4626
f 4627//4627 4628//4628 4629//4629
f 4630//4630 4631//4631 4632//4632
f 4633//4633 4634//4634 4635//4635
f 4636//4636 4637//4637 4638//4638
f 4639//4639 4640//4640 4641//4641
f 4642//4642 4643//4643 4644//4644
f 4645//4645 4646//4646 4647//4647
f 4648//4648 4649//4649 4650//4650
f 4651//4651 4652//4652 4653//4653
f 4654//4654 4655//4655 4656//4656
f 4657//4657 4658//4658 4659//4659
f 4660//4660 4661//4661 4662//4662
f 4663//4663 4664//4664 4665//4665
f 4666//4666 4667//4667 4668//4668
f 4669//4669 4670//4670 4671//4671
f 4672//4672 4673//4673 4674//4674
f 4675//4675 4676//4676 4677//4677
f 4678//4678 4679//4679 4680//4680
f 4681//4681 4682//4682 4683//4683
f 4684//4684 4685//4685 4686//4686
f 4687//4687 4688//4688 4689//4689
f 4690//4690 4691//4691 4692//4692
f 4693//4693 4694//4694 4695//4695
f 4696//4696 4697//4697 4698//4698
f 4699//4699 4700//4700 4701//4701
f 4702//4702 4703//4703 4704//4704
f 4705//4705 4706//4706 4707//4707
f 4708//4708 4709//4709 4710//4710
f 4711//4711 4712//4712 4713//4713
f 4714//4714 4715//4715 4716//4716
f 4717//4717 4718//4718 4719//4719
f 4720//4720 4721//4721 4722//4722
f 4723//4723 4724//4724 4725//4725
f 4726//4726 4727//4727 4728//4728
f 4729//4729 4730//4730 4731//4731
f 4732//4732 4733//4733 4734//4734
f 4735//4735 4736//4736 4737//4737
f 4738//4738 4739//4739 4740//4740
f 4741//4741 4742//4742 4743//4743
f 4744//4744 4745//4745 4746//4746
f 4747//4747 4748//4748 4749//4749
f 4750//4750 4751//4751 4752//4752
f 4750//4750 4753//4753 4754//4754
f 4755//4755 4753//4753 4750//4750
f 4755//4755 4750//4750 4756//4756
f 4757//4757 4755//4755 4758//4758
f 4759//4759 4750//4750 4760//4760
f 4759//4759 4760//4760 4761//4761
f 4761//4761 4762//4762 4759//4759
f 4762//4762 4761//4761 4763//4763
f 4764//4764 4762//4762 4763//4763
f 4764//4764 4765//4765 4762//4762
f 4765//4765 4766//4766 4762//4762
f 4765//4765 4767//4767 4766//4766
f 4767//4767 4768//4768 4769//4769
f 4770//4770 4771//4771 4768//4768
f 4771//4771 4772//4772 4773//4773
f 4774//4774 4775//4775 4773//4773
f 4776//4776 4777//4777 4778//4778
f 4779//4779 4778//4778 4780//4780
f 4781//4781 4779//4779 4780//4780
f 4781//4781 4780//4780 4782//4782
f 4780//4780 4783//4783 4782//4782
f 4783//4783 4780//4780 4784//4784
f 4785//4785 4784//4784 4786//4786
f 4785//4785 4787//4787 4784//4784
f 4788//4788 4789//4789 4790//4790
f 4791//4791 4792//4792 4793//4793
f 4794//4794 4795//4795 4796//4796
f 4797//4797 4798//4798 4799//4799
f 4800//4800 4801//4801 4802//4802
f 4803//4803 4804//4804 4805//4805
f 4806//4806 4807//4807 4808//4808
f 4809//4809 4810//4810 4811//4811
f 4812//4812 4813//4813 4814//4814
f 4815//4815 4816//4816 4817//4817
f 4818//4818 4819//4819 4820//4820
f 4821//4821 4822//4822 4823//4823
f 4824//4824 4825//4825 4826//4826
f 4827//4827 4828//4828 4829//4829
f 4830//4830 4831//4831 4832//4832
f 4833//4833 4834//4834 4835//4835
f 4836//4836 4837//4837 4838//4838
f 4839//4839 4840//4840 4841//4841
f 4842//4842 4843//4843 4844//4844
f 4845//4845 4846//4846 4844//4844
f 4847//4847 4848//4848 4846//4846
f 4849//4849 4847//4847 4850//4850
f 4847//4847 4849//4849 4851//4851
f 4852//4852 4844//4844 4853//4853
f 4853//4853 4854//4854 4852//4852
f 4854//4854 4853//4853 4855//4855
f 4848//4848 4856//4856 4853//4853
f 4856//4856 4851//4851 4857//4857
f 4856//4856 4857//4857 4853//4853
f 4857//4857 4858//4858 4859//4859
f 4853//4853 4860//4860 4861//4861
f 4860//4860 4862//4862 4863//4863
f 4864//4864 4865//4865 4866//4866
f 4864//4864 4866//4866 4867//4867
f 4868//4868 4864//4864 4867//4867
f 4867//4867 4869//4869 4868//4868
f 4870//4870 4871//4871 4872//4872
f 4871//4871 4873//4873 4872//4872
f 4874//4874 4875//4875 4876//4876
f 4875//4875 4877//4877 4876//4876
f 4878//4878 4879//4879 4880//4880
f 4879//4879 4881//4881 4880//4880
f 4882//4882 4883//4883 4884//4884
f 4883//4883 4885//4885 4884//4884
f 4886//4886 4887//4887 4888//4888
f 4887//4887 4889//4889 4888//4888
f 4890//4890 4891//4891 4892//4892
f 4891//4891 4893//4893 4892//4892
f 4894//4894 4895//4895 4896//4896
f 4895//4895 4897//4897 4896//4896
f 4898//4898 4899//4899 4900//4900
f 4899//4899 4901//4901 4900//4900
f 4902//4902 4903//4903 4904//4904
f 4903//4903 4905//4905 4904//4904
f 4906//4906 4907//4907 4908//4908
f 4909//4909 4910//4910 4911//4911
f 4912//4912 4913//4913 4914//4914
f 4915//4915 4916//4916 4917//4917
f 4918//4918 4919//4919 4920//4920
f 4921//4921 4922//4922 4923//4923
f 4924//4924 4925//4925 4926//4926
f 4927//4927 4926//4926 4928//4928
f 4929//4929 4927//4927 4928//4928
f 4929//4929 4928//4928 4930//4930
f 4931//4931 4929//4929 4930//4930
f 4931//4931 4930//4930 4932//4932
f 4933//4933 4931//4931 4932//4932
f 4934//4934 4935//4935 4936//4936
f 4937//4937 4938//4938 4939//4939
f 4940//4940 4937//4937 4941//4941
f 4940//4940 4941//4941 4942//4942
f 4943//4943 4940//4940 4942//4942
f 4943//4943 4942//4942 4944//4944
f 4945//4945 4943//4943 4944//4944
f 4945//4945 4944//4944 4946//4946
f 4947//4947 4945//4945 4946//4946
f 4947//4947 4946//4946 4948//4948
f 4949//4949 4947//4947 4948//4948
f 4950//4950 4951//4951 4952//4952
f 4953//4953 4954//4954 4955//4955
f 4956//4956 4957//4957 4958//4958
f 4959//4959 4960//4960 4961//4961
f 4962//4962 4963//4963 4964//4964
f 4965//4965 4966//4966 4967//4967
f 4966//4966 4968//4968 4969//4969
f 4968//4968 4970//4970 4969//4969
f 4968//4968 4971//4971 4970//4970
f 4971//4971 4972//4972 4970//4970
f 4971//4971 4973//4973 4972//4972
f 4973//4973 4974//4974 4972//4972
f 4975//4975 4976//4976 4974//4974
f 4977//4977 4978//4978 4979//4979
f 4980//4980 4981//4981 4982//4982
f 4983//4983 4984//4984 4985//4985
f 4986//4986 4987//4987 4988//4988
f 4987//4987 4989//4989 4988//4988
f 4990//4990 4991//4991 4992//4992
f 4990//4990 4992//4992 4993//4993
f 4993//4993 4994//4994 4990//4990
f 4994//4994 4993//4993 4995//4995
f 4994//4994 4996//4996 4990//4990
f 4993//4993 4997//4997 4995//4995
f 4996//4996 4998//4998 4990//4990
f 4993//4993 4999//4999 4997//4997
f 4996//4996 5000//5000 4998//4998
f 5000//5000 5001//5001 4998//4998
f 5000//5000 5002//5002 5001//5001
f 5002//5002 5000//5000 5003//5003
f 4999//4999 5004//5004 4997//4997
f 5004//5004 4999//4999 5005//5005
f 4999//4999 5006//5006 5005//5005
f 4999//4999 5007//5007 5006//5006
f 5008//5008 5009//5009 5010//5010
f 5009//5009 5011//5011 5010//5010
f 5012//5012 5013//5013 5014//5014
f 5015//5015 5012//5012 5014//5014
f 5016//5016 5015//5015 5014//5014
f 5015//5015 5016//5016 5017//5017
f 5018//5018 5016//5016 5014//5014
f 5015//5015 5017//5017 5019//5019
f 5018//5018 5014//5014 5020//5020
f 5021//5021 5015//5015 5019//5019
f 5022//5022 5018//5018 5020//5020
f 5023//5023 5021//5021 5019//5019
f 5022//5022 5020//5020 5024//5024
f 5020//5020 5025//5025 5024//5024
f 5025//5025 5026//5026 5024//5024
f 5026//5026 5027//5027 5024//5024
f 5027//5027 5028//5028 5024//5024
f 5022//5022 5024//5024 5029//5029
f 5030//5030 5022//5022 5029//5029
f 5031//5031 5030//5030 5029//5029
f 5031//5031 5029//5029 5032//5032
f 5033//5033 5031//5031 5032//5032
f 5023//5023 5033//5033 5032//5032
f 5023//5023 5032//5032 5034//5034
f 5021//5021 5023//5023 5034//5034
f 5035//5035 5021//5021 5034//5034
f 5021//5021 5035//5035 5036//5036
f 5021//5021 5036//5036 5037//5037
f 5038//5038 5021//5021 5037//5037
f 5039//5039 5040//5040 5041//5041
f 5042//5042 5039//5039 5041//5041
f 5042//5042 5041//5041 5043//5043
f 5044//5044 5042//5042 5043//5043
f 5044//5044 5043//5043 5045//5045
f 5046//5046 5044//5044 5045//5045
f 5046//5046 5045//5045 5047//5047
f 5048//5048 5046//5046 5047//5047
f 5048//5048 5047//5047 5049//5049
f 5050//5050 5048//5048 5049//5049
f 5050//5050 5049//5049 5051//5051
f 5052//5052 5050//5050 5051//5051
f 5052//5052 5051//5051 5053//5053
f 5054//5054 5052//5052 5053//5053
f 5054//5054 5053//5053 5055//5055
f 5056//5056 5054//5054 5055//5055
f 5056//5056 5055//5055 5057//5057
f 5058//5058 5056//5056 5057//5057
f 5059//5059 5060//5060 5061//5061
f 5060//5060 5062//5062 5061//5061
f 5063//5063 5064//5064 5065//5065
f 5064//5064 5066//5066 5065//5065
f 5067//5067 5068//5068 5069//5069
f 5070//5070 5067//5067 5069//5069
f 5070//5070 5069//5069 5071//5071
f 5072//5072 5070//5070 5071//5071
f 5072//5072 5071//5071 5073//5073
f 5074//5074 5072//5072 5073//5073
f 5074//5074 5073//5073 5075//5075
f 5076//5076 5074//5074 5075//5075
f 5076//5076 5075//5075 5077//5077
f 5078//5078 5076//5076 5077//5077
f 5078//5078 5077//5077 5079//5079
f 5080//5080 5078//5078 5079//5079
f 5080//5080 5079//5079 5081//5081
f 5082//5082 5080//5080 5081//5081
f 5082//5082 5081//5081 5083//5083
f 5084//5084 5082//5082 5083//5083
f 5084//5084 5083//5083 5085//5085
f 5086//5086 5084//5084 5085//5085
f 5087//5087 5088//5088 5089//5089
f 5088//5088 5090//5090 5089//5089
f 5088//5088 5091//5091 5090//5090
f 5091//5091 5092//5092 5090//5090
f 5093//5093 5094//5094 5095//5095
f 5094//5094 5096//5096 5095//5095
f 5094//5094 5097//5097 5096//5096
f 5097//5097 5098//5098 5096//5096
f 5097//5097 5099//5099 5098//5098
f 5099//5099 5100//5100 5098//5098
f 5101//5101 5102//5102 5103//5103
f 5102//5102 5104//5104 5103//5103
f 5104//5104 5105//5105 5103//5103
f 5104//5104 5106//5106 5105//5105
f 5107//5107 5108//5108 5109//5109
f 5108//5108 5110//5110 5109//5109
f 5111//5111 5112//5112 5113//5113
f 5114//5114 5111//5111 5113//5113
f 5114//5114 5113//5113 5115//5115
f 5116//5116 5114//5114 5115//5115
f 5116//5116 5115//5115 5117//5117
f 5118//5118 5116//5116 5117//5117
f 5118//5118 5117//5117 5119//5119
f 5120//5120 5118//5118 5119//5119
f 5120//5120 5119//5119 5121//5121
f 5122//5122 5120//5120 5121//5121
f 5122//5122 5121//5121 5123//5123
f 5124//5124 5122//5122 5123//5123
f 5124//5124 5123//5123 5125//5125
f 5126//5126 5124//5124 5125//5125
f 5126//5126 5125//5125 5127//5127
f 5128//5128 5126//5126 5127//5127
f 5128//5128 5127//5127 5129//5129
f 5130//5130 5128//5128 5129//5129
f 5131//5131 5132//5132 5133//5133
f 5132//5132 5134//5134 5133//5133
f 5135//5135 5136//5136 5137//5137
f 5136//5136 5138//5138 5137//5137
f 5136//5136 5139//5139 5138//5138
f 5139//5139 5140//5140 5138//5138
f 5139//5139 5141//5141 5140//5140
f 5141//5141 5142//5142 5140//5140
f 5141//5141 5143//5143 5142//5142
f 5143//5143 5144//5144 5142//5142
f 5145//5145 5146//5146 5147//5147
f 5147//5147 5148//5148 5145//5145
f 5147//5147 5149//5149 5148//5148
f 5148//5148 5150//5150 5145//5145
f 5151//5151 5149//5149 5147//5147
f 5150//5150 5152//5152 5145//5145
f 5151//5151 5147//5147 5153//5153
f 5150//5150 5154//5154 5152//5152
f 5155//5155 5151//5151 5153//5153
f 5154//5154 5156//5156 5152//5152
f 5154//5154 5157//5157 5156//5156
f 5157//5157 5154//5154 5158//5158
f 5157//5157 5158//5158 5159//5159
f 5156//5156 5160//5160 5152//5152
f 5160//5160 5161//5161 5152//5152
f 5160//5160 5162//5162 5161//5161
f 5162//5162 5160//5160 5163//5163
f 5164//5164 5157//5157 5159//5159
f 5164//5164 5159//5159 5165//5165
f 5164//5164 5165//5165 5155//5155
f 5166//5166 5164//5164 5155//5155
f 5155//5155 5153//5153 5166//5166
f 5153//5153 5167//5167 5166//5166
f 5167//5167 5153//5153 5168//5168
f 5153//5153 5169//5169 5168//5168
f 5153//5153 5170//5170 5169//5169
f 5171//5171 5172//5172 5173//5173
f 5172//5172 5174//5174 5173//5173
f 5172//5172 5175//5175 5174//5174
f 5175//5175 5176//5176 5174//5174
f 5177//5177 5178//5178 5179//5179
f 5178//5178 5180//5180 5179//5179
f 5178//5178 5181//5181 5180//5180
f 5181//5181 5182//5182 5180//5180
f 5181//5181 5183//5183 5182//5182
f 5183//5183 5184//5184 5182//5182
f 5185//5185 5186//5186 5187//5187
f 5186//5186 5188//5188 5187//5187
f 5188//5188 5189//5189 5187//5187
f 5188//5188 5190//5190 5189//5189
f 5191//5191 5192//5192 5193//5193
f 5192//5192 5194//5194 5193//5193
f 5195//5195 5196//5196 5197//5197
f 5196//5196 5198//5198 5197//5197
f 5196//5196 5199//5199 5198//5198
f 5199//5199 5200//5200 5198//5198
f 5199//5199 5201//5201 5200//5200
f 5201//5201 5202//5202 5200//5200
f 5201//5201 5203//5203 5202//5202
f 5203//5203 5204//5204 5202//5202
f 5205//5205 5206//5206 5207//5207
f 5206//5206 5208//5208 5207//5207
f 5206//5206 5209//5209 5208//5208
f 5209//5209 5210//5210 5208//5208
f 5209//5209 5211//5211 5210//5210
f 5211//5211 5212//5212 5210//5210
f 5211//5211 5213//5213 5212//5212
f 5213//5213 5214//5214 5212//5212
f 5215//5215 5216//5216 5217//5217
f 5215//5215 5217//5217 5218//5218
f 5215//5215 5218//5218 5219//5219
f 5215//5215 5219//5219 5220//5220
f 5217//5217 5221//5221 5218//5218
f 5222//5222 5215//5215 5220//5220
f 5217//5217 5223//5223 5221//5221
f 5222//5222 5220//5220 5224//5224
f 5222//5222 5224//5224 5225//5225
f 5222//5222 5225//5225 5226//5226
f 5227//5227 5222//5222 5226//5226
f 5223//5223 5228//5228 5221//5221
f 5228//5228 5229//5229 5221//5221
f 5229//5229 5230//5230 5221//5221
f 5230//5230 5231//5231 5221//5221
f 5232//5232 5233//5233 5234//5234
f 5232//5232 5234//5234 5235//5235
f 5233//5233 5232//5232 5236//5236
f 5237//5237 5232//5232 5235//5235
f 5232//5232 5238//5238 5236//5236
f 5238//5238 5239//5239 5236//5236
f 5238//5238 5240//5240 5239//5239
f 5238//5238 5241//5241 5240//5240
f 5242//5242 5237//5237 5235//5235
f 5241//5241 5243//5243 5240//5240
f 5241//5241 5244//5244 5243//5243
f 5244//5244 5245//5245 5243//5243
f 5245//5245 5246//5246 5243//5243
f 5245//5245 5247//5247 5246//5246
f 5247//5247 5242//5242 5246//5246
f 5247//5247 5248//5248 5242//5242
f 5248//5248 5249//5249 5242//5242
f 5249//5249 5237//5237 5242//5242
f 5249//5249 5250//5250 5237//5237
f 5250//5250 5251//5251 5237//5237
f 5251//5251 5241//5241 5237//5237
f 5252//5252 5244//5244 5241//5241
f 5251//5251 5253//5253 5241//5241
f 5253//5253 5252//5252 5241//5241
f 5254//5254 5255//5255 5256//5256
f 5255//5255 5257//5257 5256//5256
f 5255//5255 5254//5254 5258//5258
f 5254//5254 5259//5259 5258//5258
f 5259//5259 5260//5260 5258//5258
f 5260//5260 5261//5261 5258//5258
f 5260//5260 5262//5262 5261//5261
f 5262//5262 5263//5263 5261//5261
f 5255//5255 5258//5258 5264//5264
f 5262//5262 5265//5265 5263//5263
f 5255//5255 5266//5266 5257//5257
f 5265//5265 5266//5266 5263//5263
f 5267//5267 5255//5255 5264//5264
f 5266//5266 5268//5268 5257//5257
f 5265//5265 5269//5269 5266//5266
f 5266//5266 5269//5269 5268//5268
f 5263//5263 5266//5266 5270//5270
f 5271//5271 5267//5267 5264//5264
f 5267//5267 5271//5271 5272//5272
f 5267//5267 5272//5272 5273//5273
f 5266//5266 5274//5274 5270//5270
f 5274//5274 5267//5267 5273//5273
f 5274//5274 5275//5275 5270//5270
f 5274//5274 5273//5273 5275//5275
